batch,cell_id,checkpoint_sha256,commit,composed_true_to_learned_kl_mean,composed_true_to_learned_w1_mean,dataset_seed,device,diffusion,dimension,ess_threshold,family,final_ess_fraction,groups,initialization,integrability_certificate,kind,ks_mean,mean_absolute_error,method,minimum_ess_fraction,parameter_prediction_seconds,particles,peak_gpu_bytes,positive_mass_error,recorded_ks_mean,recorded_mean_absolute_error,recorded_positive_mass_error,recorded_variance_relative_error,recorded_w1_mean,relative_path,resampling_count,sampling,score_evaluations,seconds,seed,status,steps,training_seed,true_ks_mean,true_mean_absolute_error,true_positive_mass_error,true_variance_relative_error,true_w1_mean,u_max,variance_relative_error,w1_mean
4,0,ce9344dce5f56b4cda176bcdb36371f48911618aa600da1465617419b4995b69,4b74724c4225fcfe043fdd749fb740fff4cf33c8,0.0008171741636322943,0.007880182188503376,0,cuda,1.0,1,0.5,learned_mixture,0.8278914967670759,16,standard normal at finite u_max,finite,learned,0.008202627378051996,0.0032675245355336946,full,0.4165664076340674,2.128564417362213,32768,43918848,0.003443453991461034,0.008202697283548499,0.0032675245355336946,0.00344346875996957,0.023045601856591436,0.003550356681530947,learned/task_000/cell_0000,10,with_replacement,268435456,0.5863851755857468,100000,completed,512,0,0.01666326252364564,0.004612657652972196,0.0019072372084817067,0.02495819053819337,0.006274698843674733,20.0,0.023045601856591214,0.003550922200703403
4,40,ce9344dce5f56b4cda176bcdb36371f48911618aa600da1465617419b4995b69,4b74724c4225fcfe043fdd749fb740fff4cf33c8,0.0016512152820836073,0.01161702053048948,1,cuda,1.0,1,0.5,learned_mixture,0.9575510716431579,16,standard normal at finite u_max,finite,learned,0.03690756786944538,0.016200813180527462,full,0.3875226356504876,0.0049200281500816345,32768,43918848,1.408322705676035e-06,0.036907521818916655,0.01620081318052713,1.4083266512976422e-06,0.03925974085544337,0.016228520593531026,learned/task_000/cell_0040,12,with_replacement,268435456,0.5797946751117706,100001,completed,512,0,0.014542561733442538,0.00458379265003539,1.7465871279265244e-06,0.03186642627148739,0.005279228911010768,20.0,0.03925974085544315,0.01622881743796949
4,80,ce9344dce5f56b4cda176bcdb36371f48911618aa600da1465617419b4995b69,4b74724c4225fcfe043fdd749fb740fff4cf33c8,0.00012606658824418186,0.003226943742708743,2,cuda,1.0,1,0.5,learned_mixture,0.7956930186842289,16,standard normal at finite u_max,finite,learned,0.04230204831220291,0.02062672726886078,full,0.44408695178295343,0.005101144313812256,32768,43918848,0.01620204921329868,0.04230202599791444,0.02062672726886089,0.016202082722390904,0.006378845392099208,0.020810131567908393,learned/task_000/cell_0080,8,with_replacement,268435456,0.5798352248966694,100002,completed,512,0,0.048416018227227076,0.023853412497377158,0.019221912412854064,0.009513164904664473,0.024029923795758083,20.0,0.006378845392099652,0.020810823439992125
4,120,ce9344dce5f56b4cda176bcdb36371f48911618aa600da1465617419b4995b69,4b74724c4225fcfe043fdd749fb740fff4cf33c8,9.986801702198109e-05,0.0032971395256144328,3,cuda,1.0,1,0.5,learned_mixture,0.5474050443545441,16,standard normal at finite u_max,finite,learned,0.04414019685422732,0.02724344707046833,full,0.43082903984471815,0.004894014447927475,32768,43918848,2.8637123672403675e-08,0.04414020048831302,0.027243447070467663,2.8637255455876698e-08,0.030743399496413026,0.02732939781975474,learned/task_000/cell_0120,10,with_replacement,268435456,0.5811260417103767,100003,completed,512,0,0.03810819850368896,0.023946307544853385,2.696830181392329e-08,0.03245248643971266,0.02403795241889622,20.0,0.030743399496412027,0.02732875198060805
4,160,ce9344dce5f56b4cda176bcdb36371f48911618aa600da1465617419b4995b69,4b74724c4225fcfe043fdd749fb740fff4cf33c8,0.0005352084578247596,0.006672137013516965,4,cuda,1.0,1,0.5,learned_mixture,0.998917613049541,16,standard normal at finite u_max,finite,learned,0.016301191958469047,0.00128263445621128,full,0.4099766752693441,0.00487494096159935,32768,43918848,0.0018090492200857344,0.016301283253307236,0.0012826344562112506,0.0018090523449207918,0.11071527071345943,0.008949966550314265,learned/task_000/cell_0160,10,with_replacement,268435456,0.5857841968536377,100004,completed,512,0,0.026086200447188207,0.007954771469728892,0.0147353796159847,0.11875649805155097,0.011727514655558286,20.0,0.11071527071345999,0.008949945938451227
4,200,642c9ac8b37cc879a46c5dc332c9d99eb4ae9d0bd2c4b38a1ce3bbe1af22951a,4b74724c4225fcfe043fdd749fb740fff4cf33c8,2.844010151597788e-05,0.0011679797502674278,0,cuda,1.0,1,0.5,learned_mixture,0.7203250343224241,16,standard normal at finite u_max,finite,learned,0.030893007476631817,0.011315353408885231,full,0.4085054170176843,0.004901424050331116,32768,43918848,0.0010470793776696276,0.030893029314954967,0.011315353408885176,0.001047093424260303,0.03363355161213133,0.011994738520347938,learned/task_000/cell_0200,9,with_replacement,268435456,0.5772918872535229,101000,completed,512,1,0.02821287774140968,0.01024332429660485,0.0006055711290661771,0.02684037632489311,0.01088141119798216,20.0,0.03363355161213133,0.011993745083611434
4,240,642c9ac8b37cc879a46c5dc332c9d99eb4ae9d0bd2c4b38a1ce3bbe1af22951a,4b74724c4225fcfe043fdd749fb740fff4cf33c8,2.4921865625736506e-05,0.001357100382033677,1,cuda,1.0,1,0.5,learned_mixture,0.9065703981637434,16,standard normal at finite u_max,finite,learned,0.053683208331405496,0.025381741961564064,full,0.4477113981712451,0.004910387098789215,32768,43918848,1.8766097739097987e-06,0.05368326503504767,0.025381741961564508,1.8766149152416034e-06,0.11755768795270727,0.025771674658456704,learned/task_000/cell_0240,10,with_replacement,268435456,0.5764479115605354,101001,completed,512,1,0.05655051629309865,0.02673161252267986,1.7465871279265244e-06,0.11690708967466878,0.027083173136539056,20.0,0.11755768795270727,0.0257703390939278
4,280,642c9ac8b37cc879a46c5dc332c9d99eb4ae9d0bd2c4b38a1ce3bbe1af22951a,4b74724c4225fcfe043fdd749fb740fff4cf33c8,0.001157580044308242,0.009973517081374476,2,cuda,1.0,1,0.5,learned_mixture,0.9979040208109254,16,standard normal at finite u_max,finite,learned,0.034345799793844445,0.017739830873692852,full,0.4356598298421745,0.004870668053627014,32768,43918848,0.026639929978725246,0.0343458653881028,0.017739830873692908,0.02663996269223136,0.091335772752687,0.01775766975335325,learned/task_000/cell_0280,8,with_replacement,268435456,0.5784092545509338,101002,completed,512,1,0.052302632906888635,0.02771334795506536,0.034338367311726375,0.08803849691149768,0.02772483298668492,20.0,0.09133577275268767,0.017757659495545374
4,320,642c9ac8b37cc879a46c5dc332c9d99eb4ae9d0bd2c4b38a1ce3bbe1af22951a,4b74724c4225fcfe043fdd749fb740fff4cf33c8,0.0013892843987064675,0.012532149162022515,3,cuda,1.0,1,0.5,learned_mixture,0.6619002237966813,16,standard normal at finite u_max,finite,learned,0.04639978109265652,0.026874654895037597,full,0.44156422980674515,0.004857707768678665,32768,43918848,2.8719018940748242e-08,0.04639980106343522,0.02687465489503782,2.8719149280931333e-08,0.06057258966546164,0.026970610585817,learned/task_000/cell_0320,10,with_replacement,268435456,0.5800318941473961,101003,completed,512,1,0.06600260600116392,0.039406801854478424,2.696830181392329e-08,0.04830968930909918,0.0394709559939693,20.0,0.06057258966546197,0.02697215320973321
4,360,642c9ac8b37cc879a46c5dc332c9d99eb4ae9d0bd2c4b38a1ce3bbe1af22951a,4b74724c4225fcfe043fdd749fb740fff4cf33c8,0.00031463144343195706,0.005149356238079656,4,cuda,1.0,1,0.5,learned_mixture,0.661689650374102,16,standard normal at finite u_max,finite,learned,0.027054169144101525,0.013270105084140293,full,0.4409205287135774,0.00481773167848587,32768,43918848,0.02598947729408363,0.02705416034822361,0.013270105084140307,0.025989477772182856,0.03037695061214496,0.013413894268902249,learned/task_000/cell_0360,8,with_replacement,268435456,0.5748841278254986,101004,completed,512,1,0.03725342931867692,0.018419461322216887,0.03616205672906114,0.0357833006421564,0.018533316673391906,20.0,0.03037695061214496,0.01341281534777261
4,400,4ad56f1f2de8ac7e99a997dc798fcc9a82d5e41bcaa01483fa8161ba24fa2737,4b74724c4225fcfe043fdd749fb740fff4cf33c8,9.210115215570896e-05,0.002181232325825704,0,cuda,1.0,1,0.5,learned_mixture,0.7263869500842343,16,standard normal at finite u_max,finite,learned,0.037002110476419436,0.013872313707196715,full,0.46038355719471563,0.004841327667236328,32768,43918848,0.006384190306022849,0.03700213320557788,0.013872313707196438,0.006384203785855212,0.11319320412741896,0.015408965799086093,learned/task_000/cell_0400,9,with_replacement,268435456,0.5784381553530693,102000,completed,512,2,0.04171523490014861,0.016050383284219427,0.007364990539791968,0.12290108590386195,0.01748591911383951,20.0,0.11319320412741873,0.015409007333532317
4,440,4ad56f1f2de8ac7e99a997dc798fcc9a82d5e41bcaa01483fa8161ba24fa2737,4b74724c4225fcfe043fdd749fb740fff4cf33c8,0.00047871224770341275,0.0047156649152418455,1,cuda,1.0,1,0.5,learned_mixture,0.9920463830610421,16,standard normal at finite u_max,finite,learned,0.07332533270456115,0.03518606237311961,full,0.45595458287990015,0.0048371292650699615,32768,43918848,1.6492303901438632e-06,0.07332534786508366,0.035186062373120386,1.6492350578545256e-06,0.04843486276922515,0.03520217575866436,learned/task_000/cell_0440,11,with_replacement,268435456,0.5793548040091991,102001,completed,512,2,0.06512220050579781,0.030497531581140325,1.7465871279265244e-06,0.07357492368264296,0.03052724552053713,20.0,0.04843486276922615,0.03520182209084409
4,480,4ad56f1f2de8ac7e99a997dc798fcc9a82d5e41bcaa01483fa8161ba24fa2737,4b74724c4225fcfe043fdd749fb740fff4cf33c8,0.0026230916329368463,0.01447173451983635,2,cuda,1.0,1,0.5,learned_mixture,0.9456579973511162,16,standard normal at finite u_max,finite,learned,0.020728484814065196,0.005722789570011599,full,0.44490028424268135,0.004799149930477142,32768,43918848,0.019161437026025407,0.020728596624996487,0.005722789570011544,0.01916146979286286,0.1170825512240995,0.009951314850057333,learned/task_000/cell_0480,9,with_replacement,268435456,0.5783200711011887,102002,completed,512,2,0.044013215790443816,0.020194523494419414,0.0329965517962148,0.13434170830425696,0.020798836930894203,20.0,0.11708255122409927,0.009950805725399133
4,520,4ad56f1f2de8ac7e99a997dc798fcc9a82d5e41bcaa01483fa8161ba24fa2737,4b74724c4225fcfe043fdd749fb740fff4cf33c8,0.00035992887657505503,0.005140605596515064,3,cuda,1.0,1,0.5,learned_mixture,0.9998240052067631,16,standard normal at finite u_max,finite,learned,0.04677017187378674,0.024969149814229485,full,0.43926064012718524,0.004959627985954285,32768,43918848,2.1807738725954096e-08,0.04677016491002539,0.024969149814229263,2.180783720273638e-08,0.00847531624904374,0.02515000650390162,learned/task_000/cell_0520,11,with_replacement,268435456,0.5767332650721073,102003,completed,512,2,0.05589646470447113,0.03004278520118908,2.696830181392329e-08,0.02670890275265625,0.03020435995150192,20.0,0.00847531624904363,0.02515090683884936
4,560,4ad56f1f2de8ac7e99a997dc798fcc9a82d5e41bcaa01483fa8161ba24fa2737,4b74724c4225fcfe043fdd749fb740fff4cf33c8,0.0009602982617081326,0.008221400456309655,4,cuda,1.0,1,0.5,learned_mixture,0.7375311680679095,16,standard normal at finite u_max,finite,learned,0.017689526664343647,0.005880106031448708,full,0.44148517015898076,0.004796549677848816,32768,43918848,0.01577827417548827,0.01768956623925566,0.00588010603144868,0.015778275848845502,0.04486575159811956,0.007060454376995695,learned/task_000/cell_0560,8,with_replacement,268435456,0.5799555219709873,102004,completed,512,2,0.034879414854529056,0.01410135051563128,0.03273935600382338,0.0611269019912033,0.014886245298177465,20.0,0.04486575159811956,0.007059137577706855
4,600,40d2f60f7b01b721909df18cdd26cc0bda1e28ef62dd47bb3bc9b7acfaa1fbc4,4b74724c4225fcfe043fdd749fb740fff4cf33c8,0.0015223838343253779,0.010789928562239495,0,cuda,1.0,1,0.5,learned_mixture,0.8336278526905314,16,standard normal at finite u_max,finite,learned,0.03404979474316672,0.013300729562130298,full,0.44664011406001614,0.011302437633275986,32768,43918848,0.007369273623684697,0.0340498437351644,0.013300729562130131,0.007369288796314523,0.10919755122129571,0.014772516109258423,learned/task_000/cell_0600,9,with_replacement,268435456,0.5807968936860561,103000,completed,512,3,0.0163257296654562,0.0025108009998876524,0.004992649760601681,0.10708306652296462,0.008365379715774113,20.0,0.10919755122129537,0.014772121310941078
4,640,40d2f60f7b01b721909df18cdd26cc0bda1e28ef62dd47bb3bc9b7acfaa1fbc4,4b74724c4225fcfe043fdd749fb740fff4cf33c8,0.0014234268762008022,0.010818443034723216,1,cuda,1.0,1,0.5,learned_mixture,0.9875625179735723,16,standard normal at finite u_max,finite,learned,0.08244060406734022,0.04543523546267836,full,0.41632118280536046,0.004982646554708481,32768,43918848,1.615856377590319e-06,0.08244055813047413,0.04543523546267836,1.615860804382585e-06,0.012965515695609442,0.045462002242743244,learned/task_000/cell_0640,11,with_replacement,268435456,0.5855744406580925,103001,completed,512,3,0.10370396916823305,0.056253678497002135,1.7465871279265244e-06,0.014884570477775805,0.05627318391353486,20.0,0.012965515695609442,0.045462230552974235
4,680,40d2f60f7b01b721909df18cdd26cc0bda1e28ef62dd47bb3bc9b7acfaa1fbc4,4b74724c4225fcfe043fdd749fb740fff4cf33c8,3.501259091484902e-05,0.0017070094831116794,2,cuda,1.0,1,0.5,learned_mixture,0.7014648583962023,16,standard normal at finite u_max,finite,learned,0.04197666676313627,0.019826294568505876,full,0.4219337874464905,0.00482603907585144,32768,43918848,0.021444803144772012,0.0419766860399714,0.01982629456850571,0.021444836963812386,0.06768032261048207,0.02028195756022076,learned/task_000/cell_0680,8,with_replacement,268435456,0.5820129103958607,103002,completed,512,3,0.038833189834861725,0.018119285085394954,0.019905858573452923,0.06784557248772438,0.018702497199552456,20.0,0.06768032261048207,0.02028205427067747
4,720,40d2f60f7b01b721909df18cdd26cc0bda1e28ef62dd47bb3bc9b7acfaa1fbc4,4b74724c4225fcfe043fdd749fb740fff4cf33c8,2.4050613921290688e-05,0.0008813880874949827,3,cuda,1.0,1,0.5,learned_mixture,0.5580722105393184,16,standard normal at finite u_max,finite,learned,0.044163519871730283,0.02629777368048658,full,0.41036107520061094,0.005053553730249405,32768,43918848,3.092283551442421e-08,0.044163520260831035,0.026297773680485914,3.092297362616847e-08,0.049827703287108394,0.02632643821123536,learned/task_000/cell_0720,10,with_replacement,268435456,0.584091056138277,103003,completed,512,3,0.04296036051751517,0.025722913050882035,2.696830181392329e-08,0.043291164828330286,0.025757867841140206,20.0,0.04982770328710784,0.026327088194496133
4,760,40d2f60f7b01b721909df18cdd26cc0bda1e28ef62dd47bb3bc9b7acfaa1fbc4,4b74724c4225fcfe043fdd749fb740fff4cf33c8,0.00030740128416184564,0.0049543149150306515,4,cuda,1.0,1,0.5,learned_mixture,0.5379782176588729,16,standard normal at finite u_max,finite,learned,0.032570965626042336,0.018725388536916777,full,0.35418985148967475,0.004955265671014786,32768,43918848,0.028068767313896292,0.03257092229920333,0.018725388536916802,0.028068770101482232,0.006748433076543492,0.01883047059112895,learned/task_000/cell_0760,9,with_replacement,268435456,0.6677537485957146,103004,completed,512,3,0.04024857687520911,0.023679703451948135,0.03811817821626484,0.010451464696533463,0.023767299748823446,20.0,0.006748433076543936,0.018829105248839777
4,800,4f8f7d024dee2ba1d205fcf59f39c4f32d87524ab703a9051d4ad4e7ca38f59f,4b74724c4225fcfe043fdd749fb740fff4cf33c8,6.415594371346337e-05,0.0021753219060224537,0,cuda,1.0,1,0.5,learned_mixture,0.84763323034794,16,standard normal at finite u_max,finite,learned,0.07994138762298741,0.038762479173976516,full,0.38560818532998015,0.00514698401093483,32768,43918848,0.0093558450861105,0.07994139303907888,0.03876247917397635,0.00935585868908536,0.045843039889981396,0.03880634237655282,learned/task_000/cell_0800,10,with_replacement,268435456,0.5786501131951809,104000,completed,512,4,0.08398305297521802,0.04093780107999401,0.009942540707603217,0.046065026810646836,0.04097496656702916,20.0,0.04584303988998106,0.038806425847213985
4,840,4f8f7d024dee2ba1d205fcf59f39c4f32d87524ab703a9051d4ad4e7ca38f59f,4b74724c4225fcfe043fdd749fb740fff4cf33c8,0.0009356138563916042,0.008780124561371777,1,cuda,1.0,1,0.5,learned_mixture,0.9974987201091551,16,standard normal at finite u_max,finite,learned,0.07167516642263011,0.03541991347417173,full,0.4335274447401666,0.0049653612077236176,32768,43918848,1.530256021009535e-06,0.07167517969022463,0.03541991347417084,1.5302603014744065e-06,0.07991751130426994,0.03546196722165174,learned/task_000/cell_0840,11,with_replacement,268435456,0.5780316591262817,104001,completed,512,4,0.08903283645884091,0.044200038035543066,1.7465871279265244e-06,0.0804734690820208,0.04422418260238715,20.0,0.07991751130426894,0.03546205280045405
4,880,4f8f7d024dee2ba1d205fcf59f39c4f32d87524ab703a9051d4ad4e7ca38f59f,4b74724c4225fcfe043fdd749fb740fff4cf33c8,0.0007826645557331329,0.008080472271458658,2,cuda,1.0,1,0.5,learned_mixture,0.9985801607405256,16,standard normal at finite u_max,finite,learned,0.014538032182055072,0.005715169299881584,full,0.43216547654510373,0.00510750338435173,32768,43918848,0.0009338748016532034,0.014538055252085402,0.005715169299881806,0.0009339078268862377,0.022166747099164885,0.005969588372080327,learned/task_000/cell_0880,9,with_replacement,268435456,0.5808909684419632,104002,completed,512,4,0.009562415224750875,0.00236530297063664,0.00813160613748011,0.028027834972526255,0.004293893383684057,20.0,0.022166747099163886,0.005970730409815326
4,920,4f8f7d024dee2ba1d205fcf59f39c4f32d87524ab703a9051d4ad4e7ca38f59f,4b74724c4225fcfe043fdd749fb740fff4cf33c8,0.0024483605881657346,0.016039646368620573,3,cuda,1.0,1,0.5,learned_mixture,0.8804040636884599,16,standard normal at finite u_max,finite,learned,0.0632327895646757,0.03921674632658734,full,0.40928006726699173,0.004872739315032959,32768,43918848,1.7070477031921882e-08,0.06323278887537331,0.03921674632658623,1.7070557079001958e-08,0.03430660003811614,0.039236881371133264,learned/task_000/cell_0920,10,with_replacement,268435456,0.6591700166463852,104003,completed,512,4,0.09109456365565816,0.05525639256949044,2.696830181392329e-08,0.045573773288036024,0.05527441407794128,20.0,0.03430660003811503,0.039236734856360235
4,960,4f8f7d024dee2ba1d205fcf59f39c4f32d87524ab703a9051d4ad4e7ca38f59f,4b74724c4225fcfe043fdd749fb740fff4cf33c8,0.0005023595194851519,0.0064680583749646345,4,cuda,1.0,1,0.5,learned_mixture,0.9999860603520331,16,standard normal at finite u_max,finite,learned,0.012166982578833863,0.006819828539680665,full,0.43676004221986126,0.004960708320140839,32768,43918848,0.009418464504647839,0.012167056386247599,0.006819828539680647,0.009418465473710502,0.030456045363621342,0.00704554353004627,learned/task_000/cell_0960,8,with_replacement,268435456,0.5757152065634727,104004,completed,512,4,0.02463880923503503,0.01328787420197117,0.02244309435114017,0.027250231704481598,0.01348626116391385,20.0,0.030456045363620676,0.007045663474409553
4,1,ce9344dce5f56b4cda176bcdb36371f48911618aa600da1465617419b4995b69,4b74724c4225fcfe043fdd749fb740fff4cf33c8,0.0008171741636322943,0.007880182188503376,0,cuda,1.0,1,0.5,learned_mixture,0.736296935453857,16,standard normal at finite u_max,infinite,learned,0.012737322374245741,0.0029719580333759654,unbiased,0.14150971016645272,2.005947068333626,32768,20848640,0.001973314023648722,0.012737223541868459,0.00297195803337591,0.001973299255140188,0.04401645705340074,0.004946302771032421,learned/task_001/cell_0001,25,with_replacement,67108864,0.7537824064493179,100000,completed,512,0,0.027259648096009448,0.010852140221881856,0.0035095308066280494,0.04197258063198195,0.011389860264891796,20.0,0.04401645705340074,0.004946557514838013
4,41,ce9344dce5f56b4cda176bcdb36371f48911618aa600da1465617419b4995b69,4b74724c4225fcfe043fdd749fb740fff4cf33c8,0.0016512152820836073,0.01161702053048948,1,cuda,1.0,1,0.5,learned_mixture,0.9947121162494365,16,standard normal at finite u_max,infinite,learned,0.2775551261780924,0.13699596300674832,unbiased,0.08070853455240734,0.004837155342102051,32768,20848640,1.408322705676035e-06,0.27755507591717044,0.13699596300674866,1.4083266510755976e-06,0.06070643810729537,0.13699822915262727,learned/task_001/cell_0041,51,with_replacement,67108864,0.7656564116477966,100001,completed,512,0,0.2986435666500672,0.1486129835372404,1.7465871279265244e-06,0.06738859129456398,0.14861419707064144,20.0,0.06070643810729548,0.1369974217600617
4,81,ce9344dce5f56b4cda176bcdb36371f48911618aa600da1465617419b4995b69,4b74724c4225fcfe043fdd749fb740fff4cf33c8,0.00012606658824418186,0.003226943742708743,2,cuda,1.0,1,0.5,learned_mixture,0.569063020021314,16,standard normal at finite u_max,infinite,learned,0.1275942826166679,0.05516944892702108,unbiased,3.342751640743554e-05,0.0047823041677474976,32768,20848640,0.017841807332618115,0.12759430549088568,0.05516944892702108,0.017841773823525836,0.25502696814202375,0.055309467256324234,learned/task_001/cell_0081,55,with_replacement,67108864,0.7666597813367844,100002,completed,512,0,0.1216924874620181,0.0519427636985047,0.014821944133062731,0.2573769417705627,0.05217965196584024,20.0,0.25502696814202375,0.05531138925901522
4,121,ce9344dce5f56b4cda176bcdb36371f48911618aa600da1465617419b4995b69,4b74724c4225fcfe043fdd749fb740fff4cf33c8,9.986801702198109e-05,0.0032971395256144328,3,cuda,1.0,1,0.5,learned_mixture,0.9023760162343415,16,standard normal at finite u_max,infinite,learned,0.281661349959848,0.14898160694082097,unbiased,0.002019752693312634,0.004796743392944336,32768,20848640,2.8637123672403675e-08,0.2816613398852033,0.1489816069408214,2.8637255455876698e-08,0.19260121332855928,0.14898323671915606,learned/task_001/cell_0121,63,with_replacement,67108864,0.7635684907436371,100003,completed,512,0,0.28745549210062854,0.1522787464664359,2.696830181392329e-08,0.19402489692650382,0.1522798182105415,20.0,0.19260121332855884,0.14898339983740572
4,161,ce9344dce5f56b4cda176bcdb36371f48911618aa600da1465617419b4995b69,4b74724c4225fcfe043fdd749fb740fff4cf33c8,0.0005352084578247596,0.006672137013516965,4,cuda,1.0,1,0.5,learned_mixture,0.6260451428630489,16,standard normal at finite u_max,infinite,learned,0.12421028460534728,0.06518629793498247,unbiased,0.038241957441557776,0.004723116755485535,32768,20848640,0.11627760980418067,0.12421021405641752,0.0651862979349825,0.11627760667934578,0.09330285437220076,0.06519763764284174,learned/task_001/cell_0161,16,with_replacement,67108864,0.744856134057045,100004,completed,512,0,0.11173276435028706,0.05851416092146486,0.1033512794082817,0.08341682292258357,0.05852924377311712,20.0,0.09330285437220032,0.06519763346711088
4,201,642c9ac8b37cc879a46c5dc332c9d99eb4ae9d0bd2c4b38a1ce3bbe1af22951a,4b74724c4225fcfe043fdd749fb740fff4cf33c8,2.844010151597788e-05,0.0011679797502674278,0,cuda,1.0,1,0.5,learned_mixture,0.8058320496916809,16,standard normal at finite u_max,infinite,learned,0.05730012836826348,0.02104468879067567,unbiased,0.11875987058204904,0.004723712801933289,32768,20848640,0.004950463959810487,0.05730005803542981,0.02104468879067556,0.004950449913219815,0.0878631222836963,0.02334189554522957,learned/task_001/cell_0201,31,with_replacement,67108864,0.7538022845983505,101000,completed,512,1,0.06001229069502789,0.02211671790295605,0.005391972208413937,0.0955103713065939,0.024480351957687857,20.0,0.08786312228369608,0.023341574620211
4,241,642c9ac8b37cc879a46c5dc332c9d99eb4ae9d0bd2c4b38a1ce3bbe1af22951a,4b74724c4225fcfe043fdd749fb740fff4cf33c8,2.4921865625736506e-05,0.001357100382033677,1,cuda,1.0,1,0.5,learned_mixture,0.62137338501763,16,standard normal at finite u_max,infinite,learned,0.2357705439614728,0.12453702310699288,unbiased,0.06724528403622776,0.004707321524620056,32768,20848640,1.8766097739097987e-06,0.23577049384942939,0.1245370231069931,1.8766149147975142e-06,0.02032909802813876,0.1245378737333266,learned/task_001/cell_0241,35,with_replacement,67108864,0.7656200975179672,101001,completed,512,1,0.23858358700798288,0.12588689366810868,1.7465871279265244e-06,0.02108135610228956,0.12588741104221005,20.0,0.02032909802813898,0.1245375399552649
4,281,642c9ac8b37cc879a46c5dc332c9d99eb4ae9d0bd2c4b38a1ce3bbe1af22951a,4b74724c4225fcfe043fdd749fb740fff4cf33c8,0.001157580044308242,0.009973517081374476,2,cuda,1.0,1,0.5,learned_mixture,0.7705866161521114,16,standard normal at finite u_max,infinite,learned,0.08309057513192775,0.03389265009327211,unbiased,4.463017369111751e-05,0.005114763975143433,32768,20848640,0.0012264106434884403,0.08309060610861208,0.033892650093272136,0.0012263779299823002,0.2089979648467224,0.03616697102692734,learned/task_001/cell_0281,47,with_replacement,67108864,0.7557199150323868,101002,completed,512,1,0.06473168030930901,0.0239191330118996,0.006472026689512689,0.20612765057371096,0.02816081873521095,20.0,0.2089979648467225,0.036167421224308466
4,321,642c9ac8b37cc879a46c5dc332c9d99eb4ae9d0bd2c4b38a1ce3bbe1af22951a,4b74724c4225fcfe043fdd749fb740fff4cf33c8,0.0013892843987064675,0.012532149162022515,3,cuda,1.0,1,0.5,learned_mixture,0.6035658750493592,16,standard normal at finite u_max,infinite,learned,0.20397445668446623,0.10622912674477791,unbiased,0.0013102624073238415,0.004697337746620178,32768,20848640,2.8719018940748242e-08,0.20397443314785757,0.1062291267447788,2.8719149280931333e-08,0.09997585090362171,0.10720281053246321,learned/task_001/cell_0321,61,with_replacement,67108864,0.7575466185808182,101003,completed,512,1,0.18333343141228253,0.09369697978533709,2.696830181392329e-08,0.11433448479661545,0.0953380224830496,20.0,0.09997585090362215,0.1072027097930995
4,361,642c9ac8b37cc879a46c5dc332c9d99eb4ae9d0bd2c4b38a1ce3bbe1af22951a,4b74724c4225fcfe043fdd749fb740fff4cf33c8,0.00031463144343195706,0.005149356238079656,4,cuda,1.0,1,0.5,learned_mixture,0.5150198683384831,16,standard normal at finite u_max,infinite,learned,0.22788065583104683,0.13776139934292464,unbiased,0.060863813816823785,0.004737764596939087,32768,20848640,0.181132430028846,0.227880613911829,0.13776139934292467,0.18113243050694527,0.6036639569380333,0.1377614577309087,learned/task_001/cell_0361,17,with_replacement,67108864,0.7447148561477661,101004,completed,512,1,0.23610904877315864,0.14291075558100125,0.1913050094638235,0.6120783228422488,0.14291100426561393,20.0,0.6036639569380338,0.13776167521102767
4,401,4ad56f1f2de8ac7e99a997dc798fcc9a82d5e41bcaa01483fa8161ba24fa2737,4b74724c4225fcfe043fdd749fb740fff4cf33c8,9.210115215570896e-05,0.002181232325825704,0,cuda,1.0,1,0.5,learned_mixture,0.9986957995996557,16,standard normal at finite u_max,infinite,learned,0.08711246287852437,0.04052376162805493,unbiased,0.029126443538665264,0.004846349358558655,32768,20848640,0.010764365333665066,0.08711246811440942,0.040523761628055155,0.010764351853832697,0.001833697139644208,0.040569621462474593,learned/task_001/cell_0401,35,with_replacement,67108864,0.7529996186494827,102000,completed,512,2,0.08299451757334025,0.03834569205103222,0.009783565099895947,0.009133385134368677,0.03841168061780166,20.0,0.0018336971396444302,0.04056921749054425
4,441,4ad56f1f2de8ac7e99a997dc798fcc9a82d5e41bcaa01483fa8161ba24fa2737,4b74724c4225fcfe043fdd749fb740fff4cf33c8,0.00047871224770341275,0.0047156649152418455,1,cuda,1.0,1,0.5,learned_mixture,0.7139072010694344,16,standard normal at finite u_max,infinite,learned,0.5653630195989345,0.30071409434255936,unbiased,0.0013590268651237146,0.004741787910461426,32768,20848640,1.6492303901438632e-06,0.5653628920545055,0.30071409434255947,1.6492350571883918e-06,0.05627233216361238,0.30071458424209113,learned/task_001/cell_0441,54,with_replacement,67108864,0.7599489390850067,102001,completed,512,2,0.5556865983392589,0.2960255635505801,1.7465871279265244e-06,0.08120532952428583,0.29602568569173116,20.0,0.056272332163612604,0.3007141648992996
4,481,4ad56f1f2de8ac7e99a997dc798fcc9a82d5e41bcaa01483fa8161ba24fa2737,4b74724c4225fcfe043fdd749fb740fff4cf33c8,0.0026230916329368463,0.01447173451983635,2,cuda,1.0,1,0.5,learned_mixture,0.9869769194054208,16,standard normal at finite u_max,infinite,learned,0.05617655505611241,0.02461607173100866,unbiased,0.007339831765097793,0.004768982529640198,32768,20848640,0.019814992712369278,0.05617653211753437,0.02461607173100877,0.019814959945531785,0.003053660388445012,0.024626645877707742,learned/task_001/cell_0481,53,with_replacement,67108864,0.7607134878635406,102002,completed,512,2,0.02767331703517839,0.010144337806600845,0.005979877942179884,0.016553903952334803,0.010278093230513569,20.0,0.003053660388445678,0.02462757328646864
4,521,4ad56f1f2de8ac7e99a997dc798fcc9a82d5e41bcaa01483fa8161ba24fa2737,4b74724c4225fcfe043fdd749fb740fff4cf33c8,0.00035992887657505503,0.005140605596515064,3,cuda,1.0,1,0.5,learned_mixture,0.7873172768787624,16,standard normal at finite u_max,infinite,learned,0.17236238706168078,0.09584943063051243,unbiased,0.0003397797276320499,0.004754871129989624,32768,20848640,2.1807738725954096e-08,0.17236238759791284,0.09584943063051199,2.180783720273638e-08,0.22170970013480418,0.09588104558191242,learned/task_001/cell_0521,70,with_replacement,67108864,0.767543837428093,102003,completed,512,2,0.1630092900175622,0.09077579524355284,2.696830181392329e-08,0.23602202512285209,0.09082196442953422,20.0,0.22170970013480473,0.09588025029940554
4,561,4ad56f1f2de8ac7e99a997dc798fcc9a82d5e41bcaa01483fa8161ba24fa2737,4b74724c4225fcfe043fdd749fb740fff4cf33c8,0.0009602982617081326,0.008221400456309655,4,cuda,1.0,1,0.5,learned_mixture,0.7835145315446658,16,standard normal at finite u_max,infinite,learned,0.08700359226319043,0.044721086218480366,unbiased,0.1669191409405332,0.004806339740753174,32768,20848640,0.08102351302912947,0.0870035781406095,0.04472108621848034,0.0810235147024867,0.07935359131054942,0.045041856331623324,learned/task_001/cell_0561,16,with_replacement,67108864,0.745934471487999,102004,completed,512,2,0.1018579568354479,0.05294233070266294,0.09798459485746458,0.060977607929173505,0.053172682958651504,20.0,0.07935359131054942,0.04504147260564998
4,601,40d2f60f7b01b721909df18cdd26cc0bda1e28ef62dd47bb3bc9b7acfaa1fbc4,4b74724c4225fcfe043fdd749fb740fff4cf33c8,0.0015223838343253779,0.010789928562239495,0,cuda,1.0,1,0.5,learned_mixture,0.7825389702873796,16,standard normal at finite u_max,infinite,learned,0.03993455904964577,0.015869293034160903,unbiased,0.30179139306830677,0.004746109247207642,32768,20848640,0.0013802624110917754,0.03993446529129718,0.015869293034160736,0.0013802472384619457,0.09605001016586834,0.016517901114255978,learned/task_001/cell_0601,26,with_replacement,67108864,0.7506960183382034,103000,completed,512,3,0.022165214789208243,0.005079364471918257,0.0037568862741747915,0.09865168798823976,0.008797196168065987,20.0,0.096050010165869,0.016517382046629198
4,641,40d2f60f7b01b721909df18cdd26cc0bda1e28ef62dd47bb3bc9b7acfaa1fbc4,4b74724c4225fcfe043fdd749fb740fff4cf33c8,0.0014234268762008022,0.010818443034723216,1,cuda,1.0,1,0.5,learned_mixture,0.7392701406041997,16,standard normal at finite u_max,infinite,learned,0.2724831135212697,0.13473242874521407,unbiased,0.17816575408342458,0.0047534555196762085,32768,20848640,1.615856377590319e-06,0.2724830580195878,0.13473242874521363,1.6158608039384958e-06,0.04501403208485,0.1347336278003737,learned/task_001/cell_0641,40,with_replacement,67108864,0.7550733089447021,103001,completed,512,3,0.2930887103550894,0.14555087177953785,1.7465871279265244e-06,0.04320481907588469,0.1455517056326976,20.0,0.045014032084849664,0.1347335261848473
4,681,40d2f60f7b01b721909df18cdd26cc0bda1e28ef62dd47bb3bc9b7acfaa1fbc4,4b74724c4225fcfe043fdd749fb740fff4cf33c8,3.501259091484902e-05,0.0017070094831116794,2,cuda,1.0,1,0.5,learned_mixture,0.7392127567223127,16,standard normal at finite u_max,infinite,learned,0.12444570404194755,0.05845024430241824,unbiased,0.0014387152003968425,0.004703089594841003,32768,20848640,0.05029445330722987,0.12444571755701839,0.05845024430241835,0.050294419488189496,0.08878670049589843,0.05858278148953929,learned/task_001/cell_0681,64,with_replacement,67108864,0.7642758786678314,103002,completed,512,3,0.12753257445002997,0.06015725378552916,0.05183339787854896,0.08894820935336101,0.06027793007927777,20.0,0.08878670049589887,0.0585835033757518
4,721,40d2f60f7b01b721909df18cdd26cc0bda1e28ef62dd47bb3bc9b7acfaa1fbc4,4b74724c4225fcfe043fdd749fb740fff4cf33c8,2.4050613921290688e-05,0.0008813880874949827,3,cuda,1.0,1,0.5,learned_mixture,0.8618189532568232,16,standard normal at finite u_max,infinite,learned,0.2790368317044111,0.15376687213663454,unbiased,7.077400214391865e-05,0.00471419095993042,32768,20848640,3.092283551442421e-08,0.27903682201421925,0.15376687213663454,3.092297362616847e-08,0.3186278958571439,0.1537802317208046,learned/task_001/cell_0721,63,with_replacement,67108864,0.7635983824729919,103003,completed,512,3,0.28027297929144496,0.15434173276623908,2.696830181392329e-08,0.3139405197056019,0.1543528310814234,20.0,0.3186278958571439,0.153780885905613
4,761,40d2f60f7b01b721909df18cdd26cc0bda1e28ef62dd47bb3bc9b7acfaa1fbc4,4b74724c4225fcfe043fdd749fb740fff4cf33c8,0.00030740128416184564,0.0049543149150306515,4,cuda,1.0,1,0.5,learned_mixture,0.9081981349199144,16,standard normal at finite u_max,infinite,learned,0.06484436714030528,0.03502269094698599,unbiased,0.40638483411508,0.005204364657402039,32768,20848640,0.06226141970332544,0.06484431701704546,0.03502269094698596,0.06226141691573933,0.030893791844655683,0.03502362746203575,learned/task_001/cell_0761,13,with_replacement,67108864,0.7411380857229233,103004,completed,512,3,0.05534344057689361,0.030068376031954634,0.05221200880095689,0.03468563515191181,0.030068679082239362,20.0,0.030893791844655683,0.03502297710952362
4,801,4f8f7d024dee2ba1d205fcf59f39c4f32d87524ab703a9051d4ad4e7ca38f59f,4b74724c4225fcfe043fdd749fb740fff4cf33c8,6.415594371346337e-05,0.0021753219060224537,0,cuda,1.0,1,0.5,learned_mixture,0.9262416933423164,16,standard normal at finite u_max,infinite,learned,0.017828447444697082,0.004978309525406788,unbiased,0.1832818952818989,0.004738852381706238,32768,20848640,0.0008297996904973008,0.01782838517506427,0.00497830952540701,0.0008297860875224536,0.06385392429437498,0.006313098206702117,learned/task_001/cell_0801,26,with_replacement,67108864,0.7477010935544968,104000,completed,512,4,0.020623243650165463,0.007153631431424279,0.00024310406900458423,0.06360641611011841,0.007443363230963998,20.0,0.06385392429437475,0.006313130921163124
4,841,4f8f7d024dee2ba1d205fcf59f39c4f32d87524ab703a9051d4ad4e7ca38f59f,4b74724c4225fcfe043fdd749fb740fff4cf33c8,0.0009356138563916042,0.008780124561371777,1,cuda,1.0,1,0.5,learned_mixture,0.999950693725794,16,standard normal at finite u_max,infinite,learned,0.3047474209074551,0.15043524827168042,unbiased,0.05116856565392034,0.004737600684165955,32768,20848640,1.530256021009535e-06,0.3047473866557995,0.15043524827168153,1.5302603029176964e-06,0.1694231249773691,0.15043547642110427,learned/task_001/cell_0841,55,with_replacement,67108864,0.7576840370893478,104001,completed,512,4,0.3214223494375485,0.15921537283305176,1.7465871279265244e-06,0.16992499918904413,0.1592156950621443,20.0,0.16942312497736967,0.15043564298665743
4,881,4f8f7d024dee2ba1d205fcf59f39c4f32d87524ab703a9051d4ad4e7ca38f59f,4b74724c4225fcfe043fdd749fb740fff4cf33c8,0.0007826645557331329,0.008080472271458658,2,cuda,1.0,1,0.5,learned_mixture,0.5115398723317776,16,standard normal at finite u_max,infinite,learned,0.06878073328635903,0.03803299014956396,unbiased,0.015364269731111428,0.004721060395240784,32768,20848640,0.013374620577423085,0.06878069160725886,0.03803299014956407,0.01337465360265605,0.23652498095412833,0.03803674777174967,learned/task_001/cell_0881,47,with_replacement,67108864,0.7560965567827225,104002,completed,512,4,0.07814702967177867,0.046113462420082185,0.020572351913249992,0.22911330667379448,0.046117273695047686,20.0,0.23652498095412788,0.03803736118056005
4,921,4f8f7d024dee2ba1d205fcf59f39c4f32d87524ab703a9051d4ad4e7ca38f59f,4b74724c4225fcfe043fdd749fb740fff4cf33c8,0.0024483605881657346,0.016039646368620573,3,cuda,1.0,1,0.5,learned_mixture,0.5336343972862709,16,standard normal at finite u_max,infinite,learned,0.1867677707035606,0.10149806132580252,unbiased,0.00017418617367605092,0.004834726452827454,32768,20848640,1.7070477031921882e-08,0.186767770564021,0.10149806132580252,1.7070557079001958e-08,0.21425693739207607,0.10152754392205497,learned/task_001/cell_0921,64,with_replacement,67108864,0.7660154849290848,104003,completed,512,4,0.15890902416475633,0.08545841508289942,2.696830181392329e-08,0.22342455023552743,0.08550002525000791,20.0,0.21425693739207585,0.10152774450020971
4,961,4f8f7d024dee2ba1d205fcf59f39c4f32d87524ab703a9051d4ad4e7ca38f59f,4b74724c4225fcfe043fdd749fb740fff4cf33c8,0.0005023595194851519,0.0064680583749646345,4,cuda,1.0,1,0.5,learned_mixture,0.8925391198975242,16,standard normal at finite u_max,infinite,learned,0.05683491255335821,0.02841710971829072,unbiased,0.29834079428704724,0.004712030291557312,32768,20848640,0.053909081293683936,0.05683485376749409,0.028417109718290735,0.053909082262746044,0.0363635588875002,0.028511257333753325,learned/task_001/cell_0961,15,with_replacement,67108864,0.7435874044895172,104004,completed,512,4,0.06948138803271703,0.03488515538058123,0.06693371114017627,0.03979031271029232,0.03497058874262169,20.0,0.03636355888749998,0.028510908055189074
4,2,ce9344dce5f56b4cda176bcdb36371f48911618aa600da1465617419b4995b69,4b74724c4225fcfe043fdd749fb740fff4cf33c8,0.0008171741636322943,0.007880182188503376,0,cuda,1.0,1,0.5,learned_mixture,0.5331862216473042,16,standard normal at finite u_max,infinite,learned,0.008218589787966857,0.002246431674256366,unbiased,0.34691091845577665,2.1166920512914658,32768,25042944,0.003752297609010408,0.008218628668887673,0.0022464316742564217,0.003752312377518937,0.035166505393815384,0.00321917371662653,learned/task_002/cell_0002,16,without_replacement,67108864,0.7256187200546265,100000,completed,512,0,0.017579874284650354,0.005633750514249525,0.002216080826031081,0.0370553649198293,0.006771790444147028,20.0,0.035166505393815384,0.00321925102685219
4,42,ce9344dce5f56b4cda176bcdb36371f48911618aa600da1465617419b4995b69,4b74724c4225fcfe043fdd749fb740fff4cf33c8,0.0016512152820836073,0.01161702053048948,1,cuda,1.0,1,0.5,learned_mixture,0.5269374743056154,16,standard normal at finite u_max,infinite,learned,0.1968314568483016,0.09968516483252143,unbiased,0.08060842709323142,0.004950761795043945,32768,25042944,1.408322705676035e-06,0.19683145112538725,0.09968516483252154,1.4083266510755976e-06,0.016514637795194242,0.09968765970949812,learned/task_002/cell_0042,23,without_replacement,67108864,0.7190539613366127,100001,completed,512,0,0.2187819145345789,0.1113021853630135,1.7465871279265244e-06,0.023511172333817387,0.11130331123195017,20.0,0.016514637795194242,0.0996865185358654
4,82,ce9344dce5f56b4cda176bcdb36371f48911618aa600da1465617419b4995b69,4b74724c4225fcfe043fdd749fb740fff4cf33c8,0.00012606658824418186,0.003226943742708743,2,cuda,1.0,1,0.5,learned_mixture,0.791226032918648,16,standard normal at finite u_max,infinite,learned,0.03612490578636596,0.017669916416746867,unbiased,0.3353778446257803,0.004885978996753693,32768,25042944,0.01715269069962143,0.03612491133796969,0.01766991641674681,0.01715272420871372,0.037232351838226485,0.017989683974942633,learned/task_002/cell_0082,14,without_replacement,67108864,0.7187764719128609,100002,completed,512,0,0.04245266772542011,0.020896601645263246,0.020172553899176812,0.04026934577872909,0.021147771550892664,20.0,0.037232351838226374,0.01798852981004828
4,122,ce9344dce5f56b4cda176bcdb36371f48911618aa600da1465617419b4995b69,4b74724c4225fcfe043fdd749fb740fff4cf33c8,9.986801702198109e-05,0.0032971395256144328,3,cuda,1.0,1,0.5,learned_mixture,0.6126255309969056,16,standard normal at finite u_max,infinite,learned,0.04012750722055261,0.015142809215455522,unbiased,0.15610184886223114,0.004817701876163483,32768,25042944,2.8637123672403675e-08,0.040127481016105804,0.015142809215455078,2.8637255455876698e-08,0.2036347792965827,0.020523161923924154,learned/task_002/cell_0122,21,without_replacement,67108864,0.7187377065420151,100003,completed,512,0,0.03720890505945318,0.011845669689840577,2.696830181392329e-08,0.20151241408934184,0.01975520597329162,20.0,0.20363477929658358,0.02052365281167693
4,162,ce9344dce5f56b4cda176bcdb36371f48911618aa600da1465617419b4995b69,4b74724c4225fcfe043fdd749fb740fff4cf33c8,0.0005352084578247596,0.006672137013516965,4,cuda,1.0,1,0.5,learned_mixture,0.9672056545988001,16,standard normal at finite u_max,infinite,learned,0.09292981249757021,0.04334934135337174,unbiased,0.35554587258601367,0.004846245050430298,32768,25042944,0.09202014646121215,0.09292981372676062,0.043349341353371706,0.09202014958604687,0.11634862867405038,0.04361025074738805,learned/task_002/cell_0162,15,without_replacement,67108864,0.7188278511166573,100004,completed,512,0,0.10578979154977891,0.05002147836688935,0.10494647685711112,0.12433891719519552,0.050195960218550786,20.0,0.11634862867405049,0.04361023085442315
4,202,642c9ac8b37cc879a46c5dc332c9d99eb4ae9d0bd2c4b38a1ce3bbe1af22951a,4b74724c4225fcfe043fdd749fb740fff4cf33c8,2.844010151597788e-05,0.0011679797502674278,0,cuda,1.0,1,0.5,learned_mixture,0.826411394996321,16,standard normal at finite u_max,infinite,learned,0.08435880130411666,0.03853660959550914,unbiased,0.1463717251209834,0.004844769835472107,32768,25042944,0.008066467143912036,0.08435876460925718,0.03853660959550903,0.00806645309732136,0.04990946310322886,0.038579761477789444,learned/task_002/cell_0202,19,without_replacement,67108864,0.7218074649572372,101000,completed,512,1,0.08707097750245496,0.03960863870778952,0.008507975392515486,0.05728991285962137,0.039647102565031164,20.0,0.049909463103228635,0.03857930143811804
4,242,642c9ac8b37cc879a46c5dc332c9d99eb4ae9d0bd2c4b38a1ce3bbe1af22951a,4b74724c4225fcfe043fdd749fb740fff4cf33c8,2.4921865625736506e-05,0.001357100382033677,1,cuda,1.0,1,0.5,learned_mixture,0.6914297568656439,16,standard normal at finite u_max,infinite,learned,0.24777433298405094,0.12651865737615497,unbiased,0.05968536275812309,0.004792459309101105,32768,25042944,1.8766097739097987e-06,0.24777430378330711,0.12651865737615475,1.8766149147975142e-06,0.08454216369274259,0.12652113007823723,learned/task_002/cell_0242,21,without_replacement,67108864,0.7186768427491188,101001,completed,512,1,0.25042035268204177,0.12786852793727077,1.7465871279265244e-06,0.08534176413633632,0.12787183089268905,20.0,0.08454216369274281,0.12652197187862319
4,282,642c9ac8b37cc879a46c5dc332c9d99eb4ae9d0bd2c4b38a1ce3bbe1af22951a,4b74724c4225fcfe043fdd749fb740fff4cf33c8,0.001157580044308242,0.009973517081374476,2,cuda,1.0,1,0.5,learned_mixture,0.9465822440091717,16,standard normal at finite u_max,infinite,learned,0.007012642316004736,0.002582253123713185,unbiased,0.35084802288969846,0.005247063934803009,32768,25042944,0.004006570247942293,0.007012554819316286,0.0025822531237131296,0.004006537534436208,0.020430835900832278,0.0032144478724112535,learned/task_002/cell_0282,16,without_replacement,67108864,0.7182508185505867,101002,completed,512,1,0.021221886967482284,0.007391263957659322,0.0036918670850588364,0.024133679967901056,0.008139330316476626,20.0,0.020430835900831612,0.0032147475636435255
4,322,642c9ac8b37cc879a46c5dc332c9d99eb4ae9d0bd2c4b38a1ce3bbe1af22951a,4b74724c4225fcfe043fdd749fb740fff4cf33c8,0.0013892843987064675,0.012532149162022515,3,cuda,1.0,1,0.5,learned_mixture,0.5037842010351569,16,standard normal at finite u_max,infinite,learned,0.06308003544711571,0.03254367224251786,unbiased,0.32695927459047797,0.004840046167373657,32768,25042944,2.8719018940748242e-08,0.06308003389991668,0.03254367224251786,2.8719149280931333e-08,0.004883647177063244,0.03256797827847355,learned/task_002/cell_0322,26,without_replacement,67108864,0.7237957492470741,101003,completed,512,1,0.04184311359121384,0.020011525283077036,2.696830181392329e-08,0.01800098641957293,0.02006665793388496,20.0,0.004883647177063022,0.032566451434262816
4,362,642c9ac8b37cc879a46c5dc332c9d99eb4ae9d0bd2c4b38a1ce3bbe1af22951a,4b74724c4225fcfe043fdd749fb740fff4cf33c8,0.00031463144343195706,0.005149356238079656,4,cuda,1.0,1,0.5,learned_mixture,0.6605162977629132,16,standard normal at finite u_max,infinite,learned,0.017871473296427576,0.005084931783642025,unbiased,0.3167879494866004,0.004842624068260193,32768,25042944,0.007489292377424905,0.017871364198019712,0.005084931783642005,0.0074892918993259006,0.05770424629112214,0.006350637914978328,learned/task_002/cell_0362,11,without_replacement,67108864,0.7178068086504936,101004,completed,512,1,0.012028515343758817,6.442445443456853e-05,0.002683287057552608,0.06325398163825047,0.0061170066632224235,20.0,0.057704246291121475,0.006350815665094974
4,402,4ad56f1f2de8ac7e99a997dc798fcc9a82d5e41bcaa01483fa8161ba24fa2737,4b74724c4225fcfe043fdd749fb740fff4cf33c8,9.210115215570896e-05,0.002181232325825704,0,cuda,1.0,1,0.5,learned_mixture,0.8925430608538779,16,standard normal at finite u_max,infinite,learned,0.07865133413360847,0.03971619840470836,unbiased,0.05786341598684024,0.00493854284286499,32768,25042944,0.017480245599443625,0.07865131643931211,0.039716198404708636,0.01748023211961125,0.07979127617341919,0.03971777632317617,learned/task_002/cell_0402,23,without_replacement,67108864,0.7197075933218002,102000,completed,512,2,0.07411379749589331,0.037538128827685646,0.016499445365674506,0.0679707915976202,0.03754099801642824,20.0,0.07979127617341986,0.03971860449689235
4,442,4ad56f1f2de8ac7e99a997dc798fcc9a82d5e41bcaa01483fa8161ba24fa2737,4b74724c4225fcfe043fdd749fb740fff4cf33c8,0.00047871224770341275,0.0047156649152418455,1,cuda,1.0,1,0.5,learned_mixture,0.8783527558677243,16,standard normal at finite u_max,infinite,learned,0.09449171720836502,0.048413963707761076,unbiased,0.3716116140406154,0.004829883575439453,32768,25042944,1.6492303901438632e-06,0.09449171429721792,0.04841396370776141,1.6492350574104364e-06,0.060902438123204505,0.04842191494942038,learned/task_002/cell_0442,18,without_replacement,67108864,0.7227442115545273,102001,completed,512,2,0.08539436243060827,0.04372543291578179,1.7465871279265244e-06,0.0857131094955611,0.04373952320951036,20.0,0.06090243812320484,0.04842199661064282
4,482,4ad56f1f2de8ac7e99a997dc798fcc9a82d5e41bcaa01483fa8161ba24fa2737,4b74724c4225fcfe043fdd749fb740fff4cf33c8,0.0026230916329368463,0.01447173451983635,2,cuda,1.0,1,0.5,learned_mixture,0.5213161271076184,16,standard normal at finite u_max,infinite,learned,0.07054743023096227,0.03528075166292044,unbiased,0.31536116794931196,0.004943840205669403,32768,25042944,0.01843998649591415,0.07054741208036841,0.03528075166292066,0.018440019262751572,0.029839815443270856,0.03539486753835134,learned/task_002/cell_0482,15,without_replacement,67108864,0.7153127416968346,102002,completed,512,2,0.0979455747301774,0.049752485587328255,0.03227510126610354,0.009708638778024525,0.049838856086840216,20.0,0.029839815443270412,0.03539633760783613
4,522,4ad56f1f2de8ac7e99a997dc798fcc9a82d5e41bcaa01483fa8161ba24fa2737,4b74724c4225fcfe043fdd749fb740fff4cf33c8,0.00035992887657505503,0.005140605596515064,3,cuda,1.0,1,0.5,learned_mixture,0.6736872589197358,16,standard normal at finite u_max,infinite,learned,0.09197722208069914,0.04613801835168441,unbiased,0.03650772365292475,0.004849717020988464,32768,25042944,2.1807738725954096e-08,0.09197719347826983,0.04613801835168463,2.180783720273638e-08,0.0222114260075994,0.04681680473989717,learned/task_002/cell_0522,26,without_replacement,67108864,0.7213634476065636,102003,completed,512,2,0.08204563862240133,0.04106438296472481,2.696830181392329e-08,0.0034135274110855818,0.04180404388348249,20.0,0.022211426007599178,0.04681684790255576
4,562,4ad56f1f2de8ac7e99a997dc798fcc9a82d5e41bcaa01483fa8161ba24fa2737,4b74724c4225fcfe043fdd749fb740fff4cf33c8,0.0009602982617081326,0.008221400456309655,4,cuda,1.0,1,0.5,learned_mixture,0.7847216314687142,16,standard normal at finite u_max,infinite,learned,0.041634232397566806,0.02127311506303666,unbiased,0.3927422632242234,0.004812642931938171,32768,25042944,0.0371061615149309,0.04163426067386822,0.02127311506303664,0.037106163188287966,0.06253588608764837,0.021384993536819594,learned/task_002/cell_0562,11,without_replacement,67108864,0.7164533212780952,102004,completed,512,2,0.05880963783834525,0.029494359547219233,0.054067243343266014,0.07849620262948975,0.029600541945524014,20.0,0.06253588608764837,0.021386402821329295
4,602,40d2f60f7b01b721909df18cdd26cc0bda1e28ef62dd47bb3bc9b7acfaa1fbc4,4b74724c4225fcfe043fdd749fb740fff4cf33c8,0.0015223838343253779,0.010789928562239495,0,cuda,1.0,1,0.5,learned_mixture,0.9151435338779659,16,standard normal at finite u_max,infinite,learned,0.058240047050002075,0.027724860862136436,unbiased,0.1257891865357012,0.004854962229728699,32768,25042944,0.01056166616549465,0.0582400051806613,0.02772486086213627,0.010561650992864841,0.07026478316050144,0.02772753545906179,learned/task_002/cell_0602,22,without_replacement,67108864,0.7982243299484253,103000,completed,512,3,0.07951464517156892,0.03851478942437908,0.012938290028577666,0.07280525496797963,0.03851697894853006,20.0,0.07026478316050078,0.02772755178911478
4,642,40d2f60f7b01b721909df18cdd26cc0bda1e28ef62dd47bb3bc9b7acfaa1fbc4,4b74724c4225fcfe043fdd749fb740fff4cf33c8,0.0014234268762008022,0.010818443034723216,1,cuda,1.0,1,0.5,learned_mixture,0.7019399281473233,16,standard normal at finite u_max,infinite,learned,0.1352241568990183,0.0681186964219822,unbiased,0.36559444508803063,0.004860430955886841,32768,25042944,1.615856377590319e-06,0.1352241395651736,0.06811869642198265,1.6158608046046297e-06,0.006833529106822445,0.06815722055063482,learned/task_002/cell_0642,19,without_replacement,67108864,0.7275071144104004,103001,completed,512,3,0.1562358365753882,0.07893713945630598,1.7465871279265244e-06,0.004951983451099373,0.07896562587384068,20.0,0.006833529106823,0.06815744618973915
4,682,40d2f60f7b01b721909df18cdd26cc0bda1e28ef62dd47bb3bc9b7acfaa1fbc4,4b74724c4225fcfe043fdd749fb740fff4cf33c8,3.501259091484902e-05,0.0017070094831116794,2,cuda,1.0,1,0.5,learned_mixture,0.6040619376716848,16,standard normal at finite u_max,infinite,learned,0.07218608214175082,0.03413428115928441,unbiased,0.1959014540104444,0.004852689802646637,32768,25042944,0.022238614893688377,0.0721860429769064,0.034134281159284297,0.022238648712728737,0.009075394376515611,0.0341844383059239,learned/task_002/cell_0682,16,without_replacement,67108864,0.7275836914777756,103002,completed,512,3,0.06927214137534493,0.032427271676173486,0.020699670322369287,0.008896539860094865,0.03248829026745441,20.0,0.009075394376515389,0.03418344592802165
4,722,40d2f60f7b01b721909df18cdd26cc0bda1e28ef62dd47bb3bc9b7acfaa1fbc4,4b74724c4225fcfe043fdd749fb740fff4cf33c8,2.4050613921290688e-05,0.0008813880874949827,3,cuda,1.0,1,0.5,learned_mixture,0.9107256356501388,16,standard normal at finite u_max,infinite,learned,0.21183883622368688,0.11382538232809702,unbiased,0.20432806459256836,0.004883319139480591,32768,25042944,3.092283551442421e-08,0.21183881967789214,0.11382538232809702,3.092297362616847e-08,0.024474953789443088,0.1138652916687493,learned/task_002/cell_0722,27,without_replacement,67108864,0.727781243622303,103003,completed,512,3,0.2132223891190666,0.11440024295770157,2.696830181392329e-08,0.017764005676015993,0.11443439069923696,20.0,0.024474953789443088,0.1138648764192688
4,762,40d2f60f7b01b721909df18cdd26cc0bda1e28ef62dd47bb3bc9b7acfaa1fbc4,4b74724c4225fcfe043fdd749fb740fff4cf33c8,0.00030740128416184564,0.0049543149150306515,4,cuda,1.0,1,0.5,learned_mixture,0.5188770097794249,16,standard normal at finite u_max,infinite,learned,0.05047016389180581,0.023587708821945472,unbiased,0.44889182220371304,0.004829376935958862,32768,25042944,0.04612510796677971,0.05047019205275338,0.023587708821945445,0.04612510517919349,0.07425732782939876,0.023716571396760987,learned/task_002/cell_0762,9,without_replacement,67108864,0.7226005047559738,103004,completed,512,3,0.040537405097187285,0.018633393906914115,0.03607569706441116,0.07085225236626103,0.018849131425901743,20.0,0.07425732782939887,0.023714975553534294
4,802,4f8f7d024dee2ba1d205fcf59f39c4f32d87524ab703a9051d4ad4e7ca38f59f,4b74724c4225fcfe043fdd749fb740fff4cf33c8,6.415594371346337e-05,0.0021753219060224537,0,cuda,1.0,1,0.5,learned_mixture,0.7618286601790664,16,standard normal at finite u_max,infinite,learned,0.020178399884583587,0.009352657293130062,unbiased,0.3862061539427171,0.0048454031348228455,32768,25042944,0.0025563443029609223,0.020178387092833705,0.009352657293130007,0.0025563306999860647,0.008829755232046876,0.009568022101531827,learned/task_002/cell_0802,18,without_replacement,67108864,0.7249300256371498,104000,completed,512,4,0.016134307813367665,0.007177335387112571,0.0019696486814682057,0.008595048553583728,0.007445766128276708,20.0,0.008829755232046876,0.00956798095193728
4,842,4f8f7d024dee2ba1d205fcf59f39c4f32d87524ab703a9051d4ad4e7ca38f59f,4b74724c4225fcfe043fdd749fb740fff4cf33c8,0.0009356138563916042,0.008780124561371777,1,cuda,1.0,1,0.5,learned_mixture,0.7906232597795108,16,standard normal at finite u_max,infinite,learned,0.14119006181138932,0.07432999847207378,unbiased,0.28564002517419634,0.004997961223125458,32768,25042944,1.530256021009535e-06,0.14119002763721616,0.07432999847207333,1.530260302029518e-06,0.05576248414680629,0.07433256041050328,learned/task_002/cell_0842,19,without_replacement,67108864,0.722689226269722,104001,completed,512,4,0.15820528783274318,0.08311012303344512,1.7465871279265244e-06,0.05512454203647277,0.08311198074381455,20.0,0.05576248414680696,0.07433224648628783
4,882,4f8f7d024dee2ba1d205fcf59f39c4f32d87524ab703a9051d4ad4e7ca38f59f,4b74724c4225fcfe043fdd749fb740fff4cf33c8,0.0007826645557331329,0.008080472271458658,2,cuda,1.0,1,0.5,learned_mixture,0.6101088563666123,16,standard normal at finite u_max,infinite,learned,0.020677815297629853,0.009817388136912741,unbiased,0.3379922178562785,0.0050285011529922485,32768,25042944,0.008875220960457925,0.02067780260087032,0.00981738813691263,0.008875253985690931,0.012457610988844126,0.009915375196392224,learned/task_002/cell_0882,13,without_replacement,67108864,0.7227167710661888,104002,completed,512,4,0.03632461266684045,0.017897860407430966,0.01607295229628483,0.018376894980765446,0.01794688920844322,20.0,0.012457610988843792,0.009915188115022611
4,922,4f8f7d024dee2ba1d205fcf59f39c4f32d87524ab703a9051d4ad4e7ca38f59f,4b74724c4225fcfe043fdd749fb740fff4cf33c8,0.0024483605881657346,0.016039646368620573,3,cuda,1.0,1,0.5,learned_mixture,0.672909438395017,16,standard normal at finite u_max,infinite,learned,0.02579260754761281,0.007361308185284354,unbiased,0.2854499118739191,0.004875175654888153,32768,25042944,1.7070477031921882e-08,0.025792565880788265,0.0073613081852852424,1.7070557079001958e-08,0.14453656181125685,0.01520378035683318,learned/task_002/cell_0922,22,without_replacement,67108864,0.7319009527564049,104003,completed,512,4,0.018266165570437864,0.00867833805761875,2.696830181392329e-08,0.1311827460625894,0.01235158528569633,20.0,0.14453656181125796,0.015204638622312541
4,962,4f8f7d024dee2ba1d205fcf59f39c4f32d87524ab703a9051d4ad4e7ca38f59f,4b74724c4225fcfe043fdd749fb740fff4cf33c8,0.0005023595194851519,0.0064680583749646345,4,cuda,1.0,1,0.5,learned_mixture,0.9850137522291361,16,standard normal at finite u_max,infinite,learned,0.035615900473536244,0.019099309591179663,unbiased,0.41287821470779545,0.004913046956062317,32768,25042944,0.03432194044849751,0.03561586834504865,0.019099309591179676,0.034321941417559676,0.025403480827502323,0.019104495777552046,learned/task_002/cell_0962,13,without_replacement,67108864,0.7223646715283394,104004,completed,512,4,0.04802805098645402,0.02556735525347017,0.04734657029498984,0.028793994964840364,0.025572985644474973,20.0,0.02540348082750188,0.019105032802774844
4,3,ce9344dce5f56b4cda176bcdb36371f48911618aa600da1465617419b4995b69,4b74724c4225fcfe043fdd749fb740fff4cf33c8,0.0008171741636322943,0.007880182188503376,0,cuda,1.0,1,0.5,learned_mixture,0.7874779292133024,16,standard normal at finite u_max,finite,learned,0.08122161680222167,0.043246558159664106,tail,0.36509885922880214,2.0719344168901443,32768,20848640,0.01005334025684308,0.08122160303621961,0.04324655815966427,0.01005335502535161,0.010991533540105625,0.04331515975985168,learned/task_003/cell_0003,10,with_replacement,67108864,0.9917201399803162,100000,completed,512,0,0.06645374732554454,0.035366375971158215,0.008517123473863753,0.009012310182373584,0.03544964108495529,20.0,0.010991533540105403,0.04331449498759256
4,43,ce9344dce5f56b4cda176bcdb36371f48911618aa600da1465617419b4995b69,4b74724c4225fcfe043fdd749fb740fff4cf33c8,0.0016512152820836073,0.01161702053048948,1,cuda,1.0,1,0.5,learned_mixture,0.9615263905617925,16,standard normal at finite u_max,finite,learned,0.10400856690810373,0.053232800749300146,tail,0.2579268013251524,0.00487227737903595,32768,20848640,1.408322705676035e-06,0.10400856712929546,0.0532328007493007,1.4083266512976422e-06,0.00832762743305493,0.0532338128717984,learned/task_003/cell_0043,13,with_replacement,67108864,0.988511897623539,100001,completed,512,0,0.12688662955729296,0.06484982127979222,1.7465871279265244e-06,0.015382404527153115,0.0648510232577178,20.0,0.008327627433055262,0.05323424565723803
4,83,ce9344dce5f56b4cda176bcdb36371f48911618aa600da1465617419b4995b69,4b74724c4225fcfe043fdd749fb740fff4cf33c8,0.00012606658824418186,0.003226943742708743,2,cuda,1.0,1,0.5,learned_mixture,0.809146047260627,16,standard normal at finite u_max,finite,learned,0.040858365476636405,0.01838170271942624,tail,0.4043523455319107,0.0047339871525764465,32768,20848640,0.009319012311882813,0.04085837145137061,0.01838170271942613,0.009318978802790562,0.06755154317594547,0.019264466293621687,learned/task_003/cell_0083,9,with_replacement,67108864,0.9819434508681297,100002,completed,512,0,0.034568861008749396,0.015155017490909861,0.006299149112327429,0.07049289700998085,0.016362020299578704,20.0,0.06755154317594547,0.01926302164206735
4,123,ce9344dce5f56b4cda176bcdb36371f48911618aa600da1465617419b4995b69,4b74724c4225fcfe043fdd749fb740fff4cf33c8,9.986801702198109e-05,0.0032971395256144328,3,cuda,1.0,1,0.5,learned_mixture,0.8015028996637042,16,standard normal at finite u_max,finite,learned,0.1960998111406102,0.12184630609852953,tail,0.42693246878905505,0.004732348024845123,32768,20848640,2.8637123672403675e-08,0.19609979434930835,0.12184630609852909,2.8637255455876698e-08,0.1558847543668367,0.12184815790676533,learned/task_003/cell_0123,13,with_replacement,67108864,0.9840968698263168,100003,completed,512,0,0.19055398766740084,0.11854916657291459,2.696830181392329e-08,0.15384658661990414,0.11855079376487167,20.0,0.15588475436683735,0.12184777808828953
4,163,ce9344dce5f56b4cda176bcdb36371f48911618aa600da1465617419b4995b69,4b74724c4225fcfe043fdd749fb740fff4cf33c8,0.0005352084578247596,0.006672137013516965,4,cuda,1.0,1,0.5,learned_mixture,0.8878001693534388,16,standard normal at finite u_max,finite,learned,0.012875935334421107,0.004024434874063445,tail,0.32617717622192527,0.004735842347145081,32768,20848640,0.004907540915071507,0.012876023599193709,0.004024434874063478,0.004907537790236449,0.05180386673357429,0.004924803463981834,learned/task_003/cell_0163,9,with_replacement,67108864,0.9854714497923851,100004,completed,512,0,0.010832194649826599,0.002647702139454167,0.00801878948082746,0.06037779184169123,0.005499529380578355,20.0,0.05180386673357518,0.004925704095247628
4,203,642c9ac8b37cc879a46c5dc332c9d99eb4ae9d0bd2c4b38a1ce3bbe1af22951a,4b74724c4225fcfe043fdd749fb740fff4cf33c8,2.844010151597788e-05,0.0011679797502674278,0,cuda,1.0,1,0.5,learned_mixture,0.7225252159680994,16,standard normal at finite u_max,finite,learned,0.013464173980049288,0.0010216093206307786,tail,0.4311514079696286,0.004727713763713837,32768,20848640,0.0056234487125567945,0.013464275451178787,0.0010216093206308896,0.005623462759147459,0.09957433384194148,0.007151360886022647,learned/task_003/cell_0203,10,with_replacement,67108864,0.98773393034935,101000,completed,512,1,0.012286867764799259,5.0419791649602974e-05,0.005181940463953344,0.09324469626652299,0.006726285838147358,20.0,0.09957433384194181,0.007150992412462805
4,243,642c9ac8b37cc879a46c5dc332c9d99eb4ae9d0bd2c4b38a1ce3bbe1af22951a,4b74724c4225fcfe043fdd749fb740fff4cf33c8,2.4921865625736506e-05,0.001357100382033677,1,cuda,1.0,1,0.5,learned_mixture,0.5827882582818208,16,standard normal at finite u_max,finite,learned,0.07816977042679474,0.037960152905586186,tail,0.4380473008697736,0.005084417760372162,32768,20848640,1.8766097739097987e-06,0.07816975278108651,0.037960152905585964,1.8766149145754696e-06,0.07076785605955216,0.0380013739590571,learned/task_003/cell_0243,12,with_replacement,67108864,0.9890070781111717,101001,completed,512,1,0.0811500215399813,0.03931002346670198,1.7465871279265244e-06,0.07008276104031708,0.03935048900066743,20.0,0.07076785605955183,0.038001188175201664
4,283,642c9ac8b37cc879a46c5dc332c9d99eb4ae9d0bd2c4b38a1ce3bbe1af22951a,4b74724c4225fcfe043fdd749fb740fff4cf33c8,0.001157580044308242,0.009973517081374476,2,cuda,1.0,1,0.5,learned_mixture,0.7598770107932669,16,standard normal at finite u_max,finite,learned,0.00820999142609713,0.0006172479130623354,tail,0.4552200790445481,0.004726670682430267,32768,20848640,0.002343172462662066,0.008209967350510161,0.0006172479130622799,0.0023431397491559813,0.03976000546536662,0.0035644835002517994,learned/task_003/cell_0283,9,with_replacement,67108864,0.9885520413517952,101002,completed,512,1,0.024398727963757083,0.009356269168310172,0.005355264870339063,0.043532989416811274,0.011610942601803183,20.0,0.039760005465365955,0.0035654429274598882
4,323,642c9ac8b37cc879a46c5dc332c9d99eb4ae9d0bd2c4b38a1ce3bbe1af22951a,4b74724c4225fcfe043fdd749fb740fff4cf33c8,0.0013892843987064675,0.012532149162022515,3,cuda,1.0,1,0.5,learned_mixture,0.8113571973382429,16,standard normal at finite u_max,finite,learned,0.12846089965427665,0.08438502558080252,tail,0.40792789377925154,0.004892513155937195,32768,20848640,2.8719018940748242e-08,0.1284608554116357,0.08438502558080163,2.8719149280931333e-08,0.14871372209688283,0.08438648729721411,learned/task_003/cell_0323,15,with_replacement,67108864,0.9860565140843391,101003,completed,512,1,0.14932814802667121,0.09691717254024335,2.696830181392329e-08,0.16370856018346247,0.09691860513734568,20.0,0.14871372209688327,0.08438679023366807
4,363,642c9ac8b37cc879a46c5dc332c9d99eb4ae9d0bd2c4b38a1ce3bbe1af22951a,4b74724c4225fcfe043fdd749fb740fff4cf33c8,0.00031463144343195706,0.005149356238079656,4,cuda,1.0,1,0.5,learned_mixture,0.6731888763981925,16,standard normal at finite u_max,finite,learned,0.029470652965912003,0.012262954826295497,tail,0.43827788238651194,0.004754126071929932,32768,20848640,0.02606641013163541,0.029470663797406926,0.012262954826295525,0.02606641060973436,0.0963271444788193,0.013945708767482716,learned/task_003/cell_0363,8,with_replacement,67108864,0.9801570326089859,101004,completed,512,1,0.03945442373690822,0.01741231106437209,0.03623898956661292,0.09158560618386369,0.018417158633520718,20.0,0.09632714447881963,0.013947006670440389
4,403,4ad56f1f2de8ac7e99a997dc798fcc9a82d5e41bcaa01483fa8161ba24fa2737,4b74724c4225fcfe043fdd749fb740fff4cf33c8,9.210115215570896e-05,0.002181232325825704,0,cuda,1.0,1,0.5,learned_mixture,0.9502177876857828,16,standard normal at finite u_max,finite,learned,0.02318979800256271,0.010452651591247641,tail,0.40320468350529526,0.004803471267223358,32768,20848640,0.00762158788985497,0.023189889769500094,0.010452651591247586,0.0076216013696873315,0.07860802515847187,0.010683505695109882,learned/task_003/cell_0403,11,with_replacement,67108864,0.9853023737668991,102000,completed,512,2,0.02760492856093455,0.012630721168270354,0.00860238812362409,0.08869451119258465,0.012855545163579951,20.0,0.07860802515847198,0.010683309531772827
4,443,4ad56f1f2de8ac7e99a997dc798fcc9a82d5e41bcaa01483fa8161ba24fa2737,4b74724c4225fcfe043fdd749fb740fff4cf33c8,0.00047871224770341275,0.0047156649152418455,1,cuda,1.0,1,0.5,learned_mixture,0.7629983080069896,16,standard normal at finite u_max,finite,learned,0.09823095407002735,0.04934549645285624,tail,0.41348354919251606,0.004712410271167755,32768,20848640,1.6492303901438632e-06,0.09823095809109994,0.04934549645285635,1.6492350571883918e-06,0.09764673827296744,0.04940865057675522,learned/task_003/cell_0443,12,with_replacement,67108864,0.984314538538456,102001,completed,512,2,0.08992419303819865,0.04465696566087696,1.7465871279265244e-06,0.1214866364340712,0.0447773186885734,20.0,0.09764673827296799,0.04940854884411529
4,483,4ad56f1f2de8ac7e99a997dc798fcc9a82d5e41bcaa01483fa8161ba24fa2737,4b74724c4225fcfe043fdd749fb740fff4cf33c8,0.0026230916329368463,0.01447173451983635,2,cuda,1.0,1,0.5,learned_mixture,0.8143171822308599,16,standard normal at finite u_max,finite,learned,0.06572770421812513,0.033624717945264615,tail,0.40541241916743787,0.004751324653625488,32768,20848640,0.014349544913324325,0.06572765897940458,0.03362471794526445,0.014349577680161818,0.08298842425848041,0.033631443050560775,learned/task_003/cell_0483,9,with_replacement,67108864,0.9859397113323212,102002,completed,512,2,0.09060395463408066,0.04809645186967243,0.02818465968351372,0.06181830540288069,0.0481031147041448,20.0,0.0829884242584813,0.03363184554359662
4,523,4ad56f1f2de8ac7e99a997dc798fcc9a82d5e41bcaa01483fa8161ba24fa2737,4b74724c4225fcfe043fdd749fb740fff4cf33c8,0.00035992887657505503,0.005140605596515064,3,cuda,1.0,1,0.5,learned_mixture,0.956896357929524,16,standard normal at finite u_max,finite,learned,0.19220170327309877,0.1183005756490274,tail,0.4425996990504276,0.004698902368545532,32768,20848640,2.1807738725954096e-08,0.19220167530465604,0.11830057564902696,2.180783720273638e-08,0.1154544017231347,0.11830287003844019,learned/task_003/cell_0523,13,with_replacement,67108864,0.9846112802624702,102003,completed,512,2,0.19946102660199677,0.123374211035987,2.696830181392329e-08,0.09494181675377988,0.12337668085748607,20.0,0.1154544017231347,0.11830263167148511
4,563,4ad56f1f2de8ac7e99a997dc798fcc9a82d5e41bcaa01483fa8161ba24fa2737,4b74724c4225fcfe043fdd749fb740fff4cf33c8,0.0009602982617081326,0.008221400456309655,4,cuda,1.0,1,0.5,learned_mixture,0.9971078625584157,16,standard normal at finite u_max,finite,learned,0.021699419135550735,0.008113475205217963,tail,0.4270852202571762,0.004746928811073303,32768,20848640,0.0174354739845049,0.021699447853448295,0.008113475205217999,0.017435472311147393,0.016654134953997257,0.009840138103322443,learned/task_003/cell_0563,10,with_replacement,67108864,0.9827637374401093,102004,completed,512,2,0.006128162637423995,0.00010776927896460897,0.00047439215616978947,0.0006543908515612706,0.0032760645669414378,20.0,0.016654134953997923,0.009840527072163905
4,603,40d2f60f7b01b721909df18cdd26cc0bda1e28ef62dd47bb3bc9b7acfaa1fbc4,4b74724c4225fcfe043fdd749fb740fff4cf33c8,0.0015223838343253779,0.010789928562239495,0,cuda,1.0,1,0.5,learned_mixture,0.7371451166218752,16,standard normal at finite u_max,finite,learned,0.034586477810839567,0.01570339068246962,tail,0.4351391060754286,0.0047489553689956665,32768,20848640,0.008218138886190987,0.034586507636621966,0.01570339068246973,0.0082181540588208,0.08125524871500711,0.01630447689777373,learned/task_003/cell_0603,10,with_replacement,67108864,0.9818354398012161,103000,completed,512,3,0.01345491363766449,0.004913462120226975,0.005841515023107971,0.07907443778332734,0.006691268023772733,20.0,0.08125524871500722,0.016304938665689918
4,643,40d2f60f7b01b721909df18cdd26cc0bda1e28ef62dd47bb3bc9b7acfaa1fbc4,4b74724c4225fcfe043fdd749fb740fff4cf33c8,0.0014234268762008022,0.010818443034723216,1,cuda,1.0,1,0.5,learned_mixture,0.6773459357619939,16,standard normal at finite u_max,finite,learned,0.03199395579533659,0.01649968534320001,tail,0.36615289671189183,0.004727669060230255,32768,20848640,1.615856377590319e-06,0.031993931715549206,0.016499685343200454,1.6158608048266743e-06,0.03604922521673526,0.016506650629510095,learned/task_003/cell_0643,14,with_replacement,67108864,0.9834195002913475,103001,completed,512,3,0.05313545118087881,0.027318128377523787,1.7465871279265244e-06,0.034223028455387716,0.027323486866013182,20.0,0.036049225216736036,0.016506559919894272
4,683,40d2f60f7b01b721909df18cdd26cc0bda1e28ef62dd47bb3bc9b7acfaa1fbc4,4b74724c4225fcfe043fdd749fb740fff4cf33c8,3.501259091484902e-05,0.0017070094831116794,2,cuda,1.0,1,0.5,learned_mixture,0.8564842555767825,16,standard normal at finite u_max,finite,learned,0.04431100742359395,0.023112964346910236,tail,0.4149455367979418,0.004932396113872528,32768,20848640,0.018602963444384987,0.04431099191857457,0.023112964346910125,0.018602997263425347,0.001343701227189964,0.023128805668903685,learned/task_003/cell_0683,9,with_replacement,67108864,0.982031799852848,103002,completed,512,3,0.04121057547734669,0.021405954863799315,0.017064018873065898,0.0011662171219863904,0.021425496780669902,20.0,0.001343701227189964,0.023128725180330295
4,723,40d2f60f7b01b721909df18cdd26cc0bda1e28ef62dd47bb3bc9b7acfaa1fbc4,4b74724c4225fcfe043fdd749fb740fff4cf33c8,2.4050613921290688e-05,0.0008813880874949827,3,cuda,1.0,1,0.5,learned_mixture,0.8671928773970609,16,standard normal at finite u_max,finite,learned,0.16985374975296458,0.10270939723596095,tail,0.41608040271479513,0.004732534289360046,32768,20848640,3.092283551442421e-08,0.1698537273800798,0.10270939723596006,3.092297362616847e-08,0.032297285117491414,0.1027117273082357,learned/task_003/cell_0723,12,with_replacement,67108864,0.9828968420624733,103003,completed,512,3,0.16972999727758525,0.10213453660635641,2.696830181392329e-08,0.03939878758015669,0.10213728869917278,20.0,0.0322972851174923,0.1027117730261636
4,763,40d2f60f7b01b721909df18cdd26cc0bda1e28ef62dd47bb3bc9b7acfaa1fbc4,4b74724c4225fcfe043fdd749fb740fff4cf33c8,0.00030740128416184564,0.0049543149150306515,4,cuda,1.0,1,0.5,learned_mixture,0.9443017721524353,16,standard normal at finite u_max,finite,learned,0.018765991821078187,0.0051648447911965545,tail,0.393281739170389,0.004914827644824982,32768,20848640,0.013990109367316261,0.018765935553718527,0.005164844791196582,0.013990112154902312,0.007984956066362292,0.006383849712997705,learned/task_003/cell_0763,9,with_replacement,67108864,0.9816111624240875,103004,completed,512,3,0.02829603499727429,0.010119159706227912,0.02403952026968481,0.01169253587692265,0.010840603148261518,20.0,0.007984956066362514,0.006384018011700172
4,803,4f8f7d024dee2ba1d205fcf59f39c4f32d87524ab703a9051d4ad4e7ca38f59f,4b74724c4225fcfe043fdd749fb740fff4cf33c8,6.415594371346337e-05,0.0021753219060224537,0,cuda,1.0,1,0.5,learned_mixture,0.6637493017313767,16,standard normal at finite u_max,finite,learned,0.03616873865105802,0.01588269793570224,tail,0.3477348024365797,0.004910700023174286,32768,20848640,0.00034253872788714626,0.03616876003026315,0.015882697935702184,0.00034255233086199696,0.0632677582511334,0.016460713555954992,learned/task_003/cell_0803,11,with_replacement,67108864,0.9876619353890419,104000,completed,512,4,0.032238759883169876,0.013707376029684748,0.0009292343493798629,0.06348569126899894,0.014458330963884792,20.0,0.0632677582511334,0.0164607134601555
4,843,4f8f7d024dee2ba1d205fcf59f39c4f32d87524ab703a9051d4ad4e7ca38f59f,4b74724c4225fcfe043fdd749fb740fff4cf33c8,0.0009356138563916042,0.008780124561371777,1,cuda,1.0,1,0.5,learned_mixture,0.7924412402011558,16,standard normal at finite u_max,finite,learned,0.09513312539174051,0.04711008387659876,tail,0.44925652936102467,0.004717737436294556,32768,20848640,1.530256021009535e-06,0.09513314723761257,0.04711008387659876,1.5302603022515626e-06,0.06665075999588832,0.04711378580220022,learned/task_003/cell_0843,12,with_replacement,67108864,0.9871754348278046,104001,completed,512,4,0.11250136914663778,0.0558902084379701,1.7465871279265244e-06,0.06721473417832768,0.05589251951736636,20.0,0.0666507599958881,0.04711287589939718
4,883,4f8f7d024dee2ba1d205fcf59f39c4f32d87524ab703a9051d4ad4e7ca38f59f,4b74724c4225fcfe043fdd749fb740fff4cf33c8,0.0007826645557331329,0.008080472271458658,2,cuda,1.0,1,0.5,learned_mixture,0.7439136937422427,16,standard normal at finite u_max,finite,learned,0.11687111983744097,0.06383651252611988,tail,0.4012598821149554,0.0047579556703567505,32768,20848640,0.025996708628819767,0.11687107345565245,0.06383651252611994,0.025996741654052746,0.19541625388251838,0.06384485436527908,learned/task_003/cell_0883,10,with_replacement,67108864,0.9867399483919144,104002,completed,512,4,0.13042313408229228,0.0719169847966381,0.033194439964646674,0.18825098343536828,0.07192494159242471,20.0,0.19541625388251838,0.06384514082482405
4,923,4f8f7d024dee2ba1d205fcf59f39c4f32d87524ab703a9051d4ad4e7ca38f59f,4b74724c4225fcfe043fdd749fb740fff4cf33c8,0.0024483605881657346,0.016039646368620573,3,cuda,1.0,1,0.5,learned_mixture,0.7361837171599646,16,standard normal at finite u_max,finite,learned,0.20058859479355295,0.12477121392919277,tail,0.4480431128890362,0.004752598702907562,32768,20848640,1.7070477031921882e-08,0.20058854108046936,0.1247712139291921,1.7070557079001958e-08,0.09591302287268455,0.12477403815097554,learned/task_003/cell_0923,13,with_replacement,67108864,0.9884438216686249,104003,completed,512,4,0.225791496372515,0.14081086017209588,2.696830181392329e-08,0.08312651952075334,0.14081309986707985,20.0,0.09591302287268544,0.12477360553559479
4,963,4f8f7d024dee2ba1d205fcf59f39c4f32d87524ab703a9051d4ad4e7ca38f59f,4b74724c4225fcfe043fdd749fb740fff4cf33c8,0.0005023595194851519,0.0064680583749646345,4,cuda,1.0,1,0.5,learned_mixture,0.6980695486405911,16,standard normal at finite u_max,finite,learned,0.04182713596952514,0.02001568434045707,tail,0.4426498105610502,0.004746392369270325,32768,20848640,0.03994537444036772,0.04182716925000918,0.02001568434045707,0.03994537540942994,0.028206460085732243,0.02007459691000723,learned/task_003/cell_0963,8,with_replacement,67108864,0.9819420278072357,104004,completed,512,4,0.054254992207520614,0.026483730002747577,0.05297000428686005,0.024993208134418188,0.02652997618070047,20.0,0.028206460085732354,0.02007491954373565
4,4,ce9344dce5f56b4cda176bcdb36371f48911618aa600da1465617419b4995b69,4b74724c4225fcfe043fdd749fb740fff4cf33c8,0.0008171741636322943,0.007880182188503376,0,cuda,1.0,1,0.5,learned_mixture,0.54813124735008,16,standard normal at finite u_max,finite,learned,0.03358281118148543,0.014096860596288008,tail,0.4529906498860174,2.069367289543152,32768,25042944,0.007780081805143495,0.0335828423838338,0.014096860596288063,0.007780096573652024,0.12079177613874792,0.015214957751795797,learned/task_004/cell_0004,9,without_replacement,67108864,1.0103833638131618,100000,completed,512,0,0.022975039625723448,0.006216678407782117,0.0062438650221641676,0.1225130066290594,0.010424617993720658,20.0,0.1207917761387477,0.015214582827455119
4,44,ce9344dce5f56b4cda176bcdb36371f48911618aa600da1465617419b4995b69,4b74724c4225fcfe043fdd749fb740fff4cf33c8,0.0016512152820836073,0.01161702053048948,1,cuda,1.0,1,0.5,learned_mixture,0.9461282396337406,16,standard normal at finite u_max,finite,learned,0.10672089286992864,0.0507914994731522,tail,0.38582382333334087,0.004844114184379578,32768,25042944,1.408322705676035e-06,0.10672089219380193,0.050791499473152535,1.4083266512976422e-06,0.042213537588300376,0.050814805670359675,learned/task_004/cell_0044,11,without_replacement,67108864,1.0050876326858997,100001,completed,512,0,0.1296703031292265,0.062408520003644274,1.7465871279265244e-06,0.04902724963976035,0.06241618457294675,20.0,0.0422135375883006,0.050813443067737704
4,84,ce9344dce5f56b4cda176bcdb36371f48911618aa600da1465617419b4995b69,4b74724c4225fcfe043fdd749fb740fff4cf33c8,0.00012606658824418186,0.003226943742708743,2,cuda,1.0,1,0.5,learned_mixture,0.6584059001702346,16,standard normal at finite u_max,finite,learned,0.04608477633066732,0.020607840565606717,tail,0.38138749772458397,0.004967622458934784,32768,25042944,0.022057627733394355,0.04608478918467107,0.020607840565606772,0.02205766124248662,0.07184726094884741,0.021057182778774684,learned/task_004/cell_0084,8,without_replacement,67108864,1.0023793820291758,100002,completed,512,0,0.052415385240280665,0.023834525794123096,0.02507749093294974,0.0747750641937337,0.02423859404143579,20.0,0.07184726094884752,0.0210581557023949
4,124,ce9344dce5f56b4cda176bcdb36371f48911618aa600da1465617419b4995b69,4b74724c4225fcfe043fdd749fb740fff4cf33c8,9.986801702198109e-05,0.0032971395256144328,3,cuda,1.0,1,0.5,learned_mixture,0.8313128224856678,16,standard normal at finite u_max,finite,learned,0.10962462692940794,0.06217161624752876,tail,0.4019174971693921,0.004844345152378082,32768,25042944,2.8637123672403675e-08,0.10962457957431593,0.06217161624752898,2.8637255455876698e-08,0.11695893109541355,0.062275839071225365,learned/task_004/cell_0124,11,without_replacement,67108864,1.000134339556098,100003,completed,512,0,0.10375980400993384,0.058874476721913815,2.696830181392329e-08,0.11498940112332368,0.059000225006528614,20.0,0.116958931095414,0.06227548658585511
4,164,ce9344dce5f56b4cda176bcdb36371f48911618aa600da1465617419b4995b69,4b74724c4225fcfe043fdd749fb740fff4cf33c8,0.0005352084578247596,0.006672137013516965,4,cuda,1.0,1,0.5,learned_mixture,0.9848323779996749,16,standard normal at finite u_max,finite,learned,0.00799119693527195,0.0021953571529243644,tail,0.41287829096775663,0.0047556255012750626,32768,25042944,0.003798274827173098,0.007991265908437017,0.002195357152924394,0.0037982779520080445,0.006212829146321708,0.003681537773997331,learned/task_004/cell_0164,10,without_replacement,67108864,1.0021157953888178,100004,completed,512,0,0.01893092576327199,0.004476779860593248,0.016724605223072064,0.015199004555995543,0.0070192987611227674,20.0,0.006212829146322263,0.003682492297676015
4,204,642c9ac8b37cc879a46c5dc332c9d99eb4ae9d0bd2c4b38a1ce3bbe1af22951a,4b74724c4225fcfe043fdd749fb740fff4cf33c8,2.844010151597788e-05,0.0011679797502674278,0,cuda,1.0,1,0.5,learned_mixture,0.6267236997462444,16,standard normal at finite u_max,finite,learned,0.07340722184070086,0.03353680590147762,tail,0.3800939353126151,0.005091063678264618,32768,25042944,0.005708563442691543,0.073407243911768,0.03353680590147756,0.005708549396100875,0.06742512136754375,0.03361356186440356,learned/task_004/cell_0204,12,without_replacement,67108864,1.002709610387683,101000,completed,512,1,0.07575653248503206,0.034608835013758,0.0061500716912949935,0.06086948749843213,0.0346681577193448,20.0,0.0674251213675443,0.033614233354242525
4,244,642c9ac8b37cc879a46c5dc332c9d99eb4ae9d0bd2c4b38a1ce3bbe1af22951a,4b74724c4225fcfe043fdd749fb740fff4cf33c8,2.4921865625736506e-05,0.001357100382033677,1,cuda,1.0,1,0.5,learned_mixture,0.5526819291299186,16,standard normal at finite u_max,finite,learned,0.07769981281192412,0.041138464380494844,tail,0.4542067405831539,0.004924295470118523,32768,25042944,1.8766097739097987e-06,0.07769982658833596,0.04113846438049529,1.8766149152416034e-06,0.0514586296853089,0.04120612464861557,learned/task_004/cell_0244,11,without_replacement,67108864,1.0009613651782274,101001,completed,512,1,0.08065622697792024,0.04248833494161064,1.7465871279265244e-06,0.050759298551987686,0.04255439644335939,20.0,0.05145862968530923,0.041206076387400155
4,284,642c9ac8b37cc879a46c5dc332c9d99eb4ae9d0bd2c4b38a1ce3bbe1af22951a,4b74724c4225fcfe043fdd749fb740fff4cf33c8,0.001157580044308242,0.009973517081374476,2,cuda,1.0,1,0.5,learned_mixture,0.7490199316795234,16,standard normal at finite u_max,finite,learned,0.09442001895303609,0.04727008381282363,tail,0.4100499085874435,0.004773583263158798,32768,25042944,0.03928220683168279,0.09441999249439748,0.047270083812823716,0.039282174118176666,0.06022449865253354,0.04742184751246526,learned/task_004/cell_0284,11,without_replacement,67108864,1.0011891331523657,101002,completed,512,1,0.07551219433744649,0.037296566731451125,0.03158376949868166,0.056814329126962715,0.03749353753166909,20.0,0.06022449865253343,0.047421633868293726
4,324,642c9ac8b37cc879a46c5dc332c9d99eb4ae9d0bd2c4b38a1ce3bbe1af22951a,4b74724c4225fcfe043fdd749fb740fff4cf33c8,0.0013892843987064675,0.012532149162022515,3,cuda,1.0,1,0.5,learned_mixture,0.9573071876485493,16,standard normal at finite u_max,finite,learned,0.11758192590475064,0.07375431158008672,tail,0.418035567417896,0.004763934761285782,32768,25042944,2.8719018940748242e-08,0.11758190146178499,0.07375431158008561,2.8719149280931333e-08,0.07622183621272982,0.07376168563005,learned/task_004/cell_0324,12,without_replacement,67108864,1.0008470863103867,101003,completed,512,1,0.13916505941287255,0.08628645853952754,2.696830181392329e-08,0.09027039493438704,0.0862923907713514,20.0,0.07622183621273071,0.07376165004630361
4,364,642c9ac8b37cc879a46c5dc332c9d99eb4ae9d0bd2c4b38a1ce3bbe1af22951a,4b74724c4225fcfe043fdd749fb740fff4cf33c8,0.00031463144343195706,0.005149356238079656,4,cuda,1.0,1,0.5,learned_mixture,0.5459720135830042,16,standard normal at finite u_max,finite,learned,0.03169413155919215,0.014925403647340782,tail,0.4567093247778584,0.004681166261434555,32768,25042944,0.03035950049942482,0.031694116928710325,0.014925403647340803,0.03035950097752399,0.022639840764178132,0.01496798712407894,learned/task_004/cell_0364,8,without_replacement,67108864,1.001910088583827,101004,completed,512,1,0.04189586199971801,0.020074759885417376,0.04053207993440233,0.017511667892029514,0.020102851847979213,20.0,0.022639840764178243,0.014967160185634806
4,404,4ad56f1f2de8ac7e99a997dc798fcc9a82d5e41bcaa01483fa8161ba24fa2737,4b74724c4225fcfe043fdd749fb740fff4cf33c8,9.210115215570896e-05,0.002181232325825704,0,cuda,1.0,1,0.5,learned_mixture,0.9976386571238042,16,standard normal at finite u_max,finite,learned,0.040944564158383434,0.017882142960504388,tail,0.44813992850475576,0.010625509545207024,32768,25042944,0.00952188950492939,0.040944620192596926,0.017882142960504277,0.00952190298476175,0.10862117754144762,0.018254796662242213,learned/task_004/cell_0404,10,without_replacement,67108864,1.0039556231349707,102000,completed,512,2,0.045703479507911315,0.0200602125375271,0.01050268973869851,0.1183791093330483,0.020411926088802428,20.0,0.10862117754144751,0.018255232049951588
4,444,4ad56f1f2de8ac7e99a997dc798fcc9a82d5e41bcaa01483fa8161ba24fa2737,4b74724c4225fcfe043fdd749fb740fff4cf33c8,0.00047871224770341275,0.0047156649152418455,1,cuda,1.0,1,0.5,learned_mixture,0.7625435224070625,16,standard normal at finite u_max,finite,learned,0.03767492384342208,0.013093868417190957,tail,0.43990403032672215,0.004847493022680283,32768,25042944,1.6492303901438632e-06,0.0376748717512666,0.013093868417191068,1.6492350571883918e-06,0.09254865458468631,0.016039409139877413,learned/task_004/cell_0444,13,without_replacement,67108864,1.0045087486505508,102001,completed,512,2,0.027136873461912292,0.008405337625211673,1.7465871279265244e-06,0.06368385211087535,0.011401843080791478,20.0,0.09254865458468586,0.016039146125680283
4,484,4ad56f1f2de8ac7e99a997dc798fcc9a82d5e41bcaa01483fa8161ba24fa2737,4b74724c4225fcfe043fdd749fb740fff4cf33c8,0.0026230916329368463,0.01447173451983635,2,cuda,1.0,1,0.5,learned_mixture,0.7043541120891376,16,standard normal at finite u_max,finite,learned,0.03225806039808732,0.01652517558659028,tail,0.4113970586002504,0.005023222416639328,32768,25042944,0.017044581809750214,0.03225807617092891,0.01652517558659028,0.01704461457658768,0.05057229815535791,0.016822313294825718,learned/task_004/cell_0484,9,without_replacement,67108864,1.0078659150749445,102002,completed,512,2,0.0607939042601815,0.030996909510998094,0.03087969657993961,0.06913158913449535,0.03122255804295991,20.0,0.0505722981553578,0.016821660365856205
4,524,4ad56f1f2de8ac7e99a997dc798fcc9a82d5e41bcaa01483fa8161ba24fa2737,4b74724c4225fcfe043fdd749fb740fff4cf33c8,0.00035992887657505503,0.005140605596515064,3,cuda,1.0,1,0.5,learned_mixture,0.7245643531077246,16,standard normal at finite u_max,finite,learned,0.03516947276334759,0.007646101272639205,tail,0.3330496781863848,0.005028631538152695,32768,25042944,2.1807738725954096e-08,0.035169401790676624,0.007646101272639649,2.180783720273638e-08,0.15799400147813136,0.017884576307559207,learned/task_004/cell_0524,13,without_replacement,67108864,1.0053889732807875,102003,completed,512,2,0.026169597317505455,0.002572465885679609,2.696830181392329e-08,0.13669913697033143,0.014924141934432318,20.0,0.15799400147813158,0.017884363536858926
4,564,4ad56f1f2de8ac7e99a997dc798fcc9a82d5e41bcaa01483fa8161ba24fa2737,4b74724c4225fcfe043fdd749fb740fff4cf33c8,0.0009602982617081326,0.008221400456309655,4,cuda,1.0,1,0.5,learned_mixture,0.6997081734041101,16,standard normal at finite u_max,finite,learned,0.019221122312904182,0.007461964856264231,tail,0.4320345167576567,0.004767194390296936,32768,25042944,0.014321756689238963,0.019221212038752933,0.007461964856264193,0.01432175836259636,0.0486803528015739,0.007554866785780774,learned/task_004/cell_0564,9,without_replacement,67108864,1.0004580896347761,102004,completed,512,2,0.03572022102461536,0.015683209340446803,0.031282838517574074,0.06487655964984906,0.015759273731197183,20.0,0.04868035280157357,0.007555274582128222
4,604,40d2f60f7b01b721909df18cdd26cc0bda1e28ef62dd47bb3bc9b7acfaa1fbc4,4b74724c4225fcfe043fdd749fb740fff4cf33c8,0.0015223838343253779,0.010789928562239495,0,cuda,1.0,1,0.5,learned_mixture,0.8281620155135399,16,standard normal at finite u_max,finite,learned,0.03616500115413779,0.015089688323787098,tail,0.4529481253275617,0.004810744896531105,32768,25042944,0.0024593614495316968,0.03616505499531353,0.015089688323787043,0.0024593766221615194,0.020041411691639865,0.015222192208687781,learned/task_004/cell_0604,10,without_replacement,67108864,1.0036563966423273,103000,completed,512,3,0.015141457354235555,0.004299759761544453,8.273758644868068e-05,0.017715298373454536,0.00505468179007449,20.0,0.020041411691639532,0.015222074396528269
4,644,40d2f60f7b01b721909df18cdd26cc0bda1e28ef62dd47bb3bc9b7acfaa1fbc4,4b74724c4225fcfe043fdd749fb740fff4cf33c8,0.0014234268762008022,0.010818443034723216,1,cuda,1.0,1,0.5,learned_mixture,0.9987815185523085,16,standard normal at finite u_max,finite,learned,0.08617137685347959,0.04340708249935665,tail,0.40649689796122274,0.004802335053682327,32768,25042944,1.615856377590319e-06,0.0861713815887129,0.0434070824993571,1.6158608048266743e-06,0.04914234992075983,0.04365194156073899,learned/task_004/cell_0644,12,without_replacement,67108864,1.0052177850157022,103001,completed,512,3,0.10778942818130616,0.05422552553368043,1.7465871279265244e-06,0.04734095797575322,0.05441726067434302,20.0,0.049142349920760275,0.04365238185276078
4,684,40d2f60f7b01b721909df18cdd26cc0bda1e28ef62dd47bb3bc9b7acfaa1fbc4,4b74724c4225fcfe043fdd749fb740fff4cf33c8,3.501259091484902e-05,0.0017070094831116794,2,cuda,1.0,1,0.5,learned_mixture,0.598141432140436,16,standard normal at finite u_max,finite,learned,0.0737746743912786,0.03677931493265332,tail,0.4567447217171919,0.0047369059175252914,32768,25042944,0.037966888189265025,0.07377467270370208,0.03677931493265327,0.037966854370224734,0.024199412712013424,0.03686993809172585,learned/task_004/cell_0684,10,without_replacement,67108864,1.002861462533474,103002,completed,512,3,0.0769343667885849,0.038486324415764245,0.039505832760584114,0.024372369403987126,0.03856615398936075,20.0,0.024199412712014423,0.036868959430034653
4,724,40d2f60f7b01b721909df18cdd26cc0bda1e28ef62dd47bb3bc9b7acfaa1fbc4,4b74724c4225fcfe043fdd749fb740fff4cf33c8,2.4050613921290688e-05,0.0008813880874949827,3,cuda,1.0,1,0.5,learned_mixture,0.7028399127305991,16,standard normal at finite u_max,finite,learned,0.09389091279899198,0.05494443645156166,tail,0.4093844631160658,0.004764985293149948,32768,25042944,3.092283551442421e-08,0.09389089147792673,0.054944436451560996,3.092297362616847e-08,0.09587339571457698,0.05494764537846871,learned/task_004/cell_0724,11,without_replacement,67108864,1.0033806003630161,103003,completed,512,3,0.09373596754667912,0.05436957582195712,2.696830181392329e-08,0.10341225853116431,0.05437357440861481,20.0,0.09587339571457787,0.05494746416537441
4,764,40d2f60f7b01b721909df18cdd26cc0bda1e28ef62dd47bb3bc9b7acfaa1fbc4,4b74724c4225fcfe043fdd749fb740fff4cf33c8,0.00030740128416184564,0.0049543149150306515,4,cuda,1.0,1,0.5,learned_mixture,0.9408004376402869,16,standard normal at finite u_max,finite,learned,0.03758602538559941,0.016086875891969367,tail,0.44596336203150105,0.004808314144611359,32768,25042944,0.031234269767929035,0.03758606728873204,0.016086875891969332,0.03123426698034293,0.10819112515756868,0.01723688239128059,learned/task_004/cell_0764,8,without_replacement,67108864,1.0057853013277054,103004,completed,512,3,0.028750956724759358,0.01113256097693801,0.021184858865560485,0.10491086530910076,0.012752581489598954,20.0,0.10819112515756868,0.01723584052697564
4,804,4f8f7d024dee2ba1d205fcf59f39c4f32d87524ab703a9051d4ad4e7ca38f59f,4b74724c4225fcfe043fdd749fb740fff4cf33c8,6.415594371346337e-05,0.0021753219060224537,0,cuda,1.0,1,0.5,learned_mixture,0.9978910957545363,16,standard normal at finite u_max,finite,learned,0.04402338926149518,0.01813922787893263,tail,0.43849535493071023,0.004846304655075073,32768,25042944,0.008641975237460395,0.0440234267451326,0.01813922787893285,0.008641988840435247,0.13112098710715758,0.019144511319602486,learned/task_004/cell_0804,10,without_replacement,67108864,1.0036083981394768,104000,completed,512,4,0.0478314431204343,0.02031454978495012,0.009228670858953111,0.1313231339074925,0.020944039267159754,20.0,0.13112098710715792,0.019144572520110682
4,844,4f8f7d024dee2ba1d205fcf59f39c4f32d87524ab703a9051d4ad4e7ca38f59f,4b74724c4225fcfe043fdd749fb740fff4cf33c8,0.0009356138563916042,0.008780124561371777,1,cuda,1.0,1,0.5,learned_mixture,0.968695234930611,16,standard normal at finite u_max,finite,learned,0.09430514794381878,0.05171787315048815,tail,0.3785870878214639,0.004721835255622864,32768,25042944,1.530256021009535e-06,0.09430511911637501,0.051717873150489035,1.5302603029176964e-06,0.03812082951210849,0.05171856639175663,learned/task_004/cell_0844,13,without_replacement,67108864,1.0045317206531763,104001,completed,512,4,0.1114852836032611,0.060497997711859486,1.7465871279265244e-06,0.03749354733197241,0.06049875994904336,20.0,0.03812082951210782,0.05171880148599799
4,884,4f8f7d024dee2ba1d205fcf59f39c4f32d87524ab703a9051d4ad4e7ca38f59f,4b74724c4225fcfe043fdd749fb740fff4cf33c8,0.0007826645557331329,0.008080472271458658,2,cuda,1.0,1,0.5,learned_mixture,0.6716193022899762,16,standard normal at finite u_max,finite,learned,0.04299070502327795,0.019559561244889556,tail,0.45760089889735006,0.004802443087100983,32768,25042944,0.02031088826320379,0.042990720458431775,0.019559561244889556,0.02031092128843677,0.060485305711798776,0.020030264421936075,learned/task_004/cell_0884,8,without_replacement,67108864,1.0031051822006702,104002,completed,512,4,0.058977185923872466,0.02764003351540778,0.027508619599030698,0.06611671389433149,0.02796520930512414,20.0,0.060485305711798776,0.020030030289828388
4,924,4f8f7d024dee2ba1d205fcf59f39c4f32d87524ab703a9051d4ad4e7ca38f59f,4b74724c4225fcfe043fdd749fb740fff4cf33c8,0.0024483605881657346,0.016039646368620573,3,cuda,1.0,1,0.5,learned_mixture,0.9228821298104104,16,standard normal at finite u_max,finite,learned,0.14648700551385174,0.08756180394366275,tail,0.3330793197934309,0.004722585901618004,32768,25042944,1.7070477031921882e-08,0.1464869675349854,0.08756180394366209,1.7070557079001958e-08,0.07304245107479601,0.0875635911182851,learned/task_004/cell_0924,11,without_replacement,67108864,1.0032246001064777,104003,completed,512,4,0.17171542897577652,0.10360145018656586,2.696830181392329e-08,0.06052278882872897,0.10360383728167466,20.0,0.07304245107479668,0.08756436651236627
4,964,4f8f7d024dee2ba1d205fcf59f39c4f32d87524ab703a9051d4ad4e7ca38f59f,4b74724c4225fcfe043fdd749fb740fff4cf33c8,0.0005023595194851519,0.0064680583749646345,4,cuda,1.0,1,0.5,learned_mixture,0.9402813071127815,16,standard normal at finite u_max,finite,learned,0.12281805969612125,0.05963063919846216,tail,0.3038673005161602,0.004764474928379059,32768,25042944,0.12156978111257344,0.12281805881561503,0.059630639198462204,0.12156978014351183,0.11429857576012892,0.059655165435081196,learned/task_004/cell_0964,13,without_replacement,67108864,1.0027626249939203,104004,completed,512,4,0.10978500229298727,0.05316259353617166,0.10854515126608111,0.1113699888609293,0.05318977809141272,20.0,0.1142985757601297,0.05965543744741367
4,5,ce9344dce5f56b4cda176bcdb36371f48911618aa600da1465617419b4995b69,4b74724c4225fcfe043fdd749fb740fff4cf33c8,0.0008171741636322943,0.007880182188503376,0,cuda,1.0,1,0.5,learned_mixture,0.8379060528530402,16,standard normal at finite u_max,finite,learned,0.028015289641675434,0.015191853113014131,full,0.48073302937391316,2.118787788785994,32768,43918848,0.01566673331181638,0.028015269261887688,0.01519185311301402,0.015666718543307846,0.09134477091726145,0.015346421052807502,learned/task_005/cell_0005,10,with_replacement,1073741824,2.287544157356024,100000,completed,2048,0,0.03833208154012835,0.023072035301520022,0.017202950094795708,0.08920823961083757,0.02317360131987479,20.0,0.09134477091726168,0.015346438764826009
4,45,ce9344dce5f56b4cda176bcdb36371f48911618aa600da1465617419b4995b69,4b74724c4225fcfe043fdd749fb740fff4cf33c8,0.0016512152820836073,0.01161702053048948,1,cuda,1.0,1,0.5,learned_mixture,0.9862506768290755,16,standard normal at finite u_max,finite,learned,0.0772951910356156,0.037352942284661905,full,0.49057976442171203,0.007744254544377327,32768,43918848,1.408322705676035e-06,0.0772952037570756,0.03735294228466157,1.4083266506315084e-06,0.1078987043508256,0.037463483990598304,learned/task_005/cell_0045,10,with_replacement,1073741824,2.2752256207168102,100001,completed,2048,0,0.10043978995962138,0.04896996281515398,1.7465871279265244e-06,0.11424513081208676,0.04902756938908519,20.0,0.10789870435082527,0.037464465151776365
4,85,ce9344dce5f56b4cda176bcdb36371f48911618aa600da1465617419b4995b69,4b74724c4225fcfe043fdd749fb740fff4cf33c8,0.00012606658824418186,0.003226943742708743,2,cuda,1.0,1,0.5,learned_mixture,0.548984526630994,16,standard normal at finite u_max,finite,learned,0.060788525275314975,0.03213668389699659,full,0.47083387468533144,0.004729792475700378,32768,43918848,0.026506333642492663,0.060788525553193806,0.0321366838969967,0.026506367151584914,0.02233641188049862,0.0324164353232259,learned/task_005/cell_0085,9,with_replacement,1073741824,2.277158908545971,100002,completed,2048,0,0.06711180583865228,0.03536336912551297,0.029526196842048047,0.025420394187796402,0.03563105157629283,20.0,0.022336411880499174,0.032416233657122887
4,125,ce9344dce5f56b4cda176bcdb36371f48911618aa600da1465617419b4995b69,4b74724c4225fcfe043fdd749fb740fff4cf33c8,9.986801702198109e-05,0.0032971395256144328,3,cuda,1.0,1,0.5,learned_mixture,0.9956564226434366,16,standard normal at finite u_max,finite,learned,0.04709104228356131,0.028566438220598567,full,0.48274712795338964,0.00507677998393774,32768,43918848,2.8637123672403675e-08,0.04709104095496763,0.028566438220598567,2.8637255455876698e-08,0.03376034603924538,0.028566072596538192,learned/task_005/cell_0125,11,with_replacement,1073741824,2.2832070644944906,100003,completed,2048,0,0.04124150175292185,0.025269298694983622,2.696830181392329e-08,0.03546411321073051,0.025269508654628427,20.0,0.03376034603924505,0.02856662416538617
4,165,ce9344dce5f56b4cda176bcdb36371f48911618aa600da1465617419b4995b69,4b74724c4225fcfe043fdd749fb740fff4cf33c8,0.0005352084578247596,0.006672137013516965,4,cuda,1.0,1,0.5,learned_mixture,0.6611712130501058,16,standard normal at finite u_max,finite,learned,0.03416057836879094,0.01386078031067971,full,0.4907792528070672,0.004870282486081123,32768,43918848,0.027002674533708415,0.03416061397488612,0.013860780310679742,0.027002671408873524,0.08119773618859671,0.014642146903897257,learned/task_005/cell_0165,8,with_replacement,1073741824,2.272196687757969,100004,completed,2048,0,0.02383486006438873,0.0071886432971620985,0.014076344137809449,0.08950587152337075,0.009480935439164909,20.0,0.08119773618859716,0.014643215247380353
4,205,642c9ac8b37cc879a46c5dc332c9d99eb4ae9d0bd2c4b38a1ce3bbe1af22951a,4b74724c4225fcfe043fdd749fb740fff4cf33c8,2.844010151597788e-05,0.0011679797502674278,0,cuda,1.0,1,0.5,learned_mixture,0.8772914753295054,16,standard normal at finite u_max,finite,learned,0.005665034115438283,0.0011393934002427164,full,0.4874519103014236,0.004819871857762337,32768,43918848,0.00457610748640498,0.0056650771578318215,0.0011393934002426054,0.004576121532995652,0.04193621850410467,0.0025666332390754812,learned/task_005/cell_0205,10,with_replacement,1073741824,2.2719646599143744,101000,completed,2048,1,0.004528658874331959,6.736428796233485e-05,0.004134599237801529,0.03520140769303681,0.002364147012362822,20.0,0.04193621850410467,0.0025670109061948034
4,245,642c9ac8b37cc879a46c5dc332c9d99eb4ae9d0bd2c4b38a1ce3bbe1af22951a,4b74724c4225fcfe043fdd749fb740fff4cf33c8,2.4921865625736506e-05,0.001357100382033677,1,cuda,1.0,1,0.5,learned_mixture,0.926470839608057,16,standard normal at finite u_max,finite,learned,0.042481730325393596,0.01983309385077847,full,0.4781420293279483,0.004801802337169647,32768,43918848,1.8766097739097987e-06,0.042481778495540856,0.019833093850777583,1.8766149139093358e-06,0.11700985456787227,0.020496939407516943,learned/task_005/cell_0245,11,with_replacement,1073741824,2.277322879061103,101001,completed,2048,1,0.045254473965551156,0.021182964411894267,1.7465871279265244e-06,0.11635885238869204,0.021777277209134888,20.0,0.11700985456787161,0.02049651735661827
4,285,642c9ac8b37cc879a46c5dc332c9d99eb4ae9d0bd2c4b38a1ce3bbe1af22951a,4b74724c4225fcfe043fdd749fb740fff4cf33c8,0.001157580044308242,0.009973517081374476,2,cuda,1.0,1,0.5,learned_mixture,0.9997762650847363,16,standard normal at finite u_max,finite,learned,0.050946822222623034,0.026058086313883566,full,0.4723309796518657,0.004800132475793362,32768,43918848,0.021312332706149115,0.050946844306750116,0.026058086313883344,0.021312365419655283,0.009645821677919941,0.02606589985915042,learned/task_005/cell_0285,9,with_replacement,1073741824,2.271366434171796,101002,completed,2048,1,0.07006693303585532,0.03603160339525607,0.029010770039150244,0.00605211697547392,0.03603777382906125,20.0,0.009645821677919608,0.026065596454947146
4,325,642c9ac8b37cc879a46c5dc332c9d99eb4ae9d0bd2c4b38a1ce3bbe1af22951a,4b74724c4225fcfe043fdd749fb740fff4cf33c8,0.0013892843987064675,0.012532149162022515,3,cuda,1.0,1,0.5,learned_mixture,0.9915311289446966,16,standard normal at finite u_max,finite,learned,0.02528275782270306,0.014674017336034462,full,0.48355981035496326,0.004740373231470585,32768,43918848,2.8719018940748242e-08,0.025282837649775236,0.01467401733603535,2.8719149280931333e-08,0.06025643776088829,0.014860614839283604,learned/task_005/cell_0325,12,with_replacement,1073741824,2.2717392621561885,101003,completed,2048,1,0.046274576296304826,0.027206164295475288,2.696830181392329e-08,0.04798941048715055,0.027226397822579188,20.0,0.06025643776088929,0.01486013474638908
4,365,642c9ac8b37cc879a46c5dc332c9d99eb4ae9d0bd2c4b38a1ce3bbe1af22951a,4b74724c4225fcfe043fdd749fb740fff4cf33c8,0.00031463144343195706,0.005149356238079656,4,cuda,1.0,1,0.5,learned_mixture,0.6407080915080388,16,standard normal at finite u_max,finite,learned,0.014902343513619964,0.006797205884176885,full,0.46131368493074193,0.0050665512681007385,32768,43918848,0.01345147830682486,0.01490236997362221,0.006797205884176871,0.013451477828725633,0.002102514318711113,0.006865897706298645,learned/task_005/cell_0365,9,with_replacement,1073741824,2.2721372302621603,101004,completed,2048,1,0.005378056018584931,0.0016478496461002912,0.0032788988718473466,0.0031334171512777953,0.0020887286746548044,20.0,0.002102514318711113,0.006864900780828544
4,405,4ad56f1f2de8ac7e99a997dc798fcc9a82d5e41bcaa01483fa8161ba24fa2737,4b74724c4225fcfe043fdd749fb740fff4cf33c8,9.210115215570896e-05,0.002181232325825704,0,cuda,1.0,1,0.5,learned_mixture,0.8982932015021432,16,standard normal at finite u_max,finite,learned,0.03993546894721245,0.01869961513029572,full,0.4796208498137697,0.0047770217061042786,32768,43918848,0.006606885822928968,0.03993549560714882,0.018699615130295832,0.006606899302761326,0.0685386418575692,0.01879720620616419,learned/task_005/cell_0405,10,with_replacement,1073741824,2.2742048585787416,102000,completed,2048,2,0.044609804868701475,0.020877684707318434,0.007587686056698087,0.07873535751903948,0.020977211822254028,20.0,0.06853864185756964,0.01879656932586652
4,445,4ad56f1f2de8ac7e99a997dc798fcc9a82d5e41bcaa01483fa8161ba24fa2737,4b74724c4225fcfe043fdd749fb740fff4cf33c8,0.00047871224770341275,0.0047156649152418455,1,cuda,1.0,1,0.5,learned_mixture,0.7936298860713845,16,standard normal at finite u_max,finite,learned,0.04556217872460544,0.02326101773717404,full,0.48555867712992373,0.004870391450822353,32768,43918848,1.6492303901438632e-06,0.04556221282931833,0.023261017737173706,1.6492350566332803e-06,0.08270685788736898,0.023460053385948202,learned/task_005/cell_0445,11,with_replacement,1073741824,2.2716161031275988,102001,completed,2048,2,0.03826628933853754,0.018572486945194755,1.7465871279265244e-06,0.10694146313497399,0.0189697978912313,20.0,0.08270685788736887,0.023460775324496967
4,485,4ad56f1f2de8ac7e99a997dc798fcc9a82d5e41bcaa01483fa8161ba24fa2737,4b74724c4225fcfe043fdd749fb740fff4cf33c8,0.0026230916329368463,0.01447173451983635,2,cuda,1.0,1,0.5,learned_mixture,0.9969213968402113,16,standard normal at finite u_max,finite,learned,0.012198783383689182,0.002221464433009801,full,0.4859703786344619,0.0047315917909145355,32768,43918848,0.008127521156084172,0.012198846089233606,0.0022214644330096345,0.008127553922921693,0.06714098123768564,0.005813920994566999,learned/task_005/cell_0485,8,with_replacement,1073741824,2.2729883063584566,102002,completed,2048,2,0.03719491251658191,0.016693198357417616,0.021962635926273566,0.08537638972438133,0.01757702407388279,20.0,0.06714098123768475,0.0058152707777799
4,525,4ad56f1f2de8ac7e99a997dc798fcc9a82d5e41bcaa01483fa8161ba24fa2737,4b74724c4225fcfe043fdd749fb740fff4cf33c8,0.00035992887657505503,0.005140605596515064,3,cuda,1.0,1,0.5,learned_mixture,0.7931934961956195,16,standard normal at finite u_max,finite,learned,0.06839887672563016,0.039929543971823245,full,0.4871524991503178,0.004846122115850449,32768,43918848,2.1807738725954096e-08,0.06839889887191808,0.03992954397182369,2.180783720273638e-08,0.055814801149925986,0.039948157866757726,learned/task_005/cell_0525,10,with_replacement,1073741824,2.2748026652261615,102003,completed,2048,2,0.07831542593268215,0.04500317935878284,2.696830181392329e-08,0.07317784090152979,0.04502578791963127,20.0,0.05581480114992676,0.03994822735002363
4,565,4ad56f1f2de8ac7e99a997dc798fcc9a82d5e41bcaa01483fa8161ba24fa2737,4b74724c4225fcfe043fdd749fb740fff4cf33c8,0.0009602982617081326,0.008221400456309655,4,cuda,1.0,1,0.5,learned_mixture,0.6384444793924409,16,standard normal at finite u_max,finite,learned,0.019623841927679297,0.006997694030369737,full,0.4865661989624924,0.004733032546937466,32768,43918848,0.012548390024690659,0.019623836416270746,0.006997694030369726,0.012548391698047667,0.05583203699144712,0.008062790162454876,learned/task_005/cell_0565,8,with_replacement,1073741824,2.2746135471388698,102004,completed,2048,2,0.03517866546725634,0.015218938514552308,0.02950947185302577,0.07190648649265907,0.015292823590522989,20.0,0.055832036991447564,0.008062820649463169
4,605,40d2f60f7b01b721909df18cdd26cc0bda1e28ef62dd47bb3bc9b7acfaa1fbc4,4b74724c4225fcfe043fdd749fb740fff4cf33c8,0.0015223838343253779,0.010789928562239495,0,cuda,1.0,1,0.5,learned_mixture,0.6661134563715734,16,standard normal at finite u_max,finite,learned,0.028373497759749622,0.007374944663032512,full,0.4815390147546908,0.004819242283701897,32768,43918848,0.0031092398812474116,0.028373565953812907,0.007374944663032679,0.003109224708617603,0.027014982972650148,0.01005616699648923,learned/task_005/cell_0605,9,with_replacement,1073741824,2.278068646788597,103000,completed,2048,3,0.014294231276125141,0.0034149838992101333,0.005485863744330428,0.024705422718263925,0.00635301829851311,20.0,0.02701498297265048,0.01005579531693653
4,645,40d2f60f7b01b721909df18cdd26cc0bda1e28ef62dd47bb3bc9b7acfaa1fbc4,4b74724c4225fcfe043fdd749fb740fff4cf33c8,0.0014234268762008022,0.010818443034723216,1,cuda,1.0,1,0.5,learned_mixture,0.5236828978147443,16,standard normal at finite u_max,finite,learned,0.025882255675924615,0.007667959496306942,full,0.4779427690992128,0.004704332910478115,32768,43918848,1.615856377590319e-06,0.025882264517844478,0.007667959496306498,1.6158608048266743e-06,0.059178741729074114,0.010270521154960691,learned/task_005/cell_0645,12,with_replacement,1073741824,2.271344806998968,103001,completed,2048,3,0.01170924203082191,0.003150483538016835,1.7465871279265244e-06,0.05739636364524736,0.004755609148826051,20.0,0.05917874172907467,0.010271275764368032
4,685,40d2f60f7b01b721909df18cdd26cc0bda1e28ef62dd47bb3bc9b7acfaa1fbc4,4b74724c4225fcfe043fdd749fb740fff4cf33c8,3.501259091484902e-05,0.0017070094831116794,2,cuda,1.0,1,0.5,learned_mixture,0.9395380179624298,16,standard normal at finite u_max,finite,learned,0.04652084298479786,0.02269095758767642,full,0.48841369016069947,0.0047398218885064125,32768,43918848,0.02915537084079925,0.04652086777949327,0.022690957587676364,0.029155404659839596,0.09214385796529123,0.02286513760746003,learned/task_005/cell_0685,8,with_replacement,1073741824,2.274554588831961,103002,completed,2048,3,0.043431982684598025,0.020983948104565497,0.02761642626948016,0.09230477178022367,0.021216437119587164,20.0,0.09214385796529168,0.022865634122963725
4,725,40d2f60f7b01b721909df18cdd26cc0bda1e28ef62dd47bb3bc9b7acfaa1fbc4,4b74724c4225fcfe043fdd749fb740fff4cf33c8,2.4050613921290688e-05,0.0008813880874949827,3,cuda,1.0,1,0.5,learned_mixture,0.6380240127715796,16,standard normal at finite u_max,finite,learned,0.03815051206071762,0.018955604284702776,full,0.47850393765521637,0.0047597019001841545,32768,43918848,3.092283551442421e-08,0.038150512453521745,0.018955604284702776,3.092297362616847e-08,0.026449993995326215,0.01918845893846819,learned/task_005/cell_0725,10,with_replacement,1073741824,2.273575523868203,103003,completed,2048,3,0.03694453904617445,0.01838074365509823,2.696830181392329e-08,0.01975263281377282,0.018635775071112855,20.0,0.026449993995326437,0.01918876125509418
4,765,40d2f60f7b01b721909df18cdd26cc0bda1e28ef62dd47bb3bc9b7acfaa1fbc4,4b74724c4225fcfe043fdd749fb740fff4cf33c8,0.00030740128416184564,0.0049543149150306515,4,cuda,1.0,1,0.5,learned_mixture,0.5874353563355298,16,standard normal at finite u_max,finite,learned,0.04055063734046804,0.019333527938512014,full,0.49034400431124786,0.00513388030230999,32768,43918848,0.04031691212818833,0.04055062937990539,0.019333527938511993,0.04031690934060189,0.049186590762207105,0.01954288768210168,learned/task_005/cell_0765,7,with_replacement,1073741824,2.2702587842941284,103004,completed,2048,3,0.03109243298764197,0.014379213023480657,0.030267501225819782,0.04568929987658088,0.014660438968375655,20.0,0.04918659076220777,0.019543416539219004
4,805,4f8f7d024dee2ba1d205fcf59f39c4f32d87524ab703a9051d4ad4e7ca38f59f,4b74724c4225fcfe043fdd749fb740fff4cf33c8,6.415594371346337e-05,0.0021753219060224537,0,cuda,1.0,1,0.5,learned_mixture,0.5461340178218076,16,standard normal at finite u_max,finite,learned,0.085409115625671,0.04228143786717614,full,0.4795295535919129,0.004766322672367096,32768,43918848,0.008679668345906805,0.08540908404957764,0.04228143786717631,0.008679681948881659,0.0009329600504650593,0.04236416570012631,learned/task_005/cell_0805,11,with_replacement,1073741824,2.2728478396311402,104000,completed,2048,4,0.08944831294077765,0.04445675977319363,0.009266363967399521,0.001165395409644998,0.04453257199758832,20.0,0.0009329600504651703,0.04236478297789434
4,845,4f8f7d024dee2ba1d205fcf59f39c4f32d87524ab703a9051d4ad4e7ca38f59f,4b74724c4225fcfe043fdd749fb740fff4cf33c8,0.0009356138563916042,0.008780124561371777,1,cuda,1.0,1,0.5,learned_mixture,0.7258255945724584,16,standard normal at finite u_max,finite,learned,0.03391292365172405,0.016215540518872862,full,0.47842050365736777,0.004847021773457527,32768,43918848,1.530256021009535e-06,0.03391295716797921,0.016215540518873306,1.5302603026956518e-06,0.05496678451983106,0.01625232834238967,learned/task_005/cell_0845,11,with_replacement,1073741824,2.2758728712797165,104001,completed,2048,4,0.04970835334215873,0.0249956650802442,1.7465871279265244e-06,0.05553781871821595,0.025025883534610428,20.0,0.05496678451983128,0.016252505801261367
4,885,4f8f7d024dee2ba1d205fcf59f39c4f32d87524ab703a9051d4ad4e7ca38f59f,4b74724c4225fcfe043fdd749fb740fff4cf33c8,0.0007826645557331329,0.008080472271458658,2,cuda,1.0,1,0.5,learned_mixture,0.9920203278373789,16,standard normal at finite u_max,finite,learned,0.010740154003051172,0.00022755684714503843,full,0.48544270652526583,0.0047737425193190575,32768,43918848,0.004790520261614056,0.010740166556058361,0.00022755684714509394,0.004790553286847007,0.020953340454544778,0.004576880672134751,learned/task_005/cell_0885,8,with_replacement,1073741824,2.271021210588515,104002,completed,2048,4,0.024006957576330534,0.008308029117663263,0.011988251597440963,0.026821701431935296,0.010138152330509381,20.0,0.02095334045454511,0.004576824832128127
4,925,4f8f7d024dee2ba1d205fcf59f39c4f32d87524ab703a9051d4ad4e7ca38f59f,4b74724c4225fcfe043fdd749fb740fff4cf33c8,0.0024483605881657346,0.016039646368620573,3,cuda,1.0,1,0.5,learned_mixture,0.6662981971828633,16,standard normal at finite u_max,finite,learned,0.03181554750921789,0.01676452881477619,full,0.47612674354277246,0.004750731401145458,32768,43918848,1.7070477031921882e-08,0.03181555371491451,0.016764528814775304,1.7070557079001958e-08,0.05443784965519716,0.017437891622870242,learned/task_005/cell_0925,11,with_replacement,1073741824,2.272429471835494,104003,completed,2048,4,0.059809753323187054,0.0328041750576793,2.696830181392329e-08,0.06547014268621743,0.03308037096165277,20.0,0.05443784965519616,0.017437881786702226
4,965,4f8f7d024dee2ba1d205fcf59f39c4f32d87524ab703a9051d4ad4e7ca38f59f,4b74724c4225fcfe043fdd749fb740fff4cf33c8,0.0005023595194851519,0.0064680583749646345,4,cuda,1.0,1,0.5,learned_mixture,0.8471210171656733,16,standard normal at finite u_max,finite,learned,0.043674925790961994,0.020815784013689033,full,0.4856369289789531,0.004779201932251453,32768,43918848,0.039965130471991905,0.04367499515947526,0.020815784013689033,0.03996513144105418,0.07756508167570086,0.02097526261124677,learned/task_005/cell_0965,8,with_replacement,1073741824,2.2738622752949595,104004,completed,2048,4,0.05549653774275687,0.02728382967597954,0.052989760318484236,0.07451503485039734,0.027389772988630146,20.0,0.07756508167570086,0.020975849804899322
4,6,ce9344dce5f56b4cda176bcdb36371f48911618aa600da1465617419b4995b69,4b74724c4225fcfe043fdd749fb740fff4cf33c8,0.0008171741636322943,0.007880182188503376,0,cuda,1.0,1,0.5,learned_mixture,0.9210763184644535,16,standard normal at finite u_max,infinite,learned,0.06606205792933595,0.03419546346591912,unbiased,0.4671408455002789,2.1152191068977118,32768,20848640,0.006682833657584982,0.06606202566210839,0.03419546346591962,0.006682848426093502,0.025594674276698592,0.034204687381052465,learned/task_006/cell_0006,12,with_replacement,268435456,2.7758267801254988,100000,completed,2048,0,0.05008320227681656,0.026315281277413227,0.005146616874605655,0.02358686227476503,0.026327143888368276,20.0,0.02559467427669726,0.034204662018414905
4,46,ce9344dce5f56b4cda176bcdb36371f48911618aa600da1465617419b4995b69,4b74724c4225fcfe043fdd749fb740fff4cf33c8,0.0016512152820836073,0.01161702053048948,1,cuda,1.0,1,0.5,learned_mixture,0.9467230378236026,16,standard normal at finite u_max,infinite,learned,0.12412559405181489,0.06353525912693048,unbiased,0.2668057165000007,0.004951136186718941,32768,20848640,1.408322705676035e-06,0.1241255768889481,0.06353525912693059,1.4083266510755976e-06,0.03450890379659988,0.06353726983747073,learned/task_006/cell_0046,14,with_replacement,268435456,2.7622647155076265,100001,completed,2048,0,0.14685944654483407,0.07515227965742255,1.7465871279265244e-06,0.041377426766963654,0.0751532003425383,20.0,0.03450890379659988,0.06353636682631399
4,86,ce9344dce5f56b4cda176bcdb36371f48911618aa600da1465617419b4995b69,4b74724c4225fcfe043fdd749fb740fff4cf33c8,0.00012606658824418186,0.003226943742708743,2,cuda,1.0,1,0.5,learned_mixture,0.8546930273525336,16,standard normal at finite u_max,infinite,learned,0.018616527717586817,0.004918765629938704,unbiased,0.44321203542605686,0.004821544513106346,32768,20848640,0.01083228239122122,0.01861661372468304,0.004918765629938593,0.010832315900313527,0.044720864426839646,0.007157729060874394,learned/task_006/cell_0086,10,with_replacement,268435456,2.785189628601074,100002,completed,2048,0,0.02414768598295025,0.008145450858455083,0.013852145590776604,0.04773423629466611,0.009731268572613014,20.0,0.044720864426839424,0.007157227072266777
4,126,ce9344dce5f56b4cda176bcdb36371f48911618aa600da1465617419b4995b69,4b74724c4225fcfe043fdd749fb740fff4cf33c8,9.986801702198109e-05,0.0032971395256144328,3,cuda,1.0,1,0.5,learned_mixture,0.9233600028231783,16,standard normal at finite u_max,infinite,learned,0.04396249522233464,0.030789999388213696,unbiased,0.4612332798688337,0.005180312320590019,32768,20848640,2.8637123672403675e-08,0.043962494212993364,0.030789999388213474,2.8637255455876698e-08,0.011920579246480267,0.030792810645635355,learned/task_006/cell_0126,14,with_replacement,268435456,2.7766956761479378,100003,completed,2048,0,0.037887217420306096,0.02749285986259875,2.696830181392329e-08,0.010136263051214511,0.02749553443286922,20.0,0.011920579246480933,0.030792210073298604
4,166,ce9344dce5f56b4cda176bcdb36371f48911618aa600da1465617419b4995b69,4b74724c4225fcfe043fdd749fb740fff4cf33c8,0.0005352084578247596,0.006672137013516965,4,cuda,1.0,1,0.5,learned_mixture,0.7783596022612064,16,standard normal at finite u_max,infinite,learned,0.05898120682301067,0.026848695089283274,unbiased,0.48610246868020085,0.0048314351588487625,32768,20848640,0.05304799205369304,0.05898126830043893,0.026848695089283295,0.05304798892885837,0.1099250362059001,0.02701149866840368,learned/task_006/cell_0166,8,with_replacement,268435456,2.8469124529510736,100004,completed,2048,0,0.04823370414361994,0.020176558075765662,0.04012166165779407,0.11797340912415966,0.02067730447821045,20.0,0.10992503620590022,0.027011528919558117
4,206,642c9ac8b37cc879a46c5dc332c9d99eb4ae9d0bd2c4b38a1ce3bbe1af22951a,4b74724c4225fcfe043fdd749fb740fff4cf33c8,2.844010151597788e-05,0.0011679797502674278,0,cuda,1.0,1,0.5,learned_mixture,0.9370251143960191,16,standard normal at finite u_max,infinite,learned,0.05698039244470271,0.024846920082732704,unbiased,0.4625126416361891,0.004863334819674492,32768,20848640,0.002985374760127068,0.05698039728960408,0.02484692008273226,0.002985360713536417,0.017632312528321092,0.024921648873306123,learned/task_006/cell_0206,14,with_replacement,268435456,2.7980375550687313,101000,completed,2048,1,0.05938546259136612,0.025918949195013086,0.0034268830087305184,0.010726654836411775,0.02597476076551645,20.0,0.017632312528322314,0.02492158695401803
4,246,642c9ac8b37cc879a46c5dc332c9d99eb4ae9d0bd2c4b38a1ce3bbe1af22951a,4b74724c4225fcfe043fdd749fb740fff4cf33c8,2.4921865625736506e-05,0.001357100382033677,1,cuda,1.0,1,0.5,learned_mixture,0.6769855796243789,16,standard normal at finite u_max,infinite,learned,0.08799879801217081,0.04214202927811872,unbiased,0.4612680604323551,0.004856755957007408,32768,20848640,1.8766097739097987e-06,0.087998808146732,0.04214202927811872,1.8766149147975142e-06,0.06782214095122485,0.042296698740668326,learned/task_006/cell_0246,12,with_replacement,268435456,2.796782996505499,101001,completed,2048,1,0.09100670668426392,0.043491899839234516,1.7465871279265244e-06,0.06713487414449637,0.043641272324530626,20.0,0.06782214095122474,0.0422954174951376
4,286,642c9ac8b37cc879a46c5dc332c9d99eb4ae9d0bd2c4b38a1ce3bbe1af22951a,4b74724c4225fcfe043fdd749fb740fff4cf33c8,0.001157580044308242,0.009973517081374476,2,cuda,1.0,1,0.5,learned_mixture,0.971697800332788,16,standard normal at finite u_max,infinite,learned,0.04862669968046163,0.023622285402302767,unbiased,0.4620493462664758,0.004950685426592827,32768,20848640,0.023642879746266707,0.048626645465923546,0.023622285402302934,0.02364284703276051,0.0011822647404269304,0.023912336098971154,learned/task_006/cell_0286,11,with_replacement,268435456,2.8056187257170677,101002,completed,2048,1,0.03030170372364338,0.01364876832093026,0.015944442413265578,0.004815261391078796,0.01412875307643309,20.0,0.0011822647404271525,0.02391229457132233
4,326,642c9ac8b37cc879a46c5dc332c9d99eb4ae9d0bd2c4b38a1ce3bbe1af22951a,4b74724c4225fcfe043fdd749fb740fff4cf33c8,0.0013892843987064675,0.012532149162022515,3,cuda,1.0,1,0.5,learned_mixture,0.5823693960636984,16,standard normal at finite u_max,infinite,learned,0.02159242465906941,0.013959812256369553,unbiased,0.4742739513635591,0.004816165193915367,32768,20848640,2.8719018940748242e-08,0.021592426887016125,0.01395981225636933,2.8719149280931333e-08,0.02592480870512681,0.014039064736981473,learned/task_006/cell_0326,14,with_replacement,268435456,2.8034290485084057,101003,completed,2048,1,0.04243767240543639,0.02649195921581038,2.696830181392329e-08,0.013209630417748253,0.026551490934766657,20.0,0.02592480870512681,0.014040841954423634
4,366,642c9ac8b37cc879a46c5dc332c9d99eb4ae9d0bd2c4b38a1ce3bbe1af22951a,4b74724c4225fcfe043fdd749fb740fff4cf33c8,0.00031463144343195706,0.005149356238079656,4,cuda,1.0,1,0.5,learned_mixture,0.7404756461263852,16,standard normal at finite u_max,infinite,learned,0.020353527303881402,0.006002094904889413,unbiased,0.4699907798821514,0.005290800705552101,32768,20848640,0.00827440258224027,0.020353638327815116,0.006002094904889427,0.008274403060339552,0.065615257661085,0.006870010435869828,learned/task_006/cell_0366,10,with_replacement,268435456,2.79575620777905,101004,completed,2048,1,0.027232506279463164,0.011151451142966007,0.018446982017217783,0.06071257522357032,0.011189725073138129,20.0,0.065615257661085,0.006870838607596512
4,406,4ad56f1f2de8ac7e99a997dc798fcc9a82d5e41bcaa01483fa8161ba24fa2737,4b74724c4225fcfe043fdd749fb740fff4cf33c8,9.210115215570896e-05,0.002181232325825704,0,cuda,1.0,1,0.5,learned_mixture,0.8023165173760192,16,standard normal at finite u_max,infinite,learned,0.08761582898669495,0.04137510018659413,unbiased,0.4647665086270565,0.004886496812105179,32768,20848640,0.011889452427020442,0.08761576188815279,0.04137510018659407,0.011889438947188094,0.05142633022775822,0.041408105736936936,learned/task_006/cell_0406,14,with_replacement,268435456,2.7996419072151184,102000,completed,2048,2,0.08287500497390365,0.039197030609571415,0.010908652193251323,0.0399163569641372,0.03923581351270791,20.0,0.05142633022775778,0.04140800146628257
4,446,4ad56f1f2de8ac7e99a997dc798fcc9a82d5e41bcaa01483fa8161ba24fa2737,4b74724c4225fcfe043fdd749fb740fff4cf33c8,0.00047871224770341275,0.0047156649152418455,1,cuda,1.0,1,0.5,learned_mixture,0.8389437746592796,16,standard normal at finite u_max,infinite,learned,0.08280087404816733,0.04074547082853475,unbiased,0.4830136752294871,0.004847222939133644,32768,20848640,1.6492303901438632e-06,0.08280087520814533,0.040745470828534414,1.6492350567443026e-06,0.09625040777631266,0.04075011722970612,learned/task_006/cell_0446,13,with_replacement,268435456,2.7990339025855064,102001,completed,2048,2,0.07503543736894974,0.03605694003655546,1.7465871279265244e-06,0.12012719656357229,0.03607130912162508,20.0,0.09625040777631255,0.04074983918513521
4,486,4ad56f1f2de8ac7e99a997dc798fcc9a82d5e41bcaa01483fa8161ba24fa2737,4b74724c4225fcfe043fdd749fb740fff4cf33c8,0.0026230916329368463,0.01447173451983635,2,cuda,1.0,1,0.5,learned_mixture,0.8301995638872789,16,standard normal at finite u_max,infinite,learned,0.006250465177899622,0.0017190031322863453,unbiased,0.4877042125183292,0.004877366125583649,32768,20848640,0.0015964445731186938,0.006250431283819469,0.0017190031322864563,0.0015964773399561039,0.021720839318876473,0.0025248729514822186,learned/task_006/cell_0486,10,with_replacement,268435456,2.80034046061337,102002,completed,2048,2,0.032897354408380985,0.01619073705669416,0.015431559343308088,0.040844114915988494,0.016538924634105365,20.0,0.021720839318876806,0.0025255333289456545
4,526,4ad56f1f2de8ac7e99a997dc798fcc9a82d5e41bcaa01483fa8161ba24fa2737,4b74724c4225fcfe043fdd749fb740fff4cf33c8,0.00035992887657505503,0.005140605596515064,3,cuda,1.0,1,0.5,learned_mixture,0.8155113102052138,16,standard normal at finite u_max,infinite,learned,0.008596159543591247,0.004333438906169329,unbiased,0.40508497694101553,0.004843216389417648,32768,20848640,2.1807738725954096e-08,0.008596078921519784,0.004333438906169551,2.180783720273638e-08,0.0009925527828037461,0.004472721405995548,learned/task_006/cell_0526,15,with_replacement,268435456,2.798292640596628,102003,completed,2048,2,0.013316352975418222,0.009407074293128925,2.696830181392329e-08,0.019363743137519984,0.009586229855352662,20.0,0.0009925527828045233,0.004471155156384071
4,566,4ad56f1f2de8ac7e99a997dc798fcc9a82d5e41bcaa01483fa8161ba24fa2737,4b74724c4225fcfe043fdd749fb740fff4cf33c8,0.0009602982617081326,0.008221400456309655,4,cuda,1.0,1,0.5,learned_mixture,0.6799009175333346,16,standard normal at finite u_max,infinite,learned,0.061634290637003875,0.03601552610989457,unbiased,0.47988381309236733,0.0047967638820409775,32768,20848640,0.05977824129164977,0.0616342855633053,0.036015526109894544,0.059778242965007,0.04730875554544722,0.0360277762496984,learned/task_006/cell_0566,9,with_replacement,268435456,2.7975048273801804,102004,completed,2048,2,0.0785103148252756,0.04423677059407714,0.07673932311998488,0.029478335151232216,0.044244312450056625,20.0,0.047308755545447,0.036027525552639356
4,606,40d2f60f7b01b721909df18cdd26cc0bda1e28ef62dd47bb3bc9b7acfaa1fbc4,4b74724c4225fcfe043fdd749fb740fff4cf33c8,0.0015223838343253779,0.010789928562239495,0,cuda,1.0,1,0.5,learned_mixture,0.810520135683913,16,standard normal at finite u_max,infinite,learned,0.009622890018841534,0.0029619185226370526,unbiased,0.359237860265419,0.0048678964376449585,32768,20848640,0.004861408534135012,0.009623013968972804,0.002961918522637219,0.004861423706764822,0.06387720558025767,0.005648330131277087,learned/task_006/cell_0606,12,with_replacement,268435456,2.800575951114297,103000,completed,2048,3,0.016529343427209298,0.007828010039605593,0.0024847846710519955,0.061655144642646986,0.008586337717111196,20.0,0.06387720558025778,0.005648384503589695
4,646,40d2f60f7b01b721909df18cdd26cc0bda1e28ef62dd47bb3bc9b7acfaa1fbc4,4b74724c4225fcfe043fdd749fb740fff4cf33c8,0.0014234268762008022,0.010818443034723216,1,cuda,1.0,1,0.5,learned_mixture,0.890465998915,16,standard normal at finite u_max,infinite,learned,0.053704917302472344,0.02570903103362876,unbiased,0.48350751469124725,0.00512964092195034,32768,20848640,1.615856377590319e-06,0.053704925607468756,0.025709031033628982,1.6158608046046297e-06,0.03362344365565373,0.025710717884011754,learned/task_006/cell_0646,12,with_replacement,268435456,2.792600678279996,103001,completed,2048,3,0.07530149141123127,0.03652747406795254,1.7465871279265244e-06,0.03179265127122366,0.036528028315251565,20.0,0.03362344365565406,0.025710690377044265
4,686,40d2f60f7b01b721909df18cdd26cc0bda1e28ef62dd47bb3bc9b7acfaa1fbc4,4b74724c4225fcfe043fdd749fb740fff4cf33c8,3.501259091484902e-05,0.0017070094831116794,2,cuda,1.0,1,0.5,learned_mixture,0.9350116276341456,16,standard normal at finite u_max,infinite,learned,0.09780983328344206,0.05228931074393439,unbiased,0.442716653262955,0.004939395934343338,32768,20848640,0.025045849809542817,0.09780976368569722,0.052289310743934614,0.025045883628583093,0.1601540102125074,0.05229532891148358,learned/task_006/cell_0686,11,with_replacement,268435456,2.7915431410074234,103002,completed,2048,3,0.09510927685566767,0.05058230126082347,0.023506905238223727,0.15994837762486558,0.050588689892116734,20.0,0.16015401021250608,0.05229514278000125
4,726,40d2f60f7b01b721909df18cdd26cc0bda1e28ef62dd47bb3bc9b7acfaa1fbc4,4b74724c4225fcfe043fdd749fb740fff4cf33c8,2.4050613921290688e-05,0.0008813880874949827,3,cuda,1.0,1,0.5,learned_mixture,0.9872214094113213,16,standard normal at finite u_max,infinite,learned,0.018214459942907768,0.008009251057353284,unbiased,0.424239377842878,0.0047974176704883575,32768,20848640,3.092283551442421e-08,0.018214490916586223,0.008009251057354394,3.092297362616847e-08,0.030740789021505344,0.008949096240290689,learned/task_006/cell_0726,16,with_replacement,268435456,2.795835893601179,103003,completed,2048,3,0.01828738572649996,0.00858411168695783,2.696830181392329e-08,0.024072945588262673,0.009269773434133767,20.0,0.030740789021504344,0.008949824549397177
4,766,40d2f60f7b01b721909df18cdd26cc0bda1e28ef62dd47bb3bc9b7acfaa1fbc4,4b74724c4225fcfe043fdd749fb740fff4cf33c8,0.00030740128416184564,0.0049543149150306515,4,cuda,1.0,1,0.5,learned_mixture,0.6124335726914694,16,standard normal at finite u_max,infinite,learned,0.09973886115680414,0.05098237981467924,unbiased,0.43355235287278926,0.004868755117058754,32768,20848640,0.09504035348866935,0.09973881877954188,0.05098237981467919,0.09504035070108324,0.07531718686447109,0.05098465221517119,learned/task_006/cell_0766,9,with_replacement,268435456,2.793893788009882,103004,completed,2048,3,0.09032745044997564,0.046028064899647884,0.0849909425863008,0.07927242872395857,0.04603047190718714,20.0,0.07531718686447131,0.050984697365428856
4,806,4f8f7d024dee2ba1d205fcf59f39c4f32d87524ab703a9051d4ad4e7ca38f59f,4b74724c4225fcfe043fdd749fb740fff4cf33c8,6.415594371346337e-05,0.0021753219060224537,0,cuda,1.0,1,0.5,learned_mixture,0.8983982102652692,16,standard normal at finite u_max,infinite,learned,0.005787691575950493,0.0018363129628965469,unbiased,0.4693806219785031,0.0048431456089019775,32768,20848640,0.0026005152042347587,0.005787676345467285,0.0018363129628964914,0.0026005016012599046,0.007555180219638746,0.0023316116803297703,learned/task_006/cell_0806,12,with_replacement,268435456,2.798478238284588,104000,completed,2048,4,0.007385807560164381,0.0003390089431209442,0.002013819582742042,0.007320770074129346,0.002114936995597389,20.0,0.007555180219638524,0.0023329598232796718
4,846,4f8f7d024dee2ba1d205fcf59f39c4f32d87524ab703a9051d4ad4e7ca38f59f,4b74724c4225fcfe043fdd749fb740fff4cf33c8,0.0009356138563916042,0.008780124561371777,1,cuda,1.0,1,0.5,learned_mixture,0.9912529991838595,16,standard normal at finite u_max,infinite,learned,0.07916641022149301,0.04123930459230429,unbiased,0.46474478141397496,0.004824625328183174,32768,20848640,1.530256021009535e-06,0.07916640190072871,0.04123930459230496,1.530260303139741e-06,0.07052808916663256,0.0412429271267832,learned/task_006/cell_0846,13,with_replacement,268435456,2.797576177865267,104001,completed,2048,4,0.09651874075755179,0.05001942915367563,1.7465871279265244e-06,0.07108972048162765,0.05002220897428378,20.0,0.070528089166633,0.04124326336630926
4,886,4f8f7d024dee2ba1d205fcf59f39c4f32d87524ab703a9051d4ad4e7ca38f59f,4b74724c4225fcfe043fdd749fb740fff4cf33c8,0.0007826645557331329,0.008080472271458658,2,cuda,1.0,1,0.5,learned_mixture,0.7464986579406164,16,standard normal at finite u_max,infinite,learned,0.042759510669699186,0.018592128196656565,unbiased,0.4590125104647844,0.004840195178985596,32768,20848640,0.025198322920833488,0.04275953673970834,0.01859212819665662,0.025198355946066453,0.09755288472970813,0.018882175022658394,learned/task_006/cell_0886,10,with_replacement,268435456,2.7942264396697283,104002,completed,2048,4,0.058798214451104114,0.02667260046717479,0.032396054256660395,0.10296211153598667,0.02687574513260433,20.0,0.09755288472970836,0.018882081635717304
4,926,4f8f7d024dee2ba1d205fcf59f39c4f32d87524ab703a9051d4ad4e7ca38f59f,4b74724c4225fcfe043fdd749fb740fff4cf33c8,0.0024483605881657346,0.016039646368620573,3,cuda,1.0,1,0.5,learned_mixture,0.9162626652461667,16,standard normal at finite u_max,infinite,learned,0.018507598254479757,0.003384711942503671,unbiased,0.4735541084433052,0.00481223501265049,32768,20848640,1.7070477031921882e-08,0.01850763652556031,0.003384711942504115,1.7070557079001958e-08,0.0984582858052423,0.010809017787692126,learned/task_006/cell_0926,16,with_replacement,268435456,2.8006180115044117,104003,completed,2048,4,0.03159159517304755,0.012654934300399434,2.696830181392329e-08,0.10897697288155817,0.013971470840180347,20.0,0.09845828580524185,0.010808975312864066
4,966,4f8f7d024dee2ba1d205fcf59f39c4f32d87524ab703a9051d4ad4e7ca38f59f,4b74724c4225fcfe043fdd749fb740fff4cf33c8,0.0005023595194851519,0.0064680583749646345,4,cuda,1.0,1,0.5,learned_mixture,0.9578347569102433,16,standard normal at finite u_max,infinite,learned,0.018773371423207896,0.009972549174794194,unbiased,0.46552125353927865,0.00479690358042717,32768,20848640,0.013265720238923584,0.018773424381840598,0.0099725491747942,0.013265721207985748,0.03634427795831541,0.010003682658764048,learned/task_006/cell_0966,10,with_replacement,268435456,2.7948249373584986,104004,completed,2048,4,0.030385323603715375,0.0164405948370847,0.026290350085415914,0.03315793384090271,0.01647025403986333,20.0,0.03634427795831552,0.010003611617140917
4,7,ce9344dce5f56b4cda176bcdb36371f48911618aa600da1465617419b4995b69,4b74724c4225fcfe043fdd749fb740fff4cf33c8,0.0008171741636322943,0.007880182188503376,0,cuda,1.0,1,0.5,learned_mixture,0.7216748550243112,16,standard normal at finite u_max,infinite,learned,0.05156039299257231,0.021186360354870537,unbiased,0.44248970783680636,2.119337111711502,32768,25042944,0.0011142759326755805,0.051560371021793006,0.02118636035487037,0.0011142611641670533,0.06715149921946595,0.02159522345867367,learned/task_007/cell_0007,12,without_replacement,268435456,2.735205316916108,100000,completed,2048,0,0.06762619249193524,0.029066542543376428,0.0026504927156549077,0.06897774155752501,0.029382105306673668,20.0,0.06715149921946617,0.0215943835385079
4,47,ce9344dce5f56b4cda176bcdb36371f48911618aa600da1465617419b4995b69,4b74724c4225fcfe043fdd749fb740fff4cf33c8,0.0016512152820836073,0.01161702053048948,1,cuda,1.0,1,0.5,learned_mixture,0.7996308237709188,16,standard normal at finite u_max,infinite,learned,0.050354088399560515,0.024916142513524253,unbiased,0.4550454044254142,0.005110953003168106,32768,25042944,1.408322705676035e-06,0.050354102919244026,0.024916142513524142,1.4083266509645753e-06,0.09631831239267274,0.0250023894521547,learned/task_007/cell_0047,13,without_replacement,268435456,2.721711291000247,100001,completed,2048,0,0.07336951229945837,0.036533163044016326,1.7465871279265244e-06,0.10274712199395797,0.036590797607227714,20.0,0.09631831239267263,0.02500219146356502
4,87,ce9344dce5f56b4cda176bcdb36371f48911618aa600da1465617419b4995b69,4b74724c4225fcfe043fdd749fb740fff4cf33c8,0.00012606658824418186,0.003226943742708743,2,cuda,1.0,1,0.5,learned_mixture,0.9175080686868405,16,standard normal at finite u_max,infinite,learned,0.04589580137151239,0.02267977723451281,unbiased,0.47469189987311294,0.004949606955051422,32768,25042944,0.020117871693071623,0.04589585062117307,0.0226797772345127,0.020117905202163944,0.023221341035163157,0.022744643132589882,learned/task_007/cell_0087,10,without_replacement,268435456,2.7294727470725775,100002,completed,2048,0,0.05211020196835536,0.02590646246302919,0.023137734892627007,0.026302531885470604,0.025950769027513393,20.0,0.0232213410351626,0.022743567257742715
4,127,ce9344dce5f56b4cda176bcdb36371f48911618aa600da1465617419b4995b69,4b74724c4225fcfe043fdd749fb740fff4cf33c8,9.986801702198109e-05,0.0032971395256144328,3,cuda,1.0,1,0.5,learned_mixture,0.8788780882120719,16,standard normal at finite u_max,infinite,learned,0.02292170995515408,0.007954228373296734,unbiased,0.46236341159940136,0.005298551172018051,32768,25042944,2.8637123672403675e-08,0.022921698562978432,0.007954228373296957,2.8637255455876698e-08,0.05534644721171045,0.009748776035815228,learned/task_007/cell_0127,13,without_replacement,268435456,2.7206477131694555,100003,completed,2048,0,0.02856537749235144,0.01125136789891168,2.696830181392329e-08,0.05348555832774471,0.012165870540718405,20.0,0.055346447211711114,0.009748680020488901
4,167,ce9344dce5f56b4cda176bcdb36371f48911618aa600da1465617419b4995b69,4b74724c4225fcfe043fdd749fb740fff4cf33c8,0.0005352084578247596,0.006672137013516965,4,cuda,1.0,1,0.5,learned_mixture,0.9559759409249655,16,standard normal at finite u_max,infinite,learned,0.04974030725476797,0.027609146573231234,unbiased,0.48257475700040653,0.004948822781443596,32768,25042944,0.048299497202673125,0.04974031335728313,0.027609146573231262,0.04829949407783829,0.04153635820137469,0.027616747696812986,learned/task_007/cell_0167,9,without_replacement,268435456,2.7518305964767933,100004,completed,2048,0,0.03755895858614233,0.020937009559713622,0.03537316680677416,0.05020312575644226,0.02094631402930444,20.0,0.04153635820137502,0.027616853191578677
4,207,642c9ac8b37cc879a46c5dc332c9d99eb4ae9d0bd2c4b38a1ce3bbe1af22951a,4b74724c4225fcfe043fdd749fb740fff4cf33c8,2.844010151597788e-05,0.0011679797502674278,0,cuda,1.0,1,0.5,learned_mixture,0.9994425533497469,16,standard normal at finite u_max,infinite,learned,0.01259294997297733,0.004402725551255038,unbiased,0.47163685193059474,0.005050072446465492,32768,25042944,0.0029487752759648454,0.01259300659341217,0.004402725551254927,0.002948789322555512,0.048822195254590195,0.00621362093584843,learned/task_007/cell_0207,12,without_replacement,268435456,2.7560162004083395,101000,completed,2048,1,0.0142858816752931,0.005474754663535419,0.002507267027361395,0.042135790146315855,0.0069223659545602,20.0,0.04882219525459053,0.006213001553257273
4,247,642c9ac8b37cc879a46c5dc332c9d99eb4ae9d0bd2c4b38a1ce3bbe1af22951a,4b74724c4225fcfe043fdd749fb740fff4cf33c8,2.4921865625736506e-05,0.001357100382033677,1,cuda,1.0,1,0.5,learned_mixture,0.8424688617218767,16,standard normal at finite u_max,infinite,learned,0.06783899481647498,0.035597768643029326,unbiased,0.47180346514596444,0.0049385856837034225,32768,25042944,1.8766097739097987e-06,0.06783901176832524,0.035597768643029104,1.8766149146864919e-06,0.0722011790107272,0.035605709650398186,learned/task_007/cell_0247,13,without_replacement,268435456,2.7196975518018007,101001,completed,2048,1,0.07082688933321996,0.03694763920414512,1.7465871279265244e-06,0.07151714073756055,0.03695533737455342,20.0,0.07220117901072687,0.03560573064611696
4,287,642c9ac8b37cc879a46c5dc332c9d99eb4ae9d0bd2c4b38a1ce3bbe1af22951a,4b74724c4225fcfe043fdd749fb740fff4cf33c8,0.001157580044308242,0.009973517081374476,2,cuda,1.0,1,0.5,learned_mixture,0.9992107895905126,16,standard normal at finite u_max,infinite,learned,0.008989212139511982,0.0014694766672882498,unbiased,0.4750219627696859,0.005296871066093445,32768,25042944,0.003047752687935709,0.008989137384878165,0.0014694766672881943,0.0030477854014418215,0.020324996723305788,0.00328290829098937,learned/task_007/cell_0287,11,without_replacement,268435456,2.7223188914358616,101002,completed,2048,1,0.026267118312756244,0.011442993748660757,0.010746190020936838,0.016770043613390295,0.012321432685541395,20.0,0.0203249967233059,0.0032838411724785575
4,327,642c9ac8b37cc879a46c5dc332c9d99eb4ae9d0bd2c4b38a1ce3bbe1af22951a,4b74724c4225fcfe043fdd749fb740fff4cf33c8,0.0013892843987064675,0.012532149162022515,3,cuda,1.0,1,0.5,learned_mixture,0.9153285843674515,16,standard normal at finite u_max,infinite,learned,0.0695245682254294,0.04454969861819924,unbiased,0.45721168355123587,0.005002476274967194,32768,25042944,2.8719018940748242e-08,0.0695245739663003,0.04454969861819924,2.8719149280931333e-08,0.0008613282738965111,0.04457108551615528,learned/task_007/cell_0327,11,without_replacement,268435456,2.7185120172798634,101003,completed,2048,1,0.09114095616143031,0.05708184557764007,2.696830181392329e-08,0.01392616181413664,0.05709712817931234,20.0,0.0008613282738965111,0.04457144904863686
4,367,642c9ac8b37cc879a46c5dc332c9d99eb4ae9d0bd2c4b38a1ce3bbe1af22951a,4b74724c4225fcfe043fdd749fb740fff4cf33c8,0.00031463144343195706,0.005149356238079656,4,cuda,1.0,1,0.5,learned_mixture,0.9906220079577437,16,standard normal at finite u_max,infinite,learned,0.0793370471531325,0.04523563619376518,unbiased,0.45511758618763204,0.004998285323381424,32768,25042944,0.07206294886272574,0.07933700262444876,0.045235636193765194,0.07206294934082497,0.16593720860918393,0.04524304181502799,learned/task_007/cell_0367,9,without_replacement,268435456,2.7181227318942547,101004,completed,2048,1,0.08931064962413876,0.050384992431841774,0.08223552829770325,0.17205483833586888,0.050392606386016274,20.0,0.16593720860918393,0.04524416009735202
4,407,4ad56f1f2de8ac7e99a997dc798fcc9a82d5e41bcaa01483fa8161ba24fa2737,4b74724c4225fcfe043fdd749fb740fff4cf33c8,9.210115215570896e-05,0.002181232325825704,0,cuda,1.0,1,0.5,learned_mixture,0.9981241652190862,16,standard normal at finite u_max,infinite,learned,0.033744154904979506,0.014580879130771718,unbiased,0.4720578202484542,0.005905264988541603,32768,25042944,0.002283121325523399,0.033744152306199426,0.014580879130771662,0.002283107845691048,0.01714398772041159,0.014976696548666254,learned/task_007/cell_0407,12,without_replacement,268435456,2.7296601068228483,102000,completed,2048,2,0.02902175842771537,0.012402809553749006,0.00130232109175428,0.027903321111726442,0.012916429051850928,20.0,0.017143987720411813,0.01497572825032258
4,447,4ad56f1f2de8ac7e99a997dc798fcc9a82d5e41bcaa01483fa8161ba24fa2737,4b74724c4225fcfe043fdd749fb740fff4cf33c8,0.00047871224770341275,0.0047156649152418455,1,cuda,1.0,1,0.5,learned_mixture,0.6359864256950916,16,standard normal at finite u_max,infinite,learned,0.09199655863969403,0.046083774905527286,unbiased,0.47615315345037135,0.004987863823771477,32768,25042944,1.6492303901438632e-06,0.09199657384902465,0.04608377490552695,1.649235056855325e-06,0.04465146457870095,0.04616252735149919,learned/task_007/cell_0447,12,without_replacement,268435456,2.7252497989684343,102001,completed,2048,2,0.08369659961000525,0.041395244113548,1.7465871279265244e-06,0.06989148171923043,0.041501000122354186,20.0,0.04465146457870095,0.046161867949446454
4,487,4ad56f1f2de8ac7e99a997dc798fcc9a82d5e41bcaa01483fa8161ba24fa2737,4b74724c4225fcfe043fdd749fb740fff4cf33c8,0.0026230916329368463,0.01447173451983635,2,cuda,1.0,1,0.5,learned_mixture,0.7694527012278138,16,standard normal at finite u_max,infinite,learned,0.041843384455643395,0.01940640740981736,unbiased,0.4668578439622133,0.004978395998477936,32768,25042944,0.02259499869829474,0.04184338950250799,0.01940640740981736,0.022595031465132198,0.08654752746739569,0.019885653304998658,learned/task_007/cell_0487,10,without_replacement,268435456,2.7204614840447903,102002,completed,2048,2,0.07026044742781978,0.033878141334225176,0.036430113468484134,0.10440357927671962,0.034130234555839856,20.0,0.08654752746739569,0.019885790910705532
4,527,4ad56f1f2de8ac7e99a997dc798fcc9a82d5e41bcaa01483fa8161ba24fa2737,4b74724c4225fcfe043fdd749fb740fff4cf33c8,0.00035992887657505503,0.005140605596515064,3,cuda,1.0,1,0.5,learned_mixture,0.6147667083952763,16,standard normal at finite u_max,infinite,learned,0.02956886308884421,0.015715341180780218,unbiased,0.4860517402311693,0.004920996725559235,32768,25042944,2.1807738725954096e-08,0.02956887021353305,0.015715341180780218,2.180783720273638e-08,0.039516524173113576,0.01585172923989919,learned/task_007/cell_0527,12,without_replacement,268435456,2.707546764984727,102003,completed,2048,2,0.03918530177225388,0.020788976567739814,2.696830181392329e-08,0.057179280157693135,0.02096148413664394,20.0,0.03951652417311413,0.015851911683635506
4,567,4ad56f1f2de8ac7e99a997dc798fcc9a82d5e41bcaa01483fa8161ba24fa2737,4b74724c4225fcfe043fdd749fb740fff4cf33c8,0.0009602982617081326,0.008221400456309655,4,cuda,1.0,1,0.5,learned_mixture,0.9319746106399985,16,standard normal at finite u_max,infinite,learned,0.02913060281639951,0.015083285963273067,unbiased,0.4696215546101679,0.00487692654132843,32768,25042944,0.025019217705434693,0.0291305308295714,0.015083285963273046,0.025019219378791757,0.00814136062395776,0.015158989907512929,learned/task_007/cell_0567,9,without_replacement,268435456,2.7116139214485884,102004,completed,2048,2,0.04463285151917973,0.02330453044745564,0.041980299533769805,0.025027743381732193,0.023377114882324617,20.0,0.008141360623957872,0.015159410180891033
4,607,40d2f60f7b01b721909df18cdd26cc0bda1e28ef62dd47bb3bc9b7acfaa1fbc4,4b74724c4225fcfe043fdd749fb740fff4cf33c8,0.0015223838343253779,0.010789928562239495,0,cuda,1.0,1,0.5,learned_mixture,0.9996496589990411,16,standard normal at finite u_max,infinite,learned,0.054500065475975856,0.024578273175734244,unbiased,0.4825054355616715,0.005310742184519768,32768,25042944,0.005578899943885931,0.05450007219109365,0.0245782731757343,0.005578915116515749,0.05246619968959143,0.02464999073956336,learned/task_007/cell_0607,11,without_replacement,268435456,2.709549779072404,103000,completed,2048,3,0.032212711662148785,0.013788344613491599,0.003202276080802915,0.0502170526147776,0.013965542436390272,20.0,0.05246619968959143,0.024649576049579534
4,647,40d2f60f7b01b721909df18cdd26cc0bda1e28ef62dd47bb3bc9b7acfaa1fbc4,4b74724c4225fcfe043fdd749fb740fff4cf33c8,0.0014234268762008022,0.010818443034723216,1,cuda,1.0,1,0.5,learned_mixture,0.9223079038619033,16,standard normal at finite u_max,infinite,learned,0.07179743115837656,0.03163784602423414,unbiased,0.4638285927822744,0.004984214901924133,32768,25042944,1.615856377590319e-06,0.07179743711663827,0.031637846024233696,1.6158608039384958e-06,0.023870051605193288,0.032797357855653006,learned/task_007/cell_0647,12,without_replacement,268435456,2.7085606567561626,103001,completed,2048,3,0.09337956362425753,0.04245628905855792,1.7465871279265244e-06,0.02202078150028064,0.04321102901590698,20.0,0.023870051605192955,0.032797362737359816
4,687,40d2f60f7b01b721909df18cdd26cc0bda1e28ef62dd47bb3bc9b7acfaa1fbc4,4b74724c4225fcfe043fdd749fb740fff4cf33c8,3.501259091484902e-05,0.0017070094831116794,2,cuda,1.0,1,0.5,learned_mixture,0.6699940688223938,16,standard normal at finite u_max,infinite,learned,0.03264896372400955,0.014753873146168883,unbiased,0.4584250089136707,0.004838606342673302,32768,25042944,0.01270279785240562,0.03264894970757015,0.014753873146168772,0.01270283167144598,0.01895478076815038,0.014799363125150547,learned/task_007/cell_0687,10,without_replacement,268435456,2.7076213993132114,103002,completed,2048,3,0.029602129316925407,0.013046863663057962,0.01116385328108653,0.019128667049840398,0.013097055455894329,20.0,0.018954780768150825,0.014800273547012724
4,727,40d2f60f7b01b721909df18cdd26cc0bda1e28ef62dd47bb3bc9b7acfaa1fbc4,4b74724c4225fcfe043fdd749fb740fff4cf33c8,2.4050613921290688e-05,0.0008813880874949827,3,cuda,1.0,1,0.5,learned_mixture,0.992985586531951,16,standard normal at finite u_max,infinite,learned,0.052346245746298425,0.03204774663539167,unbiased,0.45908222952198746,0.00485665537416935,32768,25042944,3.092283551442421e-08,0.05234626256436725,0.03204774663539167,3.092297362616847e-08,0.05094220498904778,0.03221407322035539,learned/task_007/cell_0727,12,without_replacement,268435456,2.7101874072104692,103003,completed,2048,3,0.05173246493075001,0.031472886005787126,2.696830181392329e-08,0.044413333543150246,0.031658241184848696,20.0,0.05094220498904778,0.03221477331562482
4,767,40d2f60f7b01b721909df18cdd26cc0bda1e28ef62dd47bb3bc9b7acfaa1fbc4,4b74724c4225fcfe043fdd749fb740fff4cf33c8,0.00030740128416184564,0.0049543149150306515,4,cuda,1.0,1,0.5,learned_mixture,0.5585902183847893,16,standard normal at finite u_max,infinite,learned,0.014805665718088279,0.005266274500215667,unbiased,0.4468587043085771,0.004918284714221954,32768,25042944,0.010896775091736366,0.014805601255180989,0.0052662745002156446,0.010896772304149982,0.022651699350576537,0.006033720705374054,learned/task_007/cell_0767,9,without_replacement,268435456,2.7112654764205217,103004,completed,2048,3,0.006997643737010256,0.00031195958518430954,0.0008473641893678163,0.02641322651517153,0.003341982526320143,20.0,0.02265169935057587,0.006034139772761262
4,807,4f8f7d024dee2ba1d205fcf59f39c4f32d87524ab703a9051d4ad4e7ca38f59f,4b74724c4225fcfe043fdd749fb740fff4cf33c8,6.415594371346337e-05,0.0021753219060224537,0,cuda,1.0,1,0.5,learned_mixture,0.6143172222986261,16,standard normal at finite u_max,infinite,learned,0.021189786464445137,0.007225277623158666,unbiased,0.4757433779483003,0.004884563386440277,32768,25042944,0.005869696364852387,0.021189837020387126,0.007225277623158721,0.005869709967827239,0.08475926665252242,0.008673837050460393,learned/task_007/cell_0807,10,without_replacement,268435456,2.708718290552497,104000,completed,2048,4,0.024737354754189922,0.009400599529176157,0.006456391986345103,0.08497219961906544,0.01009463034118058,20.0,0.08475926665252265,0.00867490219215497
4,847,4f8f7d024dee2ba1d205fcf59f39c4f32d87524ab703a9051d4ad4e7ca38f59f,4b74724c4225fcfe043fdd749fb740fff4cf33c8,0.0009356138563916042,0.008780124561371777,1,cuda,1.0,1,0.5,learned_mixture,0.6663891864562221,16,standard normal at finite u_max,infinite,learned,0.03889373147830716,0.017312229015545855,unbiased,0.4806179014490905,0.004940757527947426,32768,25042944,1.530256021009535e-06,0.03889380877699611,0.017312229015545855,1.5302603022515626e-06,0.1081162074983344,0.018620705786235973,learned/task_007/cell_0847,13,without_replacement,268435456,2.7142546251416206,104001,completed,2048,4,0.05573262350888014,0.026092353576917193,1.7465871279265244e-06,0.10865512627723095,0.02672935449089698,20.0,0.10811620749833428,0.01862018963456176
4,887,4f8f7d024dee2ba1d205fcf59f39c4f32d87524ab703a9051d4ad4e7ca38f59f,4b74724c4225fcfe043fdd749fb740fff4cf33c8,0.0007826645557331329,0.008080472271458658,2,cuda,1.0,1,0.5,learned_mixture,0.8174548731842984,16,standard normal at finite u_max,infinite,learned,0.020777153782370217,0.007507501744303813,unbiased,0.4397661866365427,0.004918484017252922,32768,25042944,0.01700849817913494,0.020777256111337072,0.007507501744303646,0.01700853120436796,0.08164879513536405,0.008451389849485175,learned/task_007/cell_0887,9,without_replacement,268435456,2.703027067705989,104002,completed,2048,4,0.034180307964130185,0.015587974014822037,0.024206229514961847,0.08715335032854388,0.016175529413869738,20.0,0.08164879513536338,0.00845077362882036
4,927,4f8f7d024dee2ba1d205fcf59f39c4f32d87524ab703a9051d4ad4e7ca38f59f,4b74724c4225fcfe043fdd749fb740fff4cf33c8,0.0024483605881657346,0.016039646368620573,3,cuda,1.0,1,0.5,learned_mixture,0.7191899934990438,16,standard normal at finite u_max,infinite,learned,0.029456871594167766,0.016531305366207727,unbiased,0.4834518988689861,0.0049120839685201645,32768,25042944,1.7070477031921882e-08,0.029456845035463974,0.01653130536620684,1.7070557079001958e-08,0.00444570355043683,0.01657215868153554,learned/task_007/cell_0927,12,without_replacement,268435456,2.7067935429513454,104003,completed,2048,4,0.055329565403132164,0.03257095160911083,2.696830181392329e-08,0.007273610014807863,0.03259651635846368,20.0,0.0044457035504379405,0.016572133045514876
4,967,4f8f7d024dee2ba1d205fcf59f39c4f32d87524ab703a9051d4ad4e7ca38f59f,4b74724c4225fcfe043fdd749fb740fff4cf33c8,0.0005023595194851519,0.0064680583749646345,4,cuda,1.0,1,0.5,learned_mixture,0.8561209472539208,16,standard normal at finite u_max,infinite,learned,0.006012730548947354,0.00033525576982865526,unbiased,0.4649245137093796,0.00493166409432888,32768,25042944,0.0005834780351910984,0.006012768502552057,0.0003352557698286518,0.0005834790042534843,0.04807369702109432,0.003130373412070491,learned/task_007/cell_0967,9,without_replacement,268435456,2.706079261377454,104004,completed,2048,4,0.015164066877130955,0.006803301432119161,0.013608107881683429,0.04492613642831211,0.007497350445848049,20.0,0.0480736970210941,0.003131173503256285
4,8,ce9344dce5f56b4cda176bcdb36371f48911618aa600da1465617419b4995b69,4b74724c4225fcfe043fdd749fb740fff4cf33c8,0.0008171741636322943,0.007880182188503376,0,cuda,1.0,1,0.5,learned_mixture,0.9152092119269873,16,standard normal at finite u_max,finite,learned,0.036271499561892795,0.019265960834487228,tail,0.4791114803862703,2.242187548428774,32768,20848640,0.007057240778860288,0.03627151283240715,0.019265960834487394,0.007057255547368815,0.02632489272684957,0.019288004558848736,learned/task_008/cell_0008,10,with_replacement,268435456,4.064480222761631,100000,completed,2048,0,0.021825131361545624,0.011385778645981337,0.005521023995880961,0.028231061523742773,0.01141270028640453,20.0,0.02632489272684979,0.019287395931066098
4,48,ce9344dce5f56b4cda176bcdb36371f48911618aa600da1465617419b4995b69,4b74724c4225fcfe043fdd749fb740fff4cf33c8,0.0016512152820836073,0.01161702053048948,1,cuda,1.0,1,0.5,learned_mixture,0.9877270984308333,16,standard normal at finite u_max,finite,learned,0.10583289398415019,0.06023003073322841,tail,0.4666775210428072,0.005073372274637222,32768,20848640,1.408322705676035e-06,0.10583281944503731,0.06023003073322786,1.4083266504094638e-06,0.08707069278651836,0.06023036305712998,learned/task_008/cell_0048,12,with_replacement,268435456,4.007480435073376,100001,completed,2048,0,0.12762778955220067,0.07184705126372049,1.7465871279265244e-06,0.07933725013420001,0.07184718034741787,20.0,0.0870706927865188,0.060230186790513986
4,88,ce9344dce5f56b4cda176bcdb36371f48911618aa600da1465617419b4995b69,4b74724c4225fcfe043fdd749fb740fff4cf33c8,0.00012606658824418186,0.003226943742708743,2,cuda,1.0,1,0.5,learned_mixture,0.892380834902946,16,standard normal at finite u_max,finite,learned,0.01465220487360322,0.004974811959285896,tail,0.484671079655415,0.004969798028469086,32768,20848640,0.0036099031902458167,0.014652281452780302,0.004974811959285674,0.003609936699338012,0.07126819500090797,0.007184256231804243,learned/task_008/cell_0088,9,with_replacement,268435456,4.052046779543161,100002,completed,2048,0,0.010539117262122338,0.001748126730769517,0.0066297663898012005,0.07419782487528181,0.0056498380574899025,20.0,0.07126819500090897,0.00718507401776235
4,128,ce9344dce5f56b4cda176bcdb36371f48911618aa600da1465617419b4995b69,4b74724c4225fcfe043fdd749fb740fff4cf33c8,9.986801702198109e-05,0.0032971395256144328,3,cuda,1.0,1,0.5,learned_mixture,0.9206729329385788,16,standard normal at finite u_max,finite,learned,0.08184682601275683,0.04690139883804623,tail,0.4878949805482453,0.004985202103853226,32768,20848640,2.8637123672403675e-08,0.08184682344971284,0.04690139883804689,2.8637255455876698e-08,0.05422688376013396,0.04690959953692673,learned/task_008/cell_0128,10,with_replacement,268435456,4.04532852768898,100003,completed,2048,0,0.07576210390461291,0.04360425931243128,2.696830181392329e-08,0.05589456235365664,0.04361306420677949,20.0,0.05422688376013407,0.04690898212059856
4,168,ce9344dce5f56b4cda176bcdb36371f48911618aa600da1465617419b4995b69,4b74724c4225fcfe043fdd749fb740fff4cf33c8,0.0005352084578247596,0.006672137013516965,4,cuda,1.0,1,0.5,learned_mixture,0.5719322272715377,16,standard normal at finite u_max,finite,learned,0.045858539015147026,0.021067061588884727,tail,0.45711397025958983,0.004938185214996338,32768,20848640,0.040618387243649745,0.045858592883682325,0.02106706158888476,0.0406183841188148,0.0365258165883402,0.021116647193459532,learned/task_008/cell_0168,8,with_replacement,268435456,4.044576168060303,100004,completed,2048,0,0.034012776648867815,0.014394924575367115,0.02769205684775078,0.045237891234455874,0.014485613701002526,20.0,0.03652581658834064,0.021117422630179614
4,208,642c9ac8b37cc879a46c5dc332c9d99eb4ae9d0bd2c4b38a1ce3bbe1af22951a,4b74724c4225fcfe043fdd749fb740fff4cf33c8,2.844010151597788e-05,0.0011679797502674278,0,cuda,1.0,1,0.5,learned_mixture,0.6354494202465749,16,standard normal at finite u_max,finite,learned,0.027766533903037516,0.011701773488854539,tail,0.48828937965418573,0.005318410694599152,32768,20848640,0.003368627294606727,0.027766611307274425,0.011701773488854539,0.0033686413411974005,0.08168425220106701,0.012402213047023644,learned/task_008/cell_0208,9,with_replacement,268435456,4.047754317522049,101000,completed,2048,1,0.025205078852255647,0.010629744376574157,0.0029271190460032764,0.07522885440219229,0.011243249125431499,20.0,0.0816842522010669,0.012401853843154453
4,248,642c9ac8b37cc879a46c5dc332c9d99eb4ae9d0bd2c4b38a1ce3bbe1af22951a,4b74724c4225fcfe043fdd749fb740fff4cf33c8,2.4921865625736506e-05,0.001357100382033677,1,cuda,1.0,1,0.5,learned_mixture,0.7670653111222626,16,standard normal at finite u_max,finite,learned,0.010360402415359238,0.0026591395435906495,tail,0.4814313337654075,0.00502554327249527,32768,20848640,1.8766097739097987e-06,0.010360452441938395,0.0026591395435902054,1.876614914353425e-06,0.031619595449897786,0.004317440735928465,learned/task_008/cell_0248,12,with_replacement,268435456,4.051189489662647,101001,completed,2048,1,0.013269911681327629,0.004009010104706445,1.7465871279265244e-06,0.030905637591026047,0.005511435052680675,20.0,0.03161959544989712,0.004316935392688138
4,288,642c9ac8b37cc879a46c5dc332c9d99eb4ae9d0bd2c4b38a1ce3bbe1af22951a,4b74724c4225fcfe043fdd749fb740fff4cf33c8,0.001157580044308242,0.009973517081374476,2,cuda,1.0,1,0.5,learned_mixture,0.5041476802011562,16,standard normal at finite u_max,finite,learned,0.027063151923068185,0.01125738901261264,tail,0.4914801735664656,0.004978455603122711,32768,20848640,0.02384424586970736,0.02706324271378513,0.011257389012612695,0.02384427858321346,0.10928684063993255,0.012957990469734162,learned/task_008/cell_0288,7,with_replacement,268435456,4.050240829586983,101002,completed,2048,1,0.04403479709665026,0.021230906093985147,0.03154268320270849,0.10605470395652361,0.02176875209670599,20.0,0.10928684063993299,0.012957727741243815
4,328,642c9ac8b37cc879a46c5dc332c9d99eb4ae9d0bd2c4b38a1ce3bbe1af22951a,4b74724c4225fcfe043fdd749fb740fff4cf33c8,0.0013892843987064675,0.012532149162022515,3,cuda,1.0,1,0.5,learned_mixture,0.9898656224713087,16,standard normal at finite u_max,finite,learned,0.012097450260552756,0.00699644546406919,tail,0.4708771542789085,0.004945814609527588,32768,20848640,2.8719018940748242e-08,0.012097497558299586,0.006996445464068524,2.8719149280931333e-08,0.023475759358300374,0.007029281458112316,learned/task_008/cell_0328,13,with_replacement,268435456,4.051340825855732,101003,completed,2048,1,0.030928595481348742,0.019528592423510016,2.696830181392329e-08,0.010728612184578878,0.01954432881007337,20.0,0.02347575935829993,0.007028975621804851
4,368,642c9ac8b37cc879a46c5dc332c9d99eb4ae9d0bd2c4b38a1ce3bbe1af22951a,4b74724c4225fcfe043fdd749fb740fff4cf33c8,0.00031463144343195706,0.005149356238079656,4,cuda,1.0,1,0.5,learned_mixture,0.9270220334307736,16,standard normal at finite u_max,finite,learned,0.0432677994039129,0.022360044431667184,tail,0.4827446377961409,0.004962664097547531,32768,20848640,0.04167932462393226,0.04326781312601513,0.022360044431667184,0.04167932510203165,0.04721031570287815,0.02239437716566967,learned/task_008/cell_0368,9,with_replacement,268435456,4.0495790764689445,101004,completed,2048,1,0.05331567789705638,0.027509400669743778,0.05185190405890977,0.04221106321063772,0.027523875453144095,20.0,0.04721031570287759,0.02239545097548127
4,408,4ad56f1f2de8ac7e99a997dc798fcc9a82d5e41bcaa01483fa8161ba24fa2737,4b74724c4225fcfe043fdd749fb740fff4cf33c8,9.210115215570896e-05,0.002181232325825704,0,cuda,1.0,1,0.5,learned_mixture,0.8235659229020306,16,standard normal at finite u_max,finite,learned,0.012604350465144631,0.000958550437344774,tail,0.4772512186097086,0.004943095147609711,32768,20848640,0.0035021027847605846,0.012604405174430289,0.0009585504373446074,0.0035021162645929495,0.08324745759671937,0.006554992047163853,learned/task_008/cell_0408,10,with_replacement,268435456,4.045843835920095,102000,completed,2048,2,0.017321031977670764,0.003136620014367486,0.004482903018529704,0.09328315572321766,0.007970341812318399,20.0,0.08324745759671903,0.006555081954595438
4,448,4ad56f1f2de8ac7e99a997dc798fcc9a82d5e41bcaa01483fa8161ba24fa2737,4b74724c4225fcfe043fdd749fb740fff4cf33c8,0.00047871224770341275,0.0047156649152418455,1,cuda,1.0,1,0.5,learned_mixture,0.7345387493941056,16,standard normal at finite u_max,finite,learned,0.05211326604909128,0.025828452858251638,tail,0.43213987709084944,0.004968244582414627,32768,20848640,1.6492303901438632e-06,0.05211323799012357,0.025828452858251083,1.649235056522258e-06,0.044440506022803694,0.02592780749287471,learned/task_008/cell_0448,12,with_replacement,268435456,4.049322433769703,102001,completed,2048,2,0.04398036767012897,0.021139922066272354,1.7465871279265244e-06,0.06968609662408476,0.021409351703908255,20.0,0.04444050602280314,0.02592853949123204
4,488,4ad56f1f2de8ac7e99a997dc798fcc9a82d5e41bcaa01483fa8161ba24fa2737,4b74724c4225fcfe043fdd749fb740fff4cf33c8,0.0026230916329368463,0.01447173451983635,2,cuda,1.0,1,0.5,learned_mixture,0.5136354442000751,16,standard normal at finite u_max,finite,learned,0.011084829049129441,0.003421307789164829,tail,0.4793063580620903,0.005286611616611481,32768,20848640,0.005922458750553597,0.01108488795970397,0.00342130778916494,0.005922491517391035,0.054710732462917466,0.004368510985597052,learned/task_008/cell_0488,8,with_replacement,268435456,4.0469208508729935,102002,completed,2048,2,0.03478774966390119,0.017893041713572644,0.01975757352074299,0.07318912585884518,0.01804374171227322,20.0,0.0547107324629178,0.00436780585472566
4,528,4ad56f1f2de8ac7e99a997dc798fcc9a82d5e41bcaa01483fa8161ba24fa2737,4b74724c4225fcfe043fdd749fb740fff4cf33c8,0.00035992887657505503,0.005140605596515064,3,cuda,1.0,1,0.5,learned_mixture,0.6706791994053277,16,standard normal at finite u_max,finite,learned,0.01878627467053262,0.007178309259278315,tail,0.4461901314318432,0.0051278844475746155,32768,20848640,2.1807738725954096e-08,0.018786321691472874,0.007178309259278537,2.180783720273638e-08,0.05563627714792274,0.0076253483820898065,learned/task_008/cell_0528,13,with_replacement,268435456,4.049194388091564,102003,completed,2048,2,0.02854434553348928,0.012251944646237911,2.696830181392329e-08,0.07300259985645796,0.01268293582281731,20.0,0.055636277147923185,0.007626258360739164
4,568,4ad56f1f2de8ac7e99a997dc798fcc9a82d5e41bcaa01483fa8161ba24fa2737,4b74724c4225fcfe043fdd749fb740fff4cf33c8,0.0009602982617081326,0.008221400456309655,4,cuda,1.0,1,0.5,learned_mixture,0.9999554926491487,16,standard normal at finite u_max,finite,learned,0.020466250578725198,0.00726725358079584,tail,0.4880326285262721,0.004951763898134232,32768,20848640,0.019904355616163605,0.02046633399499531,0.007267253580795802,0.019904357289520946,0.05168688260773502,0.0088371450923898,learned/task_008/cell_0568,9,with_replacement,268435456,4.047032915055752,102004,completed,2048,2,0.03711505475906196,0.015488498064978411,0.036865437444498717,0.06783190331812317,0.016670091716895437,20.0,0.051686882607734685,0.008837908292743092
4,608,40d2f60f7b01b721909df18cdd26cc0bda1e28ef62dd47bb3bc9b7acfaa1fbc4,4b74724c4225fcfe043fdd749fb740fff4cf33c8,0.0015223838343253779,0.010789928562239495,0,cuda,1.0,1,0.5,learned_mixture,0.9991537756048109,16,standard normal at finite u_max,finite,learned,0.008973078010565683,0.00042716762192207547,tail,0.4809218095572759,0.0049319788813591,32768,20848640,0.005901923820119913,0.008973089779618526,0.00042716762192196445,0.005901908647490083,0.03624736929348593,0.004099793518181909,learned/task_008/cell_0608,11,with_replacement,268435456,4.046158991754055,103000,completed,2048,3,0.018631436773119903,0.01036276094032057,0.008278547683202929,0.03870709446494347,0.01065365280584929,20.0,0.036247369293486376,0.004100046662912295
4,648,40d2f60f7b01b721909df18cdd26cc0bda1e28ef62dd47bb3bc9b7acfaa1fbc4,4b74724c4225fcfe043fdd749fb740fff4cf33c8,0.0014234268762008022,0.010818443034723216,1,cuda,1.0,1,0.5,learned_mixture,0.7003610458672658,16,standard normal at finite u_max,finite,learned,0.05427997690128128,0.025766900515481916,tail,0.4825410196006089,0.004971630871295929,32768,20848640,1.615856377590319e-06,0.05427998818018215,0.02576690051548214,1.6158608048266743e-06,0.08143078011876714,0.025921966697445918,learned/task_008/cell_0648,11,with_replacement,268435456,4.047611314803362,103001,completed,2048,3,0.07585387203711996,0.03658534354980569,1.7465871279265244e-06,0.07969055833742333,0.03665041442525218,20.0,0.08143078011876737,0.02592216826160016
4,688,40d2f60f7b01b721909df18cdd26cc0bda1e28ef62dd47bb3bc9b7acfaa1fbc4,4b74724c4225fcfe043fdd749fb740fff4cf33c8,3.501259091484902e-05,0.0017070094831116794,2,cuda,1.0,1,0.5,learned_mixture,0.698255159225681,16,standard normal at finite u_max,finite,learned,0.048562683331531464,0.024856587943078656,tail,0.45113367514569963,0.005106747150421143,32768,20848640,0.030049278730660045,0.048562638093302635,0.024856587943078712,0.0300492449116197,0.05626968752659911,0.02488515848960705,learned/task_008/cell_0688,9,with_replacement,268435456,4.0548265017569065,103002,completed,2048,3,0.05159732566589925,0.026563597426189578,0.031588223301979135,0.05608246801334427,0.026589924570132276,20.0,0.05626968752659889,0.024883721086036245
4,728,40d2f60f7b01b721909df18cdd26cc0bda1e28ef62dd47bb3bc9b7acfaa1fbc4,4b74724c4225fcfe043fdd749fb740fff4cf33c8,2.4050613921290688e-05,0.0008813880874949827,3,cuda,1.0,1,0.5,learned_mixture,0.9325557140301006,16,standard normal at finite u_max,finite,learned,0.08726684652467587,0.05540157291027081,tail,0.48589911610991915,0.004997752606868744,32768,20848640,3.092283551442421e-08,0.08726683872409036,0.0554015729102697,3.092297362616847e-08,0.011780547280968001,0.055428069951070184,learned/task_008/cell_0728,11,with_replacement,268435456,4.051178433001041,103003,completed,2048,3,0.08687195011701693,0.05482671228066627,2.696830181392329e-08,0.004982270293986235,0.05485848278172748,20.0,0.011780547280967113,0.05542779034428832
4,768,40d2f60f7b01b721909df18cdd26cc0bda1e28ef62dd47bb3bc9b7acfaa1fbc4,4b74724c4225fcfe043fdd749fb740fff4cf33c8,0.00030740128416184564,0.0049543149150306515,4,cuda,1.0,1,0.5,learned_mixture,0.9769298998247536,16,standard normal at finite u_max,finite,learned,0.04730693385779816,0.022497256352762323,tail,0.4688842909562352,0.0049090757966041565,32768,20848640,0.045457182841809995,0.04730695672098928,0.02249725635276234,0.045457185629395824,0.1251154578006144,0.023828524402624295,learned/task_008/cell_0768,11,with_replacement,268435456,4.050765998661518,103004,completed,2048,3,0.057254888521717506,0.02745157126779368,0.055506593744178545,0.12189744919273937,0.028375439573126666,20.0,0.12511545780061395,0.02382828485350314
4,808,4f8f7d024dee2ba1d205fcf59f39c4f32d87524ab703a9051d4ad4e7ca38f59f,4b74724c4225fcfe043fdd749fb740fff4cf33c8,6.415594371346337e-05,0.0021753219060224537,0,cuda,1.0,1,0.5,learned_mixture,0.9918748054736957,16,standard normal at finite u_max,finite,learned,0.03029221797827064,0.013486530891966553,tail,0.482824836157165,0.005050919950008392,32768,20848640,0.006094078698364739,0.03029224721358048,0.013486530891966386,0.0060940923013396014,0.05978658107113477,0.013489100384375927,learned/task_008/cell_0808,10,with_replacement,268435456,4.050853993743658,104000,completed,2048,4,0.03387174687423311,0.015661852797984044,0.006680774319857455,0.06000532399327674,0.015664435849947353,20.0,0.05978658107113466,0.013489346916552349
4,848,4f8f7d024dee2ba1d205fcf59f39c4f32d87524ab703a9051d4ad4e7ca38f59f,4b74724c4225fcfe043fdd749fb740fff4cf33c8,0.0009356138563916042,0.008780124561371777,1,cuda,1.0,1,0.5,learned_mixture,0.9694196673203517,16,standard normal at finite u_max,finite,learned,0.0587304636930609,0.025299571085898975,tail,0.4813378821216998,0.004944164305925369,32768,20848640,1.530256021009535e-06,0.05873049232690275,0.02529957108589831,1.5302603014744065e-06,0.08772156998980407,0.02538012645654498,learned/task_008/cell_0848,11,with_replacement,268435456,4.0466996766626835,104001,completed,2048,4,0.07581093446092729,0.034079695647270314,1.7465871279265244e-06,0.0882728121826184,0.034096995741083706,20.0,0.08772156998980318,0.025380821636776355
4,888,4f8f7d024dee2ba1d205fcf59f39c4f32d87524ab703a9051d4ad4e7ca38f59f,4b74724c4225fcfe043fdd749fb740fff4cf33c8,0.0007826645557331329,0.008080472271458658,2,cuda,1.0,1,0.5,learned_mixture,0.6285345081616749,16,standard normal at finite u_max,finite,learned,0.27877069391017695,0.1507014095350328,tail,0.4868238886702948,0.004912622272968292,32768,20848640,0.05300068559686399,0.278770639688687,0.15070140953503264,0.05300071862209698,0.30441522411557087,0.1507036632044601,learned/task_008/cell_0888,10,with_replacement,268435456,4.061864670366049,104002,completed,2048,4,0.2908373809551854,0.15878188180555103,0.060198416932690894,0.29659661881736477,0.15878450154386725,20.0,0.3044152241155713,0.15070417624778798
4,928,4f8f7d024dee2ba1d205fcf59f39c4f32d87524ab703a9051d4ad4e7ca38f59f,4b74724c4225fcfe043fdd749fb740fff4cf33c8,0.0024483605881657346,0.016039646368620573,3,cuda,1.0,1,0.5,learned_mixture,0.9896658442834766,16,standard normal at finite u_max,finite,learned,0.07513360389382573,0.04372436583307282,tail,0.48864761653523203,0.005127031356096268,32768,20848640,1.7070477031921882e-08,0.07513359381853513,0.04372436583307282,1.7070557079001958e-08,0.03617647347180242,0.043778762289465686,learned/task_008/cell_0928,11,with_replacement,268435456,4.056806787848473,104003,completed,2048,4,0.10262357779213221,0.059764012075975925,2.696830181392329e-08,0.04742183007895284,0.059803361383280074,20.0,0.036176473471802306,0.04377915205375235
4,968,4f8f7d024dee2ba1d205fcf59f39c4f32d87524ab703a9051d4ad4e7ca38f59f,4b74724c4225fcfe043fdd749fb740fff4cf33c8,0.0005023595194851519,0.0064680583749646345,4,cuda,1.0,1,0.5,learned_mixture,0.5101090094721963,16,standard normal at finite u_max,finite,learned,0.010802672571475436,0.002029867446540816,tail,0.49127312964349806,0.005153384059667587,32768,20848640,0.009461589663142866,0.010802648655115876,0.0020298674465408124,0.009461590632205308,0.0349602829668052,0.004447958781777778,learned/task_008/cell_0968,8,with_replacement,268435456,3.9973916970193386,104004,completed,2048,4,0.023763463768744053,0.008497913108831322,0.022486219509635197,0.03176936264629526,0.009060049000951295,20.0,0.03496028296680509,0.004448735128720514
4,9,ce9344dce5f56b4cda176bcdb36371f48911618aa600da1465617419b4995b69,4b74724c4225fcfe043fdd749fb740fff4cf33c8,0.0008171741636322943,0.007880182188503376,0,cuda,1.0,1,0.5,learned_mixture,0.6179222767304564,16,standard normal at finite u_max,finite,learned,0.008797644139244443,0.002636197382167582,tail,0.48532295717938223,2.1917541921138763,32768,25042944,0.002799319653298044,0.008797688919036761,0.0026361973821677487,0.0027993344218065694,0.028033296383725426,0.003147813478446511,learned/task_009/cell_0009,9,without_replacement,268435456,3.9039267785847187,100000,completed,2048,0,0.013258502633826108,0.005243984806338309,0.0012631028703187167,0.029936120629937446,0.0059015614929160635,20.0,0.028033296383725537,0.003149160985521715
4,49,ce9344dce5f56b4cda176bcdb36371f48911618aa600da1465617419b4995b69,4b74724c4225fcfe043fdd749fb740fff4cf33c8,0.0016512152820836073,0.01161702053048948,1,cuda,1.0,1,0.5,learned_mixture,0.9883739889974449,16,standard normal at finite u_max,finite,learned,0.030506791628216345,0.014024768268281917,tail,0.47849375038996483,0.005007654428482056,32768,25042944,1.408322705676035e-06,0.030506729287467282,0.014024768268282473,1.4083266504094638e-06,0.0736222156687043,0.014042800697266688,learned/task_009/cell_0049,12,without_replacement,268435456,3.8584825322031975,100001,completed,2048,0,0.013658823246403329,0.002407747737789845,1.7465871279265244e-06,0.06598444575160167,0.006858955112915463,20.0,0.07362221566870497,0.014042452024330895
4,89,ce9344dce5f56b4cda176bcdb36371f48911618aa600da1465617419b4995b69,4b74724c4225fcfe043fdd749fb740fff4cf33c8,0.00012606658824418186,0.003226943742708743,2,cuda,1.0,1,0.5,learned_mixture,0.7952548026124175,16,standard normal at finite u_max,finite,learned,0.02605121108154873,0.00954539663550208,tail,0.47848966352635963,0.005327623337507248,32768,25042944,0.020611324209281842,0.02605130847821291,0.00954539663550219,0.020611357718374093,0.11463850753393723,0.012804395797323686,learned/task_009/cell_0089,8,without_replacement,268435456,3.8571454733610153,100002,completed,2048,0,0.03150654305588163,0.012772081864018459,0.023631187408837226,0.11743132830736913,0.01529834061442804,20.0,0.11463850753393778,0.012804874556066388
4,129,ce9344dce5f56b4cda176bcdb36371f48911618aa600da1465617419b4995b69,4b74724c4225fcfe043fdd749fb740fff4cf33c8,9.986801702198109e-05,0.0032971395256144328,3,cuda,1.0,1,0.5,learned_mixture,0.5198825599053696,16,standard normal at finite u_max,finite,learned,0.08856734479277778,0.05185633811577617,tail,0.4846825855671624,0.005057927221059799,32768,25042944,2.8637123672403675e-08,0.08856733404537798,0.05185633811577639,2.8637255455876698e-08,0.050024211790585804,0.05193642794762695,learned/task_009/cell_0129,9,without_replacement,268435456,3.8568255342543125,100003,completed,2048,0,0.08245427323175802,0.04855919859016122,2.696830181392329e-08,0.051699300941628556,0.04864540176906582,20.0,0.05002421179058558,0.05193738534153637
4,169,ce9344dce5f56b4cda176bcdb36371f48911618aa600da1465617419b4995b69,4b74724c4225fcfe043fdd749fb740fff4cf33c8,0.0005352084578247596,0.006672137013516965,4,cuda,1.0,1,0.5,learned_mixture,0.8406067650598347,16,standard normal at finite u_max,finite,learned,0.0058423285193565655,0.0008548871187609485,tail,0.4723714584346278,0.004982363432645798,32768,25042944,0.0001892575134561092,0.0058423334615679695,0.0008548871187609736,0.0001892543886214959,0.026298570163717505,0.0025869191793533356,learned/task_009/cell_0169,10,without_replacement,268435456,3.8562021031975746,100004,completed,2048,0,0.013698103268750095,0.005817249894756664,0.012737072882442857,0.01701841517211533,0.006037536476867649,20.0,0.026298570163717505,0.0025869151879995764
4,209,642c9ac8b37cc879a46c5dc332c9d99eb4ae9d0bd2c4b38a1ce3bbe1af22951a,4b74724c4225fcfe043fdd749fb740fff4cf33c8,2.844010151597788e-05,0.0011679797502674278,0,cuda,1.0,1,0.5,learned_mixture,0.9733566880530304,16,standard normal at finite u_max,finite,learned,0.024775132699608737,0.006935846065700746,tail,0.4802959947487639,0.004952684044837952,32768,25042944,0.007292668976055733,0.024775246403522688,0.0069358460657011345,0.007292683022646393,0.12955996406127246,0.010948776826994473,learned/task_009/cell_0209,10,without_replacement,268435456,3.8586086221039295,101000,completed,2048,1,0.022283601576148393,0.005863816953420364,0.006851160727452283,0.12344111364896226,0.010030289133795223,20.0,0.12955996406127335,0.010948878061024373
4,249,642c9ac8b37cc879a46c5dc332c9d99eb4ae9d0bd2c4b38a1ce3bbe1af22951a,4b74724c4225fcfe043fdd749fb740fff4cf33c8,2.4921865625736506e-05,0.001357100382033677,1,cuda,1.0,1,0.5,learned_mixture,0.7337978830227548,16,standard normal at finite u_max,finite,learned,0.02980532606621128,0.01224719811647712,tail,0.48254546673404664,0.005280625075101852,32768,25042944,1.8766097739097987e-06,0.029805344201161266,0.012247198116477342,1.8766149147975142e-06,0.11604440257507065,0.013822718815783251,learned/task_009/cell_0249,11,without_replacement,268435456,3.859665349125862,101001,completed,2048,1,0.03207637073321351,0.013597068677592916,1.7465871279265244e-06,0.11539268859706231,0.014966085551572084,20.0,0.11604440257507054,0.01382318695315359
4,289,642c9ac8b37cc879a46c5dc332c9d99eb4ae9d0bd2c4b38a1ce3bbe1af22951a,4b74724c4225fcfe043fdd749fb740fff4cf33c8,0.001157580044308242,0.009973517081374476,2,cuda,1.0,1,0.5,learned_mixture,0.982139212179701,16,standard normal at finite u_max,finite,learned,0.05352867627366009,0.029333235747004638,tail,0.4562198362578055,0.005034513771533966,32768,25042944,0.024176478631391954,0.05352863637353139,0.029333235747004693,0.02417651134489804,0.004305752251250405,0.02933393987810005,learned/task_009/cell_0289,9,without_replacement,268435456,3.857099648565054,101002,completed,2048,1,0.0721946134481346,0.039306752828377145,0.03187491596439308,0.0006926700038520917,0.03930766971788545,20.0,0.0043057522512510715,0.029334327719151374
4,329,642c9ac8b37cc879a46c5dc332c9d99eb4ae9d0bd2c4b38a1ce3bbe1af22951a,4b74724c4225fcfe043fdd749fb740fff4cf33c8,0.0013892843987064675,0.012532149162022515,3,cuda,1.0,1,0.5,learned_mixture,0.9961597854585954,16,standard normal at finite u_max,finite,learned,0.05449258455866035,0.028860849274298328,tail,0.4777419418500012,0.0050233639776706696,32768,25042944,2.8719018940748242e-08,0.05449258665224466,0.028860849274297218,2.8719149280931333e-08,0.055595449695975185,0.029150238404974216,learned/task_009/cell_0329,11,without_replacement,268435456,3.858625266700983,101003,completed,2048,1,0.0759284809641898,0.041392996233739154,2.696830181392329e-08,0.043267579794510014,0.04151026827598336,20.0,0.05559544969597441,0.02914967464136808
4,369,642c9ac8b37cc879a46c5dc332c9d99eb4ae9d0bd2c4b38a1ce3bbe1af22951a,4b74724c4225fcfe043fdd749fb740fff4cf33c8,0.00031463144343195706,0.005149356238079656,4,cuda,1.0,1,0.5,learned_mixture,0.702310306717481,16,standard normal at finite u_max,finite,learned,0.047267033017326154,0.022322674658895154,tail,0.4836545327237968,0.004924733191728592,32768,25042944,0.0440669682517294,0.047267083079857386,0.022322674658895175,0.044066968729828626,0.04108759524351069,0.022329432649604873,learned/task_009/cell_0369,7,without_replacement,268435456,3.8621495254337788,101004,completed,2048,1,0.05689070224868409,0.02747203089697175,0.05423954768670691,0.036056217061813944,0.02747838503979064,20.0,0.04108759524351102,0.022329713938259093
4,409,4ad56f1f2de8ac7e99a997dc798fcc9a82d5e41bcaa01483fa8161ba24fa2737,4b74724c4225fcfe043fdd749fb740fff4cf33c8,9.210115215570896e-05,0.002181232325825704,0,cuda,1.0,1,0.5,learned_mixture,0.7155561758288492,16,standard normal at finite u_max,finite,learned,0.03342217021687244,0.014426423084228202,tail,0.48180702304257905,0.004988182336091995,32768,25042944,0.006323694835626796,0.03342218224991844,0.014426423084228257,0.00632370831545916,0.07167796214614053,0.014656012267541806,learned/task_009/cell_0409,10,without_replacement,268435456,3.858406078070402,102000,completed,2048,2,0.03797916570689219,0.016604492661250914,0.0073044950693959155,0.08184031164086292,0.01682443866314736,20.0,0.07167796214614064,0.014655906712719324
4,449,4ad56f1f2de8ac7e99a997dc798fcc9a82d5e41bcaa01483fa8161ba24fa2737,4b74724c4225fcfe043fdd749fb740fff4cf33c8,0.00047871224770341275,0.0047156649152418455,1,cuda,1.0,1,0.5,learned_mixture,0.9832078851621056,16,standard normal at finite u_max,finite,learned,0.04716221502066481,0.022706771584830254,tail,0.48203066540666334,0.005085241049528122,32768,25042944,1.6492303901438632e-06,0.04716226918011296,0.0227067715848297,1.649235056522258e-06,0.06467424756495399,0.02272814113849667,learned/task_009/cell_0449,11,without_replacement,268435456,3.8592626564204693,102001,completed,2048,2,0.04001118784174795,0.01801824079285097,1.7465871279265244e-06,0.08938526888140796,0.018145841307895733,20.0,0.06467424756495355,0.02272866954476078
4,489,4ad56f1f2de8ac7e99a997dc798fcc9a82d5e41bcaa01483fa8161ba24fa2737,4b74724c4225fcfe043fdd749fb740fff4cf33c8,0.0026230916329368463,0.01447173451983635,2,cuda,1.0,1,0.5,learned_mixture,0.5840975283148596,16,standard normal at finite u_max,finite,learned,0.01364433232063833,0.005559084663657787,tail,0.4877211440978876,0.005151938647031784,32768,25042944,0.01182537688685198,0.01364436848479389,0.005559084663657787,0.011825409653689445,0.050685582068580315,0.0058534435084325615,learned/task_009/cell_0489,8,without_replacement,268435456,3.8594982996582985,102002,completed,2048,2,0.03796951370330959,0.020030818588065602,0.025660491657041373,0.06924265858830747,0.02023946689399298,20.0,0.050685582068580204,0.005854269152226172
4,529,4ad56f1f2de8ac7e99a997dc798fcc9a82d5e41bcaa01483fa8161ba24fa2737,4b74724c4225fcfe043fdd749fb740fff4cf33c8,0.00035992887657505503,0.005140605596515064,3,cuda,1.0,1,0.5,learned_mixture,0.8691632127895094,16,standard normal at finite u_max,finite,learned,0.0837227132476922,0.04705473743322974,tail,0.49118607731396235,0.004994533956050873,32768,25042944,2.1807738725954096e-08,0.08372271203294013,0.0470547374332293,2.180783720273638e-08,0.04406274330231785,0.047265266390880065,learned/task_009/cell_0529,10,without_replacement,268435456,3.8555341996252537,102003,completed,2048,2,0.09283940870519586,0.05212837282018934,2.696830181392329e-08,0.06164189685004828,0.05233811606535972,20.0,0.04406274330231752,0.04726533534690827
4,569,4ad56f1f2de8ac7e99a997dc798fcc9a82d5e41bcaa01483fa8161ba24fa2737,4b74724c4225fcfe043fdd749fb740fff4cf33c8,0.0009602982617081326,0.008221400456309655,4,cuda,1.0,1,0.5,learned_mixture,0.999265368931661,16,standard normal at finite u_max,finite,learned,0.028720713814083587,0.012508431354793084,tail,0.46109592764771784,0.004931904375553131,32768,25042944,0.023978935513670363,0.028720764861543402,0.012508431354793056,0.023978937187027594,0.08617351597158984,0.013009883771529592,learned/task_009/cell_0569,9,without_replacement,268435456,3.8546055778861046,102004,completed,2048,2,0.045561739644215504,0.020729675838975656,0.040940017342005475,0.10173140211673881,0.020847103214088048,20.0,0.08617351597158984,0.013008947670078066
4,609,40d2f60f7b01b721909df18cdd26cc0bda1e28ef62dd47bb3bc9b7acfaa1fbc4,4b74724c4225fcfe043fdd749fb740fff4cf33c8,0.0015223838343253779,0.010789928562239495,0,cuda,1.0,1,0.5,learned_mixture,0.9962049527662359,16,standard normal at finite u_max,finite,learned,0.03176513068668285,0.014588430446309697,tail,0.4827556613537983,0.004971694201231003,32768,25042944,0.006426913663848155,0.031765152122903983,0.014588430446309864,0.006426928836477967,0.0520570214210162,0.014591200945293443,learned/task_009/cell_0609,10,without_replacement,268435456,3.86087654158473,103000,completed,2048,3,0.01179214127180872,0.0037985018840670515,0.0040502898007651385,0.049806903085751975,0.005088917143864902,20.0,0.052057021421016425,0.014590169075025715
4,649,40d2f60f7b01b721909df18cdd26cc0bda1e28ef62dd47bb3bc9b7acfaa1fbc4,4b74724c4225fcfe043fdd749fb740fff4cf33c8,0.0014234268762008022,0.010818443034723216,1,cuda,1.0,1,0.5,learned_mixture,0.9871814870071549,16,standard normal at finite u_max,finite,learned,0.05300133967376941,0.022868810686514696,tail,0.4861815838839267,0.004920624196529388,32768,25042944,1.615856377590319e-06,0.05300136334214689,0.02286881068651425,1.6158608039384958e-06,0.1080120187706306,0.023978514146690673,learned/task_009/cell_0649,11,without_replacement,268435456,3.862322274595499,103001,completed,2048,3,0.07418594266388978,0.03368725372083847,1.7465871279265244e-06,0.10632215492582042,0.03427438513997662,20.0,0.10801201877063027,0.023978640130150324
4,689,40d2f60f7b01b721909df18cdd26cc0bda1e28ef62dd47bb3bc9b7acfaa1fbc4,4b74724c4225fcfe043fdd749fb740fff4cf33c8,3.501259091484902e-05,0.0017070094831116794,2,cuda,1.0,1,0.5,learned_mixture,0.9590769753988314,16,standard normal at finite u_max,finite,learned,0.011433080143809837,0.0003937623871264062,tail,0.49039201606103117,0.004917934536933899,32768,25042944,0.004739824959534511,0.011433130874819342,0.0003937623871262952,0.004739858778574885,0.05977862356008945,0.005342986190791521,learned/task_009/cell_0689,8,without_replacement,268435456,3.8577708899974823,103002,completed,2048,3,0.01014124980304934,0.0013132470959845155,0.0032008803882154213,0.0599452739814047,0.005142273491109819,20.0,0.05977862356008956,0.005342951761497463
4,729,40d2f60f7b01b721909df18cdd26cc0bda1e28ef62dd47bb3bc9b7acfaa1fbc4,4b74724c4225fcfe043fdd749fb740fff4cf33c8,2.4050613921290688e-05,0.0008813880874949827,3,cuda,1.0,1,0.5,learned_mixture,0.6581216060050742,16,standard normal at finite u_max,finite,learned,0.07289709506615616,0.04240919149735567,tail,0.4886069114399287,0.004917863756418228,32768,25042944,3.092283551442421e-08,0.07289708695727848,0.042409191497355225,3.092297362616847e-08,0.06531768767406798,0.042449480230171754,learned/task_009/cell_0729,10,without_replacement,268435456,3.8665408603847027,103003,completed,2048,3,0.07204016923010681,0.041834330867751124,2.696830181392329e-08,0.05888770976122637,0.04187644022863357,20.0,0.06531768767406754,0.04244808449806596
4,769,40d2f60f7b01b721909df18cdd26cc0bda1e28ef62dd47bb3bc9b7acfaa1fbc4,4b74724c4225fcfe043fdd749fb740fff4cf33c8,0.00030740128416184564,0.0049543149150306515,4,cuda,1.0,1,0.5,learned_mixture,0.9232540714756108,16,standard normal at finite u_max,finite,learned,0.08032090874296582,0.03812578249598529,tail,0.40162593405895347,0.004950612783432007,32768,25042944,0.0770183205184386,0.08032087743443805,0.03812578249598535,0.0770183233060251,0.004892634276526531,0.038154903490803284,learned/task_009/cell_0769,10,without_replacement,268435456,3.855107218027115,103004,completed,2048,3,0.09024464015708344,0.04308009741101665,0.08706773142080715,0.008588839879795307,0.04310557354608154,20.0,0.0048926342765254205,0.03815569785385198
4,809,4f8f7d024dee2ba1d205fcf59f39c4f32d87524ab703a9051d4ad4e7ca38f59f,4b74724c4225fcfe043fdd749fb740fff4cf33c8,6.415594371346337e-05,0.0021753219060224537,0,cuda,1.0,1,0.5,learned_mixture,0.8247131632618556,16,standard normal at finite u_max,finite,learned,0.016061421593468017,0.00468896900909388,tail,0.484293596653113,0.005103863775730133,32768,25042944,0.005392833562428066,0.01606146078320081,0.004688969009093824,0.005392847165402923,0.0826506894625263,0.006843830743800419,learned/task_009/cell_0809,10,without_replacement,268435456,3.8559971898794174,104000,completed,2048,4,0.018851913788505037,0.006864290915111371,0.005979529183920782,0.08286411299464336,0.007910974828480216,20.0,0.08265068946252596,0.006844384668715028
4,849,4f8f7d024dee2ba1d205fcf59f39c4f32d87524ab703a9051d4ad4e7ca38f59f,4b74724c4225fcfe043fdd749fb740fff4cf33c8,0.0009356138563916042,0.008780124561371777,1,cuda,1.0,1,0.5,learned_mixture,0.7727068255406335,16,standard normal at finite u_max,finite,learned,0.04148927520018825,0.01867563542237982,tail,0.4833428129607503,0.005105230957269669,32768,25042944,1.530256021009535e-06,0.04148927707479472,0.018675635422380488,1.5302603026956518e-06,0.06694883351456926,0.019075976246105467,learned/task_009/cell_0849,11,without_replacement,268435456,3.8603791259229183,104001,completed,2048,4,0.05889459563878424,0.02745575998375116,1.7465871279265244e-06,0.06751262758675469,0.027644968558799273,20.0,0.06694883351456948,0.019076404826802944
4,889,4f8f7d024dee2ba1d205fcf59f39c4f32d87524ab703a9051d4ad4e7ca38f59f,4b74724c4225fcfe043fdd749fb740fff4cf33c8,0.0007826645557331329,0.008080472271458658,2,cuda,1.0,1,0.5,learned_mixture,0.5682236442128465,16,standard normal at finite u_max,finite,learned,0.04061162412970831,0.019381252015613026,tail,0.47942921784380216,0.005040496587753296,32768,25042944,0.02226457013434932,0.04061165855262461,0.01938125201561297,0.022264603159582314,0.05691914410752208,0.019397193218481552,learned/task_009/cell_0889,8,without_replacement,268435456,3.8573814146220684,104002,completed,2048,4,0.05652639145683469,0.02746172428613125,0.029462301470176228,0.06257192769989184,0.02747622102180017,20.0,0.05691914410752186,0.019396676757716058
4,929,4f8f7d024dee2ba1d205fcf59f39c4f32d87524ab703a9051d4ad4e7ca38f59f,4b74724c4225fcfe043fdd749fb740fff4cf33c8,0.0024483605881657346,0.016039646368620573,3,cuda,1.0,1,0.5,learned_mixture,0.5563554204983445,16,standard normal at finite u_max,finite,learned,0.057672872597692326,0.03291358829181745,tail,0.47955407314203635,0.004986431449651718,32768,25042944,1.7070477031921882e-08,0.05767287164530621,0.03291358829181745,1.7070557079001958e-08,0.02877792004266455,0.03292748382954731,learned/task_009/cell_0929,11,without_replacement,268435456,3.8548614382743835,104003,completed,2048,4,0.08493431787774763,0.04895323453472056,2.696830181392329e-08,0.04010959885444865,0.0489586123197372,20.0,0.02877792004266444,0.032927489629358715
4,969,4f8f7d024dee2ba1d205fcf59f39c4f32d87524ab703a9051d4ad4e7ca38f59f,4b74724c4225fcfe043fdd749fb740fff4cf33c8,0.0005023595194851519,0.0064680583749646345,4,cuda,1.0,1,0.5,learned_mixture,0.8786338005209472,16,standard normal at finite u_max,finite,learned,0.04806805760775634,0.024115543160449962,tail,0.47408091826420506,0.004893604665994644,32768,25042944,0.046448554475704174,0.048068035337437975,0.024115543160449962,0.04644855350664179,0.041639336252299985,0.02414585646443724,learned/task_009/cell_0969,10,without_replacement,268435456,3.8599072359502316,104004,completed,2048,4,0.03552373668227515,0.017647497498159456,0.03342392462921184,0.045083534523132185,0.017683970352678352,20.0,0.04163933625230021,0.024146617944135126
4,10,ce9344dce5f56b4cda176bcdb36371f48911618aa600da1465617419b4995b69,4b74724c4225fcfe043fdd749fb740fff4cf33c8,0.0017075322420032606,0.009442208231325834,0,cuda,1.0,8,0.5,learned_mixture,0.9530420610765091,16,standard normal at finite u_max,finite,learned,0.07152946077005165,0.036224277041712334,full,0.38590497616733516,2.638228088617325,32768,343031296,0.010203244118132825,0.07152948774645482,0.03622427704171237,0.010203252700647163,0.10730855938309007,0.0396155870712602,learned/task_010/cell_0010,24,with_replacement,268435456,1.9464242793619633,100000,completed,512,0,0.07882897314164887,0.04033699820109544,0.008753845898016007,0.09800599341352309,0.043001949441889196,20.0,0.10730855938309015,0.039615628516767115
4,50,ce9344dce5f56b4cda176bcdb36371f48911618aa600da1465617419b4995b69,4b74724c4225fcfe043fdd749fb740fff4cf33c8,0.0006967364291436821,0.006589171643460612,1,cuda,1.0,8,0.5,learned_mixture,0.8408000449856792,16,standard normal at finite u_max,finite,learned,0.1058013598275626,0.052630139639913406,full,0.36807469462208814,0.005483455955982208,32768,343031296,0.005964213871566596,0.10580136284709216,0.05263013963991358,0.005964216875099983,0.13899924036938055,0.05582137313456936,learned/task_010/cell_0050,23,with_replacement,268435456,1.9386206567287445,100001,completed,512,0,0.10616319989425899,0.05284114587796931,0.0021199805850265936,0.13984158169777053,0.05511228449470891,20.0,0.13899924036938088,0.05582131391628223
4,90,ce9344dce5f56b4cda176bcdb36371f48911618aa600da1465617419b4995b69,4b74724c4225fcfe043fdd749fb740fff4cf33c8,0.0008179824631373392,0.006750998253324644,2,cuda,1.0,8,0.5,learned_mixture,0.9501370403037311,16,standard normal at finite u_max,finite,learned,0.0801647859729538,0.03700925396853268,full,0.3675539177573614,0.005086082965135574,32768,343031296,0.003954732345390021,0.0801648013549298,0.037009253968532496,0.003954731854147998,0.12000742952447539,0.03921800221051391,learned/task_010/cell_0090,26,with_replacement,268435456,1.938925378024578,100002,completed,512,0,0.08103553835157684,0.03749103173673497,0.005297957687756535,0.12516103275585364,0.03919799821562702,20.0,0.12000742952447538,0.03921789357402852
4,130,ce9344dce5f56b4cda176bcdb36371f48911618aa600da1465617419b4995b69,4b74724c4225fcfe043fdd749fb740fff4cf33c8,0.0014346197198311776,0.010000008368595811,3,cuda,1.0,8,0.5,learned_mixture,0.6721475792531073,16,standard normal at finite u_max,finite,learned,0.08088818157357608,0.03972201150488412,full,0.39436625647182494,0.0055794306099414825,32768,343031296,0.008800055550609646,0.08088820646556588,0.039722011504884136,0.008800065556675951,0.12177898178405919,0.04361158194767496,learned/task_010/cell_0130,23,with_replacement,268435456,1.9413486793637276,100003,completed,512,0,0.08456058382891724,0.04299798164833032,0.010097331484209177,0.11513055243582834,0.045216716301718425,20.0,0.12177898178405909,0.04361159696124857
4,170,ce9344dce5f56b4cda176bcdb36371f48911618aa600da1465617419b4995b69,4b74724c4225fcfe043fdd749fb740fff4cf33c8,0.0006637233782110453,0.006846767429924664,4,cuda,1.0,8,0.5,learned_mixture,0.9617049408242453,16,standard normal at finite u_max,finite,learned,0.048309414213372426,0.02370424683951261,full,0.3287091894154594,0.005169253796339035,32768,343031296,0.014593404385531012,0.0483094268769142,0.02370424683951262,0.014593414996748329,0.08954168001173855,0.025648712439950802,learned/task_010/cell_0170,23,with_replacement,268435456,1.9406928345561028,100004,completed,512,0,0.05337136351851052,0.02656100242283138,0.016662874547083192,0.08649079410149194,0.028316208581407838,20.0,0.08954168001173844,0.025648622339480315
4,210,642c9ac8b37cc879a46c5dc332c9d99eb4ae9d0bd2c4b38a1ce3bbe1af22951a,4b74724c4225fcfe043fdd749fb740fff4cf33c8,0.0009100489984565257,0.008464897763851217,0,cuda,1.0,8,0.5,learned_mixture,0.8732827768995787,16,standard normal at finite u_max,finite,learned,0.07561156933910115,0.04105624484250282,full,0.3888920619206226,0.005097702145576477,32768,343031296,0.008489415490441361,0.07561158197289122,0.0410562448425021,0.008489416735067949,0.08083259249268603,0.04224830720049934,learned/task_010/cell_0210,23,with_replacement,268435456,1.9426327906548977,101000,completed,512,1,0.08413066973025791,0.046283690614805285,0.01013630025711778,0.08279733192068502,0.047878510200584264,20.0,0.08083259249268554,0.04224842114707393
4,250,642c9ac8b37cc879a46c5dc332c9d99eb4ae9d0bd2c4b38a1ce3bbe1af22951a,4b74724c4225fcfe043fdd749fb740fff4cf33c8,0.00039083279556906015,0.004801164991045033,1,cuda,1.0,8,0.5,learned_mixture,0.999545086374299,16,standard normal at finite u_max,finite,learned,0.08630622834902599,0.043448499604246876,full,0.3935537185754723,0.005111638456583023,32768,343031296,0.006180407250749545,0.08630622713368535,0.04344849960424706,0.006180410587801929,0.09003375075269585,0.04508077239782467,learned/task_010/cell_0250,22,with_replacement,268435456,1.9382764026522636,101001,completed,512,1,0.08410701188275102,0.04230800775520829,0.005187633820349535,0.08107594625202232,0.04426946661177902,20.0,0.09003375075269608,0.045080664268852155
4,290,642c9ac8b37cc879a46c5dc332c9d99eb4ae9d0bd2c4b38a1ce3bbe1af22951a,4b74724c4225fcfe043fdd749fb740fff4cf33c8,0.0006870870879940158,0.006747964699646409,2,cuda,1.0,8,0.5,learned_mixture,0.6932070231372559,16,standard normal at finite u_max,finite,learned,0.06484708609775536,0.02990601007245789,full,0.37223428949011966,0.005306903272867203,32768,343031296,0.01337440212581527,0.06484710422823348,0.02990601007245766,0.013374409181906457,0.12168793918794325,0.030745657737179657,learned/task_010/cell_0290,24,with_replacement,268435456,1.9401395805180073,101002,completed,512,1,0.06228960851668956,0.027803299942274973,0.0120986496953652,0.12011717222027406,0.028536170535486127,20.0,0.12168793918794302,0.03074497382745362
4,330,642c9ac8b37cc879a46c5dc332c9d99eb4ae9d0bd2c4b38a1ce3bbe1af22951a,4b74724c4225fcfe043fdd749fb740fff4cf33c8,0.0005788366882680269,0.00535586445835143,3,cuda,1.0,8,0.5,learned_mixture,0.6876929875943041,16,standard normal at finite u_max,finite,learned,0.05306194752893658,0.02701560450349348,full,0.3669568411779063,0.005364518612623215,32768,343031296,0.00814895763224016,0.05306196794753415,0.027015604503493426,0.008148967840925099,0.08404154320811022,0.02985021946865054,learned/task_010/cell_0330,25,with_replacement,268435456,1.9417622275650501,101003,completed,512,1,0.05286463521882424,0.026778458838099012,0.010733076123481856,0.08843855322373054,0.02921827352491925,20.0,0.08404154320811019,0.029850223374768833
4,370,642c9ac8b37cc879a46c5dc332c9d99eb4ae9d0bd2c4b38a1ce3bbe1af22951a,4b74724c4225fcfe043fdd749fb740fff4cf33c8,0.000560621356454032,0.004915961179258051,4,cuda,1.0,8,0.5,learned_mixture,0.9960813943288954,16,standard normal at finite u_max,finite,learned,0.04732492814765983,0.021244181554920423,full,0.3779446555208762,0.005081329494714737,32768,343031296,0.013359695052527671,0.04732496753347064,0.02124418155492023,0.013359711064376518,0.07817963693242756,0.02435921900472498,learned/task_010/cell_0370,22,with_replacement,268435456,1.9370416402816772,101004,completed,512,1,0.046659370542880996,0.02165868952288793,0.01496622483599289,0.07567866122737646,0.02393405712811382,20.0,0.07817963693242722,0.024359394560354717
4,410,4ad56f1f2de8ac7e99a997dc798fcc9a82d5e41bcaa01483fa8161ba24fa2737,4b74724c4225fcfe043fdd749fb740fff4cf33c8,0.001568704384350607,0.011251223564013115,0,cuda,1.0,8,0.5,learned_mixture,0.9987665256497688,16,standard normal at finite u_max,finite,learned,0.08183777782373913,0.04528368471970062,full,0.35018570781934844,0.0050669945776462555,32768,343031296,0.015007429771768768,0.08183779934188345,0.045283684719701005,0.015007425655342395,0.10202983634178625,0.046623915466114316,learned/task_010/cell_0410,25,with_replacement,268435456,1.9398847818374634,102000,completed,512,2,0.09219405854485738,0.051543025265574624,0.01824342581665577,0.10674191955209571,0.05287758180342615,20.0,0.1020298363417866,0.04662391320830101
4,450,4ad56f1f2de8ac7e99a997dc798fcc9a82d5e41bcaa01483fa8161ba24fa2737,4b74724c4225fcfe043fdd749fb740fff4cf33c8,0.0010728014675177142,0.008520917864216913,1,cuda,1.0,8,0.5,learned_mixture,0.6803614414345894,16,standard normal at finite u_max,finite,learned,0.08960116371965926,0.045967067833671625,full,0.39622390072912966,0.005091264843940735,32768,343031296,0.012890088326835265,0.08960115466879498,0.045967067833671466,0.012890090123489979,0.12664289220815755,0.046611190137935285,learned/task_010/cell_0450,21,with_replacement,268435456,1.9396115839481354,102001,completed,512,2,0.08379498949681533,0.04182525190959445,0.012717339841222603,0.11882586084807371,0.044831429778748655,20.0,0.12664289220815744,0.0466108113329395
4,490,4ad56f1f2de8ac7e99a997dc798fcc9a82d5e41bcaa01483fa8161ba24fa2737,4b74724c4225fcfe043fdd749fb740fff4cf33c8,0.001520997806355909,0.010214302148330242,2,cuda,1.0,8,0.5,learned_mixture,0.6795056221224921,16,standard normal at finite u_max,finite,learned,0.08448207408418121,0.04172315797671104,full,0.3309060378443167,0.005069378763437271,32768,343031296,0.02366508948545991,0.08448210202535653,0.04172315797671113,0.02366509656299864,0.10376547808372072,0.04406432839515588,learned/task_010/cell_0490,25,with_replacement,268435456,1.9404271990060806,102002,completed,512,2,0.074599642502849,0.035810315989814566,0.022110480447779413,0.11914897751923942,0.03834677466653675,20.0,0.10376547808372107,0.044064572028817445
4,530,4ad56f1f2de8ac7e99a997dc798fcc9a82d5e41bcaa01483fa8161ba24fa2737,4b74724c4225fcfe043fdd749fb740fff4cf33c8,0.0013490544366930057,0.008406189404504504,3,cuda,1.0,8,0.5,learned_mixture,0.6451512832743452,16,standard normal at finite u_max,finite,learned,0.0859310209813986,0.045130596428035706,full,0.3887632127015976,0.005113724619150162,32768,343031296,0.014657054775607362,0.08593103172430558,0.04513059642803551,0.01465705731651066,0.09848309302511773,0.045298240339898994,learned/task_010/cell_0530,24,with_replacement,268435456,1.9392511993646622,102003,completed,512,2,0.08487819375152582,0.04462152403246299,0.019520451819337207,0.10452488580664827,0.04476081697642398,20.0,0.09848309302511736,0.04529828892346918
4,570,4ad56f1f2de8ac7e99a997dc798fcc9a82d5e41bcaa01483fa8161ba24fa2737,4b74724c4225fcfe043fdd749fb740fff4cf33c8,0.00148868244474444,0.00865612462771901,4,cuda,1.0,8,0.5,learned_mixture,0.8612494712128762,16,standard normal at finite u_max,finite,learned,0.13582467904646428,0.06482834041673691,full,0.2558211573456443,0.0055062733590602875,32768,343031296,0.03326169762886365,0.13582468429556302,0.0648283404167366,0.03326169925630426,0.14996014719392597,0.06749524108064862,learned/task_010/cell_0570,24,with_replacement,268435456,1.9402785636484623,102004,completed,512,2,0.13506163255967707,0.06559377436690456,0.03743007117324956,0.15928818397742517,0.06713780626648908,20.0,0.14996014719392556,0.06749544696919432
4,610,40d2f60f7b01b721909df18cdd26cc0bda1e28ef62dd47bb3bc9b7acfaa1fbc4,4b74724c4225fcfe043fdd749fb740fff4cf33c8,0.001652988601362978,0.009412964401913838,0,cuda,1.0,8,0.5,learned_mixture,0.9970327711503332,16,standard normal at finite u_max,finite,learned,0.07099887149073325,0.037709816726604464,full,0.3870469578419481,0.0051914118230342865,32768,343031296,0.01321996284105987,0.07099889508925586,0.03770981672660459,0.013219964157572657,0.10592281446716695,0.038788668843468085,learned/task_010/cell_0610,24,with_replacement,268435456,1.9453154616057873,103000,completed,512,3,0.08367927876127197,0.04516192366794348,0.014321637529305146,0.09533119027748997,0.04572989947301608,20.0,0.10592281446716713,0.03878897555139542
4,650,40d2f60f7b01b721909df18cdd26cc0bda1e28ef62dd47bb3bc9b7acfaa1fbc4,4b74724c4225fcfe043fdd749fb740fff4cf33c8,0.0006936237213030954,0.006665814551747147,1,cuda,1.0,8,0.5,learned_mixture,0.7921065592136299,16,standard normal at finite u_max,finite,learned,0.053751927902734656,0.025400412396264952,full,0.39368963585731953,0.005019694566726685,32768,343031296,0.0019466758669310503,0.05375194995021158,0.02540041239626443,0.0019466789607019228,0.09965142814291637,0.026785861190742687,learned/task_010/cell_0650,21,with_replacement,268435456,1.9418326988816261,103001,completed,512,3,0.050882946588336246,0.024711382792850404,0.002339050116815928,0.09208574325882364,0.025770287159462345,20.0,0.09965142814291578,0.02678576744089551
4,690,40d2f60f7b01b721909df18cdd26cc0bda1e28ef62dd47bb3bc9b7acfaa1fbc4,4b74724c4225fcfe043fdd749fb740fff4cf33c8,0.0014909365430766518,0.008953099146373295,2,cuda,1.0,8,0.5,learned_mixture,0.958639912423047,16,standard normal at finite u_max,finite,learned,0.07403988101044533,0.03542517552471435,full,0.4049911960055435,0.005055021494626999,32768,343031296,0.010260144406466082,0.07403988529307562,0.0354251755247144,0.010260151476598145,0.07867542974354792,0.03748508543436983,learned/task_010/cell_0690,25,with_replacement,268435456,1.9414467364549637,103002,completed,512,3,0.06983757992403476,0.03269084960624899,0.008176803453262715,0.08255951583147372,0.03438069500450291,20.0,0.07867542974354778,0.03748530548002039
4,730,40d2f60f7b01b721909df18cdd26cc0bda1e28ef62dd47bb3bc9b7acfaa1fbc4,4b74724c4225fcfe043fdd749fb740fff4cf33c8,0.0011037283751020848,0.008887649962893571,3,cuda,1.0,8,0.5,learned_mixture,0.9518776779556999,16,standard normal at finite u_max,finite,learned,0.08000271274369289,0.040749819943673396,full,0.4023249764671955,0.005049567669630051,32768,343031296,0.017205180883999454,0.08000273749091988,0.04074981994367333,0.017205190939676183,0.10739838213058506,0.041476723715325285,learned/task_010/cell_0730,24,with_replacement,268435456,1.942577701061964,103003,completed,512,3,0.07536074937566042,0.03830434509045668,0.018734789683802985,0.10360640534318134,0.039394848050401284,20.0,0.10739838213058486,0.0414766038971367
4,770,40d2f60f7b01b721909df18cdd26cc0bda1e28ef62dd47bb3bc9b7acfaa1fbc4,4b74724c4225fcfe043fdd749fb740fff4cf33c8,0.00039738796825668834,0.004836843660166346,4,cuda,1.0,8,0.5,learned_mixture,0.6198800972962202,16,standard normal at finite u_max,finite,learned,0.050801393996271337,0.02301405419730411,full,0.3670114398899322,0.005074195563793182,32768,343031296,0.012982937029974665,0.050801419737546115,0.023014054197303957,0.012982953186029102,0.09925398821842638,0.02429106287701778,learned/task_010/cell_0770,22,with_replacement,268435456,1.9419646598398685,103004,completed,512,3,0.05342186436227694,0.024262637460283887,0.010229667220141032,0.09594695271766784,0.025229312446318906,20.0,0.0992539882184261,0.024290968356223946
4,810,4f8f7d024dee2ba1d205fcf59f39c4f32d87524ab703a9051d4ad4e7ca38f59f,4b74724c4225fcfe043fdd749fb740fff4cf33c8,0.004135481232107491,0.015474194712993742,0,cuda,1.0,8,0.5,learned_mixture,0.9966958720500767,16,standard normal at finite u_max,finite,learned,0.09236470603747694,0.04829209597590164,full,0.3265437257271273,0.005029037594795227,32768,343031296,0.006054250829897346,0.09236471847072741,0.04829209597590159,0.006054244535504957,0.11311224351093059,0.04907990478357148,learned/task_010/cell_0810,27,with_replacement,268435456,1.943107195198536,104000,completed,512,4,0.11372992747113546,0.05929643748493337,0.005827004992872812,0.11106512019479363,0.06063396326204304,20.0,0.11311224351093052,0.049080026922351
4,850,4f8f7d024dee2ba1d205fcf59f39c4f32d87524ab703a9051d4ad4e7ca38f59f,4b74724c4225fcfe043fdd749fb740fff4cf33c8,0.0007473861126503207,0.007738899489231298,1,cuda,1.0,8,0.5,learned_mixture,0.716773694243638,16,standard normal at finite u_max,finite,learned,0.06872044889520654,0.031470503737973554,full,0.3834980703249355,0.005035016685724258,32768,343031296,0.005705566510999432,0.06872046275179461,0.03147050373797362,0.005705566695952457,0.10332076808437377,0.03375227071081521,learned/task_010/cell_0850,24,with_replacement,268435456,1.9383068345487118,104001,completed,512,4,0.07609776617265228,0.03592311966039245,0.005292889235492453,0.10528353518848768,0.03753824408521607,20.0,0.10332076808437374,0.033752053822909855
4,890,4f8f7d024dee2ba1d205fcf59f39c4f32d87524ab703a9051d4ad4e7ca38f59f,4b74724c4225fcfe043fdd749fb740fff4cf33c8,0.0008707190054726818,0.006642637838624772,2,cuda,1.0,8,0.5,learned_mixture,0.9952008506691827,16,standard normal at finite u_max,finite,learned,0.08083164574193075,0.04044550634890177,full,0.4005944827964704,0.005036965012550354,32768,343031296,0.0017721396915233653,0.08083164196161233,0.04044550634890155,0.0017721401861187508,0.07874666269684417,0.04182962215946439,learned/task_010/cell_0890,25,with_replacement,268435456,1.9436750374734402,104002,completed,512,4,0.0913802583482016,0.046024883437490706,0.0015945763501438517,0.07970890011712824,0.047454133751646324,20.0,0.07874666269684427,0.04182988070383425
4,930,4f8f7d024dee2ba1d205fcf59f39c4f32d87524ab703a9051d4ad4e7ca38f59f,4b74724c4225fcfe043fdd749fb740fff4cf33c8,0.0015229140976215718,0.009263315537770683,3,cuda,1.0,8,0.5,learned_mixture,0.5966626574705652,16,standard normal at finite u_max,finite,learned,0.0564238387005148,0.028135956241764747,full,0.3613603425834369,0.005565077066421509,32768,343031296,0.016785529640743514,0.05642388030230703,0.028135956241764654,0.016785532148681698,0.11034654335812343,0.029964641280845052,learned/task_010/cell_0930,24,with_replacement,268435456,1.9410074353218079,104003,completed,512,4,0.06891859899269603,0.0356272096710418,0.019055867122441818,0.11915171642238369,0.037077874786723544,20.0,0.11034654335812329,0.029964595997090268
4,970,4f8f7d024dee2ba1d205fcf59f39c4f32d87524ab703a9051d4ad4e7ca38f59f,4b74724c4225fcfe043fdd749fb740fff4cf33c8,0.0005168833569056035,0.0054129260957495266,4,cuda,1.0,8,0.5,learned_mixture,0.9639901295396813,16,standard normal at finite u_max,finite,learned,0.059781260660928814,0.028325215915847742,full,0.3645538478892139,0.005228731781244278,32768,343031296,0.012327370163926196,0.05978129096979556,0.028325215915847544,0.012327377043962483,0.09891943939916029,0.029998729818408947,learned/task_010/cell_0970,23,with_replacement,268435456,1.9398693032562733,104004,completed,512,4,0.06676544602240944,0.032428030081257005,0.014471957388703553,0.09608558888165032,0.034021222388856055,20.0,0.09891943939915977,0.02999899035807538
4,11,ce9344dce5f56b4cda176bcdb36371f48911618aa600da1465617419b4995b69,4b74724c4225fcfe043fdd749fb740fff4cf33c8,0.0017075322420032606,0.009442208231325834,0,cuda,1.0,8,0.5,learned_mixture,0.6073687142186516,16,standard normal at finite u_max,infinite,learned,0.25195500619267,0.11251108780324481,unbiased,3.128668062192115e-05,2.547197390347719,32768,151138816,0.04271341663813239,0.2519550129842882,0.11251108780324479,0.042713420389828304,0.5018544925647002,0.13110116173936867,learned/task_011/cell_0011,107,with_replacement,67108864,1.1378637291491032,100000,completed,512,0,0.26259760937302223,0.11816355735530797,0.04113136112480641,0.49747928067214253,0.13519464574343387,20.0,0.5018544925647003,0.13110083609498382
4,51,ce9344dce5f56b4cda176bcdb36371f48911618aa600da1465617419b4995b69,4b74724c4225fcfe043fdd749fb740fff4cf33c8,0.0006967364291436821,0.006589171643460612,1,cuda,1.0,8,0.5,learned_mixture,0.5282243164030526,16,standard normal at finite u_max,infinite,learned,0.15729950441547194,0.0657336929847682,unbiased,6.366049509624747e-05,0.23863935843110085,32768,151138816,0.006747861394877002,0.157299534826306,0.06573369298476833,0.0067478643984101045,0.37204440564729213,0.07754519331982027,learned/task_011/cell_0051,107,with_replacement,67108864,1.1379870623350143,100001,completed,512,0,0.15626432178614533,0.06683198300769068,0.0029036281083369988,0.3662736972099148,0.07597161909508035,20.0,0.3720444056472918,0.07754545182912749
4,91,ce9344dce5f56b4cda176bcdb36371f48911618aa600da1465617419b4995b69,4b74724c4225fcfe043fdd749fb740fff4cf33c8,0.0008179824631373392,0.006750998253324644,2,cuda,1.0,8,0.5,learned_mixture,0.9658782991847316,16,standard normal at finite u_max,infinite,learned,0.1854457016359567,0.06784504738656827,unbiased,6.070818953838753e-05,0.005120251327753067,32768,151138816,0.01774576359945966,0.18544572247989896,0.06784504738656849,0.01774577065670761,0.39791937885467454,0.08581243723726426,learned/task_011/cell_0091,125,with_replacement,67108864,1.1389309987425804,100002,completed,512,0,0.19417374119144265,0.0731628753707887,0.015924464910125447,0.3988104689602795,0.08852002452029094,20.0,0.3979193788546747,0.08581200968793881
4,131,ce9344dce5f56b4cda176bcdb36371f48911618aa600da1465617419b4995b69,4b74724c4225fcfe043fdd749fb740fff4cf33c8,0.0014346197198311776,0.010000008368595811,3,cuda,1.0,8,0.5,learned_mixture,0.6815230565700136,16,standard normal at finite u_max,infinite,learned,0.187946422704792,0.08212703927220043,unbiased,3.170489078940111e-05,0.0050757043063640594,32768,151138816,0.04559606199388475,0.1879464268220017,0.08212703927220044,0.045596061497617864,0.3006510213791629,0.08794123423983338,learned/task_011/cell_0131,115,with_replacement,67108864,1.1380867287516594,100003,completed,512,0,0.18474036596053728,0.08066543491544202,0.0457897156908473,0.30900218056115825,0.08595945759297272,20.0,0.30065102137916305,0.08794152928150235
4,171,ce9344dce5f56b4cda176bcdb36371f48911618aa600da1465617419b4995b69,4b74724c4225fcfe043fdd749fb740fff4cf33c8,0.0006637233782110453,0.006846767429924664,4,cuda,1.0,8,0.5,learned_mixture,0.6918435696238265,16,standard normal at finite u_max,infinite,learned,0.09545992732927966,0.038115316664332405,unbiased,0.00010767785703057865,0.005543544888496399,32768,151138816,0.038339016597027376,0.09545997516738493,0.0381153166643324,0.03833903251845662,0.2721676576576181,0.04710973152572327,learned/task_011/cell_0171,124,with_replacement,67108864,1.1434156447649002,100004,completed,512,0,0.08862276152239415,0.0350751558779542,0.034031295848775484,0.26693067853326113,0.0447522496880042,20.0,0.27216765765761786,0.04710944551094684
4,211,642c9ac8b37cc879a46c5dc332c9d99eb4ae9d0bd2c4b38a1ce3bbe1af22951a,4b74724c4225fcfe043fdd749fb740fff4cf33c8,0.0009100489984565257,0.008464897763851217,0,cuda,1.0,8,0.5,learned_mixture,0.5407480020621847,16,standard normal at finite u_max,infinite,learned,0.21861939473824607,0.1183437579239993,unbiased,4.1286264988174345e-05,0.005072284489870071,32768,151138816,0.03921526898696849,0.21861939809938985,0.11834375792399918,0.03921526513597686,0.25673858766241076,0.12051191533871869,learned/task_011/cell_0211,111,with_replacement,67108864,1.1438959501683712,101000,completed,512,1,0.2267412498712571,0.12398148742795291,0.04154123965241721,0.24431489496517875,0.12609911856303177,20.0,0.2567385876624107,0.12051179695597536
4,251,642c9ac8b37cc879a46c5dc332c9d99eb4ae9d0bd2c4b38a1ce3bbe1af22951a,4b74724c4225fcfe043fdd749fb740fff4cf33c8,0.00039083279556906015,0.004801164991045033,1,cuda,1.0,8,0.5,learned_mixture,0.6643019086102192,16,standard normal at finite u_max,infinite,learned,0.1521421858035168,0.06914352313078753,unbiased,3.601617526036112e-05,0.005123961716890335,32768,151138816,0.03567492267460552,0.15214220425299269,0.06914352313078759,0.03567492601165797,0.27410614445790793,0.07553409134115878,learned/task_011/cell_0251,109,with_replacement,67108864,1.132931549102068,101001,completed,512,1,0.15318522849691174,0.07051862811829593,0.03468214924420551,0.2638650080168644,0.07548311908671845,20.0,0.2741061444579084,0.07553420659902649
4,291,642c9ac8b37cc879a46c5dc332c9d99eb4ae9d0bd2c4b38a1ce3bbe1af22951a,4b74724c4225fcfe043fdd749fb740fff4cf33c8,0.0006870870879940158,0.006747964699646409,2,cuda,1.0,8,0.5,learned_mixture,0.6646093998389158,16,standard normal at finite u_max,infinite,learned,0.19079734577877547,0.07627622442998619,unbiased,5.629770064007191e-05,0.005018997937440872,32768,151138816,0.021251725198366173,0.19079737483560757,0.07627622442998623,0.021251732254457686,0.37997510268956214,0.09125370488512115,learned/task_011/cell_0291,115,with_replacement,67108864,1.141297359019518,101002,completed,512,1,0.18437187479443484,0.07200040232745457,0.019975972767916104,0.3783320849901296,0.08905010856964424,20.0,0.37997510268956236,0.09125309449458716
4,331,642c9ac8b37cc879a46c5dc332c9d99eb4ae9d0bd2c4b38a1ce3bbe1af22951a,4b74724c4225fcfe043fdd749fb740fff4cf33c8,0.0005788366882680269,0.00535586445835143,3,cuda,1.0,8,0.5,learned_mixture,0.5139715377514182,16,standard normal at finite u_max,infinite,learned,0.20841629535462494,0.09678648115761082,unbiased,0.000175228458500183,0.005027610808610916,32768,151138816,0.062199523548841285,0.20841629310759868,0.09678648115761102,0.062199520955354845,0.2835264862920449,0.10080837073483244,learned/task_011/cell_0331,111,with_replacement,67108864,1.1368080861866474,101003,completed,512,1,0.20307397891027854,0.09367844394843641,0.06127722113695437,0.28282956975145823,0.09787687819141298,20.0,0.2835264862920452,0.10080822374502162
4,371,642c9ac8b37cc879a46c5dc332c9d99eb4ae9d0bd2c4b38a1ce3bbe1af22951a,4b74724c4225fcfe043fdd749fb740fff4cf33c8,0.000560621356454032,0.004915961179258051,4,cuda,1.0,8,0.5,learned_mixture,0.826125239685017,16,standard normal at finite u_max,infinite,learned,0.14427956127167701,0.05446414726392893,unbiased,0.00025950221507062434,0.005524292588233948,32768,151138816,0.047426083054125226,0.1442795985477614,0.05446414726392898,0.04742607867276835,0.35113862411116664,0.06568730237221647,learned/task_011/cell_0371,122,with_replacement,67108864,1.1450335755944252,101004,completed,512,1,0.14019493973599423,0.05315924293826145,0.048659339441357224,0.3459375426384601,0.06350220293051217,20.0,0.35113862411116675,0.0656878196449609
4,411,4ad56f1f2de8ac7e99a997dc798fcc9a82d5e41bcaa01483fa8161ba24fa2737,4b74724c4225fcfe043fdd749fb740fff4cf33c8,0.001568704384350607,0.011251223564013115,0,cuda,1.0,8,0.5,learned_mixture,0.7866885826411366,16,standard normal at finite u_max,infinite,learned,0.2206679688457269,0.10434119967616876,unbiased,4.661946722479765e-05,0.0052204132080078125,32768,151138816,0.039780062716798154,0.22066796956137869,0.10434119967616905,0.03978006634098455,0.3141937722331223,0.10905227080483919,learned/task_011/cell_0411,109,with_replacement,67108864,1.1393313482403755,102000,completed,512,2,0.228399329448096,0.10882562214744401,0.04112138163722068,0.3179437351536531,0.11436151303490844,20.0,0.3141937722331223,0.10905206231017424
4,451,4ad56f1f2de8ac7e99a997dc798fcc9a82d5e41bcaa01483fa8161ba24fa2737,4b74724c4225fcfe043fdd749fb740fff4cf33c8,0.0010728014675177142,0.008520917864216913,1,cuda,1.0,8,0.5,learned_mixture,0.5028852999718416,16,standard normal at finite u_max,infinite,learned,0.1773691933203472,0.079128939965125,unbiased,3.349728220977576e-05,0.005042258650064468,32768,151138816,0.03088673948038882,0.17736921494746646,0.07912893996512493,0.03088673986712428,0.375035746182205,0.08670659344774315,learned/task_011/cell_0451,110,with_replacement,67108864,1.1360526122152805,102001,completed,512,2,0.16864766969552247,0.07394874698815251,0.030780241485962517,0.37648467624810567,0.08298357872172324,20.0,0.3750357461822054,0.08670635659031219
4,491,4ad56f1f2de8ac7e99a997dc798fcc9a82d5e41bcaa01483fa8161ba24fa2737,4b74724c4225fcfe043fdd749fb740fff4cf33c8,0.001520997806355909,0.010214302148330242,2,cuda,1.0,8,0.5,learned_mixture,0.9047358803044308,16,standard normal at finite u_max,infinite,learned,0.19456098804627253,0.0730037237299673,unbiased,3.72949798035346e-05,0.005057062953710556,32768,151138816,0.0319903021920358,0.19456100979398794,0.07300372372996727,0.031990301561644056,0.43290464363107783,0.08538774775305942,learned/task_011/cell_0491,122,with_replacement,67108864,1.1424879506230354,102002,completed,512,2,0.19791765517658438,0.07457445277357702,0.02893339671454702,0.44286412599807834,0.08553380580692752,20.0,0.43290464363107795,0.0853883857605926
4,531,4ad56f1f2de8ac7e99a997dc798fcc9a82d5e41bcaa01483fa8161ba24fa2737,4b74724c4225fcfe043fdd749fb740fff4cf33c8,0.0013490544366930057,0.008406189404504504,3,cuda,1.0,8,0.5,learned_mixture,0.6433799607900605,16,standard normal at finite u_max,infinite,learned,0.16523775475259364,0.0745041626258548,unbiased,3.6503687473611756e-05,0.0050028227269649506,32768,151138816,0.02072952670923537,0.1652377622069515,0.07450416262585491,0.020729531729422525,0.27006215912275633,0.08041292881331388,learned/task_011/cell_0531,112,with_replacement,67108864,1.1398144289851189,102003,completed,512,2,0.16234026875106383,0.07188574277769863,0.019420827710151835,0.27822684782919144,0.07943679483884213,20.0,0.2700621591227566,0.08041304795657897
4,571,4ad56f1f2de8ac7e99a997dc798fcc9a82d5e41bcaa01483fa8161ba24fa2737,4b74724c4225fcfe043fdd749fb740fff4cf33c8,0.00148868244474444,0.00865612462771901,4,cuda,1.0,8,0.5,learned_mixture,0.7869857234122115,16,standard normal at finite u_max,infinite,learned,0.2760879681252091,0.12300308997775095,unbiased,3.5918931240551595e-05,0.004991509020328522,32768,151138816,0.09410872242150564,0.2760879753578206,0.12300308997775089,0.09410872405513586,0.43980160218458275,0.12819546746055588,learned/task_011/cell_0571,122,with_replacement,67108864,1.160977702587843,102004,completed,512,2,0.2726740137764016,0.1211216337569842,0.09229226117254184,0.4464077730855212,0.12648522427912892,20.0,0.43980160218458275,0.12819535239079158
4,611,40d2f60f7b01b721909df18cdd26cc0bda1e28ef62dd47bb3bc9b7acfaa1fbc4,4b74724c4225fcfe043fdd749fb740fff4cf33c8,0.001652988601362978,0.009412964401913838,0,cuda,1.0,8,0.5,learned_mixture,0.5398932887252297,16,standard normal at finite u_max,infinite,learned,0.2805400841802921,0.1374807465418202,unbiased,0.00019464759138012374,0.005008038133382797,32768,151138816,0.06194236897260561,0.28054009228812116,0.13748074654182013,0.061942370289118344,0.382513658126154,0.14902763046336667,learned/task_011/cell_0611,107,with_replacement,67108864,1.1368430107831955,103000,completed,512,3,0.2886883285353987,0.1420516251723732,0.06282872815424753,0.37332365126939593,0.15253211188885976,20.0,0.38251365812615395,0.14902722984184025
4,651,40d2f60f7b01b721909df18cdd26cc0bda1e28ef62dd47bb3bc9b7acfaa1fbc4,4b74724c4225fcfe043fdd749fb740fff4cf33c8,0.0006936237213030954,0.006665814551747147,1,cuda,1.0,8,0.5,learned_mixture,0.6044720486712581,16,standard normal at finite u_max,infinite,learned,0.1440792998022845,0.06350649569300444,unbiased,0.0001992453000218683,0.004980098456144333,32768,151138816,0.007092088083921716,0.14407932375187735,0.06350649569300423,0.007092091177692809,0.2732989688399281,0.06728683409744779,learned/task_011/cell_0651,108,with_replacement,67108864,1.1386428698897362,103001,completed,512,3,0.13930113870553046,0.060822705190898566,0.005342402219193912,0.266179149770048,0.06504415338624273,20.0,0.273298968839928,0.06728719002291982
4,691,40d2f60f7b01b721909df18cdd26cc0bda1e28ef62dd47bb3bc9b7acfaa1fbc4,4b74724c4225fcfe043fdd749fb740fff4cf33c8,0.0014909365430766518,0.008953099146373295,2,cuda,1.0,8,0.5,learned_mixture,0.6437877411721995,16,standard normal at finite u_max,infinite,learned,0.1839927903415728,0.07312893480734493,unbiased,3.4812307152382756e-05,0.0050145722925662994,32768,151138816,0.03758285191012669,0.18399281560545094,0.07312893480734481,0.03758285898025869,0.37246059669060483,0.08727079980802793,learned/task_011/cell_0691,116,with_replacement,67108864,1.1415570117533207,103002,completed,512,3,0.17724894538747082,0.06875761531914872,0.03549951095692332,0.3749316956333849,0.08550355936082026,20.0,0.3724605966906048,0.08727043279549149
4,731,40d2f60f7b01b721909df18cdd26cc0bda1e28ef62dd47bb3bc9b7acfaa1fbc4,4b74724c4225fcfe043fdd749fb740fff4cf33c8,0.0011037283751020848,0.008887649962893571,3,cuda,1.0,8,0.5,learned_mixture,0.6693210028021955,16,standard normal at finite u_max,infinite,learned,0.2337090387994928,0.10683617103795348,unbiased,4.699076359579602e-05,0.0053529925644397736,32768,151138816,0.036067035225603776,0.2337090452292569,0.10683617103795404,0.03606704049799385,0.3422768863136205,0.110736110961596,learned/task_011/cell_0731,114,with_replacement,67108864,1.1452234201133251,103003,completed,512,3,0.2296233765063936,0.10517999109675905,0.03641558265219675,0.3400652854583583,0.10772984365839103,20.0,0.3422768863136208,0.11073611204398763
4,771,40d2f60f7b01b721909df18cdd26cc0bda1e28ef62dd47bb3bc9b7acfaa1fbc4,4b74724c4225fcfe043fdd749fb740fff4cf33c8,0.00039738796825668834,0.004836843660166346,4,cuda,1.0,8,0.5,learned_mixture,0.9456227496362308,16,standard normal at finite u_max,infinite,learned,0.1459759004758781,0.06750329967808494,unbiased,0.00011937612461965927,0.0050913505256175995,32768,151138816,0.06717051194059137,0.14597592735946174,0.06750329967808491,0.06717052393158361,0.310145937163254,0.07778644996053224,learned/task_011/cell_0771,123,with_replacement,67108864,1.1420292668044567,103004,completed,512,3,0.14849630362664118,0.06791184083170229,0.06654888048118071,0.3089086827754221,0.07820430903567042,20.0,0.3101459371632537,0.0777865066958346
4,811,4f8f7d024dee2ba1d205fcf59f39c4f32d87524ab703a9051d4ad4e7ca38f59f,4b74724c4225fcfe043fdd749fb740fff4cf33c8,0.004135481232107491,0.015474194712993742,0,cuda,1.0,8,0.5,learned_mixture,0.6983322282815144,16,standard normal at finite u_max,infinite,learned,0.1905987988774049,0.09525848671262772,unbiased,4.580578430819839e-05,0.005011741071939468,32768,151138816,0.020930988688243248,0.1905988097030411,0.09525848671262754,0.020930989903576214,0.2535667373765344,0.09842736090133278,learned/task_011/cell_0811,109,with_replacement,67108864,1.13568514585495,104000,completed,512,4,0.2143595649415943,0.10913700596902316,0.023463779849028917,0.2513471658887446,0.11203262609529072,20.0,0.2535667373765342,0.09842732028218579
4,851,4f8f7d024dee2ba1d205fcf59f39c4f32d87524ab703a9051d4ad4e7ca38f59f,4b74724c4225fcfe043fdd749fb740fff4cf33c8,0.0007473861126503207,0.007738899489231298,1,cuda,1.0,8,0.5,learned_mixture,0.935991306979537,16,standard normal at finite u_max,infinite,learned,0.1364461176832188,0.060305609193790695,unbiased,5.7316518361307035e-05,0.005026109516620636,32768,151138816,0.0071997616296213054,0.13644616271287696,0.06030560919379081,0.007199761814574532,0.3165493780600983,0.0667819125653229,learned/task_011/cell_0851,108,with_replacement,67108864,1.137794405221939,104001,completed,512,4,0.13947725296943847,0.06215224240682612,0.006787084354114327,0.31240414498396907,0.0684391318654488,20.0,0.31654937806009864,0.06678209373686958
4,891,4f8f7d024dee2ba1d205fcf59f39c4f32d87524ab703a9051d4ad4e7ca38f59f,4b74724c4225fcfe043fdd749fb740fff4cf33c8,0.0008707190054726818,0.006642637838624772,2,cuda,1.0,8,0.5,learned_mixture,0.9964306489462395,16,standard normal at finite u_max,infinite,learned,0.1941988286502693,0.09058619118244346,unbiased,4.525198801792729e-05,0.005002051591873169,32768,151138816,0.010279448179569595,0.19419883206055555,0.090586191182444,0.010279455359244991,0.26542484890137885,0.0962909660165149,learned/task_011/cell_0891,119,with_replacement,67108864,1.1470849700272083,104002,completed,512,4,0.2049581700406264,0.09638452973520095,0.010819120592158758,0.26846293632759705,0.10180975146068379,20.0,0.26542484890137924,0.09629093209848433
4,931,4f8f7d024dee2ba1d205fcf59f39c4f32d87524ab703a9051d4ad4e7ca38f59f,4b74724c4225fcfe043fdd749fb740fff4cf33c8,0.0015229140976215718,0.009263315537770683,3,cuda,1.0,8,0.5,learned_mixture,0.7689198408568217,16,standard normal at finite u_max,infinite,learned,0.15571369692130052,0.0716912269039398,unbiased,3.542540316900783e-05,0.00501197949051857,32768,151138816,0.036275653052111,0.1557137077306207,0.07169122690393967,0.03627566320695785,0.2818075512311872,0.07656404642254289,learned/task_011/cell_0931,112,with_replacement,67108864,1.1349931843578815,104003,completed,512,4,0.15821623525556117,0.07236148043239353,0.039085227270350326,0.28033716221854005,0.07882429951334319,20.0,0.28180755123118717,0.07656398861550996
4,971,4f8f7d024dee2ba1d205fcf59f39c4f32d87524ab703a9051d4ad4e7ca38f59f,4b74724c4225fcfe043fdd749fb740fff4cf33c8,0.0005168833569056035,0.0054129260957495266,4,cuda,1.0,8,0.5,learned_mixture,0.9509861179246335,16,standard normal at finite u_max,infinite,learned,0.1325556012310937,0.057718815543374456,unbiased,0.00012033937449940021,0.005007103085517883,32768,151138816,0.029444254021349897,0.13255561661694074,0.05771881554337463,0.029444261928832784,0.27904998459623415,0.0636479812323606,learned/task_011/cell_0971,123,with_replacement,67108864,1.1443613730370998,104004,completed,512,4,0.13922485576380608,0.061890935051507355,0.031290435840417186,0.2742850522158337,0.06719000039231447,20.0,0.27904998459623437,0.06364806388204053
4,12,ce9344dce5f56b4cda176bcdb36371f48911618aa600da1465617419b4995b69,4b74724c4225fcfe043fdd749fb740fff4cf33c8,0.0017075322420032606,0.009442208231325834,0,cuda,1.0,8,0.5,learned_mixture,0.9293296224420441,16,standard normal at finite u_max,infinite,learned,0.1091482657611344,0.06534067133497948,unbiased,0.013189471321428047,2.5445996560156345,32768,155333120,0.015996532521860278,0.10914824781678814,0.06534067133497891,0.015996527094311243,0.11762886933664493,0.06597906390311463,learned/task_012/cell_0012,60,without_replacement,67108864,1.2267749682068825,100000,completed,512,0,0.11492263749021561,0.0664927124114749,0.013249936973369658,0.13547193111443412,0.0674483792927748,20.0,0.11762886933664495,0.06597867175018768
4,52,ce9344dce5f56b4cda176bcdb36371f48911618aa600da1465617419b4995b69,4b74724c4225fcfe043fdd749fb740fff4cf33c8,0.0006967364291436821,0.006589171643460612,1,cuda,1.0,8,0.5,learned_mixture,0.5749019342498405,16,standard normal at finite u_max,infinite,learned,0.1850837309351012,0.0984489509177148,unbiased,0.009833028396686988,0.15375976637005806,32768,155333120,0.024668753988078135,0.1850837402163869,0.09844895091771477,0.024668754670244833,0.21097754318900552,0.09935092776594182,learned/task_012/cell_0052,76,without_replacement,67108864,1.221317496150732,100001,completed,512,0,0.1828702163907393,0.09700196004803902,0.028256192546568457,0.20356925975409082,0.09806443583344801,20.0,0.21097754318900536,0.09935101957547396
4,92,ce9344dce5f56b4cda176bcdb36371f48911618aa600da1465617419b4995b69,4b74724c4225fcfe043fdd749fb740fff4cf33c8,0.0008179824631373392,0.006750998253324644,2,cuda,1.0,8,0.5,learned_mixture,0.7977176496002012,16,standard normal at finite u_max,infinite,learned,0.10030446645831026,0.04936843387446421,unbiased,0.06909679184845281,0.004974383860826492,32768,155333120,0.032347376621951446,0.1003044721973983,0.049368433874464296,0.03234737713096719,0.10950414576143913,0.050044089022383484,learned/task_012/cell_0092,80,without_replacement,67108864,1.2269495204091072,100002,completed,512,0,0.09630183453483346,0.04618107334784169,0.031127706694317067,0.10675906128091077,0.04891156089834283,20.0,0.10950414576143908,0.050044191498459685
4,132,ce9344dce5f56b4cda176bcdb36371f48911618aa600da1465617419b4995b69,4b74724c4225fcfe043fdd749fb740fff4cf33c8,0.0014346197198311776,0.010000008368595811,3,cuda,1.0,8,0.5,learned_mixture,0.685461031470021,16,standard normal at finite u_max,infinite,learned,0.14784689827795414,0.08150389565787383,unbiased,0.05902643750922933,0.005107712000608444,32768,155333120,0.038519011660303686,0.1478468840203978,0.08150389565787387,0.03851900641875267,0.08524453608810367,0.0815613958888404,learned/task_012/cell_0132,76,without_replacement,67108864,1.232177335768938,100003,completed,512,0,0.15120361004271554,0.08459928811078682,0.03826863516993149,0.08147049160012437,0.08461948242311214,20.0,0.08524453608810355,0.08156147193487648
4,172,ce9344dce5f56b4cda176bcdb36371f48911618aa600da1465617419b4995b69,4b74724c4225fcfe043fdd749fb740fff4cf33c8,0.0006637233782110453,0.006846767429924664,4,cuda,1.0,8,0.5,learned_mixture,0.7288202297290596,16,standard normal at finite u_max,infinite,learned,0.11270314874610048,0.0547773387160414,unbiased,0.007837132071105306,0.0051513612270355225,32768,155333120,0.07151815221985429,0.11270318515014476,0.05477733871604142,0.07151815515829482,0.1840971875027615,0.05791159373024067,learned/task_012/cell_0172,91,without_replacement,67108864,1.2371882162988186,100004,completed,512,0,0.11193978061070195,0.054571840824633386,0.07285095336787985,0.178285191203234,0.05754675442848242,20.0,0.18409718750276133,0.05791161541667741
4,212,642c9ac8b37cc879a46c5dc332c9d99eb4ae9d0bd2c4b38a1ce3bbe1af22951a,4b74724c4225fcfe043fdd749fb740fff4cf33c8,0.0009100489984565257,0.008464897763851217,0,cuda,1.0,8,0.5,learned_mixture,0.7311902120800763,16,standard normal at finite u_max,infinite,learned,0.14937168449745225,0.08656744439178957,unbiased,0.0049902892921597445,0.004907984286546707,32768,155333120,0.02605863376436958,0.14937168856053692,0.08656744439178937,0.026058627661509837,0.10544408760575394,0.08664799134254073,learned/task_012/cell_0212,67,without_replacement,67108864,1.2186932489275932,101000,completed,512,1,0.1536187768047673,0.08836289532692888,0.025942461139903394,0.10103555172921794,0.08842412115982058,20.0,0.10544408760575372,0.08664797273677641
4,252,642c9ac8b37cc879a46c5dc332c9d99eb4ae9d0bd2c4b38a1ce3bbe1af22951a,4b74724c4225fcfe043fdd749fb740fff4cf33c8,0.00039083279556906015,0.004801164991045033,1,cuda,1.0,8,0.5,learned_mixture,0.9711016111552576,16,standard normal at finite u_max,infinite,learned,0.10662096945375535,0.05366655194125944,unbiased,0.03468406806108911,0.004862062633037567,32768,155333120,0.015922440085393213,0.10662097732752897,0.05366655194125941,0.015922440600765548,0.11081448095714348,0.0548638399591266,learned/task_012/cell_0252,75,without_replacement,67108864,1.2251652851700783,101001,completed,512,1,0.10697617114737346,0.05395671967082033,0.01674420868694104,0.09740520914444238,0.05469835939301453,20.0,0.11081448095714383,0.0548636057709206
4,292,642c9ac8b37cc879a46c5dc332c9d99eb4ae9d0bd2c4b38a1ce3bbe1af22951a,4b74724c4225fcfe043fdd749fb740fff4cf33c8,0.0006870870879940158,0.006747964699646409,2,cuda,1.0,8,0.5,learned_mixture,0.7348801501174879,16,standard normal at finite u_max,infinite,learned,0.09807449288651694,0.05004838350619741,unbiased,0.11504661040997431,0.004887152463197708,32768,155333120,0.015263974934074151,0.09807449750230472,0.050048383506197204,0.015263975494322974,0.12398859891285997,0.05035874198625179,learned/task_012/cell_0292,69,without_replacement,67108864,1.2254784926772118,101002,completed,512,1,0.09799522533231517,0.04984908518982203,0.016153540875182004,0.12292818496527977,0.05107143360349277,20.0,0.12398859891285971,0.0503592534653386
4,332,642c9ac8b37cc879a46c5dc332c9d99eb4ae9d0bd2c4b38a1ce3bbe1af22951a,4b74724c4225fcfe043fdd749fb740fff4cf33c8,0.0005788366882680269,0.00535586445835143,3,cuda,1.0,8,0.5,learned_mixture,0.8670534689466616,16,standard normal at finite u_max,infinite,learned,0.18848227216576632,0.0856442347295639,unbiased,0.006568629410635819,0.005175955593585968,32768,155333120,0.03202194624307894,0.18848226056580752,0.08564423472956381,0.03202194883701011,0.13500056343824784,0.09078489805293262,learned/task_012/cell_0332,82,without_replacement,67108864,1.233575850725174,101003,completed,512,1,0.19169552687271346,0.08696062352742642,0.03361559479349201,0.1408186111573191,0.09268075709645493,20.0,0.13500056343824815,0.09078493383965629
4,372,642c9ac8b37cc879a46c5dc332c9d99eb4ae9d0bd2c4b38a1ce3bbe1af22951a,4b74724c4225fcfe043fdd749fb740fff4cf33c8,0.000560621356454032,0.004915961179258051,4,cuda,1.0,8,0.5,learned_mixture,0.6484231542526007,16,standard normal at finite u_max,infinite,learned,0.22670029378134837,0.09019084651035074,unbiased,0.008729592567542221,0.004884734749794006,32768,155333120,0.059723774038063254,0.22670027338060422,0.09019084651035089,0.05972376940590455,0.43698884033743063,0.11039122253919727,learned/task_012/cell_0372,104,without_replacement,67108864,1.2461835071444511,101004,completed,512,1,0.2298223242939689,0.09214077106696186,0.05883162332304291,0.4327387237085713,0.11170280558345039,20.0,0.4369888403374307,0.11039141414653696
4,412,4ad56f1f2de8ac7e99a997dc798fcc9a82d5e41bcaa01483fa8161ba24fa2737,4b74724c4225fcfe043fdd749fb740fff4cf33c8,0.001568704384350607,0.011251223564013115,0,cuda,1.0,8,0.5,learned_mixture,0.6642336942723627,16,standard normal at finite u_max,infinite,learned,0.09264219594656148,0.04730126308841845,unbiased,0.0993793880047123,0.0048933327198028564,32768,155333120,0.012924469666259797,0.09264220398701553,0.047301263088418546,0.012924463264188538,0.09579314580759697,0.04822176654677103,learned/task_012/cell_0412,62,without_replacement,67108864,1.2193167433142662,102000,completed,512,2,0.10652766825560808,0.055859380598166586,0.014947803818845534,0.09227070662132747,0.056244615850081406,20.0,0.0957931458075969,0.048221866504876004
4,452,4ad56f1f2de8ac7e99a997dc798fcc9a82d5e41bcaa01483fa8161ba24fa2737,4b74724c4225fcfe043fdd749fb740fff4cf33c8,0.0010728014675177142,0.008520917864216913,1,cuda,1.0,8,0.5,learned_mixture,0.9487454658364435,16,standard normal at finite u_max,infinite,learned,0.10925995536737822,0.05595742259999363,unbiased,0.0022467290959294855,0.004897274076938629,32768,155333120,0.005050838676057795,0.10925997454353514,0.05595742259999374,0.005050839062792953,0.15842645747647105,0.05833842502807291,learned/task_012/cell_0452,75,without_replacement,67108864,1.223248329013586,102001,completed,512,2,0.10990009654874859,0.05587635281687302,0.004944340681631493,0.17065698587576755,0.05847112870950546,20.0,0.15842645747647113,0.05833871523034029
4,492,4ad56f1f2de8ac7e99a997dc798fcc9a82d5e41bcaa01483fa8161ba24fa2737,4b74724c4225fcfe043fdd749fb740fff4cf33c8,0.001520997806355909,0.010214302148330242,2,cuda,1.0,8,0.5,learned_mixture,0.9463581761232134,16,standard normal at finite u_max,infinite,learned,0.0930374127404396,0.04460526726217891,unbiased,0.03143277819627431,0.004879981279373169,32768,155333120,0.0064114489625009125,0.09303742583458427,0.04460526726217872,0.006411449614466352,0.1271848454957203,0.0469862059818589,learned/task_012/cell_0492,87,without_replacement,67108864,1.2327933423221111,102002,completed,512,2,0.08881284907855692,0.042791099569071206,0.009467390912262036,0.14228765917519037,0.044823374147450606,20.0,0.12718484549572018,0.046986204089573484
4,532,4ad56f1f2de8ac7e99a997dc798fcc9a82d5e41bcaa01483fa8161ba24fa2737,4b74724c4225fcfe043fdd749fb740fff4cf33c8,0.0013490544366930057,0.008406189404504504,3,cuda,1.0,8,0.5,learned_mixture,0.9635328663648961,16,standard normal at finite u_max,infinite,learned,0.14395265227105858,0.07238034286756387,unbiased,0.0007595099729025953,0.004831358790397644,32768,155333120,0.0428613637606285,0.14395266254631345,0.07238034286756365,0.04286137235295107,0.1626161673126943,0.07392467351790931,learned/task_012/cell_0532,85,without_replacement,67108864,1.236755795776844,102003,completed,512,2,0.1532618634999135,0.07715637035280723,0.04756248406995867,0.17012050827701158,0.07885941031466025,20.0,0.16261616731269396,0.07392445054341572
4,572,4ad56f1f2de8ac7e99a997dc798fcc9a82d5e41bcaa01483fa8161ba24fa2737,4b74724c4225fcfe043fdd749fb740fff4cf33c8,0.00148868244474444,0.00865612462771901,4,cuda,1.0,8,0.5,learned_mixture,0.6753395078448161,16,standard normal at finite u_max,infinite,learned,0.11836735301598747,0.0587525353631613,unbiased,0.006486913432619317,0.004799719899892807,32768,155333120,0.05533804622843548,0.11836738581758946,0.05875253536316123,0.055338045888908206,0.17950810607626674,0.06075566248014819,learned/task_012/cell_0572,95,without_replacement,67108864,1.2313246168196201,102004,completed,512,2,0.11662013375091185,0.05767435394208571,0.05475532379989004,0.1876633843262649,0.05974518291579494,20.0,0.17950810607626677,0.060755462758933905
4,612,40d2f60f7b01b721909df18cdd26cc0bda1e28ef62dd47bb3bc9b7acfaa1fbc4,4b74724c4225fcfe043fdd749fb740fff4cf33c8,0.001652988601362978,0.009412964401913838,0,cuda,1.0,8,0.5,learned_mixture,0.711820514813066,16,standard normal at finite u_max,infinite,learned,0.24962775254645853,0.1274772273758076,unbiased,0.004601509258697923,0.0048668719828128815,32768,155333120,0.07164587325780612,0.24962776912189205,0.12747722737580763,0.07164586968965833,0.33645925304350743,0.1366842799510348,learned/task_012/cell_0612,69,without_replacement,67108864,1.2215893901884556,103000,completed,512,3,0.2504886421883415,0.12811560102883782,0.07288874291299069,0.32709209392465094,0.13812676293843174,20.0,0.33645925304350743,0.1366846220382611
4,652,40d2f60f7b01b721909df18cdd26cc0bda1e28ef62dd47bb3bc9b7acfaa1fbc4,4b74724c4225fcfe043fdd749fb740fff4cf33c8,0.0006936237213030954,0.006665814551747147,1,cuda,1.0,8,0.5,learned_mixture,0.8637800866059844,16,standard normal at finite u_max,infinite,learned,0.12653392933134777,0.06501370151578739,unbiased,0.017154677388628352,0.005194351077079773,32768,155333120,0.013108103509479085,0.12653394012042285,0.06501370151578761,0.013108104779619023,0.1510176528657865,0.06531010725345995,learned/task_012/cell_0652,70,without_replacement,67108864,1.228637833148241,103001,completed,512,3,0.11746448079902871,0.059861082114777586,0.011190312257544901,0.14234708619278458,0.060105118220735006,20.0,0.151017652865787,0.06531023443577431
4,692,40d2f60f7b01b721909df18cdd26cc0bda1e28ef62dd47bb3bc9b7acfaa1fbc4,4b74724c4225fcfe043fdd749fb740fff4cf33c8,0.0014909365430766518,0.008953099146373295,2,cuda,1.0,8,0.5,learned_mixture,0.6209073857649566,16,standard normal at finite u_max,infinite,learned,0.1394869635971271,0.0677211147476595,unbiased,0.06978211527660745,0.005016971379518509,32768,155333120,0.015432158076502781,0.1394869785494964,0.06772111474765957,0.015432165146634954,0.14130622687474814,0.0701020574196104,learned/task_012/cell_0692,78,without_replacement,67108864,1.2337482683360577,103002,completed,512,3,0.136587685271767,0.06562595426787667,0.013348817123299415,0.1505217518572216,0.06800785943876904,20.0,0.14130622687474825,0.07010223168438343
4,732,40d2f60f7b01b721909df18cdd26cc0bda1e28ef62dd47bb3bc9b7acfaa1fbc4,4b74724c4225fcfe043fdd749fb740fff4cf33c8,0.0011037283751020848,0.008887649962893571,3,cuda,1.0,8,0.5,learned_mixture,0.5893839180375763,16,standard normal at finite u_max,infinite,learned,0.12740959206752206,0.06263775381776818,unbiased,0.016251002768212747,0.004871934652328491,32768,155333120,0.013153001274361698,0.12740961401747694,0.06263775381776832,0.013153005462950508,0.14459139856953873,0.06653704866139193,learned/task_012/cell_0732,81,without_replacement,67108864,1.236035544425249,103003,completed,512,3,0.1270871950111238,0.062037918043949675,0.013783649791482153,0.1423977371700667,0.06611490480094946,20.0,0.1445913985695389,0.06653752649397408
4,772,40d2f60f7b01b721909df18cdd26cc0bda1e28ef62dd47bb3bc9b7acfaa1fbc4,4b74724c4225fcfe043fdd749fb740fff4cf33c8,0.00039738796825668834,0.004836843660166346,4,cuda,1.0,8,0.5,learned_mixture,0.9194001542708254,16,standard normal at finite u_max,infinite,learned,0.10701849773643994,0.057479856726414966,unbiased,0.1085184457696761,0.004825364798307419,32768,155333120,0.04920532962334165,0.10701851666233675,0.057479856726415146,0.04920534161433381,0.11740084306402297,0.058120932049184906,learned/task_012/cell_0772,94,without_replacement,67108864,1.2302064783871174,103004,completed,512,3,0.10486135876496927,0.05560527275000785,0.04864840404022473,0.10939519627952306,0.057078204653333645,20.0,0.11740084306402213,0.05812088815244833
4,812,4f8f7d024dee2ba1d205fcf59f39c4f32d87524ab703a9051d4ad4e7ca38f59f,4b74724c4225fcfe043fdd749fb740fff4cf33c8,0.004135481232107491,0.015474194712993742,0,cuda,1.0,8,0.5,learned_mixture,0.8735670014814088,16,standard normal at finite u_max,infinite,learned,0.10275371443419702,0.058197618873073,unbiased,0.011716962730953198,0.004843533039093018,32768,155333120,0.011141213918212028,0.10275370866777025,0.058197618873073384,0.011141217773282381,0.07702921203034495,0.058314314878311915,learned/task_012/cell_0812,61,without_replacement,67108864,1.2230453565716743,104000,completed,512,4,0.130060969658887,0.07367107979699392,0.014001882187735303,0.07218193543068925,0.0737080888043158,20.0,0.07702921203034514,0.0583141808345392
4,852,4f8f7d024dee2ba1d205fcf59f39c4f32d87524ab703a9051d4ad4e7ca38f59f,4b74724c4225fcfe043fdd749fb740fff4cf33c8,0.0007473861126503207,0.007738899489231298,1,cuda,1.0,8,0.5,learned_mixture,0.9935195137212659,16,standard normal at finite u_max,infinite,learned,0.17688376189312421,0.08310032562726902,unbiased,0.003470597559131547,0.004859078675508499,32768,155333120,0.02563348317852037,0.17688377850314516,0.08310032562726895,0.025633483363473313,0.2547649808810807,0.0856808228387461,learned/task_012/cell_0852,74,without_replacement,67108864,1.2319827154278755,104001,completed,512,4,0.17576384397094233,0.08247095833705309,0.025220805903013392,0.25094966502130206,0.08489758984126759,20.0,0.2547649808810806,0.08568107070350842
4,892,4f8f7d024dee2ba1d205fcf59f39c4f32d87524ab703a9051d4ad4e7ca38f59f,4b74724c4225fcfe043fdd749fb740fff4cf33c8,0.0008707190054726818,0.006642637838624772,2,cuda,1.0,8,0.5,learned_mixture,0.9982995823842302,16,standard normal at finite u_max,infinite,learned,0.09572545153534397,0.04814118675305236,unbiased,0.1752216620421511,0.004843823611736298,32768,155333120,0.01864544776187277,0.09572546439561119,0.04814118675305307,0.018645448256468494,0.08532052797612363,0.04976357138579064,learned/task_012/cell_0892,75,without_replacement,67108864,1.2361253499984741,104002,completed,512,4,0.10301581878160557,0.05198227199673931,0.018467884420493255,0.08892437145484999,0.05297329395447335,20.0,0.0853205279761245,0.04976330837969752
4,932,4f8f7d024dee2ba1d205fcf59f39c4f32d87524ab703a9051d4ad4e7ca38f59f,4b74724c4225fcfe043fdd749fb740fff4cf33c8,0.0015229140976215718,0.009263315537770683,3,cuda,1.0,8,0.5,learned_mixture,0.750981035270905,16,standard normal at finite u_max,infinite,learned,0.1687406430854282,0.08601054287706329,unbiased,0.021043513347045028,0.004816651344299316,32768,155333120,0.026181302797415585,0.16874063923407667,0.0860105428770631,0.026181307077155408,0.18578595033210388,0.08831318829368613,learned/task_012/cell_0932,82,without_replacement,67108864,1.225965965539217,104003,completed,512,4,0.18018339253209303,0.09297766722671412,0.02760673352235245,0.183572335459803,0.09579540673949721,20.0,0.1857859503321038,0.08831339258852945
4,972,4f8f7d024dee2ba1d205fcf59f39c4f32d87524ab703a9051d4ad4e7ca38f59f,4b74724c4225fcfe043fdd749fb740fff4cf33c8,0.0005168833569056035,0.0054129260957495266,4,cuda,1.0,8,0.5,learned_mixture,0.9866655280422588,16,standard normal at finite u_max,infinite,learned,0.29230233536680056,0.12851223379843532,unbiased,0.003801189310037948,0.004855044186115265,32768,155333120,0.1379005686204317,0.2923023363458105,0.1285122337984354,0.13790057020452018,0.4139069494091711,0.13544374236894594,learned/task_012/cell_0972,103,without_replacement,67108864,1.2363386936485767,104004,completed,512,4,0.29772561661321617,0.13154936699556766,0.13775409577240377,0.41215712163614204,0.13762020480936418,20.0,0.4139069494091712,0.13544359680815943
4,13,ce9344dce5f56b4cda176bcdb36371f48911618aa600da1465617419b4995b69,4b74724c4225fcfe043fdd749fb740fff4cf33c8,0.0017075322420032606,0.009442208231325834,0,cuda,1.0,8,0.5,learned_mixture,0.8183535072402792,16,standard normal at finite u_max,finite,learned,0.16212553211410047,0.0997356256184534,tail,0.13024838820536647,2.464604940265417,32768,151138816,0.02089903824063194,0.1621255303323813,0.09973562561845416,0.020899039323804262,0.1283597306283272,0.10075463872287264,learned/task_013/cell_0013,58,with_replacement,67108864,1.2549304366111755,100000,completed,512,0,0.16651102541815083,0.1005297919480812,0.018175026111955303,0.12855164776563258,0.10184058555722438,20.0,0.1283597306283274,0.10075465611080618
4,53,ce9344dce5f56b4cda176bcdb36371f48911618aa600da1465617419b4995b69,4b74724c4225fcfe043fdd749fb740fff4cf33c8,0.0006967364291436821,0.006589171643460612,1,cuda,1.0,8,0.5,learned_mixture,0.773120605455967,16,standard normal at finite u_max,finite,learned,0.14359109057076927,0.07817257774990481,tail,0.1458026524965886,0.04416019096970558,32768,151138816,0.008831657322381422,0.14359107028895124,0.07817257774990516,0.008831658098181304,0.07408795087128278,0.07823134368713722,learned/task_013/cell_0053,42,with_replacement,67108864,1.2455612495541573,100001,completed,512,0,0.14716954340603594,0.08004834330626719,0.012420456799008344,0.06453861461770935,0.08008395787782387,20.0,0.07408795087128296,0.07823200356205755
4,93,ce9344dce5f56b4cda176bcdb36371f48911618aa600da1465617419b4995b69,4b74724c4225fcfe043fdd749fb740fff4cf33c8,0.0008179824631373392,0.006750998253324644,2,cuda,1.0,8,0.5,learned_mixture,0.637584404665734,16,standard normal at finite u_max,finite,learned,0.2862238839852327,0.14994690229842098,tail,0.0044622624455316826,0.004900392144918442,32768,151138816,0.03510999685661165,0.2862238478450122,0.1499469022984209,0.035110003913859385,0.1989701632636266,0.15217214886571226,learned/task_013/cell_0093,82,with_replacement,67108864,1.2658308930695057,100002,completed,512,0,0.2783424970396534,0.14519011663446735,0.033288698167277433,0.20105155473495084,0.1484107375598023,20.0,0.19897016326362654,0.1521723222830652
4,133,ce9344dce5f56b4cda176bcdb36371f48911618aa600da1465617419b4995b69,4b74724c4225fcfe043fdd749fb740fff4cf33c8,0.0014346197198311776,0.010000008368595811,3,cuda,1.0,8,0.5,learned_mixture,0.5527694778339551,16,standard normal at finite u_max,finite,learned,0.30411029721436467,0.18096269532699533,tail,0.00558634013637934,0.004878263920545578,32768,151138816,0.03681841580045686,0.30411027496499554,0.18096269532699522,0.036818425806523156,0.233733417515738,0.1813329206508358,learned/task_013/cell_0133,58,with_replacement,67108864,1.2573947757482529,100003,completed,512,0,0.29802514901355087,0.1771154579782004,0.03811569173405639,0.24368774431855955,0.17774821545988784,20.0,0.2337334175157379,0.18133249645884164
4,173,ce9344dce5f56b4cda176bcdb36371f48911618aa600da1465617419b4995b69,4b74724c4225fcfe043fdd749fb740fff4cf33c8,0.0006637233782110453,0.006846767429924664,4,cuda,1.0,8,0.5,learned_mixture,0.6662094659219274,16,standard normal at finite u_max,finite,learned,0.07634218724474771,0.03831073070496273,tail,0.2736326397442284,0.005442112684249878,32768,151138816,0.024947147584884376,0.07634219789439711,0.03831073070496293,0.02494715445628497,0.0913407516194455,0.04124323876146995,learned/task_013/cell_0173,33,with_replacement,67108864,1.24080391228199,100004,completed,512,0,0.07792711580302683,0.039986349855022356,0.023068056279299764,0.08567345050230171,0.04175265742823076,20.0,0.09134075161944583,0.04124326729516231
4,213,642c9ac8b37cc879a46c5dc332c9d99eb4ae9d0bd2c4b38a1ce3bbe1af22951a,4b74724c4225fcfe043fdd749fb740fff4cf33c8,0.0009100489984565257,0.008464897763851217,0,cuda,1.0,8,0.5,learned_mixture,0.7562685430926074,16,standard normal at finite u_max,finite,learned,0.15649305231918703,0.0917115466110461,tail,0.15200949133812447,0.004866752773523331,32768,151138816,0.016612282448982812,0.1564930285663978,0.09171154661104547,0.016612278597991366,0.06194726944660192,0.0924475685447364,learned/task_013/cell_0213,60,with_replacement,67108864,1.2581596784293652,101000,completed,512,1,0.16704982871739135,0.09877832042339417,0.018938253114431532,0.06411735844569037,0.09879589769551672,20.0,0.061947269446601935,0.09244778426858037
4,253,642c9ac8b37cc879a46c5dc332c9d99eb4ae9d0bd2c4b38a1ce3bbe1af22951a,4b74724c4225fcfe043fdd749fb740fff4cf33c8,0.00039083279556906015,0.004801164991045033,1,cuda,1.0,8,0.5,learned_mixture,0.691873675224702,16,standard normal at finite u_max,finite,learned,0.12291202381472494,0.06742191449748658,tail,0.22117559986451346,0.004857644438743591,32768,151138816,0.007379014374100412,0.12291200596236929,0.06742191449748658,0.007379014889472553,0.09255193145156451,0.06777500443595996,learned/task_013/cell_0253,39,with_replacement,67108864,1.2653415463864803,101001,completed,512,1,0.12059358522513824,0.06595922564734108,0.008200782975648236,0.09439339218104376,0.06653838624253972,20.0,0.09255193145156468,0.06777505538224639
4,293,642c9ac8b37cc879a46c5dc332c9d99eb4ae9d0bd2c4b38a1ce3bbe1af22951a,4b74724c4225fcfe043fdd749fb740fff4cf33c8,0.0006870870879940158,0.006747964699646409,2,cuda,1.0,8,0.5,learned_mixture,0.5892681072965844,16,standard normal at finite u_max,finite,learned,0.3388087471367689,0.1735667228862253,tail,0.0007294974525198851,0.004877083003520966,32768,151138816,0.04449213765195873,0.3388087192283503,0.17356672288622504,0.04449213711347849,0.24554508225298022,0.17409835555519138,learned/task_013/cell_0293,81,with_replacement,67108864,1.2908191122114658,101002,completed,512,1,0.3365288216311803,0.17181285234980337,0.043601328728397136,0.24403496297260524,0.17234613909352725,20.0,0.24554508225297983,0.174099029898446
4,333,642c9ac8b37cc879a46c5dc332c9d99eb4ae9d0bd2c4b38a1ce3bbe1af22951a,4b74724c4225fcfe043fdd749fb740fff4cf33c8,0.0005788366882680269,0.00535586445835143,3,cuda,1.0,8,0.5,learned_mixture,0.9539492524487551,16,standard normal at finite u_max,finite,learned,0.16932790627994188,0.10043701845847894,tail,0.050389964727078164,0.004837591201066971,32768,151138816,0.01457242987028808,0.1693278859948602,0.10043701845847824,0.01457243499560463,0.06049091316957682,0.10045316525671749,learned/task_013/cell_0333,54,with_replacement,67108864,1.2500115483999252,101003,completed,512,1,0.16550271799097865,0.0978863198867848,0.013453887863382202,0.0681687381361594,0.09790828451171037,20.0,0.060490913169576624,0.10045328050649883
4,373,642c9ac8b37cc879a46c5dc332c9d99eb4ae9d0bd2c4b38a1ce3bbe1af22951a,4b74724c4225fcfe043fdd749fb740fff4cf33c8,0.000560621356454032,0.004915961179258051,4,cuda,1.0,8,0.5,learned_mixture,0.6650248462515255,16,standard normal at finite u_max,finite,learned,0.057188526438138355,0.027435403429284473,tail,0.3260255662108402,0.004907678812742233,32768,151138816,0.011044782484775514,0.057188531942866716,0.027435403429284386,0.011044798496624379,0.0681631550484498,0.029343947726753517,learned/task_013/cell_0373,31,with_replacement,67108864,1.2451629675924778,101004,completed,512,1,0.05679846206569711,0.027688390013935187,0.012651312268240733,0.0607267926297545,0.029176101394620436,20.0,0.06816315504844962,0.029343562387420738
4,413,4ad56f1f2de8ac7e99a997dc798fcc9a82d5e41bcaa01483fa8161ba24fa2737,4b74724c4225fcfe043fdd749fb740fff4cf33c8,0.001568704384350607,0.011251223564013115,0,cuda,1.0,8,0.5,learned_mixture,0.9186106308945405,16,standard normal at finite u_max,finite,learned,0.17552088687002637,0.10994559880251772,tail,0.013952084315374761,0.005208324640989304,32768,151138816,0.02134043856277524,0.17552089120539272,0.10994559880251799,0.021340447497036338,0.07865796000287728,0.1120755397359332,learned/task_013/cell_0413,63,with_replacement,67108864,1.2659115381538868,102000,completed,512,2,0.18317556356525372,0.11542010961733479,0.021834113269095932,0.08848176302776109,0.11629702567373244,20.0,0.07865796000287738,0.11207561120177176
4,453,4ad56f1f2de8ac7e99a997dc798fcc9a82d5e41bcaa01483fa8161ba24fa2737,4b74724c4225fcfe043fdd749fb740fff4cf33c8,0.0010728014675177142,0.008520917864216913,1,cuda,1.0,8,0.5,learned_mixture,0.6923873469079105,16,standard normal at finite u_max,finite,learned,0.1389013501893878,0.0747973868409612,tail,0.08136355901005335,0.004923243075609207,32768,151138816,0.003672435941048739,0.13890134007508953,0.07479738684096104,0.003672439302545778,0.1239650761130371,0.0748922294382186,learned/task_013/cell_0453,43,with_replacement,67108864,1.2551486603915691,102001,completed,512,2,0.13843867370417817,0.07454955708912599,0.0038644015366231226,0.12725393328793516,0.07503237430923515,20.0,0.12396507611303696,0.07489242794276625
4,493,4ad56f1f2de8ac7e99a997dc798fcc9a82d5e41bcaa01483fa8161ba24fa2737,4b74724c4225fcfe043fdd749fb740fff4cf33c8,0.001520997806355909,0.010214302148330242,2,cuda,1.0,8,0.5,learned_mixture,0.5776389457663441,16,standard normal at finite u_max,finite,learned,0.234487048538068,0.12056330402759598,tail,0.0016315821188913025,0.0048319436609745026,32768,151138816,0.01619712684155878,0.23448703774414476,0.1205633040275956,0.016197133919097186,0.19233847532496878,0.12124085074051935,learned/task_013/cell_0493,80,with_replacement,67108864,1.258610837161541,102002,completed,512,2,0.22068283443275766,0.11297481360688037,0.014642517803878286,0.19994004304025786,0.1141870220597809,20.0,0.19233847532496864,0.12124091572940512
4,533,4ad56f1f2de8ac7e99a997dc798fcc9a82d5e41bcaa01483fa8161ba24fa2737,4b74724c4225fcfe043fdd749fb740fff4cf33c8,0.0013490544366930057,0.008406189404504504,3,cuda,1.0,8,0.5,learned_mixture,0.973262231841364,16,standard normal at finite u_max,finite,learned,0.23520489468600894,0.13642003826653826,tail,0.09321099381344225,0.004847124218940735,32768,151138816,0.014641778080653268,0.2352048737303561,0.13642003826653898,0.014641782740046313,0.15014277753710348,0.1374062858512511,learned/task_013/cell_0533,58,with_replacement,67108864,1.2547982819378376,102003,completed,512,2,0.22783313195560623,0.13234917328875412,0.016217830979758638,0.15493435761736438,0.13331617751329422,20.0,0.15014277753710337,0.13740617325733842
4,573,4ad56f1f2de8ac7e99a997dc798fcc9a82d5e41bcaa01483fa8161ba24fa2737,4b74724c4225fcfe043fdd749fb740fff4cf33c8,0.00148868244474444,0.00865612462771901,4,cuda,1.0,8,0.5,learned_mixture,0.8812226847224657,16,standard normal at finite u_max,finite,learned,0.06890717450646335,0.03462545048696541,tail,0.37393371966887196,0.004858639091253281,32768,151138816,0.016807119833783857,0.06890717570037644,0.03462545048696517,0.01680713415010805,0.05335079562326338,0.03561595495763826,learned/task_013/cell_0573,31,with_replacement,67108864,1.2506445348262787,102004,completed,512,2,0.06080337604898952,0.030135067687408083,0.017439404521480975,0.059076624827091376,0.03239524681648096,20.0,0.053350795623263114,0.035615823309084214
4,613,40d2f60f7b01b721909df18cdd26cc0bda1e28ef62dd47bb3bc9b7acfaa1fbc4,4b74724c4225fcfe043fdd749fb740fff4cf33c8,0.001652988601362978,0.009412964401913838,0,cuda,1.0,8,0.5,learned_mixture,0.8227071687217183,16,standard normal at finite u_max,finite,learned,0.17665540170351102,0.104863755509497,tail,0.029125210772847823,0.0048066116869449615,32768,151138816,0.015220943386623312,0.1766553871695751,0.10486375550949721,0.01522095220228649,0.1688022040090518,0.10502209678574748,learned/task_013/cell_0613,62,with_replacement,67108864,1.2519379667937756,103000,completed,512,3,0.18566517173036312,0.10937792688768869,0.015762635474677926,0.18216356005261267,0.10959903972057096,20.0,0.16880220400905183,0.10502232199231168
4,653,40d2f60f7b01b721909df18cdd26cc0bda1e28ef62dd47bb3bc9b7acfaa1fbc4,4b74724c4225fcfe043fdd749fb740fff4cf33c8,0.0006936237213030954,0.006665814551747147,1,cuda,1.0,8,0.5,learned_mixture,0.8566936709881214,16,standard normal at finite u_max,finite,learned,0.11895992763001087,0.06465757873796257,tail,0.2349781592938984,0.004821456968784332,32768,151138816,0.016169734589497914,0.11895991635107268,0.06465757873796275,0.016169733291424244,0.06625309578007241,0.06509363902488888,learned/task_013/cell_0653,40,with_replacement,67108864,1.247930508106947,103001,completed,512,3,0.11761094313764503,0.06386604857165104,0.0179794373840768,0.06312784015837895,0.06393851305383488,20.0,0.06625309578007246,0.06509383277490746
4,693,40d2f60f7b01b721909df18cdd26cc0bda1e28ef62dd47bb3bc9b7acfaa1fbc4,4b74724c4225fcfe043fdd749fb740fff4cf33c8,0.0014909365430766518,0.008953099146373295,2,cuda,1.0,8,0.5,learned_mixture,0.5938646185315917,16,standard normal at finite u_max,finite,learned,0.21663610849281717,0.11566111821855916,tail,0.000995044181966217,0.004806835204362869,32768,151138816,0.016094725614310412,0.21663608287898992,0.11566111821855908,0.01609473268444246,0.1317428807939793,0.11571076062792703,learned/task_013/cell_0693,80,with_replacement,67108864,1.2644642405211926,103002,completed,512,3,0.20880596440008561,0.11087345697309986,0.014011384661107046,0.13172017751057297,0.11090528831668339,20.0,0.13174288079397917,0.11571088295975085
4,733,40d2f60f7b01b721909df18cdd26cc0bda1e28ef62dd47bb3bc9b7acfaa1fbc4,4b74724c4225fcfe043fdd749fb740fff4cf33c8,0.0011037283751020848,0.008887649962893571,3,cuda,1.0,8,0.5,learned_mixture,0.6877349877139869,16,standard normal at finite u_max,finite,learned,0.21483545949667515,0.1167795453029978,tail,0.053185171024559864,0.00566859170794487,32768,151138816,0.014993190020603144,0.21483544559058596,0.11677954530299828,0.014993198069065232,0.19535412543523376,0.12044304116382493,learned/task_013/cell_0733,50,with_replacement,67108864,1.2548033110797405,103003,completed,512,3,0.2127586413189184,0.11568861733249042,0.016786340383939124,0.19507027792822684,0.1189006324421876,20.0,0.1953541254352336,0.12044242761437113
4,773,40d2f60f7b01b721909df18cdd26cc0bda1e28ef62dd47bb3bc9b7acfaa1fbc4,4b74724c4225fcfe043fdd749fb740fff4cf33c8,0.00039738796825668834,0.004836843660166346,4,cuda,1.0,8,0.5,learned_mixture,0.8964974141181,16,standard normal at finite u_max,finite,learned,0.055669184811269236,0.024781474162988683,tail,0.3477338968283143,0.0048379600048065186,32768,151138816,0.022274179621690024,0.05566920595731384,0.024781474162988468,0.022274189954050266,0.08291271997828462,0.02785342472183199,learned/task_013/cell_0773,31,with_replacement,67108864,1.2402071580290794,103004,completed,512,3,0.0607089793382285,0.027625081649446152,0.02038198687367848,0.07711301559141845,0.029979036309649224,20.0,0.08291271997828438,0.02785352553528291
4,813,4f8f7d024dee2ba1d205fcf59f39c4f32d87524ab703a9051d4ad4e7ca38f59f,4b74724c4225fcfe043fdd749fb740fff4cf33c8,0.004135481232107491,0.015474194712993742,0,cuda,1.0,8,0.5,learned_mixture,0.6045244544045155,16,standard normal at finite u_max,finite,learned,0.22105636251657165,0.12372049442508021,tail,0.07113117322599123,0.005032885819673538,32768,151138816,0.024788916348442304,0.22105635361787224,0.1237204944250801,0.024788920203512557,0.16978455887271293,0.1259881857813166,learned/task_013/cell_0813,61,with_replacement,67108864,1.2566967979073524,104000,completed,512,4,0.24278299595635314,0.13745421961262883,0.025903256333405435,0.16593207851659644,0.13891978209622602,20.0,0.16978455887271282,0.12598809351954843
4,853,4f8f7d024dee2ba1d205fcf59f39c4f32d87524ab703a9051d4ad4e7ca38f59f,4b74724c4225fcfe043fdd749fb740fff4cf33c8,0.0007473861126503207,0.007738899489231298,1,cuda,1.0,8,0.5,learned_mixture,0.5008364802996427,16,standard normal at finite u_max,finite,learned,0.13135356296576572,0.07163058367509824,tail,0.12866179782725537,0.0048508718609809875,32768,151138816,0.005161818642543348,0.13135354559123255,0.07163058367509793,0.005161822013446565,0.11273661890387629,0.07252962980595198,learned/task_013/cell_0853,39,with_replacement,67108864,1.2482843212783337,104001,completed,512,4,0.14468541110288025,0.07936948194012025,0.006035010666352603,0.1068104328500333,0.07990550930550995,20.0,0.11273661890387628,0.07252943591268253
4,893,4f8f7d024dee2ba1d205fcf59f39c4f32d87524ab703a9051d4ad4e7ca38f59f,4b74724c4225fcfe043fdd749fb740fff4cf33c8,0.0008707190054726818,0.006642637838624772,2,cuda,1.0,8,0.5,learned_mixture,0.8194970256401433,16,standard normal at finite u_max,finite,learned,0.235115251641883,0.12201860781356756,tail,0.003853544723417532,0.004865553230047226,32768,151138816,0.0244587050658837,0.23511524772853556,0.1220186078135671,0.024458712245558685,0.18144765659042722,0.12449085549757039,learned/task_013/cell_0893,79,with_replacement,67108864,1.2650676220655441,104002,completed,512,4,0.2455285959139994,0.12809619153324636,0.02499837747847286,0.1850453388640691,0.13009925058370664,20.0,0.181447656590427,0.12449056900156694
4,933,4f8f7d024dee2ba1d205fcf59f39c4f32d87524ab703a9051d4ad4e7ca38f59f,4b74724c4225fcfe043fdd749fb740fff4cf33c8,0.0015229140976215718,0.009263315537770683,3,cuda,1.0,8,0.5,learned_mixture,0.8031348835620551,16,standard normal at finite u_max,finite,learned,0.185955812158264,0.10719571218808255,tail,0.11095649156647944,0.004798382520675659,32768,151138816,0.018357542300474695,0.18595580532431094,0.10719571218808203,0.018357552455321502,0.10096635540872813,0.1072636365343364,learned/task_013/cell_0933,54,with_replacement,67108864,1.2511562779545784,104003,completed,512,4,0.20063059401891686,0.11639041005297635,0.021167116518714023,0.1042195094450879,0.11643769373456134,20.0,0.10096635540872796,0.10726346711451062
4,973,4f8f7d024dee2ba1d205fcf59f39c4f32d87524ab703a9051d4ad4e7ca38f59f,4b74724c4225fcfe043fdd749fb740fff4cf33c8,0.0005168833569056035,0.0054129260957495266,4,cuda,1.0,8,0.5,learned_mixture,0.5414568402586649,16,standard normal at finite u_max,finite,learned,0.11220174971952035,0.05728341980628451,tail,0.31786059833756464,0.0048649609088897705,32768,151138816,0.040759605039785686,0.11220175350655814,0.05728341980628443,0.04075960831354613,0.0838625504793239,0.05835000353592548,learned/task_013/cell_0973,30,with_replacement,67108864,1.2464108727872372,104004,completed,512,4,0.11849147281219725,0.060846863026642946,0.04115741241142593,0.08110057248281419,0.061670779547109915,20.0,0.08386255047932374,0.05834977609635103
4,14,ce9344dce5f56b4cda176bcdb36371f48911618aa600da1465617419b4995b69,4b74724c4225fcfe043fdd749fb740fff4cf33c8,0.0017075322420032606,0.009442208231325834,0,cuda,1.0,8,0.5,learned_mixture,0.5615916589027777,16,standard normal at finite u_max,finite,learned,0.1445540073668471,0.07759384691002336,tail,0.34087740807803024,2.7828349620103836,32768,155333120,0.018374438769043502,0.14455400325717907,0.07759384691002362,0.018374445482387827,0.1426478126470821,0.07778808035514646,learned/task_014/cell_0014,33,without_replacement,67108864,1.3633112460374832,100000,completed,512,0,0.15347452080955107,0.08195194585682197,0.02098814431760679,0.14155907746871038,0.08241760977177921,20.0,0.14264781264708237,0.07778760254618892
4,54,ce9344dce5f56b4cda176bcdb36371f48911618aa600da1465617419b4995b69,4b74724c4225fcfe043fdd749fb740fff4cf33c8,0.0006967364291436821,0.006589171643460612,1,cuda,1.0,8,0.5,learned_mixture,0.9848107800944674,16,standard normal at finite u_max,finite,learned,0.0850961283912883,0.04552951498435997,tail,0.331158550900093,0.005063891410827637,32768,155333120,0.0038450158535544396,0.08509612514723104,0.0455295149843607,0.0038450166293544884,0.05246327965328541,0.04554982272090053,learned/task_014/cell_0054,29,without_replacement,67108864,1.3590116649866104,100001,completed,512,0,0.08880514886256909,0.04768430804587828,0.007433815330181362,0.04289949762772187,0.04770189378752822,20.0,0.05246327965328605,0.04554944238525135
4,94,ce9344dce5f56b4cda176bcdb36371f48911618aa600da1465617419b4995b69,4b74724c4225fcfe043fdd749fb740fff4cf33c8,0.0008179824631373392,0.006750998253324644,2,cuda,1.0,8,0.5,learned_mixture,0.7112896919727153,16,standard normal at finite u_max,finite,learned,0.11796658944480087,0.06118909558667436,tail,0.23264186981488663,0.005331560969352722,32768,155333120,0.005918044380101645,0.117966587916814,0.06118909558667478,0.005918051437349695,0.06407345924073912,0.06264098312564831,learned/task_014/cell_0094,49,without_replacement,67108864,1.362827628850937,100002,completed,512,0,0.11608261392455763,0.060331582987579645,0.004096745690767432,0.06576986607463127,0.06121603231943501,20.0,0.0640734592407391,0.06264098694356589
4,134,ce9344dce5f56b4cda176bcdb36371f48911618aa600da1465617419b4995b69,4b74724c4225fcfe043fdd749fb740fff4cf33c8,0.0014346197198311776,0.010000008368595811,3,cuda,1.0,8,0.5,learned_mixture,0.9985373662443695,16,standard normal at finite u_max,finite,learned,0.2135789124814711,0.12589726374165158,tail,0.22566007020638026,0.005019180476665497,32768,155333120,0.050604901084011146,0.2135789162836783,0.1258972637416514,0.05060490632607328,0.18372304570505082,0.12779104609045677,learned/task_014/cell_0134,35,without_replacement,67108864,1.369231402873993,100003,completed,512,0,0.21274285177729474,0.1251429749984566,0.050855255304789564,0.19386651651079723,0.12915143010208516,20.0,0.1837230457050507,0.1277910866648507
4,174,ce9344dce5f56b4cda176bcdb36371f48911618aa600da1465617419b4995b69,4b74724c4225fcfe043fdd749fb740fff4cf33c8,0.0006637233782110453,0.006846767429924664,4,cuda,1.0,8,0.5,learned_mixture,0.9953737440304954,16,standard normal at finite u_max,finite,learned,0.05834407192618818,0.03165658604058852,tail,0.32522074357698505,0.00490068644285202,32768,155333120,0.015605974787311424,0.058344080452281046,0.03165658604058836,0.01560598115707389,0.07174808991864444,0.03217296951604598,learned/task_014/cell_0174,26,without_replacement,67108864,1.3526324927806854,100004,completed,512,0,0.06264297980706934,0.033924888041503544,0.016239493416205168,0.06973341788620577,0.03427662996845386,20.0,0.07174808991864427,0.03217300987500768
4,214,642c9ac8b37cc879a46c5dc332c9d99eb4ae9d0bd2c4b38a1ce3bbe1af22951a,4b74724c4225fcfe043fdd749fb740fff4cf33c8,0.0009100489984565257,0.008464897763851217,0,cuda,1.0,8,0.5,learned_mixture,0.7301339714036027,16,standard normal at finite u_max,finite,learned,0.16188163524760182,0.08860164420881411,tail,0.2415810476837515,0.005061879754066467,32768,155333120,0.02343304833994627,0.16188163252583482,0.08860164420881415,0.023433054891984762,0.14432278114948288,0.08936893114730898,learned/task_014/cell_0214,34,without_replacement,67108864,1.351514771580696,101000,completed,512,1,0.16443076530381023,0.0882264283136607,0.021156221982145958,0.15100930515785305,0.09153610306509295,20.0,0.14432278114948294,0.08936911772499853
4,254,642c9ac8b37cc879a46c5dc332c9d99eb4ae9d0bd2c4b38a1ce3bbe1af22951a,4b74724c4225fcfe043fdd749fb740fff4cf33c8,0.00039083279556906015,0.004801164991045033,1,cuda,1.0,8,0.5,learned_mixture,0.6952589715346057,16,standard normal at finite u_max,finite,learned,0.0943743882395226,0.04906384939262897,tail,0.3539084434433342,0.005179256200790405,32768,155333120,0.005785586771250099,0.09437441422026666,0.0490638493926293,0.005785587277717432,0.10486212448255415,0.05096124219825236,learned/task_014/cell_0254,27,without_replacement,67108864,1.359298549592495,101001,completed,512,1,0.09547325699782687,0.05018724726262507,0.00660738306741694,0.09155888353680723,0.05136118411884637,20.0,0.10486212448255473,0.05096165844700063
4,294,642c9ac8b37cc879a46c5dc332c9d99eb4ae9d0bd2c4b38a1ce3bbe1af22951a,4b74724c4225fcfe043fdd749fb740fff4cf33c8,0.0006870870879940158,0.006747964699646409,2,cuda,1.0,8,0.5,learned_mixture,0.9940924365814143,16,standard normal at finite u_max,finite,learned,0.10296687872681179,0.053347404086602476,tail,0.27119668001615427,0.004875063896179199,32768,155333120,0.010678549783411088,0.10296688007890664,0.05334740408660263,0.010678549244931126,0.08040369507591713,0.05375339440926426,learned/task_014/cell_0294,45,without_replacement,67108864,1.3675587251782417,101002,completed,512,1,0.09998596170904256,0.051593533550180495,0.009787740859849493,0.08178585060878694,0.05221938193181923,20.0,0.08040369507591713,0.05375351474890754
4,334,642c9ac8b37cc879a46c5dc332c9d99eb4ae9d0bd2c4b38a1ce3bbe1af22951a,4b74724c4225fcfe043fdd749fb740fff4cf33c8,0.0005788366882680269,0.00535586445835143,3,cuda,1.0,8,0.5,learned_mixture,0.9801591163400551,16,standard normal at finite u_max,finite,learned,0.14699377765661015,0.07959067742612157,tail,0.32026721896895843,0.004878371953964233,32768,155333120,0.030219019321811248,0.14699377188333165,0.07959067742612191,0.030219029530496412,0.10706358856888938,0.07977166643135386,learned/task_014/cell_0334,33,without_replacement,67108864,1.3582708165049553,101003,completed,512,1,0.15301907138719667,0.0827315579255486,0.03280313781305294,0.11271993305903166,0.08283448145788841,20.0,0.10706358856888987,0.07977155387696062
4,374,642c9ac8b37cc879a46c5dc332c9d99eb4ae9d0bd2c4b38a1ce3bbe1af22951a,4b74724c4225fcfe043fdd749fb740fff4cf33c8,0.000560621356454032,0.004915961179258051,4,cuda,1.0,8,0.5,learned_mixture,0.8957374727306048,16,standard normal at finite u_max,finite,learned,0.06348851569869204,0.03139334119907334,tail,0.36715728384612717,0.0048714131116867065,32768,155333120,0.013371983073836457,0.06348854388299682,0.03139334119907306,0.013371985902664675,0.07314836171569389,0.033142587148646194,learned/task_014/cell_0374,27,without_replacement,67108864,1.3502318188548088,101004,completed,512,1,0.057020220601428674,0.028469342218772772,0.014010473700677374,0.06258888910961653,0.0301813021991675,20.0,0.07314836171569333,0.03314277296678437
4,414,4ad56f1f2de8ac7e99a997dc798fcc9a82d5e41bcaa01483fa8161ba24fa2737,4b74724c4225fcfe043fdd749fb740fff4cf33c8,0.001568704384350607,0.011251223564013115,0,cuda,1.0,8,0.5,learned_mixture,0.585403311340655,16,standard normal at finite u_max,finite,learned,0.16881384316522555,0.09292763129063593,tail,0.1212658495948704,0.005232088267803192,32768,155333120,0.0077182563915673,0.1688138513627635,0.09292763129063596,0.0077182577301088484,0.1715722547645444,0.09544116571167066,learned/task_014/cell_0414,40,without_replacement,67108864,1.3546363189816475,102000,completed,512,2,0.16521125592611194,0.08986820504057766,0.0061145153990447435,0.1767553095657588,0.093962567759132,20.0,0.17157225476454468,0.0954413444618552
4,454,4ad56f1f2de8ac7e99a997dc798fcc9a82d5e41bcaa01483fa8161ba24fa2737,4b74724c4225fcfe043fdd749fb740fff4cf33c8,0.0010728014675177142,0.008520917864216913,1,cuda,1.0,8,0.5,learned_mixture,0.7443249952311957,16,standard normal at finite u_max,finite,learned,0.07627907890125481,0.03943890745560357,tail,0.36550470894130377,0.0049363672733306885,32768,155333120,0.002746489691777935,0.07627909487176238,0.03943890745560394,0.0027464931238059226,0.0882638122092503,0.03968842925606628,learned/task_014/cell_0454,26,without_replacement,67108864,1.3621602654457092,102001,completed,512,2,0.07606194769874754,0.039191077703768354,0.0029347714761552603,0.09079175260329661,0.03993665885382371,20.0,0.08826381220925086,0.03968862882901464
4,494,4ad56f1f2de8ac7e99a997dc798fcc9a82d5e41bcaa01483fa8161ba24fa2737,4b74724c4225fcfe043fdd749fb740fff4cf33c8,0.001520997806355909,0.010214302148330242,2,cuda,1.0,8,0.5,learned_mixture,0.7456837153524608,16,standard normal at finite u_max,finite,learned,0.16793336114513302,0.09036523382083876,tail,0.12722772687639347,0.004881285130977631,32768,155333120,0.015282536184166803,0.16793334084836564,0.09036523382083868,0.015282543255444564,0.13212279024200854,0.09155390987775319,learned/task_014/cell_0494,49,without_replacement,67108864,1.3648499697446823,102002,completed,512,2,0.1681948379139412,0.08945270637551869,0.013728248072630577,0.1357644176342842,0.09217305386109123,20.0,0.13212279024200857,0.09155387644418804
4,534,4ad56f1f2de8ac7e99a997dc798fcc9a82d5e41bcaa01483fa8161ba24fa2737,4b74724c4225fcfe043fdd749fb740fff4cf33c8,0.0013490544366930057,0.008406189404504504,3,cuda,1.0,8,0.5,learned_mixture,0.851838864455728,16,standard normal at finite u_max,finite,learned,0.10450346692962835,0.05768021378817679,tail,0.20023723860479373,0.004849784076213837,32768,155333120,0.008669820121033033,0.10450346151793916,0.057680213788175894,0.008669830527251603,0.1124428505535432,0.0587803798139907,learned/task_014/cell_0534,32,without_replacement,67108864,1.3587856814265251,102003,completed,512,2,0.10265320605667878,0.056781277999737936,0.01358574109529511,0.12041778743046477,0.05797602231778767,20.0,0.11244285055354307,0.05878006945901954
4,574,4ad56f1f2de8ac7e99a997dc798fcc9a82d5e41bcaa01483fa8161ba24fa2737,4b74724c4225fcfe043fdd749fb740fff4cf33c8,0.00148868244474444,0.00865612462771901,4,cuda,1.0,8,0.5,learned_mixture,0.8893785864828218,16,standard normal at finite u_max,finite,learned,0.04893596992791269,0.02308447711585919,tail,0.36963886344991737,0.0049041807651519775,32768,155333120,0.018186713981095178,0.04893601064456052,0.02308447711585898,0.018186730264387187,0.10327904164512952,0.025513857714680233,learned/task_014/cell_0574,27,without_replacement,67108864,1.3509882017970085,102004,completed,512,2,0.04883632836170555,0.02317189689916696,0.023570094641723653,0.10717274014524072,0.02521307324253955,20.0,0.10327904164512904,0.025513760493245767
4,614,40d2f60f7b01b721909df18cdd26cc0bda1e28ef62dd47bb3bc9b7acfaa1fbc4,4b74724c4225fcfe043fdd749fb740fff4cf33c8,0.001652988601362978,0.009412964401913838,0,cuda,1.0,8,0.5,learned_mixture,0.9273007980941083,16,standard normal at finite u_max,finite,learned,0.10974298921218932,0.0653793032978017,tail,0.2889101361710055,0.004841811954975128,32768,155333120,0.016334485666021054,0.10974299103751578,0.0653793032978021,0.016334486982533904,0.08105765247685272,0.06555661339031947,learned/task_014/cell_0614,31,without_replacement,67108864,1.3515974581241608,103000,completed,512,3,0.1184312395382701,0.06995018192835474,0.017220844847662967,0.07473368706074134,0.07053072818855427,20.0,0.08105765247685308,0.06555678205056976
4,654,40d2f60f7b01b721909df18cdd26cc0bda1e28ef62dd47bb3bc9b7acfaa1fbc4,4b74724c4225fcfe043fdd749fb740fff4cf33c8,0.0006936237213030954,0.006665814551747147,1,cuda,1.0,8,0.5,learned_mixture,0.9562846807405239,16,standard normal at finite u_max,finite,learned,0.08603223275269557,0.04592361615403475,tail,0.3124507932897474,0.004825890064239502,32768,155333120,0.0048044085463262685,0.08603223739554611,0.04592361615403436,0.0048044090116009285,0.08653176119800775,0.046128108918084935,learned/task_014/cell_0654,28,without_replacement,67108864,1.3458009511232376,103001,completed,512,3,0.08431981636401051,0.04513208598772322,0.006691019078093368,0.07746915893376134,0.04520832458343568,20.0,0.08653176119800733,0.04612842287221871
4,694,40d2f60f7b01b721909df18cdd26cc0bda1e28ef62dd47bb3bc9b7acfaa1fbc4,4b74724c4225fcfe043fdd749fb740fff4cf33c8,0.0014909365430766518,0.008953099146373295,2,cuda,1.0,8,0.5,learned_mixture,0.645658832725775,16,standard normal at finite u_max,finite,learned,0.1412503621322018,0.07404526872600453,tail,0.150538616003264,0.0050789713859558105,32768,155333120,0.009469761319464927,0.14125035222988647,0.0740452687260047,0.009469760884456082,0.08431579439667412,0.07434681031654344,learned/task_014/cell_0694,44,without_replacement,67108864,1.366205856204033,103002,completed,512,3,0.13828098753472046,0.07234924084852729,0.011253359086530752,0.0851693205431216,0.07243783866163694,20.0,0.08431579439667407,0.07434724777034162
4,734,40d2f60f7b01b721909df18cdd26cc0bda1e28ef62dd47bb3bc9b7acfaa1fbc4,4b74724c4225fcfe043fdd749fb740fff4cf33c8,0.0011037283751020848,0.008887649962893571,3,cuda,1.0,8,0.5,learned_mixture,0.947477024526595,16,standard normal at finite u_max,finite,learned,0.09970867122842003,0.05320794759617077,tail,0.2936320202955803,0.005106844007968903,32768,155333120,0.00921045778038228,0.09970869017979718,0.053207947596170764,0.009210467836059054,0.08603183230841505,0.05510325355012786,learned/task_014/cell_0734,32,without_replacement,67108864,1.3600593209266663,103003,completed,512,3,0.10287660675954385,0.05566606408513732,0.01074006658018581,0.08549433055565918,0.056768218731812425,20.0,0.08603183230841496,0.055103281150296037
4,774,40d2f60f7b01b721909df18cdd26cc0bda1e28ef62dd47bb3bc9b7acfaa1fbc4,4b74724c4225fcfe043fdd749fb740fff4cf33c8,0.00039738796825668834,0.004836843660166346,4,cuda,1.0,8,0.5,learned_mixture,0.8226897801989612,16,standard normal at finite u_max,finite,learned,0.04336296801404397,0.01877746282665985,tail,0.34128881571865793,0.0050351619720458984,32768,155333120,0.006366069328073572,0.043362997419211444,0.01877746282665984,0.006366076950718537,0.08947911393882305,0.02051079357417218,learned/task_014/cell_0774,25,without_replacement,67108864,1.3541341498494148,103004,completed,512,3,0.04904634311054923,0.021974296200511306,0.0053198496865600065,0.0848958337638564,0.023409028030403456,20.0,0.08947911393882305,0.02051083371877355
4,814,4f8f7d024dee2ba1d205fcf59f39c4f32d87524ab703a9051d4ad4e7ca38f59f,4b74724c4225fcfe043fdd749fb740fff4cf33c8,0.004135481232107491,0.015474194712993742,0,cuda,1.0,8,0.5,learned_mixture,0.9278255478768987,16,standard normal at finite u_max,finite,learned,0.0969247595448798,0.055078574145334416,tail,0.32713838952480156,0.0048880428075790405,32768,155333120,0.0171489240082085,0.0969247665970766,0.05507857414533392,0.01714892022683409,0.0643120122778335,0.05525948492722775,learned/task_014/cell_0814,32,without_replacement,67108864,1.3504593297839165,104000,completed,512,4,0.12429290942853205,0.07055203506925532,0.02007084818027846,0.06063410473957152,0.07065760177615359,20.0,0.0643120122778331,0.055259613875342194
4,854,4f8f7d024dee2ba1d205fcf59f39c4f32d87524ab703a9051d4ad4e7ca38f59f,4b74724c4225fcfe043fdd749fb740fff4cf33c8,0.0007473861126503207,0.007738899489231298,1,cuda,1.0,8,0.5,learned_mixture,0.9999354007290102,16,standard normal at finite u_max,finite,learned,0.07497195625373962,0.03723849681122135,tail,0.37846071414541305,0.004865780472755432,32768,155333120,0.00754689572012352,0.07497196736533905,0.037238496811220705,0.0075468975568335735,0.0867403955253284,0.03813330450414431,learned/task_014/cell_0854,27,without_replacement,67108864,1.3477389812469482,104001,completed,512,4,0.08814740749948086,0.04497739507624336,0.008198411371413071,0.0796156747584654,0.045218509189888845,20.0,0.0867403955253279,0.03813347008999662
4,894,4f8f7d024dee2ba1d205fcf59f39c4f32d87524ab703a9051d4ad4e7ca38f59f,4b74724c4225fcfe043fdd749fb740fff4cf33c8,0.0008707190054726818,0.006642637838624772,2,cuda,1.0,8,0.5,learned_mixture,0.6692702709707691,16,standard normal at finite u_max,finite,learned,0.11339888110499025,0.058640043922230836,tail,0.2074402853814416,0.004802823066711426,32768,155333120,0.005733316647622243,0.11339889308830278,0.05864004392223112,0.0057333171422177705,0.0858923983854867,0.060515133497972495,learned/task_014/cell_0894,43,without_replacement,67108864,1.3622995764017105,104002,completed,512,4,0.12391471107815533,0.06449866617774107,0.005555753306242729,0.0896319563977799,0.06623073347528378,20.0,0.08589239838548683,0.06051518462805972
4,934,4f8f7d024dee2ba1d205fcf59f39c4f32d87524ab703a9051d4ad4e7ca38f59f,4b74724c4225fcfe043fdd749fb740fff4cf33c8,0.0015229140976215718,0.009263315537770683,3,cuda,1.0,8,0.5,learned_mixture,0.8850142375362481,16,standard normal at finite u_max,finite,learned,0.07570271793353993,0.03986879582876564,tail,0.2802479844199332,0.004840061068534851,32768,155333120,0.009160724159317592,0.07570273706679806,0.03986879582876562,0.009160723395491944,0.07019152503753434,0.0417682047094328,learned/task_014/cell_0934,31,without_replacement,67108864,1.3617238998413086,104003,completed,512,4,0.08588184386883019,0.04601108814439103,0.007191934653669432,0.0758696788053271,0.04724978517749995,20.0,0.07019152503753426,0.04176851566930001
4,974,4f8f7d024dee2ba1d205fcf59f39c4f32d87524ab703a9051d4ad4e7ca38f59f,4b74724c4225fcfe043fdd749fb740fff4cf33c8,0.0005168833569056035,0.0054129260957495266,4,cuda,1.0,8,0.5,learned_mixture,0.9640999683514363,16,standard normal at finite u_max,finite,learned,0.045038346787462505,0.02056501379360887,tail,0.33193201366638986,0.004891112446784973,32768,155333120,0.01689303960879677,0.04503837651201485,0.020565013793608988,0.016893051054460977,0.07329938693414327,0.022995803312960708,learned/task_014/cell_0974,25,without_replacement,67108864,1.3577206656336784,104004,completed,512,4,0.049978852737337376,0.022449183013996902,0.016155381013577684,0.07200716049979065,0.025353523783952378,20.0,0.07329938693414359,0.022995795945509264
4,15,ce9344dce5f56b4cda176bcdb36371f48911618aa600da1465617419b4995b69,4b74724c4225fcfe043fdd749fb740fff4cf33c8,0.0017075322420032606,0.009442208231325834,0,cuda,1.0,8,0.5,learned_mixture,0.538910511716084,16,standard normal at finite u_max,finite,learned,0.09147358008227549,0.04669207617831433,full,0.4577335568509882,2.8454896807670593,32768,343031296,0.010761410884701212,0.09147360139709235,0.04669207617831449,0.01076141946721564,0.13469674176534768,0.0487057458801958,learned/task_015/cell_0015,27,with_replacement,1073741824,7.662961371243,100000,completed,2048,0,0.09674443302834317,0.04896107064411026,0.009312012664584394,0.12521067533791416,0.051198831162396756,20.0,0.13469674176534793,0.04870532930919367
4,55,ce9344dce5f56b4cda176bcdb36371f48911618aa600da1465617419b4995b69,4b74724c4225fcfe043fdd749fb740fff4cf33c8,0.0006967364291436821,0.006589171643460612,1,cuda,1.0,8,0.5,learned_mixture,0.9574635021929354,16,standard normal at finite u_max,finite,learned,0.04542668629385368,0.021241386262404897,full,0.47263960974623526,0.005351170897483826,32768,343031296,0.0027792284494325514,0.045426694627401995,0.021241386262404835,0.0027792275170872897,0.07280484741193312,0.02308281106985951,learned/task_015/cell_0055,24,with_replacement,1073741824,7.671985514461994,100001,completed,2048,0,0.04868656144309048,0.023584544696162668,0.006678701082581224,0.07312143891134182,0.025058333121621597,20.0,0.07280484741193331,0.023082858465690945
4,95,ce9344dce5f56b4cda176bcdb36371f48911618aa600da1465617419b4995b69,4b74724c4225fcfe043fdd749fb740fff4cf33c8,0.0008179824631373392,0.006750998253324644,2,cuda,1.0,8,0.5,learned_mixture,0.9923364636056066,16,standard normal at finite u_max,finite,learned,0.05703354437684701,0.028060535903569727,full,0.47640378850594767,0.004854068160057068,32768,343031296,0.0026432277823787848,0.05703355142224869,0.0280605359035703,0.0026432272911372096,0.08389121942102175,0.030524137748588386,learned/task_015/cell_0095,26,with_replacement,1073741824,7.685504175722599,100002,completed,2048,0,0.05572026125705337,0.027979113517574022,0.003863489886205912,0.08840361019673876,0.02978140541510253,20.0,0.08389121942102223,0.03052414892620934
4,135,ce9344dce5f56b4cda176bcdb36371f48911618aa600da1465617419b4995b69,4b74724c4225fcfe043fdd749fb740fff4cf33c8,0.0014346197198311776,0.010000008368595811,3,cuda,1.0,8,0.5,learned_mixture,0.9987342022878581,16,standard normal at finite u_max,finite,learned,0.07415417237238331,0.03840520736970598,full,0.46509282994436163,0.005249597132205963,32768,343031296,0.0034215251430568935,0.07415419763598718,0.03840520736970605,0.003421529410793752,0.09081696668424427,0.0405542195599491,learned/task_015/cell_0135,26,with_replacement,1073741824,7.678468681871891,100003,completed,2048,0,0.07018401714220757,0.03666050227777966,0.004662100552840553,0.08404074781327406,0.038037699432079845,20.0,0.09081696668424438,0.04055374321505318
4,175,ce9344dce5f56b4cda176bcdb36371f48911618aa600da1465617419b4995b69,4b74724c4225fcfe043fdd749fb740fff4cf33c8,0.0006637233782110453,0.006846767429924664,4,cuda,1.0,8,0.5,learned_mixture,0.9701746686071191,16,standard normal at finite u_max,finite,learned,0.04915003300898646,0.023747554097916374,full,0.4703307896428298,0.004879854619503021,32768,343031296,0.02619999286877722,0.04915007627080266,0.023747554097916353,0.026199996391736004,0.11299176856476563,0.02708527000065375,learned/task_015/cell_0175,24,with_replacement,1073741824,7.6824281588196754,100004,completed,2048,0,0.05343468847644204,0.02667562981052338,0.02900486305281227,0.11368132719529773,0.02898486311217225,20.0,0.11299176856476505,0.02708556079649183
4,215,642c9ac8b37cc879a46c5dc332c9d99eb4ae9d0bd2c4b38a1ce3bbe1af22951a,4b74724c4225fcfe043fdd749fb740fff4cf33c8,0.0009100489984565257,0.008464897763851217,0,cuda,1.0,8,0.5,learned_mixture,0.5251186522212623,16,standard normal at finite u_max,finite,learned,0.06661459032840236,0.03587026330964718,full,0.47014492960275794,0.0052321553230285645,32768,343031296,0.0043605991640947896,0.06661459384609306,0.035870263309646794,0.00436060287238316,0.09091993133585911,0.03688283547417833,learned/task_015/cell_0215,26,with_replacement,1073741824,7.698719494044781,101000,completed,2048,1,0.07773656763861811,0.04293703712199526,0.005205001994981685,0.08458433598596587,0.043397726263264845,20.0,0.09091993133585888,0.03688312872584322
4,255,642c9ac8b37cc879a46c5dc332c9d99eb4ae9d0bd2c4b38a1ce3bbe1af22951a,4b74724c4225fcfe043fdd749fb740fff4cf33c8,0.00039083279556906015,0.004801164991045033,1,cuda,1.0,8,0.5,learned_mixture,0.8794661663808262,16,standard normal at finite u_max,finite,learned,0.059899993266688864,0.029567084632499296,full,0.47543678204448386,0.004861548542976379,32768,343031296,0.006393189659810167,0.0599000172549116,0.029567084632499296,0.006393188578646487,0.10200298723380583,0.030170192502866133,learned/task_015/cell_0255,22,with_replacement,1073741824,7.707060739398003,101001,completed,2048,1,0.05712774742399324,0.027879236743826558,0.007187930940728763,0.0934759317017258,0.028724202670300628,20.0,0.10200298723380592,0.03017025616783911
4,295,642c9ac8b37cc879a46c5dc332c9d99eb4ae9d0bd2c4b38a1ce3bbe1af22951a,4b74724c4225fcfe043fdd749fb740fff4cf33c8,0.0006870870879940158,0.006747964699646409,2,cuda,1.0,8,0.5,learned_mixture,0.6364852447791207,16,standard normal at finite u_max,finite,learned,0.07927100476056073,0.03964960589051565,full,0.4693024229772179,0.0048454925417900085,32768,343031296,0.0079841752132153,0.07927101262347505,0.03964960589051584,0.007984182269306715,0.08758451452610082,0.03985953146459727,learned/task_015/cell_0295,24,with_replacement,1073741824,7.71094236522913,101002,completed,2048,1,0.07551545735579908,0.03754689576033273,0.00670842278276523,0.0861142351046852,0.03792988394643732,20.0,0.08758451452610092,0.03985937684149131
4,335,642c9ac8b37cc879a46c5dc332c9d99eb4ae9d0bd2c4b38a1ce3bbe1af22951a,4b74724c4225fcfe043fdd749fb740fff4cf33c8,0.0005788366882680269,0.00535586445835143,3,cuda,1.0,8,0.5,learned_mixture,0.9969219229876222,16,standard normal at finite u_max,finite,learned,0.0769677128236543,0.0395297140295551,full,0.46265549237133047,0.00524061918258667,32768,343031296,0.009770403090414076,0.07696773309002095,0.03952971402955542,0.009770413299099152,0.10666771195176676,0.041059215153407755,learned/task_015/cell_0335,24,with_replacement,1073741824,7.706266306340694,101003,completed,2048,1,0.07490903443439838,0.03907351531776931,0.012354521581655772,0.10234677237024284,0.039714002594369524,20.0,0.10666771195176712,0.041059102716005345
4,375,642c9ac8b37cc879a46c5dc332c9d99eb4ae9d0bd2c4b38a1ce3bbe1af22951a,4b74724c4225fcfe043fdd749fb740fff4cf33c8,0.000560621356454032,0.004915961179258051,4,cuda,1.0,8,0.5,learned_mixture,0.7406035041947423,16,standard normal at finite u_max,finite,learned,0.058315644146093235,0.02760099927328547,full,0.46256575316691567,0.004882156848907471,32768,343031296,0.02457098726334985,0.05831568174112687,0.027600999273285604,0.02457100327519885,0.10978520623120794,0.029089609278234396,learned/task_015/cell_0375,24,with_replacement,1073741824,7.7138857543468475,101004,completed,2048,1,0.06018564648249055,0.028551437844044108,0.02617751704681507,0.10194986792337173,0.03046194687996615,20.0,0.1097852062312083,0.029089494397600637
4,415,4ad56f1f2de8ac7e99a997dc798fcc9a82d5e41bcaa01483fa8161ba24fa2737,4b74724c4225fcfe043fdd749fb740fff4cf33c8,0.001568704384350607,0.011251223564013115,0,cuda,1.0,8,0.5,learned_mixture,0.8864983008990267,16,standard normal at finite u_max,finite,learned,0.09651762339755476,0.05298828400745976,full,0.4683669094264039,0.004871271550655365,32768,343031296,0.008987052943277472,0.09651763083345936,0.052988284007460223,0.00898705413692599,0.1004957005641576,0.05335882671099075,learned/task_015/cell_0415,24,with_replacement,1073741824,7.707007631659508,102000,completed,2048,2,0.10072808360752289,0.055826700138844096,0.011375404774062646,0.10563480620201526,0.05623376124159978,20.0,0.10049570056415796,0.05335830688778954
4,455,4ad56f1f2de8ac7e99a997dc798fcc9a82d5e41bcaa01483fa8161ba24fa2737,4b74724c4225fcfe043fdd749fb740fff4cf33c8,0.0010728014675177142,0.008520917864216913,1,cuda,1.0,8,0.5,learned_mixture,0.5589138063983995,16,standard normal at finite u_max,finite,learned,0.08104966781511574,0.042792360094274465,full,0.4741316513816745,0.0048568397760391235,32768,343031296,0.012424887657754355,0.08104967757545502,0.0427923600942742,0.012424891089782128,0.09200174597082451,0.04432301153424386,learned/task_015/cell_0455,22,with_replacement,1073741824,7.712572582066059,102001,completed,2048,2,0.08351189263195449,0.04418863273797628,0.01261316944213168,0.08783937475714956,0.045524629170467734,20.0,0.09200174597082418,0.044322996791534494
4,495,4ad56f1f2de8ac7e99a997dc798fcc9a82d5e41bcaa01483fa8161ba24fa2737,4b74724c4225fcfe043fdd749fb740fff4cf33c8,0.001520997806355909,0.010214302148330242,2,cuda,1.0,8,0.5,learned_mixture,0.9982108988601804,16,standard normal at finite u_max,finite,learned,0.07024237230084254,0.034672071769478244,full,0.4697109280523969,0.005367681384086609,32768,343031296,0.002794894302968469,0.07024238356093286,0.03467207176947884,0.0027948936725770424,0.08143140148839313,0.03565567298449198,learned/task_015/cell_0495,26,with_replacement,1073741824,7.710119754076004,102002,completed,2048,2,0.060632817172817356,0.029618456267694097,0.0029472754068180854,0.08621970029542128,0.030885672783484853,20.0,0.0814314014883935,0.035655586060418076
4,535,4ad56f1f2de8ac7e99a997dc798fcc9a82d5e41bcaa01483fa8161ba24fa2737,4b74724c4225fcfe043fdd749fb740fff4cf33c8,0.0013490544366930057,0.008406189404504504,3,cuda,1.0,8,0.5,learned_mixture,0.8464339718641922,16,standard normal at finite u_max,finite,learned,0.09950863216788472,0.05007161748053075,full,0.4593582384140695,0.004856675863265991,32768,343031296,0.021851943082432684,0.09950864534036204,0.05007161748053043,0.02185195348865138,0.13152544147593545,0.052289112607143515,learned/task_015/cell_0535,27,with_replacement,1073741824,7.714829534292221,102003,completed,2048,2,0.10582036869052039,0.05322899731265859,0.026767864056694762,0.13984934623708245,0.05474029684977506,20.0,0.13152544147593492,0.05228920514693478
4,575,4ad56f1f2de8ac7e99a997dc798fcc9a82d5e41bcaa01483fa8161ba24fa2737,4b74724c4225fcfe043fdd749fb740fff4cf33c8,0.00148868244474444,0.00865612462771901,4,cuda,1.0,8,0.5,learned_mixture,0.9947338733392845,16,standard normal at finite u_max,finite,learned,0.03881654808874359,0.014779515546865112,full,0.46982537792402446,0.004924781620502472,32768,343031296,0.0094315156904478,0.03881659384585977,0.014779515546865154,0.00943153191586964,0.11600252105605356,0.01888612625979124,learned/task_015/cell_0575,24,with_replacement,1073741824,7.709188669919968,102004,completed,2048,2,0.0397209582447475,0.01605035123544683,0.014814832277430525,0.12516073819524354,0.019996572651771516,20.0,0.11600252105605381,0.018886215066400387
4,615,40d2f60f7b01b721909df18cdd26cc0bda1e28ef62dd47bb3bc9b7acfaa1fbc4,4b74724c4225fcfe043fdd749fb740fff4cf33c8,0.001652988601362978,0.009412964401913838,0,cuda,1.0,8,0.5,learned_mixture,0.997062076141918,16,standard normal at finite u_max,finite,learned,0.07528222531988696,0.03872339992841381,full,0.46696707188321557,0.004833430051803589,32768,343031296,0.011261376025901864,0.07528224283318767,0.03872339992841301,0.011261384841564984,0.11635102925277982,0.04113634252285657,learned/task_015/cell_0615,26,with_replacement,1073741824,7.716486521065235,103000,completed,2048,3,0.08427831059130331,0.04421194101025655,0.01180306811395648,0.10355524523984312,0.04663812096671876,20.0,0.11635102925277908,0.041136327783214174
4,655,40d2f60f7b01b721909df18cdd26cc0bda1e28ef62dd47bb3bc9b7acfaa1fbc4,4b74724c4225fcfe043fdd749fb740fff4cf33c8,0.0006936237213030954,0.006665814551747147,1,cuda,1.0,8,0.5,learned_mixture,0.9541101207973933,16,standard normal at finite u_max,finite,learned,0.09516739737678602,0.05230345240787462,full,0.4795264001347455,0.0053268298506736755,32768,343031296,0.0030471481157333166,0.0951673948134747,0.05230345240787436,0.0030471486412907266,0.09771258819670937,0.05469097133592223,learned/task_015/cell_0655,23,with_replacement,1073741824,7.709530293941498,103001,completed,2048,3,0.09619170430370426,0.05262297442579983,0.0049341640746143525,0.09329862066672355,0.05449085780948464,20.0,0.09771258819670903,0.054690958539030464
4,695,40d2f60f7b01b721909df18cdd26cc0bda1e28ef62dd47bb3bc9b7acfaa1fbc4,4b74724c4225fcfe043fdd749fb740fff4cf33c8,0.0014909365430766518,0.008953099146373295,2,cuda,1.0,8,0.5,learned_mixture,0.9256158080753101,16,standard normal at finite u_max,finite,learned,0.08562985324752358,0.03926605716293792,full,0.46816097193990175,0.004953332245349884,32768,343031296,0.01682913241354482,0.08562987124299393,0.039266057162937795,0.016829132866968317,0.1164979549647674,0.04107398785852123,learned/task_015/cell_0695,27,with_replacement,1073741824,7.715026810765266,103002,completed,2048,3,0.09524280553531282,0.04509270320866492,0.015045771480010142,0.12001275158676333,0.045864021044108694,20.0,0.11649795496476724,0.04107380506952969
4,735,40d2f60f7b01b721909df18cdd26cc0bda1e28ef62dd47bb3bc9b7acfaa1fbc4,4b74724c4225fcfe043fdd749fb740fff4cf33c8,0.0011037283751020848,0.008887649962893571,3,cuda,1.0,8,0.5,learned_mixture,0.9866018776579587,16,standard normal at finite u_max,finite,learned,0.08896846554190826,0.0438581356205964,full,0.4572650193936853,0.004849374294281006,32768,343031296,0.013841425443558875,0.08896849228955625,0.04385813562059663,0.013841424848860924,0.1345135769631764,0.04428005818810275,learned/task_015/cell_0735,28,with_replacement,1073741824,7.712807692587376,103003,completed,2048,3,0.085612651208887,0.04186482984401961,0.013291012587468773,0.13109889108204847,0.04255894343637008,20.0,0.13451357696317678,0.044279775890817524
4,775,40d2f60f7b01b721909df18cdd26cc0bda1e28ef62dd47bb3bc9b7acfaa1fbc4,4b74724c4225fcfe043fdd749fb740fff4cf33c8,0.00039738796825668834,0.004836843660166346,4,cuda,1.0,8,0.5,learned_mixture,0.9805666447363136,16,standard normal at finite u_max,finite,learned,0.04518710867512657,0.01891459946112321,full,0.4716698364568913,0.004849672317504883,32768,343031296,0.011816604964282447,0.045187176397728415,0.01891459946112351,0.01181661962417509,0.11117178341907742,0.02404428361794444,learned/task_015/cell_0775,22,with_replacement,1073741824,7.698190152645111,103004,completed,2048,3,0.050157357105375645,0.022533885728339954,0.010017234727039269,0.10321464268421728,0.02624359107478501,20.0,0.11117178341907813,0.02404428384331663
4,815,4f8f7d024dee2ba1d205fcf59f39c4f32d87524ab703a9051d4ad4e7ca38f59f,4b74724c4225fcfe043fdd749fb740fff4cf33c8,0.004135481232107491,0.015474194712993742,0,cuda,1.0,8,0.5,learned_mixture,0.9974489114191238,16,standard normal at finite u_max,finite,learned,0.11538920792909442,0.062427365405855854,full,0.46849108804151973,0.004789136350154877,32768,343031296,0.007688389056560559,0.11538921198311364,0.062427365405856375,0.007688388783612666,0.10918583325763091,0.06377716784469183,learned/task_015/cell_0815,25,with_replacement,1073741824,7.696553394198418,104000,completed,2048,4,0.13351054749911997,0.07190440179083725,0.010092126274092401,0.1090258315656609,0.07414329232456261,20.0,0.1091858332576316,0.06377740943727475
4,855,4f8f7d024dee2ba1d205fcf59f39c4f32d87524ab703a9051d4ad4e7ca38f59f,4b74724c4225fcfe043fdd749fb740fff4cf33c8,0.0007473861126503207,0.007738899489231298,1,cuda,1.0,8,0.5,learned_mixture,0.6193016839426303,16,standard normal at finite u_max,finite,learned,0.05944932512041107,0.029014295013367147,full,0.4709409604133887,0.005351901054382324,32768,343031296,0.00877212032717202,0.059449366530601254,0.029014295013366873,0.008772123698075217,0.0956132428007625,0.029738727715604294,learned/task_015/cell_0855,23,with_replacement,1073741824,7.694398954510689,104001,completed,2048,4,0.07207264813977987,0.03675319327838916,0.009645312350981275,0.09071993562257719,0.03716150773385227,20.0,0.09561324280076222,0.029738824909739916
4,895,4f8f7d024dee2ba1d205fcf59f39c4f32d87524ab703a9051d4ad4e7ca38f59f,4b74724c4225fcfe043fdd749fb740fff4cf33c8,0.0008707190054726818,0.006642637838624772,2,cuda,1.0,8,0.5,learned_mixture,0.9812759976844923,16,standard normal at finite u_max,finite,learned,0.08440007312224704,0.042927243552214986,full,0.4702004439119045,0.004844367504119873,32768,343031296,0.007032653258166221,0.08440008243888836,0.04292724355221458,0.007032660437841221,0.0829551284379105,0.043334717135562056,learned/task_015/cell_0895,25,with_replacement,1073741824,7.69658575206995,104002,completed,2048,4,0.09562222234465921,0.04900482727189377,0.007572325670755383,0.08674255384890679,0.049322655277161356,20.0,0.08295512843791016,0.043334488408517224
4,935,4f8f7d024dee2ba1d205fcf59f39c4f32d87524ab703a9051d4ad4e7ca38f59f,4b74724c4225fcfe043fdd749fb740fff4cf33c8,0.0015229140976215718,0.009263315537770683,3,cuda,1.0,8,0.5,learned_mixture,0.9948791445023546,16,standard normal at finite u_max,finite,learned,0.1521713758079934,0.08038375456216199,full,0.4711549778593366,0.004884406924247742,32768,343031296,0.03195437698940501,0.15217137301181305,0.080383754562162,0.0319543794973432,0.1208944083803244,0.08167472127726419,learned/task_015/cell_0935,24,with_replacement,1073741824,7.698655739426613,104003,completed,2048,4,0.16445809221386204,0.08848720992405183,0.03422471447110331,0.11819361946208924,0.08928119859059871,20.0,0.12089440838032456,0.08167457336100198
4,975,4f8f7d024dee2ba1d205fcf59f39c4f32d87524ab703a9051d4ad4e7ca38f59f,4b74724c4225fcfe043fdd749fb740fff4cf33c8,0.0005168833569056035,0.0054129260957495266,4,cuda,1.0,8,0.5,learned_mixture,0.5169253015086028,16,standard normal at finite u_max,finite,learned,0.05482910774742305,0.026295032242815805,full,0.46400581993813494,0.004780106246471405,32768,343031296,0.015435572872410205,0.05482912831935949,0.02629503224281588,0.015435587513818672,0.0888964101762074,0.029242620153055204,learned/task_015/cell_0975,23,with_replacement,1073741824,7.694632567465305,104004,completed,2048,4,0.06291621281911608,0.030656567401660832,0.017696405695016123,0.09174356090717069,0.033300721296422156,20.0,0.08889641017620738,0.029242752362962473
4,16,ce9344dce5f56b4cda176bcdb36371f48911618aa600da1465617419b4995b69,4b74724c4225fcfe043fdd749fb740fff4cf33c8,0.0017075322420032606,0.009442208231325834,0,cuda,1.0,8,0.5,learned_mixture,0.6583218075095378,16,standard normal at finite u_max,infinite,learned,0.09006598213045137,0.04921774322569551,unbiased,0.4185973094020461,2.396694026887417,32768,151138816,0.009773341401177402,0.09006597339554523,0.049217743225695845,0.00977334119908233,0.08820834373734981,0.05071182785798645,learned/task_016/cell_0016,40,with_replacement,268435456,4.353459246456623,100000,completed,2048,0,0.09459303980217963,0.050369784302190954,0.007182186061693103,0.0796136346553486,0.05188401910210887,20.0,0.08820834373735006,0.05071200775277989
4,56,ce9344dce5f56b4cda176bcdb36371f48911618aa600da1465617419b4995b69,4b74724c4225fcfe043fdd749fb740fff4cf33c8,0.0006967364291436821,0.006589171643460612,1,cuda,1.0,8,0.5,learned_mixture,0.9900451530680344,16,standard normal at finite u_max,infinite,learned,0.0854086766400446,0.041586722621552503,unbiased,0.3207331270863041,0.005239587277173996,32768,151138816,0.0032792382262517147,0.08540867330560241,0.04158672262155251,0.003279237612546758,0.08018606643940558,0.04307986922061161,learned/task_016/cell_0056,43,with_replacement,268435456,4.345684051513672,100001,completed,2048,0,0.0862288769418342,0.04297760069002823,0.0014359504575396772,0.0765370896610685,0.04336498255665853,20.0,0.08018606643940507,0.0430797503885521
4,96,ce9344dce5f56b4cda176bcdb36371f48911618aa600da1465617419b4995b69,4b74724c4225fcfe043fdd749fb740fff4cf33c8,0.0008179824631373392,0.006750998253324644,2,cuda,1.0,8,0.5,learned_mixture,0.792170756536097,16,standard normal at finite u_max,infinite,learned,0.07591589936887778,0.036589134811041896,unbiased,0.24235100834097578,0.005504261702299118,32768,151138816,0.010779428842973601,0.07591590796154442,0.03658913481104196,0.010779435900221561,0.05803509358994963,0.03816780230197915,learned/task_016/cell_0096,45,with_replacement,268435456,4.351103823632002,100002,completed,2048,0,0.07839092875751116,0.0376746243462395,0.008958130153639388,0.062069597021578216,0.039575922931452935,20.0,0.05803509358994988,0.03816794578240107
4,136,ce9344dce5f56b4cda176bcdb36371f48911618aa600da1465617419b4995b69,4b74724c4225fcfe043fdd749fb740fff4cf33c8,0.0014346197198311776,0.010000008368595811,3,cuda,1.0,8,0.5,learned_mixture,0.8350243898030661,16,standard normal at finite u_max,infinite,learned,0.1068717835293136,0.0605175779378366,unbiased,0.42835799984027506,0.005174268037080765,32768,151138816,0.017684327534780286,0.10687177198228424,0.06051757793783662,0.017684331802517127,0.11180594897589813,0.06181770196693792,learned/task_016/cell_0136,48,with_replacement,268435456,4.353141218423843,100003,completed,2048,0,0.10109066431696326,0.0572259106434117,0.018924902944563945,0.12206581226032305,0.059597435768445554,20.0,0.11180594897589828,0.06181730246322423
4,176,ce9344dce5f56b4cda176bcdb36371f48911618aa600da1465617419b4995b69,4b74724c4225fcfe043fdd749fb740fff4cf33c8,0.0006637233782110453,0.006846767429924664,4,cuda,1.0,8,0.5,learned_mixture,0.5792665671537244,16,standard normal at finite u_max,infinite,learned,0.18983583693241401,0.0984362596971951,unbiased,0.28759197713182316,0.004957467317581177,32768,151138816,0.06968396082855977,0.18983583796041129,0.09843625969719513,0.0696839566787419,0.1350711942316522,0.0988310437718215,learned/task_016/cell_0176,55,with_replacement,268435456,4.35091108083725,100004,completed,2048,0,0.18933963171177048,0.09807935382457356,0.07175216199906821,0.12875091566367342,0.09846461172925787,20.0,0.13507119423165215,0.09883069427786663
4,216,642c9ac8b37cc879a46c5dc332c9d99eb4ae9d0bd2c4b38a1ce3bbe1af22951a,4b74724c4225fcfe043fdd749fb740fff4cf33c8,0.0009100489984565257,0.008464897763851217,0,cuda,1.0,8,0.5,learned_mixture,0.9745930668998829,16,standard normal at finite u_max,infinite,learned,0.08211275015561675,0.042220522110576794,unbiased,0.21426084208213605,0.005408275872468948,32768,151138816,0.006188637230994621,0.08211276456374625,0.04222052211057648,0.006188640939283027,0.09510116466688838,0.04365099243548041,learned/task_016/cell_0216,41,with_replacement,268435456,4.345443543046713,101000,completed,2048,1,0.0929459712798535,0.04928729592292487,0.007033040061881516,0.08256906360065941,0.04964756129792828,20.0,0.09510116466688819,0.04365080696728077
4,256,642c9ac8b37cc879a46c5dc332c9d99eb4ae9d0bd2c4b38a1ce3bbe1af22951a,4b74724c4225fcfe043fdd749fb740fff4cf33c8,0.00039083279556906015,0.004801164991045033,1,cuda,1.0,8,0.5,learned_mixture,0.6526529670307972,16,standard normal at finite u_max,infinite,learned,0.08909170571909827,0.04562186672862527,unbiased,0.3599327201725056,0.005069218575954437,32768,151138816,0.011346837957877953,0.08909170571541623,0.04562186672862548,0.011346836715692607,0.10764392598796026,0.047992491087635314,learned/task_016/cell_0256,39,with_replacement,268435456,4.347196601331234,101001,completed,2048,1,0.08474952124478256,0.043522542244573345,0.012143649378384438,0.09879602766684578,0.04601556471223876,20.0,0.10764392598796031,0.0479924691172698
4,296,642c9ac8b37cc879a46c5dc332c9d99eb4ae9d0bd2c4b38a1ce3bbe1af22951a,4b74724c4225fcfe043fdd749fb740fff4cf33c8,0.0006870870879940158,0.006747964699646409,2,cuda,1.0,8,0.5,learned_mixture,0.6250997676953366,16,standard normal at finite u_max,infinite,learned,0.06905431753934656,0.03435344203805017,unbiased,0.372911730955945,0.004978645592927933,32768,151138816,0.01024652827992377,0.06905433768767555,0.034353442038050186,0.010246528840172658,0.0816071770808837,0.03509469013364946,learned/task_016/cell_0296,44,with_replacement,268435456,4.3538434617221355,101002,completed,2048,1,0.07296008287709613,0.03670835116056727,0.011136094221031623,0.0808208494657344,0.037025052316424445,20.0,0.08160717708088358,0.0350946849529269
4,336,642c9ac8b37cc879a46c5dc332c9d99eb4ae9d0bd2c4b38a1ce3bbe1af22951a,4b74724c4225fcfe043fdd749fb740fff4cf33c8,0.0005788366882680269,0.00535586445835143,3,cuda,1.0,8,0.5,learned_mixture,0.7382493618709021,16,standard normal at finite u_max,infinite,learned,0.12424143973253639,0.06700976019165644,unbiased,0.34686604688842654,0.004928618669509888,32768,151138816,0.033580511795930766,0.12424144213276822,0.06700976019165675,0.033580516921247694,0.10981010376598453,0.06818516443717659,learned/task_016/cell_0336,46,with_replacement,268435456,4.349328052252531,101003,completed,2048,1,0.118867480783759,0.06419279234271469,0.03246196978902489,0.115421946900571,0.0652863033371554,20.0,0.1098101037659846,0.06818556064349322
4,376,642c9ac8b37cc879a46c5dc332c9d99eb4ae9d0bd2c4b38a1ce3bbe1af22951a,4b74724c4225fcfe043fdd749fb740fff4cf33c8,0.000560621356454032,0.004915961179258051,4,cuda,1.0,8,0.5,learned_mixture,0.526488608463871,16,standard normal at finite u_max,infinite,learned,0.0932924809581189,0.042515138668861426,unbiased,0.37494999798131007,0.004961907863616943,32768,151138816,0.030478025500761736,0.09329246493142351,0.04251513866886138,0.030478014999293694,0.15464210153770694,0.04600469939166149,learned/task_016/cell_0376,54,with_replacement,268435456,4.342790652066469,101004,completed,2048,1,0.09442327348044183,0.04260434489090896,0.02953833156907331,0.1533784563983872,0.04639774421355622,20.0,0.1546421015377068,0.04600467735663347
4,416,4ad56f1f2de8ac7e99a997dc798fcc9a82d5e41bcaa01483fa8161ba24fa2737,4b74724c4225fcfe043fdd749fb740fff4cf33c8,0.001568704384350607,0.011251223564013115,0,cuda,1.0,8,0.5,learned_mixture,0.9794548350882897,16,standard normal at finite u_max,infinite,learned,0.12456811019978531,0.07598605987440321,unbiased,0.45112736609826765,0.005254637449979782,32768,151138816,0.016119489395796535,0.12456809891484623,0.07598605987440349,0.016119491909804422,0.07202774248987841,0.07600642644868841,learned/task_016/cell_0416,41,with_replacement,268435456,4.343156680464745,102000,completed,2048,2,0.13069636018074915,0.07954060399556259,0.01734123208536685,0.08621442856048642,0.07956426839532717,20.0,0.07202774248987852,0.07600656442056745
4,456,4ad56f1f2de8ac7e99a997dc798fcc9a82d5e41bcaa01483fa8161ba24fa2737,4b74724c4225fcfe043fdd749fb740fff4cf33c8,0.0010728014675177142,0.008520917864216913,1,cuda,1.0,8,0.5,learned_mixture,0.5937099839459569,16,standard normal at finite u_max,infinite,learned,0.05778734961867285,0.030608711131874713,unbiased,0.4550162572367798,0.0050293877720832825,32768,151138816,0.003999740942157515,0.05778736990190205,0.030608711131874366,0.003999744374185227,0.07685447557966565,0.03134105081325378,learned/task_016/cell_0456,39,with_replacement,268435456,4.343755904585123,102001,completed,2048,2,0.05909957521032518,0.0312992579357752,0.0041880227265348405,0.07892612975778342,0.0322162941785087,20.0,0.07685447557966539,0.03134102394274689
4,496,4ad56f1f2de8ac7e99a997dc798fcc9a82d5e41bcaa01483fa8161ba24fa2737,4b74724c4225fcfe043fdd749fb740fff4cf33c8,0.001520997806355909,0.010214302148330242,2,cuda,1.0,8,0.5,learned_mixture,0.9985257358936356,16,standard normal at finite u_max,infinite,learned,0.07447525047113913,0.03665819144693233,unbiased,0.27670489991213687,0.004916060715913773,32768,151138816,0.015392354108013172,0.07447526387147962,0.03665819144693261,0.015392354759978648,0.07269970748084016,0.036848745334888064,learned/task_016/cell_0496,48,with_replacement,268435456,4.353873275220394,102002,completed,2048,2,0.06795394024392121,0.03300586679274352,0.018448296057774295,0.08200678439351235,0.033853785618722244,20.0,0.07269970748084043,0.036848969650923796
4,536,4ad56f1f2de8ac7e99a997dc798fcc9a82d5e41bcaa01483fa8161ba24fa2737,4b74724c4225fcfe043fdd749fb740fff4cf33c8,0.0013490544366930057,0.008406189404504504,3,cuda,1.0,8,0.5,learned_mixture,0.6042084124665061,16,standard normal at finite u_max,infinite,learned,0.08220828406706132,0.044257593511983474,unbiased,0.3852150051822575,0.004905268549919128,32768,151138816,0.017011985886116795,0.08220828710693534,0.04425759351198339,0.017011996292335657,0.0783651689942236,0.044731993644959014,learned/task_016/cell_0536,48,with_replacement,268435456,4.342314548790455,102003,completed,2048,2,0.08097500092421357,0.04335865772354462,0.02192790686037887,0.08369984931498181,0.044120848165542174,20.0,0.07836516899422354,0.04473153988507927
4,576,4ad56f1f2de8ac7e99a997dc798fcc9a82d5e41bcaa01483fa8161ba24fa2737,4b74724c4225fcfe043fdd749fb740fff4cf33c8,0.00148868244474444,0.00865612462771901,4,cuda,1.0,8,0.5,learned_mixture,0.9999237988893797,16,standard normal at finite u_max,infinite,learned,0.1684234198031348,0.08704734359547522,unbiased,0.2152251966013284,0.004909660667181015,32768,151138816,0.07063043199579502,0.16842341533549784,0.08704734359547531,0.070630426884395,0.09852559219098575,0.08811252477123163,learned/task_016/cell_0576,58,with_replacement,268435456,4.3518822230398655,102004,completed,2048,2,0.1626316882973079,0.08450503794769222,0.06787418781955996,0.10206100779557206,0.08532462663590229,20.0,0.09852559219098576,0.08811248547213416
4,616,40d2f60f7b01b721909df18cdd26cc0bda1e28ef62dd47bb3bc9b7acfaa1fbc4,4b74724c4225fcfe043fdd749fb740fff4cf33c8,0.001652988601362978,0.009412964401913838,0,cuda,1.0,8,0.5,learned_mixture,0.5948542735463025,16,standard normal at finite u_max,infinite,learned,0.12808625430623016,0.06444321610486545,unbiased,0.4158460475036335,0.004917297512292862,32768,151138816,0.013689769055909882,0.12808624006887637,0.06444321610486548,0.013689767739868224,0.15202979769948866,0.06671927166677644,learned/task_016/cell_0616,42,with_replacement,268435456,4.343500088900328,103000,completed,2048,3,0.12919333293083823,0.06385020639676413,0.012803392892303356,0.13970725700755582,0.06611816601184353,20.0,0.15202979769948877,0.06671907793569956
4,656,40d2f60f7b01b721909df18cdd26cc0bda1e28ef62dd47bb3bc9b7acfaa1fbc4,4b74724c4225fcfe043fdd749fb740fff4cf33c8,0.0006936237213030954,0.006665814551747147,1,cuda,1.0,8,0.5,learned_mixture,0.8816918122567581,16,standard normal at finite u_max,infinite,learned,0.08203238444674399,0.03950007733231978,unbiased,0.31137666995305496,0.004915442317724228,32768,151138816,0.002064735514748603,0.0820324025331215,0.03950007733231926,0.0020647385073245548,0.12822420918754446,0.04290442670461109,learned/task_016/cell_0656,45,with_replacement,268435456,4.350642129778862,103001,completed,2048,3,0.07956542360373361,0.03887459695294074,0.0020361049097788325,0.12243368453652788,0.04122127076125461,20.0,0.1282242091875442,0.04290441861785878
4,696,40d2f60f7b01b721909df18cdd26cc0bda1e28ef62dd47bb3bc9b7acfaa1fbc4,4b74724c4225fcfe043fdd749fb740fff4cf33c8,0.0014909365430766518,0.008953099146373295,2,cuda,1.0,8,0.5,learned_mixture,0.7449128972027099,16,standard normal at finite u_max,infinite,learned,0.05205908024878319,0.024441739260944593,unbiased,0.34087822530417083,0.005296245217323303,32768,151138816,0.0028425589206795172,0.052059091811751744,0.024441739260944652,0.002842558480029289,0.06398532891642995,0.025551676777637637,learned/task_016/cell_0696,47,with_replacement,268435456,4.34534465521574,103002,completed,2048,3,0.057353174950631886,0.027375847610874755,0.0046263281093724025,0.07148934730024212,0.029007489990017597,20.0,0.06398532891643013,0.025552075950786683
4,736,40d2f60f7b01b721909df18cdd26cc0bda1e28ef62dd47bb3bc9b7acfaa1fbc4,4b74724c4225fcfe043fdd749fb740fff4cf33c8,0.0011037283751020848,0.008887649962893571,3,cuda,1.0,8,0.5,learned_mixture,0.9916023706261473,16,standard normal at finite u_max,infinite,learned,0.11286502717836513,0.06284015532382797,unbiased,0.2743271464914306,0.005055900663137436,32768,151138816,0.02202771555137657,0.1128650030616429,0.06284015532382808,0.022027716146614265,0.09229800892204412,0.06360745122329745,learned/task_016/cell_0736,48,with_replacement,268435456,4.34747202321887,103003,completed,2048,3,0.11198235726617765,0.06312134865712912,0.02257809639213026,0.0881684879918087,0.06386171023009163,20.0,0.09229800892204437,0.06360733327357666
4,776,40d2f60f7b01b721909df18cdd26cc0bda1e28ef62dd47bb3bc9b7acfaa1fbc4,4b74724c4225fcfe043fdd749fb740fff4cf33c8,0.00039738796825668834,0.004836843660166346,4,cuda,1.0,8,0.5,learned_mixture,0.5381775425064953,16,standard normal at finite u_max,infinite,learned,0.08562504369736149,0.041422450815334924,unbiased,0.37829459887533806,0.004944305866956711,32768,151138816,0.022411912505488584,0.08562503749274802,0.04142245081533481,0.022411915149003724,0.13269378791279487,0.043374333910224674,learned/task_016/cell_0776,56,with_replacement,268435456,4.350488543510437,103004,completed,2048,3,0.086522897189722,0.042513328517190474,0.022846501354346262,0.12545284463839315,0.04369836205592085,20.0,0.1326937879127949,0.04337410242999846
4,816,4f8f7d024dee2ba1d205fcf59f39c4f32d87524ab703a9051d4ad4e7ca38f59f,4b74724c4225fcfe043fdd749fb740fff4cf33c8,0.004135481232107491,0.015474194712993742,0,cuda,1.0,8,0.5,learned_mixture,0.6659560633620172,16,standard normal at finite u_max,infinite,learned,0.22816020503082873,0.13393399324449148,unbiased,0.3460768801369885,0.004957348108291626,32768,151138816,0.02447076078158694,0.22816019041474947,0.13393399324449146,0.024470761996919898,0.30379990964107917,0.1356505367235913,learned/task_016/cell_0816,42,with_replacement,268435456,4.347610503435135,104000,completed,2048,4,0.2265279452017781,0.1357014579584253,0.027003551942372608,0.3116264475758335,0.13861132928724726,20.0,0.30379990964107906,0.13565087727405004
4,856,4f8f7d024dee2ba1d205fcf59f39c4f32d87524ab703a9051d4ad4e7ca38f59f,4b74724c4225fcfe043fdd749fb740fff4cf33c8,0.0007473861126503207,0.007738899489231298,1,cuda,1.0,8,0.5,learned_mixture,0.8698242314140333,16,standard normal at finite u_max,infinite,learned,0.16820562924496485,0.09092271831705984,unbiased,0.31065043884310317,0.004879295825958252,32768,151138816,0.02326462960090702,0.16820564780315,0.09092271831706006,0.023264628251667353,0.17693016555248503,0.09533868174379351,learned/task_016/cell_0856,48,with_replacement,268435456,4.3412157110869884,104001,completed,2048,4,0.17121814925794215,0.09295660445197708,0.02250564747008601,0.1720364883323526,0.09556884927499631,20.0,0.17693016555248553,0.09533844621290725
4,896,4f8f7d024dee2ba1d205fcf59f39c4f32d87524ab703a9051d4ad4e7ca38f59f,4b74724c4225fcfe043fdd749fb740fff4cf33c8,0.0008707190054726818,0.006642637838624772,2,cuda,1.0,8,0.5,learned_mixture,0.7215535361012844,16,standard normal at finite u_max,infinite,learned,0.0937035006910046,0.04845923887823904,unbiased,0.32727858784946484,0.00489460676908493,32768,151138816,0.015008231474689358,0.0937035182768225,0.04845923887823933,0.015008224311623724,0.09046640308165485,0.0485904119447663,learned/task_016/cell_0896,48,with_replacement,268435456,4.345751076936722,104002,completed,2048,4,0.10418910757175673,0.05403861596682798,0.014469761436967949,0.09434637840087572,0.054060528069167044,20.0,0.09046640308165514,0.04858988074637557
4,936,4f8f7d024dee2ba1d205fcf59f39c4f32d87524ab703a9051d4ad4e7ca38f59f,4b74724c4225fcfe043fdd749fb740fff4cf33c8,0.0015229140976215718,0.009263315537770683,3,cuda,1.0,8,0.5,learned_mixture,0.6796003014528305,16,standard normal at finite u_max,infinite,learned,0.08247886929180406,0.04259184860119764,unbiased,0.32592152081919085,0.004910510033369064,32768,151138816,0.012675789180731435,0.08247888592750569,0.04259184860119791,0.01267579429201283,0.09206107845010274,0.04400156612555295,learned/task_016/cell_0936,50,with_replacement,268435456,4.347864534705877,104003,completed,2048,4,0.0939550265335469,0.04925826999644926,0.012091143168385733,0.09037057600001892,0.050056536410120436,20.0,0.09206107845010308,0.04400107484984085
4,976,4f8f7d024dee2ba1d205fcf59f39c4f32d87524ab703a9051d4ad4e7ca38f59f,4b74724c4225fcfe043fdd749fb740fff4cf33c8,0.0005168833569056035,0.0054129260957495266,4,cuda,1.0,8,0.5,learned_mixture,0.9277787079255815,16,standard normal at finite u_max,infinite,learned,0.100785799477297,0.05224688526557937,unbiased,0.27825076552603606,0.005380671471357346,32768,151138816,0.041486197625606874,0.10078579975684404,0.05224688526557947,0.0414861941767138,0.09325472955458845,0.05270162466456203,learned/task_016/cell_0976,60,with_replacement,268435456,4.355839725583792,104004,completed,2048,4,0.10332606215582421,0.05377865041944182,0.042219619286725185,0.09526836866744137,0.05411196721923526,20.0,0.09325472955458855,0.05270204037834877
4,17,ce9344dce5f56b4cda176bcdb36371f48911618aa600da1465617419b4995b69,4b74724c4225fcfe043fdd749fb740fff4cf33c8,0.0017075322420032606,0.009442208231325834,0,cuda,1.0,8,0.5,learned_mixture,0.94945799999869,16,standard normal at finite u_max,infinite,learned,0.08958046976829406,0.049720997865935763,unbiased,0.44327615634982886,2.4039045348763466,32768,155333120,0.01410997445966373,0.08958048022367032,0.04972099786593541,0.014109978211359642,0.10180340679111381,0.050548565562066036,learned/task_017/cell_0017,29,without_replacement,268435456,4.735730655491352,100000,completed,2048,0,0.09313779621365711,0.0508730389424312,0.012527918946337752,0.09207066029714106,0.05224014474799655,20.0,0.10180340679111348,0.05054840839020503
4,57,ce9344dce5f56b4cda176bcdb36371f48911618aa600da1465617419b4995b69,4b74724c4225fcfe043fdd749fb740fff4cf33c8,0.0006967364291436821,0.006589171643460612,1,cuda,1.0,8,0.5,learned_mixture,0.8956501067959838,16,standard normal at finite u_max,infinite,learned,0.05158696410496359,0.02652605222386889,unbiased,0.4664862985862729,0.005114156752824783,32768,155333120,0.005230985711535886,0.05158699518612739,0.026526052223868876,0.005230988621436186,0.08750020582505781,0.027477969655505842,learned/task_017/cell_0057,30,without_replacement,268435456,4.729841332882643,100001,completed,2048,0,0.04762280068220209,0.024037639621262298,0.0013853915068592832,0.07878444169418912,0.02515484455138375,20.0,0.08750020582505776,0.02747775576627127
4,97,ce9344dce5f56b4cda176bcdb36371f48911618aa600da1465617419b4995b69,4b74724c4225fcfe043fdd749fb740fff4cf33c8,0.0008179824631373392,0.006750998253324644,2,cuda,1.0,8,0.5,learned_mixture,0.9394433159704434,16,standard normal at finite u_max,infinite,learned,0.08075943008654106,0.040330695944237965,unbiased,0.44075337224026023,0.0053066834807395935,32768,155333120,0.009751127121460973,0.0807594486035792,0.04033069594423745,0.009751127630476517,0.09235534423397669,0.040579740092873115,learned/task_017/cell_0097,33,without_replacement,268435456,4.730908039957285,100002,completed,2048,0,0.07794037292506796,0.03830023273318331,0.008531457193826595,0.09382770217711796,0.038558240091524316,20.0,0.0923553442339763,0.040579570266992174
4,137,ce9344dce5f56b4cda176bcdb36371f48911618aa600da1465617419b4995b69,4b74724c4225fcfe043fdd749fb740fff4cf33c8,0.0014346197198311776,0.010000008368595811,3,cuda,1.0,8,0.5,learned_mixture,0.7187263556055938,16,standard normal at finite u_max,infinite,learned,0.06764605367283333,0.03338058197333653,unbiased,0.47017364065785283,0.005020748823881149,32768,155333120,0.006065278708793884,0.06764608068274228,0.033380581973336765,0.006065288714860328,0.09627269163648892,0.03518895078880145,learned/task_017/cell_0137,32,without_replacement,268435456,4.736736565828323,100003,completed,2048,0,0.06422519545338204,0.03161361697428879,0.007362554642393416,0.08970496140463687,0.03384025333929858,20.0,0.09627269163648922,0.035188864689029535
4,177,ce9344dce5f56b4cda176bcdb36371f48911618aa600da1465617419b4995b69,4b74724c4225fcfe043fdd749fb740fff4cf33c8,0.0006637233782110453,0.006846767429924664,4,cuda,1.0,8,0.5,learned_mixture,0.7210113440996254,16,standard normal at finite u_max,infinite,learned,0.10258057207087161,0.046804452649405165,unbiased,0.3274343445761412,0.004916708916425705,32768,155333120,0.03235222983607018,0.10258057263388033,0.04680445264940515,0.03235223670747073,0.13427416960770006,0.050532818828098965,learned/task_017/cell_0177,35,without_replacement,268435456,4.730890065431595,100004,completed,2048,0,0.10029777395340253,0.04590154361017176,0.029551250914353278,0.12974737040884268,0.04881411783161239,20.0,0.1342741696076999,0.050532779556387776
4,217,642c9ac8b37cc879a46c5dc332c9d99eb4ae9d0bd2c4b38a1ce3bbe1af22951a,4b74724c4225fcfe043fdd749fb740fff4cf33c8,0.0009100489984565257,0.008464897763851217,0,cuda,1.0,8,0.5,learned_mixture,0.5171532586402978,16,standard normal at finite u_max,infinite,learned,0.10735516838793098,0.06232145616877616,unbiased,0.4522942131621212,0.005438316613435745,32768,155333120,0.02908836280139389,0.10735516358079912,0.06232145616877639,0.0290883589504023,0.06514700878948389,0.06266863149122065,learned/task_017/cell_0217,31,without_replacement,268435456,4.732981096953154,101000,completed,2048,1,0.11897115355729435,0.06938822998112423,0.03141433346684261,0.050359008071078515,0.0695395877793162,20.0,0.06514700878948419,0.06266879777618653
4,257,642c9ac8b37cc879a46c5dc332c9d99eb4ae9d0bd2c4b38a1ce3bbe1af22951a,4b74724c4225fcfe043fdd749fb740fff4cf33c8,0.00039083279556906015,0.004801164991045033,1,cuda,1.0,8,0.5,learned_mixture,0.6840822967209205,16,standard normal at finite u_max,infinite,learned,0.06506487405044911,0.03260756785328163,unbiased,0.4427788480107426,0.004942841827869415,32768,155333120,0.008103913626146174,0.06506490804991633,0.032607567853281456,0.008103916963198413,0.10822105262977158,0.034041460311888594,learned/task_017/cell_0257,30,without_replacement,268435456,4.736289285123348,101001,completed,2048,1,0.06593581541420335,0.03367734054733583,0.007111140195746164,0.09512907625412326,0.034871484822347004,20.0,0.10822105262977148,0.03404136120312548
4,297,642c9ac8b37cc879a46c5dc332c9d99eb4ae9d0bd2c4b38a1ce3bbe1af22951a,4b74724c4225fcfe043fdd749fb740fff4cf33c8,0.0006870870879940158,0.006747964699646409,2,cuda,1.0,8,0.5,learned_mixture,0.7942224487350924,16,standard normal at finite u_max,infinite,learned,0.06462991956181298,0.03057485924251845,unbiased,0.45454553404186243,0.004965178668498993,32768,155333120,0.01613133934921488,0.06462993203770784,0.030574859242518456,0.01613133881073464,0.11369900335681953,0.03294200666720143,learned/task_017/cell_0297,31,without_replacement,268435456,4.747030332684517,101002,completed,2048,1,0.06657762686588442,0.030694508095326027,0.015240530425653286,0.11513381399224809,0.03392271225028958,20.0,0.1136990033568193,0.03294153511150732
4,337,642c9ac8b37cc879a46c5dc332c9d99eb4ae9d0bd2c4b38a1ce3bbe1af22951a,4b74724c4225fcfe043fdd749fb740fff4cf33c8,0.0005788366882680269,0.00535586445835143,3,cuda,1.0,8,0.5,learned_mixture,0.5092443795706063,16,standard normal at finite u_max,infinite,learned,0.07544469361302884,0.03808084858657175,unbiased,0.43154819264712463,0.004890266805887222,32768,155333120,0.007045676435506044,0.07544469473059802,0.03808084858657168,0.007045680875365177,0.0726979891007946,0.03880428934693927,learned/task_017/cell_0337,31,without_replacement,268435456,4.7495714500546455,101003,completed,2048,1,0.07273844644713758,0.03662422494030343,0.00804266529290749,0.07476583421477259,0.03706815331187152,20.0,0.07269798910079456,0.03880417966342393
4,377,642c9ac8b37cc879a46c5dc332c9d99eb4ae9d0bd2c4b38a1ce3bbe1af22951a,4b74724c4225fcfe043fdd749fb740fff4cf33c8,0.000560621356454032,0.004915961179258051,4,cuda,1.0,8,0.5,learned_mixture,0.5917203621861091,16,standard normal at finite u_max,infinite,learned,0.031757997198444875,0.013508996570059049,unbiased,0.4393586525270093,0.005253754556179047,32768,155333120,0.006280238382077885,0.03175801137536739,0.01350899657005925,0.006280245885257668,0.05392780744502072,0.014920091504205462,learned/task_017/cell_0377,33,without_replacement,268435456,4.749560795724392,101004,completed,2048,1,0.029211102756573362,0.012806016698080644,0.005844831368330008,0.04562981081969833,0.013660076018506146,20.0,0.0539278074450211,0.014921035972244463
4,417,4ad56f1f2de8ac7e99a997dc798fcc9a82d5e41bcaa01483fa8161ba24fa2737,4b74724c4225fcfe043fdd749fb740fff4cf33c8,0.001568704384350607,0.011251223564013115,0,cuda,1.0,8,0.5,learned_mixture,0.9822159380559997,16,standard normal at finite u_max,infinite,learned,0.0733891128058572,0.039653524731775344,unbiased,0.43783741968596895,0.0049851685762405396,32768,155333120,0.006059676150015862,0.07338914212686458,0.03965352473177532,0.0060596725261894135,0.08153446559376824,0.04102020917570898,learned/task_017/cell_0417,29,without_replacement,268435456,4.747855935245752,102000,completed,2048,2,0.07840068676037644,0.04122523995282308,0.004718377446167502,0.08449076553347924,0.042278294897404436,20.0,0.08153446559376806,0.041020178432665845
4,457,4ad56f1f2de8ac7e99a997dc798fcc9a82d5e41bcaa01483fa8161ba24fa2737,4b74724c4225fcfe043fdd749fb740fff4cf33c8,0.0010728014675177142,0.008520917864216913,1,cuda,1.0,8,0.5,learned_mixture,0.9989849118151504,16,standard normal at finite u_max,infinite,learned,0.06560191635795133,0.032204246849985886,unbiased,0.44836704244487985,0.004898522049188614,32768,155333120,0.007438904019550189,0.0656019257726645,0.03220424684998631,0.007438905276088881,0.09706326869586185,0.032554543817322194,learned/task_017/cell_0457,33,without_replacement,268435456,4.748229581862688,102001,completed,2048,2,0.06839685093115104,0.03360737111149226,0.007907043429476427,0.10188575497660497,0.03527062263265105,20.0,0.0970632686958623,0.032554485487905516
4,497,4ad56f1f2de8ac7e99a997dc798fcc9a82d5e41bcaa01483fa8161ba24fa2737,4b74724c4225fcfe043fdd749fb740fff4cf33c8,0.001520997806355909,0.010214302148330242,2,cuda,1.0,8,0.5,learned_mixture,0.5060556451925627,16,standard normal at finite u_max,infinite,learned,0.14367607394750848,0.0671269109347652,unbiased,0.4120545312015442,0.004933953285217285,32768,155333120,0.02346614199088121,0.14367608784361102,0.06712691093476522,0.02346614906841956,0.13828284145772807,0.06900167022713394,learned/task_017/cell_0497,32,without_replacement,268435456,4.743042428046465,102002,completed,2048,2,0.14963147968729495,0.06972273022739915,0.021911532953200714,0.15303597971784522,0.07162617679721396,20.0,0.13828284145772765,0.06900166469438837
4,537,4ad56f1f2de8ac7e99a997dc798fcc9a82d5e41bcaa01483fa8161ba24fa2737,4b74724c4225fcfe043fdd749fb740fff4cf33c8,0.0013490544366930057,0.008406189404504504,3,cuda,1.0,8,0.5,learned_mixture,0.5522919476070196,16,standard normal at finite u_max,infinite,learned,0.07760090322432181,0.03861397878433718,unbiased,0.4392767594826052,0.004902917891740799,32768,155333120,0.015678977521323856,0.0776009309775104,0.03861397878433684,0.015678987927542642,0.1099500018230445,0.040008328039280686,learned/task_017/cell_0537,31,without_replacement,268435456,4.740695513784885,102003,completed,2048,2,0.07682138144689013,0.037715042995898326,0.020594898495585937,0.11880413116069312,0.04001332028197822,20.0,0.10995000182304417,0.040007929847794346
4,577,4ad56f1f2de8ac7e99a997dc798fcc9a82d5e41bcaa01483fa8161ba24fa2737,4b74724c4225fcfe043fdd749fb740fff4cf33c8,0.00148868244474444,0.00865612462771901,4,cuda,1.0,8,0.5,learned_mixture,0.9565823533249822,16,standard normal at finite u_max,infinite,learned,0.08179083133504708,0.04572182021518216,unbiased,0.4058949073136086,0.004837900400161743,32768,155333120,0.031922109876977044,0.08179081788790248,0.04572182021518213,0.03192211151060729,0.12275528286710506,0.048831394274658185,learned/task_017/cell_0577,41,without_replacement,268435456,4.742245029658079,102004,completed,2048,2,0.08974156109294114,0.04964321781074929,0.030105648628013248,0.12795580840754867,0.052835999599789726,20.0,0.12275528286710517,0.04883146654363594
4,617,40d2f60f7b01b721909df18cdd26cc0bda1e28ef62dd47bb3bc9b7acfaa1fbc4,4b74724c4225fcfe043fdd749fb740fff4cf33c8,0.001652988601362978,0.009412964401913838,0,cuda,1.0,8,0.5,learned_mixture,0.9576098897740546,16,standard normal at finite u_max,infinite,learned,0.0534989733235941,0.026025778469821653,unbiased,0.4520370257492159,0.005062166601419449,32768,155333120,0.003391372715149584,0.05349898982769791,0.026025778469821955,0.0033913815308129775,0.09428999950492051,0.02848067852122567,learned/task_017/cell_0617,35,without_replacement,268435456,4.763636447489262,103000,completed,2048,3,0.05786168363135602,0.027448783940539862,0.003933064803204199,0.08507732599955205,0.03103033347596917,20.0,0.09428999950492077,0.02848063323751369
4,657,40d2f60f7b01b721909df18cdd26cc0bda1e28ef62dd47bb3bc9b7acfaa1fbc4,4b74724c4225fcfe043fdd749fb740fff4cf33c8,0.0006936237213030954,0.006665814551747147,1,cuda,1.0,8,0.5,learned_mixture,0.6637231109170568,16,standard normal at finite u_max,infinite,learned,0.04986638137375061,0.02461471851246961,unbiased,0.4487771322212081,0.005073897540569305,32768,155333120,0.01243987879880088,0.04986641691696356,0.024614718512469547,0.012439881892572068,0.08482226694858225,0.025632125200133537,learned/task_017/cell_0657,31,without_replacement,268435456,4.744571465998888,103001,completed,2048,3,0.04174935228666658,0.01950594076448168,0.010690192934073075,0.07572257467789446,0.021901730682198757,20.0,0.08482226694858218,0.025632159799918144
4,697,40d2f60f7b01b721909df18cdd26cc0bda1e28ef62dd47bb3bc9b7acfaa1fbc4,4b74724c4225fcfe043fdd749fb740fff4cf33c8,0.0014909365430766518,0.008953099146373295,2,cuda,1.0,8,0.5,learned_mixture,0.5036644342759358,16,standard normal at finite u_max,infinite,learned,0.06685375909264255,0.03317898994089661,unbiased,0.4594250427278794,0.004982899874448776,32768,155333120,0.007484320379860958,0.06685378014943674,0.03317898994089694,0.0074843208332845655,0.08334662087323252,0.03351450050894381,learned/task_017/cell_0697,31,without_replacement,268435456,4.745283346623182,103002,completed,2048,3,0.059677621969649125,0.028432183362335748,0.00570095944632628,0.09061354431709154,0.02974588388815643,20.0,0.08334662087323269,0.03351434519809758
4,737,40d2f60f7b01b721909df18cdd26cc0bda1e28ef62dd47bb3bc9b7acfaa1fbc4,4b74724c4225fcfe043fdd749fb740fff4cf33c8,0.0011037283751020848,0.008887649962893571,3,cuda,1.0,8,0.5,learned_mixture,0.8852527216857919,16,standard normal at finite u_max,infinite,learned,0.10991332614369229,0.06107301874361221,unbiased,0.4505012802736191,0.004865352064371109,32768,155333120,0.014161193146278048,0.10991331526017575,0.061073018743612574,0.014161203201955037,0.1101507097082088,0.062478796409484894,learned/task_017/cell_0737,32,without_replacement,268435456,4.753995321691036,103003,completed,2048,3,0.1129092649214431,0.0629591621891627,0.01569080194608158,0.10598461273498654,0.06447816816475531,20.0,0.11015070970820871,0.06247882164823273
4,777,40d2f60f7b01b721909df18cdd26cc0bda1e28ef62dd47bb3bc9b7acfaa1fbc4,4b74724c4225fcfe043fdd749fb740fff4cf33c8,0.00039738796825668834,0.004836843660166346,4,cuda,1.0,8,0.5,learned_mixture,0.5615984780735569,16,standard normal at finite u_max,infinite,learned,0.0614014765388982,0.03167972127565369,unbiased,0.4626557585099558,0.0049210116267204285,32768,155333120,0.02034579510328419,0.061401483349815975,0.03167972127565356,0.020345790547082018,0.06690473464665274,0.03406013837087837,learned/task_017/cell_0777,36,without_replacement,268435456,4.749021917581558,103004,completed,2048,3,0.06643003971000959,0.03440404212082504,0.01930907368668013,0.06583815932646364,0.03643371036119387,20.0,0.06690473464665264,0.03406043344552739
4,817,4f8f7d024dee2ba1d205fcf59f39c4f32d87524ab703a9051d4ad4e7ca38f59f,4b74724c4225fcfe043fdd749fb740fff4cf33c8,0.004135481232107491,0.015474194712993742,0,cuda,1.0,8,0.5,learned_mixture,0.5397975614151476,16,standard normal at finite u_max,infinite,learned,0.06845160232849977,0.03387366005565087,unbiased,0.4643643037294855,0.004903819411993027,32768,155333120,0.0071620288013663335,0.06845160950310557,0.03387366005565103,0.007162032656436673,0.09244257353668486,0.03605478647160897,learned/task_017/cell_0817,30,without_replacement,268435456,4.742245234549046,104000,completed,2048,4,0.09492284252226034,0.04875581233121425,0.008276368786329464,0.09127549187300474,0.04997573277976914,20.0,0.092442573536685,0.0360550423533915
4,857,4f8f7d024dee2ba1d205fcf59f39c4f32d87524ab703a9051d4ad4e7ca38f59f,4b74724c4225fcfe043fdd749fb740fff4cf33c8,0.0007473861126503207,0.007738899489231298,1,cuda,1.0,8,0.5,learned_mixture,0.839259439210151,16,standard normal at finite u_max,infinite,learned,0.0846209479924742,0.043843545538394126,unbiased,0.45612750227781557,0.004808511584997177,32768,155333120,0.004952174610301341,0.08462096538523314,0.04384354553839419,0.004952177981204689,0.10218937449071341,0.04517279308215058,learned/task_017/cell_0857,29,without_replacement,268435456,4.741489235311747,104001,completed,2048,4,0.09754104678642245,0.05158244380341614,0.005825366634110596,0.09730903070704362,0.05233222051801187,20.0,0.10218937449071354,0.045173423789695265
4,897,4f8f7d024dee2ba1d205fcf59f39c4f32d87524ab703a9051d4ad4e7ca38f59f,4b74724c4225fcfe043fdd749fb740fff4cf33c8,0.0008707190054726818,0.006642637838624772,2,cuda,1.0,8,0.5,learned_mixture,0.7868371902329674,16,standard normal at finite u_max,infinite,learned,0.10802058064640041,0.0520790081788813,unbiased,0.466782127522586,0.005275290459394455,32768,155333120,0.009174966095839308,0.10802057713994348,0.05207900817888152,0.009174965617853255,0.09562007342173191,0.05261400229052399,learned/task_017/cell_0897,33,without_replacement,268435456,4.7371716350317,104002,completed,2048,4,0.1203198848758334,0.058256634376890645,0.009353731812086576,0.10645658472167117,0.058658231981392514,20.0,0.09562007342173189,0.05261414534804462
4,937,4f8f7d024dee2ba1d205fcf59f39c4f32d87524ab703a9051d4ad4e7ca38f59f,4b74724c4225fcfe043fdd749fb740fff4cf33c8,0.0015229140976215718,0.009263315537770683,3,cuda,1.0,8,0.5,learned_mixture,0.6943649947295623,16,standard normal at finite u_max,infinite,learned,0.07640994178886686,0.03672711343699925,unbiased,0.4592594593960712,0.0048923008143901825,32768,155333120,0.008507181187521919,0.07640994517766611,0.036727113436999144,0.008507183695460092,0.13064530284115297,0.0393832167079035,learned/task_017/cell_0937,32,without_replacement,268435456,4.73732940480113,104003,completed,2048,4,0.0913780567470574,0.04543653759153312,0.010777518669220222,0.13087927554270157,0.048083805088654126,20.0,0.130645302841153,0.039383126766815976
4,977,4f8f7d024dee2ba1d205fcf59f39c4f32d87524ab703a9051d4ad4e7ca38f59f,4b74724c4225fcfe043fdd749fb740fff4cf33c8,0.0005168833569056035,0.0054129260957495266,4,cuda,1.0,8,0.5,learned_mixture,0.9893403467446765,16,standard normal at finite u_max,infinite,learned,0.04552547563466331,0.020475705019141456,unbiased,0.4514168687762382,0.004900682717561722,32768,155333120,0.009035420584413038,0.045525519783047794,0.020475705019141695,0.009035432030077313,0.07593190107236217,0.022562723555178816,learned/task_017/cell_0977,35,without_replacement,268435456,4.7349501848220825,104004,completed,2048,4,0.05021135350271616,0.022549018126074148,0.009693146619838323,0.07279302476839207,0.02538079806463723,20.0,0.07593190107236274,0.022562785347317916
4,18,ce9344dce5f56b4cda176bcdb36371f48911618aa600da1465617419b4995b69,4b74724c4225fcfe043fdd749fb740fff4cf33c8,0.0017075322420032606,0.009442208231325834,0,cuda,1.0,8,0.5,learned_mixture,0.931066465955985,16,standard normal at finite u_max,finite,learned,0.16045265925100402,0.09524973134963521,tail,0.4648718792658735,2.4170823469758034,32768,151138816,0.031169708843562523,0.16045266058431973,0.09524973134963505,0.031169717426076837,0.14475630770440384,0.09750216737367977,learned/task_018/cell_0018,32,with_replacement,268435456,4.933120705187321,100000,completed,2048,0,0.16849737856079483,0.0986196598166088,0.029720310623445705,0.14295284719765494,0.10119725728566524,20.0,0.1447563077044038,0.09750212140909875
4,58,ce9344dce5f56b4cda176bcdb36371f48911618aa600da1465617419b4995b69,4b74724c4225fcfe043fdd749fb740fff4cf33c8,0.0006967364291436821,0.006589171643460612,1,cuda,1.0,8,0.5,learned_mixture,0.6608052732549898,16,standard normal at finite u_max,finite,learned,0.07636823462912476,0.040456114115068935,tail,0.45368058602224826,0.005198296159505844,32768,151138816,0.011933071594086747,0.07636824455749486,0.04045611411506897,0.011933074597619959,0.06975896615269529,0.04052304508924415,learned/task_018/cell_0058,26,with_replacement,268435456,4.921880383044481,100001,completed,2048,0,0.07192528773083304,0.038075466751033474,0.008088838307546744,0.06133307612518005,0.03812702711106261,20.0,0.0697589661526954,0.040523405726163905
4,98,ce9344dce5f56b4cda176bcdb36371f48911618aa600da1465617419b4995b69,4b74724c4225fcfe043fdd749fb740fff4cf33c8,0.0008179824631373392,0.006750998253324644,2,cuda,1.0,8,0.5,learned_mixture,0.6973151862873267,16,standard normal at finite u_max,finite,learned,0.09099647466566957,0.04425272525589718,tail,0.43362253113596755,0.005562089383602142,32768,151138816,0.005528929658842465,0.09099649934769923,0.044252725255896685,0.0055289367160901055,0.10507646458632755,0.0461203210922453,learned/task_018/cell_0098,32,with_replacement,268435456,4.9298313818871975,100002,completed,2048,0,0.090419814142868,0.04417130286990147,0.0037076309695082514,0.10478203902017504,0.045544820706241586,20.0,0.10507646458632729,0.046120042179240414
4,138,ce9344dce5f56b4cda176bcdb36371f48911618aa600da1465617419b4995b69,4b74724c4225fcfe043fdd749fb740fff4cf33c8,0.0014346197198311776,0.010000008368595811,3,cuda,1.0,8,0.5,learned_mixture,0.7244559315080166,16,standard normal at finite u_max,finite,learned,0.10303006630154275,0.055617554022460804,tail,0.4648905551790178,0.005159970372915268,32768,151138816,0.01788456888560559,0.10303007912563,0.055617554022460526,0.017884578891671804,0.10494848680153024,0.05571174906921508,learned/task_018/cell_0138,27,with_replacement,268435456,4.927329055964947,100003,completed,2048,0,0.10130549489167653,0.05462888596935962,0.01918184481920512,0.09816901385926279,0.054720449661399134,20.0,0.10494848680152996,0.055711544024050784
4,178,ce9344dce5f56b4cda176bcdb36371f48911618aa600da1465617419b4995b69,4b74724c4225fcfe043fdd749fb740fff4cf33c8,0.0006637233782110453,0.006846767429924664,4,cuda,1.0,8,0.5,learned_mixture,0.9463084520275611,16,standard normal at finite u_max,finite,learned,0.07413088811442022,0.03075260758634288,tail,0.46497113003264473,0.0050810277462005615,32768,151138816,0.025432784203923725,0.07413090711185033,0.030752607586342757,0.025432791659843,0.16821671434333738,0.033993831412746735,learned/task_018/cell_0178,28,with_replacement,268435456,4.931078739464283,100004,completed,2048,0,0.07579681659501708,0.031658960318379614,0.024103874318216312,0.16339666848529089,0.03527103456535348,20.0,0.1682167143433374,0.03399379407031878
4,218,642c9ac8b37cc879a46c5dc332c9d99eb4ae9d0bd2c4b38a1ce3bbe1af22951a,4b74724c4225fcfe043fdd749fb740fff4cf33c8,0.0009100489984565257,0.008464897763851217,0,cuda,1.0,8,0.5,learned_mixture,0.5292628658516878,16,standard normal at finite u_max,finite,learned,0.11278188393286954,0.06548161630506127,tail,0.4684606335473456,0.005247633904218674,32768,151138816,0.023007017214553477,0.1127818979258575,0.06548161630506134,0.02300702601846012,0.09965255284606588,0.066582451871291,learned/task_018/cell_0218,28,with_replacement,268435456,4.931276712566614,101000,completed,2048,1,0.12199170444612056,0.07129849464156204,0.023172334146668066,0.08584005448663051,0.07153401869001752,20.0,0.09965255284606599,0.06658230388864159
4,258,642c9ac8b37cc879a46c5dc332c9d99eb4ae9d0bd2c4b38a1ce3bbe1af22951a,4b74724c4225fcfe043fdd749fb740fff4cf33c8,0.00039083279556906015,0.004801164991045033,1,cuda,1.0,8,0.5,learned_mixture,0.7088115930985723,16,standard normal at finite u_max,finite,learned,0.067708058154055,0.033615092713544126,tail,0.4290086827113206,0.005380865186452866,32768,151138816,0.007034366806539042,0.06770807096981502,0.03361509271354388,0.007034370143591205,0.11681221049100589,0.03434158117227884,learned/task_018/cell_0258,24,with_replacement,268435456,4.931153651326895,101001,completed,2048,1,0.06733055531515497,0.03381069411780907,0.006041593376139033,0.10292295833799789,0.03499173990565711,20.0,0.11681221049100568,0.03434158028774204
4,298,642c9ac8b37cc879a46c5dc332c9d99eb4ae9d0bd2c4b38a1ce3bbe1af22951a,4b74724c4225fcfe043fdd749fb740fff4cf33c8,0.0006870870879940158,0.006747964699646409,2,cuda,1.0,8,0.5,learned_mixture,0.9214782700495247,16,standard normal at finite u_max,finite,learned,0.09872037613302541,0.04838132079939236,tail,0.46114995707428524,0.005162429064512253,32768,151138816,0.007270491834451696,0.09872037400687192,0.048381320799392585,0.007270498890543098,0.08194443273106339,0.04924729493458031,learned/task_018/cell_0298,32,with_replacement,268435456,4.943799514323473,101002,completed,2048,1,0.09559672622872491,0.04646450149945949,0.005994739404001626,0.07568983006527612,0.04776505653149067,20.0,0.08194443273106325,0.04924730963623429
4,338,642c9ac8b37cc879a46c5dc332c9d99eb4ae9d0bd2c4b38a1ce3bbe1af22951a,4b74724c4225fcfe043fdd749fb740fff4cf33c8,0.0005788366882680269,0.00535586445835143,3,cuda,1.0,8,0.5,learned_mixture,0.5701232844170004,16,standard normal at finite u_max,finite,learned,0.07042581354569977,0.03564082997011614,tail,0.46879012077837107,0.005066581070423126,32768,151138816,0.00930089535716155,0.07042582525325099,0.035640829970115785,0.009300905565846354,0.07348859333705932,0.03656773274605846,learned/task_018/cell_0338,27,with_replacement,268435456,4.9390158131718636,101003,completed,2048,1,0.06868856428018634,0.03518463125833034,0.011885013848403247,0.07819504898746488,0.0357937151725758,20.0,0.0734885933370591,0.0365681207076895
4,378,642c9ac8b37cc879a46c5dc332c9d99eb4ae9d0bd2c4b38a1ce3bbe1af22951a,4b74724c4225fcfe043fdd749fb740fff4cf33c8,0.000560621356454032,0.004915961179258051,4,cuda,1.0,8,0.5,learned_mixture,0.9947678456761797,16,standard normal at finite u_max,finite,learned,0.05199391380834762,0.023154059975306313,tail,0.443007757497135,0.005065616220235825,32768,151138816,0.018344435059251953,0.05199396016567761,0.023154059975306403,0.01834445107110081,0.12101616905648539,0.02719052145558726,learned/task_018/cell_0378,26,with_replacement,268435456,4.934870511293411,101004,completed,2048,1,0.05632937979369204,0.02607901718845563,0.019950964842717172,0.11352480317490689,0.029681132882609835,20.0,0.12101616905648481,0.027190378240246768
4,418,4ad56f1f2de8ac7e99a997dc798fcc9a82d5e41bcaa01483fa8161ba24fa2737,4b74724c4225fcfe043fdd749fb740fff4cf33c8,0.001568704384350607,0.011251223564013115,0,cuda,1.0,8,0.5,learned_mixture,0.5695335857821652,16,standard normal at finite u_max,finite,learned,0.0902147122952982,0.04905335866595752,tail,0.4637944976679426,0.005639404058456421,32768,151138816,0.007147651283655005,0.09021472498692462,0.04905335866595746,0.0071476579322711006,0.09411045835669532,0.05012966019918565,learned/task_018/cell_0418,30,with_replacement,268435456,4.944695882499218,102000,completed,2048,2,0.09250694583481224,0.049171680713338876,0.004255488581706586,0.08888089668522547,0.05030447916928476,20.0,0.0941104583566951,0.050129867659160804
4,458,4ad56f1f2de8ac7e99a997dc798fcc9a82d5e41bcaa01483fa8161ba24fa2737,4b74724c4225fcfe043fdd749fb740fff4cf33c8,0.0010728014675177142,0.008520917864216913,1,cuda,1.0,8,0.5,learned_mixture,0.9521961181563843,16,standard normal at finite u_max,finite,learned,0.0818588558377314,0.04110016771630318,tail,0.47019152483292204,0.005089666694402695,32768,151138816,0.006587452978994218,0.08185886160144382,0.04110016771630315,0.006587456411022088,0.09487092262944354,0.04336509683092479,learned/task_018/cell_0458,25,with_replacement,268435456,4.9371929205954075,102001,completed,2048,2,0.08354549771052057,0.04282700186683877,0.006775734763371543,0.09711579848321734,0.04403299370388719,20.0,0.09487092262944366,0.043364859057009576
4,498,4ad56f1f2de8ac7e99a997dc798fcc9a82d5e41bcaa01483fa8161ba24fa2737,4b74724c4225fcfe043fdd749fb740fff4cf33c8,0.001520997806355909,0.010214302148330242,2,cuda,1.0,8,0.5,learned_mixture,0.7227662883736736,16,standard normal at finite u_max,finite,learned,0.09894899374214994,0.04487602684356907,tail,0.4531802553267103,0.0051645077764987946,32768,151138816,0.04967388689393958,0.09894901729696098,0.04487602684356909,0.04967387983797465,0.16708073381662605,0.047077066082323704,learned/task_018/cell_0498,35,with_replacement,268435456,4.946374606341124,102002,completed,2048,2,0.09858124644438881,0.042923302185412064,0.05122753240389242,0.17964866620010517,0.047508858132092616,20.0,0.16708073381662597,0.04707683884151318
4,538,4ad56f1f2de8ac7e99a997dc798fcc9a82d5e41bcaa01483fa8161ba24fa2737,4b74724c4225fcfe043fdd749fb740fff4cf33c8,0.0013490544366930057,0.008406189404504504,3,cuda,1.0,8,0.5,learned_mixture,0.9035830204011525,16,standard normal at finite u_max,finite,learned,0.08999875584897932,0.047307813300081096,tail,0.46801351450291234,0.005089227110147476,32768,151138816,0.011660472618611344,0.08999876053928496,0.047307813300081686,0.011660477278004414,0.08962363892549893,0.04793357295732262,learned/task_018/cell_0538,30,with_replacement,268435456,4.9408141151070595,102003,completed,2048,2,0.08144666842865489,0.042195447984944644,0.013236525517716712,0.09578961881182048,0.042716505251774416,20.0,0.08962363892549939,0.04793374473128216
4,578,4ad56f1f2de8ac7e99a997dc798fcc9a82d5e41bcaa01483fa8161ba24fa2737,4b74724c4225fcfe043fdd749fb740fff4cf33c8,0.00148868244474444,0.00865612462771901,4,cuda,1.0,8,0.5,learned_mixture,0.8436406663112358,16,standard normal at finite u_max,finite,learned,0.09298222110203477,0.04220407192122391,tail,0.45039363864261267,0.005067568272352219,32768,151138816,0.025786200137987665,0.09298225571975577,0.04220407192122383,0.025786207767151733,0.14405843109601352,0.04529762521126972,learned/task_018/cell_0578,27,with_replacement,268435456,4.940789509564638,102004,completed,2048,2,0.09258793778212349,0.041271683660163344,0.025478765972059274,0.15315783171750197,0.04561424167666892,20.0,0.14405843109601335,0.045297641587042574
4,618,40d2f60f7b01b721909df18cdd26cc0bda1e28ef62dd47bb3bc9b7acfaa1fbc4,4b74724c4225fcfe043fdd749fb740fff4cf33c8,0.001652988601362978,0.009412964401913838,0,cuda,1.0,8,0.5,learned_mixture,0.8797343770831513,16,standard normal at finite u_max,finite,learned,0.08004294897136453,0.04414346967664144,tail,0.4430980044985403,0.005013424903154373,32768,151138816,0.0064628707344209415,0.08004295306597542,0.04414346967664129,0.006462879550084089,0.06763332598095612,0.045165259400188756,learned/task_018/cell_0618,27,with_replacement,268435456,4.944464888423681,103000,completed,2048,3,0.0879528152089121,0.04865764105483311,0.007004562822475557,0.06648316244776224,0.04959350012507675,20.0,0.06763332598095599,0.045165296402869225
4,658,40d2f60f7b01b721909df18cdd26cc0bda1e28ef62dd47bb3bc9b7acfaa1fbc4,4b74724c4225fcfe043fdd749fb740fff4cf33c8,0.0006936237213030954,0.006665814551747147,1,cuda,1.0,8,0.5,learned_mixture,0.5479599880183358,16,standard normal at finite u_max,finite,learned,0.1154354452658683,0.06071513867168842,tail,0.4594018140194963,0.00503968819975853,32768,151138816,0.010741262403576778,0.11543544846227358,0.0607151386716883,0.010741265497347864,0.09578010459802007,0.06086384656556993,learned/task_018/cell_0658,25,with_replacement,268435456,4.9426693469285965,103001,completed,2048,3,0.11277036736904207,0.059142400353819284,0.008991576538848974,0.08801602835745996,0.05928191109688812,20.0,0.09578010459801987,0.06086393088682811
4,698,40d2f60f7b01b721909df18cdd26cc0bda1e28ef62dd47bb3bc9b7acfaa1fbc4,4b74724c4225fcfe043fdd749fb740fff4cf33c8,0.0014909365430766518,0.008953099146373295,2,cuda,1.0,8,0.5,learned_mixture,0.899247272255071,16,standard normal at finite u_max,finite,learned,0.09465219387694637,0.046173463822878194,tail,0.46182465063145806,0.005468074232339859,32768,151138816,0.0066554921992846815,0.09465220808999811,0.04617346382287763,0.006655499269416547,0.11370889990491445,0.04714714964912206,learned/task_018/cell_0698,32,with_replacement,268435456,4.951670370995998,103002,completed,2048,3,0.08964514631687902,0.04338070836883427,0.004572151246081315,0.11722214144355608,0.044058397938470495,20.0,0.1137088999049139,0.04714697675993579
4,738,40d2f60f7b01b721909df18cdd26cc0bda1e28ef62dd47bb3bc9b7acfaa1fbc4,4b74724c4225fcfe043fdd749fb740fff4cf33c8,0.0011037283751020848,0.008887649962893571,3,cuda,1.0,8,0.5,learned_mixture,0.8611916625846808,16,standard normal at finite u_max,finite,learned,0.11412495914414686,0.061920048331090966,tail,0.4707036350938916,0.005120106041431427,32768,151138816,0.01765789884837937,0.11412496204695909,0.0619200483310911,0.017657903036968094,0.09276057979337873,0.06259437981003309,learned/task_018/cell_0738,27,with_replacement,268435456,4.94309201464057,103003,completed,2048,3,0.10649941112895624,0.05790397623290014,0.018288547365499824,0.09401136895774005,0.059162172746307584,20.0,0.09276057979337864,0.06259445165657106
4,778,40d2f60f7b01b721909df18cdd26cc0bda1e28ef62dd47bb3bc9b7acfaa1fbc4,4b74724c4225fcfe043fdd749fb740fff4cf33c8,0.00039738796825668834,0.004836843660166346,4,cuda,1.0,8,0.5,learned_mixture,0.8811378946287541,16,standard normal at finite u_max,finite,learned,0.0728089954330046,0.033835148103172084,tail,0.4689196085320455,0.005050864070653915,32768,151138816,0.016984747459102653,0.0728090116049317,0.033835148103171966,0.016984762118995,0.07638110582480816,0.035693045879028835,learned/task_018/cell_0778,24,with_replacement,268435456,4.934413440525532,103004,completed,2048,3,0.07429542779197644,0.03424242565274975,0.015185377221859475,0.07197598559116095,0.03649541404183049,20.0,0.07638110582480812,0.03569336143514676
4,818,4f8f7d024dee2ba1d205fcf59f39c4f32d87524ab703a9051d4ad4e7ca38f59f,4b74724c4225fcfe043fdd749fb740fff4cf33c8,0.004135481232107491,0.015474194712993742,0,cuda,1.0,8,0.5,learned_mixture,0.9785526073948692,16,standard normal at finite u_max,finite,learned,0.0963234988722513,0.05580007387341088,tail,0.45797218706984155,0.005070876330137253,32768,151138816,0.013383470207543406,0.09632350241675212,0.05580007387341165,0.013383471422876622,0.061715300467107256,0.056165708327792815,learned/task_018/cell_0818,28,with_replacement,268435456,4.945317629724741,104000,completed,2048,4,0.11875392627381927,0.068151288005756,0.015916261368329077,0.0652925142435596,0.06915537227838466,20.0,0.06171530046710788,0.05616602391045802
4,858,4f8f7d024dee2ba1d205fcf59f39c4f32d87524ab703a9051d4ad4e7ca38f59f,4b74724c4225fcfe043fdd749fb740fff4cf33c8,0.0007473861126503207,0.007738899489231298,1,cuda,1.0,8,0.5,learned_mixture,0.6938088214171959,16,standard normal at finite u_max,finite,learned,0.0706434207985877,0.035487619509254636,tail,0.46865939218597286,0.005061499774456024,32768,151138816,0.002556028251575534,0.07064341851602023,0.03548761950925471,0.0025560316224789515,0.1280058843566189,0.03795768897412663,learned/task_018/cell_0858,25,with_replacement,268435456,4.942380178719759,104001,completed,2048,4,0.08290127578638078,0.04279705140144151,0.003429220275384789,0.13191829273549807,0.044641853943398875,20.0,0.12800588435661892,0.03795774657356287
4,898,4f8f7d024dee2ba1d205fcf59f39c4f32d87524ab703a9051d4ad4e7ca38f59f,4b74724c4225fcfe043fdd749fb740fff4cf33c8,0.0008707190054726818,0.006642637838624772,2,cuda,1.0,8,0.5,learned_mixture,0.8532734566406383,16,standard normal at finite u_max,finite,learned,0.24072730542183648,0.12014611978578676,tail,0.4501071574739608,0.005039967596530914,32768,151138816,0.011694917169727297,0.24072731298101085,0.1201461197857869,0.011694917664322877,0.1975337579030068,0.12223460390635918,learned/task_018/cell_0898,33,with_replacement,268435456,4.938182696700096,104002,completed,2048,4,0.24228052840636077,0.1206545923174016,0.011517353828347784,0.2004291220754908,0.12342067368129092,20.0,0.19753375790300726,0.12223461773614577
4,938,4f8f7d024dee2ba1d205fcf59f39c4f32d87524ab703a9051d4ad4e7ca38f59f,4b74724c4225fcfe043fdd749fb740fff4cf33c8,0.0015229140976215718,0.009263315537770683,3,cuda,1.0,8,0.5,learned_mixture,0.5474959705991941,16,standard normal at finite u_max,finite,learned,0.07929041005535556,0.04022014655897592,tail,0.47209043856177485,0.005030747503042221,32768,151138816,0.011688765206389895,0.07929041631849235,0.04022014655897585,0.011688769486129805,0.11859065721264599,0.04270587550066983,learned/task_018/cell_0938,27,with_replacement,268435456,4.944455664604902,104003,completed,2048,4,0.09211646237242316,0.04766631147901789,0.013114195931326761,0.1141960681616792,0.0493964846225789,20.0,0.11859065721264594,0.042705799446917624
4,978,4f8f7d024dee2ba1d205fcf59f39c4f32d87524ab703a9051d4ad4e7ca38f59f,4b74724c4225fcfe043fdd749fb740fff4cf33c8,0.0005168833569056035,0.0054129260957495266,4,cuda,1.0,8,0.5,learned_mixture,0.9277504753681157,16,standard normal at finite u_max,finite,learned,0.05522730282219222,0.02531730600011338,tail,0.45038849404611125,0.005421862006187439,32768,151138816,0.013551506256506524,0.05522734505447538,0.025317306000113286,0.013551513136542768,0.10513350978453427,0.028326595715301404,learned/task_018/cell_0978,25,with_replacement,268435456,4.945955406874418,104004,completed,2048,4,0.06218149748229104,0.029489425508246278,0.015373576797535838,0.10242498479954136,0.03162686283527246,20.0,0.10513350978453413,0.028326791892285774
4,19,ce9344dce5f56b4cda176bcdb36371f48911618aa600da1465617419b4995b69,4b74724c4225fcfe043fdd749fb740fff4cf33c8,0.0017075322420032606,0.009442208231325834,0,cuda,1.0,8,0.5,learned_mixture,0.9975529723751493,16,standard normal at finite u_max,finite,learned,0.12031241937152062,0.05697574186145183,tail,0.4577810152983481,2.982001170516014,32768,155333120,0.01647201153148701,0.12031241631758749,0.056975741861451934,0.016472012128745373,0.21794342582184012,0.058356363667456515,learned/task_019/cell_0019,27,without_replacement,268435456,5.367115318775177,100000,completed,2048,0,0.12326602869947839,0.057791246097722314,0.019085916576033472,0.22109177082572856,0.05994642764713359,20.0,0.21794342582184045,0.05835650714393784
4,59,ce9344dce5f56b4cda176bcdb36371f48911618aa600da1465617419b4995b69,4b74724c4225fcfe043fdd749fb740fff4cf33c8,0.0006967364291436821,0.006589171643460612,1,cuda,1.0,8,0.5,learned_mixture,0.8001937053830446,16,standard normal at finite u_max,finite,learned,0.07797806939541267,0.043121324300368157,tail,0.45918117639650713,0.00540982186794281,32768,155333120,0.006366662185261031,0.07797808591268646,0.04312132430036757,0.006366662961060373,0.098319982998746,0.04410773667032904,learned/task_019/cell_0059,26,without_replacement,268435456,5.363225281238556,100001,completed,2048,0,0.08136773990784041,0.04527611736188647,0.009955461661887953,0.09539813301812888,0.04605211045861435,20.0,0.09831998299874568,0.04410799078725715
4,99,ce9344dce5f56b4cda176bcdb36371f48911618aa600da1465617419b4995b69,4b74724c4225fcfe043fdd749fb740fff4cf33c8,0.0008179824631373392,0.006750998253324644,2,cuda,1.0,8,0.5,learned_mixture,0.9743647170868889,16,standard normal at finite u_max,finite,learned,0.05693570647627318,0.028656674208326145,tail,0.4774287012577604,0.0050152987241744995,32768,155333120,0.006218927534329306,0.05693571722528149,0.028656674208326915,0.006218934591577546,0.08347898418378094,0.03091248772942564,learned/task_019/cell_0099,28,without_replacement,268435456,5.375497207045555,100002,completed,2048,0,0.05577319905800903,0.02857525182233044,0.004397628844995092,0.08368096203526439,0.029642594874735407,20.0,0.08347898418378151,0.030912001514330826
4,139,ce9344dce5f56b4cda176bcdb36371f48911618aa600da1465617419b4995b69,4b74724c4225fcfe043fdd749fb740fff4cf33c8,0.0014346197198311776,0.010000008368595811,3,cuda,1.0,8,0.5,learned_mixture,0.699005905685789,16,standard normal at finite u_max,finite,learned,0.07512314995828237,0.03685242089915983,tail,0.47173149188036234,0.005405128002166748,32768,155333120,0.006224267268769975,0.07512317688031606,0.03685242089915999,0.006224269843954985,0.09956836832469877,0.04035207546437099,learned/task_019/cell_0139,26,without_replacement,268435456,5.38501313328743,100003,completed,2048,0,0.07360089236526135,0.03700830203247408,0.006726122517839278,0.09556053327979522,0.03979100091674225,20.0,0.09956836832469883,0.0403521597096131
4,179,ce9344dce5f56b4cda176bcdb36371f48911618aa600da1465617419b4995b69,4b74724c4225fcfe043fdd749fb740fff4cf33c8,0.0006637233782110453,0.006846767429924664,4,cuda,1.0,8,0.5,learned_mixture,0.9991574698139353,16,standard normal at finite u_max,finite,learned,0.0693281638413272,0.035175203024253185,tail,0.47420542322614456,0.004913151264190674,32768,155333120,0.016189658069970414,0.06932817429928068,0.03517520302425364,0.01618966631862289,0.09441853256177969,0.037670631967055265,learned/task_019/cell_0179,24,without_replacement,268435456,5.381443172693253,100004,completed,2048,0,0.0679250221296176,0.034055944565748945,0.012097806599321054,0.0983904219730973,0.03589210405719566,20.0,0.09441853256177997,0.037670850395055626
4,219,642c9ac8b37cc879a46c5dc332c9d99eb4ae9d0bd2c4b38a1ce3bbe1af22951a,4b74724c4225fcfe043fdd749fb740fff4cf33c8,0.0009100489984565257,0.008464897763851217,0,cuda,1.0,8,0.5,learned_mixture,0.6316120924471608,16,standard normal at finite u_max,finite,learned,0.08953199915197206,0.04767073652489573,tail,0.4696005690522644,0.004856094717979431,32768,155333120,0.009129966488709276,0.08953201488843854,0.047670736524895466,0.009129962637717684,0.09623313358379237,0.04844058688847193,learned/task_019/cell_0219,25,without_replacement,268435456,5.381587594747543,101000,completed,2048,1,0.10029391556801966,0.05473751033724379,0.011455937154157997,0.08002383776758246,0.054871451247799456,20.0,0.09623313358379212,0.048440440978245534
4,259,642c9ac8b37cc879a46c5dc332c9d99eb4ae9d0bd2c4b38a1ce3bbe1af22951a,4b74724c4225fcfe043fdd749fb740fff4cf33c8,0.00039083279556906015,0.004801164991045033,1,cuda,1.0,8,0.5,learned_mixture,0.6960864834562898,16,standard normal at finite u_max,finite,learned,0.049634127675209055,0.026779079228185638,tail,0.47860323141854516,0.005364179611206055,32768,155333120,0.0014968154331015007,0.04963415015993222,0.02677907922818581,0.0014968166843372338,0.07190987418175766,0.028207322573397194,learned/task_019/cell_0259,23,without_replacement,268435456,5.382127463817596,101001,completed,2048,1,0.050799024785215655,0.02790247709818174,0.001959986852467055,0.05956797316013894,0.029281444048846094,20.0,0.07190987418175802,0.028207579758581746
4,299,642c9ac8b37cc879a46c5dc332c9d99eb4ae9d0bd2c4b38a1ce3bbe1af22951a,4b74724c4225fcfe043fdd749fb740fff4cf33c8,0.0006870870879940158,0.006747964699646409,2,cuda,1.0,8,0.5,learned_mixture,0.8362224757262905,16,standard normal at finite u_max,finite,learned,0.09101587574416747,0.046507424781833145,tail,0.47267963628925325,0.004920974373817444,32768,155333120,0.010570829542937699,0.09101588838967939,0.046507424781832986,0.010570836599028986,0.09086351371629793,0.046583799644479375,learned/task_019/cell_0299,27,without_replacement,268435456,5.383401647210121,101002,completed,2048,1,0.08764533259050483,0.04440471465165023,0.00929507711248763,0.08907342225330182,0.04460701960756883,20.0,0.0908635137162977,0.0465841313819113
4,339,642c9ac8b37cc879a46c5dc332c9d99eb4ae9d0bd2c4b38a1ce3bbe1af22951a,4b74724c4225fcfe043fdd749fb740fff4cf33c8,0.0005788366882680269,0.00535586445835143,3,cuda,1.0,8,0.5,learned_mixture,0.9307942980180337,16,standard normal at finite u_max,finite,learned,0.07255327191998645,0.036973480470373264,tail,0.4723275973203045,0.004871070384979248,32768,155333120,0.008065295231935402,0.07255328954259527,0.0369734804703732,0.00806529967179452,0.07468313536135066,0.03795258153323157,learned/task_019/cell_0339,26,without_replacement,268435456,5.38643179833889,101003,completed,2048,1,0.07000023894754723,0.035516856824104936,0.009062284089336847,0.07123186206612032,0.0364743663974015,20.0,0.07468313536135063,0.03795271622351821
4,379,642c9ac8b37cc879a46c5dc332c9d99eb4ae9d0bd2c4b38a1ce3bbe1af22951a,4b74724c4225fcfe043fdd749fb740fff4cf33c8,0.000560621356454032,0.004915961179258051,4,cuda,1.0,8,0.5,learned_mixture,0.8799512557988077,16,standard normal at finite u_max,finite,learned,0.04326600079741302,0.018815437673362884,tail,0.4744277151476546,0.004826352000236511,32768,155333120,0.021030141355115266,0.04326605214762337,0.018815437673362988,0.02103015191816024,0.1096524524279942,0.023081631183237195,learned/task_019/cell_0379,23,without_replacement,268435456,5.378260508179665,101004,completed,2048,1,0.03824079946436795,0.016865513116751763,0.02221170017454259,0.10194952647766437,0.021020043305147458,20.0,0.1096524524279945,0.0230816387182088
4,419,4ad56f1f2de8ac7e99a997dc798fcc9a82d5e41bcaa01483fa8161ba24fa2737,4b74724c4225fcfe043fdd749fb740fff4cf33c8,0.001568704384350607,0.011251223564013115,0,cuda,1.0,8,0.5,learned_mixture,0.5680478323413913,16,standard normal at finite u_max,finite,learned,0.15571115113316075,0.08747338168809504,tail,0.4441004727607397,0.005368947982788086,32768,155333120,0.024305331921648302,0.15571114791918333,0.08747338168809521,0.024305339434258107,0.11283799327896747,0.08976875433555523,learned/task_019/cell_0419,28,without_replacement,268435456,5.378125235438347,102000,completed,2048,2,0.1535845241435908,0.08689130440329812,0.02457476973245679,0.11545653196589789,0.0891150479142004,20.0,0.11283799327896753,0.08976870564602563
4,459,4ad56f1f2de8ac7e99a997dc798fcc9a82d5e41bcaa01483fa8161ba24fa2737,4b74724c4225fcfe043fdd749fb740fff4cf33c8,0.0010728014675177142,0.008520917864216913,1,cuda,1.0,8,0.5,learned_mixture,0.76506833911066,16,standard normal at finite u_max,finite,learned,0.13607371794401057,0.06938485167002881,tail,0.45216412317992705,0.004848480224609375,32768,155333120,0.01923171115498251,0.13607370207057612,0.06938485167002884,0.019231712411521135,0.11620390574396819,0.06960151578413745,learned/task_019/cell_0459,26,without_replacement,268435456,5.386190518736839,102001,completed,2048,2,0.13488850750415696,0.06949910104009561,0.01969985056490875,0.11805621083537812,0.0696465104258827,20.0,0.11620390574396819,0.069601664376076
4,499,4ad56f1f2de8ac7e99a997dc798fcc9a82d5e41bcaa01483fa8161ba24fa2737,4b74724c4225fcfe043fdd749fb740fff4cf33c8,0.001520997806355909,0.010214302148330242,2,cuda,1.0,8,0.5,learned_mixture,0.5050051484136246,16,standard normal at finite u_max,finite,learned,0.10419937663135083,0.051942988084805755,tail,0.4586327868804053,0.004875600337982178,32768,155333120,0.00867625481394775,0.10419936828292348,0.05194298808480556,0.00867624775798274,0.08283157370495652,0.05205586696406114,learned/task_019/cell_0499,27,without_replacement,268435456,5.378229856491089,102002,completed,2048,2,0.10253050705965479,0.050771915026175014,0.010229900323900587,0.09263518086774349,0.050979175687348915,20.0,0.08283157370495652,0.05205585824690287
4,539,4ad56f1f2de8ac7e99a997dc798fcc9a82d5e41bcaa01483fa8161ba24fa2737,4b74724c4225fcfe043fdd749fb740fff4cf33c8,0.0013490544366930057,0.008406189404504504,3,cuda,1.0,8,0.5,learned_mixture,0.9994117751087733,16,standard normal at finite u_max,finite,learned,0.13464896172325191,0.07203132793150549,tail,0.4602416746881912,0.0048900991678237915,32768,155333120,0.018289012719994207,0.1346489565274489,0.07203132793150548,0.018289007700175344,0.15960851350594957,0.07208883217865959,learned/task_019/cell_0539,28,without_replacement,268435456,5.383316978812218,102003,completed,2048,2,0.13693691375583733,0.07363542622740356,0.01959774102363544,0.1585184211771034,0.07371260240817304,20.0,0.1596085135059495,0.07208870894520293
4,579,4ad56f1f2de8ac7e99a997dc798fcc9a82d5e41bcaa01483fa8161ba24fa2737,4b74724c4225fcfe043fdd749fb740fff4cf33c8,0.00148868244474444,0.00865612462771901,4,cuda,1.0,8,0.5,learned_mixture,0.9813127309449117,16,standard normal at finite u_max,finite,learned,0.04748275178991225,0.020928032382476213,tail,0.46372328580928135,0.004831641912460327,32768,155333120,0.014133627682181241,0.047482789705141144,0.02092803238247603,0.014133643965473262,0.09599428710697643,0.023562306564495407,learned/task_019/cell_0579,24,without_replacement,268435456,5.38537934422493,102004,completed,2048,2,0.04163941757187813,0.017960931106663275,0.019517008342809717,0.10530201170460891,0.02124870819450016,20.0,0.09599428710697608,0.023562545184874363
4,619,40d2f60f7b01b721909df18cdd26cc0bda1e28ef62dd47bb3bc9b7acfaa1fbc4,4b74724c4225fcfe043fdd749fb740fff4cf33c8,0.001652988601362978,0.009412964401913838,0,cuda,1.0,8,0.5,learned_mixture,0.6511498890355912,16,standard normal at finite u_max,finite,learned,0.08578355727252755,0.04413046151119485,tail,0.47248387359470684,0.004829034209251404,32768,155333120,0.011644128567684653,0.08578356491404379,0.04413046151119471,0.011644130265857443,0.12851825029266717,0.048343021550414256,learned/task_019/cell_0619,27,without_replacement,268435456,5.380220517516136,103000,completed,2048,3,0.09215387851676782,0.04634207821194043,0.010415788184345433,0.12486133691332188,0.05261457920214177,20.0,0.12851825029266714,0.048343400141277984
4,659,40d2f60f7b01b721909df18cdd26cc0bda1e28ef62dd47bb3bc9b7acfaa1fbc4,4b74724c4225fcfe043fdd749fb740fff4cf33c8,0.0006936237213030954,0.006665814551747147,1,cuda,1.0,8,0.5,learned_mixture,0.672150143346744,16,standard normal at finite u_max,finite,learned,0.04966943037827662,0.025128386046422493,tail,0.4665224826413855,0.005407288670539856,32768,155333120,0.002958381844707577,0.04966946220133817,0.025128386046422327,0.002958384938478684,0.08947113512677436,0.025971811931330354,learned/task_019/cell_0659,25,without_replacement,268435456,5.384630531072617,103001,completed,2048,3,0.04162299015083416,0.020145792050641917,0.0022428059759142934,0.08040981906973954,0.022178259478204114,20.0,0.08947113512677408,0.025971475001251708
4,699,40d2f60f7b01b721909df18cdd26cc0bda1e28ef62dd47bb3bc9b7acfaa1fbc4,4b74724c4225fcfe043fdd749fb740fff4cf33c8,0.0014909365430766518,0.008953099146373295,2,cuda,1.0,8,0.5,learned_mixture,0.829101946841264,16,standard normal at finite u_max,finite,learned,0.05440955377090467,0.02599348758104827,tail,0.4746954428771784,0.004857972264289856,32768,155333120,0.006358544613781304,0.05440956794895307,0.02599348758104817,0.0063585516839133535,0.04520300382722489,0.027385404722419033,learned/task_019/cell_0699,27,without_replacement,268435456,5.377601280808449,103002,completed,2048,3,0.0462637533886029,0.021205826335588956,0.004275203660577938,0.04442154391131531,0.02267506446750671,20.0,0.04520300382722468,0.027385334321954728
4,739,40d2f60f7b01b721909df18cdd26cc0bda1e28ef62dd47bb3bc9b7acfaa1fbc4,4b74724c4225fcfe043fdd749fb740fff4cf33c8,0.0011037283751020848,0.008887649962893571,3,cuda,1.0,8,0.5,learned_mixture,0.9852058792535955,16,standard normal at finite u_max,finite,learned,0.0879984042352605,0.047835734504146715,tail,0.4563091588597376,0.0049139708280563354,32768,155333120,0.013453721026192737,0.08799838726691733,0.04783573450414634,0.013453720431494273,0.04939213136306782,0.049001195687210744,learned/task_019/cell_0739,28,without_replacement,268435456,5.386191576719284,103003,completed,2048,3,0.08620375281420044,0.04686921117441265,0.012903308170102636,0.05314334112876358,0.047299828396853025,20.0,0.049392131363067804,0.04900135420676878
4,779,40d2f60f7b01b721909df18cdd26cc0bda1e28ef62dd47bb3bc9b7acfaa1fbc4,4b74724c4225fcfe043fdd749fb740fff4cf33c8,0.00039738796825668834,0.004836843660166346,4,cuda,1.0,8,0.5,learned_mixture,0.9578754246470386,16,standard normal at finite u_max,finite,learned,0.1219716527617822,0.056783963284532446,tail,0.45252250017355045,0.004845544695854187,32768,155333120,0.055944485056582005,0.12197167070281775,0.0567839632845324,0.05594448187640294,0.16329011961189233,0.06133978734327248,learned/task_019/cell_0779,27,without_replacement,268435456,5.390472397208214,103004,completed,2048,3,0.12274692039294965,0.05773975073811927,0.057240150967261774,0.15925336577097662,0.06174467862298,20.0,0.1632901196118921,0.06133988871726973
4,819,4f8f7d024dee2ba1d205fcf59f39c4f32d87524ab703a9051d4ad4e7ca38f59f,4b74724c4225fcfe043fdd749fb740fff4cf33c8,0.004135481232107491,0.015474194712993742,0,cuda,1.0,8,0.5,learned_mixture,0.5313379382394262,16,standard normal at finite u_max,finite,learned,0.07144812370456544,0.034933673102559654,tail,0.459520053767725,0.004850849509239197,32768,155333120,0.004510978822494894,0.07144813301312498,0.03493367310255939,0.004510987674272729,0.08614148233363504,0.0370281806051322,learned/task_019/cell_0819,26,without_replacement,268435456,5.380807667970657,104000,completed,2048,4,0.0952461300769228,0.048161530346100295,0.005236185796173732,0.08219425846684904,0.0497749926949379,20.0,0.08614148233363492,0.03702816653987938
4,859,4f8f7d024dee2ba1d205fcf59f39c4f32d87524ab703a9051d4ad4e7ca38f59f,4b74724c4225fcfe043fdd749fb740fff4cf33c8,0.0007473861126503207,0.007738899489231298,1,cuda,1.0,8,0.5,learned_mixture,0.9383347998787158,16,standard normal at finite u_max,finite,learned,0.2294830476476043,0.12513674282799386,tail,0.4456423288662205,0.004789575934410095,32768,155333120,0.029667416921969787,0.22948303761207706,0.12513674282799384,0.02966742029287311,0.11629813942346477,0.1253702955020784,learned/task_019/cell_0859,26,without_replacement,268435456,5.387634679675102,104001,completed,2048,4,0.23841002307707748,0.13033793404814142,0.030540608945779042,0.11628891881296849,0.13044446375514895,20.0,0.1162981394234647,0.1253704356692021
4,899,4f8f7d024dee2ba1d205fcf59f39c4f32d87524ab703a9051d4ad4e7ca38f59f,4b74724c4225fcfe043fdd749fb740fff4cf33c8,0.0008707190054726818,0.006642637838624772,2,cuda,1.0,8,0.5,learned_mixture,0.6268003720957779,16,standard normal at finite u_max,finite,learned,0.0815770231148171,0.03989253703805442,tail,0.46251553011960544,0.00517764687538147,32768,155333120,0.004447566359120532,0.08157704764526108,0.039892537038054426,0.004447565881134444,0.1070376960089144,0.04083578941502046,learned/task_019/cell_0899,28,without_replacement,268435456,5.39799191057682,104002,completed,2048,4,0.09274387381023946,0.045690875590811905,0.004626332075367799,0.11099173902010909,0.04642356324782829,20.0,0.10703769600891432,0.040835764596254875
4,939,4f8f7d024dee2ba1d205fcf59f39c4f32d87524ab703a9051d4ad4e7ca38f59f,4b74724c4225fcfe043fdd749fb740fff4cf33c8,0.0015229140976215718,0.009263315537770683,3,cuda,1.0,8,0.5,learned_mixture,0.5865319307202124,16,standard normal at finite u_max,finite,learned,0.07132474752462231,0.036154500583833064,tail,0.46718774263637863,0.0049233585596084595,32768,155333120,0.008413287784067754,0.07132478918433383,0.03615450058383292,0.008413297938914627,0.101743806846013,0.038083440456818246,learned/task_019/cell_0939,26,without_replacement,268435456,5.389920234680176,104003,completed,2048,4,0.08656382844301003,0.04534919844872685,0.011222862002307077,0.10828321884127129,0.046572053072680746,20.0,0.10174380684601307,0.0380835288694111
4,979,4f8f7d024dee2ba1d205fcf59f39c4f32d87524ab703a9051d4ad4e7ca38f59f,4b74724c4225fcfe043fdd749fb740fff4cf33c8,0.0005168833569056035,0.0054129260957495266,4,cuda,1.0,8,0.5,learned_mixture,0.7590847655136718,16,standard normal at finite u_max,finite,learned,0.057043022712184234,0.027437643962770812,tail,0.45839439501664486,0.004859820008277893,32768,155333120,0.017639786781481755,0.05704303438011657,0.027437643962770694,0.017639787966310726,0.06305478834720504,0.030005340196589177,learned/task_019/cell_0979,24,without_replacement,268435456,5.395291119813919,104004,completed,2048,4,0.06326729400167677,0.031033983077200285,0.01982158289002711,0.061522587507177096,0.03295465192147718,20.0,0.06305478834720482,0.03000540082531794
4,20,ce9344dce5f56b4cda176bcdb36371f48911618aa600da1465617419b4995b69,4b74724c4225fcfe043fdd749fb740fff4cf33c8,0.0010844456383777698,0.00462647144353439,0,cuda,1.0,1,0.5,learned_mixture,0.7834824599422205,64,standard normal at finite u_max,finite,learned,0.03175692452298995,0.0045016140362096335,full,0.15411126777473996,3.11438500136137,32768,169748992,0.0006653868092310024,0.031757240351687366,0.0045016140362098,0.0006653949715992279,0.14006998849661279,0.006711594261325837,learned/task_020/cell_0020,41,with_replacement,1073741824,1.1554041728377342,100000,completed,512,0,0.01748772018631109,0.0001248574073249853,0.00046397215685989,0.1392521766225968,0.005508658827750341,20.0,0.1400699884966129,0.006712292595753057
4,60,ce9344dce5f56b4cda176bcdb36371f48911618aa600da1465617419b4995b69,4b74724c4225fcfe043fdd749fb740fff4cf33c8,0.0028177976527941754,0.007894208039786178,1,cuda,1.0,1,0.5,learned_mixture,0.8493790401966974,64,standard normal at finite u_max,finite,learned,0.042736204368714115,0.00919608383681303,full,0.15453451501364143,0.004966504871845245,32768,169748992,0.0,0.042736315097111344,0.009196083836812474,4.440892098500626e-16,0.010480459993776448,0.01004032834223625,learned/task_020/cell_0060,43,with_replacement,1073741824,1.1599273830652237,100001,completed,512,0,0.07250786961681377,0.01709029187659883,0.0,0.006482873852385662,0.017580663075196803,20.0,0.010480459993776892,0.010040938034736904
4,100,ce9344dce5f56b4cda176bcdb36371f48911618aa600da1465617419b4995b69,4b74724c4225fcfe043fdd749fb740fff4cf33c8,0.0016242032107009856,0.006241713422168208,2,cuda,1.0,1,0.5,learned_mixture,0.9384017129800211,64,standard normal at finite u_max,finite,learned,0.019135217050669534,0.0004168617585347187,full,0.1876503819970105,0.0048666298389434814,32768,169748992,0.013686796311461968,0.01913540443145262,0.00041686175853469787,0.013686855817548471,0.1387299332559967,0.0061076211488383225,learned/task_020/cell_0100,42,with_replacement,1073741824,1.156474620103836,100002,completed,512,0,0.03651962378026741,0.006658575180705291,0.03476598255530439,0.12952568263956277,0.008613523240567121,20.0,0.13872993325599614,0.006108219148361902
4,140,ce9344dce5f56b4cda176bcdb36371f48911618aa600da1465617419b4995b69,4b74724c4225fcfe043fdd749fb740fff4cf33c8,0.0020413577698234937,0.006893672843241345,3,cuda,1.0,1,0.5,learned_mixture,0.9267977084111276,64,standard normal at finite u_max,finite,learned,0.058703245624448064,0.015018009283306544,full,0.052283848775527525,0.005291707813739777,32768,169748992,0.0,0.058703296000196414,0.015018009283305433,0.0,0.0717889464693342,0.015062742171431392,learned/task_020/cell_0140,46,with_replacement,1073741824,1.162908911705017,100003,completed,512,0,0.03366808011937095,0.008124336440066049,0.0,0.07508539480297138,0.008285829574812636,20.0,0.07178894646933365,0.01506327134224059
4,180,ce9344dce5f56b4cda176bcdb36371f48911618aa600da1465617419b4995b69,4b74724c4225fcfe043fdd749fb740fff4cf33c8,0.0014426028974729825,0.005948686827752709,4,cuda,1.0,1,0.5,learned_mixture,0.6828121858801832,64,standard normal at finite u_max,finite,learned,0.04107828706786881,0.008963179471941921,full,0.2332096241328953,0.004881419241428375,32768,169748992,0.035570245272404044,0.04107853618066676,0.008963179471941949,0.035570276776332954,0.09507905768043134,0.009405871379609172,learned/task_020/cell_0180,37,with_replacement,1073741824,1.1567997634410858,100004,completed,512,0,0.060313770933642985,0.014911866299693464,0.05653811256350938,0.0882477356268565,0.015109370973644738,20.0,0.0950790576804319,0.00940644993900046
4,220,642c9ac8b37cc879a46c5dc332c9d99eb4ae9d0bd2c4b38a1ce3bbe1af22951a,4b74724c4225fcfe043fdd749fb740fff4cf33c8,0.00019057818744338701,0.0018328701345066188,0,cuda,1.0,1,0.5,learned_mixture,0.8881551523143908,64,standard normal at finite u_max,finite,learned,0.04759154225209028,0.010647271941516323,full,0.17043738133546246,0.004989221692085266,32768,169748992,0.0006195459363598971,0.04759160780006377,0.010647271941516212,0.0006195529948106096,0.07392678047470869,0.010831894616500954,learned/task_020/cell_0220,44,with_replacement,1073741824,1.1537334620952606,101000,completed,512,1,0.039984194007617546,0.00881440290247315,0.0006375933371887882,0.06571698420027283,0.00902346665069233,20.0,0.07392678047470891,0.010833267918821207
4,260,642c9ac8b37cc879a46c5dc332c9d99eb4ae9d0bd2c4b38a1ce3bbe1af22951a,4b74724c4225fcfe043fdd749fb740fff4cf33c8,0.00020044819671683972,0.0021100084496748503,1,cuda,1.0,1,0.5,learned_mixture,0.6446114664922783,64,standard normal at finite u_max,finite,learned,0.016815486684331443,0.0014810249093291095,full,0.17404220368739343,0.004935219883918762,32768,169748992,0.0,0.016815824920956318,0.0014810249093293315,0.0,0.11675808815315147,0.0046949915290171555,learned/task_020/cell_0260,44,with_replacement,1073741824,1.1595674455165863,101001,completed,512,1,0.015315173133847115,0.0006289835403462396,0.0,0.11556855059047688,0.004785693493572425,20.0,0.11675808815315147,0.004696325628525335
4,300,642c9ac8b37cc879a46c5dc332c9d99eb4ae9d0bd2c4b38a1ce3bbe1af22951a,4b74724c4225fcfe043fdd749fb740fff4cf33c8,0.00026619708425429205,0.0021914315119830573,2,cuda,1.0,1,0.5,learned_mixture,0.789507529057307,64,standard normal at finite u_max,finite,learned,0.01943988974748069,0.0021750679472584515,full,0.1315854613131165,0.004882067441940308,32768,169748992,0.012957183473173206,0.019439975212052887,0.0021750679472584203,0.012957228808573862,0.11969054626492859,0.005433838254053137,learned/task_020/cell_0300,40,with_replacement,1073741824,1.1544759720563889,101002,completed,512,1,0.013669599976996835,1.5535926870011846e-05,0.004460659775232689,0.10520543581081798,0.004224866038442583,20.0,0.11969054626492859,0.005434479011689079
4,340,642c9ac8b37cc879a46c5dc332c9d99eb4ae9d0bd2c4b38a1ce3bbe1af22951a,4b74724c4225fcfe043fdd749fb740fff4cf33c8,0.0009395875936035435,0.004653360341217085,3,cuda,1.0,1,0.5,learned_mixture,0.9762511062852766,64,standard normal at finite u_max,finite,learned,0.07425085271074328,0.025575484506283663,full,0.22688639414089898,0.004866808652877808,32768,169748992,0.0,0.07425071734674843,0.02557548450628344,0.0,0.11126380001817338,0.025574702413322183,learned/task_020/cell_0340,40,with_replacement,1073741824,1.1545484215021133,101003,completed,512,1,0.09125795803998188,0.0302288448475021,0.0,0.12174819660621972,0.03022887986010117,20.0,0.11126380001817382,0.02557553230324208
4,380,642c9ac8b37cc879a46c5dc332c9d99eb4ae9d0bd2c4b38a1ce3bbe1af22951a,4b74724c4225fcfe043fdd749fb740fff4cf33c8,0.0002667290590314328,0.0024383532218283147,4,cuda,1.0,1,0.5,learned_mixture,0.6376487351952508,64,standard normal at finite u_max,finite,learned,0.019802327604423464,0.0004970946970971665,full,0.22790572795688988,0.005382031202316284,32768,169748992,0.002520319223126566,0.01980259412716079,0.0004970946970971682,0.0025203358917544882,0.13181257429931403,0.0063581410236614,learned/task_020/cell_0380,35,with_replacement,1073741824,1.1592029482126236,101004,completed,512,1,0.024409484569433926,0.0029354479189134444,0.006427276468862764,0.12323912049768193,0.006224879715102577,20.0,0.1318125742993137,0.006358309027618885
4,420,4ad56f1f2de8ac7e99a997dc798fcc9a82d5e41bcaa01483fa8161ba24fa2737,4b74724c4225fcfe043fdd749fb740fff4cf33c8,0.001914470667049552,0.006064836849839791,0,cuda,1.0,1,0.5,learned_mixture,0.5888944513866554,64,standard normal at finite u_max,finite,learned,0.035935245845863495,0.007220208026473718,full,0.14094193771934158,0.004873387515544891,32768,169748992,0.0009513048096416732,0.035935654683349916,0.007220208026473662,0.0009513107114893504,0.112758991596414,0.008263967032624359,learned/task_020/cell_0420,41,with_replacement,1073741824,1.1606397777795792,102000,completed,512,2,0.059602466285546996,0.013285044876311547,0.0012270514237916474,0.12365833111492819,0.013911625284224422,20.0,0.11275899159641412,0.008264159261764003
4,460,4ad56f1f2de8ac7e99a997dc798fcc9a82d5e41bcaa01483fa8161ba24fa2737,4b74724c4225fcfe043fdd749fb740fff4cf33c8,0.004621013677490787,0.009768407502576853,1,cuda,1.0,1,0.5,learned_mixture,0.9061405611333583,64,standard normal at finite u_max,finite,learned,0.019799055740850724,0.0034874648267994024,full,0.024061519311094435,0.004998162388801575,32768,169748992,0.0,0.01979938462878894,0.0034874648268000685,6.661338147750939e-16,0.07844767252798979,0.004417540336908007,learned/task_020/cell_0460,46,with_replacement,1073741824,1.1747891679406166,102001,completed,512,2,0.03205655825073672,0.006280942675777945,0.0,0.10329607628902227,0.007219915364108071,20.0,0.07844767252799045,0.004417774818208866
4,500,4ad56f1f2de8ac7e99a997dc798fcc9a82d5e41bcaa01483fa8161ba24fa2737,4b74724c4225fcfe043fdd749fb740fff4cf33c8,0.002079091341065698,0.007077790862263183,2,cuda,1.0,1,0.5,learned_mixture,0.8936411704509092,64,standard normal at finite u_max,finite,learned,0.031151965456264752,0.0044204820027374005,full,0.211661589852699,0.004926793277263641,32768,169748992,0.011317787717390004,0.031152160196534773,0.004420482002737369,0.011317750003367322,0.14296050337137245,0.007386233152530398,learned/task_020/cell_0500,38,with_replacement,1073741824,1.158853642642498,102002,completed,512,2,0.052593428905200024,0.011498272864998601,0.036509844430287375,0.14198905951681395,0.012128655523162269,20.0,0.14296050337137245,0.0073860233863991855
4,540,4ad56f1f2de8ac7e99a997dc798fcc9a82d5e41bcaa01483fa8161ba24fa2737,4b74724c4225fcfe043fdd749fb740fff4cf33c8,0.0007722338899261837,0.004117777004318028,3,cuda,1.0,1,0.5,learned_mixture,0.901452296852563,64,standard normal at finite u_max,finite,learned,0.07387645753825506,0.0236324217569992,full,0.16066756311132505,0.004970155656337738,32768,169748992,0.0,0.07387642200185618,0.023632421756999644,0.0,0.06661441349490582,0.023631994430885213,learned/task_020/cell_0540,45,with_replacement,1073741824,1.1670551300048828,102003,completed,512,2,0.08927024306144815,0.027750198618571087,0.0,0.05324992493060288,0.027750407283597442,20.0,0.06661441349490538,0.0236326331001862
4,580,4ad56f1f2de8ac7e99a997dc798fcc9a82d5e41bcaa01483fa8161ba24fa2737,4b74724c4225fcfe043fdd749fb740fff4cf33c8,0.004357721875740517,0.01028461071333008,4,cuda,1.0,1,0.5,learned_mixture,0.999986474080562,64,standard normal at finite u_max,finite,learned,0.025756938720424505,0.00599027701150719,full,0.15985603730373535,0.004955120384693146,32768,169748992,0.023756482904294163,0.02575702151622472,0.0059902770115071845,0.023756480256087065,0.09383432870657715,0.0068598995656215704,learned/task_020/cell_0580,42,with_replacement,1073741824,1.1621546670794487,102004,completed,512,2,0.06285435906679537,0.016274887724837917,0.06075285555619864,0.10166664489004795,0.016439938554037484,20.0,0.09383432870657782,0.0068599242336069765
4,620,40d2f60f7b01b721909df18cdd26cc0bda1e28ef62dd47bb3bc9b7acfaa1fbc4,4b74724c4225fcfe043fdd749fb740fff4cf33c8,0.0019292522353990499,0.0061789021621518276,0,cuda,1.0,1,0.5,learned_mixture,0.7958224040711265,64,standard normal at finite u_max,finite,learned,0.06498166739068922,0.01822595355654938,full,0.17917745877958932,0.004929237067699432,32768,169748992,0.0007663045586215065,0.06498160478978143,0.018225953556549435,0.0007663131602941028,0.03909136599551877,0.018227213501387857,learned/task_020/cell_0620,44,with_replacement,1073741824,1.168860286474228,103000,completed,512,3,0.04042121748128341,0.012047051394396935,0.00046493957181573207,0.04481271648302343,0.01204999387585762,20.0,0.03909136599551877,0.018228275849108855
4,660,40d2f60f7b01b721909df18cdd26cc0bda1e28ef62dd47bb3bc9b7acfaa1fbc4,4b74724c4225fcfe043fdd749fb740fff4cf33c8,0.002440645790858468,0.0073672527605675615,1,cuda,1.0,1,0.5,learned_mixture,0.9986034033677648,64,standard normal at finite u_max,finite,learned,0.02884670283187943,0.005441826028122709,full,0.17291681485045854,0.004942096769809723,32768,169748992,0.0,0.028846971313311626,0.005441826028121932,5.551115123125783e-16,0.09582989208627657,0.006000573255683937,learned/task_020/cell_0660,44,with_replacement,1073741824,1.1619447842240334,103001,completed,512,3,0.053589446109033545,0.012809078788689865,0.0,0.09114437112623852,0.012940698778695116,20.0,0.09582989208627579,0.006000727708458638
4,700,40d2f60f7b01b721909df18cdd26cc0bda1e28ef62dd47bb3bc9b7acfaa1fbc4,4b74724c4225fcfe043fdd749fb740fff4cf33c8,0.0008768850273797625,0.004572397211531084,2,cuda,1.0,1,0.5,learned_mixture,0.7340469324814671,64,standard normal at finite u_max,finite,learned,0.03125654931113375,0.006778542034102893,full,0.1319285974136057,0.004953131079673767,32768,169748992,0.02283293220227056,0.03125643269751999,0.006778542034102872,0.02283298931343436,0.03654262417009724,0.006911258156941621,learned/task_020/cell_0700,38,with_replacement,1073741824,1.1663798317313194,103002,completed,512,3,0.04778532127380464,0.011350939245634496,0.03831184740717741,0.04571644537273789,0.011382057794718512,20.0,0.03654262417009746,0.006912497277830192
4,740,40d2f60f7b01b721909df18cdd26cc0bda1e28ef62dd47bb3bc9b7acfaa1fbc4,4b74724c4225fcfe043fdd749fb740fff4cf33c8,0.003369824534078556,0.008873607319577502,3,cuda,1.0,1,0.5,learned_mixture,0.9989837711375377,64,standard normal at finite u_max,finite,learned,0.06292120846913773,0.014764157557500601,full,0.21723308124109197,0.00492442399263382,32768,169748992,0.0,0.06292140472792651,0.014764157557500157,0.0,0.14240246136076473,0.015538346362026034,learned/task_020/cell_0740,43,with_replacement,1073741824,1.1638980060815811,103003,completed,512,3,0.03287646774580666,0.00589055023792362,0.0,0.14359066431919365,0.008078734364552934,20.0,0.14240246136076418,0.015539229288025425
4,780,40d2f60f7b01b721909df18cdd26cc0bda1e28ef62dd47bb3bc9b7acfaa1fbc4,4b74724c4225fcfe043fdd749fb740fff4cf33c8,0.0024637516619782605,0.007784584522309842,4,cuda,1.0,1,0.5,learned_mixture,0.6708652875939219,64,standard normal at finite u_max,finite,learned,0.02857135952772416,0.006449436716539457,full,0.1340111912889355,0.0052887871861457825,32768,169748992,0.015905919032470295,0.02857153090022435,0.006449436716539473,0.015905884358314193,0.0846898478969953,0.006728821354973614,learned/task_020/cell_0780,40,with_replacement,1073741824,1.1653711274266243,103004,completed,512,3,0.01289397894913269,0.0013351478057703394,0.011543013636657773,0.07647349770777656,0.003675048113682265,20.0,0.08468984789699485,0.006729191039560308
4,820,4f8f7d024dee2ba1d205fcf59f39c4f32d87524ab703a9051d4ad4e7ca38f59f,4b74724c4225fcfe043fdd749fb740fff4cf33c8,6.939556830359478e-05,0.0011455227980989428,0,cuda,1.0,1,0.5,learned_mixture,0.965018697087994,64,standard normal at finite u_max,finite,learned,0.05494030442326281,0.013354418363955955,full,0.14542973876673795,0.004985742270946503,32768,169748992,0.0007797173056368039,0.05494045138400605,0.013354418363955789,0.0007797243582945953,0.05797290497011076,0.013392330577623063,learned/task_020/cell_0820,47,with_replacement,1073741824,1.164837084710598,104000,completed,512,4,0.05924030751197329,0.014499941162053998,0.0008107782185691719,0.05497834357244025,0.014531163125904103,20.0,0.05797290497011032,0.013391754530674944
4,860,4f8f7d024dee2ba1d205fcf59f39c4f32d87524ab703a9051d4ad4e7ca38f59f,4b74724c4225fcfe043fdd749fb740fff4cf33c8,0.0018676570259862641,0.006437893942253548,1,cuda,1.0,1,0.5,learned_mixture,0.9958715098734463,64,standard normal at finite u_max,finite,learned,0.060571812918494616,0.01413455345421799,full,0.0956343436553739,0.005027107894420624,32768,169748992,0.0,0.06057199251555784,0.014134553454218657,4.440892098500626e-16,0.12518481665276582,0.014272898653247518,learned/task_020/cell_0860,46,with_replacement,1073741824,1.1655339747667313,104001,completed,512,4,0.0843862185990581,0.020572447396471016,0.0,0.12628301821371124,0.020596562874246285,20.0,0.12518481665276637,0.014272408613685533
4,900,4f8f7d024dee2ba1d205fcf59f39c4f32d87524ab703a9051d4ad4e7ca38f59f,4b74724c4225fcfe043fdd749fb740fff4cf33c8,2.428430087408201e-05,0.000713122728557942,2,cuda,1.0,1,0.5,learned_mixture,0.996387810869303,64,standard normal at finite u_max,finite,learned,0.01546154137816369,0.0008016690324255463,full,0.14665777403594357,0.004943631589412689,32768,169748992,0.009314013950535216,0.015461736607369714,0.0008016690324255671,0.00931406281449565,0.1109749266928527,0.004988398012966435,learned/task_020/cell_0900,39,with_replacement,1073741824,1.160657063126564,104002,completed,512,4,0.014545468554215568,8.854630387015658e-05,0.006697568639480789,0.10802485032254161,0.004832377601559582,20.0,0.11097492669285336,0.004988925490936387
4,940,4f8f7d024dee2ba1d205fcf59f39c4f32d87524ab703a9051d4ad4e7ca38f59f,4b74724c4225fcfe043fdd749fb740fff4cf33c8,0.003208680761353184,0.008616521574054063,3,cuda,1.0,1,0.5,learned_mixture,0.6395297738905168,64,standard normal at finite u_max,finite,learned,0.039787350339388405,0.010807966161152205,full,0.07492796150174358,0.004917964339256287,32768,169748992,0.0,0.03978768048296655,0.010807966161151983,0.0,0.03714626118252018,0.010827018763838995,learned/task_020/cell_0940,45,with_replacement,1073741824,1.1668110117316246,104003,completed,512,4,0.07035658636987885,0.01942448773520633,0.0,0.044409790023831164,0.019436925976409246,20.0,0.03714626118252029,0.01082622000450163
4,980,4f8f7d024dee2ba1d205fcf59f39c4f32d87524ab703a9051d4ad4e7ca38f59f,4b74724c4225fcfe043fdd749fb740fff4cf33c8,2.124630065404088e-06,0.00022534148545752877,4,cuda,1.0,1,0.5,learned_mixture,0.9506545595759996,64,standard normal at finite u_max,finite,learned,0.030891133756203448,0.0035695348846680654,full,0.15446677256878652,0.004934147000312805,32768,169748992,0.01163186323423826,0.030891498201346734,0.003569534884668102,0.011631841428224488,0.1782173072448151,0.008487937141992962,learned/task_020/cell_0980,37,with_replacement,1073741824,1.1591370180249214,104004,completed,512,4,0.030249587395878907,0.003344270346948541,0.01078501704486079,0.17828636297140232,0.008419224368333703,20.0,0.1782173072448151,0.008488368286996326
4,21,ce9344dce5f56b4cda176bcdb36371f48911618aa600da1465617419b4995b69,4b74724c4225fcfe043fdd749fb740fff4cf33c8,0.0010844456383777698,0.00462647144353439,0,cuda,1.0,1,0.5,learned_mixture,0.7167791188303454,64,standard normal at finite u_max,infinite,learned,0.10125197362157734,0.018015996104404963,unbiased,3.0517578125e-05,2.3560734470374882,32768,20849664,0.0014284660761627599,0.10125200651973687,0.01801599610440502,0.0014284742385309857,0.34649820214789673,0.02270374816676874,learned/task_021/cell_0021,190,with_replacement,67108864,0.7901871490757912,100000,completed,512,0,0.08301336898833311,0.013389524660870344,0.0012270514237916474,0.3458767079299663,0.019829203925144354,20.0,0.34649820214789684,0.02270460975052123
4,61,ce9344dce5f56b4cda176bcdb36371f48911618aa600da1465617419b4995b69,4b74724c4225fcfe043fdd749fb740fff4cf33c8,0.0028177976527941754,0.007894208039786178,1,cuda,1.0,1,0.5,learned_mixture,0.6778867786591732,64,standard normal at finite u_max,infinite,learned,0.2461413832654447,0.04702568675195673,unbiased,3.0517578125001735e-05,0.004914212040603161,32768,20849664,0.0,0.24614141856044763,0.04702568675195673,2.220446049250313e-16,0.47476101635809553,0.04861311602743397,learned/task_021/cell_0061,196,with_replacement,67108864,0.7889006461482495,100001,completed,512,0,0.2761794354369905,0.05491989479174253,0.0,0.47683892698086827,0.055804876438989855,20.0,0.47476101635809553,0.04861347681216514
4,101,ce9344dce5f56b4cda176bcdb36371f48911618aa600da1465617419b4995b69,4b74724c4225fcfe043fdd749fb740fff4cf33c8,0.0016242032107009856,0.006241713422168208,2,cuda,1.0,1,0.5,learned_mixture,0.5262875321951984,64,standard normal at finite u_max,infinite,learned,0.6076396077266681,0.1546791507474361,unbiased,3.051757812500087e-05,0.004815893014892936,32768,20849664,0.36244647128424545,0.6076394307149653,0.15467915074743604,0.3624465307903322,0.49150062324476906,0.15467978205746763,learned/task_021/cell_0101,184,with_replacement,67108864,0.7841620820108801,100002,completed,512,0,0.6259950492813171,0.16092086416960666,0.38352565752808787,0.48606637458958313,0.160921030971637,20.0,0.49150062324476884,0.15467938050728608
4,141,ce9344dce5f56b4cda176bcdb36371f48911618aa600da1465617419b4995b69,4b74724c4225fcfe043fdd749fb740fff4cf33c8,0.0020413577698234937,0.006893672843241345,3,cuda,1.0,1,0.5,learned_mixture,0.818083672602674,64,standard normal at finite u_max,infinite,learned,0.396124806971742,0.043835841690338606,unbiased,3.0517578125e-05,0.0048123730812221766,32768,20849664,0.0,0.39612481086650453,0.04383584169033816,0.0,0.8925150676218568,0.06884437117572868,learned/task_021/cell_0141,198,with_replacement,67108864,0.7915068319998682,100003,completed,512,0,0.37077217081961134,0.03694216884709811,0.0,0.8928967895641687,0.06606384260108839,20.0,0.8925150676218568,0.06884400739757063
4,181,ce9344dce5f56b4cda176bcdb36371f48911618aa600da1465617419b4995b69,4b74724c4225fcfe043fdd749fb740fff4cf33c8,0.0014426028974729825,0.005948686827752709,4,cuda,1.0,1,0.5,learned_mixture,0.9968243081167909,64,standard normal at finite u_max,infinite,learned,0.21897500653722493,0.048788913688665704,unbiased,3.051757812607553e-05,0.005207990994676948,32768,20849664,0.2171430727385819,0.2189750438472091,0.04878891368866572,0.2171431042425105,0.3912906632407457,0.04922881037035895,learned/task_021/cell_0181,181,with_replacement,67108864,0.7816557670012116,100004,completed,512,0,0.2401485087091618,0.05473760051641725,0.23811094002968725,0.38669546677445343,0.054930045257903404,20.0,0.3912906632407457,0.0492280393540306
4,221,642c9ac8b37cc879a46c5dc332c9d99eb4ae9d0bd2c4b38a1ce3bbe1af22951a,4b74724c4225fcfe043fdd749fb740fff4cf33c8,0.00019057818744338701,0.0018328701345066188,0,cuda,1.0,1,0.5,learned_mixture,0.7009337319245833,64,standard normal at finite u_max,infinite,learned,0.13397730091451066,0.01618445481756481,unbiased,3.051757812500087e-05,0.005008972017094493,32768,20849664,0.0012090040229627563,0.13397750515685247,0.01618445481756481,0.0012090110814134691,0.5104840811028286,0.02599508545940821,learned/task_021/cell_0221,192,with_replacement,67108864,0.7861391219776124,101000,completed,512,1,0.13912941528978928,0.01801732385660798,0.0012270514237916474,0.506144439395773,0.026470956603885064,20.0,0.5104840811028285,0.02599514412533417
4,261,642c9ac8b37cc879a46c5dc332c9d99eb4ae9d0bd2c4b38a1ce3bbe1af22951a,4b74724c4225fcfe043fdd749fb740fff4cf33c8,0.00020044819671683972,0.0021100084496748503,1,cuda,1.0,1,0.5,learned_mixture,0.9548223650099394,64,standard normal at finite u_max,infinite,learned,0.20179861362833162,0.002615413715277626,unbiased,3.051757813181833e-05,0.004853402962908149,32768,20849664,0.0,0.20179898305577015,0.0026154137152769596,4.440892098500626e-16,0.7903386788182816,0.04695463010671422,learned/task_021/cell_0261,193,with_replacement,67108864,0.7852588761597872,101001,completed,512,1,0.20849005185053038,0.004725422164952975,0.0,0.7900563099523567,0.04697799584300606,20.0,0.7903386788182817,0.046954644436335145
4,301,642c9ac8b37cc879a46c5dc332c9d99eb4ae9d0bd2c4b38a1ce3bbe1af22951a,4b74724c4225fcfe043fdd749fb740fff4cf33c8,0.00026619708425429205,0.0021914315119830573,2,cuda,1.0,1,0.5,learned_mixture,0.8705553467605268,64,standard normal at finite u_max,infinite,learned,0.7179991913016632,0.2185619127023098,unbiased,3.0517578125e-05,0.004888661904260516,32768,20849664,0.4043412735345082,0.717998954231019,0.21856191270230968,0.40434131886990843,0.43889005617692056,0.21856219147443015,learned/task_021/cell_0301,184,with_replacement,67108864,0.7858291328884661,101002,completed,512,1,0.7152880607643166,0.21637130882818134,0.3958447498365677,0.4296572352879795,0.21637133255581753,20.0,0.43889005617692023,0.21856193713426847
4,341,642c9ac8b37cc879a46c5dc332c9d99eb4ae9d0bd2c4b38a1ce3bbe1af22951a,4b74724c4225fcfe043fdd749fb740fff4cf33c8,0.0009395875936035435,0.004653360341217085,3,cuda,1.0,1,0.5,learned_mixture,0.8443163313259069,64,standard normal at finite u_max,infinite,learned,0.12423247518907922,0.022609870029777435,unbiased,3.0517578125e-05,0.0048511328641325235,32768,20849664,0.0,0.12423275494702803,0.02260987002977788,0.0,0.45346758798127884,0.030345474232201606,learned/task_021/cell_0341,196,with_replacement,67108864,0.7866170990746468,101003,completed,512,1,0.11109921147058495,0.017956509688558997,0.0,0.4483112402664228,0.027374600572853514,20.0,0.4534675879812784,0.030345714706190914
4,381,642c9ac8b37cc879a46c5dc332c9d99eb4ae9d0bd2c4b38a1ce3bbe1af22951a,4b74724c4225fcfe043fdd749fb740fff4cf33c8,0.0002667290590314328,0.0024383532218283147,4,cuda,1.0,1,0.5,learned_mixture,0.9553193381478253,64,standard normal at finite u_max,infinite,learned,0.21214135987534985,0.051568873985209214,unbiased,3.051757812560455e-05,0.004879113053902984,32768,20849664,0.21073481168609753,0.21214140417222324,0.051568873985209214,0.21073482835472557,0.3066053193065894,0.05156834916102071,learned/task_021/cell_0381,183,with_replacement,67108864,0.7861836208030581,101004,completed,512,1,0.20316403080930287,0.049130520763392936,0.2017872159941082,0.29975796459349346,0.049130565417265765,20.0,0.3066053193065893,0.05156891822219086
4,421,4ad56f1f2de8ac7e99a997dc798fcc9a82d5e41bcaa01483fa8161ba24fa2737,4b74724c4225fcfe043fdd749fb740fff4cf33c8,0.001914470667049552,0.006064836849839791,0,cuda,1.0,1,0.5,learned_mixture,0.8339811983860109,64,standard normal at finite u_max,infinite,learned,0.24424269463507486,0.0474967641557531,unbiased,3.0517578125e-05,0.004807653138414025,32768,20849664,0.0009180689375097916,0.2442426864471835,0.0474967641557531,0.0009180748393574688,0.39779263230518414,0.04813492484136209,learned/task_021/cell_0421,191,with_replacement,67108864,0.7858722540549934,102000,completed,512,2,0.21959923959562455,0.04143192730591527,0.0011938155516597658,0.4051904672777432,0.04265837341427174,20.0,0.39779263230518436,0.048134402074964534
4,461,4ad56f1f2de8ac7e99a997dc798fcc9a82d5e41bcaa01483fa8161ba24fa2737,4b74724c4225fcfe043fdd749fb740fff4cf33c8,0.004621013677490787,0.009768407502576853,1,cuda,1.0,1,0.5,learned_mixture,0.6658118987115041,64,standard normal at finite u_max,infinite,learned,0.11557682226570454,0.007903785849066813,unbiased,3.051757813318009e-05,0.005157381063327193,32768,20849664,0.0,0.11557696250100513,0.007903785849067035,1.1102230246251565e-16,0.5398611874411896,0.027074162344504396,learned/task_021/cell_0461,193,with_replacement,67108864,0.7872160160914063,102001,completed,512,2,0.14924103698853997,0.01767219335164416,0.0,0.5522682040150044,0.031015095767340347,20.0,0.5398611874411894,0.02707339124156729
4,501,4ad56f1f2de8ac7e99a997dc798fcc9a82d5e41bcaa01483fa8161ba24fa2737,4b74724c4225fcfe043fdd749fb740fff4cf33c8,0.002079091341065698,0.007077790862263183,2,cuda,1.0,1,0.5,learned_mixture,0.8245291752754719,64,standard normal at finite u_max,infinite,learned,0.8705044517063525,0.24483017852754255,unbiased,3.051757812502255e-05,0.0050187320448458195,32768,20849664,0.42186857380729115,0.8705041105210717,0.24483017852754269,0.42186861152131416,0.7273460194887182,0.24482947600052385,learned/task_021/cell_0501,186,with_replacement,67108864,0.7851165980100632,102002,completed,512,2,0.8596791668727602,0.23775238766528134,0.3966765170943938,0.7270369695151401,0.2377524781824445,20.0,0.7273460194887184,0.2448302380227696
4,541,4ad56f1f2de8ac7e99a997dc798fcc9a82d5e41bcaa01483fa8161ba24fa2737,4b74724c4225fcfe043fdd749fb740fff4cf33c8,0.0007722338899261837,0.004117777004318028,3,cuda,1.0,1,0.5,learned_mixture,0.7294676065995844,64,standard normal at finite u_max,infinite,learned,0.30539688843780544,0.034795171112401935,unbiased,3.0517578125e-05,0.004885742906481028,32768,20849664,0.0,0.3053970847357319,0.03479517111240149,0.0,0.7172935331223559,0.04661279251660517,learned/task_021/cell_0541,193,with_replacement,67108864,0.7887895579915494,102003,completed,512,2,0.2916775876951375,0.030677394250830048,0.0,0.7208357947830255,0.04551361937059231,20.0,0.717293533122356,0.046612536918936964
4,581,4ad56f1f2de8ac7e99a997dc798fcc9a82d5e41bcaa01483fa8161ba24fa2737,4b74724c4225fcfe043fdd749fb740fff4cf33c8,0.004357721875740517,0.01028461071333008,4,cuda,1.0,1,0.5,learned_mixture,0.9561902223280461,64,standard normal at finite u_max,infinite,learned,0.28363929169363306,0.06915528292008441,unbiased,3.051764279510885e-05,0.00486449315212667,32768,20849664,0.2793806281370924,0.28363921982848056,0.06915528292008442,0.2793806307852992,0.3517892356691832,0.06923235638992514,learned/task_021/cell_0581,181,with_replacement,67108864,0.7800173959694803,102004,completed,512,2,0.24645225573826296,0.05887067220675369,0.24238425548518794,0.3573919547089822,0.05904924067789608,20.0,0.3517892356691833,0.0692326293496867
4,621,40d2f60f7b01b721909df18cdd26cc0bda1e28ef62dd47bb3bc9b7acfaa1fbc4,4b74724c4225fcfe043fdd749fb740fff4cf33c8,0.0019292522353990499,0.0061789021621518276,0,cuda,1.0,1,0.5,learned_mixture,0.7934303877684289,64,standard normal at finite u_max,infinite,learned,0.128742149101034,0.016675582078639617,unbiased,3.0517578125e-05,0.004934992175549269,32768,20849664,0.0015284164105974218,0.1287424767675034,0.016675582078639672,0.0015284250122700183,0.4738801645382017,0.024907995508381953,learned/task_021/cell_0621,192,with_replacement,67108864,0.784413302084431,103000,completed,512,3,0.10778310802011049,0.010496679916487173,0.0012270514237916474,0.4709832912933536,0.022419074275063733,20.0,0.4738801645382018,0.024907939208308028
4,661,40d2f60f7b01b721909df18cdd26cc0bda1e28ef62dd47bb3bc9b7acfaa1fbc4,4b74724c4225fcfe043fdd749fb740fff4cf33c8,0.002440645790858468,0.0073672527605675615,1,cuda,1.0,1,0.5,learned_mixture,0.714309949025751,64,standard normal at finite u_max,infinite,learned,0.08704050048896711,0.013286553818044555,unbiased,3.051757842996265e-05,0.0048432128969579935,32768,20849664,0.0,0.0870407550561299,0.013286553818044222,2.220446049250313e-16,0.323420183580435,0.019043734711200095,learned/task_021/cell_0661,196,with_replacement,67108864,0.7887246978934854,103001,completed,512,3,0.11204907126686608,0.02065380657861171,0.0,0.31991406356692653,0.02362110240724877,20.0,0.32342018358043456,0.019043018980597726
4,701,40d2f60f7b01b721909df18cdd26cc0bda1e28ef62dd47bb3bc9b7acfaa1fbc4,4b74724c4225fcfe043fdd749fb740fff4cf33c8,0.0008768850273797625,0.004572397211531084,2,cuda,1.0,1,0.5,learned_mixture,0.894320135877766,64,standard normal at finite u_max,infinite,learned,0.7399450742243215,0.20235475685999374,unbiased,3.0517578125e-05,0.004808933008462191,32768,20849664,0.3771641020969452,0.7399449981416755,0.20235475685999382,0.3771641592081091,0.5858794121749993,0.20235529993651982,learned/task_021/cell_0701,186,with_replacement,67108864,0.7851041879039258,103002,completed,512,3,0.7503947140917957,0.20692715407152534,0.392643017301852,0.5822142775819279,0.2069276527329323,20.0,0.5858794121749993,0.20235539499512378
4,741,40d2f60f7b01b721909df18cdd26cc0bda1e28ef62dd47bb3bc9b7acfaa1fbc4,4b74724c4225fcfe043fdd749fb740fff4cf33c8,0.003369824534078556,0.008873607319577502,3,cuda,1.0,1,0.5,learned_mixture,0.8486756073517447,64,standard normal at finite u_max,infinite,learned,0.12423474719440453,0.011176429073414207,unbiased,3.0517578125e-05,0.004798754118382931,32768,20849664,0.0,0.12423496518493993,0.011176429073414207,0.0,0.4720415811629006,0.022960448225212076,learned/task_021/cell_0741,195,with_replacement,67108864,0.7885901790577918,103003,completed,512,3,0.10162979237828729,0.0023028217538372253,0.0,0.47277306851789636,0.022762835976351946,20.0,0.47204158116290074,0.022959460676645317
4,781,40d2f60f7b01b721909df18cdd26cc0bda1e28ef62dd47bb3bc9b7acfaa1fbc4,4b74724c4225fcfe043fdd749fb740fff4cf33c8,0.0024637516619782605,0.007784584522309842,4,cuda,1.0,1,0.5,learned_mixture,0.5359444754346562,64,standard normal at finite u_max,infinite,learned,0.28724254877301253,0.06368012804568716,unbiased,3.051757947973145e-05,0.00483489315956831,32768,20849664,0.28152941976722257,0.2872425661094231,0.06368012804568714,0.28152945444137867,0.47773025644891864,0.06413806403876823,learned/task_021/cell_0781,180,with_replacement,67108864,0.7841417139861733,103004,completed,512,3,0.31521373719876866,0.07146471256799697,0.30897835243635063,0.4730420629481802,0.07166434164940749,20.0,0.4777302564489183,0.06413777909779247
4,821,4f8f7d024dee2ba1d205fcf59f39c4f32d87524ab703a9051d4ad4e7ca38f59f,4b74724c4225fcfe043fdd749fb740fff4cf33c8,6.939556830359478e-05,0.0011455227980989428,0,cuda,1.0,1,0.5,learned_mixture,0.7970026729364723,64,standard normal at finite u_max,infinite,learned,0.34348814821587426,0.037952577078913585,unbiased,3.0517578125e-05,0.004892202094197273,32768,20849664,0.0011959905108592794,0.3434881847407072,0.03795257707891353,0.0011959975635170705,0.8171061538191166,0.05718263019555398,learned/task_021/cell_0821,192,with_replacement,67108864,0.7853165869601071,104000,completed,512,4,0.34802789025207703,0.03909809987701163,0.0012270514237916474,0.8165247619944713,0.05763837211259057,20.0,0.8171061538191166,0.05718264877637048
4,861,4f8f7d024dee2ba1d205fcf59f39c4f32d87524ab703a9051d4ad4e7ca38f59f,4b74724c4225fcfe043fdd749fb740fff4cf33c8,0.0018676570259862641,0.006437893942253548,1,cuda,1.0,1,0.5,learned_mixture,0.9264980481100377,64,standard normal at finite u_max,infinite,learned,0.46449638783150277,0.10601274358799273,unbiased,3.0517578125001735e-05,0.005291941110044718,32768,20849664,0.0,0.46449623739195994,0.10601274358799351,4.440892098500626e-16,0.5171408505711479,0.10601902607271303,learned/task_021/cell_0861,196,with_replacement,67108864,0.7850028090178967,104001,completed,512,4,0.4870696315764417,0.11245063753024576,0.0,0.5177470090852133,0.11245429398725276,20.0,0.5171408505711483,0.10601868150454893
4,901,4f8f7d024dee2ba1d205fcf59f39c4f32d87524ab703a9051d4ad4e7ca38f59f,4b74724c4225fcfe043fdd749fb740fff4cf33c8,2.428430087408201e-05,0.000713122728557942,2,cuda,1.0,1,0.5,learned_mixture,0.8867188992644836,64,standard normal at finite u_max,infinite,learned,0.6761582368033214,0.1783230141678415,unbiased,3.0517578125e-05,0.004832433070987463,32768,20849664,0.3974289835402143,0.6761579769002511,0.17832301416784155,0.3974290324041745,0.5299985879629743,0.17832246483207015,learned/task_021/cell_0901,187,with_replacement,67108864,0.7890494158491492,104002,completed,512,4,0.674762041148666,0.1776098914392861,0.39481253822915985,0.5284389693410769,0.1776100882885607,20.0,0.5299985879629743,0.17832320296100262
4,941,4f8f7d024dee2ba1d205fcf59f39c4f32d87524ab703a9051d4ad4e7ca38f59f,4b74724c4225fcfe043fdd749fb740fff4cf33c8,0.003208680761353184,0.008616521574054063,3,cuda,1.0,1,0.5,learned_mixture,0.740112174928409,64,standard normal at finite u_max,infinite,learned,0.10208727032895276,0.005555044513795071,unbiased,3.0517578125e-05,0.004821863956749439,32768,20849664,0.0,0.10208760729558192,0.005555044513795071,0.0,0.5009598467201875,0.024449375670688712,learned/task_021/cell_0941,198,with_replacement,67108864,0.7874159561470151,104003,completed,512,4,0.08730464536126126,0.0030614770602590546,0.0,0.5047244813684071,0.02491081604803065,20.0,0.5009598467201875,0.024449474264322
4,981,4f8f7d024dee2ba1d205fcf59f39c4f32d87524ab703a9051d4ad4e7ca38f59f,4b74724c4225fcfe043fdd749fb740fff4cf33c8,2.124630065404088e-06,0.00022534148545752877,4,cuda,1.0,1,0.5,learned_mixture,0.9590193385005308,64,standard normal at finite u_max,infinite,learned,0.43751294536453395,0.08600932407624992,unbiased,3.0517580565048685e-05,0.004843403119593859,32768,20849664,0.3966178236038673,0.43751287337828065,0.08600932407624987,0.3966178454098812,0.6644484925768792,0.08689903393710804,learned/task_021/cell_0981,183,with_replacement,67108864,0.7821498150005937,104004,completed,512,4,0.43835260691461214,0.08623458861396943,0.3974646697932448,0.6644766895118559,0.0871131627757275,20.0,0.6644484925768792,0.08689983294894683
4,22,ce9344dce5f56b4cda176bcdb36371f48911618aa600da1465617419b4995b69,4b74724c4225fcfe043fdd749fb740fff4cf33c8,0.0010844456383777698,0.00462647144353439,0,cuda,1.0,1,0.5,learned_mixture,0.8811351275769197,64,standard normal at finite u_max,infinite,learned,0.27610953179008263,0.04961242919343445,unbiased,3.0517753924006476e-05,2.5344449740368873,32768,37626880,0.0013257875242973442,0.2761095537913396,0.04961242919343428,0.0013257956866655697,0.5244960732865991,0.05131316259209733,learned/task_022/cell_0022,188,without_replacement,67108864,0.8065943901892751,100000,completed,512,0,0.29465744633938745,0.05423890063696907,0.0011243728719262317,0.5240438588596046,0.05548090525389677,20.0,0.5244960732865993,0.0513138481654265
4,62,ce9344dce5f56b4cda176bcdb36371f48911618aa600da1465617419b4995b69,4b74724c4225fcfe043fdd749fb740fff4cf33c8,0.0028177976527941754,0.007894208039786178,1,cuda,1.0,1,0.5,learned_mixture,0.500492088832813,64,standard normal at finite u_max,infinite,learned,0.07847698203246087,0.017939557596660882,unbiased,3.051908642094304e-05,0.010832242900505662,32768,37626880,0.0,0.07847713403678017,0.017939557596661215,2.220446049250313e-16,0.24502762513516108,0.019056500195181687,learned/task_022/cell_0062,192,without_replacement,67108864,0.7994758209679276,100001,completed,512,0,0.10337387339289714,0.02583376563644668,0.0,0.24801438957285404,0.026249670753803155,20.0,0.2450276251351613,0.019056589750349007
4,102,ce9344dce5f56b4cda176bcdb36371f48911618aa600da1465617419b4995b69,4b74724c4225fcfe043fdd749fb740fff4cf33c8,0.0016242032107009856,0.006241713422168208,2,cuda,1.0,1,0.5,learned_mixture,0.7179629098535317,64,standard normal at finite u_max,infinite,learned,0.4013059807183259,0.09959903045762779,unbiased,3.05175781528267e-05,0.004873188911005855,32768,37626880,0.324421146333008,0.4013059061601021,0.0995990304576277,0.3244212058390943,0.40916211591886664,0.09959951173744228,learned/task_022/cell_0102,180,without_replacement,67108864,0.7945026538800448,100002,completed,512,0,0.42372156352815493,0.10584074387979836,0.3455003325768504,0.4028479292673728,0.10584122370380593,20.0,0.4091621159188664,0.09959991069070784
4,142,ce9344dce5f56b4cda176bcdb36371f48911618aa600da1465617419b4995b69,4b74724c4225fcfe043fdd749fb740fff4cf33c8,0.0020413577698234937,0.006893672843241345,3,cuda,1.0,1,0.5,learned_mixture,0.916314244565495,64,standard normal at finite u_max,infinite,learned,0.12140421539244742,0.018203826424768144,unbiased,3.051757812507806e-05,0.005372706102207303,32768,37626880,0.0,0.12140436129178575,0.01820382642476881,0.0,0.4397762496317341,0.025995126940069235,learned/task_022/cell_0142,191,without_replacement,67108864,0.7992089418694377,100003,completed,512,0,0.14455837113091052,0.02509749926800864,0.0,0.44176582801624165,0.030328022109285722,20.0,0.439776249631734,0.025995276090948795
4,182,ce9344dce5f56b4cda176bcdb36371f48911618aa600da1465617419b4995b69,4b74724c4225fcfe043fdd749fb740fff4cf33c8,0.0014426028974729825,0.005948686827752709,4,cuda,1.0,1,0.5,learned_mixture,0.5708662449278492,64,standard normal at finite u_max,infinite,learned,0.19305478415223387,0.04871882343263586,unbiased,3.0538489710858e-05,0.0049854780081659555,32768,37626880,0.18991484566286287,0.19305481167020344,0.04871882343263587,0.18991487716679178,0.2501169489769699,0.04873040782753492,learned/task_022/cell_0182,177,without_replacement,67108864,0.793894245987758,100004,completed,512,0,0.21437471678680786,0.0546675102603874,0.2108827129539682,0.24445602061904637,0.0546728851456207,20.0,0.25011694897697023,0.04873000999274228
4,222,642c9ac8b37cc879a46c5dc332c9d99eb4ae9d0bd2c4b38a1ce3bbe1af22951a,4b74724c4225fcfe043fdd749fb740fff4cf33c8,0.00019057818744338701,0.0018328701345066188,0,cuda,1.0,1,0.5,learned_mixture,0.8864138658897527,64,standard normal at finite u_max,infinite,learned,0.13921429016780149,0.01583258939499016,unbiased,3.0517578425860465e-05,0.005030488129705191,32768,37626880,0.0011517240375558734,0.13921467005574492,0.01583258939499016,0.0011517310960065862,0.5106281080390778,0.027109424547645214,learned/task_022/cell_0222,189,without_replacement,67108864,0.8003589671570808,101000,completed,512,1,0.13222432756167882,0.013999720355946987,0.0011697714383847645,0.5062897431552578,0.026114050096561238,20.0,0.5106281080390777,0.027109367255674637
4,262,642c9ac8b37cc879a46c5dc332c9d99eb4ae9d0bd2c4b38a1ce3bbe1af22951a,4b74724c4225fcfe043fdd749fb740fff4cf33c8,0.00020044819671683972,0.0021100084496748503,1,cuda,1.0,1,0.5,learned_mixture,0.5395489600925036,64,standard normal at finite u_max,infinite,learned,0.20871534391530458,0.044394618553564635,unbiased,3.0517899113039764e-05,0.004909098148345947,32768,37626880,0.0,0.20871540851129508,0.04439461855356441,4.440892098500626e-16,0.3610914794071325,0.04460518676688716,learned/task_022/cell_0262,188,without_replacement,67108864,0.7982537669595331,101001,completed,512,1,0.2008103814123183,0.042284610103889286,0.0,0.3602310065580019,0.042582687866392174,20.0,0.36109147940713215,0.044606342571101104
4,302,642c9ac8b37cc879a46c5dc332c9d99eb4ae9d0bd2c4b38a1ce3bbe1af22951a,4b74724c4225fcfe043fdd749fb740fff4cf33c8,0.00026619708425429205,0.0021914315119830573,2,cuda,1.0,1,0.5,learned_mixture,0.7237325458437616,64,standard normal at finite u_max,infinite,learned,0.3432921920083075,0.09006505385316269,unbiased,3.0517578125e-05,0.00494937808252871,32768,37626880,0.3182486782266061,0.343292109294029,0.09006505385316267,0.3182487235620072,0.36162693541815405,0.09006897774919229,learned/task_022/cell_0302,180,without_replacement,67108864,0.7987312159966677,101002,completed,512,1,0.33609443051534477,0.08787444997903422,0.30975215452866556,0.3511227833700723,0.08787813583317725,20.0,0.36162693541815416,0.09006880937839687
4,342,642c9ac8b37cc879a46c5dc332c9d99eb4ae9d0bd2c4b38a1ce3bbe1af22951a,4b74724c4225fcfe043fdd749fb740fff4cf33c8,0.0009395875936035435,0.004653360341217085,3,cuda,1.0,1,0.5,learned_mixture,0.8926457304330235,64,standard normal at finite u_max,infinite,learned,0.1646092315158016,0.033361844125426865,unbiased,3.051757812522291e-05,0.0049109379760921,32768,37626880,0.0,0.16460933131240413,0.033361844125426865,0.0,0.44261007690656895,0.03745610297737183,learned/task_022/cell_0342,192,without_replacement,67108864,0.7921315841376781,101003,completed,512,1,0.14762721379568666,0.028708483784208427,0.0,0.4373512922617381,0.033750905992213934,20.0,0.44261007690656895,0.03745706226797561
4,382,642c9ac8b37cc879a46c5dc332c9d99eb4ae9d0bd2c4b38a1ce3bbe1af22951a,4b74724c4225fcfe043fdd749fb740fff4cf33c8,0.0002667290590314328,0.0024383532218283147,4,cuda,1.0,1,0.5,learned_mixture,0.5189921769685226,64,standard normal at finite u_max,infinite,learned,0.2780286624789632,0.07083674301478793,unbiased,3.051766824829684e-05,0.004775309003889561,32768,37626880,0.26645472056930464,0.27802862762808767,0.07083674301478793,0.26645473723793256,0.27465627497444034,0.07090868503527581,learned/task_022/cell_0382,176,without_replacement,67108864,0.7952049500308931,101004,completed,512,1,0.26944639886743416,0.06839838979297166,0.2575071248773153,0.2674934196591938,0.06847514921037584,20.0,0.27465627497444,0.07090824374515217
4,422,4ad56f1f2de8ac7e99a997dc798fcc9a82d5e41bcaa01483fa8161ba24fa2737,4b74724c4225fcfe043fdd749fb740fff4cf33c8,0.001914470667049552,0.006064836849839791,0,cuda,1.0,1,0.5,learned_mixture,0.8615639684744754,64,standard normal at finite u_max,infinite,learned,0.2151453046953224,0.0391399804897164,unbiased,3.051757813491915e-05,0.004986788146197796,32768,37626880,0.0007751658994208267,0.2151452636270787,0.03913998048971645,0.000775171801268504,0.2641703069383795,0.040045126685478494,learned/task_022/cell_0422,188,without_replacement,67108864,0.8003069879487157,102000,completed,512,2,0.19048313428135483,0.03307514363987857,0.001050912513570801,0.27320962948605243,0.0347123089050117,20.0,0.2641703069383795,0.04004602074282061
4,462,4ad56f1f2de8ac7e99a997dc798fcc9a82d5e41bcaa01483fa8161ba24fa2737,4b74724c4225fcfe043fdd749fb740fff4cf33c8,0.004621013677490787,0.009768407502576853,1,cuda,1.0,1,0.5,learned_mixture,0.996801591822858,64,standard normal at finite u_max,infinite,learned,0.143160095089912,0.0328003851789177,unbiased,3.052091063788544e-05,0.005202386993914843,32768,37626880,0.0,0.14316016753883554,0.032800385178916924,6.661338147750939e-16,0.28582364116549497,0.03300733286759137,learned/task_022/cell_0462,192,without_replacement,67108864,0.8022089700680226,102001,completed,512,2,0.10955639891867602,0.023031977676340354,0.0,0.30508043428714415,0.024418160912652746,20.0,0.2858236411654944,0.03300743291347982
4,502,4ad56f1f2de8ac7e99a997dc798fcc9a82d5e41bcaa01483fa8161ba24fa2737,4b74724c4225fcfe043fdd749fb740fff4cf33c8,0.002079091341065698,0.007077790862263183,2,cuda,1.0,1,0.5,learned_mixture,0.59240723868702,64,standard normal at finite u_max,infinite,learned,0.41138066776874704,0.09912962788478985,unbiased,3.051766796828694e-05,0.005018587922677398,32768,37626880,0.3577913740877532,0.41138049332873305,0.09912962788478986,0.35779141180177576,0.4467801324895314,0.09913132443649184,learned/task_022/cell_0502,181,without_replacement,67108864,0.7965153851546347,102002,completed,512,2,0.3865179025938531,0.09205183702252864,0.3325993173748558,0.44615306449251735,0.09205698883515166,20.0,0.4467801324895312,0.09913203324562961
4,542,4ad56f1f2de8ac7e99a997dc798fcc9a82d5e41bcaa01483fa8161ba24fa2737,4b74724c4225fcfe043fdd749fb740fff4cf33c8,0.0007722338899261837,0.004117777004318028,3,cuda,1.0,1,0.5,learned_mixture,0.8910985674042838,64,standard normal at finite u_max,infinite,learned,0.1738623579743241,0.02844540070643098,unbiased,3.051757829009103e-05,0.005064387107267976,32768,37626880,0.0,0.17386240240979478,0.028445400706430535,0.0,0.5140607113302382,0.03516024252166195,learned/task_022/cell_0542,191,without_replacement,67108864,0.8036187440156937,102003,completed,512,2,0.16029168964136697,0.024327623844859092,0.0,0.5201494440383336,0.03321292781325923,20.0,0.5140607113302382,0.03516068567459485
4,582,4ad56f1f2de8ac7e99a997dc798fcc9a82d5e41bcaa01483fa8161ba24fa2737,4b74724c4225fcfe043fdd749fb740fff4cf33c8,0.004357721875740517,0.01028461071333008,4,cuda,1.0,1,0.5,learned_mixture,0.9639951591981343,64,standard normal at finite u_max,infinite,learned,0.29007121901414934,0.0786518732581796,unbiased,3.0517889962744476e-05,0.005203928099945188,32768,37626880,0.27540689213876135,0.29007102801992324,0.0786518732581796,0.27540689478696834,0.16172970881991733,0.07865488554261757,learned/task_022/cell_0582,178,without_replacement,67108864,0.7975090411491692,102004,completed,512,2,0.25389425791875214,0.06836726254484887,0.23841051948685688,0.16897518078572338,0.06837310418443683,20.0,0.16172970881991766,0.07865395257689622
4,622,40d2f60f7b01b721909df18cdd26cc0bda1e28ef62dd47bb3bc9b7acfaa1fbc4,4b74724c4225fcfe043fdd749fb740fff4cf33c8,0.0019292522353990499,0.0061789021621518276,0,cuda,1.0,1,0.5,learned_mixture,0.8742872620649358,64,standard normal at finite u_max,infinite,learned,0.09793990175523287,0.013323959778433148,unbiased,3.0517643840421637e-05,0.005239736055955291,32768,37626880,0.0015284164105974218,0.0979401941718761,0.013323959778433037,0.0015284250122700183,0.3606128473765283,0.01978158692358769,learned/task_022/cell_0622,187,without_replacement,67108864,0.8001490489114076,103000,completed,512,3,0.11999902728017867,0.019502861940585592,0.0012270514237916474,0.3570923119192235,0.023414998470436703,20.0,0.36061284737652843,0.019781349361291757
4,662,40d2f60f7b01b721909df18cdd26cc0bda1e28ef62dd47bb3bc9b7acfaa1fbc4,4b74724c4225fcfe043fdd749fb740fff4cf33c8,0.002440645790858468,0.0073672527605675615,1,cuda,1.0,1,0.5,learned_mixture,0.7844630855842255,64,standard normal at finite u_max,infinite,learned,0.14458704246563203,0.030303859554624668,unbiased,3.0518299452214674e-05,0.004805238917469978,32768,37626880,0.0,0.14458718274950755,0.030303859554624335,0.0,0.3257748979589986,0.030538985434354033,learned/task_022/cell_0662,192,without_replacement,67108864,0.7956814500503242,103001,completed,512,3,0.17138936157147222,0.037671112315191824,0.0,0.3222809803656753,0.03773661651965343,20.0,0.32577489795899817,0.030538850658167305
4,702,40d2f60f7b01b721909df18cdd26cc0bda1e28ef62dd47bb3bc9b7acfaa1fbc4,4b74724c4225fcfe043fdd749fb740fff4cf33c8,0.0008768850273797625,0.004572397211531084,2,cuda,1.0,1,0.5,learned_mixture,0.6414170011612819,64,standard normal at finite u_max,infinite,learned,0.49050164261283574,0.12013347843753283,unbiased,3.051757822403233e-05,0.004978217883035541,32768,37626880,0.35783378618877504,0.4905016072375397,0.12013347843753282,0.35783384329993884,0.5002500796778095,0.1201378701020073,learned/task_022/cell_0702,181,without_replacement,67108864,0.8011480150744319,103002,completed,512,3,0.5061175061196701,0.12470587564906443,0.3733127013936819,0.4958270908800837,0.12470809197991861,20.0,0.5002500796778094,0.12013660190452102
4,742,40d2f60f7b01b721909df18cdd26cc0bda1e28ef62dd47bb3bc9b7acfaa1fbc4,4b74724c4225fcfe043fdd749fb740fff4cf33c8,0.003369824534078556,0.008873607319577502,3,cuda,1.0,1,0.5,learned_mixture,0.9026559143915565,64,standard normal at finite u_max,infinite,learned,0.12006571280184303,0.014319201066281928,unbiased,3.0517632417262824e-05,0.0050985480193048716,32768,37626880,0.0,0.12006594114108265,0.014319201066282927,0.0,0.4687161146517812,0.02783121132564488,learned/task_022/cell_0742,190,without_replacement,67108864,0.7912892289459705,103003,completed,512,3,0.15128444300763347,0.02319280838585891,0.0,0.4694522094467104,0.03207479099180922,20.0,0.46871611465178087,0.027831787898369275
4,782,40d2f60f7b01b721909df18cdd26cc0bda1e28ef62dd47bb3bc9b7acfaa1fbc4,4b74724c4225fcfe043fdd749fb740fff4cf33c8,0.0024637516619782605,0.007784584522309842,4,cuda,1.0,1,0.5,learned_mixture,0.5633997072357376,64,standard normal at finite u_max,infinite,learned,0.2485313618667384,0.06276058318485894,unbiased,3.052959898287097e-05,0.004818439017981291,32768,37626880,0.23977476591226465,0.24853133061503618,0.06276058318485896,0.2397748005864212,0.31897352803610823,0.062956705004859,learned/task_022/cell_0782,178,without_replacement,67108864,0.7866810790728778,103004,completed,512,3,0.27654539734130656,0.07054516770716873,0.2672236985813927,0.3128602428628511,0.07063522298451236,20.0,0.31897352803610834,0.06295623951841209
4,822,4f8f7d024dee2ba1d205fcf59f39c4f32d87524ab703a9051d4ad4e7ca38f59f,4b74724c4225fcfe043fdd749fb740fff4cf33c8,6.939556830359478e-05,0.0011455227980989428,0,cuda,1.0,1,0.5,learned_mixture,0.8613283712780279,64,standard normal at finite u_max,infinite,learned,0.13972458756770523,0.025872963299607254,unbiased,3.0517578134122043e-05,0.0048087891191244125,32768,37626880,0.0006024711371564669,0.13972487263765448,0.025872963299607254,0.0006024781898142579,0.3405966943041613,0.026705846241374988,learned/task_022/cell_0822,189,without_replacement,67108864,0.859100729925558,104000,completed,512,4,0.13523544056254183,0.024727440501509212,0.0006335320500888349,0.3385005511091823,0.025697105497570715,20.0,0.3405966943041614,0.02670545884368645
4,862,4f8f7d024dee2ba1d205fcf59f39c4f32d87524ab703a9051d4ad4e7ca38f59f,4b74724c4225fcfe043fdd749fb740fff4cf33c8,0.0018676570259862641,0.006437893942253548,1,cuda,1.0,1,0.5,learned_mixture,0.9614195092174377,64,standard normal at finite u_max,infinite,learned,0.0927010968513115,0.01507695760267258,unbiased,3.051772765019956e-05,0.005274647148326039,32768,37626880,0.0,0.09270123294260868,0.015076957602673025,0.0,0.3457718369887153,0.02054480003767922,learned/task_022/cell_0862,192,without_replacement,67108864,0.7907003208529204,104001,completed,512,4,0.1142460679647789,0.021514851544925606,0.0,0.3465931240485537,0.02462068748670948,20.0,0.3457718369887155,0.020545003628206226
4,902,4f8f7d024dee2ba1d205fcf59f39c4f32d87524ab703a9051d4ad4e7ca38f59f,4b74724c4225fcfe043fdd749fb740fff4cf33c8,2.428430087408201e-05,0.000713122728557942,2,cuda,1.0,1,0.5,learned_mixture,0.591799499435168,64,standard normal at finite u_max,infinite,learned,0.3121602999008297,0.0707355721886361,unbiased,3.051757927867742e-05,0.004737118957564235,32768,37626880,0.2873405882064983,0.31216027019535586,0.07073557218863613,0.28734063707045854,0.4341715067511491,0.07075491044370408,learned/task_022/cell_0902,181,without_replacement,67108864,0.7899648349266499,104002,completed,512,4,0.309716841281539,0.07002244946008071,0.2847241428954439,0.4322939024881187,0.07004391202492616,20.0,0.43417150675114935,0.07075530894444568
4,942,4f8f7d024dee2ba1d205fcf59f39c4f32d87524ab703a9051d4ad4e7ca38f59f,4b74724c4225fcfe043fdd749fb740fff4cf33c8,0.003208680761353184,0.008616521574054063,3,cuda,1.0,1,0.5,learned_mixture,0.8815671524180458,64,standard normal at finite u_max,infinite,learned,0.08768782266144706,0.002828856698042337,unbiased,3.051757813468149e-05,0.004893237957730889,32768,37626880,0.0,0.08768799162752622,0.0028288566980418928,0.0,0.44922181369242464,0.02287708196738564,learned/task_022/cell_0942,192,without_replacement,67108864,0.7922487349715084,104003,completed,512,4,0.09140735811646905,0.005787664876011789,0.0,0.453376747178297,0.02400343402304391,20.0,0.44922181369242487,0.02287693642830395
4,982,4f8f7d024dee2ba1d205fcf59f39c4f32d87524ab703a9051d4ad4e7ca38f59f,4b74724c4225fcfe043fdd749fb740fff4cf33c8,2.124630065404088e-06,0.00022534148545752877,4,cuda,1.0,1,0.5,learned_mixture,0.6061638375589358,64,standard normal at finite u_max,infinite,learned,0.22658246748365996,0.053632654532372086,unbiased,3.05176641325032e-05,0.004872248042374849,32768,37626880,0.2253021991345059,0.2265824834278859,0.05363265453237204,0.22530222094051966,0.32481033852819563,0.05389966192786984,learned/task_022/cell_0982,179,without_replacement,67108864,0.79060561186634,104004,completed,512,4,0.22743564447441256,0.05385791907009161,0.22614904532388336,0.32486707580566343,0.054121945205460965,20.0,0.32481033852819563,0.053899361150205036
4,23,ce9344dce5f56b4cda176bcdb36371f48911618aa600da1465617419b4995b69,4b74724c4225fcfe043fdd749fb740fff4cf33c8,0.0010844456383777698,0.00462647144353439,0,cuda,1.0,1,0.5,learned_mixture,0.8055137876540066,64,standard normal at finite u_max,finite,learned,0.35867372433810873,0.0921104540021569,tail,0.00014638264682743636,2.1206770287826657,32768,20849664,0.0013998622015307979,0.3586737338929498,0.0921104540021569,0.0013998703638990237,0.05271025112323258,0.0921110318619783,learned/task_023/cell_0023,99,with_replacement,67108864,0.9894042769446969,100000,completed,512,0,0.3426897869147644,0.08748398255862228,0.0011984475491596854,0.05180935826636979,0.08748445831608911,20.0,0.052710251123232355,0.09211083259485146
4,63,ce9344dce5f56b4cda176bcdb36371f48911618aa600da1465617419b4995b69,4b74724c4225fcfe043fdd749fb740fff4cf33c8,0.0028177976527941754,0.007894208039786178,1,cuda,1.0,1,0.5,learned_mixture,0.9937437150758137,64,standard normal at finite u_max,finite,learned,0.8192952803729877,0.2619326437013043,tail,3.225483403915415e-05,0.004900709725916386,32768,20849664,0.0,0.8192951589209488,0.26193264370130376,3.3306690738754696e-16,0.26342838620656084,0.26193217878943853,learned/task_023/cell_0063,131,with_replacement,67108864,0.9961187955923378,100001,completed,512,0,0.8311414399739127,0.2698268517410901,0.0,0.26634235494917324,0.2698268528581159,20.0,0.2634283862065605,0.2619326453030833
4,103,ce9344dce5f56b4cda176bcdb36371f48911618aa600da1465617419b4995b69,4b74724c4225fcfe043fdd749fb740fff4cf33c8,0.0016242032107009856,0.006241713422168208,2,cuda,1.0,1,0.5,learned_mixture,0.738729051301347,64,standard normal at finite u_max,finite,learned,0.01619782292951777,0.003755699798150547,tail,3.5159436815522664e-05,0.00480022095143795,32768,20849664,0.013149880015017601,0.016197492286606052,0.003755699798150547,0.013149820508930654,0.03769421729317535,0.0038031272085789214,learned/task_023/cell_0103,91,with_replacement,67108864,0.9824479790404439,100002,completed,512,0,0.015690117105721102,0.0024860136240200253,0.007929306228824817,0.04878388359877217,0.0033859732357706986,20.0,0.03769421729317535,0.003804215345227414
4,143,ce9344dce5f56b4cda176bcdb36371f48911618aa600da1465617419b4995b69,4b74724c4225fcfe043fdd749fb740fff4cf33c8,0.0020413577698234937,0.006893672843241345,3,cuda,1.0,1,0.5,learned_mixture,0.6044587721523172,64,standard normal at finite u_max,finite,learned,0.8626664132341736,0.30758583924359995,tail,3.0517625720555176e-05,0.0052828178741037846,32768,20849664,0.0,0.8626661969351711,0.3075858392435995,0.0,0.12013865956681835,0.3075853773235742,learned/task_023/cell_0143,132,with_replacement,67108864,0.9989488078281283,100003,completed,512,0,0.8539922614492883,0.30069216640035945,0.0,0.12326339875029468,0.300692166427562,20.0,0.12013865956681824,0.3075858392610028
4,183,ce9344dce5f56b4cda176bcdb36371f48911618aa600da1465617419b4995b69,4b74724c4225fcfe043fdd749fb740fff4cf33c8,0.0014426028974729825,0.005948686827752709,4,cuda,1.0,1,0.5,learned_mixture,0.7695793501574336,64,standard normal at finite u_max,finite,learned,0.020402293081009604,0.0029940802333650665,tail,9.371497488118193e-05,0.004963910207152367,32768,20849664,0.016681293747644377,0.020402275479477594,0.0029940802333650804,0.016681325251573176,0.02974482108085219,0.004890261851958816,learned/task_023/cell_0183,95,with_replacement,67108864,0.9841984361410141,100004,completed,512,0,0.041729966262787466,0.008942767061116609,0.03764916103874971,0.03751844878337063,0.00997889193794274,20.0,0.02974482108085197,0.004890766195336246
4,223,642c9ac8b37cc879a46c5dc332c9d99eb4ae9d0bd2c4b38a1ce3bbe1af22951a,4b74724c4225fcfe043fdd749fb740fff4cf33c8,0.00019057818744338701,0.0018328701345066188,0,cuda,1.0,1,0.5,learned_mixture,0.6751650211731144,64,standard normal at finite u_max,finite,learned,0.2721639163298467,0.06663121626171914,tail,0.00014945999488623072,0.004864421207457781,32768,20849664,0.0012090040229627563,0.27216368586361106,0.06663121626171908,0.0012090110814134691,0.08599356474329845,0.06663255561074272,learned/task_023/cell_0223,104,with_replacement,67108864,0.9859101669862866,101000,completed,512,1,0.2797843475187161,0.06846408530076231,0.0012270514237916474,0.07789074255951067,0.06846506392164223,20.0,0.08599356474329811,0.06663235356176869
4,263,642c9ac8b37cc879a46c5dc332c9d99eb4ae9d0bd2c4b38a1ce3bbe1af22951a,4b74724c4225fcfe043fdd749fb740fff4cf33c8,0.00020044819671683972,0.0021100084496748503,1,cuda,1.0,1,0.5,learned_mixture,0.9943488864956114,64,standard normal at finite u_max,finite,learned,0.7967684790033281,0.24488053345826288,tail,3.090732802000374e-05,0.0047854213044047356,32768,20849664,0.0,0.7967681470252985,0.24488053345826377,6.661338147750939e-16,0.3054351392259259,0.2448790461265662,learned/task_023/cell_0263,128,with_replacement,67108864,0.9955695490352809,101001,completed,512,1,0.7930262463254634,0.24277052500858753,0.0,0.3044997092145981,0.24277052573068159,20.0,0.30543513922592647,0.24488053412122482
4,303,642c9ac8b37cc879a46c5dc332c9d99eb4ae9d0bd2c4b38a1ce3bbe1af22951a,4b74724c4225fcfe043fdd749fb740fff4cf33c8,0.00026619708425429205,0.0021914315119830573,2,cuda,1.0,1,0.5,learned_mixture,0.784238598684537,64,standard normal at finite u_max,finite,learned,0.05406075967669233,0.01641232030893313,tail,0.00011923854992001347,0.004826350603252649,32768,20849664,0.04692150860478672,0.054060618811668015,0.016412320308933095,0.04692155394018749,0.05889062609107776,0.016412840201772853,learned/task_023/cell_0303,89,with_replacement,67108864,0.9813368362374604,101002,completed,512,1,0.04794855075289384,0.014221716434804667,0.038424984906846205,0.07631421232279822,0.014222533440291181,20.0,0.05889062609107798,0.016413155889404805
4,343,642c9ac8b37cc879a46c5dc332c9d99eb4ae9d0bd2c4b38a1ce3bbe1af22951a,4b74724c4225fcfe043fdd749fb740fff4cf33c8,0.0009395875936035435,0.004653360341217085,3,cuda,1.0,1,0.5,learned_mixture,0.6591290111466522,64,standard normal at finite u_max,finite,learned,0.8572276371240524,0.2923852555504318,tail,3.05519245629986e-05,0.00479629123583436,32768,20849664,0.0,0.8572274678984776,0.2923852555504314,0.0,0.3122653984296486,0.2923865415698956,learned/task_023/cell_0343,131,with_replacement,67108864,0.9984146528877318,101003,completed,512,1,0.8646912410066232,0.29703861589165026,0.0,0.3057768560060875,0.2970386160454559,20.0,0.3122653984296483,0.2923852557756923
4,383,642c9ac8b37cc879a46c5dc332c9d99eb4ae9d0bd2c4b38a1ce3bbe1af22951a,4b74724c4225fcfe043fdd749fb740fff4cf33c8,0.0002667290590314328,0.0024383532218283147,4,cuda,1.0,1,0.5,learned_mixture,0.7895245151138327,64,standard normal at finite u_max,finite,learned,0.014034897737285834,0.0025320303301608425,tail,0.00015361819802477212,0.004735722206532955,32768,20849664,0.0076018585522557025,0.014034728502674287,0.0025320303301608477,0.007601875220883958,0.047767611820698885,0.003037133940326977,learned/task_023/cell_0383,88,with_replacement,67108864,0.9815021445974708,101004,completed,512,1,0.008001620720726965,9.367710834456457e-05,0.001345737139733627,0.05811444125967702,0.0024534569166676087,20.0,0.04776761182069866,0.0030379252232116145
4,423,4ad56f1f2de8ac7e99a997dc798fcc9a82d5e41bcaa01483fa8161ba24fa2737,4b74724c4225fcfe043fdd749fb740fff4cf33c8,0.001914470667049552,0.006064836849839791,0,cuda,1.0,1,0.5,learned_mixture,0.5879745673521707,64,standard normal at finite u_max,finite,learned,0.30157972745023215,0.07614718521675679,tail,8.24606427201104e-05,0.005181008018553257,32768,20849664,0.0009513048096416732,0.3015794556237484,0.07614718521675673,0.0009513107114893504,0.052896239819173796,0.07614849135838413,learned/task_023/cell_0423,102,with_replacement,67108864,0.9856330598704517,102000,completed,512,2,0.32327734431671046,0.08221202206659461,0.0012270514237916474,0.06453096515727119,0.08221220268459141,20.0,0.05289623981917402,0.07614738864675166
4,463,4ad56f1f2de8ac7e99a997dc798fcc9a82d5e41bcaa01483fa8161ba24fa2737,4b74724c4225fcfe043fdd749fb740fff4cf33c8,0.004621013677490787,0.009768407502576853,1,cuda,1.0,1,0.5,learned_mixture,0.9210461695108844,64,standard normal at finite u_max,finite,learned,0.8585589127910851,0.2767305177733055,tail,3.062812940602137e-05,0.004934989847242832,32768,20849664,0.0,0.8585587162984948,0.2767305177733058,2.220446049250313e-16,0.32820765340669245,0.2767305280154245,learned/task_023/cell_0463,127,with_replacement,67108864,0.9960647369734943,102001,completed,512,2,0.8420723541156067,0.26696211027072814,0.0,0.3463216193466555,0.2669621104251174,20.0,0.32820765340669267,0.27673051783225217
4,503,4ad56f1f2de8ac7e99a997dc798fcc9a82d5e41bcaa01483fa8161ba24fa2737,4b74724c4225fcfe043fdd749fb740fff4cf33c8,0.002079091341065698,0.007077790862263183,2,cuda,1.0,1,0.5,learned_mixture,0.6949674647273383,64,standard normal at finite u_max,finite,learned,0.013859220396330363,0.002644599882470275,tail,5.798453020855243e-05,0.0048009599559009075,32768,20849664,0.0023031366654332475,0.013859363294324356,0.002644599882470261,0.002303174379455597,0.02805024731572825,0.0032312951226123304,learned/task_023/cell_0503,92,with_replacement,67108864,0.9823012007400393,102002,completed,512,2,0.03395590548192007,0.009722390744731475,0.022888920047464123,0.026948554082336318,0.009725563937131424,20.0,0.028050247315727583,0.003232298084463869
4,543,4ad56f1f2de8ac7e99a997dc798fcc9a82d5e41bcaa01483fa8161ba24fa2737,4b74724c4225fcfe043fdd749fb740fff4cf33c8,0.0007722338899261837,0.004117777004318028,3,cuda,1.0,1,0.5,learned_mixture,0.5781937286444732,64,standard normal at finite u_max,finite,learned,0.9340038670473095,0.3547891129119125,tail,3.053608347488927e-05,0.004760261159390211,32768,20849664,0.0,0.9340037348033478,0.35478911291191295,0.0,0.38642546026019964,0.3547892919299467,learned/task_023/cell_0543,135,with_replacement,67108864,0.9994920371100307,102003,completed,512,2,0.9360805682068986,0.3589068897734844,0.0,0.39411343992365744,0.35890688978390795,20.0,0.38642546026019975,0.35478911292151505
4,583,4ad56f1f2de8ac7e99a997dc798fcc9a82d5e41bcaa01483fa8161ba24fa2737,4b74724c4225fcfe043fdd749fb740fff4cf33c8,0.004357721875740517,0.01028461071333008,4,cuda,1.0,1,0.5,learned_mixture,0.7708420322267916,64,standard normal at finite u_max,finite,learned,0.06288288046448143,0.014723022091368818,tail,0.00011193255742260314,0.004784290678799152,32768,20849664,0.06158072076498555,0.06288286694149414,0.014723022091368818,0.06158072341319221,0.06876459510609867,0.015094509596783975,learned/task_023/cell_0583,92,with_replacement,67108864,0.9815901652909815,102004,completed,512,2,0.02577537386057105,0.00443841137803809,0.024584348113081078,0.07681359802403098,0.006015954068512295,20.0,0.06876459510609856,0.015095211645440464
4,623,40d2f60f7b01b721909df18cdd26cc0bda1e28ef62dd47bb3bc9b7acfaa1fbc4,4b74724c4225fcfe043fdd749fb740fff4cf33c8,0.0019292522353990499,0.0061789021621518276,0,cuda,1.0,1,0.5,learned_mixture,0.6820494666013134,64,standard normal at finite u_max,finite,learned,0.30771341027385785,0.07666162140711008,tail,0.00011848986119436876,0.0047939009964466095,32768,20849664,0.001444487410401472,0.30771315307359826,0.07666162140711008,0.0014444960120740685,0.10805907304742768,0.07666286594634088,learned/task_023/cell_0623,96,with_replacement,67108864,0.9822087720967829,103000,completed,512,3,0.28459202720605625,0.07048271924495764,0.0011431224235956977,0.10314794894011048,0.07048349813374725,20.0,0.10805907304742746,0.07666223048486745
4,663,40d2f60f7b01b721909df18cdd26cc0bda1e28ef62dd47bb3bc9b7acfaa1fbc4,4b74724c4225fcfe043fdd749fb740fff4cf33c8,0.002440645790858468,0.0073672527605675615,1,cuda,1.0,1,0.5,learned_mixture,0.9944392396574063,64,standard normal at finite u_max,finite,learned,0.7769357914469711,0.24055430503189879,tail,3.0550354546779445e-05,0.004773921333253384,32768,20849664,0.0,0.7769357343441468,0.24055430503189834,1.1102230246251565e-16,0.2311429946026039,0.24055522018154765,learned/task_023/cell_0663,131,with_replacement,67108864,0.9987676022574306,103001,completed,512,3,0.7915058130449174,0.24792155779246594,0.0,0.2271586828204175,0.2479215580038326,20.0,0.23114299460260346,0.24055430534708452
4,703,40d2f60f7b01b721909df18cdd26cc0bda1e28ef62dd47bb3bc9b7acfaa1fbc4,4b74724c4225fcfe043fdd749fb740fff4cf33c8,0.0008768850273797625,0.004572397211531084,2,cuda,1.0,1,0.5,learned_mixture,0.6994700240658239,64,standard normal at finite u_max,finite,learned,0.1867576822572598,0.0498223839369895,tail,0.00014347590427585613,0.004765491001307964,32768,20849664,0.15998472205484804,0.18675757964482081,0.0498223839369895,0.15998477916601217,0.055656698237113944,0.049822136659583474,learned/task_023/cell_0703,93,with_replacement,67108864,0.982568128965795,103002,completed,512,3,0.20338774994220737,0.0543947811485211,0.1754636372597549,0.04729887830547341,0.05439487979373876,20.0,0.055656698237113944,0.049822512156243545
4,743,40d2f60f7b01b721909df18cdd26cc0bda1e28ef62dd47bb3bc9b7acfaa1fbc4,4b74724c4225fcfe043fdd749fb740fff4cf33c8,0.003369824534078556,0.008873607319577502,3,cuda,1.0,1,0.5,learned_mixture,0.5442302654560242,64,standard normal at finite u_max,finite,learned,0.8452350688016192,0.3143909108461769,tail,3.0875760963352686e-05,0.004789189901202917,32768,20849664,0.0,0.8452348618582499,0.314390910846176,0.0,0.3616114028631827,0.31439183337462867,learned/task_023/cell_0743,132,with_replacement,67108864,0.9969750130549073,103003,completed,512,3,0.8324041023274491,0.3055173035265999,0.0,0.35972488777397205,0.3055173035267956,20.0,0.36161140286318316,0.31439091084628334
4,783,40d2f60f7b01b721909df18cdd26cc0bda1e28ef62dd47bb3bc9b7acfaa1fbc4,4b74724c4225fcfe043fdd749fb740fff4cf33c8,0.0024637516619782605,0.007784584522309842,4,cuda,1.0,1,0.5,learned_mixture,0.7463982573272305,64,standard normal at finite u_max,finite,learned,0.04261984827578513,0.009446648194183487,tail,0.00022139060647020817,0.005257678218185902,32768,20849664,0.02218027841996517,0.042619605684827366,0.009446648194183473,0.022180313094121384,0.27523378885265504,0.01296766526376995,learned/task_023/cell_0783,91,with_replacement,67108864,0.9799147471785545,103004,completed,512,3,0.06718333863157788,0.017231232716493284,0.04962921108909324,0.28668102054593825,0.01825650824007087,20.0,0.27523378885265526,0.012967068229651931
4,823,4f8f7d024dee2ba1d205fcf59f39c4f32d87524ab703a9051d4ad4e7ca38f59f,4b74724c4225fcfe043fdd749fb740fff4cf33c8,6.939556830359478e-05,0.0011455227980989428,0,cuda,1.0,1,0.5,learned_mixture,0.6703719264243122,64,standard normal at finite u_max,finite,learned,0.300274197929952,0.07363863645043339,tail,4.317654127910261e-05,0.004765850957483053,32768,20849664,0.0011959905108592794,0.3002741272171492,0.0736386364504335,0.0011959975635170705,0.12358516862231139,0.07363961314158175,learned/task_023/cell_0823,98,with_replacement,67108864,0.9840700910426676,104000,completed,512,4,0.3048952143000486,0.07478415924853143,0.0012270514237916474,0.12079917866911816,0.07478443576104936,20.0,0.1235851686223115,0.07363893432992225
4,863,4f8f7d024dee2ba1d205fcf59f39c4f32d87524ab703a9051d4ad4e7ca38f59f,4b74724c4225fcfe043fdd749fb740fff4cf33c8,0.0018676570259862641,0.006437893942253548,1,cuda,1.0,1,0.5,learned_mixture,0.5073890703595075,64,standard normal at finite u_max,finite,learned,0.7272709035238734,0.21276051166117194,tail,3.3472220099807514e-05,0.004733131267130375,32768,20849664,0.0,0.7272704971170096,0.21276051166117294,4.440892098500626e-16,0.2790713422254404,0.21276169374938708,learned/task_023/cell_0863,128,with_replacement,67108864,0.9957581898197532,104001,completed,512,4,0.7415895166680135,0.21919840560342496,0.0,0.27997636192830955,0.21919840786974304,20.0,0.27907134222544094,0.21276051478315344
4,903,4f8f7d024dee2ba1d205fcf59f39c4f32d87524ab703a9051d4ad4e7ca38f59f,4b74724c4225fcfe043fdd749fb740fff4cf33c8,2.428430087408201e-05,0.000713122728557942,2,cuda,1.0,1,0.5,learned_mixture,0.6280969874514818,64,standard normal at finite u_max,finite,learned,0.04538662385504022,0.010810803537712781,tail,0.00022978047150501476,0.004821729846298695,32768,20849664,0.043302796341776584,0.04538667700861987,0.010810803537712774,0.04330284520573646,0.06618086029463577,0.010949628508668036,learned/task_023/cell_0903,89,with_replacement,67108864,0.9824087107554078,104002,completed,512,4,0.042777784814994446,0.010097680809157392,0.040686351030722157,0.06308214254088118,0.010253793961522421,20.0,0.06618086029463566,0.010951143572276244
4,943,4f8f7d024dee2ba1d205fcf59f39c4f32d87524ab703a9051d4ad4e7ca38f59f,4b74724c4225fcfe043fdd749fb740fff4cf33c8,0.003208680761353184,0.008616521574054063,3,cuda,1.0,1,0.5,learned_mixture,0.6222642716123763,64,standard normal at finite u_max,finite,learned,0.8814458348197698,0.3237807138048596,tail,3.137954231751407e-05,0.004758470691740513,32768,20849664,0.0,0.881445849656443,0.3237807138048594,0.0,0.22979457006331283,0.3237816840167099,learned/task_023/cell_0943,133,with_replacement,67108864,0.9993825689889491,104003,completed,512,4,0.8900172558943227,0.33239723537891375,0.0,0.23560480803460637,0.33239723539124394,20.0,0.22979457006331283,0.32378071382209017
4,983,4f8f7d024dee2ba1d205fcf59f39c4f32d87524ab703a9051d4ad4e7ca38f59f,4b74724c4225fcfe043fdd749fb740fff4cf33c8,2.124630065404088e-06,0.00022534148545752877,4,cuda,1.0,1,0.5,learned_mixture,0.6088345655425519,64,standard normal at finite u_max,finite,learned,0.01743538661947619,0.002664085505230991,tail,9.195570929387316e-05,0.004734830930829048,32768,20849664,0.010299379199241399,0.017435522101719392,0.0026640855052310307,0.010299357393227626,0.06174149143941754,0.004032773305640472,learned/task_023/cell_0983,92,with_replacement,67108864,0.9838993432931602,104004,completed,512,4,0.016672357336861454,0.0024388209675114663,0.009452533009863928,0.06182033481687754,0.003894349311702327,20.0,0.061741491439417207,0.004034030391345815
4,24,ce9344dce5f56b4cda176bcdb36371f48911618aa600da1465617419b4995b69,4b74724c4225fcfe043fdd749fb740fff4cf33c8,0.0010844456383777698,0.00462647144353439,0,cuda,1.0,1,0.5,learned_mixture,0.9411655856159121,64,standard normal at finite u_max,finite,learned,0.26579631481049476,0.06676752955061616,tail,0.0003452455652471979,2.109997902996838,32768,37626880,0.0012695285812402693,0.2657962358588801,0.06676752955061616,0.001269536743608495,0.02921485633805654,0.06676798712816168,learned/task_024/cell_0024,102,without_replacement,67108864,0.9961579358205199,100000,completed,512,0,0.2478678996115734,0.06214105810708154,0.0010681139288691568,0.028291618857116507,0.062142228690836146,20.0,0.02921485633805654,0.0667684480510096
4,64,ce9344dce5f56b4cda176bcdb36371f48911618aa600da1465617419b4995b69,4b74724c4225fcfe043fdd749fb740fff4cf33c8,0.0028177976527941754,0.007894208039786178,1,cuda,1.0,1,0.5,learned_mixture,0.534024575365073,64,standard normal at finite u_max,finite,learned,0.6699034377593885,0.19672025792056536,tail,4.203694182223712e-05,0.004748970735818148,32768,37626880,0.0,0.6699031523326456,0.1967202579205648,3.3306690738754696e-16,0.1355481833847786,0.19672031180119748,learned/task_024/cell_0064,126,without_replacement,67108864,0.9958896469324827,100001,completed,512,0,0.6879311602748513,0.20461446596035116,0.0,0.13896806208487966,0.204614468913772,20.0,0.13554818338477825,0.19672026211724508
4,104,ce9344dce5f56b4cda176bcdb36371f48911618aa600da1465617419b4995b69,4b74724c4225fcfe043fdd749fb740fff4cf33c8,0.0016242032107009856,0.006241713422168208,2,cuda,1.0,1,0.5,learned_mixture,0.606211826089943,64,standard normal at finite u_max,finite,learned,0.015783221144052922,0.003914379935707285,tail,0.00045458036684608346,0.004675012081861496,32768,37626880,0.010642809436699374,0.01578282502299483,0.003914379935707285,0.01064274993061265,0.015351223630641675,0.003957049474828257,learned/task_024/cell_0104,91,without_replacement,67108864,0.9798439452424645,100002,completed,512,0,0.01799801367580045,0.002327333486463287,0.010436376807143044,0.026202114061943282,0.003356950934440533,20.0,0.015351223630641897,0.00395633143866052
4,144,ce9344dce5f56b4cda176bcdb36371f48911618aa600da1465617419b4995b69,4b74724c4225fcfe043fdd749fb740fff4cf33c8,0.0020413577698234937,0.006893672843241345,3,cuda,1.0,1,0.5,learned_mixture,0.9028450605127596,64,standard normal at finite u_max,finite,learned,0.8456142304506873,0.28085318959549443,tail,3.075115300549581e-05,0.0046250419691205025,32768,37626880,0.0,0.8456139954006364,0.280853189595494,0.0,0.301000774440389,0.28085368940274574,learned/task_024/cell_0144,132,without_replacement,67108864,0.9921921598725021,100003,completed,512,0,0.8352805030673359,0.27395951675225394,0.0,0.303483199987408,0.27395951701928123,20.0,0.30100077444038886,0.28085318977033663
4,184,ce9344dce5f56b4cda176bcdb36371f48911618aa600da1465617419b4995b69,4b74724c4225fcfe043fdd749fb740fff4cf33c8,0.0014426028974729825,0.005948686827752709,4,cuda,1.0,1,0.5,learned_mixture,0.6554676812175056,64,standard normal at finite u_max,finite,learned,0.017475489247570863,0.004193485745207075,tail,0.00017524177998939387,0.005002469755709171,32768,37626880,0.01646450458198634,0.017475415406636996,0.004193485745207054,0.01646447307805754,0.030628253361108304,0.004482515829428149,learned/task_024/cell_0184,89,without_replacement,67108864,0.974800733383745,100004,completed,512,0,0.007306793250298149,0.0017552010825444674,0.0045033627091189965,0.02331038692522658,0.0018402674459259312,20.0,0.030628253361108748,0.0044831169194252014
4,224,642c9ac8b37cc879a46c5dc332c9d99eb4ae9d0bd2c4b38a1ce3bbe1af22951a,4b74724c4225fcfe043fdd749fb740fff4cf33c8,0.00019057818744338701,0.0018328701345066188,0,cuda,1.0,1,0.5,learned_mixture,0.49703734876830763,64,standard normal at finite u_max,finite,learned,0.28059121265261566,0.06895977095732614,tail,0.0002811908394547489,0.00483337976038456,32768,37626880,0.0011908616040622753,0.2805910406867079,0.06895977095732608,0.0011908686625129881,0.12777212572286345,0.06896074931291675,learned/task_024/cell_0224,96,without_replacement,67108864,0.9792353780940175,101000,completed,512,1,0.28823500311351846,0.07079263999636931,0.0012089090048911664,0.12003967757327694,0.07079284519386783,20.0,0.12777212572286323,0.06896001257218831
4,264,642c9ac8b37cc879a46c5dc332c9d99eb4ae9d0bd2c4b38a1ce3bbe1af22951a,4b74724c4225fcfe043fdd749fb740fff4cf33c8,0.00020044819671683972,0.0021100084496748503,1,cuda,1.0,1,0.5,learned_mixture,0.8176108369924395,64,standard normal at finite u_max,finite,learned,0.6400820696827346,0.18394135486495333,tail,3.739825554012702e-05,0.004635022021830082,32768,37626880,0.0,0.6400820628881507,0.18394135486495355,2.220446049250313e-16,0.175921538687974,0.18394146369128894,learned/task_024/cell_0264,126,without_replacement,67108864,0.9925563377328217,101001,completed,512,1,0.634771133613743,0.18183134641527798,0.0,0.17481168161351512,0.18183136351815257,20.0,0.175921538687974,0.18394137061154417
4,304,642c9ac8b37cc879a46c5dc332c9d99eb4ae9d0bd2c4b38a1ce3bbe1af22951a,4b74724c4225fcfe043fdd749fb740fff4cf33c8,0.00026619708425429205,0.0021914315119830573,2,cuda,1.0,1,0.5,learned_mixture,0.5933579549164544,64,standard normal at finite u_max,finite,learned,0.014644757871262515,0.001211654180276408,tail,0.00026720168543555435,0.00471517164260149,32768,37626880,0.003602391059551069,0.014644495903074373,0.001211654180276387,0.0036024363949519467,0.06713656611919427,0.003700395932941731,learned/task_024/cell_0304,92,without_replacement,67108864,0.977791836950928,101002,completed,512,1,0.016601603926817587,0.0009789496938520555,0.004894132638389448,0.08469583571952777,0.003971979240271056,20.0,0.06713656611919383,0.0037009479032134363
4,344,642c9ac8b37cc879a46c5dc332c9d99eb4ae9d0bd2c4b38a1ce3bbe1af22951a,4b74724c4225fcfe043fdd749fb740fff4cf33c8,0.0009395875936035435,0.004653360341217085,3,cuda,1.0,1,0.5,learned_mixture,0.9060190714884878,64,standard normal at finite u_max,finite,learned,0.8747878023635317,0.30341878212341555,tail,3.0602829676783225e-05,0.004675411619246006,32768,37626880,0.0,0.8747875083801032,0.3034187821234162,0.0,0.32087489878734565,0.3034188380571476,learned/task_024/cell_0344,131,without_replacement,67108864,0.9937094510532916,101003,completed,512,1,0.8816041639574278,0.308072142464634,0.0,0.31446758407602915,0.30807214265801236,20.0,0.320874898787346,0.30341878240582476
4,384,642c9ac8b37cc879a46c5dc332c9d99eb4ae9d0bd2c4b38a1ce3bbe1af22951a,4b74724c4225fcfe043fdd749fb740fff4cf33c8,0.0002667290590314328,0.0024383532218283147,4,cuda,1.0,1,0.5,learned_mixture,0.9672811410705383,64,standard normal at finite u_max,finite,learned,0.04072930783786277,0.01071623656397775,tail,0.00033068725083674376,0.004637111909687519,32768,37626880,0.03924388888121322,0.04072931472201602,0.01071623656397775,0.03924387221258552,0.0029401191143829664,0.010726508686888167,learned/task_024/cell_0384,89,without_replacement,67108864,0.976046297699213,101004,completed,512,1,0.04952229662586055,0.013154589785794028,0.04819148457320255,0.006905965467336239,0.013161648205495674,20.0,0.002940119114382078,0.010726849724222057
4,424,4ad56f1f2de8ac7e99a997dc798fcc9a82d5e41bcaa01483fa8161ba24fa2737,4b74724c4225fcfe043fdd749fb740fff4cf33c8,0.001914470667049552,0.006064836849839791,0,cuda,1.0,1,0.5,learned_mixture,0.64223641145643,64,standard normal at finite u_max,finite,learned,0.3211119682516061,0.07919508426193345,tail,0.00015838980505416918,0.004676360636949539,32768,37626880,0.0009189278013822178,0.3211118380152223,0.07919508426193356,0.000918933703229895,0.10738158556671973,0.07919475252380383,learned/task_024/cell_0424,97,without_replacement,67108864,0.9791105501353741,102000,completed,512,2,0.3424201940367296,0.08525992111177128,0.0011946744155321922,0.11834698399537424,0.08526003349569304,20.0,0.1073815855667204,0.07919521050135933
4,464,4ad56f1f2de8ac7e99a997dc798fcc9a82d5e41bcaa01483fa8161ba24fa2737,4b74724c4225fcfe043fdd749fb740fff4cf33c8,0.004621013677490787,0.009768407502576853,1,cuda,1.0,1,0.5,learned_mixture,0.5164038433197731,64,standard normal at finite u_max,finite,learned,0.6651257268151447,0.19738746724955814,tail,4.518702844920065e-05,0.004983439575880766,32768,37626880,0.0,0.6651255086103833,0.19738746724955847,4.440892098500626e-16,0.07798413345653121,0.19738637378364982,learned/task_024/cell_0464,126,without_replacement,67108864,0.9944324968382716,102001,completed,512,2,0.6379208384514399,0.1876190597469808,0.0,0.10284503591748873,0.18761906371717987,20.0,0.07798413345653155,0.19738746892754805
4,504,4ad56f1f2de8ac7e99a997dc798fcc9a82d5e41bcaa01483fa8161ba24fa2737,4b74724c4225fcfe043fdd749fb740fff4cf33c8,0.002079091341065698,0.007077790862263183,2,cuda,1.0,1,0.5,learned_mixture,0.617385957894852,64,standard normal at finite u_max,finite,learned,0.05262437860628666,0.01015326151845502,tail,0.0002940573298932842,0.004749350715428591,32768,37626880,0.03604618682384653,0.05262461370761906,0.010153261518455003,0.03604614910982429,0.16835240686720598,0.011854812416065594,learned/task_024/cell_0504,88,without_replacement,67108864,0.9752611229196191,102002,completed,512,2,0.07588641912252847,0.01723105238071622,0.0612382435367439,0.1674097444266932,0.017574293658788438,20.0,0.16835240686720532,0.011854574339676665
4,544,4ad56f1f2de8ac7e99a997dc798fcc9a82d5e41bcaa01483fa8161ba24fa2737,4b74724c4225fcfe043fdd749fb740fff4cf33c8,0.0007722338899261837,0.004117777004318028,3,cuda,1.0,1,0.5,learned_mixture,0.9161885853991837,64,standard normal at finite u_max,finite,learned,0.7965232059069174,0.24741240552252242,tail,3.0518137305128904e-05,0.004651180934160948,32768,37626880,0.0,0.7965229785351677,0.24741240552252264,0.0,0.3408500975312232,0.2474121735852082,learned/task_024/cell_0544,134,without_replacement,67108864,0.990212672855705,102003,completed,512,2,0.8019933008335676,0.2515301823840943,0.0,0.34910912836959385,0.25153018288656703,20.0,0.3408500975312231,0.24741240600445807
4,584,4ad56f1f2de8ac7e99a997dc798fcc9a82d5e41bcaa01483fa8161ba24fa2737,4b74724c4225fcfe043fdd749fb740fff4cf33c8,0.004357721875740517,0.01028461071333008,4,cuda,1.0,1,0.5,learned_mixture,0.904666316876349,64,standard normal at finite u_max,finite,learned,0.0395502544895634,0.009663022688337006,tail,5.1291991838208265e-05,0.004660930950194597,32768,37626880,0.03839211934048958,0.03955027130464672,0.009663022688336995,0.038392116692282874,0.035824701465730246,0.009663117205585667,learned/task_024/cell_0584,91,without_replacement,67108864,0.978347934782505,102004,completed,512,2,0.07669892448487697,0.019947633401667733,0.07538849199239406,0.04415841574518753,0.019948131969851533,20.0,0.035824701465730135,0.00966370386727488
4,624,40d2f60f7b01b721909df18cdd26cc0bda1e28ef62dd47bb3bc9b7acfaa1fbc4,4b74724c4225fcfe043fdd749fb740fff4cf33c8,0.0019292522353990499,0.0061789021621518276,0,cuda,1.0,1,0.5,learned_mixture,0.9436867221256475,64,standard normal at finite u_max,finite,learned,0.33888939059655704,0.08522509269127615,tail,0.00026047010295742173,0.0047002010978758335,32768,37626880,0.0015284164105974218,0.3388892624753216,0.08522509269127648,0.0015284250122700183,0.07887910140242227,0.08522340543818444,learned/task_024/cell_0624,97,without_replacement,67108864,0.9787103137932718,103000,completed,512,3,0.3162508068304762,0.0790461905291237,0.0012270514237916474,0.07380730918596767,0.07904636284011153,20.0,0.07887910140242305,0.08522522553380002
4,664,40d2f60f7b01b721909df18cdd26cc0bda1e28ef62dd47bb3bc9b7acfaa1fbc4,4b74724c4225fcfe043fdd749fb740fff4cf33c8,0.002440645790858468,0.0073672527605675615,1,cuda,1.0,1,0.5,learned_mixture,0.8205408523518313,64,standard normal at finite u_max,finite,learned,0.6628355773207191,0.1886377398482577,tail,3.395422966207765e-05,0.004669530782848597,32768,37626880,0.0,0.6628352736435392,0.1886377398482575,0.0,0.24255629645818277,0.1886393368824063,learned/task_024/cell_0664,131,without_replacement,67108864,0.9905198821797967,103001,completed,512,3,0.6816619264401476,0.19600499260882487,0.0,0.23863112981317758,0.19600499534205135,20.0,0.24255629645818244,0.18863774383713422
4,704,40d2f60f7b01b721909df18cdd26cc0bda1e28ef62dd47bb3bc9b7acfaa1fbc4,4b74724c4225fcfe043fdd749fb740fff4cf33c8,0.0008768850273797625,0.004572397211531084,2,cuda,1.0,1,0.5,learned_mixture,0.9001718301241123,64,standard normal at finite u_max,finite,learned,0.05239762409504778,0.011255967901838762,tail,0.0001247076194097529,0.004635530989617109,32768,37626880,0.05214769347350867,0.05239750406096877,0.011255967901838797,0.05214763636234543,0.07274672278596794,0.01151560680111216,learned/task_024/cell_0704,90,without_replacement,67108864,0.9762586681172252,103002,completed,512,3,0.037344052600698785,0.0066835706903071584,0.03666877826860182,0.08224096489534327,0.007646446674868949,20.0,0.07274672278596905,0.011516712781426592
4,744,40d2f60f7b01b721909df18cdd26cc0bda1e28ef62dd47bb3bc9b7acfaa1fbc4,4b74724c4225fcfe043fdd749fb740fff4cf33c8,0.003369824534078556,0.008873607319577502,3,cuda,1.0,1,0.5,learned_mixture,0.9048731364223849,64,standard normal at finite u_max,finite,learned,0.8550583715203179,0.30089574371730143,tail,3.05175783352667e-05,0.004632811993360519,32768,37626880,0.0,0.8550581142171629,0.300895743717301,0.0,0.23983537726483506,0.3008959242840478,learned/task_024/cell_0744,133,without_replacement,67108864,0.9926760690286756,103003,completed,512,3,0.8434774129950977,0.29202213639772445,0.0,0.24088858674006308,0.29202213640207697,20.0,0.23983537726483473,0.3008957437197866
4,784,40d2f60f7b01b721909df18cdd26cc0bda1e28ef62dd47bb3bc9b7acfaa1fbc4,4b74724c4225fcfe043fdd749fb740fff4cf33c8,0.0024637516619782605,0.007784584522309842,4,cuda,1.0,1,0.5,learned_mixture,0.6435814794117182,64,standard normal at finite u_max,finite,learned,0.03227125290038044,0.0049646489889713305,tail,0.0009021011949399532,0.004612861201167107,32768,37626880,0.022389949613688565,0.032270959255311316,0.004964648988971341,0.02238991493953235,0.11698651416797201,0.006765873296407652,learned/task_024/cell_0784,89,without_replacement,67108864,0.9761218600906432,103004,completed,512,3,0.024346544499979417,0.0028199355333384662,0.005058983055439503,0.12701322733831377,0.006284308299888815,20.0,0.11698651416797246,0.006767018138358916
4,824,4f8f7d024dee2ba1d205fcf59f39c4f32d87524ab703a9051d4ad4e7ca38f59f,4b74724c4225fcfe043fdd749fb740fff4cf33c8,6.939556830359478e-05,0.0011455227980989428,0,cuda,1.0,1,0.5,learned_mixture,0.689284783872079,64,standard normal at finite u_max,finite,learned,0.2747331068882644,0.0705259820445201,tail,8.247186665004793e-05,0.004671651870012283,32768,37626880,0.0010889187598394354,0.27473296234113764,0.07052598204452015,0.0010889258124972265,0.013235057784081627,0.0705261298907956,learned/task_024/cell_0824,96,without_replacement,67108864,0.9783114758320153,104000,completed,512,4,0.27935010448191416,0.07167150484261814,0.0011199796727718034,0.01645597850580427,0.07167194923454687,20.0,0.013235057784081405,0.0705264604840056
4,864,4f8f7d024dee2ba1d205fcf59f39c4f32d87524ab703a9051d4ad4e7ca38f59f,4b74724c4225fcfe043fdd749fb740fff4cf33c8,0.0018676570259862641,0.006437893942253548,1,cuda,1.0,1,0.5,learned_mixture,0.8242133241419368,64,standard normal at finite u_max,finite,learned,0.6434845008129737,0.18407708973640702,tail,4.173493709494565e-05,0.0049799103289842606,32768,37626880,0.0,0.6434843808413899,0.1840770897364069,4.440892098500626e-16,0.19746831794552822,0.18407654312496174,learned/task_024/cell_0864,125,without_replacement,67108864,0.9895964278839529,104001,completed,512,4,0.659789629049559,0.19051498367866004,0.0,0.19847577822138618,0.19051499472726224,20.0,0.197468317945528,0.1840771047231241
4,904,4f8f7d024dee2ba1d205fcf59f39c4f32d87524ab703a9051d4ad4e7ca38f59f,4b74724c4225fcfe043fdd749fb740fff4cf33c8,2.428430087408201e-05,0.000713122728557942,2,cuda,1.0,1,0.5,learned_mixture,0.9062456797519585,64,standard normal at finite u_max,finite,learned,0.05152564659479242,0.012192774703098767,tail,0.0002327166387479062,0.004656332079321146,32768,37626880,0.04817418182379252,0.05152552340459238,0.01219277470309876,0.048174132959832305,0.037682935938955664,0.012197195793090263,learned/task_024/cell_0904,89,without_replacement,67108864,0.9767015161924064,104002,completed,512,4,0.05411748048050963,0.012905897431654156,0.050790627134846944,0.04112630778650228,0.01290934395680601,20.0,0.03768293593895544,0.01219651972440958
4,944,4f8f7d024dee2ba1d205fcf59f39c4f32d87524ab703a9051d4ad4e7ca38f59f,4b74724c4225fcfe043fdd749fb740fff4cf33c8,0.003208680761353184,0.008616521574054063,3,cuda,1.0,1,0.5,learned_mixture,0.9164603657398659,64,standard normal at finite u_max,finite,learned,0.827666466268753,0.27346178684764655,tail,3.6035252819103505e-05,0.004818890709429979,32768,37626880,0.0,0.8276662923761336,0.2734617868476463,0.0,0.28641722022848626,0.2734620163570586,learned/task_024/cell_0944,130,without_replacement,67108864,0.9929677778854966,104003,completed,512,4,0.8399439231689994,0.2820783084217007,0.0,0.29180031102678206,0.2820783085100706,20.0,0.28641722022848615,0.2734617869703885
4,984,4f8f7d024dee2ba1d205fcf59f39c4f32d87524ab703a9051d4ad4e7ca38f59f,4b74724c4225fcfe043fdd749fb740fff4cf33c8,2.124630065404088e-06,0.00022534148545752877,4,cuda,1.0,1,0.5,learned_mixture,0.7987137862179454,64,standard normal at finite u_max,finite,learned,0.08672638490511708,0.02219768422914934,tail,7.163249752883978e-05,0.0046472917310893536,32768,37626880,0.0856716624850471,0.08672630342925208,0.022197684229149375,0.08567164067903321,0.02596080768680531,0.022200734745202594,learned/task_024/cell_0984,93,without_replacement,67108864,0.9821611228398979,104004,completed,512,4,0.08589239332108223,0.021972419691429816,0.08482481629566962,0.026042657772895383,0.021975718654807318,20.0,0.025960807686804976,0.022200942501941188
4,25,ce9344dce5f56b4cda176bcdb36371f48911618aa600da1465617419b4995b69,4b74724c4225fcfe043fdd749fb740fff4cf33c8,0.0010844456383777698,0.00462647144353439,0,cuda,1.0,1,0.5,learned_mixture,0.9984917812769246,64,standard normal at finite u_max,finite,learned,0.02395742922855859,0.004529946421038655,full,0.33448151048759883,2.1183914616703987,32768,169748992,0.0005096873121256216,0.023957717622727137,0.004529946421038822,0.0005096954744938469,0.02457100674992785,0.004619232229106187,learned/task_025/cell_0025,51,with_replacement,4294967296,4.505427200812846,100000,completed,2048,0,0.007288186384171058,9.652502249596351e-05,0.0003082726597545091,0.02364335286848629,0.0014145081166186194,20.0,0.02457100674992818,0.0046199617854717585
4,65,ce9344dce5f56b4cda176bcdb36371f48911618aa600da1465617419b4995b69,4b74724c4225fcfe043fdd749fb740fff4cf33c8,0.0028177976527941754,0.007894208039786178,1,cuda,1.0,1,0.5,learned_mixture,0.7522780484930262,64,standard normal at finite u_max,finite,learned,0.0343491359485521,0.008478909110802402,full,0.3689645237315925,0.005136358086019754,32768,169748992,0.0,0.034349353209254585,0.008478909110802513,2.220446049250313e-16,0.11249613918788581,0.008621167735576463,learned/task_025/cell_0065,49,with_replacement,4294967296,4.517750198021531,100001,completed,2048,0,0.06433190487463541,0.0163731171505882,0.0,0.11600721463652486,0.01642721405014463,20.0,0.11249613918788581,0.008619866508364198
4,105,ce9344dce5f56b4cda176bcdb36371f48911618aa600da1465617419b4995b69,4b74724c4225fcfe043fdd749fb740fff4cf33c8,0.0016242032107009856,0.006241713422168208,2,cuda,1.0,1,0.5,learned_mixture,0.501120363543043,64,standard normal at finite u_max,finite,learned,0.11459206608742867,0.03076076142597287,full,0.4293222698487626,0.0055543663911521435,32768,169748992,0.11256036911111278,0.114591979926085,0.03076076142597287,0.11256030960502583,0.06176712105203164,0.030808340758988275,learned/task_025/cell_0105,41,with_replacement,4294967296,4.510809539817274,100002,completed,2048,0,0.09456232560944605,0.024519048003802297,0.09148118286727036,0.07311405049472941,0.024588880396308566,20.0,0.06176712105203164,0.030808622615737018
4,145,ce9344dce5f56b4cda176bcdb36371f48911618aa600da1465617419b4995b69,4b74724c4225fcfe043fdd749fb740fff4cf33c8,0.0020413577698234937,0.006893672843241345,3,cuda,1.0,1,0.5,learned_mixture,0.970545326886129,64,standard normal at finite u_max,finite,learned,0.10462687744194021,0.025112503303555855,full,0.41588596554342966,0.005129278637468815,32768,169748992,0.0,0.1046267535143065,0.025112503303557077,0.0,0.04210709061434326,0.02517540252357109,learned/task_025/cell_0145,44,with_replacement,4294967296,4.512107752729207,100003,completed,2048,0,0.12849437309684686,0.03200617614679635,0.0,0.03840615194391894,0.03204874785496336,20.0,0.042107090614344145,0.02517595920296692
4,185,ce9344dce5f56b4cda176bcdb36371f48911618aa600da1465617419b4995b69,4b74724c4225fcfe043fdd749fb740fff4cf33c8,0.0014426028974729825,0.005948686827752709,4,cuda,1.0,1,0.5,learned_mixture,0.999588677259731,64,standard normal at finite u_max,finite,learned,0.02286071922671007,4.9905626645682655e-05,full,0.2531102513799672,0.005063269753009081,32768,169748992,0.0016876659868544364,0.022860891209258896,4.9905626645675716e-05,0.0016876974907829023,0.18109821347270072,0.008098549521457495,learned/task_025/cell_0185,39,with_replacement,4294967296,4.52461609011516,100004,completed,2048,0,0.035481349398749695,0.00589878120110586,0.022655533277959772,0.17491625704711833,0.008634056991169318,20.0,0.1810982134727004,0.00809832612938911
4,225,642c9ac8b37cc879a46c5dc332c9d99eb4ae9d0bd2c4b38a1ce3bbe1af22951a,4b74724c4225fcfe043fdd749fb740fff4cf33c8,0.00019057818744338701,0.0018328701345066188,0,cuda,1.0,1,0.5,learned_mixture,0.9630544679376059,64,standard normal at finite u_max,finite,learned,0.02254674772951537,0.003956217088737168,full,0.4369903334576707,0.0054579367861151695,32768,169748992,0.000982754708693636,0.02254681809265291,0.00395621708873739,0.0009827617671443489,0.08418841516966546,0.005087270538893342,learned/task_025/cell_0225,42,with_replacement,4294967296,4.520083748269826,101000,completed,2048,1,0.027768334238577053,0.005789086127780341,0.0010008021095225272,0.07606959002851821,0.00612709925771145,20.0,0.08418841516966591,0.005088261834242186
4,265,642c9ac8b37cc879a46c5dc332c9d99eb4ae9d0bd2c4b38a1ce3bbe1af22951a,4b74724c4225fcfe043fdd749fb740fff4cf33c8,0.00020044819671683972,0.0021100084496748503,1,cuda,1.0,1,0.5,learned_mixture,0.7948481640720947,64,standard normal at finite u_max,finite,learned,0.018022392033814852,0.0011322157605274663,full,0.4292502116499975,0.0051142689771950245,32768,169748992,0.0,0.01802280046884562,0.0011322157605274663,1.1102230246251565e-16,0.12342552982848443,0.005322140358565705,learned/task_025/cell_0265,42,with_replacement,4294967296,4.526745549868792,101001,completed,2048,1,0.019854057616057963,0.0009777926891478828,0.0,0.12224497188080918,0.005173044785461662,20.0,0.12342552982848431,0.005321152978736556
4,305,642c9ac8b37cc879a46c5dc332c9d99eb4ae9d0bd2c4b38a1ce3bbe1af22951a,4b74724c4225fcfe043fdd749fb740fff4cf33c8,0.00026619708425429205,0.0021914315119830573,2,cuda,1.0,1,0.5,learned_mixture,0.912128421482207,64,standard normal at finite u_max,finite,learned,0.0425920136061132,0.007796600879379202,full,0.41892985532040206,0.00503160897642374,32768,169748992,0.028468298013228588,0.04259214991850635,0.00779660087937923,0.028468252677827932,0.17133288653137624,0.010803541139874414,learned/task_025/cell_0305,38,with_replacement,4294967296,4.521821491420269,101002,completed,2048,1,0.0481205692596276,0.009987204753507666,0.036964821711169105,0.157697528399809,0.011852830883621178,20.0,0.17133288653137624,0.01080249906974345
4,345,642c9ac8b37cc879a46c5dc332c9d99eb4ae9d0bd2c4b38a1ce3bbe1af22951a,4b74724c4225fcfe043fdd749fb740fff4cf33c8,0.0009395875936035435,0.004653360341217085,3,cuda,1.0,1,0.5,learned_mixture,0.7751731524138155,64,standard normal at finite u_max,finite,learned,0.03444749237979672,0.006109393755227677,full,0.429848183599474,0.005071778781712055,32768,169748992,0.0,0.03444753740218165,0.006109393755227233,0.0,0.14579224515745393,0.008447929923050308,learned/task_025/cell_0345,44,with_replacement,4294967296,4.532176990061998,101003,completed,2048,1,0.049820320483089375,0.010762754096446114,0.0,0.13773308506404724,0.011774763666075105,20.0,0.14579224515745348,0.0084475239194658
4,385,642c9ac8b37cc879a46c5dc332c9d99eb4ae9d0bd2c4b38a1ce3bbe1af22951a,4b74724c4225fcfe043fdd749fb740fff4cf33c8,0.0002667290590314328,0.0024383532218283147,4,cuda,1.0,1,0.5,learned_mixture,0.632972973546515,64,standard normal at finite u_max,finite,learned,0.01905879886994788,0.00019733816539584635,full,0.43808659941222317,0.0053732870146632195,32768,169748992,0.00122098574695495,0.01905914449528101,0.00019733816539584288,0.0012210024155827615,0.12928664631371267,0.0059281541055310055,learned/task_025/cell_0385,34,with_replacement,4294967296,4.522989358287305,101004,completed,2048,1,0.02380453291413409,0.0022410150564204315,0.0077266099450343795,0.12068824867363082,0.005903791158979372,20.0,0.12928664631371234,0.005928057153077903
4,425,4ad56f1f2de8ac7e99a997dc798fcc9a82d5e41bcaa01483fa8161ba24fa2737,4b74724c4225fcfe043fdd749fb740fff4cf33c8,0.001914470667049552,0.006064836849839791,0,cuda,1.0,1,0.5,learned_mixture,0.6993914059678559,64,standard normal at finite u_max,finite,learned,0.023483519623592908,4.442331369886032e-05,full,0.24701147800626644,0.005139017943292856,32768,169748992,0.0009513048096416732,0.023483987070896634,4.442331369886032e-05,0.0009513107114893504,0.18562883327673596,0.007240019051141469,learned/task_025/cell_0425,51,with_replacement,4294967296,4.530776352155954,102000,completed,2048,2,0.04186778864878027,0.0061092601635366894,0.0012270514237916474,0.1956330009787861,0.009332435515139903,20.0,0.1856288332767363,0.007240127366362857
4,465,4ad56f1f2de8ac7e99a997dc798fcc9a82d5e41bcaa01483fa8161ba24fa2737,4b74724c4225fcfe043fdd749fb740fff4cf33c8,0.004621013677490787,0.009768407502576853,1,cuda,1.0,1,0.5,learned_mixture,0.6570847216214807,64,standard normal at finite u_max,finite,learned,0.060445013473539755,0.014802898873534365,full,0.4401481502978685,0.005071608815342188,32768,169748992,0.0,0.06044503525522904,0.014802898873534254,0.0,0.09978809439451808,0.014865387530121997,learned/task_025/cell_0465,43,with_replacement,4294967296,4.5207565748132765,102001,completed,2048,2,0.029303560065481016,0.005034491370957017,0.0,0.12406108273619432,0.00660694847556908,20.0,0.09978809439451797,0.014865476246465645
4,505,4ad56f1f2de8ac7e99a997dc798fcc9a82d5e41bcaa01483fa8161ba24fa2737,4b74724c4225fcfe043fdd749fb740fff4cf33c8,0.002079091341065698,0.007077790862263183,2,cuda,1.0,1,0.5,learned_mixture,0.8616463885394307,64,standard normal at finite u_max,finite,learned,0.07671520561836054,0.02253124912867461,full,0.4032643270352614,0.005117808934301138,32768,169748992,0.07336194286355546,0.07671507385500942,0.02253124912867463,0.07336198057757781,0.003983771012184167,0.02253396658920751,learned/task_025/cell_0505,40,with_replacement,4294967296,4.515364319086075,102002,completed,2048,2,0.05206176781208016,0.015453458266413408,0.04816988615065809,0.005121774416068536,0.01545681279648593,20.0,0.0039837710121846115,0.02253366981560627
4,545,4ad56f1f2de8ac7e99a997dc798fcc9a82d5e41bcaa01483fa8161ba24fa2737,4b74724c4225fcfe043fdd749fb740fff4cf33c8,0.0007722338899261837,0.004117777004318028,3,cuda,1.0,1,0.5,learned_mixture,0.9889008031782169,64,standard normal at finite u_max,finite,learned,0.047509135663262314,0.009299608725964248,full,0.4398577379383669,0.005046829115599394,32768,169748992,0.0,0.047509325128546,0.00929960872596447,0.0,0.1179079533934887,0.01060886066412846,learned/task_025/cell_0545,43,with_replacement,4294967296,4.502594938036054,102003,completed,2048,2,0.06288051369674141,0.013417385587536135,0.0,0.12896040957670063,0.0142687078243604,20.0,0.11790795339348847,0.010608217804615874
4,585,4ad56f1f2de8ac7e99a997dc798fcc9a82d5e41bcaa01483fa8161ba24fa2737,4b74724c4225fcfe043fdd749fb740fff4cf33c8,0.004357721875740517,0.01028461071333008,4,cuda,1.0,1,0.5,learned_mixture,0.9754795575673247,64,standard normal at finite u_max,finite,learned,0.0662201890474301,0.015834903592515007,full,0.42729029288095066,0.005072489846497774,32768,169748992,0.0625645080433741,0.06622040644381277,0.015834903592515,0.06256450539516717,0.14274192729278967,0.016303174759763873,learned/task_025/cell_0585,38,with_replacement,4294967296,4.50856065377593,102004,completed,2048,2,0.10244538016731253,0.026119514305845734,0.09956088069527858,0.1501515174913367,0.026190074979014252,20.0,0.14274192729279012,0.016303532049643014
4,625,40d2f60f7b01b721909df18cdd26cc0bda1e28ef62dd47bb3bc9b7acfaa1fbc4,4b74724c4225fcfe043fdd749fb740fff4cf33c8,0.0019292522353990499,0.0061789021621518276,0,cuda,1.0,1,0.5,learned_mixture,0.8045653157487882,64,standard normal at finite u_max,finite,learned,0.018284917370489873,0.003289142343048612,full,0.29806398073613877,0.005040118936449289,32768,169748992,0.0010537326390227383,0.01828516895005039,0.0032891423430485567,0.0010537412406953347,0.06563098239729948,0.0035672592007875885,learned/task_025/cell_0625,52,with_replacement,4294967296,4.508000198286027,103000,completed,2048,3,0.02582276537732109,0.002889759819103832,0.0007523676522169639,0.060486244591448024,0.004747487931486182,20.0,0.06563098239729903,0.0035684882508039842
4,665,40d2f60f7b01b721909df18cdd26cc0bda1e28ef62dd47bb3bc9b7acfaa1fbc4,4b74724c4225fcfe043fdd749fb740fff4cf33c8,0.002440645790858468,0.0073672527605675615,1,cuda,1.0,1,0.5,learned_mixture,0.998354187205356,64,standard normal at finite u_max,finite,learned,0.045474459982939974,0.00903967410691886,full,0.4367894661832111,0.005417906679213047,32768,169748992,0.0,0.045474634289820015,0.009039674106919415,8.881784197001252e-16,0.16076306868536006,0.010407819033932219,learned/task_025/cell_0665,43,with_replacement,4294967296,4.508694035932422,103001,completed,2048,3,0.07151602894880194,0.016406926867486016,0.0,0.15641403945104404,0.016657770637057055,20.0,0.16076306868536072,0.01040789375739005
4,705,40d2f60f7b01b721909df18cdd26cc0bda1e28ef62dd47bb3bc9b7acfaa1fbc4,4b74724c4225fcfe043fdd749fb740fff4cf33c8,0.0008768850273797625,0.004572397211531084,2,cuda,1.0,1,0.5,learned_mixture,0.9468575405840483,64,standard normal at finite u_max,finite,learned,0.030079570852142246,0.007564458331477307,full,0.38094324282902864,0.005125449039041996,32768,169748992,0.026948671759295273,0.03007970878116284,0.007564458331477293,0.02694872887045907,0.09186069503521077,0.007739028868453745,learned/task_025/cell_0705,39,with_replacement,4294967296,4.511259092018008,103002,completed,2048,3,0.04382496047339601,0.01213685554300891,0.042427586964202124,0.08382329510917552,0.012225144670263758,20.0,0.09186069503521077,0.007738581623195953
4,745,40d2f60f7b01b721909df18cdd26cc0bda1e28ef62dd47bb3bc9b7acfaa1fbc4,4b74724c4225fcfe043fdd749fb740fff4cf33c8,0.003369824534078556,0.008873607319577502,3,cuda,1.0,1,0.5,learned_mixture,0.811812862215005,64,standard normal at finite u_max,finite,learned,0.050405403926623626,0.010421601916078327,full,0.4355379725385186,0.005048529710620642,32768,169748992,0.0,0.05040559569231595,0.010421601916077883,0.0,0.1670451913120653,0.011771979997328085,learned/task_025/cell_0745,40,with_replacement,4294967296,4.506269324105233,103003,completed,2048,3,0.026948447339550596,0.0015479945965013453,0.0,0.1681992517230727,0.007384039642644331,20.0,0.1670451913120652,0.01177169697546953
4,785,40d2f60f7b01b721909df18cdd26cc0bda1e28ef62dd47bb3bc9b7acfaa1fbc4,4b74724c4225fcfe043fdd749fb740fff4cf33c8,0.0024637516619782605,0.007784584522309842,4,cuda,1.0,1,0.5,learned_mixture,0.6000414571589562,64,standard normal at finite u_max,finite,learned,0.09940813137713633,0.02421260380678706,full,0.3290643838922413,0.005096998997032642,32768,169748992,0.08924860148725305,0.09940817698409155,0.024212603806787074,0.08924856681309679,0.1778047678508604,0.024434122260722328,learned/task_025/cell_0785,40,with_replacement,4294967296,4.50862664077431,103004,completed,2048,3,0.07162589322663993,0.016428019284477263,0.061799668818124986,0.17042427072021915,0.017103436619075145,20.0,0.1778047678508603,0.0244353202756555
4,825,4f8f7d024dee2ba1d205fcf59f39c4f32d87524ab703a9051d4ad4e7ca38f59f,4b74724c4225fcfe043fdd749fb740fff4cf33c8,6.939556830359478e-05,0.0011455227980989428,0,cuda,1.0,1,0.5,learned_mixture,0.9717671774668593,64,standard normal at finite u_max,finite,learned,0.035145349567366285,0.006527098589753311,full,0.32841443555126376,0.005095030181109905,32768,169748992,0.0009927511725206064,0.03514557213076505,0.006527098589753533,0.0009927582251783977,0.11882984978526678,0.007068844476183456,learned/task_025/cell_0825,48,with_replacement,4294967296,4.511269177310169,104000,completed,2048,4,0.030932344970758724,0.005381575791655269,0.0010238120854529744,0.11602874339402336,0.006148360784288139,20.0,0.11882984978526623,0.0070689782769537985
4,865,4f8f7d024dee2ba1d205fcf59f39c4f32d87524ab703a9051d4ad4e7ca38f59f,4b74724c4225fcfe043fdd749fb740fff4cf33c8,0.0018676570259862641,0.006437893942253548,1,cuda,1.0,1,0.5,learned_mixture,0.7815618400938382,64,standard normal at finite u_max,finite,learned,0.0707179813021887,0.017316407948436252,full,0.42621655445029855,0.005030389875173569,32768,169748992,0.0,0.07071802953290612,0.017316407948436585,2.220446049250313e-16,0.12107566988329732,0.017525511340058985,learned/task_025/cell_0865,44,with_replacement,4294967296,4.504294451326132,104001,completed,2048,4,0.09513013918019364,0.023754301890689278,0.0,0.12217902987253948,0.02384763775790475,20.0,0.12107566988329765,0.017525673367736208
4,905,4f8f7d024dee2ba1d205fcf59f39c4f32d87524ab703a9051d4ad4e7ca38f59f,4b74724c4225fcfe043fdd749fb740fff4cf33c8,2.428430087408201e-05,0.000713122728557942,2,cuda,1.0,1,0.5,learned_mixture,0.8258981105746223,64,standard normal at finite u_max,finite,learned,0.03797029880749658,0.011027956425050982,full,0.4317222714697443,0.005036839749664068,32768,169748992,0.03697356821755737,0.03797043660344673,0.011027956425050982,0.03697361708151736,0.04760107171808148,0.01110775062848246,learned/task_025/cell_0905,39,with_replacement,4294967296,4.509664190001786,104002,completed,2048,4,0.03544431901695633,0.010314833696495593,0.034357122906502946,0.04444070014050272,0.010396661633694055,20.0,0.04760107171808148,0.011106401402397116
4,945,4f8f7d024dee2ba1d205fcf59f39c4f32d87524ab703a9051d4ad4e7ca38f59f,4b74724c4225fcfe043fdd749fb740fff4cf33c8,0.003208680761353184,0.008616521574054063,3,cuda,1.0,1,0.5,learned_mixture,0.7752706605224989,64,standard normal at finite u_max,finite,learned,0.1057516230322933,0.028840667945753795,full,0.3992472843212708,0.005190277937799692,32768,169748992,0.0,0.10575158060797113,0.028840667945753573,0.0,0.08448886260277799,0.028917406785586845,learned/task_025/cell_0945,49,with_replacement,4294967296,4.507169707212597,104003,completed,2048,4,0.13704576639306354,0.03745718951980792,0.0,0.09139525064795817,0.03751280100385167,20.0,0.08448886260277799,0.028916880188854684
4,985,4f8f7d024dee2ba1d205fcf59f39c4f32d87524ab703a9051d4ad4e7ca38f59f,4b74724c4225fcfe043fdd749fb740fff4cf33c8,2.124630065404088e-06,0.00022534148545752877,4,cuda,1.0,1,0.5,learned_mixture,0.7231551385486163,64,standard normal at finite u_max,finite,learned,0.016450208974910896,0.0010540948364755123,full,0.396566765436317,0.005009668879210949,32768,169748992,0.005357010449358657,0.0164506197387283,0.001054094836475554,0.005357032255372429,0.08408951663170383,0.00449034381037235,learned/task_025/cell_0985,39,with_replacement,4294967296,4.510456168092787,104004,completed,2048,4,0.015968879015285986,0.0008288302987559878,0.006203856638736127,0.08416648206852206,0.004517107487627023,20.0,0.0840895166317035,0.004491895500878739
4,26,ce9344dce5f56b4cda176bcdb36371f48911618aa600da1465617419b4995b69,4b74724c4225fcfe043fdd749fb740fff4cf33c8,0.0010844456383777698,0.00462647144353439,0,cuda,1.0,1,0.5,learned_mixture,0.9651655470261855,64,standard normal at finite u_max,infinite,learned,0.1176925441214105,0.020975537685450074,unbiased,3.067349942621438e-05,2.29167972097639,32768,20849664,0.0013457759529406775,0.11769281420744238,0.020975537685449852,0.0013457841153089033,0.31722028919744294,0.02342414516549955,learned/task_026/cell_0026,507,with_replacement,268435456,3.0964054779615253,100000,completed,2048,0,0.10099306961923105,0.016349066241915455,0.001144361300569565,0.31657095105670774,0.020145175287136545,20.0,0.3172202891974425,0.023425088570040886
4,66,ce9344dce5f56b4cda176bcdb36371f48911618aa600da1465617419b4995b69,4b74724c4225fcfe043fdd749fb740fff4cf33c8,0.0028177976527941754,0.007894208039786178,1,cuda,1.0,1,0.5,learned_mixture,0.8496273359072495,64,standard normal at finite u_max,infinite,learned,0.10416080821386581,0.02666380565902693,unbiased,3.355989609325701e-05,0.004908096045255661,32768,20849664,0.0,0.1041608328377937,0.026663805659027373,6.661338147750939e-16,0.10959947983636309,0.026678158294718493,learned/task_026/cell_0066,448,with_replacement,268435456,3.061881148023531,100001,completed,2048,0,0.1342059828275985,0.03455801369881273,0.0,0.11312201482899065,0.03456478814397965,20.0,0.10959947983636398,0.026678509189605744
4,106,ce9344dce5f56b4cda176bcdb36371f48911618aa600da1465617419b4995b69,4b74724c4225fcfe043fdd749fb740fff4cf33c8,0.0016242032107009856,0.006241713422168208,2,cuda,1.0,1,0.5,learned_mixture,0.6891066757845064,64,standard normal at finite u_max,infinite,learned,0.17731070465562176,0.040555545784359076,unbiased,3.071581599492341e-05,0.004893945995718241,32768,20849664,0.174284929907345,0.17731080016730683,0.040555545784359076,0.17428498941343207,0.33901976149213364,0.04089740544906634,learned/task_026/cell_0106,481,with_replacement,268435456,3.0725816340418532,100002,completed,2048,0,0.19935879351191232,0.04679725920652965,0.19536411615118743,0.33195597511124153,0.0469269662816576,20.0,0.33901976149213364,0.04089684522133362
4,146,ce9344dce5f56b4cda176bcdb36371f48911618aa600da1465617419b4995b69,4b74724c4225fcfe043fdd749fb740fff4cf33c8,0.0020413577698234937,0.006893672843241345,3,cuda,1.0,1,0.5,learned_mixture,0.5412316309166646,64,standard normal at finite u_max,infinite,learned,0.08143794663230206,0.008736728290646978,unbiased,3.073113679362464e-05,0.004860966000705957,32768,20849664,0.0,0.0814381130928685,0.008736728290647866,0.0,0.3680673476633216,0.019220501272203507,learned/task_026/cell_0146,462,with_replacement,268435456,3.075228895060718,100003,completed,2048,0,0.1026577861199636,0.015630401133887473,0.0,0.37031159301123306,0.022187842105712473,20.0,0.36806734766332116,0.019218915051866094
4,186,ce9344dce5f56b4cda176bcdb36371f48911618aa600da1465617419b4995b69,4b74724c4225fcfe043fdd749fb740fff4cf33c8,0.0014426028974729825,0.005948686827752709,4,cuda,1.0,1,0.5,learned_mixture,0.9748598569354748,64,standard normal at finite u_max,infinite,learned,0.3305354799135072,0.085480901177621,unbiased,0.0001015620166044357,0.004849146003834903,32768,20849664,0.2897723260814562,0.330535308390164,0.08548090117762094,0.28977235758538444,0.21802875411913636,0.08548090472446307,learned/task_026/cell_0186,438,with_replacement,268435456,3.0530601791106164,100004,completed,2048,0,0.35136658796888276,0.09142958800537254,0.31074019337256154,0.21212558935917925,0.09142975159328662,20.0,0.21802875411913603,0.0854811216583592
4,226,642c9ac8b37cc879a46c5dc332c9d99eb4ae9d0bd2c4b38a1ce3bbe1af22951a,4b74724c4225fcfe043fdd749fb740fff4cf33c8,0.00019057818744338701,0.0018328701345066188,0,cuda,1.0,1,0.5,learned_mixture,0.5997226732945292,64,standard normal at finite u_max,infinite,learned,0.1466131447581025,0.031985649556517004,unbiased,3.052537953199372e-05,0.004808097030036151,32768,20849664,0.0011456513944529806,0.14661318925791766,0.03198564955651695,0.0011456584529036934,0.2385941285121841,0.03199074749788002,learned/task_026/cell_0226,499,with_replacement,268435456,3.076739344978705,101000,completed,2048,1,0.15359971246916448,0.033818518595560176,0.0011636987952818717,0.23184413622725553,0.03381973562935102,20.0,0.23859412851218387,0.03198977995259936
4,266,642c9ac8b37cc879a46c5dc332c9d99eb4ae9d0bd2c4b38a1ce3bbe1af22951a,4b74724c4225fcfe043fdd749fb740fff4cf33c8,0.00020044819671683972,0.0021100084496748503,1,cuda,1.0,1,0.5,learned_mixture,0.957508685536129,64,standard normal at finite u_max,infinite,learned,0.07492867685492877,0.01676349616628403,unbiased,4.7604362009775645e-05,0.005250662914477289,32768,20849664,0.0,0.07492881344810925,0.016763496166284253,0.0,0.1885751447840781,0.01722136508413212,learned/task_026/cell_0266,446,with_replacement,268435456,3.053248218027875,101001,completed,2048,1,0.06725239494704105,0.014653487716608682,0.0,0.18748232940516474,0.015322881283963967,20.0,0.1885751447840781,0.017221683229390907
4,306,642c9ac8b37cc879a46c5dc332c9d99eb4ae9d0bd2c4b38a1ce3bbe1af22951a,4b74724c4225fcfe043fdd749fb740fff4cf33c8,0.00026619708425429205,0.0021914315119830573,2,cuda,1.0,1,0.5,learned_mixture,0.6335339699489813,64,standard normal at finite u_max,infinite,learned,0.2056108336967426,0.0531240115809368,unbiased,3.0601425699490755e-05,0.0048552859807386994,32768,20849664,0.19011076723937603,0.2056108153740317,0.05312401158093677,0.1901108125747767,0.15849586083232647,0.05312624041000784,learned/task_026/cell_0306,493,with_replacement,268435456,3.0803960700286552,101002,completed,2048,1,0.1982056122920967,0.050933407706808334,0.18161424354143552,0.14464927500762914,0.05093602361931448,20.0,0.15849586083232636,0.05312674678463736
4,346,642c9ac8b37cc879a46c5dc332c9d99eb4ae9d0bd2c4b38a1ce3bbe1af22951a,4b74724c4225fcfe043fdd749fb740fff4cf33c8,0.0009395875936035435,0.004653360341217085,3,cuda,1.0,1,0.5,learned_mixture,0.622775191167774,64,standard normal at finite u_max,infinite,learned,0.070314339331464,0.005914719697883486,unbiased,3.051782488829579e-05,0.0049815860111266375,32768,20849664,0.0,0.07031456596694294,0.005914719697883486,0.0,0.3790432184913214,0.019075936818023363,learned/task_026/cell_0346,467,with_replacement,268435456,3.0729050419759005,101003,completed,2048,1,0.05572681321411721,0.0012613593566650483,0.0,0.3731847021235004,0.017936749038033578,20.0,0.3790432184913215,0.0190762131699369
4,386,642c9ac8b37cc879a46c5dc332c9d99eb4ae9d0bd2c4b38a1ce3bbe1af22951a,4b74724c4225fcfe043fdd749fb740fff4cf33c8,0.0002667290590314328,0.0024383532218283147,4,cuda,1.0,1,0.5,learned_mixture,0.512073072745977,64,standard normal at finite u_max,infinite,learned,0.07091241266426535,0.020413191058100133,unbiased,3.820006202840907e-05,0.004902374930679798,32768,20849664,0.0678980014681071,0.07091239335829752,0.020413191058100126,0.06789801813673502,0.027852290037295058,0.020416736594247892,learned/task_026/cell_0386,423,with_replacement,268435456,3.0539457330014557,101004,completed,2048,1,0.06229644723524569,0.017974837836283855,0.058950405776117765,0.018252216098190055,0.017980332484794786,20.0,0.027852290037294503,0.020418111903324366
4,426,4ad56f1f2de8ac7e99a997dc798fcc9a82d5e41bcaa01483fa8161ba24fa2737,4b74724c4225fcfe043fdd749fb740fff4cf33c8,0.001914470667049552,0.006064836849839791,0,cuda,1.0,1,0.5,learned_mixture,0.6626702621094621,64,standard normal at finite u_max,infinite,learned,0.08688185230026202,0.015898308156446606,unbiased,3.072920883164754e-05,0.004780316026881337,32768,20849664,0.0008302566737679942,0.08688216222491407,0.01589830815644655,0.0008302625756156715,0.25290091423845107,0.017352943490360158,learned/task_026/cell_0426,505,with_replacement,268435456,3.0816649009939283,102000,completed,2048,2,0.11042154821657624,0.021963145006284435,0.0011060032879179685,0.2620786759881455,0.02254003639116378,20.0,0.2529009142384513,0.017352064004667295
4,466,4ad56f1f2de8ac7e99a997dc798fcc9a82d5e41bcaa01483fa8161ba24fa2737,4b74724c4225fcfe043fdd749fb740fff4cf33c8,0.004621013677490787,0.009768407502576853,1,cuda,1.0,1,0.5,learned_mixture,0.5559200983197238,64,standard normal at finite u_max,infinite,learned,0.02481921277682983,0.007265164714092109,unbiased,3.4956231947381754e-05,0.004932546056807041,32768,20849664,0.0,0.02481945711027364,0.007265164714091776,4.440892098500626e-16,0.05316209067167199,0.007270877945089901,learned/task_026/cell_0466,447,with_replacement,268435456,3.056069929036312,102001,completed,2048,2,0.02122339680394192,0.002503242788485238,0.0,0.0786922857196094,0.005082511664038788,20.0,0.05316209067167155,0.007269616352624187
4,506,4ad56f1f2de8ac7e99a997dc798fcc9a82d5e41bcaa01483fa8161ba24fa2737,4b74724c4225fcfe043fdd749fb740fff4cf33c8,0.002079091341065698,0.007077790862263183,2,cuda,1.0,1,0.5,learned_mixture,0.7755892872981597,64,standard normal at finite u_max,infinite,learned,0.16074636672417228,0.034053674421282015,unbiased,3.053897412526688e-05,0.0048332070000469685,32768,20849664,0.1588092141248688,0.16074637271488026,0.034053674421282036,0.15880925183889139,0.32750934181407876,0.034546509990488125,learned/task_026/cell_0506,484,with_replacement,268435456,3.0748807379277423,102002,completed,2048,2,0.13596522975511363,0.026975883559020815,0.13361715741197144,0.32674708182523016,0.028240675629558704,20.0,0.3275093418140784,0.03454669773266559
4,546,4ad56f1f2de8ac7e99a997dc798fcc9a82d5e41bcaa01483fa8161ba24fa2737,4b74724c4225fcfe043fdd749fb740fff4cf33c8,0.0007722338899261837,0.004117777004318028,3,cuda,1.0,1,0.5,learned_mixture,0.5080536677686226,64,standard normal at finite u_max,infinite,learned,0.07414003956664605,0.00556349675394241,unbiased,3.0537212411449265e-05,0.004841917078010738,32768,20849664,0.0,0.07414019555908591,0.005563496753943298,0.0,0.37683816669336756,0.01897539783119623,learned/task_026/cell_0546,465,with_replacement,268435456,3.0711646039271727,102003,completed,2048,2,0.08784079187520344,0.009681273615514296,0.0,0.38464627343706714,0.020626204164355746,20.0,0.376838166693368,0.018975679665517185
4,586,4ad56f1f2de8ac7e99a997dc798fcc9a82d5e41bcaa01483fa8161ba24fa2737,4b74724c4225fcfe043fdd749fb740fff4cf33c8,0.004357721875740517,0.01028461071333008,4,cuda,1.0,1,0.5,learned_mixture,0.5689472491327249,64,standard normal at finite u_max,infinite,learned,0.029085584648895102,0.006082396403289194,unbiased,3.36900736258742e-05,0.00482232600916177,32768,20849664,0.022292785620684152,0.029085976575644823,0.006082396403289187,0.02229278297247722,0.10597014069224886,0.007373468436019496,learned/task_026/cell_0586,431,with_replacement,268435456,3.0525131929898635,102004,completed,2048,2,0.06348373912656313,0.01636700711661992,0.05928915827258863,0.11369756268293973,0.01671753536471481,20.0,0.10597014069224919,0.007374008404983407
4,626,40d2f60f7b01b721909df18cdd26cc0bda1e28ef62dd47bb3bc9b7acfaa1fbc4,4b74724c4225fcfe043fdd749fb740fff4cf33c8,0.0019292522353990499,0.0061789021621518276,0,cuda,1.0,1,0.5,learned_mixture,0.8341651269711137,64,standard normal at finite u_max,infinite,learned,0.10123105972068491,0.019031148625392236,unbiased,3.0771211148227816e-05,0.004882136010564864,32768,20849664,0.0015284164105974218,0.10123129689020027,0.019031148625392236,0.0015284250122700183,0.26520772700002415,0.02034164387867071,learned/task_026/cell_0626,497,with_replacement,268435456,3.078832481056452,103000,completed,2048,3,0.07821413189906778,0.012852246463239791,0.0012270514237916474,0.26116188053558387,0.01549311417364135,20.0,0.2652077270000238,0.020341859679695953
4,666,40d2f60f7b01b721909df18cdd26cc0bda1e28ef62dd47bb3bc9b7acfaa1fbc4,4b74724c4225fcfe043fdd749fb740fff4cf33c8,0.002440645790858468,0.0073672527605675615,1,cuda,1.0,1,0.5,learned_mixture,0.9716298198951976,64,standard normal at finite u_max,infinite,learned,0.0843346034863639,0.019476790971258984,unbiased,3.4751793521922745e-05,0.005188453942537308,32768,20849664,0.0,0.08433465197781354,0.019476790971259872,7.771561172376096e-16,0.11039114744247502,0.01960883497400476,learned/task_026/cell_0666,451,with_replacement,268435456,3.059257007087581,103001,completed,2048,3,0.05634837504250445,0.012109538210691828,0.0,0.10578108470271952,0.012709842188464849,20.0,0.11039114744247414,0.01960987812866785
4,706,40d2f60f7b01b721909df18cdd26cc0bda1e28ef62dd47bb3bc9b7acfaa1fbc4,4b74724c4225fcfe043fdd749fb740fff4cf33c8,0.0008768850273797625,0.004572397211531084,2,cuda,1.0,1,0.5,learned_mixture,0.9777634794372326,64,standard normal at finite u_max,infinite,learned,0.10949941186675338,0.021962296012576606,unbiased,3.124475112610497e-05,0.0048520759446546435,32768,20849664,0.10504436378933701,0.1094994926282451,0.02196229601257662,0.10504442090050115,0.3071556051214749,0.023652717593286424,learned/task_026/cell_0706,484,with_replacement,268435456,3.0766353860963136,103002,completed,2048,3,0.12401903756298246,0.02653469322410821,0.12052327899424387,0.3010236521736107,0.02735403093285846,20.0,0.30715560512147533,0.02365286001385425
4,746,40d2f60f7b01b721909df18cdd26cc0bda1e28ef62dd47bb3bc9b7acfaa1fbc4,4b74724c4225fcfe043fdd749fb740fff4cf33c8,0.003369824534078556,0.008873607319577502,3,cuda,1.0,1,0.5,learned_mixture,0.5318696455770481,64,standard normal at finite u_max,infinite,learned,0.16096379385403636,0.030670837099555648,unbiased,3.0535225108336205e-05,0.004924076027236879,32768,20849664,0.0,0.16096379835731167,0.030670837099555204,0.0,0.3911071152578911,0.03405846606604124,learned/task_026/cell_0746,468,with_replacement,268435456,3.0682829739525914,103003,completed,2048,3,0.12969994027253928,0.021797229779978666,0.0,0.39195073746343645,0.027808454670823397,20.0,0.391107115257891,0.03405831762350625
4,786,40d2f60f7b01b721909df18cdd26cc0bda1e28ef62dd47bb3bc9b7acfaa1fbc4,4b74724c4225fcfe043fdd749fb740fff4cf33c8,0.0024637516619782605,0.007784584522309842,4,cuda,1.0,1,0.5,learned_mixture,0.6808438976756241,64,standard normal at finite u_max,infinite,learned,0.432765093304624,0.11705766408256996,unbiased,3.70828312691316e-05,0.004894827026873827,32768,20849664,0.3498040117502431,0.43276496954204036,0.11705766408256991,0.3498040464243992,0.24456312317488815,0.117060276630476,learned/task_026/cell_0786,439,with_replacement,268435456,3.056617775000632,103004,completed,2048,3,0.458694338805675,0.12484224860487975,0.3772529444193712,0.2377818874248161,0.12484365683645088,20.0,0.24456312317488782,0.11705971244823354
4,826,4f8f7d024dee2ba1d205fcf59f39c4f32d87524ab703a9051d4ad4e7ca38f59f,4b74724c4225fcfe043fdd749fb740fff4cf33c8,6.939556830359478e-05,0.0011455227980989428,0,cuda,1.0,1,0.5,learned_mixture,0.5061892066719474,64,standard normal at finite u_max,infinite,learned,0.055480430834033534,0.007878042718683587,unbiased,3.070405798629206e-05,0.004926225985400379,32768,20849664,0.0008985680666070552,0.055480549028361525,0.007878042718683476,0.0008985751192648465,0.1979326703106815,0.011109473453421033,learned/task_026/cell_0826,510,with_replacement,268435456,3.08734188193921,104000,completed,2048,4,0.059293210056703405,0.009023565516781629,0.0009296289795394233,0.19538301980010464,0.011742037094388764,20.0,0.19793267031068118,0.011109962826835287
4,866,4f8f7d024dee2ba1d205fcf59f39c4f32d87524ab703a9051d4ad4e7ca38f59f,4b74724c4225fcfe043fdd749fb740fff4cf33c8,0.0018676570259862641,0.006437893942253548,1,cuda,1.0,1,0.5,learned_mixture,0.6564364960694163,64,standard normal at finite u_max,infinite,learned,0.2734284808732325,0.07008970814936,unbiased,4.021154537823901e-05,0.004789707018062472,32768,20849664,0.0,0.2734283717106953,0.07008970814936077,4.440892098500626e-16,0.08409323330141638,0.07009384526139487,learned/task_026/cell_0866,460,with_replacement,268435456,3.061640560044907,104001,completed,2048,4,0.2966112741566312,0.07652760209161302,0.0,0.08524301929052147,0.07653088832384149,20.0,0.08409323330141716,0.07009444329310463
4,906,4f8f7d024dee2ba1d205fcf59f39c4f32d87524ab703a9051d4ad4e7ca38f59f,4b74724c4225fcfe043fdd749fb740fff4cf33c8,2.428430087408201e-05,0.000713122728557942,2,cuda,1.0,1,0.5,learned_mixture,0.7416122511354514,64,standard normal at finite u_max,infinite,learned,0.20671685665129147,0.05341341353951333,unbiased,3.0697230120404e-05,0.004883536021225154,32768,20849664,0.19775311116910732,0.20671683559461806,0.053413413539513316,0.19775316003306698,0.2202259708013119,0.05341340271530237,learned/task_026/cell_0906,485,with_replacement,268435456,3.0731444099219516,104002,completed,2048,4,0.20425415800428215,0.05270029081095794,0.1951366658580529,0.2176384251776946,0.05270105822298063,20.0,0.2202259708013118,0.05341412335061168
4,946,4f8f7d024dee2ba1d205fcf59f39c4f32d87524ab703a9051d4ad4e7ca38f59f,4b74724c4225fcfe043fdd749fb740fff4cf33c8,0.003208680761353184,0.008616521574054063,3,cuda,1.0,1,0.5,learned_mixture,0.8115347813299805,64,standard normal at finite u_max,infinite,learned,0.06871560673491414,0.0035219525132992313,unbiased,3.058740533099964e-05,0.00489580596331507,32768,20849664,0.0,0.06871591102227745,0.0035219525132992313,0.0,0.3827869695373375,0.018701813663980483,learned/task_026/cell_0946,472,with_replacement,268435456,3.056193188065663,104003,completed,2048,4,0.07274947580127744,0.005094569060754894,0.0,0.387443070944291,0.019472926564263315,20.0,0.3827869695373376,0.018701966095133027
4,986,4f8f7d024dee2ba1d205fcf59f39c4f32d87524ab703a9051d4ad4e7ca38f59f,4b74724c4225fcfe043fdd749fb740fff4cf33c8,2.124630065404088e-06,0.00022534148545752877,4,cuda,1.0,1,0.5,learned_mixture,0.6806126300972948,64,standard normal at finite u_max,infinite,learned,0.17275118566471398,0.04660722800758498,unbiased,6.252974939671577e-05,0.004816276021301746,32768,20849664,0.163649094809053,0.17275107927758765,0.046607228007584975,0.1636491166150673,0.057270862111244436,0.04660874911304598,learned/task_026/cell_0986,438,with_replacement,268435456,3.035094724036753,104004,completed,2048,4,0.17357883105777844,0.046832492545304506,0.16449594099843046,0.05735008116290641,0.04683282347743947,20.0,0.05727086211124499,0.04660755381233899
4,27,ce9344dce5f56b4cda176bcdb36371f48911618aa600da1465617419b4995b69,4b74724c4225fcfe043fdd749fb740fff4cf33c8,0.0010844456383777698,0.00462647144353439,0,cuda,1.0,1,0.5,learned_mixture,0.5349013339219182,64,standard normal at finite u_max,infinite,learned,0.059268680734185786,0.011926576598722705,unbiased,3.38325829227879e-05,2.749902307987213,32768,37626880,0.0010021852872162576,0.05926868572317001,0.011926576598722816,0.001002193449584483,0.09711796896740732,0.012236844748733072,learned/task_027/cell_0027,484,without_replacement,268435456,2.9172246903181076,100000,completed,2048,0,0.04220618004146903,0.007300105155188086,0.0008007706348451451,0.09625930880211886,0.008132512711022288,20.0,0.09711796896740765,0.012237527674401793
4,67,ce9344dce5f56b4cda176bcdb36371f48911618aa600da1465617419b4995b69,4b74724c4225fcfe043fdd749fb740fff4cf33c8,0.0028177976527941754,0.007894208039786178,1,cuda,1.0,1,0.5,learned_mixture,0.9342086368174534,64,standard normal at finite u_max,infinite,learned,0.06930634524149903,0.016074625865749814,unbiased,0.00012192263728279964,0.005265340209007263,32768,37626880,0.0,0.06930632369666145,0.01607462586574948,3.3306690738754696e-16,0.012285600595048463,0.016080950486721438,learned/task_027/cell_0067,408,without_replacement,268435456,2.8971576243638992,100001,completed,2048,0,0.0991262083871543,0.023968833905535614,0.0,0.01619312137455753,0.023970000268044342,20.0,0.01228560059504824,0.01608111070724884
4,107,ce9344dce5f56b4cda176bcdb36371f48911618aa600da1465617419b4995b69,4b74724c4225fcfe043fdd749fb740fff4cf33c8,0.0016242032107009856,0.006241713422168208,2,cuda,1.0,1,0.5,learned_mixture,0.6074915602242786,64,standard normal at finite u_max,infinite,learned,0.21304177936493007,0.051747154446486435,unbiased,5.083005037478391e-05,0.005298256874084473,32768,37626880,0.211594014469063,0.2130416903386329,0.051747154446486435,0.211593954962976,0.09710100867266669,0.05174888176206248,learned/task_027/cell_0107,453,without_replacement,268435456,2.9097051918506622,100002,completed,2048,0,0.19150074662377475,0.04550544102431586,0.1905148282252206,0.0874518766310537,0.04551338228544803,20.0,0.09710100867266669,0.0517488843079907
4,147,ce9344dce5f56b4cda176bcdb36371f48911618aa600da1465617419b4995b69,4b74724c4225fcfe043fdd749fb740fff4cf33c8,0.0020413577698234937,0.006893672843241345,3,cuda,1.0,1,0.5,learned_mixture,0.8395769861812735,64,standard normal at finite u_max,infinite,learned,0.09200318145624542,0.020968385575322324,unbiased,3.840034145958403e-05,0.00500960648059845,32768,37626880,0.0,0.09200319024405451,0.020968385575322768,0.0,0.14810786517976904,0.021573373251807734,learned/task_027/cell_0147,435,without_replacement,268435456,2.89656201004982,100003,completed,2048,0,0.11734575207460657,0.02786205841856282,0.0,0.15113327453854075,0.028228212247873977,20.0,0.1481078651797687,0.021573674226979127
4,187,ce9344dce5f56b4cda176bcdb36371f48911618aa600da1465617419b4995b69,4b74724c4225fcfe043fdd749fb740fff4cf33c8,0.0014426028974729825,0.005948686827752709,4,cuda,1.0,1,0.5,learned_mixture,0.8341608283460356,64,standard normal at finite u_max,infinite,learned,0.28047821985970955,0.0782441834947207,unbiased,5.1957256263168655e-05,0.004893824458122253,32768,37626880,0.24977556989419003,0.28047805492551625,0.07824418349472073,0.24977560139811883,0.05159091654682124,0.07824409468046835,learned/task_027/cell_0187,403,without_replacement,268435456,2.8827534168958664,100004,completed,2048,0,0.3012903630839895,0.08419287032247225,0.27074343718529537,0.04443129896630926,0.08419290369110992,20.0,0.051590916546821575,0.07824422915461446
4,227,642c9ac8b37cc879a46c5dc332c9d99eb4ae9d0bd2c4b38a1ce3bbe1af22951a,4b74724c4225fcfe043fdd749fb740fff4cf33c8,0.00019057818744338701,0.0018328701345066188,0,cuda,1.0,1,0.5,learned_mixture,0.9062389364631266,64,standard normal at finite u_max,infinite,learned,0.07368117665918317,0.015384052428000838,unbiased,4.710860133867039e-05,0.0049103498458862305,32768,37626880,0.001123629946434193,0.07368120318391236,0.015384052428000783,0.0011236370048849059,0.19296119955733726,0.0161987536927782,learned/task_027/cell_0227,474,without_replacement,268435456,2.9102282524108887,101000,completed,2048,1,0.07963514002550698,0.01721692146704401,0.0011416773472630842,0.1858066636119008,0.01775493298698698,20.0,0.19296119955733693,0.01619871687886311
4,267,642c9ac8b37cc879a46c5dc332c9d99eb4ae9d0bd2c4b38a1ce3bbe1af22951a,4b74724c4225fcfe043fdd749fb740fff4cf33c8,0.00020044819671683972,0.0021100084496748503,1,cuda,1.0,1,0.5,learned_mixture,0.66166065563181,64,standard normal at finite u_max,infinite,learned,0.09294314184585711,0.02360090974686002,unbiased,7.881193411803111e-05,0.005299001932144165,32768,37626880,0.0,0.09294309987120752,0.02360090974685969,0.0,0.040805739436097,0.023639967328514613,learned/task_027/cell_0267,406,without_replacement,268435456,2.883836403489113,101001,completed,2048,1,0.10084063253384679,0.02571091819653537,0.0,0.03951391033747931,0.025741916156244955,20.0,0.04080573943609722,0.02363971500009367
4,307,642c9ac8b37cc879a46c5dc332c9d99eb4ae9d0bd2c4b38a1ce3bbe1af22951a,4b74724c4225fcfe043fdd749fb740fff4cf33c8,0.00026619708425429205,0.0021914315119830573,2,cuda,1.0,1,0.5,learned_mixture,0.9243594438418316,64,standard normal at finite u_max,infinite,learned,0.06352397324045878,0.01737859237250554,unbiased,3.8034823170657664e-05,0.0049343109130859375,32768,37626880,0.061490607005992626,0.06352404895988206,0.01737859237250553,0.06149065234139384,0.12178637968318351,0.01741089664869079,learned/task_027/cell_0307,444,without_replacement,268435456,2.9037067145109177,101002,completed,2048,1,0.05494473450153187,0.015187988498377075,0.05299408330805211,0.10733575525944372,0.015219918396382663,20.0,0.12178637968318395,0.01741064523603169
4,347,642c9ac8b37cc879a46c5dc332c9d99eb4ae9d0bd2c4b38a1ce3bbe1af22951a,4b74724c4225fcfe043fdd749fb740fff4cf33c8,0.0009395875936035435,0.004653360341217085,3,cuda,1.0,1,0.5,learned_mixture,0.7769005853277071,64,standard normal at finite u_max,infinite,learned,0.16344828918096616,0.040330839856723144,unbiased,3.45300816965883e-05,0.004911705851554871,32768,37626880,0.0,0.16344830490263734,0.04033083985672359,0.0,0.18690946480477066,0.04033992006685346,learned/task_027/cell_0347,440,without_replacement,268435456,2.895568147301674,101003,completed,2048,1,0.14614980695296342,0.035677479515504706,0.0,0.1792382317160709,0.03568794874263405,20.0,0.18690946480477022,0.04033940100542088
4,387,642c9ac8b37cc879a46c5dc332c9d99eb4ae9d0bd2c4b38a1ce3bbe1af22951a,4b74724c4225fcfe043fdd749fb740fff4cf33c8,0.0002667290590314328,0.0024383532218283147,4,cuda,1.0,1,0.5,learned_mixture,0.5836158377821116,64,standard normal at finite u_max,infinite,learned,0.3122224272525488,0.0833754025024741,unbiased,0.0001745276234098923,0.004841864109039307,32768,37626880,0.28446928027384233,0.31222234349852906,0.08337540250247408,0.28446929694247025,0.1402075831944778,0.08337841774455008,learned/task_027/cell_0387,402,without_replacement,268435456,2.8797855526208878,101004,completed,2048,1,0.3045084633156485,0.08093704928065781,0.275521684581853,0.13171703110139,0.08093989565478808,20.0,0.14020758319447768,0.08337820052671147
4,427,4ad56f1f2de8ac7e99a997dc798fcc9a82d5e41bcaa01483fa8161ba24fa2737,4b74724c4225fcfe043fdd749fb740fff4cf33c8,0.001914470667049552,0.006064836849839791,0,cuda,1.0,1,0.5,learned_mixture,0.5092305239966632,64,standard normal at finite u_max,infinite,learned,0.08142730168545043,0.01628138175415339,unbiased,3.764227925603906e-05,0.004844009876251221,32768,37626880,0.00018073829256788686,0.08142750923109243,0.016281381754153557,0.00018074419441556377,0.19681136750739325,0.0171672070082271,learned/task_027/cell_0427,478,without_replacement,268435456,2.908457636833191,102000,completed,2048,2,0.10580612916813592,0.02234621860399122,0.0004564849067178611,0.2066781630229657,0.022809949983742122,20.0,0.19681136750739392,0.01716782523514559
4,467,4ad56f1f2de8ac7e99a997dc798fcc9a82d5e41bcaa01483fa8161ba24fa2737,4b74724c4225fcfe043fdd749fb740fff4cf33c8,0.004621013677490787,0.009768407502576853,1,cuda,1.0,1,0.5,learned_mixture,0.8031786431515111,64,standard normal at finite u_max,infinite,learned,0.06604578657890559,0.01686934366838977,unbiased,5.937312989656831e-05,0.0455777645111084,32768,37626880,0.0,0.06604583420572496,0.01686934366838988,0.0,0.01806352082355045,0.0168804835308326,learned/task_027/cell_0467,420,without_replacement,268435456,2.8866084218025208,102001,completed,2048,2,0.10353115697129056,0.026637751170967117,0.0,0.04454010101861616,0.02664592829862608,20.0,0.018063520823550228,0.016880464574584763
4,507,4ad56f1f2de8ac7e99a997dc798fcc9a82d5e41bcaa01483fa8161ba24fa2737,4b74724c4225fcfe043fdd749fb740fff4cf33c8,0.002079091341065698,0.007077790862263183,2,cuda,1.0,1,0.5,learned_mixture,0.6511474118264992,64,standard normal at finite u_max,infinite,learned,0.04522906502420054,0.0054752487346253036,unbiased,3.584273957418928e-05,0.004939675331115723,32768,37626880,0.011329240793790829,0.045229346075416066,0.005475248734625286,0.01132920307976848,0.2055800239809874,0.010591194652226285,learned/task_027/cell_0507,453,without_replacement,268435456,2.899585649371147,102002,completed,2048,2,0.06403838727783295,0.012553039596886504,0.0365212975066882,0.20467955859207776,0.014209570847125014,20.0,0.20558002398098696,0.01059061987474115
4,547,4ad56f1f2de8ac7e99a997dc798fcc9a82d5e41bcaa01483fa8161ba24fa2737,4b74724c4225fcfe043fdd749fb740fff4cf33c8,0.0007722338899261837,0.004117777004318028,3,cuda,1.0,1,0.5,learned_mixture,0.9406595281863809,64,standard normal at finite u_max,infinite,learned,0.02824702727099307,0.002175860560061249,unbiased,3.1044772600795334e-05,0.004876762628555298,32768,37626880,0.0,0.028247382472642774,0.002175860560061138,0.0,0.1614426960091767,0.007281847433408861,learned/task_027/cell_0547,441,without_replacement,268435456,2.89457930624485,102003,completed,2048,2,0.02777613349198471,0.0019419163015106378,0.0,0.17194966962392155,0.0076497574669880525,20.0,0.1614426960091765,0.007281711179941652
4,587,4ad56f1f2de8ac7e99a997dc798fcc9a82d5e41bcaa01483fa8161ba24fa2737,4b74724c4225fcfe043fdd749fb740fff4cf33c8,0.004357721875740517,0.01028461071333008,4,cuda,1.0,1,0.5,learned_mixture,0.6849454029964208,64,standard normal at finite u_max,infinite,learned,0.11735936630312904,0.02972603420221701,unbiased,4.2031800045820254e-05,0.005012005567550659,32768,37626880,0.11517508875058152,0.1173594159418686,0.029726034202216988,0.11517508610237476,0.09302305232538122,0.02975836198178953,learned/task_027/cell_0587,415,without_replacement,268435456,2.886392295360565,102004,completed,2048,2,0.15455144105792795,0.04001064491554773,0.152171461402486,0.10086238066273323,0.04001713935824023,20.0,0.093023052325381,0.029757475891190856
4,627,40d2f60f7b01b721909df18cdd26cc0bda1e28ef62dd47bb3bc9b7acfaa1fbc4,4b74724c4225fcfe043fdd749fb740fff4cf33c8,0.0019292522353990499,0.0061789021621518276,0,cuda,1.0,1,0.5,learned_mixture,0.8664586714274514,64,standard normal at finite u_max,infinite,learned,0.20405440412014508,0.04763429033938532,unbiased,3.575357981031863e-05,0.004907652735710144,32768,37626880,0.0015284164105974218,0.20405432029187626,0.047634290339385266,0.0015284250122700183,0.19389074745923163,0.047658920050254856,learned/task_027/cell_0627,485,without_replacement,268435456,2.914984956383705,103000,completed,2048,3,0.1794330349326172,0.04145538817723288,0.0012270514237916474,0.18945222192053857,0.041502146683064886,20.0,0.19389074745923118,0.04765988106352033
4,667,40d2f60f7b01b721909df18cdd26cc0bda1e28ef62dd47bb3bc9b7acfaa1fbc4,4b74724c4225fcfe043fdd749fb740fff4cf33c8,0.002440645790858468,0.0073672527605675615,1,cuda,1.0,1,0.5,learned_mixture,0.6413092502858002,64,standard normal at finite u_max,infinite,learned,0.10865125910232215,0.025573283843026928,unbiased,0.00010940755118717338,0.005048349499702454,32768,37626880,0.0,0.10865115727412428,0.025573283843026928,2.220446049250313e-16,0.03203032140327,0.025629990253468262,learned/task_027/cell_0667,410,without_replacement,268435456,2.8867230117321014,103001,completed,2048,3,0.13631908565959255,0.032940536603594084,0.0,0.03737842975147321,0.03297511980791836,20.0,0.03203032140327022,0.025630465720667014
4,707,40d2f60f7b01b721909df18cdd26cc0bda1e28ef62dd47bb3bc9b7acfaa1fbc4,4b74724c4225fcfe043fdd749fb740fff4cf33c8,0.0008768850273797625,0.004572397211531084,2,cuda,1.0,1,0.5,learned_mixture,0.9913785990635888,64,standard normal at finite u_max,infinite,learned,0.04171080271714639,0.008708036951541896,unbiased,3.1725740499832675e-05,0.004833430051803589,32768,37626880,0.040571992442053895,0.04171092166840923,0.008708036951541875,0.04057204955321758,0.10661527027081796,0.009747036517363304,learned/task_027/cell_0707,455,without_replacement,268435456,2.9334216862916946,103002,completed,2048,3,0.05739737503531478,0.0132804341630735,0.056050907646960746,0.09870845429953368,0.013552777673358225,20.0,0.10661527027081763,0.009747961010385428
4,747,40d2f60f7b01b721909df18cdd26cc0bda1e28ef62dd47bb3bc9b7acfaa1fbc4,4b74724c4225fcfe043fdd749fb740fff4cf33c8,0.003369824534078556,0.008873607319577502,3,cuda,1.0,1,0.5,learned_mixture,0.9076454480590782,64,standard normal at finite u_max,infinite,learned,0.12025315589984742,0.029653020469463498,unbiased,3.452801473515705e-05,0.004853948950767517,32768,37626880,0.0,0.1202531526086481,0.029653020469463165,0.0,0.16899800581070223,0.029779623532467835,learned/task_027/cell_0747,433,without_replacement,268435456,2.925947993993759,103003,completed,2048,3,0.15296101497847447,0.03852662778904048,0.0,0.17014936059365016,0.038570666575904446,20.0,0.16899800581070235,0.029779774737585918
4,787,40d2f60f7b01b721909df18cdd26cc0bda1e28ef62dd47bb3bc9b7acfaa1fbc4,4b74724c4225fcfe043fdd749fb740fff4cf33c8,0.0024637516619782605,0.007784584522309842,4,cuda,1.0,1,0.5,learned_mixture,0.5603960023573481,64,standard normal at finite u_max,infinite,learned,0.05915682190398697,0.015973499636212626,unbiased,0.0002308779182870342,0.0048446208238601685,32768,37626880,0.04421323900420615,0.059156698798727314,0.015973499636212626,0.0442132736783627,0.09261904446426295,0.015988845048243022,learned/task_027/cell_0787,403,without_replacement,268435456,2.91306409239769,103004,completed,2048,3,0.08570810026341247,0.023758084158522423,0.07166217167333422,0.10242702121629743,0.023766011382241048,20.0,0.09261904446426272,0.015989378016397673
4,827,4f8f7d024dee2ba1d205fcf59f39c4f32d87524ab703a9051d4ad4e7ca38f59f,4b74724c4225fcfe043fdd749fb740fff4cf33c8,6.939556830359478e-05,0.0011455227980989428,0,cuda,1.0,1,0.5,learned_mixture,0.9775635265611572,64,standard normal at finite u_max,infinite,learned,0.09864635337038985,0.020885906156156542,unbiased,3.3408420550853605e-05,0.005198389291763306,32768,37626880,0.0009352712334642933,0.09864653833351511,0.02088590615615643,0.0009352782861220844,0.20407570810755382,0.021177268754149593,learned/task_027/cell_0827,483,without_replacement,268435456,2.9434104561805725,104000,completed,2048,4,0.10289146923978132,0.022031428954254584,0.0009663321463966613,0.20154558538333045,0.02223080220953524,20.0,0.2040757081075535,0.02117659873220836
4,867,4f8f7d024dee2ba1d205fcf59f39c4f32d87524ab703a9051d4ad4e7ca38f59f,4b74724c4225fcfe043fdd749fb740fff4cf33c8,0.0018676570259862641,0.006437893942253548,1,cuda,1.0,1,0.5,learned_mixture,0.7682052888342479,64,standard normal at finite u_max,infinite,learned,0.09231725115243411,0.02673762257716028,unbiased,5.5125736768602147e-05,0.03471437096595764,32768,37626880,0.0,0.09231721994576386,0.02673762257716039,2.220446049250313e-16,0.053983869498891,0.0267370968018542,learned/task_027/cell_0867,409,without_replacement,268435456,2.9214275777339935,104001,completed,2048,4,0.11663703643136414,0.033175516519413306,0.0,0.05266074805252363,0.03317598314899717,20.0,0.05398386949889078,0.026738231761829982
4,907,4f8f7d024dee2ba1d205fcf59f39c4f32d87524ab703a9051d4ad4e7ca38f59f,4b74724c4225fcfe043fdd749fb740fff4cf33c8,2.428430087408201e-05,0.000713122728557942,2,cuda,1.0,1,0.5,learned_mixture,0.9790377741135224,64,standard normal at finite u_max,infinite,learned,0.04894834664947939,0.006606562586962527,unbiased,3.7706218092760344e-05,0.0050532519817352295,32768,37626880,0.04004982170459692,0.04894867207279319,0.006606562586962513,0.04004987056855669,0.19482697572600727,0.010806550456306133,learned/task_027/cell_0907,456,without_replacement,268435456,2.9428155571222305,104002,completed,2048,4,0.04642522982231145,0.005893439858407137,0.037433376393542495,0.19215514791794863,0.01040363291350925,20.0,0.19482697572600705,0.010805937225501367
4,947,4f8f7d024dee2ba1d205fcf59f39c4f32d87524ab703a9051d4ad4e7ca38f59f,4b74724c4225fcfe043fdd749fb740fff4cf33c8,0.003208680761353184,0.008616521574054063,3,cuda,1.0,1,0.5,learned_mixture,0.7268065434789657,64,standard normal at finite u_max,infinite,learned,0.1033098885245265,0.022984358232276625,unbiased,3.585282265335388e-05,0.004843607544898987,32768,37626880,0.0,0.10330997520180268,0.022984358232276847,0.0,0.23486557711055034,0.023592433732456036,learned/task_027/cell_0947,451,without_replacement,268435456,2.9422593265771866,104003,completed,2048,4,0.07471168030590328,0.0143678366582225,0.0,0.2406375606674327,0.016564620187991055,20.0,0.23486557711055034,0.023592383281298045
4,987,4f8f7d024dee2ba1d205fcf59f39c4f32d87524ab703a9051d4ad4e7ca38f59f,4b74724c4225fcfe043fdd749fb740fff4cf33c8,2.124630065404088e-06,0.00022534148545752877,4,cuda,1.0,1,0.5,learned_mixture,0.9146909050754569,64,standard normal at finite u_max,infinite,learned,0.0623619839896869,0.01828425429863243,unbiased,0.00035453220720276424,0.004863172769546509,32768,37626880,0.061402662246653084,0.06236189456284952,0.018284254298632462,0.061402640440639256,0.03161635455521483,0.018291061116231487,learned/task_027/cell_0987,415,without_replacement,268435456,2.9276137202978134,104004,completed,2048,4,0.06152040488626931,0.018058989760912907,0.06055581605727561,0.031529666167212866,0.0180659467531537,20.0,0.031616354555215054,0.018291131972015668
4,28,ce9344dce5f56b4cda176bcdb36371f48911618aa600da1465617419b4995b69,4b74724c4225fcfe043fdd749fb740fff4cf33c8,0.0010844456383777698,0.00462647144353439,0,cuda,1.0,1,0.5,learned_mixture,0.8807060847500491,64,standard normal at finite u_max,finite,learned,0.07847099996879747,0.017534985639185263,tail,0.34976126445798494,2.835662007331848,32768,20849664,0.0014284660761627599,0.07847102542868734,0.017534985639185485,0.0014284742385309857,0.14434498975389076,0.017602438842800886,learned/task_028/cell_0028,62,with_replacement,268435456,3.9485483169555664,100000,completed,2048,0,0.059924559717283055,0.012908514195650644,0.0012270514237916474,0.14353124349770763,0.013162058040517717,20.0,0.1443449897538911,0.017601183176597653
4,68,ce9344dce5f56b4cda176bcdb36371f48911618aa600da1465617419b4995b69,4b74724c4225fcfe043fdd749fb740fff4cf33c8,0.0028177976527941754,0.007894208039786178,1,cuda,1.0,1,0.5,learned_mixture,0.5375990944360304,64,standard normal at finite u_max,finite,learned,0.36264094364675814,0.09352857204439635,tail,0.09332008759615466,0.0051398128271102905,32768,20849664,0.0,0.36264080817247935,0.09352857204439646,2.220446049250313e-16,0.15891406644634432,0.09353109342915678,learned/task_028/cell_0068,201,with_replacement,268435456,4.032929822802544,100001,completed,2048,0,0.3907370065554292,0.10142278008418215,0.0,0.16224150681239946,0.10142462877834063,20.0,0.15891406644634454,0.09353102962249946
4,108,ce9344dce5f56b4cda176bcdb36371f48911618aa600da1465617419b4995b69,4b74724c4225fcfe043fdd749fb740fff4cf33c8,0.0016242032107009856,0.006241713422168208,2,cuda,1.0,1,0.5,learned_mixture,0.5014803440603464,64,standard normal at finite u_max,finite,learned,0.09223414672937813,0.023934258520575902,tail,0.3413263427387876,0.0052973926067352295,32768,20849664,0.08419616502686145,0.09223428710701453,0.02393425852057591,0.08419610552077483,0.11267633102301255,0.02408205913120017,learned/task_028/cell_0108,56,with_replacement,268435456,3.893976107239723,100002,completed,2048,0,0.07030616192937722,0.01769254509840533,0.06311697878301903,0.10319364987279744,0.017908692540161225,20.0,0.11267633102301189,0.02408113627707479
4,148,ce9344dce5f56b4cda176bcdb36371f48911618aa600da1465617419b4995b69,4b74724c4225fcfe043fdd749fb740fff4cf33c8,0.0020413577698234937,0.006893672843241345,3,cuda,1.0,1,0.5,learned_mixture,0.6237331821406558,64,standard normal at finite u_max,finite,learned,0.5939971160715207,0.17178913654796868,tail,0.011221798968126617,0.004958227276802063,32768,20849664,0.0,0.5939971251607016,0.17178913654796868,0.0,0.15048368269566992,0.1717894904582081,learned/task_028/cell_0148,248,with_replacement,268435456,3.9673858284950256,100003,completed,2048,0,0.5750678108843464,0.16489546370472818,0.0,0.1535006545771448,0.16489549510978702,20.0,0.15048368269567014,0.1717891582951741
4,188,ce9344dce5f56b4cda176bcdb36371f48911618aa600da1465617419b4995b69,4b74724c4225fcfe043fdd749fb740fff4cf33c8,0.0014426028974729825,0.005948686827752709,4,cuda,1.0,1,0.5,learned_mixture,0.6083101632618673,64,standard normal at finite u_max,finite,learned,0.023602058694931594,0.0048731215067696395,tail,0.29015249864210285,0.004875734448432922,32768,20849664,0.020949499482424527,0.023602093562604898,0.004873121506769631,0.02094946797849606,0.05566319327231273,0.005525897614045939,learned/task_028/cell_0188,51,with_replacement,268435456,3.886239171028137,100004,completed,2048,0,0.010647201270003973,0.001075565320981903,1.8367808680808118e-05,0.04853431764118188,0.0018985861443018858,20.0,0.05566319327231262,0.005527151964677076
4,228,642c9ac8b37cc879a46c5dc332c9d99eb4ae9d0bd2c4b38a1ce3bbe1af22951a,4b74724c4225fcfe043fdd749fb740fff4cf33c8,0.00019057818744338701,0.0018328701345066188,0,cuda,1.0,1,0.5,learned_mixture,0.9551715679972066,64,standard normal at finite u_max,finite,learned,0.10037996582805209,0.022448231082607906,tail,0.2863578846302599,0.005218133330345154,32768,20849664,0.0011688972507374659,0.10037998455993746,0.022448231082608072,0.0011689043091881787,0.13310665561149937,0.02248969969063939,learned/task_028/cell_0228,70,with_replacement,268435456,3.8970111310482025,101000,completed,2048,1,0.10762958314033932,0.024281100121651078,0.001186944651566357,0.12542149897481114,0.024307642711386877,20.0,0.1331066556114996,0.02248932656835142
4,268,642c9ac8b37cc879a46c5dc332c9d99eb4ae9d0bd2c4b38a1ce3bbe1af22951a,4b74724c4225fcfe043fdd749fb740fff4cf33c8,0.00020044819671683972,0.0021100084496748503,1,cuda,1.0,1,0.5,learned_mixture,0.6266928249037718,64,standard normal at finite u_max,finite,learned,0.3772901076837867,0.10033401299688882,tail,0.09833428148192834,0.005003109574317932,32768,20849664,0.0,0.3772899889278115,0.10033401299688904,0.0,0.11290919187941506,0.10033459466088422,learned/task_028/cell_0268,188,with_replacement,268435456,3.950163021683693,101001,completed,2048,1,0.37029394981976704,0.09822400454721347,0.0,0.1117144706783385,0.09822571926753546,20.0,0.11290919187941506,0.10033560417505383
4,308,642c9ac8b37cc879a46c5dc332c9d99eb4ae9d0bd2c4b38a1ce3bbe1af22951a,4b74724c4225fcfe043fdd749fb740fff4cf33c8,0.00026619708425429205,0.0021914315119830573,2,cuda,1.0,1,0.5,learned_mixture,0.8089592409726815,64,standard normal at finite u_max,finite,learned,0.07852235496821769,0.019533343340600494,tail,0.3250750540431011,0.0049073100090026855,32768,20849664,0.06665095370382479,0.07852245080690812,0.019533343340600525,0.06665090836842413,0.10121532243247922,0.019535492590306937,learned/task_028/cell_0308,57,with_replacement,268435456,3.892655074596405,101002,completed,2048,1,0.08516522132774185,0.021723947214728957,0.0751474774017653,0.08642621017906671,0.0217261955269506,20.0,0.10121532243247866,0.019536123763624395
4,348,642c9ac8b37cc879a46c5dc332c9d99eb4ae9d0bd2c4b38a1ce3bbe1af22951a,4b74724c4225fcfe043fdd749fb740fff4cf33c8,0.0009395875936035435,0.004653360341217085,3,cuda,1.0,1,0.5,learned_mixture,0.7177742360807706,64,standard normal at finite u_max,finite,learned,0.46727314391702635,0.1253684268526789,tail,0.009992155246073891,0.0048525333404541016,32768,20849664,0.0,0.4672729057000853,0.1253684268526789,0.0,0.22918996562781524,0.12536891700574188,learned/task_028/cell_0348,239,with_replacement,268435456,3.9625841081142426,101003,completed,2048,1,0.4828341424257384,0.13002178719389734,0.0,0.22191763470668657,0.13002197040756897,20.0,0.22918996562781535,0.12536867133207802
4,388,642c9ac8b37cc879a46c5dc332c9d99eb4ae9d0bd2c4b38a1ce3bbe1af22951a,4b74724c4225fcfe043fdd749fb740fff4cf33c8,0.0002667290590314328,0.0024383532218283147,4,cuda,1.0,1,0.5,learned_mixture,0.88627294611942,64,standard normal at finite u_max,finite,learned,0.027152644753417055,0.004317864986851412,tail,0.17114275164802342,0.004812359809875488,32768,20849664,0.013806848542202377,0.027152943844234056,0.004317864986851414,0.013806831873574787,0.13230487445028183,0.006807453945497323,learned/task_028/cell_0388,57,with_replacement,268435456,3.887286886572838,101004,completed,2048,1,0.03300284313889046,0.0067562182086676895,0.022754444234191706,0.1237362821710305,0.007844473663268332,20.0,0.13230487445028127,0.006806962433515721
4,428,4ad56f1f2de8ac7e99a997dc798fcc9a82d5e41bcaa01483fa8161ba24fa2737,4b74724c4225fcfe043fdd749fb740fff4cf33c8,0.001914470667049552,0.006064836849839791,0,cuda,1.0,1,0.5,learned_mixture,0.9904043065676171,64,standard normal at finite u_max,finite,learned,0.09114124812782598,0.019840826268423983,tail,0.09721611502409418,0.0051758140325546265,32768,20849664,0.0009143401566961957,0.09114136343304258,0.019840826268423872,0.0009143460585438729,0.16699634504999916,0.02018157088733392,learned/task_028/cell_0428,66,with_replacement,268435456,3.896906867623329,102000,completed,2048,2,0.11560753252142497,0.025905663118261812,0.0011900867708461698,0.17722940412804955,0.026116607624745353,20.0,0.16699634504999883,0.020181645306726444
4,468,4ad56f1f2de8ac7e99a997dc798fcc9a82d5e41bcaa01483fa8161ba24fa2737,4b74724c4225fcfe043fdd749fb740fff4cf33c8,0.004621013677490787,0.009768407502576853,1,cuda,1.0,1,0.5,learned_mixture,0.5506261086395176,64,standard normal at finite u_max,finite,learned,0.31306006075496345,0.07848190847883219,tail,0.06268265221241251,0.027559563517570496,32768,20849664,0.0,0.3130599606862889,0.07848190847883207,0.0,0.18288377744762785,0.07848112536171317,learned/task_028/cell_0468,204,with_replacement,268435456,3.9477160274982452,102001,completed,2048,2,0.2755382429726459,0.06871350097625484,0.0,0.20491620383557696,0.06871358738973651,20.0,0.18288377744762763,0.07848194898205425
4,508,4ad56f1f2de8ac7e99a997dc798fcc9a82d5e41bcaa01483fa8161ba24fa2737,4b74724c4225fcfe043fdd749fb740fff4cf33c8,0.002079091341065698,0.007077790862263183,2,cuda,1.0,1,0.5,learned_mixture,0.5313525196019602,64,standard normal at finite u_max,finite,learned,0.08070566794492406,0.02022700775880529,tail,0.05323414882792372,0.004926577210426331,32768,20849664,0.07823970275093212,0.08070567011746532,0.020227007758805274,0.07823966503690977,0.08451278995271783,0.02036767133571553,learned/task_028/cell_0508,57,with_replacement,268435456,3.8857485204935074,102002,completed,2048,2,0.10640429162138254,0.02730479862106649,0.10343175946382949,0.08347509632526384,0.027362254754262835,20.0,0.08451278995271716,0.02036667605986846
4,548,4ad56f1f2de8ac7e99a997dc798fcc9a82d5e41bcaa01483fa8161ba24fa2737,4b74724c4225fcfe043fdd749fb740fff4cf33c8,0.0007722338899261837,0.004117777004318028,3,cuda,1.0,1,0.5,learned_mixture,0.5211963865348271,64,standard normal at finite u_max,finite,learned,0.6765963554099097,0.20553104339954809,tail,0.01515416863180245,0.004810109734535217,32768,20849664,0.0,0.6765959389688727,0.20553104339954875,0.0,0.10017122666972333,0.20553067714116752,learned/task_028/cell_0548,253,with_replacement,268435456,4.000461667776108,102003,completed,2048,2,0.6837669508838844,0.20964882026111997,0.0,0.11144592087866367,0.20964883377663276,20.0,0.10017122666972378,0.20553105677424227
4,588,4ad56f1f2de8ac7e99a997dc798fcc9a82d5e41bcaa01483fa8161ba24fa2737,4b74724c4225fcfe043fdd749fb740fff4cf33c8,0.004357721875740517,0.01028461071333008,4,cuda,1.0,1,0.5,learned_mixture,0.8285977408170399,64,standard normal at finite u_max,finite,learned,0.025849710919125135,0.004919081182093811,tail,0.3438131525215051,0.005006417632102966,32768,20849664,0.014883975756606604,0.025849992994189996,0.004919081182093803,0.01488397310839995,0.10966945973423103,0.005892578688614116,learned/task_028/cell_0588,55,with_replacement,268435456,3.893753007054329,102004,completed,2048,2,0.0567297394974573,0.015203691895424538,0.05188034840851108,0.11736490717841386,0.015314159384548687,20.0,0.10966945973423092,0.005892973419978475
4,628,40d2f60f7b01b721909df18cdd26cc0bda1e28ef62dd47bb3bc9b7acfaa1fbc4,4b74724c4225fcfe043fdd749fb740fff4cf33c8,0.0019292522353990499,0.0061789021621518276,0,cuda,1.0,1,0.5,learned_mixture,0.8168094194840284,64,standard normal at finite u_max,finite,learned,0.26832438098110367,0.06607563893262886,tail,0.3129765748076941,0.004835233092308044,32768,20849664,0.0015284164105974218,0.2683242900242977,0.06607563893262919,0.0015284250122700183,0.06601473601816632,0.06607518226754588,learned/task_028/cell_0628,67,with_replacement,268435456,3.891986146569252,103000,completed,2048,3,0.24498573794222772,0.05989673677047641,0.0012270514237916474,0.06087211120164293,0.059897619621236256,20.0,0.06601473601816721,0.06607633014799003
4,668,40d2f60f7b01b721909df18cdd26cc0bda1e28ef62dd47bb3bc9b7acfaa1fbc4,4b74724c4225fcfe043fdd749fb740fff4cf33c8,0.002440645790858468,0.0073672527605675615,1,cuda,1.0,1,0.5,learned_mixture,0.7943873288608188,64,standard normal at finite u_max,finite,learned,0.32563018129868504,0.08473791586905444,tail,0.0716760933111716,0.004829913377761841,32768,20849664,0.0,0.3256300446886492,0.08473791586905388,4.440892098500626e-16,0.1662983841122896,0.08473967028207281,learned/task_028/cell_0668,195,with_replacement,268435456,3.9421164244413376,103001,completed,2048,3,0.35248983305980053,0.09210516862962159,0.0,0.1619780395648761,0.09210640526972369,20.0,0.16629838411228903,0.08473961097621335
4,708,40d2f60f7b01b721909df18cdd26cc0bda1e28ef62dd47bb3bc9b7acfaa1fbc4,4b74724c4225fcfe043fdd749fb740fff4cf33c8,0.0008768850273797625,0.004572397211531084,2,cuda,1.0,1,0.5,learned_mixture,0.5559150929213468,64,standard normal at finite u_max,finite,learned,0.00974622084505869,0.0003274057600850602,tail,0.3131354862119293,0.005151093006134033,32768,20849664,0.0015194195876579997,0.00974647460617166,0.00032740576008504635,0.0015193624764943126,0.05554146355003198,0.0026768913048969907,learned/task_028/cell_0708,54,with_replacement,268435456,3.9575819075107574,103002,completed,2048,3,0.017370060227644424,0.004899802971616664,0.013959495617248852,0.04718262374483195,0.0049184158058845455,20.0,0.055541463550031867,0.0026772148837979006
4,748,40d2f60f7b01b721909df18cdd26cc0bda1e28ef62dd47bb3bc9b7acfaa1fbc4,4b74724c4225fcfe043fdd749fb740fff4cf33c8,0.003369824534078556,0.008873607319577502,3,cuda,1.0,1,0.5,learned_mixture,0.6564857930129929,64,standard normal at finite u_max,finite,learned,0.4359266105952499,0.11477383873029812,tail,0.015028675224447658,0.004962503910064697,32768,20849664,0.0,0.4359264110001047,0.11477383873029812,0.0,0.24996897295246578,0.11477337375774901,learned/task_028/cell_0748,241,with_replacement,268435456,3.958822175860405,103003,completed,2048,3,0.406697220225702,0.10590023141072114,0.0,0.2510081423123336,0.10590150747366679,20.0,0.2499689729524659,0.11477471249992105
4,788,40d2f60f7b01b721909df18cdd26cc0bda1e28ef62dd47bb3bc9b7acfaa1fbc4,4b74724c4225fcfe043fdd749fb740fff4cf33c8,0.0024637516619782605,0.007784584522309842,4,cuda,1.0,1,0.5,learned_mixture,0.9535357657280652,64,standard normal at finite u_max,finite,learned,0.1123587162185109,0.028351110224623374,tail,0.3264104919592396,0.00487789511680603,32768,20849664,0.10926337512391587,0.11235866595515903,0.028351110224623385,0.1092633404497596,0.03967307832298261,0.02837115798608935,learned/task_028/cell_0788,52,with_replacement,268435456,3.8806654065847397,103004,completed,2048,3,0.08448934931664565,0.020566525702313578,0.0818144424547878,0.031052631727362834,0.020607095644028395,20.0,0.03967307832298239,0.0283702741872652
4,828,4f8f7d024dee2ba1d205fcf59f39c4f32d87524ab703a9051d4ad4e7ca38f59f,4b74724c4225fcfe043fdd749fb740fff4cf33c8,6.939556830359478e-05,0.0011455227980989428,0,cuda,1.0,1,0.5,learned_mixture,0.505905747576427,64,standard normal at finite u_max,finite,learned,0.14705131979239394,0.03463410292295882,tail,0.3080453704527146,0.004820391535758972,32768,20849664,0.0010821468695761574,0.147051319323663,0.03463410292295882,0.0010821539222339483,0.14338651157346227,0.03465528067159325,learned/task_028/cell_0828,60,with_replacement,268435456,3.8885919600725174,104000,completed,2048,4,0.15162996934526718,0.03577962572105686,0.0011132077825085254,0.14066346708917998,0.035798015644403804,20.0,0.14338651157346227,0.034655477708205394
4,868,4f8f7d024dee2ba1d205fcf59f39c4f32d87524ab703a9051d4ad4e7ca38f59f,4b74724c4225fcfe043fdd749fb740fff4cf33c8,0.0018676570259862641,0.006437893942253548,1,cuda,1.0,1,0.5,learned_mixture,0.5132322027998549,64,standard normal at finite u_max,finite,learned,0.3254049844404442,0.08121752445289454,tail,0.11247170556914603,0.004826217889785767,32768,20849664,0.0,0.32540486670466295,0.08121752445289532,4.440892098500626e-16,0.22355703597165466,0.08121842317397959,learned/task_028/cell_0868,190,with_replacement,268435456,3.9307921826839447,104001,completed,2048,4,0.3488497804699748,0.08765541839514757,0.0,0.22453174570613654,0.08765555126942379,20.0,0.22355703597165522,0.0812177002274522
4,908,4f8f7d024dee2ba1d205fcf59f39c4f32d87524ab703a9051d4ad4e7ca38f59f,4b74724c4225fcfe043fdd749fb740fff4cf33c8,2.428430087408201e-05,0.000713122728557942,2,cuda,1.0,1,0.5,learned_mixture,0.8536846195819586,64,standard normal at finite u_max,finite,learned,0.05317796041800604,0.01422919417423596,tail,0.2812512329102069,0.004799291491508484,32768,20849664,0.04710556391359633,0.053178130733004925,0.014229194174235966,0.04710551504963645,0.0664372694793296,0.014230778886242124,learned/task_028/cell_0908,56,with_replacement,268435456,3.861163452267647,104002,completed,2048,4,0.055416245119511376,0.01494231690279135,0.049722009224650754,0.06333940257522974,0.014944409505118942,20.0,0.06643726947932915,0.014231393521751705
4,948,4f8f7d024dee2ba1d205fcf59f39c4f32d87524ab703a9051d4ad4e7ca38f59f,4b74724c4225fcfe043fdd749fb740fff4cf33c8,0.003208680761353184,0.008616521574054063,3,cuda,1.0,1,0.5,learned_mixture,0.5043414774493618,64,standard normal at finite u_max,finite,learned,0.5740897150296704,0.1619790917409547,tail,0.003212494528159279,0.004827812314033508,32768,20849664,0.0,0.5740894300044652,0.16197909174095515,0.0,0.17075063287682057,0.16197942353720707,learned/task_028/cell_0948,239,with_replacement,268435456,3.929785668849945,104003,completed,2048,4,0.5961825155275211,0.17059561331500883,0.0,0.17700628360746617,0.1705957711752702,20.0,0.17075063287682102,0.16197930320403658
4,988,4f8f7d024dee2ba1d205fcf59f39c4f32d87524ab703a9051d4ad4e7ca38f59f,4b74724c4225fcfe043fdd749fb740fff4cf33c8,2.124630065404088e-06,0.00022534148545752877,4,cuda,1.0,1,0.5,learned_mixture,0.9493090906388352,64,standard normal at finite u_max,finite,learned,0.0652010029947489,0.018019886866518824,tail,0.3148190494226633,0.0047758519649505615,32768,20849664,0.06421636023494781,0.06520098902465565,0.01801988686651886,0.06421633842893393,0.08838933189903275,0.01821065032565558,learned/task_028/cell_0988,52,with_replacement,268435456,3.8616611808538437,104004,completed,2048,4,0.06434741461206805,0.0177946223287993,0.06336951404557034,0.08846593601543151,0.017991016367654218,20.0,0.08838933189903264,0.018211047901670257
4,29,ce9344dce5f56b4cda176bcdb36371f48911618aa600da1465617419b4995b69,4b74724c4225fcfe043fdd749fb740fff4cf33c8,0.0010844456383777698,0.00462647144353439,0,cuda,1.0,1,0.5,learned_mixture,0.5065610799418256,64,standard normal at finite u_max,finite,learned,0.11207249375009454,0.02574397090295405,tail,0.3646784399806913,2.5735352858901024,32768,37626880,0.0010721442802413977,0.1120725014780356,0.025743970902954272,0.0010721524426096233,0.10570741076253609,0.02576234155209828,learned/task_029/cell_0029,64,without_replacement,268435456,3.9579599648714066,100000,completed,2048,0,0.09352421534308086,0.02111749945941943,0.0008707296278702853,0.10485691934051422,0.021145557500642925,20.0,0.10570741076253642,0.025761516618398192
4,69,ce9344dce5f56b4cda176bcdb36371f48911618aa600da1465617419b4995b69,4b74724c4225fcfe043fdd749fb740fff4cf33c8,0.0028177976527941754,0.007894208039786178,1,cuda,1.0,1,0.5,learned_mixture,0.6445482055478725,64,standard normal at finite u_max,finite,learned,0.30461516153650464,0.07892174448610223,tail,0.09838939507892612,0.004921652376651764,32768,37626880,0.0,0.3046151651369701,0.0789217444861019,3.3306690738754696e-16,0.13654106306197622,0.07892228637365115,learned/task_029/cell_0069,172,without_replacement,268435456,3.9703884795308113,100001,completed,2048,0,0.3334527776591996,0.08681595252588803,0.0,0.1399570138068177,0.08681638780196245,20.0,0.1365410630619759,0.07892233260167295
4,109,ce9344dce5f56b4cda176bcdb36371f48911618aa600da1465617419b4995b69,4b74724c4225fcfe043fdd749fb740fff4cf33c8,0.0016242032107009856,0.006241713422168208,2,cuda,1.0,1,0.5,learned_mixture,0.5131321521692915,64,standard normal at finite u_max,finite,learned,0.17489762781909451,0.04901212477692708,tail,0.24897694025056616,0.005140513181686401,32768,37626880,0.17219191673280876,0.17489759056375725,0.04901212477692708,0.17219185722672187,0.02111305301598776,0.04902075917494075,learned/task_029/cell_0109,57,without_replacement,268435456,3.918653078377247,100002,completed,2048,0,0.15260970901961662,0.04277041135475651,0.15111273048896634,0.010651850272395569,0.04278183665600854,20.0,0.02111305301598776,0.049021563599799006
4,149,ce9344dce5f56b4cda176bcdb36371f48911618aa600da1465617419b4995b69,4b74724c4225fcfe043fdd749fb740fff4cf33c8,0.0020413577698234937,0.006893672843241345,3,cuda,1.0,1,0.5,learned_mixture,0.9914995764401267,64,standard normal at finite u_max,finite,learned,0.388173912303849,0.1020419849398484,tail,0.029576772335014732,0.004919886589050293,32768,37626880,0.0,0.3881737095473467,0.10204198493984751,0.0,0.2185554541919884,0.10204250757873674,learned/task_029/cell_0149,231,without_replacement,268435456,3.977852128446102,100003,completed,2048,0,0.3638932904491908,0.0951483120966079,0.0,0.22133067601364242,0.09514929009461501,20.0,0.21855545419198796,0.10204269526649055
4,189,ce9344dce5f56b4cda176bcdb36371f48911618aa600da1465617419b4995b69,4b74724c4225fcfe043fdd749fb740fff4cf33c8,0.0014426028974729825,0.005948686827752709,4,cuda,1.0,1,0.5,learned_mixture,0.6465655678133637,64,standard normal at finite u_max,finite,learned,0.024977794494911443,0.007082279145855847,tail,0.35962565085381015,0.0048248544335365295,32768,37626880,0.01888547716663469,0.024977950110603442,0.007082279145855828,0.01888544566270578,0.03123638200307899,0.007113211450954329,learned/task_029/cell_0189,47,without_replacement,268435456,3.9111718088388443,100004,completed,2048,0,0.005684381093893354,0.0011335923181043043,0.0020823901244706455,0.023923106379951542,0.0015129519701216811,20.0,0.031236382003079655,0.0071138320348161565
4,229,642c9ac8b37cc879a46c5dc332c9d99eb4ae9d0bd2c4b38a1ce3bbe1af22951a,4b74724c4225fcfe043fdd749fb740fff4cf33c8,0.00019057818744338701,0.0018328701345066188,0,cuda,1.0,1,0.5,learned_mixture,0.9668322341711479,64,standard normal at finite u_max,finite,learned,0.06008784619606622,0.011968382289765211,tail,0.3669916293459499,0.005203649401664734,32768,37626880,0.0007086801744623158,0.060087930277316626,0.011968382289764934,0.0007086872329130291,0.09481387653072793,0.012283162230654683,learned/task_029/cell_0229,61,without_replacement,268435456,3.919906973838806,101000,completed,2048,1,0.06693951522178154,0.013801251328808384,0.000726727575291207,0.08678924790801523,0.013967829933038552,20.0,0.09481387653072681,0.012282113380998601
4,269,642c9ac8b37cc879a46c5dc332c9d99eb4ae9d0bd2c4b38a1ce3bbe1af22951a,4b74724c4225fcfe043fdd749fb740fff4cf33c8,0.00020044819671683972,0.0021100084496748503,1,cuda,1.0,1,0.5,learned_mixture,0.9881634041708951,64,standard normal at finite u_max,finite,learned,0.25294910749094823,0.06258014515543586,tail,0.02763178779042652,0.00489671528339386,32768,37626880,0.0,0.2529490413790575,0.0625801451554352,9.992007221626409e-16,0.20813721989194744,0.06258978876782675,learned/task_029/cell_0269,157,without_replacement,268435456,3.954076685011387,101001,completed,2048,1,0.2450384543846743,0.06047013670576051,0.0,0.20707075043574408,0.060481706496458516,20.0,0.20813721989194645,0.06259024064591202
4,309,642c9ac8b37cc879a46c5dc332c9d99eb4ae9d0bd2c4b38a1ce3bbe1af22951a,4b74724c4225fcfe043fdd749fb740fff4cf33c8,0.00026619708425429205,0.0021914315119830573,2,cuda,1.0,1,0.5,learned_mixture,0.5295997563144682,64,standard normal at finite u_max,finite,learned,0.06601741749935008,0.017389494872094284,tail,0.2628468717142837,0.06091303378343582,32768,37626880,0.06142740599319885,0.06601741744276113,0.01738949487209431,0.06142736065779797,0.08154388834341064,0.017393077467357354,learned/task_029/cell_0309,55,without_replacement,268435456,3.909820206463337,101002,completed,2048,1,0.0736876161608998,0.019580098746222747,0.06992392969113936,0.06643109116947266,0.01958306619628309,20.0,0.08154388834341109,0.017393154897076914
4,349,642c9ac8b37cc879a46c5dc332c9d99eb4ae9d0bd2c4b38a1ce3bbe1af22951a,4b74724c4225fcfe043fdd749fb740fff4cf33c8,0.0009395875936035435,0.004653360341217085,3,cuda,1.0,1,0.5,learned_mixture,0.8941136744486656,64,standard normal at finite u_max,finite,learned,0.42479037030155026,0.11460735614220008,tail,0.14138871720320567,0.004753798246383667,32768,37626880,0.0,0.42479018005482516,0.1146073561422003,0.0,0.20853660925322082,0.11460811814631991,learned/task_029/cell_0349,221,without_replacement,268435456,3.9733498319983482,101003,completed,2048,1,0.44092722095927656,0.11926071648341852,0.0,0.2010694209282048,0.11926091510611425,20.0,0.20853660925322093,0.11460762088358271
4,389,642c9ac8b37cc879a46c5dc332c9d99eb4ae9d0bd2c4b38a1ce3bbe1af22951a,4b74724c4225fcfe043fdd749fb740fff4cf33c8,0.0002667290590314328,0.0024383532218283147,4,cuda,1.0,1,0.5,learned_mixture,0.798800930506986,64,standard normal at finite u_max,finite,learned,0.06395404163836282,0.01732336378477688,tail,0.30606827168876993,0.004756070673465729,32768,37626880,0.06319431573931233,0.06395405644049801,0.017323363784776877,0.06319429907068447,0.05581133015300099,0.017405835587572898,learned/task_029/cell_0389,54,without_replacement,268435456,3.910154901444912,101004,completed,2048,1,0.07273294408126046,0.019761717006593158,0.07214191143130166,0.04648735505116808,0.019791869707357294,20.0,0.05581133015300077,0.017406051464273854
4,429,4ad56f1f2de8ac7e99a997dc798fcc9a82d5e41bcaa01483fa8161ba24fa2737,4b74724c4225fcfe043fdd749fb740fff4cf33c8,0.001914470667049552,0.006064836849839791,0,cuda,1.0,1,0.5,learned_mixture,0.5671165625507932,64,standard normal at finite u_max,finite,learned,0.07894911965975648,0.017447919716731652,tail,0.19119701691893032,0.005098007619380951,32768,37626880,0.0009175119743040729,0.07894913396039405,0.017447919716731708,0.0009175178761517502,0.13644495375792964,0.01769201273822826,learned/task_029/cell_0429,66,without_replacement,268435456,3.914238043129444,102000,completed,2048,2,0.10354048961701928,0.02351275656656948,0.0011932585884540472,0.14705332234410917,0.02362408975276778,20.0,0.1364449537579301,0.01769286716335519
4,469,4ad56f1f2de8ac7e99a997dc798fcc9a82d5e41bcaa01483fa8161ba24fa2737,4b74724c4225fcfe043fdd749fb740fff4cf33c8,0.004621013677490787,0.009768407502576853,1,cuda,1.0,1,0.5,learned_mixture,0.7071042929049944,64,standard normal at finite u_max,finite,learned,0.24580490521729131,0.06151713383643065,tail,0.09947175133288282,0.00489257276058197,32768,37626880,0.0,0.2458049038304278,0.06151713383643054,2.220446049250313e-16,0.17776374329801858,0.06152229074259417,learned/task_029/cell_0469,180,without_replacement,268435456,3.9632052406668663,102001,completed,2048,2,0.20812111983116638,0.0517487263338533,0.0,0.19993422443557574,0.051764799824968705,20.0,0.17776374329801847,0.06152171316436769
4,509,4ad56f1f2de8ac7e99a997dc798fcc9a82d5e41bcaa01483fa8161ba24fa2737,4b74724c4225fcfe043fdd749fb740fff4cf33c8,0.002079091341065698,0.007077790862263183,2,cuda,1.0,1,0.5,learned_mixture,0.9585861319358637,64,standard normal at finite u_max,finite,learned,0.10185666717808584,0.027242759540775797,tail,0.20568895157684544,0.004810638725757599,32768,37626880,0.0987985317751432,0.10185668624705158,0.027242759540775777,0.09879849406112079,0.05605157446095843,0.02734478810100546,learned/task_029/cell_0509,63,without_replacement,268435456,3.916024476289749,102002,completed,2048,2,0.12755114486577868,0.034320550403037,0.12399058848804057,0.054981620391609476,0.03437626977393282,20.0,0.056051574460957876,0.027344742400401353
4,549,4ad56f1f2de8ac7e99a997dc798fcc9a82d5e41bcaa01483fa8161ba24fa2737,4b74724c4225fcfe043fdd749fb740fff4cf33c8,0.0007722338899261837,0.004117777004318028,3,cuda,1.0,1,0.5,learned_mixture,0.8205779943146001,64,standard normal at finite u_max,finite,learned,0.457726768058857,0.12533341164827028,tail,0.05280450147774588,0.004773877561092377,32768,37626880,0.0,0.45772664933387114,0.12533341164827072,0.0,0.151629825805479,0.12533304466546316,learned/task_029/cell_0549,228,without_replacement,268435456,3.9774813652038574,102003,completed,2048,2,0.4696619027290346,0.12945118850984216,0.0,0.16225975293553507,0.12945130783144787,20.0,0.15162982580547923,0.1253335319582884
4,589,4ad56f1f2de8ac7e99a997dc798fcc9a82d5e41bcaa01483fa8161ba24fa2737,4b74724c4225fcfe043fdd749fb740fff4cf33c8,0.004357721875740517,0.01028461071333008,4,cuda,1.0,1,0.5,learned_mixture,0.9984056214406145,64,standard normal at finite u_max,finite,learned,0.13668765195250743,0.03526201354192651,tail,0.2438324717606167,0.004787780344486237,32768,37626880,0.13599926767950704,0.13668764643232972,0.03526201354192652,0.13599926503129994,0.1328694084953861,0.03526858670856671,learned/task_029/cell_0589,58,without_replacement,268435456,3.9128734469413757,102004,completed,2048,2,0.17361654206723443,0.04554662425525724,0.17299564033141152,0.1403643304287342,0.04555173558287062,20.0,0.13286940849538675,0.03526963113015433
4,629,40d2f60f7b01b721909df18cdd26cc0bda1e28ef62dd47bb3bc9b7acfaa1fbc4,4b74724c4225fcfe043fdd749fb740fff4cf33c8,0.0019292522353990499,0.0061789021621518276,0,cuda,1.0,1,0.5,learned_mixture,0.9961445074321411,64,standard normal at finite u_max,finite,learned,0.03641200124637767,0.00471455208450644,tail,0.3739636117826358,0.004768922924995422,32768,37626880,0.0011679203801490152,0.03641220589236527,0.004714552084506607,0.0011679289818216114,0.1794023695860979,0.008471187039088918,learned/task_029/cell_0629,58,without_replacement,268435456,3.9225711598992348,103000,completed,2048,3,0.02640305190272982,0.0014643500776460039,0.0008665553933432408,0.17488406945729718,0.006941795034140827,20.0,0.17940236958609845,0.008470980277063764
4,669,40d2f60f7b01b721909df18cdd26cc0bda1e28ef62dd47bb3bc9b7acfaa1fbc4,4b74724c4225fcfe043fdd749fb740fff4cf33c8,0.002440645790858468,0.0073672527605675615,1,cuda,1.0,1,0.5,learned_mixture,0.8756807684301721,64,standard normal at finite u_max,finite,learned,0.2646176259222174,0.06624925819846705,tail,0.11858081978227011,0.004746928811073303,32768,37626880,0.0,0.26461756027901584,0.06624925819846605,7.771561172376096e-16,0.17994411357300122,0.06624966958575004,learned/task_029/cell_0669,174,without_replacement,268435456,3.955644555389881,103001,completed,2048,3,0.2922441536049606,0.07361651095903421,0.0,0.17569448287781897,0.0736165410562295,20.0,0.17994411357300033,0.06624930115799102
4,709,40d2f60f7b01b721909df18cdd26cc0bda1e28ef62dd47bb3bc9b7acfaa1fbc4,4b74724c4225fcfe043fdd749fb740fff4cf33c8,0.0008768850273797625,0.004572397211531084,2,cuda,1.0,1,0.5,learned_mixture,0.6948135904907127,64,standard normal at finite u_max,finite,learned,0.06463324515527813,0.01769105272410767,tail,0.39391071499867486,0.005199514329433441,32768,37626880,0.0595505543072854,0.06463325232335942,0.01769105272410764,0.05955061141844897,0.050495946022399596,0.017721917519619136,learned/task_029/cell_0709,55,without_replacement,268435456,3.9116367995738983,103002,completed,2048,3,0.08120111969637517,0.022263449935639272,0.07502946951219225,0.042092451347641724,0.022278835405523913,20.0,0.050495946022399374,0.017721592417759585
4,749,40d2f60f7b01b721909df18cdd26cc0bda1e28ef62dd47bb3bc9b7acfaa1fbc4,4b74724c4225fcfe043fdd749fb740fff4cf33c8,0.003369824534078556,0.008873607319577502,3,cuda,1.0,1,0.5,learned_mixture,0.8018834208178083,64,standard normal at finite u_max,finite,learned,0.4474606515915491,0.1216002451436149,tail,0.10106566215379394,0.004750244319438934,32768,37626880,0.0,0.4474604487018783,0.12160024514361423,0.0,0.18860437306038003,0.12160105444869085,learned/task_029/cell_0749,216,without_replacement,268435456,3.97133756428957,103003,completed,2048,3,0.4184892747393692,0.11272663782403791,0.0,0.1897285631856407,0.1127279693977159,20.0,0.18860437306037958,0.12160098883555966
4,789,40d2f60f7b01b721909df18cdd26cc0bda1e28ef62dd47bb3bc9b7acfaa1fbc4,4b74724c4225fcfe043fdd749fb740fff4cf33c8,0.0024637516619782605,0.007784584522309842,4,cuda,1.0,1,0.5,learned_mixture,0.7708183820074289,64,standard normal at finite u_max,finite,learned,0.03549676332320606,0.007400982558310046,tail,0.24007851831082136,0.004724159836769104,32768,37626880,0.028323083569529284,0.035496843449076665,0.007400982558310055,0.02832304889537296,0.09678925023720863,0.008369099700022828,learned/task_029/cell_0789,54,without_replacement,268435456,3.918844185769558,103004,completed,2048,3,0.012394690788528256,0.0003836019639997506,0.000874150900401216,0.08868151124003198,0.003763664274871157,20.0,0.09678925023720897,0.008369248196844318
4,829,4f8f7d024dee2ba1d205fcf59f39c4f32d87524ab703a9051d4ad4e7ca38f59f,4b74724c4225fcfe043fdd749fb740fff4cf33c8,6.939556830359478e-05,0.0011455227980989428,0,cuda,1.0,1,0.5,learned_mixture,0.5275415355410408,64,standard normal at finite u_max,finite,learned,0.09230916168672887,0.020032662011541025,tail,0.3318665312396872,0.0047562867403030396,32768,37626880,0.001049065788969006,0.09230918548936429,0.02003266201154108,0.0010490728416267972,0.18395890764951062,0.020455615040243576,learned/task_029/cell_0829,61,without_replacement,268435456,3.916839838027954,104000,completed,2048,4,0.09685379525350102,0.021178184809639067,0.001080126701901374,0.18136483666476078,0.021509034875424736,20.0,0.18395890764951073,0.02045568336504912
4,869,4f8f7d024dee2ba1d205fcf59f39c4f32d87524ab703a9051d4ad4e7ca38f59f,4b74724c4225fcfe043fdd749fb740fff4cf33c8,0.0018676570259862641,0.006437893942253548,1,cuda,1.0,1,0.5,learned_mixture,0.9841514442840804,64,standard normal at finite u_max,finite,learned,0.2703469312667858,0.06818797899687357,tail,0.21465290287446692,0.004717707633972168,32768,37626880,0.0,0.27034676764555143,0.06818797899687468,6.661338147750939e-16,0.19568919428133857,0.06819046908487589,learned/task_029/cell_0869,155,without_replacement,268435456,3.9566087648272514,104001,completed,2048,4,0.29397037915691393,0.07462587293912659,0.0,0.1966988879848086,0.07462759416551154,20.0,0.19568919428133935,0.0681907187799606
4,909,4f8f7d024dee2ba1d205fcf59f39c4f32d87524ab703a9051d4ad4e7ca38f59f,4b74724c4225fcfe043fdd749fb740fff4cf33c8,2.428430087408201e-05,0.000713122728557942,2,cuda,1.0,1,0.5,learned_mixture,0.8409666188055166,64,standard normal at finite u_max,finite,learned,0.04770506631322413,0.011036247408217289,tail,0.3091232037724526,0.0047568678855896,32768,37626880,0.03521170151895214,0.047705219180744995,0.011036247408217289,0.035211652654992154,0.1219829467127801,0.011290249592511183,learned/task_029/cell_0909,55,without_replacement,268435456,3.9191040992736816,104002,completed,2048,4,0.04978164512988603,0.011749370136772679,0.03782814683000657,0.11906939855828558,0.011920076899905638,20.0,0.1219829467127801,0.011290541934465891
4,949,4f8f7d024dee2ba1d205fcf59f39c4f32d87524ab703a9051d4ad4e7ca38f59f,4b74724c4225fcfe043fdd749fb740fff4cf33c8,0.003208680761353184,0.008616521574054063,3,cuda,1.0,1,0.5,learned_mixture,0.6244267987715391,64,standard normal at finite u_max,finite,learned,0.43314042495785315,0.11530257620980411,tail,0.061452984408434205,0.004728130996227264,32768,37626880,0.0,0.43314019463011655,0.11530257620980389,0.0,0.21137270076882453,0.11530263817835838,learned/task_029/cell_0949,216,without_replacement,268435456,3.9747161716222763,104003,completed,2048,4,0.46040004367085596,0.12391909778385823,0.0,0.2173219087347673,0.1239192543425707,20.0,0.21137270076882453,0.11530278594111165
4,989,4f8f7d024dee2ba1d205fcf59f39c4f32d87524ab703a9051d4ad4e7ca38f59f,4b74724c4225fcfe043fdd749fb740fff4cf33c8,2.124630065404088e-06,0.00022534148545752877,4,cuda,1.0,1,0.5,learned_mixture,0.7578003652867207,64,standard normal at finite u_max,finite,learned,0.1006318069716266,0.0259866956599552,tail,0.35735242845739973,0.004751995205879211,32768,37626880,0.09826554316767322,0.10063171151678463,0.02598669565995524,0.098265521361659,0.06641440132619714,0.026131680221751233,learned/task_029/cell_0989,53,without_replacement,268435456,3.9141511395573616,104004,completed,2048,4,0.09979241487907992,0.025761431122235674,0.09741869697829575,0.06649285203149502,0.0259106336498885,20.0,0.06641440132619769,0.026132166102260136
4,30,ce9344dce5f56b4cda176bcdb36371f48911618aa600da1465617419b4995b69,4b74724c4225fcfe043fdd749fb740fff4cf33c8,0.0028252357371008965,0.006935223527859486,0,cuda,1.0,8,0.5,learned_mixture,0.9334893403590176,64,standard normal at finite u_max,finite,learned,0.057234629048777755,0.01270799559914918,full,0.04397448339291986,2.599949322640896,32768,1349694976,0.019498131163556393,0.05723475645835954,0.012707995599149076,0.01949817295544464,0.13382688428475753,0.01443565032784676,learned/task_030/cell_0030,86,with_replacement,1073741824,6.536758109927177,100000,completed,512,0,0.07953720834686548,0.018989973007270997,0.022062797376465826,0.1303085296128105,0.02025319072754283,20.0,0.13382688428475703,0.01443582082970992
4,70,ce9344dce5f56b4cda176bcdb36371f48911618aa600da1465617419b4995b69,4b74724c4225fcfe043fdd749fb740fff4cf33c8,0.0031327639220031524,0.008543432645274154,1,cuda,1.0,8,0.5,learned_mixture,0.654837423592426,64,standard normal at finite u_max,finite,learned,0.05272273195480242,0.010235741511282878,full,0.019972711665886805,0.00547461211681366,32768,1349694976,0.004649502862315406,0.0527228873559364,0.010235741511282809,0.0046495275996163935,0.16496482120079947,0.013371349596791227,learned/task_030/cell_0070,82,with_replacement,1073741824,6.535767875611782,100001,completed,512,0,0.04625348321892378,0.008498166008303628,0.006026064698233739,0.16475622638264478,0.011571537964574339,20.0,0.16496482120079928,0.013371462819790571
4,110,ce9344dce5f56b4cda176bcdb36371f48911618aa600da1465617419b4995b69,4b74724c4225fcfe043fdd749fb740fff4cf33c8,0.003926622494122266,0.009452954527715437,2,cuda,1.0,8,0.5,learned_mixture,0.9927304602435539,64,standard normal at finite u_max,finite,learned,0.0672498194427214,0.014524908008954614,full,0.07218374953360891,0.005583249032497406,32768,1349694976,0.00232153108210352,0.06725001502759868,0.014524908008954143,0.002321547052298409,0.17491540164640076,0.01649367018878501,learned/task_030/cell_0110,91,with_replacement,1073741824,6.546523809432983,100002,completed,512,0,0.066818885660925,0.014618232651643576,0.004430516029062831,0.17390904141746116,0.016565163905383273,20.0,0.17491540164640051,0.01649350821739047
4,150,ce9344dce5f56b4cda176bcdb36371f48911618aa600da1465617419b4995b69,4b74724c4225fcfe043fdd749fb740fff4cf33c8,0.0027986719875642647,0.007205152797460447,3,cuda,1.0,8,0.5,learned_mixture,0.9998982331993247,64,standard normal at finite u_max,finite,learned,0.07755002184888134,0.01767904366965779,full,0.0600049123277096,0.005602315068244934,32768,1349694976,0.008572160434346122,0.07755014565142021,0.017679043669658546,0.0085721769227894,0.15963664083740664,0.019496593364185393,learned/task_030/cell_0150,87,with_replacement,1073741824,6.547016486525536,100003,completed,512,0,0.08575979961644575,0.020413217083505044,0.008969039623501025,0.15853005465473602,0.021649962654496542,20.0,0.15963664083740747,0.019496776115711704
4,190,ce9344dce5f56b4cda176bcdb36371f48911618aa600da1465617419b4995b69,4b74724c4225fcfe043fdd749fb740fff4cf33c8,0.002687338167482128,0.007978785205756601,4,cuda,1.0,8,0.5,learned_mixture,0.9998989497569009,64,standard normal at finite u_max,finite,learned,0.06706856252318125,0.015547160978785357,full,0.08792071413629339,0.005002342164516449,32768,1349694976,0.00905169680932627,0.06706875908040982,0.015547160978785248,0.009051728226524995,0.15110923917351937,0.017384730717965608,learned/task_030/cell_0190,82,with_replacement,1073741824,6.562896274030209,100004,completed,512,0,0.07788190233649969,0.018666860202667286,0.020221372814097596,0.1540259853737352,0.021083765641803996,20.0,0.15110923917351896,0.017384656876981347
4,230,642c9ac8b37cc879a46c5dc332c9d99eb4ae9d0bd2c4b38a1ce3bbe1af22951a,4b74724c4225fcfe043fdd749fb740fff4cf33c8,0.0011971563116745477,0.0050562118031681385,0,cuda,1.0,8,0.5,learned_mixture,0.8833846946547935,64,standard normal at finite u_max,finite,learned,0.06775634856138404,0.01495612794606875,full,0.0673610312947741,0.005437277257442474,32768,1349694976,0.013742929172090315,0.06775642859696894,0.014956127946068496,0.013742942936388298,0.15502553222910553,0.016814473765169254,learned/task_030/cell_0230,85,with_replacement,1073741824,6.561413384974003,101000,completed,512,1,0.07233421532679918,0.01642759414902163,0.01636949024169483,0.15027192936850794,0.01778715303469028,20.0,0.15502553222910526,0.01681467971982149
4,270,642c9ac8b37cc879a46c5dc332c9d99eb4ae9d0bd2c4b38a1ce3bbe1af22951a,4b74724c4225fcfe043fdd749fb740fff4cf33c8,0.00040516035784547694,0.0024677534059699938,1,cuda,1.0,8,0.5,learned_mixture,0.8627174390825796,64,standard normal at finite u_max,finite,learned,0.054884816500879854,0.011052361085398527,full,0.08233191364483027,0.00504283607006073,32768,1349694976,0.005742234607821436,0.05488495690651733,0.011052361085398749,0.005742236133360265,0.13224553459390215,0.014539719907910935,learned/task_030/cell_0270,86,with_replacement,1073741824,6.558811940252781,101001,completed,512,1,0.05600041146433154,0.011822713300175229,0.005705672812775236,0.12661150202592353,0.014645749334713026,20.0,0.13224553459390287,0.014539664878736711
4,310,642c9ac8b37cc879a46c5dc332c9d99eb4ae9d0bd2c4b38a1ce3bbe1af22951a,4b74724c4225fcfe043fdd749fb740fff4cf33c8,0.0007229835942113664,0.0034079489609741345,2,cuda,1.0,8,0.5,learned_mixture,0.9715037243728847,64,standard normal at finite u_max,finite,learned,0.044433710891270864,0.008623381924542947,full,0.05975041123226017,0.004978857934474945,32768,1349694976,0.005922773499336023,0.04443385446071219,0.008623381924542753,0.005922789767836667,0.14304070114278894,0.010948651144581458,learned/task_030/cell_0310,89,with_replacement,1073741824,6.561069913208485,101002,completed,512,1,0.043583177545722496,0.00864777158815776,0.00531691976193055,0.13610557214696317,0.010252512273058744,20.0,0.14304070114278858,0.010949142924724395
4,350,642c9ac8b37cc879a46c5dc332c9d99eb4ae9d0bd2c4b38a1ce3bbe1af22951a,4b74724c4225fcfe043fdd749fb740fff4cf33c8,0.001004503570822806,0.004178348532304494,3,cuda,1.0,8,0.5,learned_mixture,0.9733037071744047,64,standard normal at finite u_max,finite,learned,0.05190952406916787,0.010766180056432217,full,0.04611610911363543,0.005368724465370178,32768,1349694976,0.003834345606091782,0.051909678558469036,0.010766180056431941,0.0038343361209318334,0.1487128341322054,0.012814278128947042,learned/task_030/cell_0350,82,with_replacement,1073741824,6.563683204352856,101003,completed,512,1,0.055103623368038694,0.011541881016807637,0.005340392060252211,0.14025984994519147,0.01347859232181906,20.0,0.1487128341322052,0.012814405480102709
4,390,642c9ac8b37cc879a46c5dc332c9d99eb4ae9d0bd2c4b38a1ce3bbe1af22951a,4b74724c4225fcfe043fdd749fb740fff4cf33c8,0.0006131069801803629,0.0032771669854831285,4,cuda,1.0,8,0.5,learned_mixture,0.8694813422405228,64,standard normal at finite u_max,finite,learned,0.05057805533120016,0.009831605243304321,full,0.07147957058615427,0.004976779222488403,32768,1349694976,0.009419458632367117,0.05057822991922692,0.009831605243304231,0.009419479285599018,0.1554461030872543,0.013895106547989361,learned/task_030/cell_0390,82,with_replacement,1073741824,6.5628378465771675,101004,completed,512,1,0.04737147715644276,0.00899555071518177,0.010617803591085573,0.15525238566663613,0.012401484053922964,20.0,0.15544610308725412,0.013895051093177579
4,430,4ad56f1f2de8ac7e99a997dc798fcc9a82d5e41bcaa01483fa8161ba24fa2737,4b74724c4225fcfe043fdd749fb740fff4cf33c8,0.0052559934306067365,0.01036463721399505,0,cuda,1.0,8,0.5,learned_mixture,0.6819005881911065,64,standard normal at finite u_max,finite,learned,0.0746514291710908,0.016703155708779237,full,0.06783783196209352,0.004949800670146942,32768,1349694976,0.03040773155474624,0.07465157886907169,0.01670315570877911,0.030407739625999956,0.1731096733215067,0.018911634408458222,learned/task_030/cell_0430,89,with_replacement,1073741824,6.566012978553772,102000,completed,512,2,0.08260786576529897,0.018964186468593297,0.03888497661756227,0.1862314241970207,0.021290268752203346,20.0,0.17310967332150656,0.018912074334893055
4,470,4ad56f1f2de8ac7e99a997dc798fcc9a82d5e41bcaa01483fa8161ba24fa2737,4b74724c4225fcfe043fdd749fb740fff4cf33c8,0.0018151949635398178,0.005414618441327316,1,cuda,1.0,8,0.5,learned_mixture,0.9263348337974344,64,standard normal at finite u_max,finite,learned,0.06766425999433398,0.015041676978183066,full,0.09610454453533028,0.005398280918598175,32768,1349694976,0.008564213185761366,0.0676643558825583,0.015041676978183253,0.008564235682849863,0.16522189388130312,0.016708450577502212,learned/task_030/cell_0470,89,with_replacement,1073741824,6.562805011868477,102001,completed,512,2,0.062150009903338486,0.012539336891849686,0.007048641255369081,0.17266627346876356,0.015730885003655316,20.0,0.16522189388130323,0.01670853330211381
4,510,4ad56f1f2de8ac7e99a997dc798fcc9a82d5e41bcaa01483fa8161ba24fa2737,4b74724c4225fcfe043fdd749fb740fff4cf33c8,0.0045799261192538574,0.00855508519078491,2,cuda,1.0,8,0.5,learned_mixture,0.6554327604819359,64,standard normal at finite u_max,finite,learned,0.0578244543860924,0.011993430964535045,full,0.07798842781120914,0.00491960346698761,32768,1349694976,0.0027777731969813313,0.05782467071977029,0.011993430964534967,0.0027777898403801293,0.16892975667951998,0.013960081644771243,learned/task_030/cell_0510,92,with_replacement,1073741824,6.556263409554958,102002,completed,512,2,0.06397969322970243,0.013539467260984884,0.0006060224406657932,0.18036438295228166,0.015353453633733562,20.0,0.16892975667951993,0.013960479125072348
4,550,4ad56f1f2de8ac7e99a997dc798fcc9a82d5e41bcaa01483fa8161ba24fa2737,4b74724c4225fcfe043fdd749fb740fff4cf33c8,0.0037311204756490042,0.008164491969018741,3,cuda,1.0,8,0.5,learned_mixture,0.9998972806096657,64,standard normal at finite u_max,finite,learned,0.0521106580326586,0.010563857533569894,full,0.09325677468449182,0.004938498139381409,32768,1349694976,0.0038082712772879858,0.052110818208867656,0.010563857533569565,0.003808285570668826,0.14756120604170792,0.012318550641586948,learned/task_030/cell_0550,84,with_replacement,1073741824,6.556816458702087,102003,completed,512,2,0.05397082350562413,0.010601402347284423,0.002586038095157866,0.16032632857414705,0.013423223261374118,20.0,0.14756120604170758,0.01231864946699397
4,590,4ad56f1f2de8ac7e99a997dc798fcc9a82d5e41bcaa01483fa8161ba24fa2737,4b74724c4225fcfe043fdd749fb740fff4cf33c8,0.005213112207682889,0.009509889358984395,4,cuda,1.0,8,0.5,learned_mixture,0.8731030107161989,64,standard normal at finite u_max,finite,learned,0.04875367691582001,0.009787224538890672,full,0.09069308814024414,0.0053487420082092285,32768,1349694976,0.010139011002462478,0.048753837714813446,0.009787224538890657,0.010139057425500878,0.1486274347840448,0.01285096789696441,learned/task_030/cell_0590,80,with_replacement,1073741824,6.556971721351147,102004,completed,512,2,0.03971014904564178,0.00671400161350876,0.013871038084530996,0.1674373339630696,0.00990108378168809,20.0,0.1486274347840449,0.012850972746854634
4,630,40d2f60f7b01b721909df18cdd26cc0bda1e28ef62dd47bb3bc9b7acfaa1fbc4,4b74724c4225fcfe043fdd749fb740fff4cf33c8,0.0032922377209488557,0.007232242886468695,0,cuda,1.0,8,0.5,learned_mixture,0.6654487441477016,64,standard normal at finite u_max,finite,learned,0.05700963107127554,0.011373304006674809,full,0.035666277586604345,0.004952333867549896,32768,1349694976,0.00813355640029527,0.0570097847926507,0.011373304006674828,0.008133587691883343,0.17121070190652987,0.013692105224311505,learned/task_030/cell_0630,85,with_replacement,1073741824,6.5598751828074455,103000,completed,512,3,0.06471699534426764,0.013575954001755113,0.010464958619964784,0.16828985271493532,0.016346979193479442,20.0,0.1712107019065298,0.013692511498051398
4,670,40d2f60f7b01b721909df18cdd26cc0bda1e28ef62dd47bb3bc9b7acfaa1fbc4,4b74724c4225fcfe043fdd749fb740fff4cf33c8,0.0031951309352244283,0.0080692700576677,1,cuda,1.0,8,0.5,learned_mixture,0.6255991158822232,64,standard normal at finite u_max,finite,learned,0.04395425786156281,0.008827701888992045,full,0.05880157180896432,0.004936337471008301,32768,1349694976,0.005935404202047089,0.04395445128308604,0.008827701888992144,0.0059354285738362446,0.1361139239540502,0.010492958888699699,learned/task_030/cell_0670,83,with_replacement,1073741824,6.559313416481018,103001,completed,512,3,0.04444943314696856,0.009359594992209189,0.008307767726856135,0.13310172258803732,0.011063608718286707,20.0,0.13611392395405036,0.010493024645036158
4,710,40d2f60f7b01b721909df18cdd26cc0bda1e28ef62dd47bb3bc9b7acfaa1fbc4,4b74724c4225fcfe043fdd749fb740fff4cf33c8,0.005056220007114127,0.010222160344392684,2,cuda,1.0,8,0.5,learned_mixture,0.5228213423594084,64,standard normal at finite u_max,finite,learned,0.06641056518793316,0.013915013515615249,full,0.05738213675517633,0.005409248173236847,32768,1349694976,0.0077274237890960495,0.06641077215190754,0.013915013515615188,0.007727439724258656,0.17204717444048057,0.017167657729575486,learned/task_030/cell_0710,91,with_replacement,1073741824,6.565211437642574,103002,completed,512,3,0.08729474823691416,0.0197410693314701,0.009636453788303509,0.17072209749584416,0.022197968239805157,20.0,0.17204717444048045,0.017167658628099703
4,750,40d2f60f7b01b721909df18cdd26cc0bda1e28ef62dd47bb3bc9b7acfaa1fbc4,4b74724c4225fcfe043fdd749fb740fff4cf33c8,0.0024863083062164225,0.006951098286372807,3,cuda,1.0,8,0.5,learned_mixture,0.648492554329664,64,standard normal at finite u_max,finite,learned,0.05341990106391842,0.010442855870883533,full,0.05024502380382479,0.004929348826408386,32768,1349694976,0.0036180920248448465,0.05342005368192797,0.010442855870883859,0.0036181084515806788,0.15938709042328253,0.013419230013747166,learned/task_030/cell_0750,84,with_replacement,1073741824,6.555535688996315,103003,completed,512,3,0.05937509089562003,0.012563305443173786,0.005356149123738755,0.15537632399981,0.014621063575597603,20.0,0.15938709042328297,0.013419189810456925
4,790,40d2f60f7b01b721909df18cdd26cc0bda1e28ef62dd47bb3bc9b7acfaa1fbc4,4b74724c4225fcfe043fdd749fb740fff4cf33c8,0.00227140267812302,0.0072366588622508,4,cuda,1.0,8,0.5,learned_mixture,0.9998987824822703,64,standard normal at finite u_max,finite,learned,0.04862899047478812,0.010405092937199002,full,0.048533128555415535,0.0049587637186050415,32768,1349694976,0.00981180982316504,0.04862922005901016,0.010405092937198906,0.009811829215775947,0.15828585059144412,0.012208563535297461,learned/task_030/cell_0790,79,with_replacement,1073741824,6.549505986273289,103004,completed,512,3,0.05810178092141753,0.013078776701322735,0.009289536027815501,0.1565536690542156,0.015362363822629883,20.0,0.15828585059144418,0.012208701558643491
4,830,4f8f7d024dee2ba1d205fcf59f39c4f32d87524ab703a9051d4ad4e7ca38f59f,4b74724c4225fcfe043fdd749fb740fff4cf33c8,0.006599843684422851,0.008593370840015643,0,cuda,1.0,8,0.5,learned_mixture,0.549088538300073,64,standard normal at finite u_max,finite,learned,0.056614682164560906,0.01048102898777925,full,0.09016797163592112,0.005393035709857941,32768,1349694976,0.012355229005428375,0.05661486297812239,0.010481028987779554,0.01235527100329608,0.16857806961737404,0.013671970526780066,learned/task_030/cell_0830,82,with_replacement,1073741824,6.552798144519329,104000,completed,512,4,0.08442298096862631,0.017824661789930217,0.011700371952967262,0.17022373571114596,0.02089520133308538,20.0,0.16857806961737445,0.01367168576857921
4,870,4f8f7d024dee2ba1d205fcf59f39c4f32d87524ab703a9051d4ad4e7ca38f59f,4b74724c4225fcfe043fdd749fb740fff4cf33c8,0.0024914817357353774,0.006621990432879198,1,cuda,1.0,8,0.5,learned_mixture,0.998335799671108,64,standard normal at finite u_max,finite,learned,0.07283256835503014,0.016674840252845415,full,0.08578534584932264,0.004963785409927368,32768,1349694976,0.006751438284733834,0.07283267310043447,0.016674840252845456,0.006751436203797189,0.14267127007051122,0.018395478262698158,learned/task_030/cell_0870,86,with_replacement,1073741824,6.557269521057606,104001,completed,512,4,0.08690431464788388,0.020353379039310258,0.0057714630619085956,0.1449476387061744,0.02254040976432179,20.0,0.1426712700705114,0.018395048535170225
4,910,4f8f7d024dee2ba1d205fcf59f39c4f32d87524ab703a9051d4ad4e7ca38f59f,4b74724c4225fcfe043fdd749fb740fff4cf33c8,0.004006415909999863,0.009093963392755176,2,cuda,1.0,8,0.5,learned_mixture,0.9654720532296065,64,standard normal at finite u_max,finite,learned,0.09399805042435443,0.022710967336478705,full,0.09413142091172441,0.004926450550556183,32768,1349694976,0.006116592385193312,0.09399810601403387,0.022710967336479537,0.006116608619947936,0.1339766947385062,0.024204167912132916,learned/task_030/cell_0910,90,with_replacement,1073741824,6.561361260712147,104002,completed,512,4,0.1174052606043407,0.029734660604751502,0.0065840702808393214,0.13229500365699198,0.030714349571777908,20.0,0.1339766947385062,0.024204598539735625
4,950,4f8f7d024dee2ba1d205fcf59f39c4f32d87524ab703a9051d4ad4e7ca38f59f,4b74724c4225fcfe043fdd749fb740fff4cf33c8,0.004622437188969399,0.008134641249056006,3,cuda,1.0,8,0.5,learned_mixture,0.6857748285877163,64,standard normal at finite u_max,finite,learned,0.09839856651614395,0.024043342738102862,full,0.07233450612908657,0.005323372781276703,32768,1349694976,0.01381952856248878,0.09839864139307043,0.02404334273810295,0.01381954454872921,0.13345534710538182,0.02516363469223688,learned/task_030/cell_0950,81,with_replacement,1073741824,6.559789843857288,104003,completed,512,4,0.09989673236384089,0.024665713032366685,0.014229154299842664,0.13601183776812964,0.02519149979461954,20.0,0.13345534710538176,0.025163497597911113
4,990,4f8f7d024dee2ba1d205fcf59f39c4f32d87524ab703a9051d4ad4e7ca38f59f,4b74724c4225fcfe043fdd749fb740fff4cf33c8,0.001955632727284397,0.005593964732646297,4,cuda,1.0,8,0.5,learned_mixture,0.8805362898953971,64,standard normal at finite u_max,finite,learned,0.05718423891827531,0.011731803045440392,full,0.08283041604330929,0.0049461498856544495,32768,1349694976,0.00708268779937118,0.057184383991151215,0.01173180304544016,0.007082711595494967,0.1749204992976761,0.014113978078107003,learned/task_030/cell_0990,79,with_replacement,1073741824,6.54943610727787,104004,completed,512,4,0.07248776577567122,0.015992614793020256,0.012474766438638757,0.17921223430483366,0.018566573934210122,20.0,0.1749204992976756,0.01411380374110924
4,31,ce9344dce5f56b4cda176bcdb36371f48911618aa600da1465617419b4995b69,4b74724c4225fcfe043fdd749fb740fff4cf33c8,0.0028252357371008965,0.006935223527859486,0,cuda,1.0,8,0.5,learned_mixture,0.8928734895610192,64,standard normal at finite u_max,infinite,learned,0.5429206379054138,0.08846050498253048,unbiased,3.0517578125e-05,2.4965578988194466,32768,151160320,0.15649281846980237,0.5429205962946226,0.08846050498253046,0.15649279382243375,0.9258754200724577,0.11298011311011233,learned/task_031/cell_0031,247,with_replacement,67108864,1.1920960545539856,100000,completed,512,0,0.5498665044803336,0.09023657798500434,0.15457894319467816,0.9255620343566004,0.1133931555255908,20.0,0.9258754200724576,0.1129799781407305
4,71,ce9344dce5f56b4cda176bcdb36371f48911618aa600da1465617419b4995b69,4b74724c4225fcfe043fdd749fb740fff4cf33c8,0.0031327639220031524,0.008543432645274154,1,cuda,1.0,8,0.5,learned_mixture,0.41397299837048196,64,standard normal at finite u_max,infinite,learned,0.6774075821403768,0.15028318495488896,unbiased,3.0517578125e-05,0.005818285048007965,32768,151160320,0.039165139953699746,0.6774074934707586,0.15028318495488902,0.03916516469100084,0.9421959328877273,0.16846025386457,learned/task_031/cell_0071,238,with_replacement,67108864,1.1899091601371765,100001,completed,512,0,0.6740252046298725,0.15048620776953414,0.04054170178961808,0.9422421798407882,0.16956169344131128,20.0,0.9421959328877273,0.16846024859257522
4,111,ce9344dce5f56b4cda176bcdb36371f48911618aa600da1465617419b4995b69,4b74724c4225fcfe043fdd749fb740fff4cf33c8,0.003926622494122266,0.009452954527715437,2,cuda,1.0,8,0.5,learned_mixture,0.913709354555189,64,standard normal at finite u_max,infinite,learned,0.5356114102868028,0.09513204230830812,unbiased,3.0517578125e-05,0.0059230029582977295,32768,151160320,0.01636656768397625,0.5356113530919406,0.09513204230830809,0.01636658365417107,0.8460202461018578,0.11600857801770441,learned/task_031/cell_0111,248,with_replacement,67108864,1.1912740990519524,100002,completed,512,0,0.5367105412743487,0.09729654293726563,0.01847555263093556,0.8457762286210911,0.11936128797431364,20.0,0.8460202461018577,0.11600878104161497
4,151,ce9344dce5f56b4cda176bcdb36371f48911618aa600da1465617419b4995b69,4b74724c4225fcfe043fdd749fb740fff4cf33c8,0.0027986719875642647,0.007205152797460447,3,cuda,1.0,8,0.5,learned_mixture,0.573271431179554,64,standard normal at finite u_max,infinite,learned,0.8705849517376412,0.2491380460231406,unbiased,3.0517578125e-05,0.005346991121768951,32768,151160320,0.21127716010407427,0.8705847847004508,0.2491380460231409,0.2112771499760062,0.9128424146371581,0.2518363856420396,learned/task_031/cell_0151,242,with_replacement,67108864,1.1938991621136665,100003,completed,512,0,0.8634629752985806,0.24956090784394172,0.2106361618632051,0.9128121186347826,0.25289860758588817,20.0,0.9128424146371583,0.2518367684202878
4,191,ce9344dce5f56b4cda176bcdb36371f48911618aa600da1465617419b4995b69,4b74724c4225fcfe043fdd749fb740fff4cf33c8,0.002687338167482128,0.007978785205756601,4,cuda,1.0,8,0.5,learned_mixture,0.8875200561216129,64,standard normal at finite u_max,infinite,learned,0.3990719558091347,0.07785668758774555,unbiased,3.0517578125e-05,0.005506172776222229,32768,151160320,0.07073537598802375,0.3990719035546928,0.07785668758774553,0.07073541977297296,0.6530447507688533,0.09199464292284332,learned/task_031/cell_0191,230,with_replacement,67108864,1.1919654160737991,100004,completed,512,0,0.41152186162888793,0.08127492617323964,0.0754080512848303,0.653699925534809,0.09489377546576942,20.0,0.6530447507688533,0.09199509679500434
4,231,642c9ac8b37cc879a46c5dc332c9d99eb4ae9d0bd2c4b38a1ce3bbe1af22951a,4b74724c4225fcfe043fdd749fb740fff4cf33c8,0.0011971563116745477,0.0050562118031681385,0,cuda,1.0,8,0.5,learned_mixture,0.863180191763411,64,standard normal at finite u_max,infinite,learned,0.6871811510447978,0.14097269970444845,unbiased,3.0517578125e-05,0.005341961979866028,32768,151160320,0.23191321644745283,0.6871809749733828,0.1409726997044487,0.23191320317162328,0.9069965855741101,0.14826946893943743,learned/task_031/cell_0231,248,with_replacement,67108864,1.1922540366649628,101000,completed,512,1,0.685856325773442,0.13985607567896036,0.22930409628076753,0.9064987502489081,0.14710448446559524,20.0,0.9069965855741101,0.14826951614699513
4,271,642c9ac8b37cc879a46c5dc332c9d99eb4ae9d0bd2c4b38a1ce3bbe1af22951a,4b74724c4225fcfe043fdd749fb740fff4cf33c8,0.00040516035784547694,0.0024677534059699938,1,cuda,1.0,8,0.5,learned_mixture,0.04443612769966402,64,standard normal at finite u_max,infinite,learned,0.7133583957327868,0.09780537538673965,unbiased,3.0517578125e-05,0.005153730511665344,32768,151160320,0.040271118893159555,0.713358228303336,0.09780537538673958,0.04027114210307765,0.9872217133724218,0.12238624234479162,learned/task_031/cell_0271,239,with_replacement,67108864,1.1919561251997948,101001,completed,512,1,0.7126848722431366,0.09709567574422247,0.04054170178961808,0.9871770024759579,0.12117344937745042,20.0,0.9872217133724219,0.12238498152415551
4,311,642c9ac8b37cc879a46c5dc332c9d99eb4ae9d0bd2c4b38a1ce3bbe1af22951a,4b74724c4225fcfe043fdd749fb740fff4cf33c8,0.0007229835942113664,0.0034079489609741345,2,cuda,1.0,8,0.5,learned_mixture,0.9349761966748839,64,standard normal at finite u_max,infinite,learned,0.5013573252491981,0.07140818194266053,unbiased,3.0517578125e-05,0.00552581250667572,32768,151160320,0.019183001092604415,0.5013572770497065,0.07140818194266034,0.019183017361105115,0.886475729388137,0.09650317276940523,learned/task_031/cell_0311,249,with_replacement,67108864,1.1966065764427185,101002,completed,512,1,0.5039885140312205,0.07341311466805721,0.018577147355198942,0.8857183478211861,0.09667647435152493,20.0,0.8864757293881371,0.09650312136869743
4,351,642c9ac8b37cc879a46c5dc332c9d99eb4ae9d0bd2c4b38a1ce3bbe1af22951a,4b74724c4225fcfe043fdd749fb740fff4cf33c8,0.001004503570822806,0.004178348532304494,3,cuda,1.0,8,0.5,learned_mixture,0.7112767238522436,64,standard normal at finite u_max,infinite,learned,0.7371033229898464,0.1865234462165633,unbiased,3.0517578125e-05,0.005279749631881714,32768,151160320,0.18943212985208469,0.7371032439054439,0.18652344621656328,0.18943212003916973,0.9408542333233803,0.19905975114881788,learned/task_031/cell_0351,241,with_replacement,67108864,1.1906558722257614,101003,completed,512,1,0.7363616162074933,0.18613044539883997,0.19093929123065984,0.9404429940366555,0.19889451754764925,20.0,0.9408542333233803,0.19905979118913206
4,391,642c9ac8b37cc879a46c5dc332c9d99eb4ae9d0bd2c4b38a1ce3bbe1af22951a,4b74724c4225fcfe043fdd749fb740fff4cf33c8,0.0006131069801803629,0.0032771669854831285,4,cuda,1.0,8,0.5,learned_mixture,0.915049870694476,64,standard normal at finite u_max,infinite,learned,0.38713111176324255,0.06087571387015368,unbiased,3.0517578125e-05,0.005207151174545288,32768,151160320,0.09107068652105084,0.38713114437240725,0.06087571387015364,0.09107071497722198,0.7659565963945524,0.07775637571431045,learned/task_031/cell_0391,230,with_replacement,67108864,1.1828410550951958,101004,completed,512,1,0.3852336141816419,0.06056372922147362,0.08840287475338289,0.7659815963435554,0.07802031439111921,20.0,0.7659565963945524,0.07775640605371284
4,431,4ad56f1f2de8ac7e99a997dc798fcc9a82d5e41bcaa01483fa8161ba24fa2737,4b74724c4225fcfe043fdd749fb740fff4cf33c8,0.0052559934306067365,0.01036463721399505,0,cuda,1.0,8,0.5,learned_mixture,0.8799042213219427,64,standard normal at finite u_max,infinite,learned,0.6695140983842246,0.09036221787813555,unbiased,3.0517578125e-05,0.0051841288805007935,32768,151160320,0.2562378762994824,0.6695139775276363,0.09036221787813543,0.25623786276946686,0.9928093301601362,0.12368930259080498,learned/task_031/cell_0431,248,with_replacement,67108864,1.190111093223095,102000,completed,512,2,0.6898356816954972,0.09552273586422273,0.2518141853087114,0.9929264088694805,0.1255909986656028,20.0,0.9928093301601362,0.12368873829852384
4,471,4ad56f1f2de8ac7e99a997dc798fcc9a82d5e41bcaa01483fa8161ba24fa2737,4b74724c4225fcfe043fdd749fb740fff4cf33c8,0.0018151949635398178,0.005414618441327316,1,cuda,1.0,8,0.5,learned_mixture,0.8316808766781727,64,standard normal at finite u_max,infinite,learned,0.728875866308414,0.14597993765744,unbiased,3.0517578125e-05,0.005655884742736816,32768,151160320,0.04205727372001036,0.7288757269859281,0.14597993765743997,0.04205729621709875,0.9369298908842186,0.1623306181134686,learned/task_031/cell_0471,239,with_replacement,67108864,1.1919065043330193,102001,completed,512,2,0.7250183572199961,0.1444756297852418,0.04054170178961808,0.9381851620646205,0.16133943568349093,20.0,0.9369298908842187,0.16233094276226537
4,511,4ad56f1f2de8ac7e99a997dc798fcc9a82d5e41bcaa01483fa8161ba24fa2737,4b74724c4225fcfe043fdd749fb740fff4cf33c8,0.0045799261192538574,0.00855508519078491,2,cuda,1.0,8,0.5,learned_mixture,0.9358593448036455,64,standard normal at finite u_max,infinite,learned,0.46955990919458634,0.04754599914846826,unbiased,3.0517578125e-05,0.005378760397434235,32768,151160320,0.020852773916908374,0.46955988802083154,0.0475459991484683,0.020852790560307186,0.9268224148407898,0.07952812014860072,learned/task_031/cell_0511,247,with_replacement,67108864,1.2012380808591843,102002,completed,512,2,0.4653864904176479,0.04725686580195125,0.018662541583263997,0.9277993641768574,0.08119276773461453,20.0,0.9268224148407896,0.07952833056717667
4,551,4ad56f1f2de8ac7e99a997dc798fcc9a82d5e41bcaa01483fa8161ba24fa2737,4b74724c4225fcfe043fdd749fb740fff4cf33c8,0.0037311204756490042,0.008164491969018741,3,cuda,1.0,8,0.5,learned_mixture,0.7019658887675146,64,standard normal at finite u_max,infinite,learned,0.7010851039504085,0.2039854805529626,unbiased,3.0517578125e-05,0.005200199782848358,32768,151160320,0.12919709674093444,0.7010850170643741,0.2039854805529626,0.12919708770584193,0.7525546012926374,0.2113850446154149,learned/task_031/cell_0551,241,with_replacement,67108864,1.1957664713263512,102003,completed,512,2,0.7009706366152778,0.20441192638909972,0.13467907136116453,0.7566297396434575,0.21201409839059018,20.0,0.7525546012926373,0.21138504056116214
4,591,4ad56f1f2de8ac7e99a997dc798fcc9a82d5e41bcaa01483fa8161ba24fa2737,4b74724c4225fcfe043fdd749fb740fff4cf33c8,0.005213112207682889,0.009509889358984395,4,cuda,1.0,8,0.5,learned_mixture,0.9170510571592372,64,standard normal at finite u_max,infinite,learned,0.4362360897244343,0.04806633888412156,unbiased,3.0517578125e-05,0.005177795886993408,32768,151160320,0.1114861458835956,0.4362361283933024,0.0480663388841216,0.11148617317299467,0.9169672503132853,0.08284232954597326,learned/task_031/cell_0591,230,with_replacement,67108864,1.1870252266526222,102004,completed,512,2,0.4457377010695091,0.05093183140166712,0.10331211637118479,0.9187935965140164,0.08373695332006523,20.0,0.9169672503132853,0.08284203280138883
4,631,40d2f60f7b01b721909df18cdd26cc0bda1e28ef62dd47bb3bc9b7acfaa1fbc4,4b74724c4225fcfe043fdd749fb740fff4cf33c8,0.0032922377209488557,0.007232242886468695,0,cuda,1.0,8,0.5,learned_mixture,0.8432334962654198,64,standard normal at finite u_max,infinite,learned,0.6326898997265336,0.09727963736882356,unbiased,3.0517578125e-05,0.005129948258399963,32768,151160320,0.2498506636988821,0.6326897362711028,0.09727963736882356,0.24985065005269919,0.9540627020193329,0.11889090052413351,learned/task_031/cell_0631,248,with_replacement,67108864,1.1901428252458572,103000,completed,512,3,0.6309541571940013,0.09580238843171532,0.24765490092161768,0.9537946662114312,0.11761355418549305,20.0,0.9540627020193329,0.11889131774760067
4,671,40d2f60f7b01b721909df18cdd26cc0bda1e28ef62dd47bb3bc9b7acfaa1fbc4,4b74724c4225fcfe043fdd749fb740fff4cf33c8,0.0031951309352244283,0.0080692700576677,1,cuda,1.0,8,0.5,learned_mixture,0.7352480229618932,64,standard normal at finite u_max,infinite,learned,0.7534397304247312,0.21792904932599716,unbiased,3.0517578125e-05,0.005499318242073059,32768,151160320,0.039715209681730645,0.7534396582723571,0.2179290493259971,0.03971523403334673,0.8794875151682471,0.22680483756433106,learned/task_031/cell_0671,237,with_replacement,67108864,1.1922052055597305,103001,completed,512,3,0.757930488605825,0.21803994652365105,0.04208800678567501,0.8793175161096793,0.22632649939000166,20.0,0.8794875151682472,0.22680488849046934
4,711,40d2f60f7b01b721909df18cdd26cc0bda1e28ef62dd47bb3bc9b7acfaa1fbc4,4b74724c4225fcfe043fdd749fb740fff4cf33c8,0.005056220007114127,0.010222160344392684,2,cuda,1.0,8,0.5,learned_mixture,0.9361239812150802,64,standard normal at finite u_max,infinite,learned,0.3859580415844233,0.061732191921845314,unbiased,3.0517578125e-05,0.005371309816837311,32768,151160320,0.016753511584056538,0.3859580917628366,0.06173219192184511,0.016753527519219172,0.7768281631750225,0.08073323256204758,learned/task_031/cell_0711,248,with_replacement,67108864,1.1923845782876015,103002,completed,512,3,0.37601712024951606,0.060712801131297484,0.018662541583263997,0.7762735424134355,0.07926931192873612,20.0,0.7768281631750225,0.08073334201801544
4,751,40d2f60f7b01b721909df18cdd26cc0bda1e28ef62dd47bb3bc9b7acfaa1fbc4,4b74724c4225fcfe043fdd749fb740fff4cf33c8,0.0024863083062164225,0.006951098286372807,3,cuda,1.0,8,0.5,learned_mixture,0.7089249947331335,64,standard normal at finite u_max,infinite,learned,0.647176508625467,0.16442465034034445,unbiased,3.0517578125e-05,0.00518307089805603,32768,151160320,0.189914364034386,0.6471763701797092,0.16442465034034448,0.18991435368171283,0.801349012047816,0.17373818800601853,learned/task_031/cell_0751,241,with_replacement,67108864,1.1858206242322922,103003,completed,512,3,0.6516316283627082,0.1662158490939526,0.187893804192084,0.8003426152336596,0.17504392894534102,20.0,0.801349012047816,0.17373796359804525
4,791,40d2f60f7b01b721909df18cdd26cc0bda1e28ef62dd47bb3bc9b7acfaa1fbc4,4b74724c4225fcfe043fdd749fb740fff4cf33c8,0.00227140267812302,0.0072366588622508,4,cuda,1.0,8,0.5,learned_mixture,0.9235849131320175,64,standard normal at finite u_max,infinite,learned,0.481552258370951,0.0630725022845326,unbiased,3.0517578125e-05,0.005186192691326141,32768,151160320,0.1132312286030388,0.48155219967223106,0.06307250228453276,0.11323127151898905,0.9020440766268898,0.0879764041356313,learned/task_031/cell_0791,231,with_replacement,67108864,1.1915011182427406,103004,completed,512,3,0.48311427636467974,0.06395929738676209,0.11481264245787957,0.9018555937590816,0.08847689309321113,20.0,0.9020440766268898,0.08797639419174137
4,831,4f8f7d024dee2ba1d205fcf59f39c4f32d87524ab703a9051d4ad4e7ca38f59f,4b74724c4225fcfe043fdd749fb740fff4cf33c8,0.006599843684422851,0.008593370840015643,0,cuda,1.0,8,0.5,learned_mixture,0.8775123811789416,64,standard normal at finite u_max,infinite,learned,0.7514703676379411,0.1489531459016635,unbiased,3.0517578125e-05,0.0051233842968940735,32768,151160320,0.24132151316346706,0.7514702523207182,0.1489531459016635,0.24132149979029427,0.9376185425248563,0.16207826134497982,learned/task_031/cell_0831,249,with_replacement,67108864,1.1903442963957787,104000,completed,512,4,0.7541620316681117,0.14813815140834288,0.23997186159487918,0.9373151477996418,0.16036173388142236,20.0,0.9376185425248563,0.1620784065079558
4,871,4f8f7d024dee2ba1d205fcf59f39c4f32d87524ab703a9051d4ad4e7ca38f59f,4b74724c4225fcfe043fdd749fb740fff4cf33c8,0.0024914817357353774,0.006621990432879198,1,cuda,1.0,8,0.5,learned_mixture,0.7957868949424634,64,standard normal at finite u_max,infinite,learned,0.7181104218496248,0.15084276139171315,unbiased,3.0517578125e-05,0.005509674549102783,32768,151160320,0.038709087003051854,0.7181103067039454,0.1508427613917131,0.03870911065656675,0.9331395393318518,0.16440246482982213,learned/task_031/cell_0871,241,with_replacement,67108864,1.1946911290287971,104001,completed,512,4,0.726464186369344,0.1532299307645762,0.04054170178961808,0.9335237598166838,0.1662118058567636,20.0,0.9331395393318518,0.16440275439981566
4,911,4f8f7d024dee2ba1d205fcf59f39c4f32d87524ab703a9051d4ad4e7ca38f59f,4b74724c4225fcfe043fdd749fb740fff4cf33c8,0.004006415909999863,0.009093963392755176,2,cuda,1.0,8,0.5,learned_mixture,0.936515294782039,64,standard normal at finite u_max,infinite,learned,0.6292287173093165,0.10328094418838096,unbiased,3.0517578125e-05,0.005311638116836548,32768,151160320,0.018195063687617988,0.6292285605645708,0.1032809441883811,0.018195079922372126,0.9036430556818201,0.1194793955809558,learned/task_031/cell_0911,249,with_replacement,67108864,1.1931059658527374,104002,completed,512,4,0.6154839816340453,0.09772039388254733,0.018662541583263997,0.9037136258703147,0.11545589176697135,20.0,0.90364305568182,0.11947910874917071
4,951,4f8f7d024dee2ba1d205fcf59f39c4f32d87524ab703a9051d4ad4e7ca38f59f,4b74724c4225fcfe043fdd749fb740fff4cf33c8,0.004622437188969399,0.008134641249056006,3,cuda,1.0,8,0.5,learned_mixture,0.36035150022562823,64,standard normal at finite u_max,infinite,learned,0.6081549007200953,0.11631273453544587,unbiased,3.0517578125e-05,0.005199827253818512,32768,151160320,0.09507984047751657,0.608154840704261,0.1163127345354458,0.09507983014824829,0.8048850843042255,0.12804738316137348,learned/task_031/cell_0951,241,with_replacement,67108864,1.1881636679172516,104003,completed,512,4,0.6097591477521328,0.116850592704654,0.09478995885151695,0.8053830148767795,0.12958380076698506,20.0,0.8048850843042255,0.12804700602134045
4,991,4f8f7d024dee2ba1d205fcf59f39c4f32d87524ab703a9051d4ad4e7ca38f59f,4b74724c4225fcfe043fdd749fb740fff4cf33c8,0.001955632727284397,0.005593964732646297,4,cuda,1.0,8,0.5,learned_mixture,0.8768420333065344,64,standard normal at finite u_max,infinite,learned,0.5409771489615809,0.087218293431818,unbiased,3.0517578125e-05,0.005142956972122192,32768,151160320,0.10941467240582711,0.5409770636699346,0.08721829343181786,0.10941469620195085,0.877458460538602,0.10584528659488845,learned/task_031/cell_0991,231,with_replacement,67108864,1.1942877396941185,104004,completed,512,4,0.5436175359112909,0.0877783732509773,0.11480675104509468,0.8775636719647166,0.10624824877819276,20.0,0.8774584605386018,0.10584562960034918
4,32,ce9344dce5f56b4cda176bcdb36371f48911618aa600da1465617419b4995b69,4b74724c4225fcfe043fdd749fb740fff4cf33c8,0.0028252357371008965,0.006935223527859486,0,cuda,1.0,8,0.5,learned_mixture,0.9476421299036412,64,standard normal at finite u_max,infinite,learned,0.39796830145471485,0.08550013168818474,unbiased,3.0517578125e-05,2.162988767027855,32768,167937536,0.09276241624707138,0.39796824603300773,0.08550013168818457,0.09276240329337988,0.6341309892608811,0.09078107094361892,learned/task_032/cell_0032,244,without_replacement,67108864,1.3339049741625786,100000,completed,512,0,0.40469942904474066,0.08726283891240075,0.09335461483963078,0.632408055699889,0.09243252570752128,20.0,0.634130989260881,0.09078133216153304
4,72,ce9344dce5f56b4cda176bcdb36371f48911618aa600da1465617419b4995b69,4b74724c4225fcfe043fdd749fb740fff4cf33c8,0.0031327639220031524,0.008543432645274154,1,cuda,1.0,8,0.5,learned_mixture,0.9376275479250792,64,standard normal at finite u_max,infinite,learned,0.4322328620657123,0.08384273237590611,unbiased,3.0517578125e-05,0.005618162453174591,32768,167937536,0.03871434469900803,0.43223290199189157,0.0838427323759061,0.03871436943630921,0.7269299483515794,0.09992397604189482,learned/task_032/cell_0072,232,without_replacement,67108864,1.38971795886755,100001,completed,512,0,0.4431133077723882,0.08704798346044405,0.04009090653492636,0.7273926678366289,0.10077106540611103,20.0,0.7269299483515795,0.09992380484295849
4,112,ce9344dce5f56b4cda176bcdb36371f48911618aa600da1465617419b4995b69,4b74724c4225fcfe043fdd749fb740fff4cf33c8,0.003926622494122266,0.009452954527715437,2,cuda,1.0,8,0.5,learned_mixture,0.5894490325947377,64,standard normal at finite u_max,infinite,learned,0.3072637806888698,0.05018648608304173,unbiased,3.051763154301784e-05,0.005679033696651459,32768,167937536,0.016470005452746142,0.30726384245995303,0.05018648608304156,0.016470021422941114,0.6738877179508211,0.06409726186732635,learned/task_032/cell_0112,244,without_replacement,67108864,1.3359756022691727,100002,completed,512,0,0.3184057154394243,0.05333887845686443,0.018578990399705453,0.6735952327021224,0.06686880150912371,20.0,0.6738877179508214,0.06409697446449394
4,152,ce9344dce5f56b4cda176bcdb36371f48911618aa600da1465617419b4995b69,4b74724c4225fcfe043fdd749fb740fff4cf33c8,0.0027986719875642647,0.007205152797460447,3,cuda,1.0,8,0.5,learned_mixture,0.9385620606153089,64,standard normal at finite u_max,infinite,learned,0.4069992937037847,0.07233814466796651,unbiased,3.051757812500694e-05,0.00531836599111557,32768,167937536,0.0035124545820950973,0.40699931136613665,0.07233814466796651,0.0035124710705379722,0.7408741152327369,0.08094611330672583,learned/task_032/cell_0152,235,without_replacement,67108864,1.3264329954981804,100003,completed,512,0,0.41073615020050014,0.0730492431341289,0.003909333771250001,0.7407813324235856,0.08294376646615272,20.0,0.7408741152327369,0.08094631564302568
4,192,ce9344dce5f56b4cda176bcdb36371f48911618aa600da1465617419b4995b69,4b74724c4225fcfe043fdd749fb740fff4cf33c8,0.002687338167482128,0.007978785205756601,4,cuda,1.0,8,0.5,learned_mixture,0.9515588660420843,64,standard normal at finite u_max,infinite,learned,0.28955349014807563,0.04937896640724668,unbiased,3.0517578125e-05,0.005590476095676422,32768,167937536,0.08656265047662509,0.289553595749365,0.04937896640724662,0.08656269426157424,0.6368144666436013,0.06558012690852458,learned/task_032/cell_0192,224,without_replacement,67108864,1.31459391862154,100004,completed,512,0,0.3072987524836899,0.0556026931594188,0.09123532577343164,0.6376221191486122,0.06965370200571469,20.0,0.6368144666436012,0.06557998266215756
4,232,642c9ac8b37cc879a46c5dc332c9d99eb4ae9d0bd2c4b38a1ce3bbe1af22951a,4b74724c4225fcfe043fdd749fb740fff4cf33c8,0.0011971563116745477,0.0050562118031681385,0,cuda,1.0,8,0.5,learned_mixture,0.9457382939350485,64,standard normal at finite u_max,infinite,learned,0.40891400273779915,0.08866987759852549,unbiased,3.051757812500347e-05,0.00512135773897171,32768,167937536,0.07895487928933843,0.4089139679232303,0.08866987759852571,0.0789548660135089,0.6207671876499267,0.09548945766890295,learned/task_032/cell_0232,244,without_replacement,67108864,1.3261504545807838,101000,completed,512,1,0.40069831814586765,0.08576350726310034,0.07634575912265314,0.6183308570896772,0.09268578771200059,20.0,0.6207671876499268,0.09548943032621868
4,272,642c9ac8b37cc879a46c5dc332c9d99eb4ae9d0bd2c4b38a1ce3bbe1af22951a,4b74724c4225fcfe043fdd749fb740fff4cf33c8,0.00040516035784547694,0.0024677534059699938,1,cuda,1.0,8,0.5,learned_mixture,0.9407725260549035,64,standard normal at finite u_max,infinite,learned,0.294210415757682,0.05506022568853576,unbiased,3.0517578125e-05,0.005048111081123352,32768,167937536,0.03850575774699434,0.2942104369527777,0.05506022568853567,0.03850578095691236,0.5992999292996848,0.0690117637249063,learned/task_032/cell_0272,233,without_replacement,67108864,1.3201020136475563,101001,completed,512,1,0.29461331395492796,0.055367091486806866,0.03877634064345287,0.5974513117191869,0.06897412678128528,20.0,0.5992999292996846,0.06901173020598753
4,312,642c9ac8b37cc879a46c5dc332c9d99eb4ae9d0bd2c4b38a1ce3bbe1af22951a,4b74724c4225fcfe043fdd749fb740fff4cf33c8,0.0007229835942113664,0.0034079489609741345,2,cuda,1.0,8,0.5,learned_mixture,0.506829346899402,64,standard normal at finite u_max,infinite,learned,0.307157524071301,0.060241331892820923,unbiased,3.051757812551868e-05,0.005519971251487732,32768,167937536,0.019103471970782326,0.3071575396100089,0.06024133189282074,0.019103488239282998,0.568037903182389,0.06757519710676142,learned/task_032/cell_0312,245,without_replacement,67108864,1.323509469628334,101002,completed,512,1,0.3048694190896036,0.05973171248606574,0.018497618233376853,0.5642043074421225,0.06704343647268675,20.0,0.568037903182389,0.06757579143075675
4,352,642c9ac8b37cc879a46c5dc332c9d99eb4ae9d0bd2c4b38a1ce3bbe1af22951a,4b74724c4225fcfe043fdd749fb740fff4cf33c8,0.001004503570822806,0.004178348532304494,3,cuda,1.0,8,0.5,learned_mixture,0.9396113397417941,64,standard normal at finite u_max,infinite,learned,0.3163009776645852,0.06601828879738625,unbiased,3.0517578125202095e-05,0.005104027688503265,32768,167937536,0.024375008241396167,0.3163009198682141,0.0660182887973862,0.024375023440731513,0.49509794933620754,0.07336388214306275,learned/task_032/cell_0352,236,without_replacement,67108864,1.3266580775380135,101003,completed,512,1,0.31862567741664705,0.06645813263612282,0.022856994827046003,0.49146273487868186,0.07358957834242975,20.0,0.4950979493362073,0.07336386239994927
4,392,642c9ac8b37cc879a46c5dc332c9d99eb4ae9d0bd2c4b38a1ce3bbe1af22951a,4b74724c4225fcfe043fdd749fb740fff4cf33c8,0.0006131069801803629,0.0032771669854831285,4,cuda,1.0,8,0.5,learned_mixture,0.9537958753979168,64,standard normal at finite u_max,infinite,learned,0.27301550384524587,0.04372121863828833,unbiased,3.0517578125e-05,0.005038343369960785,32768,167937536,0.10683224272437415,0.2730156210400687,0.04372121863828821,0.106832287575481,0.6720116661223701,0.056103430155748105,learned/task_032/cell_0392,223,without_replacement,67108864,1.3129254207015038,101004,completed,512,1,0.26913248797179656,0.04256360102836486,0.10704796715135902,0.6718530446304164,0.05532130828317133,20.0,0.6720116661223698,0.056103605929946884
4,432,4ad56f1f2de8ac7e99a997dc798fcc9a82d5e41bcaa01483fa8161ba24fa2737,4b74724c4225fcfe043fdd749fb740fff4cf33c8,0.0052559934306067365,0.01036463721399505,0,cuda,1.0,8,0.5,learned_mixture,0.9432253267154018,64,standard normal at finite u_max,infinite,learned,0.4485903362698763,0.09801377958601822,unbiased,3.0517578125e-05,0.005030527710914612,32768,167937536,0.1753548386306323,0.4485902941208625,0.09801377958601865,0.175354825100617,0.6578828038197675,0.10298561257279164,learned/task_032/cell_0432,244,without_replacement,67108864,1.3280330672860146,102000,completed,512,2,0.4228156360567919,0.0904246823098298,0.17093114763986136,0.6633822993460181,0.0974465282000352,20.0,0.6578828038197676,0.10298559644247074
4,472,4ad56f1f2de8ac7e99a997dc798fcc9a82d5e41bcaa01483fa8161ba24fa2737,4b74724c4225fcfe043fdd749fb740fff4cf33c8,0.0018151949635398178,0.005414618441327316,1,cuda,1.0,8,0.5,learned_mixture,0.9354533302405456,64,standard normal at finite u_max,infinite,learned,0.40662749222462224,0.07897917894192295,unbiased,3.0517578125e-05,0.005515366792678833,32768,167937536,0.041844268482252846,0.40662748118604475,0.07897917894192284,0.04184429097934134,0.7008810461024741,0.08992998145974061,learned/task_032/cell_0472,233,without_replacement,67108864,1.3136795461177826,102001,completed,512,2,0.4035136092369501,0.07821357894826424,0.04032869655186056,0.7056855311611343,0.0896503538213007,20.0,0.7008810461024743,0.0899304294422588
4,512,4ad56f1f2de8ac7e99a997dc798fcc9a82d5e41bcaa01483fa8161ba24fa2737,4b74724c4225fcfe043fdd749fb740fff4cf33c8,0.0045799261192538574,0.00855508519078491,2,cuda,1.0,8,0.5,learned_mixture,0.956560616831626,64,standard normal at finite u_max,infinite,learned,0.25838906983038296,0.05051000679387674,unbiased,3.051757813309335e-05,0.0051066577434539795,32768,167937536,0.01797367953352337,0.25838917334993305,0.0505100067938767,0.01797369368079657,0.48001769200964556,0.06203060491254558,learned/task_032/cell_0512,246,without_replacement,67108864,1.3288728445768356,102002,completed,512,2,0.26204236627167415,0.052024482084612855,0.015877900679529836,0.48002608699404464,0.06306795210315308,20.0,0.4800176920096454,0.06203023277338714
4,552,4ad56f1f2de8ac7e99a997dc798fcc9a82d5e41bcaa01483fa8161ba24fa2737,4b74724c4225fcfe043fdd749fb740fff4cf33c8,0.0037311204756490042,0.008164491969018741,3,cuda,1.0,8,0.5,learned_mixture,0.937019117205485,64,standard normal at finite u_max,infinite,learned,0.4406964499735664,0.07216943256787904,unbiased,3.0517578125e-05,0.005088001489639282,32768,167937536,0.035150001222410326,0.4406964574706414,0.07216943256787903,0.03515001055866397,0.7924462676528929,0.08968969876802341,learned/task_032/cell_0552,236,without_replacement,67108864,1.330137386918068,102003,completed,512,2,0.4353295042845555,0.07078582496664884,0.029824942847626976,0.7958298391982105,0.08664639511719537,20.0,0.7924462676528929,0.08968926300143777
4,592,4ad56f1f2de8ac7e99a997dc798fcc9a82d5e41bcaa01483fa8161ba24fa2737,4b74724c4225fcfe043fdd749fb740fff4cf33c8,0.005213112207682889,0.009509889358984395,4,cuda,1.0,8,0.5,learned_mixture,0.9483885934296479,64,standard normal at finite u_max,infinite,learned,0.28391787737322716,0.043933051933673105,unbiased,3.051757812502689e-05,0.005079992115497589,32768,167937536,0.09602787466593177,0.28391793875611393,0.04393305193367317,0.09602792108897033,0.6690684373162703,0.06008496344829509,learned/task_032/cell_0592,225,without_replacement,67108864,1.3133877590298653,102004,completed,512,2,0.26330538915621726,0.038425793315386446,0.09504217969034842,0.676488282937728,0.05614351205362355,20.0,0.6690684373162703,0.060084990607698396
4,632,40d2f60f7b01b721909df18cdd26cc0bda1e28ef62dd47bb3bc9b7acfaa1fbc4,4b74724c4225fcfe043fdd749fb740fff4cf33c8,0.0032922377209488557,0.007232242886468695,0,cuda,1.0,8,0.5,learned_mixture,0.9469767481871163,64,standard normal at finite u_max,infinite,learned,0.3241400152815836,0.06275147177446508,unbiased,3.051757812528363e-05,0.005513057112693787,32768,167937536,0.08961491227303388,0.3241400422195265,0.06275147177446534,0.08961492803897833,0.6067807333776836,0.07241161741632669,learned/task_032/cell_0632,245,without_replacement,67108864,1.3263472467660904,103000,completed,512,3,0.3272945052058174,0.06367660317345196,0.08567429845867665,0.6047706097358375,0.07144110564006333,20.0,0.6067807333776837,0.07241202160205797
4,672,40d2f60f7b01b721909df18cdd26cc0bda1e28ef62dd47bb3bc9b7acfaa1fbc4,4b74724c4225fcfe043fdd749fb740fff4cf33c8,0.0031951309352244283,0.0080692700576677,1,cuda,1.0,8,0.5,learned_mixture,0.9427512259145651,64,standard normal at finite u_max,infinite,learned,0.3029524541485058,0.05420523477057186,unbiased,3.0517578125e-05,0.0052202194929122925,32768,167937536,0.03653650332016367,0.3029525542318211,0.05420523477057239,0.036536527691952626,0.6454500776430943,0.06751528048132996,learned/task_032/cell_0672,231,without_replacement,67108864,1.3115178421139717,103001,completed,512,3,0.32236766915555387,0.06013090419517843,0.03890886684497272,0.6446746339030245,0.07034751291383712,20.0,0.6454500776430938,0.06751519194583937
4,712,40d2f60f7b01b721909df18cdd26cc0bda1e28ef62dd47bb3bc9b7acfaa1fbc4,4b74724c4225fcfe043fdd749fb740fff4cf33c8,0.005056220007114127,0.010222160344392684,2,cuda,1.0,8,0.5,learned_mixture,0.5823320886910209,64,standard normal at finite u_max,infinite,learned,0.2849035041510428,0.05098619246759508,unbiased,3.05175781267512e-05,0.0051030367612838745,32768,167937536,0.0014364278103798922,0.2849035502607541,0.05098619246759492,0.001436413792216082,0.5904627844625971,0.05819640037159966,learned/task_032/cell_0712,243,without_replacement,67108864,1.3220917358994484,103002,completed,512,3,0.28074218387554567,0.04890702925191958,0.0009505088762599007,0.5898081389020415,0.0574729166579709,20.0,0.5904627844625971,0.058196531346735234
4,752,40d2f60f7b01b721909df18cdd26cc0bda1e28ef62dd47bb3bc9b7acfaa1fbc4,4b74724c4225fcfe043fdd749fb740fff4cf33c8,0.0024863083062164225,0.006951098286372807,3,cuda,1.0,8,0.5,learned_mixture,0.9403884728863616,64,standard normal at finite u_max,infinite,learned,0.45730090644992943,0.09304396786264538,unbiased,3.0517578125008674e-05,0.005084782838821411,32768,167937536,0.02392616922988584,0.45730082265351446,0.09304396786264535,0.023926185656621562,0.6883340134084602,0.10142398369727114,learned/task_032/cell_0752,236,without_replacement,67108864,1.3265025243163109,103003,completed,512,3,0.4626452153239381,0.09479023176882267,0.02566422632877975,0.6867118945700423,0.10360404150708521,20.0,0.6883340134084602,0.10142400304137952
4,792,40d2f60f7b01b721909df18cdd26cc0bda1e28ef62dd47bb3bc9b7acfaa1fbc4,4b74724c4225fcfe043fdd749fb740fff4cf33c8,0.00227140267812302,0.0072366588622508,4,cuda,1.0,8,0.5,learned_mixture,0.9547407224278388,64,standard normal at finite u_max,infinite,learned,0.3149110949476589,0.04570389776800741,unbiased,3.051757812500087e-05,0.005093581974506378,32768,167937536,0.061180699982275294,0.3149111448530133,0.04570389776800736,0.06118073187357627,0.7541341356972314,0.06499594027752603,learned/task_032/cell_0792,224,without_replacement,67108864,1.3115301132202148,103004,completed,512,3,0.3271258407459886,0.0491032879098055,0.06929751684257733,0.7534218434609234,0.06721494844967865,20.0,0.7541341356972314,0.06499573036900921
4,832,4f8f7d024dee2ba1d205fcf59f39c4f32d87524ab703a9051d4ad4e7ca38f59f,4b74724c4225fcfe043fdd749fb740fff4cf33c8,0.006599843684422851,0.008593370840015643,0,cuda,1.0,8,0.5,learned_mixture,0.9434789934320715,64,standard normal at finite u_max,infinite,learned,0.5383516093489876,0.107571052127126,unbiased,3.0517578125e-05,0.005521960556507111,32768,167937536,0.15319605665639044,0.5383515139113622,0.10757105212712605,0.15319604328321773,0.8176525127122294,0.11707839649228606,learned/task_032/cell_0832,245,without_replacement,67108864,1.3289078176021576,104000,completed,512,4,0.5309941984073686,0.10664549337320912,0.15184640508780253,0.8177443483135628,0.11904478762210612,20.0,0.8176525127122296,0.11707836777705884
4,872,4f8f7d024dee2ba1d205fcf59f39c4f32d87524ab703a9051d4ad4e7ca38f59f,4b74724c4225fcfe043fdd749fb740fff4cf33c8,0.0024914817357353774,0.006621990432879198,1,cuda,1.0,8,0.5,learned_mixture,0.9325508131904668,64,standard normal at finite u_max,infinite,learned,0.54994459720956,0.10785485543536431,unbiased,3.051757812501041e-05,0.00523124635219574,32768,167937536,0.038542801310034465,0.549944446991282,0.10785485543536408,0.03854282496354928,0.7459728509346419,0.11580245086490881,learned/task_032/cell_0872,234,without_replacement,67108864,1.3214451670646667,104001,completed,512,4,0.5549846676998758,0.10951822174828926,0.04037541609660069,0.7465186803200754,0.11736491721394879,20.0,0.7459728509346417,0.11580220588341628
4,912,4f8f7d024dee2ba1d205fcf59f39c4f32d87524ab703a9051d4ad4e7ca38f59f,4b74724c4225fcfe043fdd749fb740fff4cf33c8,0.004006415909999863,0.009093963392755176,2,cuda,1.0,8,0.5,learned_mixture,0.9585233316444257,64,standard normal at finite u_max,infinite,learned,0.3657844968435584,0.06978269328810885,unbiased,3.051757822885269e-05,0.0052061527967453,32768,167937536,0.04107916430901429,0.365784456363873,0.06978269328810885,0.04107915002462546,0.6431790787470796,0.07570965164874463,learned/task_032/cell_0912,246,without_replacement,67108864,1.3264812603592873,104002,completed,512,4,0.3536318464425935,0.06637575809787784,0.04069318522650357,0.6434781460507247,0.07260274313967599,20.0,0.6431790787470796,0.07570937308283203
4,952,4f8f7d024dee2ba1d205fcf59f39c4f32d87524ab703a9051d4ad4e7ca38f59f,4b74724c4225fcfe043fdd749fb740fff4cf33c8,0.004622437188969399,0.008134641249056006,3,cuda,1.0,8,0.5,learned_mixture,0.9352952467716347,64,standard normal at finite u_max,infinite,learned,0.42097933590090025,0.07960956785053429,unbiased,3.0517578125e-05,0.0050956979393959045,32768,167937536,0.06900981207416786,0.4209793319901927,0.07960956785053414,0.06900982292039616,0.6922601904570524,0.09487263278862634,learned/task_032/cell_0952,237,without_replacement,67108864,1.3279224336147308,104003,completed,512,4,0.4310924655109367,0.0812847806054448,0.06930455058944356,0.6927766830520398,0.09692325733784671,20.0,0.6922601904570524,0.09487222684745092
4,992,4f8f7d024dee2ba1d205fcf59f39c4f32d87524ab703a9051d4ad4e7ca38f59f,4b74724c4225fcfe043fdd749fb740fff4cf33c8,0.001955632727284397,0.005593964732646297,4,cuda,1.0,8,0.5,learned_mixture,0.9494810242059379,64,standard normal at finite u_max,infinite,learned,0.39807047463899703,0.07207264134206476,unbiased,3.0517578125031225e-05,0.005043305456638336,32768,167937536,0.13007724554801706,0.398070463480536,0.07207264134206481,0.13007729001381876,0.710053003200575,0.08200366330666703,learned/task_032/cell_0992,225,without_replacement,67108864,1.3141049146652222,104004,completed,512,4,0.3998137268166513,0.07284358495410627,0.13033677215184325,0.7113147225923864,0.08195538900841533,20.0,0.710053003200575,0.08200399216264723
4,33,ce9344dce5f56b4cda176bcdb36371f48911618aa600da1465617419b4995b69,4b74724c4225fcfe043fdd749fb740fff4cf33c8,0.0028252357371008965,0.006935223527859486,0,cuda,1.0,8,0.5,learned_mixture,0.9247135443409028,64,standard normal at finite u_max,finite,learned,0.6716292875809726,0.21330849904635393,tail,3.0517578125e-05,2.1062230709940195,32768,151160320,0.17680862728164704,0.6716291878481435,0.21330849904635435,0.17680864344540226,0.5851022215538422,0.21897033742132538,learned/task_033/cell_0033,193,with_replacement,67108864,1.342577150091529,100000,completed,512,0,0.6735364485916464,0.21358102211261507,0.17547090947732782,0.5837694428807124,0.21949166143795712,20.0,0.5851022215538422,0.21897058034742004
4,73,ce9344dce5f56b4cda176bcdb36371f48911618aa600da1465617419b4995b69,4b74724c4225fcfe043fdd749fb740fff4cf33c8,0.0031327639220031524,0.008543432645274154,1,cuda,1.0,8,0.5,learned_mixture,0.9187948251136211,64,standard normal at finite u_max,finite,learned,0.6559491411571519,0.2163674275297176,tail,3.051757812558547e-05,0.005640599876642227,32768,151160320,0.03911907786418775,0.6559489885923842,0.2163674275297175,0.03911910260148874,0.6070092710271255,0.21900226319288724,learned/task_033/cell_0073,186,with_replacement,67108864,1.3267008978873491,100001,completed,512,0,0.6499293377916175,0.21318583978667155,0.040495639700106084,0.6066244394573832,0.21648486672265785,20.0,0.6070092710271254,0.21900241455853808
4,113,ce9344dce5f56b4cda176bcdb36371f48911618aa600da1465617419b4995b69,4b74724c4225fcfe043fdd749fb740fff4cf33c8,0.003926622494122266,0.009452954527715437,2,cuda,1.0,8,0.5,learned_mixture,0.894904820090045,64,standard normal at finite u_max,finite,learned,0.7118898427670094,0.23213777239577674,tail,3.0517578125e-05,0.005480589345097542,32768,151160320,0.022399350641413768,0.7118897384356246,0.2321377723957767,0.02239933654565328,0.6817014758840221,0.2361924319926877,learned/task_033/cell_0113,196,with_replacement,67108864,1.3346320670098066,100002,completed,512,0,0.7091032233147098,0.22885242306065406,0.0203859863478089,0.6823694440963768,0.23218575018141804,20.0,0.6817014758840221,0.23619239990628021
4,153,ce9344dce5f56b4cda176bcdb36371f48911618aa600da1465617419b4995b69,4b74724c4225fcfe043fdd749fb740fff4cf33c8,0.0027986719875642647,0.007205152797460447,3,cuda,1.0,8,0.5,learned_mixture,0.911934253966236,64,standard normal at finite u_max,finite,learned,0.6992513282026236,0.20476333938851493,tail,3.0517578137338654e-05,0.005123872309923172,32768,151160320,0.05925109030778152,0.6992512273614653,0.20476333938851551,0.05925108058863844,0.7152827378466502,0.21244551881054807,learned/task_033/cell_0153,194,with_replacement,67108864,1.3366961237043142,100003,completed,512,0,0.7005635213261893,0.20691237304954943,0.058596319595228756,0.7150992710407132,0.21470491783605347,20.0,0.7152827378466506,0.21244570536718116
4,193,ce9344dce5f56b4cda176bcdb36371f48911618aa600da1465617419b4995b69,4b74724c4225fcfe043fdd749fb740fff4cf33c8,0.002687338167482128,0.007978785205756601,4,cuda,1.0,8,0.5,learned_mixture,0.8926751382360626,64,standard normal at finite u_max,finite,learned,0.6677253701004425,0.219434523471545,tail,3.0517578125e-05,0.0053084008395671844,32768,151160320,0.13883474066164248,0.6677252746689765,0.21943452347154535,0.1388347732836336,0.8576042727830144,0.23051458162778585,learned/task_033/cell_0193,172,with_replacement,67108864,1.3210753686726093,100004,completed,512,0,0.6766533104612933,0.22435141500617414,0.15004306299340642,0.8581797278387093,0.23400752526510882,20.0,0.8576042727830145,0.23051492501694307
4,233,642c9ac8b37cc879a46c5dc332c9d99eb4ae9d0bd2c4b38a1ce3bbe1af22951a,4b74724c4225fcfe043fdd749fb740fff4cf33c8,0.0011971563116745477,0.0050562118031681385,0,cuda,1.0,8,0.5,learned_mixture,0.9366764384617283,64,standard normal at finite u_max,finite,learned,0.7245424914495588,0.23235261180423258,tail,3.0517578125001735e-05,0.005048772320151329,32768,151160320,0.17559412368186825,0.7245424001249587,0.23235261180423195,0.17559413952182554,0.6806511376920586,0.2390458829962108,learned/task_033/cell_0233,192,with_replacement,67108864,1.3265407122671604,101000,completed,512,1,0.7231297709046064,0.23215423782337705,0.1745837912676368,0.6783523825476591,0.23826991320512375,20.0,0.6806511376920583,0.23904634188538634
4,273,642c9ac8b37cc879a46c5dc332c9d99eb4ae9d0bd2c4b38a1ce3bbe1af22951a,4b74724c4225fcfe043fdd749fb740fff4cf33c8,0.00040516035784547694,0.0024677534059699938,1,cuda,1.0,8,0.5,learned_mixture,0.9216770852169621,64,standard normal at finite u_max,finite,learned,0.7342731504850671,0.23352511067424617,tail,3.051757812513097e-05,0.004975283518433571,32768,151160320,0.038600395601663715,0.7342730176770497,0.23352511067424667,0.03860039409154117,0.692782036108015,0.23531001911823468,learned/task_033/cell_0273,185,with_replacement,67108864,1.3256388511508703,101001,completed,512,1,0.7333350873445267,0.233276879619933,0.03863701859946844,0.6903242110360113,0.23513764049042782,20.0,0.6927820361080153,0.23530968104354252
4,313,642c9ac8b37cc879a46c5dc332c9d99eb4ae9d0bd2c4b38a1ce3bbe1af22951a,4b74724c4225fcfe043fdd749fb740fff4cf33c8,0.0007229835942113664,0.0034079489609741345,2,cuda,1.0,8,0.5,learned_mixture,0.8811687968461653,64,standard normal at finite u_max,finite,learned,0.8145893980097207,0.2565017131382665,tail,3.051757902495634e-05,0.0053092315793037415,32768,151160320,0.01926839532066947,0.814589285785206,0.25650171313826603,0.019268411589170115,0.8196921852058628,0.2592409438535145,learned/task_033/cell_0313,197,with_replacement,67108864,1.3273457810282707,101002,completed,512,1,0.814129689063473,0.2560430338831431,0.018662541583263997,0.8182483213488005,0.25874754083256524,20.0,0.8196921852058627,0.25924070283604816
4,353,642c9ac8b37cc879a46c5dc332c9d99eb4ae9d0bd2c4b38a1ce3bbe1af22951a,4b74724c4225fcfe043fdd749fb740fff4cf33c8,0.001004503570822806,0.004178348532304494,3,cuda,1.0,8,0.5,learned_mixture,0.9300106678124815,64,standard normal at finite u_max,finite,learned,0.7413611386135789,0.20085747022730893,tail,3.05175781294886e-05,0.004968633875250816,32768,151160320,0.09286868466216285,0.7413610402522983,0.20085747022730827,0.09286867517700297,0.775454781043224,0.2070366774146952,learned/task_033/cell_0353,193,with_replacement,67108864,1.3236345071345568,101003,completed,512,1,0.7386651708322192,0.19985438405958908,0.09437473111632327,0.7736002746010289,0.20611194272208727,20.0,0.7754547810432237,0.2070366398039927
4,393,642c9ac8b37cc879a46c5dc332c9d99eb4ae9d0bd2c4b38a1ce3bbe1af22951a,4b74724c4225fcfe043fdd749fb740fff4cf33c8,0.0006131069801803629,0.0032771669854831285,4,cuda,1.0,8,0.5,learned_mixture,0.9314136259088283,64,standard normal at finite u_max,finite,learned,0.7223711392057938,0.21809079308164758,tail,3.051757813700385e-05,0.004989735782146454,32768,151160320,0.08637950860149125,0.7223709463459544,0.21809079308164747,0.08637955196627814,0.764656629119326,0.22236421699785933,learned/task_033/cell_0393,170,with_replacement,67108864,1.3166582509875298,101004,completed,512,1,0.7210952328015907,0.2160978478842662,0.08661469123767876,0.764762794710944,0.2206602603166651,20.0,0.7646566291193259,0.22236418213974832
4,433,4ad56f1f2de8ac7e99a997dc798fcc9a82d5e41bcaa01483fa8161ba24fa2737,4b74724c4225fcfe043fdd749fb740fff4cf33c8,0.0052559934306067365,0.01036463721399505,0,cuda,1.0,8,0.5,learned_mixture,0.9054916754623648,64,standard normal at finite u_max,finite,learned,0.725055010048009,0.2400359275049527,tail,3.0517578125e-05,0.004944125190377235,32768,151160320,0.18695149976078937,0.7250549133692062,0.24003592750495242,0.18695149624371868,0.7688704669129107,0.2436676678633111,learned/task_033/cell_0433,192,with_replacement,67108864,1.33243453130126,102000,completed,512,2,0.7152309203943641,0.23776300347386106,0.18884429597913766,0.7728949451889578,0.2425327318046965,20.0,0.7688704669129105,0.24366792536345885
4,473,4ad56f1f2de8ac7e99a997dc798fcc9a82d5e41bcaa01483fa8161ba24fa2737,4b74724c4225fcfe043fdd749fb740fff4cf33c8,0.0018151949635398178,0.005414618441327316,1,cuda,1.0,8,0.5,learned_mixture,0.902891729124759,64,standard normal at finite u_max,finite,learned,0.7701021609347676,0.2475842716106405,tail,3.0517578134331945e-05,0.005269022658467293,32768,151160320,0.03830077959937761,0.7701020640329758,0.2475842716106409,0.03830080209646619,0.7362896102983527,0.2506119342521116,learned/task_033/cell_0473,186,with_replacement,67108864,1.3198616281151772,102001,completed,512,2,0.7638752612686629,0.24486202341422997,0.036785207668985326,0.7404350397437655,0.24846441715119838,20.0,0.7362896102983528,0.2506119223538596
4,513,4ad56f1f2de8ac7e99a997dc798fcc9a82d5e41bcaa01483fa8161ba24fa2737,4b74724c4225fcfe043fdd749fb740fff4cf33c8,0.0045799261192538574,0.00855508519078491,2,cuda,1.0,8,0.5,learned_mixture,0.8948452208541371,64,standard normal at finite u_max,finite,learned,0.5840559671787824,0.1874926241124907,tail,3.051757812501301e-05,0.004989722743630409,32768,151160320,0.014258574698417736,0.5840559145565761,0.18749262411249157,0.01425859134181709,0.7150752560855592,0.20078465169381876,learned/task_033/cell_0513,197,with_replacement,67108864,1.3270935341715813,102002,completed,512,2,0.5864635456956311,0.18445169698021108,0.01206834236477336,0.7180530837133623,0.19870260391542482,20.0,0.7150752560855591,0.2007844163071521
4,553,4ad56f1f2de8ac7e99a997dc798fcc9a82d5e41bcaa01483fa8161ba24fa2737,4b74724c4225fcfe043fdd749fb740fff4cf33c8,0.0037311204756490042,0.008164491969018741,3,cuda,1.0,8,0.5,learned_mixture,0.900668367789616,64,standard normal at finite u_max,finite,learned,0.733532575726695,0.23608766513139373,tail,3.051757828001229e-05,0.0049968138337135315,32768,151160320,0.016693719344378882,0.733532434724583,0.23608766513139415,0.01669373363775993,0.6610151482845803,0.24238754185421454,learned/task_033/cell_0553,193,with_replacement,67108864,1.3512987662106752,102003,completed,512,2,0.7224675419109795,0.2319064388232743,0.011391332374982452,0.6661744208187983,0.2391661771925841,20.0,0.6610151482845806,0.24238742484705544
4,593,4ad56f1f2de8ac7e99a997dc798fcc9a82d5e41bcaa01483fa8161ba24fa2737,4b74724c4225fcfe043fdd749fb740fff4cf33c8,0.005213112207682889,0.009509889358984395,4,cuda,1.0,8,0.5,learned_mixture,0.8699503029095156,64,standard normal at finite u_max,finite,learned,0.6781527253910511,0.2432608528589235,tail,3.051757812500087e-05,0.004895206540822983,32768,151160320,0.11946186046808802,0.6781525234472578,0.24326085285892374,0.11946190689112678,0.6981019170155639,0.25050404082176614,learned/task_033/cell_0593,173,with_replacement,67108864,1.3137875348329544,102004,completed,512,2,0.678290411366273,0.23932728234430306,0.11847616549250467,0.7057655657872173,0.24655578917857315,20.0,0.6981019170155641,0.25050385176159795
4,633,40d2f60f7b01b721909df18cdd26cc0bda1e28ef62dd47bb3bc9b7acfaa1fbc4,4b74724c4225fcfe043fdd749fb740fff4cf33c8,0.0032922377209488557,0.007232242886468695,0,cuda,1.0,8,0.5,learned_mixture,0.48142186647824114,64,standard normal at finite u_max,finite,learned,0.7174204489831346,0.20452252340737337,tail,3.051757812500087e-05,0.005399089306592941,32768,151160320,0.11895021787571161,0.7174203710525573,0.20452252340737326,0.11895023364165588,0.7812551326478621,0.20818036831522355,learned/task_033/cell_0633,190,with_replacement,67108864,1.3214734829962254,103000,completed,512,3,0.7147597894921831,0.20472225374838818,0.11500960406135437,0.7799466505347539,0.20833944222262232,20.0,0.781255132647862,0.20818034537738023
4,673,40d2f60f7b01b721909df18cdd26cc0bda1e28ef62dd47bb3bc9b7acfaa1fbc4,4b74724c4225fcfe043fdd749fb740fff4cf33c8,0.0031951309352244283,0.0080692700576677,1,cuda,1.0,8,0.5,learned_mixture,0.9328327987712538,64,standard normal at finite u_max,finite,learned,0.8115934640661391,0.2270591535006348,tail,3.0517578125011276e-05,0.004982864484190941,32768,151160320,0.03795262439301808,0.8115932874043057,0.22705915350063535,0.0379526487648074,0.8498060868214202,0.23017759779845942,learned/task_033/cell_0673,187,with_replacement,67108864,1.324128333479166,103001,completed,512,3,0.8110671531120035,0.22398895111480632,0.040324987917827126,0.8493471007050969,0.22675922447003846,20.0,0.8498060868214202,0.2301777404422445
4,713,40d2f60f7b01b721909df18cdd26cc0bda1e28ef62dd47bb3bc9b7acfaa1fbc4,4b74724c4225fcfe043fdd749fb740fff4cf33c8,0.005056220007114127,0.010222160344392684,2,cuda,1.0,8,0.5,learned_mixture,0.8545322283360552,64,standard normal at finite u_max,finite,learned,0.7581280625260934,0.2599856805668093,tail,3.051757812522118e-05,0.004969526082277298,32768,151160320,0.016753511584056538,0.758128005354405,0.2599856805668097,0.016753527519219283,0.8376363671450558,0.27004238460438734,learned/task_033/cell_0713,197,with_replacement,67108864,1.3298081252723932,103002,completed,512,3,0.7604156453360007,0.25799291550846437,0.018662541583263997,0.8375833430355845,0.26713696100583784,20.0,0.8376363671450558,0.27004216588054
4,753,40d2f60f7b01b721909df18cdd26cc0bda1e28ef62dd47bb3bc9b7acfaa1fbc4,4b74724c4225fcfe043fdd749fb740fff4cf33c8,0.0024863083062164225,0.006951098286372807,3,cuda,1.0,8,0.5,learned_mixture,0.9332369912805552,64,standard normal at finite u_max,finite,learned,0.6108064800201661,0.1676927500314488,tail,3.05175783501541e-05,0.0049208663403987885,32768,151160320,0.029587041324660696,0.6108064124461887,0.16769275003144868,0.029587058139154493,0.7494840834048382,0.1778087228595706,learned/task_033/cell_0753,193,with_replacement,67108864,1.3222176246345043,103003,completed,512,3,0.6121515240507993,0.16819826124100737,0.03131443065716452,0.7480958269184941,0.17767939896047402,20.0,0.7494840834048382,0.1778086795214698
4,793,40d2f60f7b01b721909df18cdd26cc0bda1e28ef62dd47bb3bc9b7acfaa1fbc4,4b74724c4225fcfe043fdd749fb740fff4cf33c8,0.00227140267812302,0.0072366588622508,4,cuda,1.0,8,0.5,learned_mixture,0.9124080453635469,64,standard normal at finite u_max,finite,learned,0.5412639833931706,0.1995935462123455,tail,3.051757829422531e-05,0.005431951954960823,32768,151160320,0.10501347029201531,0.5412639419198669,0.19959354621234568,0.10501351320796526,0.6556924298857612,0.20669123582107632,learned/task_033/cell_0793,172,with_replacement,67108864,1.3128263745456934,103004,completed,512,3,0.5410263049920789,0.20130290607740026,0.10659488414685607,0.6548723696447556,0.2080590850115817,20.0,0.6556924298857613,0.20669125896742643
4,833,4f8f7d024dee2ba1d205fcf59f39c4f32d87524ab703a9051d4ad4e7ca38f59f,4b74724c4225fcfe043fdd749fb740fff4cf33c8,0.006599843684422851,0.008593370840015643,0,cuda,1.0,8,0.5,learned_mixture,0.49507249338998954,64,standard normal at finite u_max,finite,learned,0.7231554826362179,0.21379569614390603,tail,3.0517581457794266e-05,0.004931755363941193,32768,151160320,0.16845531060514812,0.7231553687053935,0.21379569614390603,0.1684553266892143,0.7185277468844429,0.21967154063312977,learned/task_033/cell_0833,190,with_replacement,67108864,1.3217699956148863,104000,completed,512,4,0.7302696734506777,0.22052228950682992,0.16628431544951533,0.7172426344471399,0.22650452950366018,20.0,0.7185277468844429,0.21967115452346625
4,873,4f8f7d024dee2ba1d205fcf59f39c4f32d87524ab703a9051d4ad4e7ca38f59f,4b74724c4225fcfe043fdd749fb740fff4cf33c8,0.0024914817357353774,0.006621990432879198,1,cuda,1.0,8,0.5,learned_mixture,0.9159478762478946,64,standard normal at finite u_max,finite,learned,0.5937286094875143,0.20724357039904887,tail,3.051757850501807e-05,0.004941454157233238,32768,151160320,0.02644842226983872,0.5937285703087043,0.20724357039904817,0.026448445923353506,0.6719932988748631,0.21572651579603197,learned/task_033/cell_0873,185,with_replacement,67108864,1.3533419910818338,104001,completed,512,4,0.60033281055708,0.21295939657688967,0.028281037056404945,0.672756650920332,0.22138152455947444,20.0,0.6719932988748629,0.21572650216896516
4,913,4f8f7d024dee2ba1d205fcf59f39c4f32d87524ab703a9051d4ad4e7ca38f59f,4b74724c4225fcfe043fdd749fb740fff4cf33c8,0.004006415909999863,0.009093963392755176,2,cuda,1.0,8,0.5,learned_mixture,0.9064370357019739,64,standard normal at finite u_max,finite,learned,0.6466179612629164,0.20369633809710647,tail,3.051757812503556e-05,0.004934912547469139,32768,151160320,0.018195063687617988,0.6466179412473763,0.20369633809710713,0.018195079922372487,0.6948573956126245,0.21560606268944485,learned/task_033/cell_0913,198,with_replacement,67108864,1.3288972973823547,104002,completed,512,4,0.6582783610807597,0.2112106625612687,0.018662541583263997,0.6951322422347302,0.22247535403261015,20.0,0.6948573956126248,0.21560578895850246
4,953,4f8f7d024dee2ba1d205fcf59f39c4f32d87524ab703a9051d4ad4e7ca38f59f,4b74724c4225fcfe043fdd749fb740fff4cf33c8,0.004622437188969399,0.008134641249056006,3,cuda,1.0,8,0.5,learned_mixture,0.9316936281037942,64,standard normal at finite u_max,finite,learned,0.6140697575898595,0.17572123032690756,tail,3.051757812527062e-05,0.004890944808721542,32768,151160320,0.010398250994501756,0.614069656661989,0.17572123032690673,0.010398266980742255,0.6224758157538206,0.18436220409101667,learned/task_033/cell_0953,193,with_replacement,67108864,1.3303025364875793,104003,completed,512,4,0.6288722244188355,0.18332680458655157,0.01080787673185564,0.6223659768054501,0.19081883724402768,20.0,0.6224758157538203,0.18436213305945554
4,993,4f8f7d024dee2ba1d205fcf59f39c4f32d87524ab703a9051d4ad4e7ca38f59f,4b74724c4225fcfe043fdd749fb740fff4cf33c8,0.001955632727284397,0.005593964732646297,4,cuda,1.0,8,0.5,learned_mixture,0.9291346770587903,64,standard normal at finite u_max,finite,learned,0.65630592317582,0.20606579414314627,tail,3.0517580565199166e-05,0.005210002884268761,32768,151160320,0.09407461480710644,0.6563058903102539,0.20606579414314607,0.09407465927290813,0.7595363457596827,0.21760731004278938,learned/task_033/cell_0993,171,with_replacement,67108864,1.3125859685242176,104004,completed,512,4,0.6554195873016055,0.2084300144025861,0.09433414141093263,0.7608732941870279,0.2200541855503906,20.0,0.7595363457596827,0.21760718444440966
4,34,ce9344dce5f56b4cda176bcdb36371f48911618aa600da1465617419b4995b69,4b74724c4225fcfe043fdd749fb740fff4cf33c8,0.0028252357371008965,0.006935223527859486,0,cuda,1.0,8,0.5,learned_mixture,0.6377359202676929,64,standard normal at finite u_max,finite,learned,0.5407176816330895,0.14614277272269677,tail,3.0517710427448145e-05,2.081865768879652,32768,167937536,0.16576881816926517,0.5407175901700136,0.14614277272269643,0.1657688343330202,0.5621613890724624,0.15066368728427393,learned/task_034/cell_0034,191,without_replacement,67108864,1.4909258745610714,100000,completed,512,0,0.5442225758900914,0.1472084718634904,0.16443110036494593,0.5600740232805308,0.15138799724625837,20.0,0.5621613890724619,0.15066356603788003
4,74,ce9344dce5f56b4cda176bcdb36371f48911618aa600da1465617419b4995b69,4b74724c4225fcfe043fdd749fb740fff4cf33c8,0.0031327639220031524,0.008543432645274154,1,cuda,1.0,8,0.5,learned_mixture,0.5722717544657736,64,standard normal at finite u_max,finite,learned,0.5279613410538153,0.15193875246818284,tail,3.0517901505252054e-05,0.0053949542343616486,32768,167937536,0.016544398066205546,0.5279612469575564,0.15193875246818261,0.016544422803506504,0.5691276135717336,0.15651693666039135,learned/task_034/cell_0074,178,without_replacement,67108864,1.4815640710294247,100001,completed,512,0,0.5080693613739808,0.14465661501334892,0.01792095990212388,0.5716706278623227,0.15046430447656953,20.0,0.5691276135717335,0.15651658728823697
4,114,ce9344dce5f56b4cda176bcdb36371f48911618aa600da1465617419b4995b69,4b74724c4225fcfe043fdd749fb740fff4cf33c8,0.003926622494122266,0.009452954527715437,2,cuda,1.0,8,0.5,learned_mixture,0.9325446398833236,64,standard normal at finite u_max,finite,learned,0.619457995943271,0.17955010405810262,tail,3.0520259366920925e-05,0.005503900349140167,32768,167937536,0.016553556636304687,0.6194579349604199,0.17955010405810273,0.016553572606499797,0.6818935913115132,0.1894576856848898,learned/task_034/cell_0114,192,without_replacement,67108864,1.4859767965972424,100002,completed,512,0,0.6207607641107914,0.17844119791727853,0.018662541583263997,0.6817115977699966,0.18771636709253972,20.0,0.6818935913115134,0.18945769492535416
4,154,ce9344dce5f56b4cda176bcdb36371f48911618aa600da1465617419b4995b69,4b74724c4225fcfe043fdd749fb740fff4cf33c8,0.0027986719875642647,0.007205152797460447,3,cuda,1.0,8,0.5,learned_mixture,0.5210294509015432,64,standard normal at finite u_max,finite,learned,0.5378684271244989,0.1378709583512794,tail,3.0518668920333724e-05,0.004942312836647034,32768,167937536,0.009370237032588768,0.5378683743031387,0.13787095835127944,0.009370227313445445,0.6404081115617294,0.14682956535146927,learned/task_034/cell_0154,191,without_replacement,67108864,1.4839722514152527,100003,completed,512,0,0.5523072233678121,0.14353119371210118,0.008715466320036003,0.6398458816544877,0.15114018293646136,20.0,0.6404081115617295,0.14682953060768775
4,194,ce9344dce5f56b4cda176bcdb36371f48911618aa600da1465617419b4995b69,4b74724c4225fcfe043fdd749fb740fff4cf33c8,0.002687338167482128,0.007978785205756601,4,cuda,1.0,8,0.5,learned_mixture,0.9345804809663565,64,standard normal at finite u_max,finite,learned,0.5891996624460643,0.17858731631728564,tail,3.051777897996498e-05,0.005214430391788483,32768,167937536,0.1303219315193821,0.5891996362626081,0.17858731631728567,0.13032196414137281,0.7475490824820434,0.18516671111478938,learned/task_034/cell_0194,169,without_replacement,67108864,1.4766058586537838,100004,completed,512,0,0.5989826770533535,0.18350420785191476,0.14153025385114604,0.7484019648194765,0.18910903073129415,20.0,0.7475490824820433,0.1851664328362534
4,234,642c9ac8b37cc879a46c5dc332c9d99eb4ae9d0bd2c4b38a1ce3bbe1af22951a,4b74724c4225fcfe043fdd749fb740fff4cf33c8,0.0011971563116745477,0.0050562118031681385,0,cuda,1.0,8,0.5,learned_mixture,0.6590116690786804,64,standard normal at finite u_max,finite,learned,0.4607608300830962,0.1279991096872498,tail,3.052137953615077e-05,0.004946477711200714,32768,167937536,0.11948279060717457,0.4607608345938935,0.12799910968725006,0.11948280644713209,0.4860356116233475,0.13654128763824525,learned/task_034/cell_0234,188,without_replacement,67108864,1.4836771674454212,101000,completed,512,1,0.4647603029483882,0.12895686182825022,0.11847245819294314,0.4866315078531393,0.13702991715426846,20.0,0.48603561162334774,0.1365414193787151
4,274,642c9ac8b37cc879a46c5dc332c9d99eb4ae9d0bd2c4b38a1ce3bbe1af22951a,4b74724c4225fcfe043fdd749fb740fff4cf33c8,0.00040516035784547694,0.0024677534059699938,1,cuda,1.0,8,0.5,learned_mixture,0.6754488560828262,64,standard normal at finite u_max,finite,learned,0.4647353203058371,0.12094363409402747,tail,3.052088985333046e-05,0.004859063774347305,32768,167937536,0.012951738315463856,0.46473529365681876,0.12094363409402722,0.01295176152538194,0.5611809673790311,0.13076822575428387,learned/task_034/cell_0274,179,without_replacement,67108864,1.480548407882452,101001,completed,512,1,0.4627017484502137,0.12046394705777254,0.01322232121192238,0.5576234286982586,0.1308721655156136,20.0,0.5611809673790309,0.1307683118548298
4,314,642c9ac8b37cc879a46c5dc332c9d99eb4ae9d0bd2c4b38a1ce3bbe1af22951a,4b74724c4225fcfe043fdd749fb740fff4cf33c8,0.0007229835942113664,0.0034079489609741345,2,cuda,1.0,8,0.5,learned_mixture,0.9277141217491801,64,standard normal at finite u_max,finite,learned,0.6115726099121425,0.18907002595755973,tail,3.0517625807317926e-05,0.005214020609855652,32768,167937536,0.019114704653361,0.6115725964731444,0.1890700259575598,0.01911472092186163,0.7501238188686189,0.2009105449948489,learned/task_034/cell_0314,192,without_replacement,67108864,1.4869815707206726,101002,completed,512,1,0.6106893427001779,0.18875888793387588,0.018508850915955527,0.7477826770428734,0.20032454762131388,20.0,0.7501238188686188,0.20091041101305718
4,354,642c9ac8b37cc879a46c5dc332c9d99eb4ae9d0bd2c4b38a1ce3bbe1af22951a,4b74724c4225fcfe043fdd749fb740fff4cf33c8,0.001004503570822806,0.004178348532304494,3,cuda,1.0,8,0.5,learned_mixture,0.5967408676736095,64,standard normal at finite u_max,finite,learned,0.45550017459296954,0.11371263548684836,tail,3.0517605058681624e-05,0.0048878006637096405,32768,167937536,0.0745339743009308,0.45550013172626624,0.11371263548684804,0.07453396481577082,0.46819194084248644,0.11910580863926178,learned/task_034/cell_0354,191,without_replacement,67108864,1.4852948673069477,101003,completed,512,1,0.45698921650142343,0.11466771653893951,0.07604002075509123,0.4636796179886249,0.1191190619808018,20.0,0.4681919408424865,0.11910603785478605
4,394,642c9ac8b37cc879a46c5dc332c9d99eb4ae9d0bd2c4b38a1ce3bbe1af22951a,4b74724c4225fcfe043fdd749fb740fff4cf33c8,0.0006131069801803629,0.0032771669854831285,4,cuda,1.0,8,0.5,learned_mixture,0.4630180842582325,64,standard normal at finite u_max,finite,learned,0.5513796081000414,0.17043875333823827,tail,3.051758059237575e-05,0.004867535084486008,32768,167937536,0.11107907383005365,0.5513795810693286,0.1704387533382385,0.1110791186811609,0.6758051853629596,0.1789866368221541,learned/task_034/cell_0394,168,without_replacement,67108864,1.479724120348692,101004,completed,512,1,0.5522305803702513,0.1692048654738582,0.11129479825703852,0.6763119934550823,0.17756722828851534,20.0,0.6758051853629599,0.17898671900058424
4,434,4ad56f1f2de8ac7e99a997dc798fcc9a82d5e41bcaa01483fa8161ba24fa2737,4b74724c4225fcfe043fdd749fb740fff4cf33c8,0.0052559934306067365,0.01036463721399505,0,cuda,1.0,8,0.5,learned_mixture,0.565257653995833,64,standard normal at finite u_max,finite,learned,0.583382842967603,0.15955479039626375,tail,3.051765447401419e-05,0.004844937473535538,32768,167937536,0.16036517545257534,0.5833827616565498,0.1595547903962642,0.16036519134032812,0.6401874150844815,0.16679647127073288,learned/task_034/cell_0434,185,without_replacement,67108864,1.4819580167531967,102000,completed,512,2,0.5896115289544022,0.15944023013890954,0.16063144779495137,0.6465378523952996,0.16642832843161853,20.0,0.6401874150844817,0.1667968697491888
4,474,4ad56f1f2de8ac7e99a997dc798fcc9a82d5e41bcaa01483fa8161ba24fa2737,4b74724c4225fcfe043fdd749fb740fff4cf33c8,0.0018151949635398178,0.005414618441327316,1,cuda,1.0,8,0.5,learned_mixture,0.5950905409412028,64,standard normal at finite u_max,finite,learned,0.561533332971704,0.15008101568336008,tail,3.0517578719247314e-05,0.005162537097930908,32768,167937536,0.006890727992647949,0.561533232814609,0.15008101568336013,0.006890726768098432,0.5093383395004927,0.1526357687234523,learned/task_034/cell_0474,178,without_replacement,67108864,1.4796695709228516,102001,completed,512,2,0.5571601061755201,0.1479125703385734,0.009860100989228848,0.5159139651464388,0.15032666898820662,20.0,0.5093383395004927,0.1526357313284501
4,514,4ad56f1f2de8ac7e99a997dc798fcc9a82d5e41bcaa01483fa8161ba24fa2737,4b74724c4225fcfe043fdd749fb740fff4cf33c8,0.0045799261192538574,0.00855508519078491,2,cuda,1.0,8,0.5,learned_mixture,0.505883994115283,64,standard normal at finite u_max,finite,learned,0.600263284943917,0.15851948279036837,tail,3.0517579813534336e-05,0.004868067800998688,32768,167937536,0.020789633629468063,0.6002632538504993,0.15851948279036832,0.02078965027286686,0.8022290753334755,0.1712727281852164,learned/task_034/cell_0514,191,without_replacement,67108864,1.485919900238514,102002,completed,512,2,0.61020421717682,0.15898390789494218,0.018599401295823687,0.80494544100196,0.16951728204831082,20.0,0.8022290753334755,0.17127274064989326
4,554,4ad56f1f2de8ac7e99a997dc798fcc9a82d5e41bcaa01483fa8161ba24fa2737,4b74724c4225fcfe043fdd749fb740fff4cf33c8,0.0037311204756490042,0.008164491969018741,3,cuda,1.0,8,0.5,learned_mixture,0.9353157635771476,64,standard normal at finite u_max,finite,learned,0.5275370800138625,0.15388959195541527,tail,3.05178717008696e-05,0.004890773445367813,32768,167937536,0.03204931737103546,0.5275370114895291,0.15388959195541554,0.03204933166441651,0.5423857345461103,0.1600962176778694,learned/task_034/cell_0554,190,without_replacement,67108864,1.4854850210249424,102003,completed,512,2,0.512546012456988,0.14657701404336654,0.02674693040163903,0.5497825066301236,0.15499986210962519,20.0,0.5423857345461106,0.16009639834558043
4,594,4ad56f1f2de8ac7e99a997dc798fcc9a82d5e41bcaa01483fa8161ba24fa2737,4b74724c4225fcfe043fdd749fb740fff4cf33c8,0.005213112207682889,0.009509889358984395,4,cuda,1.0,8,0.5,learned_mixture,0.5318147683772064,64,standard normal at finite u_max,finite,learned,0.5696923903784389,0.16064612959756594,tail,3.0517601773928315e-05,0.004854489117860794,32768,167937536,0.08811324239407213,0.5696922715391488,0.16064612959756602,0.08811326968347145,0.6916395018283772,0.16669720500596247,learned/task_034/cell_0594,168,without_replacement,67108864,1.480842623859644,102004,completed,512,2,0.5606712622998344,0.15436950550039996,0.07993921288166132,0.6990166668650281,0.16172742675196417,20.0,0.6916395018283772,0.1666971079074499
4,634,40d2f60f7b01b721909df18cdd26cc0bda1e28ef62dd47bb3bc9b7acfaa1fbc4,4b74724c4225fcfe043fdd749fb740fff4cf33c8,0.0032922377209488557,0.007232242886468695,0,cuda,1.0,8,0.5,learned_mixture,0.6703265136093508,64,standard normal at finite u_max,finite,learned,0.4462050380926677,0.12442471999092047,tail,3.05650224513235e-05,0.005302514880895615,32768,167937536,0.06498334925532154,0.44620495617650763,0.12442471999092025,0.06498336502126582,0.39369750104867246,0.1303667217124403,learned/task_034/cell_0634,188,without_replacement,67108864,1.4855072721838951,103000,completed,512,3,0.44707334671749444,0.12584657942440805,0.0645178938634671,0.39168586247080334,0.13092728834940576,20.0,0.39369750104867224,0.1303665117211585
4,674,40d2f60f7b01b721909df18cdd26cc0bda1e28ef62dd47bb3bc9b7acfaa1fbc4,4b74724c4225fcfe043fdd749fb740fff4cf33c8,0.0031951309352244283,0.0080692700576677,1,cuda,1.0,8,0.5,learned_mixture,0.6667798435082923,64,standard normal at finite u_max,finite,learned,0.4524711209686818,0.11957327325186644,tail,3.051763206882541e-05,0.0048662275075912476,32768,167937536,0.024268064145006457,0.4524710988212748,0.11957327325186637,0.024268088516795516,0.4400841081033086,0.1273792520081615,learned/task_034/cell_0674,182,without_replacement,67108864,1.4834792390465736,103001,completed,512,3,0.453749666476052,0.11828617879364367,0.026640427669815503,0.437716136759639,0.12491937416214101,20.0,0.4400841081033086,0.12737905582270528
4,714,40d2f60f7b01b721909df18cdd26cc0bda1e28ef62dd47bb3bc9b7acfaa1fbc4,4b74724c4225fcfe043fdd749fb740fff4cf33c8,0.005056220007114127,0.010222160344392684,2,cuda,1.0,8,0.5,learned_mixture,0.5335118175175457,64,standard normal at finite u_max,finite,learned,0.5258598727648615,0.1447888134510512,tail,3.0517623939337106e-05,0.004904638975858688,32768,167937536,0.01674860042180633,0.5258598744375051,0.1447888134510512,0.016748616356968962,0.6584925405426924,0.15694210221603883,learned/task_034/cell_0714,190,without_replacement,67108864,1.4779308661818504,103002,completed,512,3,0.5299275658207656,0.1431693475997402,0.018657630421013788,0.6582467426626927,0.15631392356313628,20.0,0.6584925405426924,0.1569423002562568
4,754,40d2f60f7b01b721909df18cdd26cc0bda1e28ef62dd47bb3bc9b7acfaa1fbc4,4b74724c4225fcfe043fdd749fb740fff4cf33c8,0.0024863083062164225,0.006951098286372807,3,cuda,1.0,8,0.5,learned_mixture,0.5509908758078047,64,standard normal at finite u_max,finite,learned,0.4557914515235928,0.1240253719029712,tail,3.053361548423044e-05,0.004882462322711945,32768,167937536,0.004144520680518918,0.45579145088027573,0.12402537190297111,0.004144537495012743,0.4558064416165254,0.12987213139913897,learned/task_034/cell_0754,189,without_replacement,67108864,1.4797740541398525,103003,completed,512,3,0.4588632351504851,0.12575915305531643,0.005871910013022744,0.45348174075423464,0.1316350568991776,20.0,0.4558064416165254,0.1298718887557576
4,794,40d2f60f7b01b721909df18cdd26cc0bda1e28ef62dd47bb3bc9b7acfaa1fbc4,4b74724c4225fcfe043fdd749fb740fff4cf33c8,0.00227140267812302,0.0072366588622508,4,cuda,1.0,8,0.5,learned_mixture,0.5319538564361642,64,standard normal at finite u_max,finite,learned,0.5903739594649514,0.17465633322620794,tail,3.051757813318529e-05,0.004834003746509552,32768,167937536,0.12469649608816087,0.5903738406178964,0.17465633322620783,0.12469652797946197,0.6861090486783818,0.17726436157621223,learned/task_034/cell_0794,167,without_replacement,67108864,1.4697774648666382,103004,completed,512,3,0.5954829521176946,0.17808768174602083,0.1328133129484629,0.685636117629095,0.18036581283572833,20.0,0.6861090486783818,0.17726404815228425
4,834,4f8f7d024dee2ba1d205fcf59f39c4f32d87524ab703a9051d4ad4e7ca38f59f,4b74724c4225fcfe043fdd749fb740fff4cf33c8,0.006599843684422851,0.008593370840015643,0,cuda,1.0,8,0.5,learned_mixture,0.6554181206251332,64,standard normal at finite u_max,finite,learned,0.5833517645542888,0.15894321594833125,tail,3.052019725810216e-05,0.005217608064413071,32768,167937536,0.14457520715926486,0.5833516263657984,0.1589432159483312,0.14457522324333105,0.5388377086744782,0.16153510112568434,learned/task_034/cell_0834,188,without_replacement,67108864,1.4780595675110817,104000,completed,512,4,0.5899145080035757,0.16388551183261366,0.14240421200363207,0.5387742318464753,0.1670225438023382,20.0,0.5388377086744781,0.1615350115243328
4,874,4f8f7d024dee2ba1d205fcf59f39c4f32d87524ab703a9051d4ad4e7ca38f59f,4b74724c4225fcfe043fdd749fb740fff4cf33c8,0.0024914817357353774,0.006621990432879198,1,cuda,1.0,8,0.5,learned_mixture,0.6468065882206874,64,standard normal at finite u_max,finite,learned,0.5290048471201122,0.14631166653895233,tail,3.051780561886054e-05,0.00488397479057312,32768,167937536,0.03741746743149696,0.5290047143162437,0.14631166653895217,0.0374174910850118,0.42878679571077627,0.14771288906027916,learned/task_034/cell_0874,178,without_replacement,67108864,1.4743903800845146,104001,completed,512,4,0.5385320008043883,0.1518833132625928,0.039250082218063184,0.43086990752079735,0.1532497114788169,20.0,0.42878679571077616,0.14771282899074195
4,914,4f8f7d024dee2ba1d205fcf59f39c4f32d87524ab703a9051d4ad4e7ca38f59f,4b74724c4225fcfe043fdd749fb740fff4cf33c8,0.004006415909999863,0.009093963392755176,2,cuda,1.0,8,0.5,learned_mixture,0.9303846626431665,64,standard normal at finite u_max,finite,learned,0.6394669945602973,0.18230580592816056,tail,3.051757849695638e-05,0.004908695816993713,32768,167937536,0.018068135108819758,0.6394669178815566,0.18230580592816065,0.01806815134357384,0.6702247376497978,0.19401413740663973,learned/task_034/cell_0914,193,without_replacement,67108864,1.4852030277252197,104002,completed,512,4,0.6456980420634836,0.1873762625705072,0.018535613004465767,0.670298202052742,0.19867302578437906,20.0,0.670224737649798,0.19401373540947997
4,954,4f8f7d024dee2ba1d205fcf59f39c4f32d87524ab703a9051d4ad4e7ca38f59f,4b74724c4225fcfe043fdd749fb740fff4cf33c8,0.004622437188969399,0.008134641249056006,3,cuda,1.0,8,0.5,learned_mixture,0.6179639315799315,64,standard normal at finite u_max,finite,learned,0.5288046750927677,0.1347177864983664,tail,3.0522802690219316e-05,0.004873495548963547,32768,167937536,0.054668107928470114,0.5288045774134371,0.13471778649836633,0.05466809759920167,0.5369226330608748,0.1358878290889605,learned/task_034/cell_0954,190,without_replacement,67108864,1.482391867786646,104003,completed,512,4,0.5357106633701596,0.13848378579028708,0.054378226302470495,0.537361809692842,0.13980312769959022,20.0,0.5369226330608748,0.13588751916281425
4,994,4f8f7d024dee2ba1d205fcf59f39c4f32d87524ab703a9051d4ad4e7ca38f59f,4b74724c4225fcfe043fdd749fb740fff4cf33c8,0.001955632727284397,0.005593964732646297,4,cuda,1.0,8,0.5,learned_mixture,0.5720744005213176,64,standard normal at finite u_max,finite,learned,0.45361507121263633,0.14198927616414592,tail,3.0517579594871554e-05,0.005285777151584625,32768,167937536,0.09874797425017562,0.45361504466794156,0.14198927616414575,0.09874801871597728,0.5609749999018991,0.14835663933725957,learned/task_034/cell_0994,166,without_replacement,67108864,1.4736348055303097,104004,completed,512,4,0.45237827297040656,0.14456797590551226,0.0990075008540018,0.5629012143582883,0.1513217226000466,20.0,0.560974999901899,0.1483565340222169
4,35,ce9344dce5f56b4cda176bcdb36371f48911618aa600da1465617419b4995b69,4b74724c4225fcfe043fdd749fb740fff4cf33c8,0.0028252357371008965,0.006935223527859486,0,cuda,1.0,8,0.5,learned_mixture,0.854530372931933,64,standard normal at finite u_max,finite,learned,0.0539779489298807,0.009306037773289564,full,0.3287023022315563,2.102074846625328,32768,1349694976,0.015198910590258928,0.05397812354721042,0.00930603777328954,0.015198952382147201,0.17454455165701238,0.013189573323777543,learned/task_035/cell_0035,99,with_replacement,4294967296,26.08773635700345,100000,completed,2048,0,0.06459652679492106,0.012375135259293735,0.01776357680316836,0.17124621426844522,0.016149252069863586,20.0,0.17454455165701227,0.013189625269139079
4,75,ce9344dce5f56b4cda176bcdb36371f48911618aa600da1465617419b4995b69,4b74724c4225fcfe043fdd749fb740fff4cf33c8,0.0031327639220031524,0.008543432645274154,1,cuda,1.0,8,0.5,learned_mixture,0.5957907694514473,64,standard normal at finite u_max,finite,learned,0.06325142607738521,0.01345862754857696,full,0.3646588290468466,0.00555773451924324,32768,1349694976,0.0055416869863076645,0.06325160884200806,0.013458627548576988,0.0055416856444657344,0.1751390171539802,0.015051195362858354,learned/task_035/cell_0075,95,with_replacement,4294967296,26.096827920526266,100001,completed,2048,0,0.050699155957781766,0.009539037087506282,0.003844686470584696,0.17513262393505957,0.012634470913019858,20.0,0.1751390171539803,0.015051456175582454
4,115,ce9344dce5f56b4cda176bcdb36371f48911618aa600da1465617419b4995b69,4b74724c4225fcfe043fdd749fb740fff4cf33c8,0.003926622494122266,0.009452954527715437,2,cuda,1.0,8,0.5,learned_mixture,0.9049573507315118,64,standard normal at finite u_max,finite,learned,0.06209975481045328,0.01260327026659007,full,0.3418753674595089,0.005569737404584885,32768,1349694976,0.0018564177894396378,0.06209988622532173,0.012603270266589597,0.0018564036936792871,0.18155883585374422,0.014376010104818447,learned/task_035/cell_0115,96,with_replacement,4294967296,26.098808255046606,100002,completed,2048,0,0.0532825651125643,0.009765074057620499,0.0005283394995097834,0.1805612166245656,0.01305700469647403,20.0,0.18155883585374388,0.014376219832842485
4,155,ce9344dce5f56b4cda176bcdb36371f48911618aa600da1465617419b4995b69,4b74724c4225fcfe043fdd749fb740fff4cf33c8,0.0027986719875642647,0.007205152797460447,3,cuda,1.0,8,0.5,learned_mixture,0.8112629328779277,64,standard normal at finite u_max,finite,learned,0.06622895434668177,0.015154048878798046,full,0.303995495574036,0.0055876560509204865,32768,1349694976,0.0032864789629464242,0.06622902703653177,0.015154048878798189,0.0032864954513892714,0.12528362863379575,0.01638812040694159,learned/task_035/cell_0155,96,with_replacement,4294967296,26.08457326889038,100003,completed,2048,0,0.08055578915261989,0.01932707143090951,0.003683358152101327,0.12476612820106825,0.020336559589428586,20.0,0.12528362863379594,0.016387757727227732
4,195,ce9344dce5f56b4cda176bcdb36371f48911618aa600da1465617419b4995b69,4b74724c4225fcfe043fdd749fb740fff4cf33c8,0.002687338167482128,0.007978785205756601,4,cuda,1.0,8,0.5,learned_mixture,0.9965361498343632,64,standard normal at finite u_max,finite,learned,0.07413421441223592,0.015810709283075267,full,0.339925924337355,0.0052045732736587524,32768,1349694976,0.017946830054883216,0.0741343609666438,0.01581070928307551,0.017946848465546564,0.1898365480836275,0.018837195440898083,learned/task_035/cell_0195,92,with_replacement,4294967296,26.110105581581593,100004,completed,2048,0,0.07755027897317582,0.016946805865323888,0.017622428833821837,0.19286037027939185,0.019658234624107207,20.0,0.18983654808362765,0.018837360871797285
4,235,642c9ac8b37cc879a46c5dc332c9d99eb4ae9d0bd2c4b38a1ce3bbe1af22951a,4b74724c4225fcfe043fdd749fb740fff4cf33c8,0.0011971563116745477,0.0050562118031681385,0,cuda,1.0,8,0.5,learned_mixture,0.6759041153504052,64,standard normal at finite u_max,finite,learned,0.06026873401114453,0.012723072160208414,full,0.34884943262704204,0.005565430968999863,32768,1349694976,0.01700264393761519,0.060268937396762534,0.012723072160208432,0.01700266697924159,0.16738453323660457,0.01600444864081012,learned/task_035/cell_0235,95,with_replacement,4294967296,26.080260649323463,101000,completed,2048,1,0.06348076550378459,0.014203933299866876,0.017434690516854895,0.1636872444056916,0.016376575960228002,20.0,0.16738453323660452,0.016004637028278052
4,275,642c9ac8b37cc879a46c5dc332c9d99eb4ae9d0bd2c4b38a1ce3bbe1af22951a,4b74724c4225fcfe043fdd749fb740fff4cf33c8,0.00040516035784547694,0.0024677534059699938,1,cuda,1.0,8,0.5,learned_mixture,0.9168488669034107,64,standard normal at finite u_max,finite,learned,0.051870207975588174,0.010642543802023617,full,0.3518789425619425,0.005530167371034622,32768,1349694976,0.005707433026749674,0.05187037717795235,0.010642543802023596,0.00570745623666776,0.1345940166523339,0.013776024840216743,learned/task_035/cell_0275,93,with_replacement,4294967296,26.08045967295766,101001,completed,2048,1,0.05222642994801277,0.010665487914878086,0.005978015923208198,0.13112625107156695,0.013911993593294755,20.0,0.13459401665233367,0.013775922718079224
4,315,642c9ac8b37cc879a46c5dc332c9d99eb4ae9d0bd2c4b38a1ce3bbe1af22951a,4b74724c4225fcfe043fdd749fb740fff4cf33c8,0.0007229835942113664,0.0034079489609741345,2,cuda,1.0,8,0.5,learned_mixture,0.9997584903674825,64,standard normal at finite u_max,finite,learned,0.08530161408456022,0.01984382819491736,full,0.3118896483121641,0.0052398815751075745,32768,1349694976,0.0057931808490258585,0.08530169628574555,0.019843828194916795,0.005793197117526502,0.16953126805524427,0.020364460081037348,learned/task_035/cell_0315,104,with_replacement,4294967296,26.073917511850595,101002,completed,2048,1,0.0835871960233393,0.019261211678494435,0.005187327111620385,0.1650475998277962,0.01999684077162656,20.0,0.16953126805524382,0.020364229661279556
4,355,642c9ac8b37cc879a46c5dc332c9d99eb4ae9d0bd2c4b38a1ce3bbe1af22951a,4b74724c4225fcfe043fdd749fb740fff4cf33c8,0.001004503570822806,0.004178348532304494,3,cuda,1.0,8,0.5,learned_mixture,0.8921222849821663,64,standard normal at finite u_max,finite,learned,0.05371941420065718,0.011394631980988525,full,0.35624980635643666,0.005667876452207565,32768,1349694976,0.001940477677537805,0.05371964620001437,0.011394631980988945,0.0019404681923780084,0.14997748878460704,0.01416491297742907,learned/task_035/cell_0355,94,with_replacement,4294967296,26.103153258562088,101003,completed,2048,1,0.0571250875620811,0.01304105710804831,0.0034465241316982338,0.14346121360885636,0.014940819728405828,20.0,0.14997748878460768,0.014164757977975437
4,395,642c9ac8b37cc879a46c5dc332c9d99eb4ae9d0bd2c4b38a1ce3bbe1af22951a,4b74724c4225fcfe043fdd749fb740fff4cf33c8,0.0006131069801803629,0.0032771669854831285,4,cuda,1.0,8,0.5,learned_mixture,0.9077186377343446,64,standard normal at finite u_max,finite,learned,0.10184935767806826,0.02492624777781784,full,0.36737701633563646,0.005166422575712204,32768,1349694976,0.044609306979404524,0.1018494261243865,0.024926247777817524,0.04460930648002312,0.1604710270622313,0.02544932054843169,learned/task_035/cell_0395,95,with_replacement,4294967296,26.09806091710925,101004,completed,2048,1,0.0980532149005714,0.02370048465794589,0.04662903425795787,0.15990069476176738,0.024128448230292615,20.0,0.16047102706223076,0.025449504168967543
4,435,4ad56f1f2de8ac7e99a997dc798fcc9a82d5e41bcaa01483fa8161ba24fa2737,4b74724c4225fcfe043fdd749fb740fff4cf33c8,0.0052559934306067365,0.01036463721399505,0,cuda,1.0,8,0.5,learned_mixture,0.5212717922055986,64,standard normal at finite u_max,finite,learned,0.14200704317037843,0.03637080377107839,full,0.3480375693713322,0.005453672260046005,32768,1349694976,0.05713592780128625,0.14200716343870168,0.0363708037710786,0.057135906454771915,0.18711128802264593,0.03713368593674793,learned/task_035/cell_0435,101,with_replacement,4294967296,26.106443032622337,102000,completed,2048,2,0.13308562658426007,0.034079454203537425,0.060923209530955244,0.19336879530312162,0.035371205504348364,20.0,0.1871112880226461,0.037133524036669766
4,475,4ad56f1f2de8ac7e99a997dc798fcc9a82d5e41bcaa01483fa8161ba24fa2737,4b74724c4225fcfe043fdd749fb740fff4cf33c8,0.0018151949635398178,0.005414618441327316,1,cuda,1.0,8,0.5,learned_mixture,0.5601780321504973,64,standard normal at finite u_max,finite,learned,0.05372707167163435,0.009139903892990528,full,0.3262699653737461,0.0057690441608428955,32768,1349694976,0.00730248748895715,0.053727248154377176,0.009139903892990383,0.007302509986045551,0.1650945519904533,0.013328996291196632,learned/task_035/cell_0475,96,with_replacement,4294967296,26.07768090814352,102001,completed,2048,2,0.05028842940093909,0.007721999009797873,0.0057869155585648655,0.17742829913573627,0.01276282385538089,20.0,0.16509455199045317,0.013329471563636822
4,515,4ad56f1f2de8ac7e99a997dc798fcc9a82d5e41bcaa01483fa8161ba24fa2737,4b74724c4225fcfe043fdd749fb740fff4cf33c8,0.0045799261192538574,0.00855508519078491,2,cuda,1.0,8,0.5,learned_mixture,0.8266065532479985,64,standard normal at finite u_max,finite,learned,0.08136529365009655,0.017488521690893405,full,0.3655072760434394,0.00549967959523201,32768,1349694976,0.003990559650957862,0.08136543147418038,0.0174885216908923,0.003990576294356743,0.18172592756514747,0.01969593290604311,learned/task_035/cell_0515,103,with_replacement,4294967296,26.105749290436506,102002,completed,2048,2,0.06045861794433027,0.010817730414295443,0.0018003273173134854,0.19285540187475875,0.015083586866795867,20.0,0.18172592756514666,0.019695864501130693
4,555,4ad56f1f2de8ac7e99a997dc798fcc9a82d5e41bcaa01483fa8161ba24fa2737,4b74724c4225fcfe043fdd749fb740fff4cf33c8,0.0037311204756490042,0.008164491969018741,3,cuda,1.0,8,0.5,learned_mixture,0.7909768579298886,64,standard normal at finite u_max,finite,learned,0.07136299900173253,0.014984390785506986,full,0.3514511109077711,0.005512639880180359,32768,1349694976,0.005132210676871881,0.0713631940149606,0.014984390785507035,0.005132201919848192,0.18337009861475012,0.017861896990024263,learned/task_035/cell_0555,93,with_replacement,4294967296,26.101714935153723,102003,completed,2048,2,0.09569395284569547,0.022230576574418445,0.010621723779380787,0.19554951101564133,0.023431102954486274,20.0,0.1833700986147503,0.017862232044947655
4,595,4ad56f1f2de8ac7e99a997dc798fcc9a82d5e41bcaa01483fa8161ba24fa2737,4b74724c4225fcfe043fdd749fb740fff4cf33c8,0.005213112207682889,0.009509889358984395,4,cuda,1.0,8,0.5,learned_mixture,0.9933765171659291,64,standard normal at finite u_max,finite,learned,0.16727673050735514,0.042205334155243836,full,0.3324094718270754,0.005478695034980774,32768,1349694976,0.06747190069362835,0.16727675906232203,0.042205334155243815,0.06747192106562236,0.18733296169828767,0.04259972010155253,learned/task_035/cell_0595,96,with_replacement,4294967296,26.109513461589813,102004,completed,2048,2,0.16027970266056632,0.03942334148114357,0.06700160902779645,0.2052522401155431,0.04106582859700223,20.0,0.18733296169828786,0.04259980904616802
4,635,40d2f60f7b01b721909df18cdd26cc0bda1e28ef62dd47bb3bc9b7acfaa1fbc4,4b74724c4225fcfe043fdd749fb740fff4cf33c8,0.0032922377209488557,0.007232242886468695,0,cuda,1.0,8,0.5,learned_mixture,0.7996890499431166,64,standard normal at finite u_max,finite,learned,0.07842540918537419,0.016206360582335606,full,0.30160305113582536,0.0054456815123558044,32768,1349694976,0.01819113772440347,0.07842552530885681,0.01620636058233559,0.018191179350427307,0.1811881925323005,0.019956782332501657,learned/task_035/cell_0635,95,with_replacement,4294967296,26.10844325274229,103000,completed,2048,3,0.0836651463139142,0.01762822001582319,0.019174798413641773,0.17812362512424154,0.02135291934406803,20.0,0.18118819253230045,0.019956787317093196
4,675,40d2f60f7b01b721909df18cdd26cc0bda1e28ef62dd47bb3bc9b7acfaa1fbc4,4b74724c4225fcfe043fdd749fb740fff4cf33c8,0.0031951309352244283,0.0080692700576677,1,cuda,1.0,8,0.5,learned_mixture,0.9177787532598896,64,standard normal at finite u_max,finite,learned,0.07175463721838927,0.01643271895494631,full,0.359837343591753,0.005591236054897308,32768,1349694976,0.0028120403461094528,0.07175476020346486,0.016432718954945996,0.002812038429705643,0.17540898396669868,0.017936972821260985,learned/task_035/cell_0675,95,with_replacement,4294967296,26.064639814198017,103001,completed,2048,3,0.06234920686007704,0.013682898855351816,0.001329474582011843,0.17249234038110212,0.015998479554256477,20.0,0.17540898396669824,0.01793679607171772
4,715,40d2f60f7b01b721909df18cdd26cc0bda1e28ef62dd47bb3bc9b7acfaa1fbc4,4b74724c4225fcfe043fdd749fb740fff4cf33c8,0.005056220007114127,0.010222160344392684,2,cuda,1.0,8,0.5,learned_mixture,0.5316023879960169,64,standard normal at finite u_max,finite,learned,0.07076110185218026,0.015918306883852717,full,0.37097532044974846,0.005278684198856354,32768,1349694976,0.001799193205301211,0.07076118186059802,0.015918306883852366,0.0017992091404638866,0.15571602041842103,0.017320641712775278,learned/task_035/cell_0715,96,with_replacement,4294967296,26.07300464436412,103002,completed,2048,3,0.07544413354245966,0.016968762712467805,0.0037082232045086705,0.1545766906302596,0.019162577796787227,20.0,0.15571602041842073,0.01732081091816132
4,755,40d2f60f7b01b721909df18cdd26cc0bda1e28ef62dd47bb3bc9b7acfaa1fbc4,4b74724c4225fcfe043fdd749fb740fff4cf33c8,0.0024863083062164225,0.006951098286372807,3,cuda,1.0,8,0.5,learned_mixture,0.6291916233229395,64,standard normal at finite u_max,finite,learned,0.044966855719128444,0.007412208471932472,full,0.28075367203341983,0.005450580269098282,32768,1349694976,0.003228592297791124,0.044967085301166144,0.007412208471932375,0.003228609112284935,0.16986610078615977,0.010810387031924511,learned/task_035/cell_0755,97,with_replacement,4294967296,26.075724378228188,103003,completed,2048,3,0.0515620031182903,0.009495295377015333,0.00495598163029495,0.16582232126252655,0.012397876688217107,20.0,0.1698661007861597,0.010810585740351212
4,795,40d2f60f7b01b721909df18cdd26cc0bda1e28ef62dd47bb3bc9b7acfaa1fbc4,4b74724c4225fcfe043fdd749fb740fff4cf33c8,0.00227140267812302,0.0072366588622508,4,cuda,1.0,8,0.5,learned_mixture,0.5756073815656793,64,standard normal at finite u_max,finite,learned,0.059753247155071576,0.01258706896922795,full,0.33136032880971383,0.0050994642078876495,32768,1349694976,0.01555989780117372,0.05975339695847797,0.01258706896922789,0.015559940717123369,0.17818438949381016,0.01488104722568796,learned/task_035/cell_0795,91,with_replacement,4294967296,26.0696685872972,103004,completed,2048,3,0.0748631008330939,0.017140930056875135,0.018732288702941156,0.17661370604265633,0.019133833617353036,20.0,0.17818438949381035,0.014881134043573671
4,835,4f8f7d024dee2ba1d205fcf59f39c4f32d87524ab703a9051d4ad4e7ca38f59f,4b74724c4225fcfe043fdd749fb740fff4cf33c8,0.006599843684422851,0.008593370840015643,0,cuda,1.0,8,0.5,learned_mixture,0.9986235841588267,64,standard normal at finite u_max,finite,learned,0.07698309902426781,0.01649138585868474,full,0.3391715574393459,0.005544524639844894,32768,1349694976,0.01302962430045261,0.07698323959414094,0.016491385858684073,0.013029626437043328,0.17220486601056595,0.01767774826033728,learned/task_035/cell_0835,96,with_replacement,4294967296,26.067545607686043,104000,completed,2048,4,0.10615698126964765,0.024477983502217755,0.014926294347639424,0.17425584482047207,0.025309092087609612,20.0,0.17220486601056526,0.017677874445955078
4,875,4f8f7d024dee2ba1d205fcf59f39c4f32d87524ab703a9051d4ad4e7ca38f59f,4b74724c4225fcfe043fdd749fb740fff4cf33c8,0.0024914817357353774,0.006621990432879198,1,cuda,1.0,8,0.5,learned_mixture,0.8049547613190118,64,standard normal at finite u_max,finite,learned,0.07376953566947411,0.01711646021259486,full,0.3342464992824405,0.005493927747011185,32768,1349694976,0.005420125159767652,0.07376959782137477,0.01711646021259479,0.005420101519228195,0.15655225755477367,0.019009519941923413,learned/task_035/cell_0875,96,with_replacement,4294967296,26.07810205221176,104001,completed,2048,4,0.06276669540602445,0.013664372808779605,0.0035878470151366436,0.15878925929940513,0.015464401271853726,20.0,0.15655225755477375,0.019009101452176755
4,915,4f8f7d024dee2ba1d205fcf59f39c4f32d87524ab703a9051d4ad4e7ca38f59f,4b74724c4225fcfe043fdd749fb740fff4cf33c8,0.004006415909999863,0.009093963392755176,2,cuda,1.0,8,0.5,learned_mixture,0.7805301130835542,64,standard normal at finite u_max,finite,learned,0.07300485420099012,0.016213659422228327,full,0.28645470252336297,0.0051462240517139435,32768,1349694976,0.0063911423284571806,0.07300500691444689,0.01621365942222839,0.006391158563211263,0.14731772401803964,0.017429439782665705,learned/task_035/cell_0915,101,with_replacement,4294967296,26.070980317890644,104002,completed,2048,4,0.10476723723810834,0.02530762281497722,0.00685862022410319,0.1479913498427875,0.025607192919253587,20.0,0.1473177240180396,0.01742928505582016
4,955,4f8f7d024dee2ba1d205fcf59f39c4f32d87524ab703a9051d4ad4e7ca38f59f,4b74724c4225fcfe043fdd749fb740fff4cf33c8,0.004622437188969399,0.008134641249056006,3,cuda,1.0,8,0.5,learned_mixture,0.9520407387893062,64,standard normal at finite u_max,finite,learned,0.101898313981296,0.025553990555191322,full,0.31955427075884624,0.005509290844202042,32768,1349694976,0.00762253391511026,0.10189833633604078,0.025553990555191083,0.007622549901350745,0.16778493837650357,0.026969905724916598,learned/task_035/cell_0955,96,with_replacement,4294967296,26.11168809235096,104003,completed,2048,4,0.11922750026567613,0.03082450086350626,0.008032159652464144,0.16519549408584633,0.03127981593752204,20.0,0.16778493837650338,0.02696994895420017
4,995,4f8f7d024dee2ba1d205fcf59f39c4f32d87524ab703a9051d4ad4e7ca38f59f,4b74724c4225fcfe043fdd749fb740fff4cf33c8,0.001955632727284397,0.005593964732646297,4,cuda,1.0,8,0.5,learned_mixture,0.5085625243662799,64,standard normal at finite u_max,finite,learned,0.053647890008522194,0.010581743783995323,full,0.365163960998294,0.005399938672780991,32768,1349694976,0.004264565140557952,0.053648064745242655,0.010581743783995338,0.004264585012351718,0.16928439474808094,0.013163875871849716,learned/task_035/cell_0995,90,with_replacement,4294967296,26.05583992600441,104004,completed,2048,4,0.06748889926542316,0.014403695567138242,0.006085099018755785,0.17351474356296404,0.016778443142383814,20.0,0.169284394748081,0.013164297822752021
4,36,ce9344dce5f56b4cda176bcdb36371f48911618aa600da1465617419b4995b69,4b74724c4225fcfe043fdd749fb740fff4cf33c8,0.0028252357371008965,0.006935223527859486,0,cuda,1.0,8,0.5,learned_mixture,0.701202090885986,64,standard normal at finite u_max,infinite,learned,0.3678239590130223,0.06027340281371353,unbiased,3.051757812573032e-05,2.0002606213092804,32768,151160320,0.12245044969289129,0.36782399557370665,0.06027340281371346,0.12245046236733301,0.7475234429251087,0.07967306883110384,learned/task_036/cell_0036,685,with_replacement,268435456,4.567963689565659,100000,completed,2048,0,0.38294304196131285,0.0645314487143647,0.12694503230267934,0.7463994300713312,0.08287455444581993,20.0,0.7475234429251085,0.07967272430564365
4,76,ce9344dce5f56b4cda176bcdb36371f48911618aa600da1465617419b4995b69,4b74724c4225fcfe043fdd749fb740fff4cf33c8,0.0031327639220031524,0.008543432645274154,1,cuda,1.0,8,0.5,learned_mixture,0.5973192009279074,64,standard normal at finite u_max,infinite,learned,0.5832277571336595,0.1280130964585471,unbiased,3.051757812500087e-05,0.005431190133094788,32768,151160320,0.039165139953699746,0.5832276594526653,0.12801309645854703,0.0391651646910007,0.7895916106262745,0.13603369216951028,learned/task_036/cell_0076,697,with_replacement,268435456,4.576406106352806,100001,completed,2048,0,0.5767486596908702,0.12684264288034294,0.04054170178961808,0.7896587612402919,0.13648806324989027,20.0,0.7895916106262745,0.13603367998974678
4,116,ce9344dce5f56b4cda176bcdb36371f48911618aa600da1465617419b4995b69,4b74724c4225fcfe043fdd749fb740fff4cf33c8,0.003926622494122266,0.009452954527715437,2,cuda,1.0,8,0.5,learned_mixture,0.5070966897259707,64,standard normal at finite u_max,infinite,learned,0.24405919360138006,0.045597988800976215,unbiased,3.0522433484566734e-05,0.005429178476333618,32768,151160320,0.013922669475273625,0.2440592655904391,0.045597988800976375,0.013922685445468458,0.5259710786683688,0.057748916709741444,learned/task_036/cell_0116,674,with_replacement,268435456,4.55801448225975,100002,completed,2048,0,0.2524948581950159,0.048883338136098894,0.016031654422232935,0.5255801853406302,0.05880675197052215,20.0,0.5259710786683688,0.05774848215323038
4,156,ce9344dce5f56b4cda176bcdb36371f48911618aa600da1465617419b4995b69,4b74724c4225fcfe043fdd749fb740fff4cf33c8,0.0027986719875642647,0.007205152797460447,3,cuda,1.0,8,0.5,learned_mixture,0.5335407771670168,64,standard normal at finite u_max,infinite,learned,0.6483731901919616,0.15687138272292722,unbiased,3.05175781250026e-05,0.0054398030042648315,32768,151160320,0.09840715333978174,0.6483730528668199,0.15687138272292758,0.0984071432117137,0.8074134296496158,0.16064197332566696,learned/task_036/cell_0156,693,with_replacement,268435456,4.568287938833237,100003,completed,2048,0,0.6476473082631495,0.15729424454372837,0.09776615509891255,0.8072826180902889,0.16138682689115003,20.0,0.8074134296496159,0.16064228941059563
4,196,ce9344dce5f56b4cda176bcdb36371f48911618aa600da1465617419b4995b69,4b74724c4225fcfe043fdd749fb740fff4cf33c8,0.002687338167482128,0.007978785205756601,4,cuda,1.0,8,0.5,learned_mixture,0.5137901762693652,64,standard normal at finite u_max,infinite,learned,0.3185745550500436,0.059750465922462706,unbiased,3.0517646311738516e-05,0.005021184682846069,32768,151160320,0.08632430558390795,0.31857458630533075,0.05975046592246272,0.0863243493688575,0.634405066962227,0.06980247352621997,learned/task_036/cell_0196,669,with_replacement,268435456,4.56548573076725,100004,completed,2048,0,0.32654542505407136,0.06248049860253747,0.0909969808807145,0.6358408943150885,0.07182587864971593,20.0,0.6344050669622272,0.06980246402700879
4,236,642c9ac8b37cc879a46c5dc332c9d99eb4ae9d0bd2c4b38a1ce3bbe1af22951a,4b74724c4225fcfe043fdd749fb740fff4cf33c8,0.0011971563116745477,0.0050562118031681385,0,cuda,1.0,8,0.5,learned_mixture,0.5464081948100606,64,standard normal at finite u_max,infinite,learned,0.39641936649817494,0.0875269431856413,unbiased,3.0517578125755906e-05,0.004896685481071472,32768,151160320,0.13591506036422737,0.39641935587971244,0.08752694318564132,0.1359150724939473,0.6519162499803839,0.1005339254587286,learned/task_036/cell_0236,685,with_replacement,268435456,4.5703646540641785,101000,completed,2048,1,0.3933592964314986,0.08617501832136437,0.13191734351394108,0.6498625818494188,0.09962118158945632,20.0,0.6519162499803838,0.10053392705238207
4,276,642c9ac8b37cc879a46c5dc332c9d99eb4ae9d0bd2c4b38a1ce3bbe1af22951a,4b74724c4225fcfe043fdd749fb740fff4cf33c8,0.00040516035784547694,0.0024677534059699938,1,cuda,1.0,8,0.5,learned_mixture,0.7099538301388246,64,standard normal at finite u_max,infinite,learned,0.5112899864611518,0.11237028514079693,unbiased,3.0517578125e-05,0.005339398980140686,32768,151160320,0.040271118893159555,0.5112899749297148,0.11237028514079692,0.04027114210307774,0.7475962867276885,0.12021932860114301,learned/task_036/cell_0276,697,with_replacement,268435456,4.577089369297028,101001,completed,2048,1,0.5123599428854368,0.11255041527807946,0.04054170178961808,0.7462435144203585,0.12083933246707723,20.0,0.7475962867276885,0.12021943303414341
4,316,642c9ac8b37cc879a46c5dc332c9d99eb4ae9d0bd2c4b38a1ce3bbe1af22951a,4b74724c4225fcfe043fdd749fb740fff4cf33c8,0.0007229835942113664,0.0034079489609741345,2,cuda,1.0,8,0.5,learned_mixture,0.8529132215616927,64,standard normal at finite u_max,infinite,learned,0.30659636680895375,0.06149872284022223,unbiased,3.051758409001355e-05,0.004935011267662048,32768,151160320,0.018949541783289864,0.3065963942559619,0.061498722840222037,0.018949558051790452,0.5671585952737664,0.06715777551435874,learned/task_036/cell_0316,674,with_replacement,268435456,4.561915650963783,101002,completed,2048,1,0.310717861679824,0.06280320953742943,0.01834368804588439,0.5638448490053762,0.06791151640079673,20.0,0.5671585952737664,0.06715774730362753
4,356,642c9ac8b37cc879a46c5dc332c9d99eb4ae9d0bd2c4b38a1ce3bbe1af22951a,4b74724c4225fcfe043fdd749fb740fff4cf33c8,0.001004503570822806,0.004178348532304494,3,cuda,1.0,8,0.5,learned_mixture,0.7834567990212411,64,standard normal at finite u_max,infinite,learned,0.6632930663299185,0.16691762724083303,unbiased,3.0517578125021684e-05,0.004895910620689392,32768,151160320,0.09351483438772588,0.6632929148467845,0.16691762724083314,0.09351482457481096,0.715417868187419,0.16705401096497535,learned/task_036/cell_0356,696,with_replacement,268435456,4.571715101599693,101003,completed,2048,1,0.6625183643037131,0.1664495787433491,0.09502199576630102,0.7131877700347785,0.16656787989422778,20.0,0.7154178681874189,0.16705409217912764
4,396,642c9ac8b37cc879a46c5dc332c9d99eb4ae9d0bd2c4b38a1ce3bbe1af22951a,4b74724c4225fcfe043fdd749fb740fff4cf33c8,0.0006131069801803629,0.0032771669854831285,4,cuda,1.0,8,0.5,learned_mixture,0.7236456271507632,64,standard normal at finite u_max,infinite,learned,0.39214305385123704,0.07694369139898818,unbiased,3.051758736724644e-05,0.005377963185310364,32768,151160320,0.08976613105839425,0.39214300483670195,0.07694369139898814,0.08976617590950117,0.6476594441082653,0.08229614659149209,learned/task_036/cell_0396,668,with_replacement,268435456,4.562164410948753,101004,completed,2048,1,0.39110324383496364,0.0767188196935942,0.08998185548537911,0.6478303871946152,0.08178704478141897,20.0,0.6476594441082654,0.08229609632504523
4,436,4ad56f1f2de8ac7e99a997dc798fcc9a82d5e41bcaa01483fa8161ba24fa2737,4b74724c4225fcfe043fdd749fb740fff4cf33c8,0.0052559934306067365,0.01036463721399505,0,cuda,1.0,8,0.5,learned_mixture,0.5016859478871595,64,standard normal at finite u_max,infinite,learned,0.36849448255860673,0.0728887317328055,unbiased,3.0517578125150054e-05,0.0049247294664382935,32768,151160320,0.1190294504328742,0.3684945384788886,0.07288873173280554,0.11902945435317906,0.7014459929905384,0.08470857066036092,learned/task_036/cell_0436,691,with_replacement,268435456,4.567143097519875,102000,completed,2048,2,0.36487391532222097,0.07134710227645698,0.11717109503635252,0.706235681519162,0.0837052631000942,20.0,0.7014459929905382,0.08470852085743967
4,476,4ad56f1f2de8ac7e99a997dc798fcc9a82d5e41bcaa01483fa8161ba24fa2737,4b74724c4225fcfe043fdd749fb740fff4cf33c8,0.0018151949635398178,0.005414618441327316,1,cuda,1.0,8,0.5,learned_mixture,0.5416502869342844,64,standard normal at finite u_max,infinite,learned,0.48636283753274856,0.08938874087852562,unbiased,3.051757812588991e-05,0.004847049713134766,32768,151160320,0.04200834559181449,0.4863627804600881,0.08938874087852572,0.042008368088902875,0.7885107661337356,0.09868646282728079,learned/task_036/cell_0476,696,with_replacement,268435456,4.572165533900261,102001,completed,2048,2,0.48297519425875296,0.08862314088486692,0.040492773661422204,0.7919344193173252,0.09807012020850263,20.0,0.7885107661337356,0.09868663667186407
4,516,4ad56f1f2de8ac7e99a997dc798fcc9a82d5e41bcaa01483fa8161ba24fa2737,4b74724c4225fcfe043fdd749fb740fff4cf33c8,0.0045799261192538574,0.00855508519078491,2,cuda,1.0,8,0.5,learned_mixture,0.6161396685063838,64,standard normal at finite u_max,infinite,learned,0.2900997758570706,0.0540270587713468,unbiased,3.051806316090732e-05,0.0052217841148376465,32768,151160320,0.020101414765469547,0.29009980018904497,0.05402705877134677,0.02010143140886833,0.5955157122137749,0.06408523272026166,learned/task_036/cell_0516,671,with_replacement,268435456,4.555993139743805,102002,completed,2048,2,0.29412868615396776,0.05515748729076169,0.01791118243182517,0.6011928269302451,0.06474534246830156,20.0,0.5955157122137749,0.06408526395250469
4,556,4ad56f1f2de8ac7e99a997dc798fcc9a82d5e41bcaa01483fa8161ba24fa2737,4b74724c4225fcfe043fdd749fb740fff4cf33c8,0.0037311204756490042,0.008164491969018741,3,cuda,1.0,8,0.5,learned_mixture,0.985709386427259,64,standard normal at finite u_max,infinite,learned,0.6176725336813167,0.13331402976199547,unbiased,3.0517578125e-05,0.004897356033325195,32768,151160320,0.08919509942108896,0.6176723832112578,0.13331402976199525,0.08919509066406539,0.7847079142998005,0.13694429137999992,learned/task_036/cell_0556,697,with_replacement,268435456,4.564869552850723,102003,completed,2048,2,0.6164216641380194,0.1337404755981326,0.09468461252359786,0.7879309585466246,0.13728201167829931,20.0,0.7847079142998004,0.13694434528376404
4,596,4ad56f1f2de8ac7e99a997dc798fcc9a82d5e41bcaa01483fa8161ba24fa2737,4b74724c4225fcfe043fdd749fb740fff4cf33c8,0.005213112207682889,0.009509889358984395,4,cuda,1.0,8,0.5,learned_mixture,0.9557640739058805,64,standard normal at finite u_max,infinite,learned,0.36291134810070913,0.06931881527291896,unbiased,3.051757842303894e-05,0.0048476457595825195,32768,151160320,0.09614415166094294,0.3629113173157468,0.06931881527291897,0.09614417895034201,0.6630799958646099,0.07489493374494528,learned/task_036/cell_0596,670,with_replacement,268435456,4.55679389834404,102004,completed,2048,2,0.3551799470708222,0.06756769856435535,0.08797012214853213,0.6705368600833299,0.0735814481469547,20.0,0.6630799958646098,0.07489499051346712
4,636,40d2f60f7b01b721909df18cdd26cc0bda1e28ef62dd47bb3bc9b7acfaa1fbc4,4b74724c4225fcfe043fdd749fb740fff4cf33c8,0.0032922377209488557,0.007232242886468695,0,cuda,1.0,8,0.5,learned_mixture,0.7402194186326784,64,standard normal at finite u_max,infinite,learned,0.44537410348966144,0.09282902005144016,unbiased,3.0517578145833595e-05,0.00525897741317749,32768,151160320,0.16630462743664673,0.44537412697986134,0.09282902005144007,0.16630463965054373,0.7177224704255566,0.10916298621240485,learned/task_036/cell_0636,691,with_replacement,268435456,4.554380968213081,103000,completed,2048,3,0.4527915924671295,0.09606648826216915,0.16903313916297785,0.716638527504239,0.1113658444639607,20.0,0.7177224704255567,0.10916238706214637
4,676,40d2f60f7b01b721909df18cdd26cc0bda1e28ef62dd47bb3bc9b7acfaa1fbc4,4b74724c4225fcfe043fdd749fb740fff4cf33c8,0.0031951309352244283,0.0080692700576677,1,cuda,1.0,8,0.5,learned_mixture,0.6885345066274482,64,standard normal at finite u_max,infinite,learned,0.5935064951512565,0.1333277347822341,unbiased,3.0517578125e-05,0.0049126893281936646,32768,151160320,0.03816933826480903,0.5935064545983323,0.13332773478223403,0.03816936263659826,0.8078036214414597,0.14128607236880056,learned/task_036/cell_0676,693,with_replacement,268435456,4.5632967203855515,103001,completed,2048,3,0.59785484088693,0.1355260037687732,0.04054170178961808,0.8072613724057899,0.14226212957686798,20.0,0.8078036214414598,0.14128586268142693
4,716,40d2f60f7b01b721909df18cdd26cc0bda1e28ef62dd47bb3bc9b7acfaa1fbc4,4b74724c4225fcfe043fdd749fb740fff4cf33c8,0.005056220007114127,0.010222160344392684,2,cuda,1.0,8,0.5,learned_mixture,0.5072445190458362,64,standard normal at finite u_max,infinite,learned,0.27942124926589645,0.05024252010843497,unbiased,3.05179105498486e-05,0.0048498958349227905,32768,151160320,0.016741808835272223,0.2794213452767953,0.05024252010843501,0.01674182477043483,0.6082698449192319,0.06339712465243318,learned/task_036/cell_0716,669,with_replacement,268435456,4.5512814819812775,103002,completed,2048,3,0.2947472472573647,0.05480129318370504,0.018650838834479683,0.6079192437625902,0.06567023382048051,20.0,0.6082698449192319,0.06339728695941106
4,756,40d2f60f7b01b721909df18cdd26cc0bda1e28ef62dd47bb3bc9b7acfaa1fbc4,4b74724c4225fcfe043fdd749fb740fff4cf33c8,0.0024863083062164225,0.006951098286372807,3,cuda,1.0,8,0.5,learned_mixture,0.5394981443783988,64,standard normal at finite u_max,infinite,learned,0.5735535913843043,0.13485347158886682,unbiased,3.0517578126674876e-05,0.005335792899131775,32768,151160320,0.09824680359535083,0.5735535319961271,0.1348534715888668,0.0982467932426777,0.7607201385265911,0.13965088427376895,learned/task_036/cell_0756,695,with_replacement,268435456,4.566647067666054,103003,completed,2048,3,0.5748842015590676,0.1352745875138019,0.09622624375304885,0.7595737431319828,0.14014592586591146,20.0,0.7607201385265911,0.1396512368320449
4,796,40d2f60f7b01b721909df18cdd26cc0bda1e28ef62dd47bb3bc9b7acfaa1fbc4,4b74724c4225fcfe043fdd749fb740fff4cf33c8,0.00227140267812302,0.0072366588622508,4,cuda,1.0,8,0.5,learned_mixture,0.8212480396056331,64,standard normal at finite u_max,infinite,learned,0.3520110810736835,0.06284952808285596,unbiased,3.051765617432678e-05,0.004877462983131409,32768,151160320,0.11226146587607645,0.3520110687484465,0.06284952808285568,0.11226150879202598,0.6697058434319536,0.0722384473008016,learned/task_036/cell_0796,668,with_replacement,268435456,4.557262063026428,103004,completed,2048,3,0.3558026390505851,0.06391786079404232,0.11384287973091721,0.6687746105695891,0.07275135668182289,20.0,0.6697058434319536,0.07223842048668361
4,836,4f8f7d024dee2ba1d205fcf59f39c4f32d87524ab703a9051d4ad4e7ca38f59f,4b74724c4225fcfe043fdd749fb740fff4cf33c8,0.006599843684422851,0.008593370840015643,0,cuda,1.0,8,0.5,learned_mixture,0.544800818346592,64,standard normal at finite u_max,infinite,learned,0.352973041285099,0.07208573390366409,unbiased,3.051757816254679e-05,0.004876077175140381,32768,151160320,0.12127930955368328,0.35297304888989367,0.07208573390366421,0.12127932209431204,0.6300510195685578,0.08318312967415695,learned/task_036/cell_0836,692,with_replacement,268435456,4.555133670568466,104000,completed,2048,4,0.3533801406580642,0.07273173953867153,0.12144579608826708,0.6302619912408263,0.08509221665842995,20.0,0.630051019568558,0.08318299299259979
4,876,4f8f7d024dee2ba1d205fcf59f39c4f32d87524ab703a9051d4ad4e7ca38f59f,4b74724c4225fcfe043fdd749fb740fff4cf33c8,0.0024914817357353774,0.006621990432879198,1,cuda,1.0,8,0.5,learned_mixture,0.7845255543591282,64,standard normal at finite u_max,infinite,learned,0.6216190903646638,0.13433823366904168,unbiased,3.051757812500954e-05,0.004827514290809631,32768,151160320,0.038709087003051854,0.6216189960185785,0.13433823366904157,0.03870911065656671,0.8283798958514004,0.14178859306912042,learned/task_036/cell_0876,699,with_replacement,268435456,4.559755265712738,104001,completed,2048,4,0.6212534186588401,0.13417637884394173,0.04054170178961808,0.8288328920945957,0.14257041764068135,20.0,0.8283798958514005,0.14178823409934824
4,916,4f8f7d024dee2ba1d205fcf59f39c4f32d87524ab703a9051d4ad4e7ca38f59f,4b74724c4225fcfe043fdd749fb740fff4cf33c8,0.004006415909999863,0.009093963392755176,2,cuda,1.0,8,0.5,learned_mixture,0.6376003018097376,64,standard normal at finite u_max,infinite,learned,0.3320020472753825,0.06710137913591868,unbiased,3.051757944753759e-05,0.005249485373497009,32768,151160320,0.01687524719171568,0.33200204842991277,0.06710137913591857,0.016875263426469764,0.5937547817860617,0.07125549629495587,learned/task_036/cell_0916,684,with_replacement,268435456,4.56064310669899,104002,completed,2048,4,0.32586078396895857,0.06556433558048728,0.01734272508736169,0.594034188911667,0.07001458693849193,20.0,0.5937547817860616,0.07125579079799446
4,956,4f8f7d024dee2ba1d205fcf59f39c4f32d87524ab703a9051d4ad4e7ca38f59f,4b74724c4225fcfe043fdd749fb740fff4cf33c8,0.004622437188969399,0.008134641249056006,3,cuda,1.0,8,0.5,learned_mixture,0.8702209945177539,64,standard normal at finite u_max,infinite,learned,0.4807144377641416,0.11264175556820762,unbiased,3.051757814486475e-05,0.004876315593719482,32768,151160320,0.095196297051318,0.4807143216476314,0.11264175556820752,0.09519628643728957,0.6592274907402166,0.11819891352469078,learned/task_036/cell_0956,692,with_replacement,268435456,4.567959651350975,104003,completed,2048,4,0.4784398880720941,0.11186471615023766,0.09490013483440524,0.6597661513902797,0.11745178560949324,20.0,0.6592274907402167,0.11819901156832013
4,996,4f8f7d024dee2ba1d205fcf59f39c4f32d87524ab703a9051d4ad4e7ca38f59f,4b74724c4225fcfe043fdd749fb740fff4cf33c8,0.001955632727284397,0.005593964732646297,4,cuda,1.0,8,0.5,learned_mixture,0.6866562185631854,64,standard normal at finite u_max,infinite,learned,0.34811159937213515,0.06478476258466377,unbiased,3.0517578163157845e-05,0.0048323869705200195,32768,151160320,0.11318338589517807,0.34811161431978827,0.06478476258466402,0.11318343036098018,0.6555803116445298,0.07372839211681666,learned/task_036/cell_0996,673,with_replacement,268435456,4.555070489645004,104004,completed,2048,4,0.36085209443294286,0.0684293523581196,0.11344291249900426,0.6571680935396241,0.07660707677240997,20.0,0.65558031164453,0.07372807468792142
4,37,ce9344dce5f56b4cda176bcdb36371f48911618aa600da1465617419b4995b69,4b74724c4225fcfe043fdd749fb740fff4cf33c8,0.0028252357371008965,0.006935223527859486,0,cuda,1.0,8,0.5,learned_mixture,0.5879299045529419,64,standard normal at finite u_max,infinite,learned,0.1905345281372257,0.04334244023350368,unbiased,3.066421628260813e-05,2.102479163557291,32768,167937536,0.038761072464005716,0.1905346161315964,0.0433424402335037,0.038761059510314284,0.35953384857395077,0.044571084293337046,learned/task_037/cell_0037,639,without_replacement,268435456,5.149718776345253,100000,completed,2048,0,0.19974905519534747,0.045984433749847425,0.03935327105656512,0.3567860987036883,0.046792759881636475,20.0,0.35953384857395065,0.04457112783453668
4,77,ce9344dce5f56b4cda176bcdb36371f48911618aa600da1465617419b4995b69,4b74724c4225fcfe043fdd749fb740fff4cf33c8,0.0031327639220031524,0.008543432645274154,1,cuda,1.0,8,0.5,learned_mixture,0.9361130334527269,64,standard normal at finite u_max,infinite,learned,0.1797137133100778,0.03545872149812137,unbiased,3.303711955999166e-05,0.005746152251958847,32768,167937536,0.03580459441317074,0.17971385046743343,0.035458721498121376,0.03580461915047195,0.4230842492573966,0.04238770454129162,learned/task_037/cell_0077,641,without_replacement,268435456,5.1613158620893955,100001,completed,2048,0,0.18545076072179834,0.03692303950320769,0.037181156249089076,0.42326726556275185,0.04414570124426902,20.0,0.4230842492573971,0.042388063501059406
4,117,ce9344dce5f56b4cda176bcdb36371f48911618aa600da1465617419b4995b69,4b74724c4225fcfe043fdd749fb740fff4cf33c8,0.003926622494122266,0.009452954527715437,2,cuda,1.0,8,0.5,learned_mixture,0.5538706107362548,64,standard normal at finite u_max,infinite,learned,0.13630672769081165,0.026416634841808475,unbiased,3.2592297375866853e-05,0.005238007754087448,32768,167937536,0.013093501377991895,0.1363069195878802,0.0264166348418084,0.013093517348186853,0.34498029282518106,0.03302544646970573,learned/task_037/cell_0117,623,without_replacement,268435456,5.154573563486338,100002,completed,2048,0,0.1412345845914912,0.027885577410558554,0.015202486324951206,0.34422505985685226,0.03367095342724519,20.0,0.3449802928251813,0.03302563478211248
4,157,ce9344dce5f56b4cda176bcdb36371f48911618aa600da1465617419b4995b69,4b74724c4225fcfe043fdd749fb740fff4cf33c8,0.0027986719875642647,0.007205152797460447,3,cuda,1.0,8,0.5,learned_mixture,0.7806140987476617,64,standard normal at finite u_max,infinite,learned,0.18186774311919449,0.03832678883711966,unbiased,3.5924325677804126e-05,0.0055775828659534454,32768,167937536,0.010950458760843397,0.18186786232613406,0.03832678883711989,0.010950449041700156,0.37959895842013647,0.04227718144280419,learned/task_037/cell_0157,645,without_replacement,268435456,5.141870740801096,100003,completed,2048,0,0.18535083756783394,0.039037887303282066,0.010295688048290631,0.37891612250109297,0.04340705551049888,20.0,0.3795989584201367,0.042277384397452315
4,197,ce9344dce5f56b4cda176bcdb36371f48911618aa600da1465617419b4995b69,4b74724c4225fcfe043fdd749fb740fff4cf33c8,0.002687338167482128,0.007978785205756601,4,cuda,1.0,8,0.5,learned_mixture,0.758014784914007,64,standard normal at finite u_max,infinite,learned,0.17616925491058272,0.037540201022311766,unbiased,3.077366041160752e-05,0.005106296390295029,32768,167937536,0.05538222071133646,0.17616938369350293,0.03754020102231183,0.055382264496285666,0.38885780910612766,0.043775523437506056,learned/task_037/cell_0197,623,without_replacement,268435456,5.14077839627862,100004,completed,2048,0,0.19481726203239882,0.04279143489906933,0.06005489600814301,0.3911197201662875,0.04882695200401018,20.0,0.38885780910612755,0.04377545982735155
4,237,642c9ac8b37cc879a46c5dc332c9d99eb4ae9d0bd2c4b38a1ce3bbe1af22951a,4b74724c4225fcfe043fdd749fb740fff4cf33c8,0.0011971563116745477,0.0050562118031681385,0,cuda,1.0,8,0.5,learned_mixture,0.8090102467887275,64,standard normal at finite u_max,infinite,learned,0.22403595174853086,0.05490332432813113,unbiased,3.116553630025512e-05,0.005613476037979126,32768,167937536,0.0662025790789094,0.22403595080794164,0.0549033243281316,0.06620259491886707,0.31344708836505397,0.05647600752093372,learned/task_037/cell_0237,643,without_replacement,268435456,5.1494954489171505,101000,completed,2048,1,0.21715139153197782,0.05291520403733851,0.06519224666467797,0.3098288394618574,0.05481352990888631,20.0,0.3134470883650544,0.056475998700401785
4,277,642c9ac8b37cc879a46c5dc332c9d99eb4ae9d0bd2c4b38a1ce3bbe1af22951a,4b74724c4225fcfe043fdd749fb740fff4cf33c8,0.00040516035784547694,0.0024677534059699938,1,cuda,1.0,8,0.5,learned_mixture,0.6371212835910771,64,standard normal at finite u_max,infinite,learned,0.22431679960645073,0.05085964028331552,unbiased,3.0617613253941344e-05,0.005116380751132965,32768,167937536,0.0323743849240835,0.22431686221341532,0.05085964028331562,0.03237440813400174,0.3787408050479099,0.05435685484775364,learned/task_037/cell_0277,644,without_replacement,268435456,5.134850990027189,101001,completed,2048,1,0.2250970932236797,0.05116650608158662,0.03264496782054203,0.3751719220710105,0.054636981470263364,20.0,0.3787408050479101,0.054357234723043574
4,317,642c9ac8b37cc879a46c5dc332c9d99eb4ae9d0bd2c4b38a1ce3bbe1af22951a,4b74724c4225fcfe043fdd749fb740fff4cf33c8,0.0007229835942113664,0.0034079489609741345,2,cuda,1.0,8,0.5,learned_mixture,0.8049441543221579,64,standard normal at finite u_max,infinite,learned,0.142329376282632,0.026704561288968066,unbiased,3.098465957195893e-05,0.005131326615810394,32768,167937536,0.006079421150803704,0.14232949021729094,0.026704561288968084,0.006079437419304348,0.3466077635140433,0.035638380824844336,learned/task_037/cell_0317,624,without_replacement,268435456,5.138658259063959,101002,completed,2048,1,0.1447852823365021,0.027498768231390143,0.005473567413398231,0.34085693031130737,0.03572971100927619,20.0,0.34660776351404304,0.03563886282782672
4,357,642c9ac8b37cc879a46c5dc332c9d99eb4ae9d0bd2c4b38a1ce3bbe1af22951a,4b74724c4225fcfe043fdd749fb740fff4cf33c8,0.001004503570822806,0.004178348532304494,3,cuda,1.0,8,0.5,learned_mixture,0.896470041812971,64,standard normal at finite u_max,infinite,learned,0.2509761589225125,0.055485553425934364,unbiased,3.056645993451813e-05,0.005601022392511368,32768,167937536,0.002310541302391488,0.2509762619163938,0.055485553425933656,0.0023105565017268476,0.4213994659443398,0.05987317680436145,learned/task_037/cell_0357,649,without_replacement,268435456,5.148544501513243,101003,completed,2048,1,0.2539681301126586,0.056209202417820785,0.0007925278880413242,0.41678769729008935,0.060555807056802136,20.0,0.4213994659443393,0.05987328040967919
4,397,642c9ac8b37cc879a46c5dc332c9d99eb4ae9d0bd2c4b38a1ce3bbe1af22951a,4b74724c4225fcfe043fdd749fb740fff4cf33c8,0.0006131069801803629,0.0032771669854831285,4,cuda,1.0,8,0.5,learned_mixture,0.9199385791476935,64,standard normal at finite u_max,infinite,learned,0.1511658338226213,0.030705512259602753,unbiased,3.05325189985484e-05,0.005208786576986313,32768,167937536,0.04223755411820895,0.1511659766371817,0.030705512259602708,0.04223758257437986,0.363766115543414,0.03567991696038801,learned/task_037/cell_0397,623,without_replacement,268435456,5.142296388745308,101004,completed,2048,1,0.15291336799868716,0.03151436520055584,0.039569742350541004,0.363142382783313,0.03630367323063741,20.0,0.36376611554341337,0.03567995669676889
4,437,4ad56f1f2de8ac7e99a997dc798fcc9a82d5e41bcaa01483fa8161ba24fa2737,4b74724c4225fcfe043fdd749fb740fff4cf33c8,0.0052559934306067365,0.01036463721399505,0,cuda,1.0,8,0.5,learned_mixture,0.8962040440030451,64,standard normal at finite u_max,infinite,learned,0.3556177046685061,0.07651495305667673,unbiased,3.090343065344013e-05,0.005092881619930267,32768,167937536,0.09069262754858906,0.3556176715960313,0.07651495305667654,0.09069260620207478,0.5006234024811019,0.07948536197149747,learned/task_037/cell_0437,642,without_replacement,268435456,5.139743760228157,102000,completed,2048,2,0.36043492586717685,0.07762668038612629,0.09447990927825806,0.5083025500595861,0.08108747715120436,20.0,0.5006234024811016,0.07948552768244388
4,477,4ad56f1f2de8ac7e99a997dc798fcc9a82d5e41bcaa01483fa8161ba24fa2737,4b74724c4225fcfe043fdd749fb740fff4cf33c8,0.0018151949635398178,0.005414618441327316,1,cuda,1.0,8,0.5,learned_mixture,0.5849027078981085,64,standard normal at finite u_max,infinite,learned,0.2741092129493638,0.05736766846262571,unbiased,3.151135387447269e-05,0.005106836557388306,32768,167937536,0.03969555329925246,0.27410920392452515,0.05736766846262585,0.03969555207470295,0.4035312309050566,0.06018823710120296,learned/task_037/cell_0477,645,without_replacement,268435456,5.13872829452157,102001,completed,2048,2,0.28754059645109475,0.061592057599413205,0.04266492629583336,0.41347400928467115,0.0640053539217299,20.0,0.4035312309050565,0.06018823432879457
4,517,4ad56f1f2de8ac7e99a997dc798fcc9a82d5e41bcaa01483fa8161ba24fa2737,4b74724c4225fcfe043fdd749fb740fff4cf33c8,0.0045799261192538574,0.00855508519078491,2,cuda,1.0,8,0.5,learned_mixture,0.517434780298073,64,standard normal at finite u_max,infinite,learned,0.09052692939160994,0.014788236527837447,unbiased,3.1745199951793006e-05,0.0055443644523620605,32768,167937536,0.015383558743130077,0.09052717345149641,0.014788236527837463,0.015383575386528903,0.31589452208085594,0.02099067629199388,learned/task_037/cell_0517,626,without_replacement,268435456,5.129124876111746,102002,completed,2048,2,0.0983909896573911,0.01706939066370202,0.0131933264094857,0.3255735433983824,0.022439687882933393,20.0,0.3158945220808556,0.020990389831843252
4,557,4ad56f1f2de8ac7e99a997dc798fcc9a82d5e41bcaa01483fa8161ba24fa2737,4b74724c4225fcfe043fdd749fb740fff4cf33c8,0.0037311204756490042,0.008164491969018741,3,cuda,1.0,8,0.5,learned_mixture,0.7035708729760246,64,standard normal at finite u_max,infinite,learned,0.2362127837564218,0.05307212393154476,unbiased,3.100857540806995e-05,0.005125373601913452,32768,167937536,0.03991777500241942,0.23621280997968463,0.053072123931544854,0.03991776128826871,0.37521632118395476,0.056333127163984587,learned/task_037/cell_0557,643,without_replacement,268435456,5.127679221332073,102003,completed,2048,2,0.24226458960150288,0.05448568260538888,0.04521277929779554,0.38462927191796853,0.057988244774582295,20.0,0.3752163211839551,0.05633270915755083
4,597,4ad56f1f2de8ac7e99a997dc798fcc9a82d5e41bcaa01483fa8161ba24fa2737,4b74724c4225fcfe043fdd749fb740fff4cf33c8,0.005213112207682889,0.009509889358984395,4,cuda,1.0,8,0.5,learned_mixture,0.9475333813870442,64,standard normal at finite u_max,infinite,learned,0.1757159850269971,0.034323084160471626,unbiased,3.194511648980549e-05,0.005076058208942413,32768,167937536,0.049922251726282306,0.17571609459930404,0.034323084160471536,0.04992229814932071,0.4296374197280881,0.03940881884085749,learned/task_037/cell_0597,621,without_replacement,268435456,5.128419745713472,102004,completed,2048,2,0.15251860298237213,0.026725644443769597,0.04893655675069896,0.44232574986254386,0.03432477500290721,20.0,0.42963741972808805,0.039408643396672965
4,637,40d2f60f7b01b721909df18cdd26cc0bda1e28ef62dd47bb3bc9b7acfaa1fbc4,4b74724c4225fcfe043fdd749fb740fff4cf33c8,0.0032922377209488557,0.007232242886468695,0,cuda,1.0,8,0.5,learned_mixture,0.6650475373839353,64,standard normal at finite u_max,infinite,learned,0.20866171655256732,0.04310126156613981,unbiased,3.1361945212620115e-05,0.0055729299783706665,32768,167937536,0.05608927397661521,0.20866178070153743,0.04310126156613966,0.05608927585607614,0.402810844959838,0.04922570559965206,learned/task_037/cell_0637,644,without_replacement,268435456,5.126392267644405,103000,completed,2048,3,0.21111156656487617,0.043669711854051434,0.06016552723337754,0.40056406659282784,0.05026288961967935,20.0,0.40281084495983766,0.049225674921297646
4,677,40d2f60f7b01b721909df18cdd26cc0bda1e28ef62dd47bb3bc9b7acfaa1fbc4,4b74724c4225fcfe043fdd749fb740fff4cf33c8,0.0031951309352244283,0.0080692700576677,1,cuda,1.0,8,0.5,learned_mixture,0.9346976539883939,64,standard normal at finite u_max,infinite,learned,0.22897502639337142,0.053905612597848006,unbiased,3.140032851269886e-05,0.005168553441762924,32768,167937536,0.03311549135196973,0.22897502839106398,0.053905612597847895,0.03311551572375876,0.3444965559541787,0.05542825130066991,learned/task_037/cell_0677,646,without_replacement,268435456,5.1584052965044975,103001,completed,2048,3,0.22561184344933513,0.053008028770237095,0.035487854876778774,0.34228738535700587,0.05538380806231949,20.0,0.34449655595417855,0.055428165904993
4,717,40d2f60f7b01b721909df18cdd26cc0bda1e28ef62dd47bb3bc9b7acfaa1fbc4,4b74724c4225fcfe043fdd749fb740fff4cf33c8,0.005056220007114127,0.010222160344392684,2,cuda,1.0,8,0.5,learned_mixture,0.8076644244984998,64,standard normal at finite u_max,infinite,learned,0.1309683022195573,0.02536902082729428,unbiased,3.3917813854270245e-05,0.005088053643703461,32768,167937536,0.01167839663368947,0.13096840321909153,0.025369020827294447,0.011678412568852145,0.29950471105089094,0.032078060083789196,learned/task_037/cell_0717,622,without_replacement,268435456,5.135295119136572,103002,completed,2048,3,0.15576146418853326,0.03308063221278085,0.013587426632896929,0.29829198372993837,0.03680485165189079,20.0,0.2995047110508909,0.032078270838544996
4,757,40d2f60f7b01b721909df18cdd26cc0bda1e28ef62dd47bb3bc9b7acfaa1fbc4,4b74724c4225fcfe043fdd749fb740fff4cf33c8,0.0024863083062164225,0.006951098286372807,3,cuda,1.0,8,0.5,learned_mixture,0.8970698424730367,64,standard normal at finite u_max,infinite,learned,0.223792288249391,0.04892477187477013,unbiased,3.132760957934007e-05,0.005059961229562759,32768,167937536,0.04320565991652596,0.2237923415816307,0.04892477187476982,0.043205649951610976,0.378930530600618,0.05191213766387642,learned/task_037/cell_0757,644,without_replacement,268435456,5.126529008150101,103003,completed,2048,3,0.23109114392135707,0.050854137672125245,0.041174432307833894,0.3763572691778535,0.05351156567546306,20.0,0.37893053060061754,0.05191206357216135
4,797,40d2f60f7b01b721909df18cdd26cc0bda1e28ef62dd47bb3bc9b7acfaa1fbc4,4b74724c4225fcfe043fdd749fb740fff4cf33c8,0.00227140267812302,0.0072366588622508,4,cuda,1.0,8,0.5,learned_mixture,0.9512213948995879,64,standard normal at finite u_max,infinite,learned,0.1334311998800905,0.02200253450800209,unbiased,3.1819462883244485e-05,0.0054749660193920135,32768,167937536,0.051355004049058156,0.1334313950258057,0.022002534508001916,0.05135503594035914,0.41516044164212185,0.031123768545112854,learned/task_037/cell_0797,623,without_replacement,268435456,5.1236829198896885,103004,completed,2048,3,0.14462363977146567,0.0257026935391187,0.05947182090936019,0.4139613572397616,0.03300851949591277,20.0,0.4151604416421217,0.031123954578164303
4,837,4f8f7d024dee2ba1d205fcf59f39c4f32d87524ab703a9051d4ad4e7ca38f59f,4b74724c4225fcfe043fdd749fb740fff4cf33c8,0.006599843684422851,0.008593370840015643,0,cuda,1.0,8,0.5,learned_mixture,0.9397307203365624,64,standard normal at finite u_max,infinite,learned,0.2152183973584873,0.04814195843219149,unbiased,3.0891051815823794e-05,0.00512651726603508,32768,167937536,0.05317407247349499,0.21521845518975863,0.04814195843219174,0.05317407815352351,0.4040119960045885,0.05248638024972117,learned/task_037/cell_0837,649,without_replacement,268435456,5.145539257675409,104000,completed,2048,4,0.23378085229885914,0.0537148001854104,0.052733260830465194,0.4052084565273923,0.056319281462555104,20.0,0.4040119960045887,0.05248664796743652
4,877,4f8f7d024dee2ba1d205fcf59f39c4f32d87524ab703a9051d4ad4e7ca38f59f,4b74724c4225fcfe043fdd749fb740fff4cf33c8,0.0024914817357353774,0.006621990432879198,1,cuda,1.0,8,0.5,learned_mixture,0.9328295361060358,64,standard normal at finite u_max,infinite,learned,0.18941026775560027,0.040735228748284974,unbiased,3.098362241190971e-05,0.005104001611471176,32768,167937536,0.033271878953581906,0.18941031227581528,0.04073522874828483,0.033271902607097135,0.38348276189671654,0.044720758748018105,learned/task_037/cell_0877,645,without_replacement,268435456,5.13073792681098,104001,completed,2048,4,0.19078592735206473,0.040573373923185024,0.03510449374014813,0.38519613152436993,0.046528087420220916,20.0,0.38348276189671715,0.04472074355486358
4,917,4f8f7d024dee2ba1d205fcf59f39c4f32d87524ab703a9051d4ad4e7ca38f59f,4b74724c4225fcfe043fdd749fb740fff4cf33c8,0.004006415909999863,0.009093963392755176,2,cuda,1.0,8,0.5,learned_mixture,0.5993214555558078,64,standard normal at finite u_max,infinite,learned,0.12070099338240937,0.02283319143334371,unbiased,3.194502453074799e-05,0.0056083835661411285,32768,167937536,0.012093284239918914,0.12070114077497374,0.02283319143334371,0.012093300474672983,0.3115528174005865,0.026708226879798447,learned/task_037/cell_0917,632,without_replacement,268435456,5.1240134090185165,104002,completed,2048,4,0.12641686432453064,0.024321610396295927,0.012560762135564923,0.31214626926743694,0.02798329669271792,20.0,0.31155281740058643,0.026708292108009884
4,957,4f8f7d024dee2ba1d205fcf59f39c4f32d87524ab703a9051d4ad4e7ca38f59f,4b74724c4225fcfe043fdd749fb740fff4cf33c8,0.004622437188969399,0.008134641249056006,3,cuda,1.0,8,0.5,learned_mixture,0.8939517688071956,64,standard normal at finite u_max,infinite,learned,0.15314342777655307,0.03160613358314207,unbiased,3.121556073034662e-05,0.00513095036149025,32768,167937536,0.0018967079885677655,0.15314351702934492,0.031606133583142015,0.0018966976592993665,0.3576685918223905,0.03433304710798271,learned/task_037/cell_0957,649,without_replacement,268435456,5.138354584574699,104003,completed,2048,4,0.16027805889660196,0.033333053630182186,0.0016068263625681465,0.3586687901157686,0.03675871620404259,20.0,0.3576685918223906,0.0343331252548798
4,997,4f8f7d024dee2ba1d205fcf59f39c4f32d87524ab703a9051d4ad4e7ca38f59f,4b74724c4225fcfe043fdd749fb740fff4cf33c8,0.001955632727284397,0.005593964732646297,4,cuda,1.0,8,0.5,learned_mixture,0.7713953097493211,64,standard normal at finite u_max,infinite,learned,0.16112376853752308,0.029013498450816827,unbiased,3.096837409680507e-05,0.00513993576169014,32768,167937536,0.048177369047459555,0.161123921687243,0.0290134984508165,0.04817737655219623,0.43873036095655193,0.03702859951297173,learned/task_037/cell_0997,630,without_replacement,268435456,5.150492180138826,104004,completed,2048,4,0.17732556140966427,0.033766355138297795,0.051888942458531935,0.4413768616767203,0.04061722604592389,20.0,0.4387303609565516,0.037029102922549295
4,38,ce9344dce5f56b4cda176bcdb36371f48911618aa600da1465617419b4995b69,4b74724c4225fcfe043fdd749fb740fff4cf33c8,0.0028252357371008965,0.006935223527859486,0,cuda,1.0,8,0.5,learned_mixture,0.6049644208910075,64,standard normal at finite u_max,finite,learned,0.557560140069363,0.14622994573713527,tail,3.0533680362018745e-05,2.0622711032629013,32768,151160320,0.16131875162474474,0.557559987055781,0.14622994573713533,0.16131872216679602,0.5197787836697686,0.14694106289849124,learned/task_038/cell_0038,473,with_replacement,268435456,5.143743388354778,100000,completed,2048,0,0.5583459584803167,0.14704593257442397,0.1612493899833401,0.5178499254483828,0.14789412442542121,20.0,0.5197787836697684,0.14694131060831975
4,78,ce9344dce5f56b4cda176bcdb36371f48911618aa600da1465617419b4995b69,4b74724c4225fcfe043fdd749fb740fff4cf33c8,0.0031327639220031524,0.008543432645274154,1,cuda,1.0,8,0.5,learned_mixture,0.7200372576034183,64,standard normal at finite u_max,finite,learned,0.4582092853999252,0.1204977565056513,tail,3.056092920328262e-05,0.005526624619960785,32768,151160320,0.01693685107394845,0.4582091702726889,0.12049775650565131,0.016936875811249478,0.4783795164562735,0.12503836558848436,learned/task_038/cell_0078,459,with_replacement,268435456,5.127421483397484,100001,completed,2048,0,0.4512970186464065,0.11731616876260519,0.018313412909866784,0.47845827939411856,0.1222871576170951,20.0,0.47837951645627363,0.12503852643273006
4,118,ce9344dce5f56b4cda176bcdb36371f48911618aa600da1465617419b4995b69,4b74724c4225fcfe043fdd749fb740fff4cf33c8,0.003926622494122266,0.009452954527715437,2,cuda,1.0,8,0.5,learned_mixture,0.7824721007422836,64,standard normal at finite u_max,finite,learned,0.4048284680234528,0.10765005067108331,tail,3.0520220906455366e-05,0.0055970922112464905,32768,151160320,0.011718553456675287,0.404828502226932,0.1076500506710833,0.011718569426870107,0.5059297378725829,0.1155024602694649,learned/task_038/cell_0118,485,with_replacement,268435456,5.13657209277153,100002,completed,2048,0,0.4062348116654846,0.10660338435366107,0.013827538403634598,0.5055079962546636,0.11376437783179211,20.0,0.505929737872583,0.115502345463647
4,158,ce9344dce5f56b4cda176bcdb36371f48911618aa600da1465617419b4995b69,4b74724c4225fcfe043fdd749fb740fff4cf33c8,0.0027986719875642647,0.007205152797460447,3,cuda,1.0,8,0.5,learned_mixture,0.5247035847583911,64,standard normal at finite u_max,finite,learned,0.48197322678076965,0.13350037570985063,tail,3.070187302536139e-05,0.005562379956245422,32768,151160320,0.02312657858256026,0.48197309747543066,0.13350037570985107,0.023126595071003328,0.4750953562843053,0.1387367588437039,learned/task_038/cell_0158,485,with_replacement,268435456,5.134108170866966,100003,completed,2048,0,0.47816013392571793,0.13416219656217482,0.02352345777171516,0.4744773457882272,0.1394780030144229,20.0,0.47509535628430566,0.13873706091145122
4,198,ce9344dce5f56b4cda176bcdb36371f48911618aa600da1465617419b4995b69,4b74724c4225fcfe043fdd749fb740fff4cf33c8,0.002687338167482128,0.007978785205756601,4,cuda,1.0,8,0.5,learned_mixture,0.6455837233318668,64,standard normal at finite u_max,finite,learned,0.5132008357291324,0.15846360390475758,tail,3.0765202537787514e-05,0.0051721855998039246,32768,151160320,0.1411161526956819,0.5132007784848445,0.15846360390475778,0.14111615994338672,0.5746915966192845,0.16187971691164252,learned/task_038/cell_0198,420,with_replacement,268435456,5.1068373918533325,100004,completed,2048,0,0.5132533469105386,0.1603585407981195,0.1443585255797355,0.5762416793179541,0.1630057843827766,20.0,0.5746915966192846,0.161879570580721
4,238,642c9ac8b37cc879a46c5dc332c9d99eb4ae9d0bd2c4b38a1ce3bbe1af22951a,4b74724c4225fcfe043fdd749fb740fff4cf33c8,0.0011971563116745477,0.0050562118031681385,0,cuda,1.0,8,0.5,learned_mixture,0.6246148634617634,64,standard normal at finite u_max,finite,learned,0.49183977393022393,0.12565244684010224,tail,3.062170954733004e-05,0.005491212010383606,32768,151160320,0.1266652387534244,0.4918396516377404,0.12565244684010202,0.12666525459338174,0.4867247866498391,0.12590216526194378,learned/task_038/cell_0238,465,with_replacement,268435456,5.122170984745026,101000,completed,2048,1,0.492565837279495,0.1254540728592467,0.12565490633919296,0.48395337917517417,0.12576787606691972,20.0,0.48672478664983887,0.12590235149985715
4,278,642c9ac8b37cc879a46c5dc332c9d99eb4ae9d0bd2c4b38a1ce3bbe1af22951a,4b74724c4225fcfe043fdd749fb740fff4cf33c8,0.00040516035784547694,0.0024677534059699938,1,cuda,1.0,8,0.5,learned_mixture,0.5468357293674967,64,standard normal at finite u_max,finite,learned,0.4980732968083769,0.12617677274556022,tail,3.0535456705741176e-05,0.0051608458161354065,32768,151160320,0.028662565039641624,0.49807315425038956,0.12617677274556022,0.02866258824955971,0.5224057042577502,0.12731266915108214,learned/task_038/cell_0278,453,with_replacement,268435456,5.1265165358781815,101001,completed,2048,1,0.4975576684993708,0.12579980485645684,0.028933147936100148,0.5190886147097586,0.12695868436871552,20.0,0.5224057042577501,0.12731270171542988
4,318,642c9ac8b37cc879a46c5dc332c9d99eb4ae9d0bd2c4b38a1ce3bbe1af22951a,4b74724c4225fcfe043fdd749fb740fff4cf33c8,0.0007229835942113664,0.0034079489609741345,2,cuda,1.0,8,0.5,learned_mixture,0.9067016161652931,64,standard normal at finite u_max,finite,learned,0.49562680855144825,0.13430834601610536,tail,3.0526435081057504e-05,0.005050256848335266,32768,151160320,0.01448509444726312,0.4956267007668218,0.13430834601610553,0.014485110715763694,0.4799401676541055,0.13549266430250456,learned/task_038/cell_0318,484,with_replacement,268435456,5.139566496014595,101002,completed,2048,1,0.4955352860742543,0.13433273567972015,0.013879240709857646,0.4755541355500853,0.13551309306676615,20.0,0.47994016765410547,0.13549272054633832
4,358,642c9ac8b37cc879a46c5dc332c9d99eb4ae9d0bd2c4b38a1ce3bbe1af22951a,4b74724c4225fcfe043fdd749fb740fff4cf33c8,0.001004503570822806,0.004178348532304494,3,cuda,1.0,8,0.5,learned_mixture,0.6305435461737473,64,standard normal at finite u_max,finite,learned,0.5245000163363391,0.14015574570641182,tail,3.051790723052452e-05,0.004985839128494263,32768,151160320,0.04250345061625895,0.5244998716434285,0.14015574570641173,0.04250343569241335,0.4851564531627356,0.14075884385661375,learned/task_038/cell_0358,477,with_replacement,268435456,5.132828839123249,101003,completed,2048,1,0.5224932029353909,0.13922770721845257,0.04401103882103483,0.48085941136265364,0.14002363895336312,20.0,0.48515645316273565,0.14075862646063417
4,398,642c9ac8b37cc879a46c5dc332c9d99eb4ae9d0bd2c4b38a1ce3bbe1af22951a,4b74724c4225fcfe043fdd749fb740fff4cf33c8,0.0006131069801803629,0.0032771669854831285,4,cuda,1.0,8,0.5,learned_mixture,0.9002655624431969,64,standard normal at finite u_max,finite,learned,0.3466470320402072,0.0991247913348168,tail,3.061029904728343e-05,0.00551208108663559,32768,151160320,0.0616552678424879,0.34664703120136375,0.09912479133481679,0.061655312693594845,0.4542797853730052,0.10625783072040684,learned/task_038/cell_0398,424,with_replacement,268435456,5.112782754004002,101004,completed,2048,1,0.3434894317951253,0.09751904371243911,0.06187099226947276,0.4541681954987574,0.10436522966240745,20.0,0.4542797853730053,0.10625790766797301
4,438,4ad56f1f2de8ac7e99a997dc798fcc9a82d5e41bcaa01483fa8161ba24fa2737,4b74724c4225fcfe043fdd749fb740fff4cf33c8,0.0052559934306067365,0.01036463721399505,0,cuda,1.0,8,0.5,learned_mixture,0.5678603437707729,64,standard normal at finite u_max,finite,learned,0.467152580212965,0.11933221276406566,tail,3.0532931879364126e-05,0.005074508488178253,32768,151160320,0.11314200356849295,0.46715248601570103,0.11933221276406561,0.1131420194562455,0.5076064535954857,0.12411299359417233,learned/task_038/cell_0438,469,with_replacement,268435456,5.130755580961704,102000,completed,2048,2,0.45570823508233327,0.11486435591457467,0.113408275910869,0.5156191352393666,0.12160055901651015,20.0,0.5076064535954857,0.1241131593295053
4,478,4ad56f1f2de8ac7e99a997dc798fcc9a82d5e41bcaa01483fa8161ba24fa2737,4b74724c4225fcfe043fdd749fb740fff4cf33c8,0.0018151949635398178,0.005414618441327316,1,cuda,1.0,8,0.5,learned_mixture,0.5043080108590196,64,standard normal at finite u_max,finite,learned,0.34153016465968705,0.08893636568583546,tail,3.065773831910239e-05,0.004980899393558502,32768,151160320,0.00672929676402382,0.3415301380790612,0.08893636568583506,0.006729295539474345,0.3641681891523213,0.09317688525258697,learned/task_038/cell_0478,453,with_replacement,268435456,5.119206428527832,102001,completed,2048,2,0.3394722669827862,0.08788596075785313,0.009698669760604718,0.3733042257828826,0.09135647461059207,20.0,0.364168189152321,0.09317720461434116
4,518,4ad56f1f2de8ac7e99a997dc798fcc9a82d5e41bcaa01483fa8161ba24fa2737,4b74724c4225fcfe043fdd749fb740fff4cf33c8,0.0045799261192538574,0.00855508519078491,2,cuda,1.0,8,0.5,learned_mixture,0.7664909066060355,64,standard normal at finite u_max,finite,learned,0.518637019481459,0.13818374288052687,tail,3.053290956536317e-05,0.005513720214366913,32768,151160320,0.01902207525521306,0.51863698442184,0.13818374288052612,0.01902209189861194,0.5989836976251403,0.14452161837912628,learned/task_038/cell_0518,489,with_replacement,268435456,5.13479708135128,102002,completed,2048,2,0.5116305241225004,0.13497910205726793,0.016831842921568682,0.6044044886202318,0.1418667819310405,20.0,0.59898369762514,0.1445212805052738
4,558,4ad56f1f2de8ac7e99a997dc798fcc9a82d5e41bcaa01483fa8161ba24fa2737,4b74724c4225fcfe043fdd749fb740fff4cf33c8,0.0037311204756490042,0.008164491969018741,3,cuda,1.0,8,0.5,learned_mixture,0.5127388036725758,64,standard normal at finite u_max,finite,learned,0.5125603052875911,0.13270566128071407,tail,3.132778563402777e-05,0.005052700638771057,32768,151160320,0.034299553156623724,0.5125601652496403,0.13270566128071393,0.03429956745000454,0.5200280948472757,0.13513312507520242,learned/task_038/cell_0558,480,with_replacement,268435456,5.127550654113293,102003,completed,2048,2,0.495462453603448,0.12687729384154758,0.028997166187227294,0.5270178451864077,0.12954273453536672,20.0,0.5200280948472756,0.1351326221826754
4,598,4ad56f1f2de8ac7e99a997dc798fcc9a82d5e41bcaa01483fa8161ba24fa2737,4b74724c4225fcfe043fdd749fb740fff4cf33c8,0.005213112207682889,0.009509889358984395,4,cuda,1.0,8,0.5,learned_mixture,0.8702158314884793,64,standard normal at finite u_max,finite,learned,0.45815228648689654,0.13399936836944135,tail,3.0912735195872414e-05,0.005024731159210205,32768,151160320,0.08909791830263213,0.45815222724150984,0.1339993683694411,0.08909796472567041,0.5162644785132398,0.13571119429709952,learned/task_038/cell_0598,421,with_replacement,268435456,5.110756523907185,102004,completed,2048,2,0.4537495497137953,0.12954749748867916,0.08811222332704878,0.5271774809347468,0.13107367300578204,20.0,0.5162644785132395,0.13571105362248778
4,638,40d2f60f7b01b721909df18cdd26cc0bda1e28ef62dd47bb3bc9b7acfaa1fbc4,4b74724c4225fcfe043fdd749fb740fff4cf33c8,0.0032922377209488557,0.007232242886468695,0,cuda,1.0,8,0.5,learned_mixture,0.9778619518965099,64,standard normal at finite u_max,finite,learned,0.46188266475964135,0.12335692015297435,tail,3.053829843924366e-05,0.005483515560626984,32768,151160320,0.11918885346079956,0.4618825698326604,0.12335692015297409,0.11918886922674383,0.45022450066918135,0.12533322997211221,learned/task_038/cell_0638,469,with_replacement,268435456,5.126791134476662,103000,completed,2048,3,0.4568741383163951,0.12238346987671565,0.11524823964644235,0.44831270341760404,0.12443962627737697,20.0,0.4502245006691812,0.1253328409832126
4,678,40d2f60f7b01b721909df18cdd26cc0bda1e28ef62dd47bb3bc9b7acfaa1fbc4,4b74724c4225fcfe043fdd749fb740fff4cf33c8,0.0031951309352244283,0.0080692700576677,1,cuda,1.0,8,0.5,learned_mixture,0.7447964510106171,64,standard normal at finite u_max,finite,learned,0.4148220631657191,0.11697261069862772,tail,3.052319127917307e-05,0.005158782005310059,32768,151160320,0.021238380476961548,0.4148219917049003,0.11697261069862813,0.021238378560557818,0.40114736553662744,0.11727977891136857,learned/task_038/cell_0678,451,with_replacement,268435456,5.125175483524799,103001,completed,2048,3,0.4011769247199716,0.11191097656222282,0.017970973038435915,0.3989118843132503,0.11242017439265084,20.0,0.40114736553662766,0.11728000973800032
4,718,40d2f60f7b01b721909df18cdd26cc0bda1e28ef62dd47bb3bc9b7acfaa1fbc4,4b74724c4225fcfe043fdd749fb740fff4cf33c8,0.005056220007114127,0.010222160344392684,2,cuda,1.0,8,0.5,learned_mixture,0.8576292884470532,64,standard normal at finite u_max,finite,learned,0.4547336142171524,0.11798764191419257,tail,3.052228996491437e-05,0.005025550723075867,32768,151160320,0.016715121704058408,0.4547335406227869,0.1179876419141927,0.016715137639221153,0.5149866894575427,0.12272781271015568,learned/task_038/cell_0718,482,with_replacement,268435456,5.135410279035568,103002,completed,2048,3,0.4508380441285757,0.11548086253511815,0.018624151703265868,0.5146195092880393,0.1200834630937466,20.0,0.5149866894575429,0.12272752702402277
4,758,40d2f60f7b01b721909df18cdd26cc0bda1e28ef62dd47bb3bc9b7acfaa1fbc4,4b74724c4225fcfe043fdd749fb740fff4cf33c8,0.0024863083062164225,0.006951098286372807,3,cuda,1.0,8,0.5,learned_mixture,0.7615189454949792,64,standard normal at finite u_max,finite,learned,0.5052923943359853,0.1324455298384416,tail,3.053328535938138e-05,0.005000501871109009,32768,151160320,0.026867051941598066,0.5052922070405048,0.13244552983844138,0.026867068756091878,0.4147570380996586,0.13249331052560814,learned/task_038/cell_0758,481,with_replacement,268435456,5.128028608858585,103003,completed,2048,3,0.5129288616734012,0.13556187657329197,0.028594441274101892,0.4118660426634998,0.1355926757909126,20.0,0.41475703809965847,0.13249353148490714
4,798,40d2f60f7b01b721909df18cdd26cc0bda1e28ef62dd47bb3bc9b7acfaa1fbc4,4b74724c4225fcfe043fdd749fb740fff4cf33c8,0.00227140267812302,0.0072366588622508,4,cuda,1.0,8,0.5,learned_mixture,0.5196366947634512,64,standard normal at finite u_max,finite,learned,0.3745587162712063,0.11151038478070562,tail,3.051956297204106e-05,0.005484528839588165,32768,151160320,0.06335946974295822,0.37455866532651294,0.11151038478070538,0.06335950163425917,0.389461807547838,0.11250712273521875,learned/task_038/cell_0798,421,with_replacement,268435456,5.114866487681866,103004,completed,2048,3,0.3896513240251416,0.1169521381499336,0.07147628660326025,0.38819124408932515,0.11754269854564717,20.0,0.38946180754783777,0.11250679838800175
4,838,4f8f7d024dee2ba1d205fcf59f39c4f32d87524ab703a9051d4ad4e7ca38f59f,4b74724c4225fcfe043fdd749fb740fff4cf33c8,0.006599843684422851,0.008593370840015643,0,cuda,1.0,8,0.5,learned_mixture,0.676672398289487,64,standard normal at finite u_max,finite,learned,0.5019494140683808,0.1369554405100898,tail,3.051781170199172e-05,0.005032405257225037,32768,151160320,0.1479804872676526,0.5019492684270513,0.1369554405100898,0.14798050335171878,0.46088702301288176,0.1392066408242431,learned/task_038/cell_0838,470,with_replacement,268435456,5.133657082915306,104000,completed,2048,4,0.5148069155797781,0.14335873652270031,0.1458094921120198,0.4611902360117396,0.1455700783331898,20.0,0.46088702301288176,0.13920671883278532
4,878,4f8f7d024dee2ba1d205fcf59f39c4f32d87524ab703a9051d4ad4e7ca38f59f,4b74724c4225fcfe043fdd749fb740fff4cf33c8,0.0024914817357353774,0.006621990432879198,1,cuda,1.0,8,0.5,learned_mixture,0.9949715128506389,64,standard normal at finite u_max,finite,learned,0.48008828222426736,0.1293065066645959,tail,3.0733593119756995e-05,0.005032584071159363,32768,151160320,0.035983291254238804,0.4800882179206235,0.1293065066645954,0.03598331490775363,0.4331876863423329,0.13113052067228614,learned/task_038/cell_0878,451,with_replacement,268435456,5.123057000339031,104001,completed,2048,4,0.4982653240980576,0.13592741799376318,0.03781590604080503,0.43447372980453025,0.13748617528353688,20.0,0.43318768634233257,0.1311305774121265
4,918,4f8f7d024dee2ba1d205fcf59f39c4f32d87524ab703a9051d4ad4e7ca38f59f,4b74724c4225fcfe043fdd749fb740fff4cf33c8,0.004006415909999863,0.009093963392755176,2,cuda,1.0,8,0.5,learned_mixture,0.9658812548364384,64,standard normal at finite u_max,finite,learned,0.39977359051513106,0.10734416374835588,tail,3.0522472876160026e-05,0.005460582673549652,32768,151160320,0.0015741929989065567,0.39977353335127025,0.10734416374835545,0.0015741787145179265,0.4735882814775264,0.11314308518884264,learned/task_038/cell_0918,485,with_replacement,268435456,5.135989628732204,104002,completed,2048,4,0.4178840237503013,0.11456823550630514,0.0011882139163958416,0.47394508577141575,0.1198985420195772,20.0,0.4735882814775261,0.1131427293808861
4,958,4f8f7d024dee2ba1d205fcf59f39c4f32d87524ab703a9051d4ad4e7ca38f59f,4b74724c4225fcfe043fdd749fb740fff4cf33c8,0.004622437188969399,0.008134641249056006,3,cuda,1.0,8,0.5,learned_mixture,0.9182888677574564,64,standard normal at finite u_max,finite,learned,0.3991027472347708,0.1050171827942337,tail,3.08350039225497e-05,0.005166329443454742,32768,151160320,0.011260943738462691,0.39910272347693876,0.10501718279423441,0.011260933409194514,0.4401504706393873,0.11012562311429316,learned/task_038/cell_0958,479,with_replacement,268435456,5.1267082542181015,104003,completed,2048,4,0.41676229280003596,0.11175613755341182,0.010971062112463072,0.4410043421074547,0.1160930735070718,20.0,0.4401504706393879,0.11012497017701711
4,998,4f8f7d024dee2ba1d205fcf59f39c4f32d87524ab703a9051d4ad4e7ca38f59f,4b74724c4225fcfe043fdd749fb740fff4cf33c8,0.001955632727284397,0.005593964732646297,4,cuda,1.0,8,0.5,learned_mixture,0.6708333367355076,64,standard normal at finite u_max,finite,learned,0.48096461058530293,0.12685245412628465,tail,3.057725258481244e-05,0.005070969462394714,32768,151160320,0.11575630662889619,0.4809645501782934,0.12685245412628482,0.11575633480331136,0.5560641139117188,0.13051323751780614,learned/task_038/cell_0998,419,with_replacement,268435456,5.107376232743263,104004,completed,2048,4,0.48210724419588186,0.12920985239285399,0.11341583185726772,0.5583389728824382,0.13347876663032068,20.0,0.5560641139117191,0.1305129131454565
4,39,ce9344dce5f56b4cda176bcdb36371f48911618aa600da1465617419b4995b69,4b74724c4225fcfe043fdd749fb740fff4cf33c8,0.0028252357371008965,0.006935223527859486,0,cuda,1.0,8,0.5,learned_mixture,0.8973565745482307,64,standard normal at finite u_max,finite,learned,0.3939245796006395,0.10557174431290117,tail,0.0001266830693503382,2.088101491332054,32768,167937536,0.11079469084795544,0.39392451083929836,0.10557174431290162,0.11079469050745332,0.3207675714529864,0.10719485929541148,learned/task_039/cell_0039,441,without_replacement,268435456,5.737795561552048,100000,completed,2048,0,0.39682171880849426,0.10638773115018987,0.10879541280967213,0.31799949452825915,0.1075984421108918,20.0,0.32076757145298673,0.10719490483260356
4,79,ce9344dce5f56b4cda176bcdb36371f48911618aa600da1465617419b4995b69,4b74724c4225fcfe043fdd749fb740fff4cf33c8,0.0031327639220031524,0.008543432645274154,1,cuda,1.0,8,0.5,learned_mixture,0.9458969835434741,64,standard normal at finite u_max,finite,learned,0.38689156172028794,0.10915776435993158,tail,0.00013967716662520202,0.00543416291475296,32768,167937536,0.037662010814872596,0.38689151192827176,0.10915776435993155,0.03766203555217362,0.4011167336302853,0.11035984330156084,learned/task_039/cell_0079,428,without_replacement,268435456,5.729160226881504,100001,completed,2048,0,0.38615812516452913,0.10802634433133139,0.03903857265079093,0.40101224263187024,0.10885927402087014,20.0,0.4011167336302854,0.11035967640440353
4,119,ce9344dce5f56b4cda176bcdb36371f48911618aa600da1465617419b4995b69,4b74724c4225fcfe043fdd749fb740fff4cf33c8,0.003926622494122266,0.009452954527715437,2,cuda,1.0,8,0.5,learned_mixture,0.9519064164190053,64,standard normal at finite u_max,finite,learned,0.38290602628887505,0.09917255159440296,tail,4.9071560729978845e-05,0.0054354071617126465,32768,167937536,0.008328986411620248,0.382905968474672,0.09917255159440283,0.008328972315859662,0.43151480434684353,0.10202563601977116,learned/task_039/cell_0119,456,without_replacement,268435456,5.73801851272583,100002,completed,2048,0,0.36024626997708115,0.09144216038981223,0.006315622118015382,0.4309409361259664,0.09647914856973994,20.0,0.4315148043468436,0.1020258635982511
4,159,ce9344dce5f56b4cda176bcdb36371f48911618aa600da1465617419b4995b69,4b74724c4225fcfe043fdd749fb740fff4cf33c8,0.0027986719875642647,0.007205152797460447,3,cuda,1.0,8,0.5,learned_mixture,0.7095836694903416,64,standard normal at finite u_max,finite,learned,0.2507512727750728,0.06435823601981505,tail,5.404792558041579e-05,0.005584269762039185,32768,167937536,0.013497244800814505,0.25075127160897714,0.06435823601981543,0.01349726128925756,0.2653333317078511,0.06566920833723722,learned/task_039/cell_0159,465,without_replacement,268435456,5.744017831981182,100003,completed,2048,0,0.2593375498430235,0.06703446714806674,0.013894123989969408,0.26649436369410273,0.06892449881382481,20.0,0.26533333170785156,0.06566901139066943
4,199,ce9344dce5f56b4cda176bcdb36371f48911618aa600da1465617419b4995b69,4b74724c4225fcfe043fdd749fb740fff4cf33c8,0.002687338167482128,0.007978785205756601,4,cuda,1.0,8,0.5,learned_mixture,0.9987944205956315,64,standard normal at finite u_max,finite,learned,0.3253073961614552,0.09340472172205036,tail,5.771019837288497e-05,0.00497029721736908,32768,167937536,0.05016656914012799,0.325307491949804,0.09340472172205053,0.05016660176211889,0.3874945102975667,0.0959495383014736,learned/task_039/cell_0199,407,without_replacement,268435456,5.7280033826828,100004,completed,2048,0,0.3377220339406742,0.0983216132566795,0.06137489147189189,0.3896541533295199,0.100686995745382,20.0,0.3874945102975668,0.09594946605272751
4,239,642c9ac8b37cc879a46c5dc332c9d99eb4ae9d0bd2c4b38a1ce3bbe1af22951a,4b74724c4225fcfe043fdd749fb740fff4cf33c8,0.0011971563116745477,0.0050562118031681385,0,cuda,1.0,8,0.5,learned_mixture,0.5742362627795071,64,standard normal at finite u_max,finite,learned,0.34378393278905856,0.0895584891664428,tail,8.711891322557772e-05,0.005136668682098389,32768,167937536,0.03973156241129069,0.34378383947623997,0.08955848916644271,0.03973157825124803,0.32413254076607523,0.09433777681907898,learned/task_039/cell_0239,436,without_replacement,268435456,5.7325151190161705,101000,completed,2048,1,0.34797813525283294,0.09088764377477906,0.03872122999705926,0.3200953355358241,0.09553818067364579,20.0,0.324132540766075,0.09433772314004517
4,279,642c9ac8b37cc879a46c5dc332c9d99eb4ae9d0bd2c4b38a1ce3bbe1af22951a,4b74724c4225fcfe043fdd749fb740fff4cf33c8,0.00040516035784547694,0.0024677534059699938,1,cuda,1.0,8,0.5,learned_mixture,0.6030730351719996,64,standard normal at finite u_max,finite,learned,0.25368322903513374,0.06506504012486512,tail,0.00019703420078595328,0.005204483866691589,32768,167937536,0.008294192594364489,0.25368325679907033,0.06506504012486478,0.008294215804282561,0.26839777161099515,0.06794009939450266,learned/task_039/cell_0279,417,without_replacement,268435456,5.713061481714249,101001,completed,2048,1,0.25502723737263633,0.0655005445836849,0.008564775490823013,0.2629722365618332,0.0680278507377524,20.0,0.26839777161099476,0.06794000795237694
4,319,642c9ac8b37cc879a46c5dc332c9d99eb4ae9d0bd2c4b38a1ce3bbe1af22951a,4b74724c4225fcfe043fdd749fb740fff4cf33c8,0.0007229835942113664,0.0034079489609741345,2,cuda,1.0,8,0.5,learned_mixture,0.8935180854139895,64,standard normal at finite u_max,finite,learned,0.3349696416324378,0.0937927637917573,tail,5.409235261517192e-05,0.011145219206809998,32768,167937536,0.00874409512742963,0.33496954687469843,0.09379276379175666,0.008744111395930315,0.22232818179101266,0.09652750395886772,learned/task_039/cell_0319,452,without_replacement,268435456,5.73480399698019,101002,completed,2048,1,0.3364028678514185,0.09442087305830897,0.008138241390024156,0.21603875419017368,0.0967279752959022,20.0,0.22232818179101238,0.09652790480331455
4,359,642c9ac8b37cc879a46c5dc332c9d99eb4ae9d0bd2c4b38a1ce3bbe1af22951a,4b74724c4225fcfe043fdd749fb740fff4cf33c8,0.001004503570822806,0.004178348532304494,3,cuda,1.0,8,0.5,learned_mixture,0.9787896236100319,64,standard normal at finite u_max,finite,learned,0.2865027152895643,0.07462692409545743,tail,6.324054205206428e-05,0.004896506667137146,32768,167937536,0.022680340797881036,0.2865027062234028,0.07462692409545715,0.0226803313127211,0.2815626260889788,0.07703030618113985,learned/task_039/cell_0359,461,without_replacement,268435456,5.744788505136967,101003,completed,2048,1,0.28982790130638725,0.07545090017361834,0.024186387252041464,0.27564029607201623,0.0775828504859638,20.0,0.28156262608897875,0.07703037690009708
4,399,642c9ac8b37cc879a46c5dc332c9d99eb4ae9d0bd2c4b38a1ce3bbe1af22951a,4b74724c4225fcfe043fdd749fb740fff4cf33c8,0.0006131069801803629,0.0032771669854831285,4,cuda,1.0,8,0.5,learned_mixture,0.5148838843340169,64,standard normal at finite u_max,finite,learned,0.33304495714068433,0.09892889621858675,tail,6.577939285031752e-05,0.005568929016590118,32768,167937536,0.05095009909891195,0.3330449891895881,0.09892889621858661,0.05095012279740541,0.42766901278576896,0.10328019163243847,learned/task_039/cell_0399,403,without_replacement,268435456,5.733063273131847,101004,completed,2048,1,0.3340741807449163,0.09870402451319277,0.05478845235336936,0.42734854156587876,0.10241254011875522,20.0,0.42766901278576885,0.10328009954481358
4,439,4ad56f1f2de8ac7e99a997dc798fcc9a82d5e41bcaa01483fa8161ba24fa2737,4b74724c4225fcfe043fdd749fb740fff4cf33c8,0.0052559934306067365,0.01036463721399505,0,cuda,1.0,8,0.5,learned_mixture,0.5952128206934321,64,standard normal at finite u_max,finite,learned,0.3457400835740401,0.09126377879932988,tail,9.558052389766049e-05,0.004979930818080902,32768,167937536,0.09033509628120162,0.3457400536167379,0.09126377879932979,0.09033511216895418,0.27530924925841893,0.09409599912914002,learned/task_039/cell_0439,435,without_replacement,268435456,5.743105866014957,102000,completed,2048,2,0.33652146403800365,0.08848640208267698,0.09060136862357766,0.287259044391442,0.09118139706442134,20.0,0.2753092492584188,0.09409609504049166
4,479,4ad56f1f2de8ac7e99a997dc798fcc9a82d5e41bcaa01483fa8161ba24fa2737,4b74724c4225fcfe043fdd749fb740fff4cf33c8,0.0018151949635398178,0.005414618441327316,1,cuda,1.0,8,0.5,learned_mixture,0.807021953501841,64,standard normal at finite u_max,finite,learned,0.2725266514226297,0.07217351544482267,tail,0.0002072058461861417,0.004897259175777435,32768,167937536,0.02144197815950793,0.27252661998772987,0.07217351544482231,0.021442000656596294,0.24064756403954324,0.07484385569943108,learned/task_039/cell_0479,427,without_replacement,268435456,5.726985737681389,102001,completed,2048,2,0.2617997120183438,0.06853001526526015,0.019926406229115647,0.25141468056634,0.07167951820997638,20.0,0.24064756403954296,0.07484396075257051
4,519,4ad56f1f2de8ac7e99a997dc798fcc9a82d5e41bcaa01483fa8161ba24fa2737,4b74724c4225fcfe043fdd749fb740fff4cf33c8,0.0045799261192538574,0.00855508519078491,2,cuda,1.0,8,0.5,learned_mixture,0.7189432894970255,64,standard normal at finite u_max,finite,learned,0.36772778574929116,0.09635996990352036,tail,3.439408556478598e-05,0.005380965769290924,32768,167937536,0.009685959529772845,0.36772778220184,0.09635996990352023,0.009685976173171643,0.37787572267968905,0.09983991558862444,learned/task_039/cell_0519,450,without_replacement,268435456,5.731871426105499,102002,completed,2048,2,0.37473365920740237,0.09769044209590148,0.007495727196128468,0.38652975758548447,0.10066095863551208,20.0,0.37787572267968905,0.0998399298251846
4,559,4ad56f1f2de8ac7e99a997dc798fcc9a82d5e41bcaa01483fa8161ba24fa2737,4b74724c4225fcfe043fdd749fb740fff4cf33c8,0.0037311204756490042,0.008164491969018741,3,cuda,1.0,8,0.5,learned_mixture,0.6664960131904094,64,standard normal at finite u_max,finite,learned,0.3886165699455531,0.09816519128378204,tail,6.544019811422224e-05,0.005061693489551544,32768,167937536,0.03253516823689778,0.38861649220168804,0.09816519128378201,0.03253515947987411,0.3830798911412528,0.09898259722577174,learned/task_039/cell_0559,461,without_replacement,268435456,5.737562298774719,102003,completed,2048,2,0.3847089334762741,0.0967527757044738,0.03802468133940669,0.392702464872083,0.09765533135271962,20.0,0.3830798911412528,0.0989820355592464
4,599,4ad56f1f2de8ac7e99a997dc798fcc9a82d5e41bcaa01483fa8161ba24fa2737,4b74724c4225fcfe043fdd749fb740fff4cf33c8,0.005213112207682889,0.009509889358984395,4,cuda,1.0,8,0.5,learned_mixture,0.625974020543518,64,standard normal at finite u_max,finite,learned,0.3243346654574158,0.09386086023275671,tail,0.00011457626320388274,0.004943743348121643,32768,167937536,0.055972114576706186,0.3243347058978905,0.09386086023275657,0.05597216099974454,0.4357156443144944,0.09896209635675395,learned/task_039/cell_0599,406,without_replacement,268435456,5.721056915819645,102004,completed,2048,2,0.31908937315494457,0.0894089893519945,0.05498641960112284,0.4483389507839492,0.09575802108814858,20.0,0.4357156443144944,0.09896208574792499
4,639,40d2f60f7b01b721909df18cdd26cc0bda1e28ef62dd47bb3bc9b7acfaa1fbc4,4b74724c4225fcfe043fdd749fb740fff4cf33c8,0.0032922377209488557,0.007232242886468695,0,cuda,1.0,8,0.5,learned_mixture,0.7215362799436918,64,standard normal at finite u_max,finite,learned,0.292313295417207,0.07665769206825418,tail,4.860933180824301e-05,0.004911065101623535,32768,167937536,0.06420878884119832,0.29231326643025335,0.07665769206825396,0.06420878762460726,0.2847860395651279,0.08069667458308852,learned/task_039/cell_0639,437,without_replacement,268435456,5.731502801179886,103000,completed,2048,3,0.29144613912518186,0.07649785779693483,0.06011732336511633,0.2824969315899078,0.08092688424912721,20.0,0.2847860395651276,0.08069661672033121
4,679,40d2f60f7b01b721909df18cdd26cc0bda1e28ef62dd47bb3bc9b7acfaa1fbc4,4b74724c4225fcfe043fdd749fb740fff4cf33c8,0.0031951309352244283,0.0080692700576677,1,cuda,1.0,8,0.5,learned_mixture,0.6431195837721959,64,standard normal at finite u_max,finite,learned,0.3600253744126185,0.09610702296367345,tail,0.00017065639993022727,0.005429573357105255,32768,167937536,0.030595276709960473,0.3600252859337334,0.09610702296367338,0.030595274793556632,0.3012663786141545,0.09616126765805319,learned/task_039/cell_0679,418,without_replacement,268435456,5.728386454284191,103001,completed,2048,3,0.343293185897125,0.09104538882726855,0.02732786927143484,0.2986503734225527,0.09114187347552748,20.0,0.3012663786141544,0.09616138418524914
4,719,40d2f60f7b01b721909df18cdd26cc0bda1e28ef62dd47bb3bc9b7acfaa1fbc4,4b74724c4225fcfe043fdd749fb740fff4cf33c8,0.005056220007114127,0.010222160344392684,2,cuda,1.0,8,0.5,learned_mixture,0.9998556636973694,64,standard normal at finite u_max,finite,learned,0.35172560805590236,0.09067919230270861,tail,7.362333247116687e-05,0.005011893808841705,32768,167937536,0.0069878372312519865,0.3517255600483583,0.09067919230270881,0.006987853166414884,0.37346086762532993,0.09450516512735359,learned/task_039/cell_0719,445,without_replacement,268435456,5.739398889243603,103002,completed,2048,3,0.3260906160346035,0.0824556747484792,0.008896867230459446,0.3723147190839926,0.0880867408582828,20.0,0.3734608676253302,0.09450534584244927
4,759,40d2f60f7b01b721909df18cdd26cc0bda1e28ef62dd47bb3bc9b7acfaa1fbc4,4b74724c4225fcfe043fdd749fb740fff4cf33c8,0.0024863083062164225,0.006951098286372807,3,cuda,1.0,8,0.5,learned_mixture,0.6425183814324669,64,standard normal at finite u_max,finite,learned,0.26588602642325065,0.0703452258344692,tail,0.00010088254430518209,0.004880264401435852,32768,167937536,0.01189007993132857,0.265886027426271,0.07034522583446942,0.011890069966413551,0.24961872243654254,0.07235823004714513,learned/task_039/cell_0759,456,without_replacement,268435456,5.73987590521574,103003,completed,2048,3,0.26686140101072675,0.07089104409776742,0.009858852322636504,0.24607976293635722,0.07324962266188023,20.0,0.2496187224365427,0.07235766873076047
4,799,40d2f60f7b01b721909df18cdd26cc0bda1e28ef62dd47bb3bc9b7acfaa1fbc4,4b74724c4225fcfe043fdd749fb740fff4cf33c8,0.00227140267812302,0.0072366588622508,4,cuda,1.0,8,0.5,learned_mixture,0.768264778614941,64,standard normal at finite u_max,finite,learned,0.3737380427346643,0.10763798001910088,tail,0.00014592107993344436,0.005391962826251984,32768,167937536,0.03274452688508195,0.3737380845956707,0.10763798001910069,0.03274454627769291,0.47746317581839914,0.1131381007386832,learned/task_039/cell_0799,401,without_replacement,268435456,5.722385868430138,103004,completed,2048,3,0.36626032262528174,0.10674376612383771,0.03222225308973241,0.4766039174243557,0.11396716973043707,20.0,0.4774631758183991,0.11313817003500114
4,839,4f8f7d024dee2ba1d205fcf59f39c4f32d87524ab703a9051d4ad4e7ca38f59f,4b74724c4225fcfe043fdd749fb740fff4cf33c8,0.006599843684422851,0.008593370840015643,0,cuda,1.0,8,0.5,learned_mixture,0.6611623447945941,64,standard normal at finite u_max,finite,learned,0.27329846241219097,0.0718730009932091,tail,9.755233807284473e-05,0.0050838664174079895,32768,167937536,0.03261577730354257,0.2732983914867171,0.07187300099320873,0.03261581930140999,0.19801437533474675,0.07219262615404046,learned/task_039/cell_0839,434,without_replacement,268435456,5.728523060679436,104000,completed,2048,4,0.29521377313073144,0.07890575541749223,0.03196092025108146,0.19863165148548953,0.07940096909416018,20.0,0.19801437533474642,0.07219218697075012
4,879,4f8f7d024dee2ba1d205fcf59f39c4f32d87524ab703a9051d4ad4e7ca38f59f,4b74724c4225fcfe043fdd749fb740fff4cf33c8,0.0024914817357353774,0.006621990432879198,1,cuda,1.0,8,0.5,learned_mixture,0.8680731062339878,64,standard normal at finite u_max,finite,learned,0.2841558387174766,0.07429327214114799,tail,0.00014598769753521878,0.004934646189212799,32768,167937536,0.022306052374095334,0.28415584460460175,0.07429327214114846,0.022306050293158713,0.2836080236706951,0.07754261858141048,learned/task_039/cell_0879,418,without_replacement,268435456,5.727036632597446,104001,completed,2048,4,0.3015633395865852,0.08000909831898878,0.021326077151270096,0.2853101694392737,0.08282624588531953,20.0,0.2836080236706955,0.07754268551622819
4,919,4f8f7d024dee2ba1d205fcf59f39c4f32d87524ab703a9051d4ad4e7ca38f59f,4b74724c4225fcfe043fdd749fb740fff4cf33c8,0.004006415909999863,0.009093963392755176,2,cuda,1.0,8,0.5,learned_mixture,0.5384374761957637,64,standard normal at finite u_max,finite,learned,0.3171532188527114,0.08180983066208944,tail,4.697742320414056e-05,0.0048923492431640625,32768,167937536,0.0012565600190278525,0.3171532101544013,0.08180983066208945,0.001256545734639028,0.32547919407882886,0.08462022328557495,learned/task_039/cell_0919,453,without_replacement,268435456,5.733170613646507,104002,completed,2048,4,0.3355164064024302,0.08776517665329356,0.0008705809365171374,0.3261441576464773,0.09054012955025534,20.0,0.32547919407882886,0.084620217652002
4,959,4f8f7d024dee2ba1d205fcf59f39c4f32d87524ab703a9051d4ad4e7ca38f59f,4b74724c4225fcfe043fdd749fb740fff4cf33c8,0.004622437188969399,0.008134641249056006,3,cuda,1.0,8,0.5,learned_mixture,0.9998798820592433,64,standard normal at finite u_max,finite,learned,0.3443129094535082,0.08542909754701493,tail,7.880380823506366e-05,0.005419120192527771,32768,167937536,0.011515757453311907,0.3443128789135813,0.08542909754701516,0.011515773439552571,0.38812160859036693,0.08903711760681293,learned/task_039/cell_0959,456,without_replacement,268435456,5.744088180363178,104003,completed,2048,4,0.3670116027201741,0.09313053931577314,0.01192538319066579,0.38886393954874854,0.0962331071960921,20.0,0.3881216085903671,0.08903718816227639
4,999,4f8f7d024dee2ba1d205fcf59f39c4f32d87524ab703a9051d4ad4e7ca38f59f,4b74724c4225fcfe043fdd749fb740fff4cf33c8,0.001955632727284397,0.005593964732646297,4,cuda,1.0,8,0.5,learned_mixture,0.6816567235957546,64,standard normal at finite u_max,finite,learned,0.33701588550704226,0.09642816399652188,tail,0.00018318189576728094,0.004983037710189819,32768,167937536,0.07014998645166753,0.33701589337138593,0.09642816399652203,0.07015003091746953,0.3970659324759327,0.1000870168302081,learned/task_039/cell_0999,401,without_replacement,268435456,5.728116147220135,104004,completed,2048,4,0.3418363145411893,0.09945448497512686,0.07040951305549373,0.4001631763212635,0.1034293332740459,20.0,0.39706593247593286,0.10008730373250764
