batch,cell_id,commit,device,diffusion,dimension,ess_threshold,family,final_ess_fraction,groups,initialization,integrability_certificate,kind,ks_mean,mean_absolute_error,method,minimum_ess_fraction,particles,peak_gpu_bytes,positive_mass_error,recorded_ks_mean,recorded_mean_absolute_error,recorded_positive_mass_error,recorded_variance_relative_error,recorded_w1_mean,relative_path,resampling_count,sampling,score_evaluations,seconds,seed,status,steps,u_max,variance_relative_error,w1_mean
4,0,4b74724c4225fcfe043fdd749fb740fff4cf33c8,cuda,1.0,1,0.5,gaussian,0.9736431262097782,64,standard normal at finite u_max,finite,oracle,0.09615032934660406,0.027707978325210103,full,0.17778709997228925,8192,42406912,1.3000539089702556e-08,0.09615027532427045,0.027707978325210103,1.3000722942635434e-08,0.1322802828389411,0.027849978675606183,oracle/task_000/cell_0000,42,with_replacement,268435456,0.5807515000924468,0,completed,512,20.0,0.13228028283894133,0.027849372039591026
2,40,4b74724c4225fcfe043fdd749fb740fff4cf33c8,cuda,1.0,1,0.5,gaussian,0.5168628758223663,64,standard normal at finite u_max,infinite,oracle,0.20993583569199314,0.06013226454702503,unbiased,0.00023595368407363867,8192,2821632,1.3000539089702556e-08,0.20993581410923967,0.06013226454702458,1.300072227650162e-08,0.08814975165078154,0.06013468301653111,oracle/task_000/cell_0040,158,with_replacement,8388608,0.7664186079055071,3,completed,512,20.0,0.08814975165078087,0.06013491683795351
4,80,4b74724c4225fcfe043fdd749fb740fff4cf33c8,cuda,1.0,1,0.5,gaussian,0.9813997084175093,64,standard normal at finite u_max,infinite,oracle,0.05096166721577022,0.012300499136775889,unbiased,0.22458399351453526,8192,5180928,1.3000539089702556e-08,0.05096190254228411,0.012300499136775889,1.3000722942635434e-08,0.11713194043481501,0.012648395156596229,oracle/task_000/cell_0080,87,with_replacement,67108864,2.848844771273434,1,completed,2048,20.0,0.11713194043481523,0.012649597865554009
8,120,4b74724c4225fcfe043fdd749fb740fff4cf33c8,cuda,1.0,1,0.5,gaussian,0.6697777465883651,64,standard normal at finite u_max,infinite,oracle,0.08398335501819099,0.021371249318342223,unbiased,0.361517582446938,8192,9899520,1.3000539089702556e-08,0.08398355950666714,0.02137124931834189,1.3000722498546224e-08,0.14742915607129548,0.02151703537720521,oracle/task_000/cell_0120,47,with_replacement,134217728,2.8321084417402744,4,completed,2048,20.0,0.14742915607129525,0.021519517714260916
2,160,4b74724c4225fcfe043fdd749fb740fff4cf33c8,cuda,1.0,8,0.5,gaussian,0.5294973660407416,64,standard normal at finite u_max,infinite,oracle,0.21425173438295014,0.03335577560614643,unbiased,0.00012300715551966915,8192,24014848,1.3000539089702556e-08,0.2142518072660724,0.03335577560614643,1.3000722498546224e-08,0.5871775921821756,0.047167011268327806,oracle/task_000/cell_0160,246,without_replacement,8388608,0.7907757256180048,2,completed,512,20.0,0.5871775921821757,0.04716739152925392
4,200,4b74724c4225fcfe043fdd749fb740fff4cf33c8,cuda,1.0,8,0.5,gaussian,0.7504014449088648,64,standard normal at finite u_max,infinite,oracle,0.15989118224168677,0.035807474326790115,unbiased,0.0006435413979329669,8192,41971712,1.3000539089702556e-08,0.1598912210983478,0.03580747432679014,1.300072272059083e-08,0.34623910455675494,0.04060004806889014,oracle/task_000/cell_0200,593,without_replacement,67108864,2.991714522242546,0,completed,2048,20.0,0.34623910455675505,0.040599761215181766
8,240,4b74724c4225fcfe043fdd749fb740fff4cf33c8,cuda,1.0,8,0.5,gaussian,0.9207297408188455,64,standard normal at finite u_max,infinite,oracle,0.07391958321457304,0.016029332197569912,unbiased,0.0009524592473359231,8192,77885440,1.3000539089702556e-08,0.07391970036019971,0.01602933219756994,1.300072272059083e-08,0.19866031262737358,0.017949745221721224,oracle/task_000/cell_0240,441,without_replacement,134217728,3.020036978647113,3,completed,2048,20.0,0.19866031262737377,0.017949366363372625
2,280,4b74724c4225fcfe043fdd749fb740fff4cf33c8,cuda,1.0,1,0.5,mixture,0.9979116133893188,64,standard normal at finite u_max,finite,oracle,0.6950048732368149,1.6944192101238489,tail,0.0007225166451480768,8192,2821632,0.6948531129377623,0.6950048750600697,1.6944192101238496,0.6948531129377666,0.9883133768220308,1.6944993079869604,oracle/task_000/cell_0280,119,with_replacement,8388608,1.008637105114758,1,completed,512,20.0,0.9883133768220308,1.6945006481062417
4,320,4b74724c4225fcfe043fdd749fb740fff4cf33c8,cuda,1.0,1,0.5,mixture,0.9088104408666966,64,standard normal at finite u_max,finite,oracle,0.6949662460067686,1.6950015006923427,tail,0.00022002648323339854,8192,5180928,0.6948531129377623,0.6949662497524152,1.6950015006923431,0.6948531129377664,0.9876294624610769,1.695009947682395,oracle/task_000/cell_0320,94,with_replacement,16777216,1.0033452855423093,4,completed,512,20.0,0.9876294624610769,1.6950097146551855
8,360,4b74724c4225fcfe043fdd749fb740fff4cf33c8,cuda,1.0,1,0.5,mixture,0.9501352927555107,64,standard normal at finite u_max,finite,oracle,0.17745800625990038,0.4145609681703935,tail,0.4653546442344881,8192,9899520,0.17003587822805344,0.1774580512110997,0.4145609681703938,0.17003587822805727,0.20316702453658375,0.4146409090721451,oracle/task_000/cell_0360,16,with_replacement,134217728,3.846218320541084,2,completed,2048,20.0,0.20316702453658353,0.41464116977711296
2,400,4b74724c4225fcfe043fdd749fb740fff4cf33c8,cuda,1.0,8,0.5,mixture,0.46858175073109865,64,standard normal at finite u_max,finite,oracle,0.6624777123171399,1.3652538180960898,tail,0.00012549784566482635,8192,24014848,0.5974265564688812,0.6624776845909083,1.3652538180960894,0.5974265564688828,0.9909412016212098,1.4561435310848758,oracle/task_000/cell_0400,158,without_replacement,8388608,1.0270596677437425,0,completed,512,20.0,0.9909412016212098,1.4561435044231654
4,440,4b74724c4225fcfe043fdd749fb740fff4cf33c8,cuda,1.0,8,0.5,mixture,0.7095872306825167,64,standard normal at finite u_max,finite,oracle,0.6757301515008758,1.525770955042898,tail,0.0001221361771414982,8192,41971712,0.6461398347033216,0.6757301691240452,1.5257709550428982,0.6461398347033248,0.9957148463614578,1.561069379226975,oracle/task_000/cell_0440,142,without_replacement,16777216,1.0337377600371838,3,completed,512,20.0,0.9957148463614578,1.5610693135103515
8,480,4b74724c4225fcfe043fdd749fb740fff4cf33c8,cuda,1.0,8,0.5,mixture,0.9686014233769443,64,standard normal at finite u_max,finite,oracle,0.6002102102956307,1.469712351300646,tail,0.0012941708021326401,8192,77885440,0.5974265564688811,0.6002102330364258,1.4697123513006458,0.5974265564688832,0.9889204276898677,1.4718929800227292,oracle/task_000/cell_0480,260,without_replacement,134217728,3.93474102858454,1,completed,2048,20.0,0.9889204276898677,1.4718924604525552
4,520,4b74724c4225fcfe043fdd749fb740fff4cf33c8,cuda,1.0,1,0.5,weak_mixture,0.8326399833862026,64,standard normal at finite u_max,finite,oracle,0.01087096315180347,0.008629391637875176,full,0.49516082654371246,8192,42406912,0.005479801681517293,0.010870964698018182,0.00862939163787528,0.005479801332176515,0.003726990893786253,0.010087867864118132,oracle/task_000/cell_0520,1,with_replacement,268435456,0.5606677504256368,0,completed,512,20.0,0.0037269908937856977,0.01008676778636903
2,560,4b74724c4225fcfe043fdd749fb740fff4cf33c8,cuda,1.0,1,0.5,weak_mixture,0.6784128454868547,64,standard normal at finite u_max,infinite,oracle,0.05273987112760581,0.05903589673161594,unbiased,0.47000871912546655,8192,2821632,0.04332877330708007,0.05273986222562976,0.05903589673161605,0.04332877295773907,0.12406199483239622,0.05912628008937215,oracle/task_000/cell_0560,2,with_replacement,8388608,0.7095849504694343,3,completed,512,20.0,0.12406199483239622,0.05912726335672956
4,600,4b74724c4225fcfe043fdd749fb740fff4cf33c8,cuda,1.0,1,0.5,weak_mixture,0.9036856716498167,64,standard normal at finite u_max,infinite,oracle,0.020739891988225567,0.019098722355625382,unbiased,0.49834580059652855,8192,5180928,0.015069887017808647,0.02073990486628019,0.01909872235562527,0.015069887367149426,0.054973743343280757,0.019928276785328776,oracle/task_000/cell_0600,1,with_replacement,67108864,2.824556525796652,1,completed,2048,20.0,0.05497374334328042,0.01992987291633525
8,640,4b74724c4225fcfe043fdd749fb740fff4cf33c8,cuda,1.0,1,0.5,weak_mixture,0.9068067628209608,64,standard normal at finite u_max,infinite,oracle,0.012166209345560175,0.003245440594823061,unbiased,0.4998562762712911,8192,9899520,0.006391478397622219,0.012166232048657272,0.0032454405948229587,0.0063914787469631085,0.046087290290678484,0.0107836704372072,oracle/task_000/cell_0640,1,with_replacement,134217728,2.8162242053076625,4,completed,2048,20.0,0.04608729029067826,0.010785363146080827
2,680,4b74724c4225fcfe043fdd749fb740fff4cf33c8,cuda,1.0,8,0.5,weak_mixture,0.985135112724394,64,standard normal at finite u_max,infinite,oracle,0.03804903184058013,0.03806086381314371,unbiased,0.452698356339957,8192,24014848,0.031218324087069704,0.038049028723201074,0.03806086381314373,0.031218323999734517,0.056285981760843914,0.039928210408579135,oracle/task_000/cell_0680,5,without_replacement,8388608,0.7003499148413539,2,completed,512,20.0,0.05628598176084375,0.03992762151171708
4,720,4b74724c4225fcfe043fdd749fb740fff4cf33c8,cuda,1.0,8,0.5,weak_mixture,0.5872423607774708,64,standard normal at finite u_max,infinite,oracle,0.05176113663551204,0.05088969755521501,unbiased,0.4918233403973069,8192,41971712,0.04248306311380881,0.05176113693041516,0.05088969755521501,0.042483063113808714,0.07842715905001811,0.055646540217011126,oracle/task_000/cell_0720,4,without_replacement,67108864,2.771115561015904,0,completed,2048,20.0,0.07842715905001824,0.055646951755190424
8,760,4b74724c4225fcfe043fdd749fb740fff4cf33c8,cuda,1.0,8,0.5,weak_mixture,0.8843072065119195,64,standard normal at finite u_max,infinite,oracle,0.017142007520622102,0.01386408361116064,unbiased,0.4952176181026463,8192,77885440,0.010329601256088547,0.017142010772076992,0.013864083611160613,0.01032960125608852,0.045422529053808836,0.01759500302540249,oracle/task_000/cell_0760,4,without_replacement,134217728,2.856725312769413,3,completed,2048,20.0,0.045422529053809016,0.01759607884199373
4,800,4b74724c4225fcfe043fdd749fb740fff4cf33c8,cuda,1.0,8,0.5,gaussian,0.8110552542198203,64,standard normal at finite u_max,finite,oracle,0.05627259156614469,0.01236575071194257,full,0.052574841785501064,32768,1349558272,1.3000539089702556e-08,0.05627272665269106,0.0123657507119425,1.3000722498546224e-08,0.16070338654795935,0.014897431478108148,oracle/task_000/cell_0800,90,with_replacement,1073741824,6.571209529414773,1,completed,512,20.0,0.16070338654795932,0.01489772399509412
4,840,4b74724c4225fcfe043fdd749fb740fff4cf33c8,cuda,1.0,8,0.5,gaussian,0.9929511736035049,64,standard normal at finite u_max,finite,oracle,0.07339293385622433,0.0178280059344241,full,0.07627547381519913,32768,1349558272,1.3000539089702556e-08,0.07339307297175456,0.017828005934424282,1.3000722942635434e-08,0.1611679796198335,0.019940249224005682,oracle/task_000/cell_0840,90,with_replacement,1073741824,6.581283985637128,3,completed,512,20.0,0.16116797961983384,0.019940402975792866
4,880,4b74724c4225fcfe043fdd749fb740fff4cf33c8,cuda,1.0,8,0.5,mixture,0.9848151008983252,64,standard normal at finite u_max,finite,oracle,0.3942438641058352,0.8886383637582563,full,0.040093687828749926,32768,1349558272,0.3538601652966784,0.3942439255147525,0.8886383637582573,0.3538601652966755,0.9884636767530777,0.8898863011512228,oracle/task_000/cell_0880,45,with_replacement,1073741824,6.5669714622199535,0,completed,512,20.0,0.9884636767530777,0.8898861561293687
4,920,4b74724c4225fcfe043fdd749fb740fff4cf33c8,cuda,1.0,8,0.5,mixture,0.7054221741856977,64,standard normal at finite u_max,finite,oracle,0.2276926945979913,0.5184866480380477,full,0.20101695801882768,32768,1349558272,0.2044476963378798,0.2276927558955073,0.5184866480380477,0.2044476963378818,0.2957021163707539,0.5218711021029427,oracle/task_000/cell_0920,37,with_replacement,1073741824,6.566489499993622,2,completed,512,20.0,0.2957021163707536,0.5218711384675537
4,960,4b74724c4225fcfe043fdd749fb740fff4cf33c8,cuda,1.0,8,0.5,mixture,0.9202091223567895,64,standard normal at finite u_max,finite,oracle,0.3448557576708564,0.8087541653512939,full,0.19645784910310055,32768,1349558272,0.3253789848891977,0.3448557773160573,0.808754165351294,0.32537898488919675,0.6827601215085515,0.8089975609620735,oracle/task_000/cell_0960,38,with_replacement,1073741824,6.567833837121725,4,completed,512,20.0,0.6827601215085514,0.8089973352355673
4,1000,4b74724c4225fcfe043fdd749fb740fff4cf33c8,cuda,1.0,8,0.5,weak_mixture,0.7414877217921875,64,standard normal at finite u_max,finite,oracle,0.020487221179095773,0.020327858395487418,full,0.47357690155999266,32768,1349558272,0.01633891988034135,0.02048722094632599,0.020327858395487446,0.01633891988034137,0.02784035489851476,0.021682420590472314,oracle/task_000/cell_1000,4,with_replacement,1073741824,6.555884030647576,1,completed,512,20.0,0.02784035489851447,0.02168253763322323
4,1040,4b74724c4225fcfe043fdd749fb740fff4cf33c8,cuda,1.0,8,0.5,weak_mixture,0.7839401875957523,64,standard normal at finite u_max,finite,oracle,0.02317139574552407,0.02277403510959692,full,0.47985347874616646,32768,1349558272,0.01831621690501834,0.023171393813689038,0.02277403510959692,0.018316216817683112,0.05026522821858774,0.027036181958569026,oracle/task_000/cell_1040,4,with_replacement,1073741824,6.554503602907062,3,completed,512,20.0,0.05026522821858816,0.027036028985146808
2,1,4b74724c4225fcfe043fdd749fb740fff4cf33c8,cuda,1.0,1,0.5,gaussian,0.8717301104687751,64,standard normal at finite u_max,infinite,oracle,0.18973541795751503,0.05088441364196705,unbiased,0.0001228193580552381,8192,2821632,1.3000539089702556e-08,0.18973537875049784,0.05088441364196705,1.3000722942635434e-08,0.1536384156064342,0.05093998234154384,oracle/task_001/cell_0001,155,with_replacement,8388608,0.7711807545274496,0,completed,512,20.0,0.15363841560643432,0.050943716031743594
4,41,4b74724c4225fcfe043fdd749fb740fff4cf33c8,cuda,1.0,1,0.5,gaussian,0.9156380569927488,64,standard normal at finite u_max,infinite,oracle,0.1355043678828014,0.037955387599423074,unbiased,0.00015298445986965386,8192,5180928,1.3000539089702556e-08,0.13550430481596099,0.03795538759942252,1.3000722165479317e-08,0.009263844536598564,0.03796262181868092,oracle/task_001/cell_0041,135,with_replacement,16777216,0.7588700782507658,3,completed,512,20.0,0.009263844536597898,0.03796175067177404
8,81,4b74724c4225fcfe043fdd749fb740fff4cf33c8,cuda,1.0,1,0.5,gaussian,0.9541598382517735,64,standard normal at finite u_max,infinite,oracle,0.05502415962377505,0.013473321040643915,unbiased,0.28293294729600443,8192,9899520,1.3000539089702556e-08,0.055024358425421194,0.013473321040643471,1.300072227650162e-08,0.12045204970069012,0.013549395179722467,oracle/task_001/cell_0081,57,with_replacement,134217728,2.8322872668504715,1,completed,2048,20.0,0.12045204970068957,0.01355125850806803
2,121,4b74724c4225fcfe043fdd749fb740fff4cf33c8,cuda,1.0,1,0.5,gaussian,0.611473730464252,64,standard normal at finite u_max,infinite,oracle,0.24413300152571293,0.06655594351434391,unbiased,0.1112060831844385,8192,7015936,1.3000539089702556e-08,0.24413294121315998,0.06655594351434369,1.300072272059083e-08,0.19664700717841788,0.06657390306921761,oracle/task_001/cell_0121,175,without_replacement,33554432,2.808010473847389,4,completed,2048,20.0,0.19664700717841777,0.0665736657815961
4,161,4b74724c4225fcfe043fdd749fb740fff4cf33c8,cuda,1.0,8,0.5,gaussian,0.8328389899084637,64,standard normal at finite u_max,infinite,oracle,0.15835388168507086,0.026501551177392918,unbiased,0.0001226003431054411,8192,41971712,1.3000539089702556e-08,0.15835397843253937,0.026501551177393,1.300072227650162e-08,0.46994779171170115,0.03804205879792388,oracle/task_001/cell_0161,232,without_replacement,16777216,0.7837473824620247,2,completed,512,20.0,0.46994779171170104,0.03804155436866831
8,201,4b74724c4225fcfe043fdd749fb740fff4cf33c8,cuda,1.0,8,0.5,gaussian,0.9326088343075611,64,standard normal at finite u_max,infinite,oracle,0.0815664905102606,0.02084376777335714,unbiased,0.0030740507916943607,8192,77885440,1.3000539089702556e-08,0.08156660450707753,0.020843767773357058,1.3000722498546224e-08,0.15135240726448637,0.022765173231696835,oracle/task_001/cell_0201,437,without_replacement,134217728,3.0032242499291897,0,completed,2048,20.0,0.15135240726448634,0.022765588972744326
2,241,4b74724c4225fcfe043fdd749fb740fff4cf33c8,cuda,1.0,8,0.5,gaussian,0.9998141538095319,64,standard normal at finite u_max,finite,oracle,0.10428131456535951,0.025269664601794084,tail,0.3237385227468989,8192,19820544,1.3000539089702556e-08,0.10428138728165896,0.02526966460179428,1.300072316468004e-08,0.18537227144690768,0.02851432760172187,oracle/task_001/cell_0241,95,with_replacement,33554432,3.9445384349673986,3,completed,2048,20.0,0.18537227144690804,0.028514146678550394
4,281,4b74724c4225fcfe043fdd749fb740fff4cf33c8,cuda,1.0,1,0.5,mixture,0.8411899278402362,64,standard normal at finite u_max,finite,oracle,0.6953160308327079,1.714251933617207,tail,0.00015124801086258664,8192,5180928,0.6948531129377623,0.6953160379151703,1.7142519336172077,0.6948531129377666,0.9883202763104242,1.7142678579361172,oracle/task_001/cell_0281,94,with_replacement,16777216,1.010928949341178,1,completed,512,20.0,0.9883202763104242,1.714268329392163
8,321,4b74724c4225fcfe043fdd749fb740fff4cf33c8,cuda,1.0,1,0.5,mixture,0.5499014393568601,64,standard normal at finite u_max,finite,oracle,0.6989534068003584,1.7626568804679636,tail,0.00048172627763295604,8192,9899520,0.6946112383728692,0.6989534291502308,1.7626568804679636,0.6946112383728729,0.985716570332991,1.7626575735926109,oracle/task_001/cell_0321,59,with_replacement,33554432,0.994362773373723,4,completed,512,20.0,0.985716570332991,1.762656987520198
2,361,4b74724c4225fcfe043fdd749fb740fff4cf33c8,cuda,1.0,1,0.5,mixture,0.6205006903352022,64,standard normal at finite u_max,finite,oracle,0.6950150540761498,1.727828014198768,tail,0.20308801698611254,8192,7015936,0.6948531129377623,0.6950150607541269,1.7278280141987683,0.6948531129377662,0.988570624740464,1.7278285832322606,oracle/task_001/cell_0361,112,without_replacement,33554432,3.848216362297535,2,completed,2048,20.0,0.988570624740464,1.727829678160489
4,401,4b74724c4225fcfe043fdd749fb740fff4cf33c8,cuda,1.0,8,0.5,mixture,0.6805028183910105,64,standard normal at finite u_max,finite,oracle,0.7248475867270177,1.6767958618430405,tail,0.00012207710010954037,8192,41971712,0.6948531129377623,0.7248476109340325,1.67679586184304,0.6948531129377661,0.9954560287800456,1.688387364191628,oracle/task_001/cell_0401,143,without_replacement,16777216,1.0243198964744806,0,completed,512,20.0,0.9954560287800457,1.6883867036427
8,441,4b74724c4225fcfe043fdd749fb740fff4cf33c8,cuda,1.0,8,0.5,mixture,0.9476057619394416,64,standard normal at finite u_max,finite,oracle,0.6647729976625231,1.5698346643686596,tail,0.00012213777238877645,8192,77885440,0.6461398347033217,0.6647730132975709,1.5698346643686594,0.6461398347033243,0.9936968675413741,1.5869388040847983,oracle/task_001/cell_0441,124,without_replacement,33554432,1.0165267009288073,3,completed,512,20.0,0.9936968675413741,1.5869384893608265
4,481,4b74724c4225fcfe043fdd749fb740fff4cf33c8,cuda,1.0,8,0.5,mixture,0.9710076404677946,64,standard normal at finite u_max,finite,oracle,0.28367539288403987,0.6728968244633939,full,0.42803222265328333,8192,337420288,0.2737350267699775,0.28367544168113507,0.6728968244633939,0.27373502676997463,0.6580882760727403,0.674243663627589,oracle/task_001/cell_0481,39,with_replacement,1073741824,7.505953943356872,2,completed,2048,20.0,0.6580882760727403,0.6742438812953939
2,521,4b74724c4225fcfe043fdd749fb740fff4cf33c8,cuda,1.0,1,0.5,weak_mixture,0.7234173913616483,64,standard normal at finite u_max,infinite,oracle,0.014428746361519473,0.01523949793099623,unbiased,0.49468889813747624,8192,2821632,0.013479266383374933,0.01442874440820574,0.015239497930996127,0.013479266732715822,0.01254548509843656,0.015383512696319471,oracle/task_001/cell_0521,1,with_replacement,8388608,0.7073681261390448,0,completed,512,20.0,0.012545485098436782,0.015383989437047788
4,561,4b74724c4225fcfe043fdd749fb740fff4cf33c8,cuda,1.0,1,0.5,weak_mixture,0.8299167359114997,64,standard normal at finite u_max,infinite,oracle,0.055070993835152654,0.061882643808045104,unbiased,0.4570194983674872,8192,5180928,0.04277328393323493,0.05507098962032261,0.061882643808045194,0.04277328358389415,0.09863498806899518,0.06206235071530579,oracle/task_001/cell_0561,2,with_replacement,16777216,0.7092266604304314,3,completed,512,20.0,0.09863498806899584,0.06206128401057545
8,601,4b74724c4225fcfe043fdd749fb740fff4cf33c8,cuda,1.0,1,0.5,weak_mixture,0.896184115438136,64,standard normal at finite u_max,infinite,oracle,0.013567598896809197,0.013908825230600535,unbiased,0.49823807171600154,8192,9899520,0.010035592275832839,0.01356760167353066,0.013908825230600422,0.010035592625173506,0.04769293783915396,0.016296320449323342,oracle/task_001/cell_0601,1,with_replacement,134217728,2.8192022033035755,1,completed,2048,20.0,0.047692937839153404,0.016297435657519968
2,641,4b74724c4225fcfe043fdd749fb740fff4cf33c8,cuda,1.0,1,0.5,weak_mixture,0.5971404429384859,64,standard normal at finite u_max,infinite,oracle,0.023856368756352414,0.02569050668093941,unbiased,0.4984904041840886,8192,7015936,0.01566746743249292,0.023856379718954518,0.025690506680939314,0.01566746778183392,0.05365919352005932,0.02613832315386863,oracle/task_001/cell_0641,1,without_replacement,33554432,2.7461587209254503,4,completed,2048,20.0,0.05365919352005932,0.0261389223996442
4,681,4b74724c4225fcfe043fdd749fb740fff4cf33c8,cuda,1.0,8,0.5,weak_mixture,0.9148152799594816,64,standard normal at finite u_max,infinite,oracle,0.02360023927912557,0.018480000858081068,unbiased,0.4759393996437252,8192,41971712,0.017634189752351044,0.023600247745630642,0.018480000858081116,0.017634189752351023,0.052814075487805104,0.0236878163407843,oracle/task_001/cell_0681,4,without_replacement,16777216,0.699759716168046,2,completed,512,20.0,0.05281407548780559,0.023687749692400274
8,721,4b74724c4225fcfe043fdd749fb740fff4cf33c8,cuda,1.0,8,0.5,weak_mixture,0.9364269215817959,64,standard normal at finite u_max,infinite,oracle,0.02214914836270093,0.018967662998438564,unbiased,0.49504997578053356,8192,77885440,0.014615377162326922,0.022149150054569397,0.01896766299843858,0.0146153771623269,0.056831604041497286,0.022885307525965556,oracle/task_001/cell_0721,4,without_replacement,134217728,2.845965027809143,0,completed,2048,20.0,0.05683160404149723,0.022885301074126
2,761,4b74724c4225fcfe043fdd749fb740fff4cf33c8,cuda,1.0,8,0.5,weak_mixture,0.6290123045604765,64,standard normal at finite u_max,finite,oracle,0.019617727989482043,0.01804357704833741,tail,0.49394154857683464,8192,19820544,0.011336861802899424,0.019617728655765825,0.018043577048337395,0.011336861890234563,0.04397190288431527,0.02096070816418708,oracle/task_001/cell_0761,4,with_replacement,33554432,3.9037777204066515,3,completed,2048,20.0,0.04397190288431527,0.02095959544372662
4,801,4b74724c4225fcfe043fdd749fb740fff4cf33c8,cuda,1.0,8,0.5,gaussian,0.883798628290532,64,standard normal at finite u_max,finite,oracle,0.06662926828833772,0.016279072521276167,full,0.08969573467409815,131072,5398110208,1.3000539089702556e-08,0.0666294013032876,0.016279072521276444,1.300072316468004e-08,0.13456089171863864,0.01740840487479104,oracle/task_001/cell_0801,94,with_replacement,4294967296,24.99366421625018,1,completed,512,20.0,0.134560891718639,0.017408549655981244
4,841,4b74724c4225fcfe043fdd749fb740fff4cf33c8,cuda,1.0,8,0.5,gaussian,0.5539963809233246,64,standard normal at finite u_max,finite,oracle,0.09330683038174237,0.023677316653154812,full,0.012574251670379948,131072,5398110208,1.3000539089702556e-08,0.09330685306812775,0.023677316653154687,1.3000723386724644e-08,0.150426971070469,0.02671255565438345,oracle/task_001/cell_0841,96,with_replacement,4294967296,25.02613198570907,3,completed,512,20.0,0.15042697107046923,0.02671246293952828
4,881,4b74724c4225fcfe043fdd749fb740fff4cf33c8,cuda,1.0,8,0.5,mixture,0.9992397537423482,64,standard normal at finite u_max,finite,oracle,0.3810957323848377,0.9298008531811681,full,0.2562502648198423,131072,5398110208,0.3787806371382607,0.38109576502355724,0.9298008531811679,0.3787806371382606,0.5111523861554741,0.9300356334624545,oracle/task_001/cell_0881,41,with_replacement,4294967296,25.032503502443433,0,completed,512,20.0,0.5111523861554739,0.9300357794424474
4,921,4b74724c4225fcfe043fdd749fb740fff4cf33c8,cuda,1.0,8,0.5,mixture,0.5758884191404465,64,standard normal at finite u_max,finite,oracle,0.322037574373385,0.767795977884006,full,0.11125016624965872,131072,5398110208,0.3080667068740968,0.3220376446059288,0.7677959778840059,0.3080667068740947,0.5921423731543276,0.7678593539674023,oracle/task_001/cell_0921,43,with_replacement,4294967296,25.03444174863398,2,completed,512,20.0,0.5921423731543276,0.7678593115011575
4,961,4b74724c4225fcfe043fdd749fb740fff4cf33c8,cuda,1.0,8,0.5,mixture,0.5020888815274632,64,standard normal at finite u_max,finite,oracle,0.26535012692376153,0.6225756463221714,full,0.225264025667907,131072,5398110208,0.2514716073204305,0.2653501667128033,0.6225756463221717,0.2514716073204296,0.356080070099472,0.6230071918336829,oracle/task_001/cell_0961,38,with_replacement,4294967296,25.028198901563883,4,completed,512,20.0,0.356080070099472,0.6230071363586108
4,1001,4b74724c4225fcfe043fdd749fb740fff4cf33c8,cuda,1.0,8,0.5,weak_mixture,0.5162925756281258,64,standard normal at finite u_max,finite,oracle,0.025605695877449063,0.026083364246677863,full,0.47399210249870827,131072,5398110208,0.02151944432755247,0.02560569098805967,0.026083364246677884,0.021519444327552414,0.053972436340948726,0.027447081098468752,oracle/task_001/cell_1001,4,with_replacement,4294967296,25.02634420245886,1,completed,512,20.0,0.05397243634094895,0.02744699288495001
4,1041,4b74724c4225fcfe043fdd749fb740fff4cf33c8,cuda,1.0,8,0.5,weak_mixture,0.7075048121489502,64,standard normal at finite u_max,finite,oracle,0.008671254179829238,0.0076227434568293465,full,0.4733836442674093,131072,5398110208,0.006438492791584441,0.008671257049590125,0.007622743456829325,0.00643849296625483,0.02299713534217858,0.008842073527176583,oracle/task_001/cell_1041,4,with_replacement,4294967296,25.024358104914427,3,completed,512,20.0,0.022997135342178746,0.008842478670510545
4,2,4b74724c4225fcfe043fdd749fb740fff4cf33c8,cuda,1.0,1,0.5,gaussian,0.8725104943810654,64,standard normal at finite u_max,infinite,oracle,0.15057214129222124,0.04228302749908197,unbiased,0.00023255232011229926,8192,5180928,1.3000539089702556e-08,0.15057214691681764,0.04228302749908153,1.3000722387523922e-08,0.10311428902214637,0.0423801332848228,oracle/task_002/cell_0002,139,with_replacement,16777216,0.7621961105614901,0,completed,512,20.0,0.10311428902214603,0.04238133543594443
8,42,4b74724c4225fcfe043fdd749fb740fff4cf33c8,cuda,1.0,1,0.5,gaussian,0.6330589594604851,64,standard normal at finite u_max,infinite,oracle,0.0911806124449216,0.023885291909612083,unbiased,0.00014467682346583873,8192,9899520,1.3000539089702556e-08,0.09118060845369763,0.02388529190961164,1.3000722387523922e-08,0.09750127845670253,0.02438610582718874,oracle/task_002/cell_0042,108,with_replacement,33554432,0.7443066835403442,3,completed,512,20.0,0.09750127845670209,0.02438422605924978
2,82,4b74724c4225fcfe043fdd749fb740fff4cf33c8,cuda,1.0,1,0.5,gaussian,0.78372768137378,64,standard normal at finite u_max,infinite,oracle,0.27972080614804795,0.0839773402028986,unbiased,0.1498036310287891,8192,7015936,1.3000539089702556e-08,0.27972066841026755,0.08397734020289838,1.300072272059083e-08,0.0057002098043446026,0.08398230194059456,oracle/task_002/cell_0082,172,without_replacement,33554432,2.790664264932275,1,completed,2048,20.0,0.005700209804344714,0.08398393636484633
4,122,4b74724c4225fcfe043fdd749fb740fff4cf33c8,cuda,1.0,1,0.5,gaussian,0.8179200607275067,64,standard normal at finite u_max,infinite,oracle,0.1803072029649047,0.05046836828054191,unbiased,0.13956951246956803,8192,9375232,1.3000539089702556e-08,0.18030711048330944,0.050468368280541465,1.3000722387523922e-08,0.14459394118322078,0.050539557161124994,oracle/task_002/cell_0122,81,without_replacement,67108864,2.767436269670725,4,completed,2048,20.0,0.14459394118322044,0.05054023342759113
8,162,4b74724c4225fcfe043fdd749fb740fff4cf33c8,cuda,1.0,8,0.5,gaussian,0.6008179969307742,64,standard normal at finite u_max,infinite,oracle,0.1630575200237023,0.030882231207038355,unbiased,0.000123130034642917,8192,77885440,1.3000539089702556e-08,0.163057666694778,0.030882231207038327,1.3000722387523922e-08,0.4296951379500974,0.03815537046242189,oracle/task_002/cell_0162,206,without_replacement,33554432,0.7983471676707268,2,completed,512,20.0,0.4296951379500973,0.03815504561643491
2,202,4b74724c4225fcfe043fdd749fb740fff4cf33c8,cuda,1.0,8,0.5,gaussian,0.733289598256836,64,standard normal at finite u_max,finite,oracle,0.10061029622819485,0.028532180026998658,tail,0.3683395379613261,8192,19820544,1.3000539089702556e-08,0.10061032991645713,0.028532180026998907,1.3000722942635434e-08,0.11330694211197605,0.029059283968218066,oracle/task_002/cell_0202,93,with_replacement,33554432,3.8981305975466967,0,completed,2048,20.0,0.11330694211197637,0.029060113122440282
4,242,4b74724c4225fcfe043fdd749fb740fff4cf33c8,cuda,1.0,8,0.5,gaussian,0.9998141538095319,64,standard normal at finite u_max,finite,oracle,0.10428131456535937,0.02526966460179407,tail,0.32373852274690035,8192,37777408,1.3000539089702556e-08,0.10428138728165884,0.025269664601794264,1.300072316468004e-08,0.1853722714469077,0.02851432760172187,oracle/task_002/cell_0242,95,with_replacement,67108864,3.9023380372673273,3,completed,2048,20.0,0.1853722714469081,0.0285141466785504
8,282,4b74724c4225fcfe043fdd749fb740fff4cf33c8,cuda,1.0,1,0.5,mixture,0.8415039877353137,64,standard normal at finite u_max,finite,oracle,0.6950587942743561,1.7103333468012034,tail,0.0006590737456056091,8192,9899520,0.6947553290843776,0.6950587958239305,1.7103333468012036,0.6947553290843814,0.9846130184615998,1.7103443632405881,oracle/task_002/cell_0282,66,with_replacement,33554432,0.9898352045565844,1,completed,512,20.0,0.9846130184615998,1.7103467893891025
2,322,4b74724c4225fcfe043fdd749fb740fff4cf33c8,cuda,1.0,1,0.5,mixture,0.5376758485695418,64,standard normal at finite u_max,finite,oracle,0.6948627008341434,1.694870300059654,tail,0.0002778747792783253,8192,7015936,0.6948531129377623,0.6948627008956537,1.694870300059654,0.694853112937766,0.9876921274993911,1.6948763653325845,oracle/task_002/cell_0322,115,without_replacement,8388608,0.9918488953262568,4,completed,512,20.0,0.9876921274993911,1.694872870824768
4,362,4b74724c4225fcfe043fdd749fb740fff4cf33c8,cuda,1.0,1,0.5,mixture,0.584364933611355,64,standard normal at finite u_max,finite,oracle,0.553004025428526,1.3646743852472396,tail,0.4284039627833535,8192,9375232,0.5518562744626082,0.5530040310618096,1.3646743852472394,0.5518562744626119,0.40643412921168465,1.3646969969535787,oracle/task_002/cell_0362,31,without_replacement,67108864,3.7874738443642855,2,completed,2048,20.0,0.40643412921168454,1.364698984258866
8,402,4b74724c4225fcfe043fdd749fb740fff4cf33c8,cuda,1.0,8,0.5,mixture,0.5436288832436289,64,standard normal at finite u_max,finite,oracle,0.42064301065414245,0.866615826606429,tail,0.00012299240899761905,8192,77885440,0.3538601652966784,0.4206430596863976,0.8666158266064297,0.35386016529667547,0.991974846073387,0.8781971031898482,oracle/task_002/cell_0402,120,without_replacement,33554432,1.0053822211921215,0,completed,512,20.0,0.9919748460733873,0.8781981233150021
4,442,4b74724c4225fcfe043fdd749fb740fff4cf33c8,cuda,1.0,8,0.5,mixture,0.9667532799050378,64,standard normal at finite u_max,finite,oracle,0.5082286753138368,1.2248981862487929,full,0.1082455615983244,8192,337420288,0.49806402783644516,0.5082287257299316,1.2248981862487924,0.498064027836445,0.9794500368278587,1.2251347939161483,oracle/task_002/cell_0442,36,with_replacement,268435456,1.8952943328768015,4,completed,512,20.0,0.9794500368278586,1.2251345844273804
2,482,4b74724c4225fcfe043fdd749fb740fff4cf33c8,cuda,1.0,8,0.5,mixture,0.9969441217185369,64,standard normal at finite u_max,infinite,oracle,0.7110862028579976,1.6848948937212758,unbiased,0.0001548066124851751,8192,19820544,0.6948531129377623,0.7110862303809068,1.6848948937212762,0.6948531129377666,0.9933918907925654,1.6942025092706605,oracle/task_002/cell_0482,638,with_replacement,33554432,3.059182995930314,2,completed,2048,20.0,0.9933918907925655,1.6942024409965808
4,522,4b74724c4225fcfe043fdd749fb740fff4cf33c8,cuda,1.0,1,0.5,weak_mixture,0.6439884244085942,64,standard normal at finite u_max,infinite,oracle,0.013801066561949127,0.005296068621403898,unbiased,0.47566591759402244,8192,5180928,0.007031018922754262,0.013801055901307202,0.005296068621403806,0.0070310192720953735,0.061306529235550355,0.014513634858331521,oracle/task_002/cell_0522,1,with_replacement,16777216,0.7057194318622351,0,completed,512,20.0,0.061306529235550355,0.014514439744257084
8,562,4b74724c4225fcfe043fdd749fb740fff4cf33c8,cuda,1.0,1,0.5,weak_mixture,0.8158529613871242,64,standard normal at finite u_max,infinite,oracle,0.049133386696100456,0.05418736716712634,unbiased,0.4923443447781494,8192,9899520,0.032625430177434744,0.0491333729894165,0.054187367167126445,0.0326254298280938,0.1074179300439484,0.05426795410257082,oracle/task_002/cell_0562,2,with_replacement,33554432,0.7062822449952364,3,completed,512,20.0,0.10741793004394862,0.054268889800699466
2,602,4b74724c4225fcfe043fdd749fb740fff4cf33c8,cuda,1.0,1,0.5,weak_mixture,0.7194853210631625,64,standard normal at finite u_max,infinite,oracle,0.01316226025693537,0.005090253094101809,unbiased,0.4984259993396649,8192,7015936,0.006099970097269813,0.013162283249885387,0.005090253094101703,0.006099970446610592,0.04978743480253767,0.009796378794054319,oracle/task_002/cell_0602,1,without_replacement,33554432,2.7302593756467104,1,completed,2048,20.0,0.049787434802537334,0.009797727934547439
4,642,4b74724c4225fcfe043fdd749fb740fff4cf33c8,cuda,1.0,1,0.5,weak_mixture,0.5240053927221477,64,standard normal at finite u_max,infinite,oracle,0.018541814053105787,0.018879943591194742,unbiased,0.49907484306375,8192,9375232,0.01489677207224438,0.018541825748765783,0.018879943591194624,0.014896772421585158,0.03278920718464806,0.01955022546513209,oracle/task_002/cell_0642,1,without_replacement,67108864,2.737263061106205,4,completed,2048,20.0,0.032789207184647395,0.019550586370737727
8,682,4b74724c4225fcfe043fdd749fb740fff4cf33c8,cuda,1.0,8,0.5,weak_mixture,0.8974624639282374,64,standard normal at finite u_max,infinite,oracle,0.022176612331834662,0.019831307994524802,unbiased,0.47070324436143945,8192,77885440,0.014411842407779561,0.022176615808017348,0.01983130799452479,0.014411842320444401,0.04671317104971634,0.021446119316678277,oracle/task_002/cell_0682,4,without_replacement,33554432,0.726771617308259,2,completed,512,20.0,0.046713171049716354,0.021446412303884766
2,722,4b74724c4225fcfe043fdd749fb740fff4cf33c8,cuda,1.0,8,0.5,weak_mixture,0.738989389086303,64,standard normal at finite u_max,finite,oracle,0.0220856336510194,0.015965518526772127,tail,0.4923823666237319,8192,19820544,0.011034504111438206,0.02208564017269432,0.01596551852677209,0.01103450419877338,0.06628100217242675,0.02176851128298015,oracle/task_002/cell_0722,4,with_replacement,33554432,3.878557436168194,0,completed,2048,20.0,0.06628100217242655,0.02176844113429461
4,762,4b74724c4225fcfe043fdd749fb740fff4cf33c8,cuda,1.0,8,0.5,weak_mixture,0.6407141891579285,64,standard normal at finite u_max,finite,oracle,0.0238903403268651,0.021909179605546034,tail,0.49369850524722264,8192,37777408,0.01758643039611605,0.023890343534619784,0.021909179605546034,0.01758643048345126,0.03096552091489782,0.024486832223171516,oracle/task_002/cell_0762,4,with_replacement,67108864,3.885451899841428,3,completed,2048,20.0,0.03096552091489782,0.024486811803500104
4,802,4b74724c4225fcfe043fdd749fb740fff4cf33c8,cuda,1.0,8,0.5,gaussian,0.9901174453485448,64,standard normal at finite u_max,finite,oracle,0.05267131915487961,0.009109044298857824,full,0.16806861706996878,8192,337420288,1.3000539089702556e-08,0.052671477863563534,0.009109044298857602,1.3000722165479317e-08,0.20036603222048882,0.013419759235829904,oracle/task_002/cell_0802,89,with_replacement,268435456,1.921520410105586,1,completed,512,10.0,0.2003660322204886,0.013420679378787506
4,842,4b74724c4225fcfe043fdd749fb740fff4cf33c8,cuda,1.0,8,0.5,gaussian,0.92745350921281,64,standard normal at finite u_max,finite,oracle,0.07182326540581042,0.016651635681144472,full,0.09543213022079436,8192,337420288,1.3000539089702556e-08,0.07182339794432796,0.0166516356811445,1.3000722942635434e-08,0.18201652039170468,0.0186663691984186,oracle/task_002/cell_0842,91,with_replacement,268435456,1.9156159441918135,3,completed,512,10.0,0.18201652039170502,0.01866618084687205
4,882,4b74724c4225fcfe043fdd749fb740fff4cf33c8,cuda,1.0,8,0.5,mixture,0.9973725065044774,64,standard normal at finite u_max,finite,oracle,0.2895541960441338,0.6702988541009627,full,0.21587262611847752,8192,337420288,0.27034960277509634,0.28955424736834123,0.6702988541009629,0.27034960277509446,0.4782045319648115,0.6710530354162145,oracle/task_002/cell_0882,35,with_replacement,268435456,1.899233527481556,0,completed,512,10.0,0.47820453196481144,0.6710527544441828
4,922,4b74724c4225fcfe043fdd749fb740fff4cf33c8,cuda,1.0,8,0.5,mixture,0.5781022050194498,64,standard normal at finite u_max,finite,oracle,0.4163488458563431,1.006645051477053,full,0.1398346368950301,8192,337420288,0.4119289173532699,0.4163488760845482,1.0066450514770537,0.4119289173532693,0.8125958922388299,1.008416637461123,oracle/task_002/cell_0922,35,with_replacement,268435456,1.8935973215848207,2,completed,512,10.0,0.81259589223883,1.0084170966396557
4,962,4b74724c4225fcfe043fdd749fb740fff4cf33c8,cuda,1.0,8,0.5,mixture,0.9128343934890257,64,standard normal at finite u_max,finite,oracle,0.28389023429394394,0.6779738444078713,full,0.2690491761537262,8192,337420288,0.2774634692170959,0.28389027806095335,0.6779738444078716,0.2774634692170959,0.3675064972316403,0.6811123889110784,oracle/task_002/cell_0962,37,with_replacement,268435456,1.9025557450950146,4,completed,512,10.0,0.36750649723164,0.6811124953270146
4,1002,4b74724c4225fcfe043fdd749fb740fff4cf33c8,cuda,1.0,8,0.5,weak_mixture,0.9733949960830286,64,standard normal at finite u_max,finite,oracle,0.015772331470083976,0.009337940140482233,full,0.48844774133483365,8192,337420288,0.00916036524158375,0.015772339915677183,0.009337940140482205,0.009160365241583819,0.040040696393505784,0.01329284461638221,oracle/task_002/cell_1002,4,with_replacement,268435456,1.8855699803680182,1,completed,512,10.0,0.04004069639350613,0.013292504102209017
4,1042,4b74724c4225fcfe043fdd749fb740fff4cf33c8,cuda,1.0,8,0.5,weak_mixture,0.6610055611745874,64,standard normal at finite u_max,finite,oracle,0.03548976438128912,0.03805083608181345,full,0.4785142491682879,8192,337420288,0.028606289079544205,0.03548976378493308,0.03805083608181343,0.028606289079544156,0.062394225065633094,0.041131379026468066,oracle/task_002/cell_1042,4,with_replacement,268435456,1.8852496482431889,3,completed,512,10.0,0.06239422506563319,0.041131198810688184
8,3,4b74724c4225fcfe043fdd749fb740fff4cf33c8,cuda,1.0,1,0.5,gaussian,0.5004110488835898,64,standard normal at finite u_max,infinite,oracle,0.1626720413161417,0.04699123924857884,unbiased,0.0002640242712133834,8192,9899520,1.3000539089702556e-08,0.16267195484544578,0.04699123924857851,1.3000722498546224e-08,0.06268885555860826,0.047015924289708765,oracle/task_003/cell_0003,111,with_replacement,33554432,0.757113566622138,0,completed,512,20.0,0.06268885555860848,0.047017235939492696
2,43,4b74724c4225fcfe043fdd749fb740fff4cf33c8,cuda,1.0,1,0.5,gaussian,0.8678379974653033,64,standard normal at finite u_max,infinite,oracle,0.15462144086799673,0.04234182599041403,unbiased,0.00013401961025519374,8192,7015936,1.3000539089702556e-08,0.1546214509588874,0.042341825990413584,1.300072227650162e-08,0.16966011688603366,0.042451552283191196,oracle/task_003/cell_0043,156,without_replacement,8388608,0.7475593239068985,3,completed,512,20.0,0.16966011688603322,0.0424532047232731
4,83,4b74724c4225fcfe043fdd749fb740fff4cf33c8,cuda,1.0,1,0.5,gaussian,0.6646293735442255,64,standard normal at finite u_max,infinite,oracle,0.06231290809675086,0.011233178989465742,unbiased,0.2217735634130848,8192,9375232,1.3000539089702556e-08,0.06231314195309409,0.01123317898946552,1.300072272059083e-08,0.19954348323144777,0.014598446371211743,oracle/task_003/cell_0083,72,without_replacement,67108864,2.7514011655002832,1,completed,2048,20.0,0.19954348323144744,0.01460140299286157
8,123,4b74724c4225fcfe043fdd749fb740fff4cf33c8,cuda,1.0,1,0.5,gaussian,0.9991609063834187,64,standard normal at finite u_max,infinite,oracle,0.10916986500230907,0.031786651735185356,unbiased,0.39530514265355815,8192,14093824,1.3000539089702556e-08,0.10916982279707732,0.031786651735185356,1.3000722942635434e-08,0.043933666326270715,0.031965782951766226,oracle/task_003/cell_0123,48,without_replacement,134217728,2.747963670641184,4,completed,2048,20.0,0.04393366632627094,0.031965741164552634
2,163,4b74724c4225fcfe043fdd749fb740fff4cf33c8,cuda,1.0,8,0.5,gaussian,0.8347212586063267,64,standard normal at finite u_max,finite,oracle,0.04918301455444163,0.009042433185355428,tail,0.06441936122124031,8192,19820544,1.3000539089702556e-08,0.049183191664400425,0.00904243318535529,1.3000722387523922e-08,0.17535349529110966,0.012536147684210016,oracle/task_003/cell_0163,82,with_replacement,8388608,1.0101242121309042,2,completed,512,20.0,0.17535349529110955,0.012536333181792193
4,203,4b74724c4225fcfe043fdd749fb740fff4cf33c8,cuda,1.0,8,0.5,gaussian,0.7332895982568359,64,standard normal at finite u_max,finite,oracle,0.10061029622819484,0.02853218002699867,tail,0.36833953796132496,8192,37777408,1.3000539089702556e-08,0.1006103299164571,0.02853218002699892,1.3000722942635434e-08,0.11330694211197605,0.029059283968216026,oracle/task_003/cell_0203,93,with_replacement,67108864,3.9212314039468765,0,completed,2048,20.0,0.11330694211197635,0.02906011312244028
8,243,4b74724c4225fcfe043fdd749fb740fff4cf33c8,cuda,1.0,8,0.5,gaussian,0.9998141538095319,64,standard normal at finite u_max,finite,oracle,0.10428131456535951,0.025269664601794084,tail,0.32373852274689857,8192,73691136,1.3000539089702556e-08,0.10428138728165896,0.02526966460179428,1.300072316468004e-08,0.1853722714469077,0.02851432760172187,oracle/task_003/cell_0243,95,with_replacement,134217728,3.9305395763367414,3,completed,2048,20.0,0.18537227144690813,0.0285141466785504
2,283,4b74724c4225fcfe043fdd749fb740fff4cf33c8,cuda,1.0,1,0.5,mixture,0.5143961109407302,64,standard normal at finite u_max,finite,oracle,0.6950249718535704,1.6848786683459958,tail,0.00021194549599319625,8192,7015936,0.6948531129377623,0.6950249742151395,1.684878668345996,0.6948531129377662,0.9889530173185983,1.6850872598329463,oracle/task_003/cell_0283,118,without_replacement,8388608,0.9933483898639679,1,completed,512,20.0,0.9889530173185983,1.6850870549215622
4,323,4b74724c4225fcfe043fdd749fb740fff4cf33c8,cuda,1.0,1,0.5,mixture,0.8553273836637499,64,standard normal at finite u_max,finite,oracle,0.6967762485850719,1.7195387012576462,tail,0.0007128946600680023,8192,9375232,0.6948531129377623,0.6967762750895397,1.719538701257646,0.6948531129377659,0.9889167298185928,1.7195417917133684,oracle/task_003/cell_0323,96,without_replacement,16777216,0.9864084646105766,4,completed,512,20.0,0.9889167298185928,1.7195401106008417
8,363,4b74724c4225fcfe043fdd749fb740fff4cf33c8,cuda,1.0,1,0.5,mixture,0.6545361540997412,64,standard normal at finite u_max,finite,oracle,0.3152308275075758,0.7886185005554485,tail,0.405200454782991,8192,14093824,0.2954236387200786,0.3152308600257697,0.7886185005554489,0.2954236387200828,0.2656219841467131,0.7886206873035166,oracle/task_003/cell_0363,19,without_replacement,134217728,3.7836349681019783,2,completed,2048,20.0,0.26562198414671245,0.7886188833969673
4,403,4b74724c4225fcfe043fdd749fb740fff4cf33c8,cuda,1.0,8,0.5,mixture,0.9460175841110813,64,standard normal at finite u_max,finite,oracle,0.46245520880864366,1.1144103134949452,full,0.1406784617720395,8192,337420288,0.4436361657941563,0.46245529101049926,1.1144103134949452,0.44363616579415527,0.9525703378853254,1.114469524180518,oracle/task_003/cell_0403,40,with_replacement,268435456,1.8916395027190447,1,completed,512,20.0,0.9525703378853255,1.1144699840388927
2,443,4b74724c4225fcfe043fdd749fb740fff4cf33c8,cuda,1.0,8,0.5,mixture,0.9268005390504855,64,standard normal at finite u_max,infinite,oracle,0.7013676314622102,1.620881656164687,unbiased,0.00012209349028508977,8192,19820544,0.6948531129377623,0.7013676522161854,1.6208816561646868,0.6948531129377662,0.9946041332068332,1.6434781835208576,oracle/task_003/cell_0443,202,with_replacement,8388608,0.7875090949237347,4,completed,512,20.0,0.9946041332068332,1.643478169539238
4,483,4b74724c4225fcfe043fdd749fb740fff4cf33c8,cuda,1.0,8,0.5,mixture,0.8185276386262501,64,standard normal at finite u_max,infinite,oracle,0.6988986392821391,1.6885798237871452,unbiased,0.00013551070453457327,8192,37777408,0.6948531129377623,0.6988986529504595,1.688579823787145,0.6948531129377661,0.9916383743965975,1.6912245314394863,oracle/task_003/cell_0483,509,with_replacement,67108864,3.016667617484927,2,completed,2048,20.0,0.9916383743965974,1.6912243583399116
8,523,4b74724c4225fcfe043fdd749fb740fff4cf33c8,cuda,1.0,1,0.5,weak_mixture,0.6407933570290512,64,standard normal at finite u_max,infinite,oracle,0.012484837368492263,0.004033767957634965,unbiased,0.49475012041656696,8192,9899520,0.0037386360737895474,0.012484830323767238,0.004033767957634863,0.003738636423130437,0.03696280685325681,0.00979173813757652,oracle/task_003/cell_0523,1,with_replacement,33554432,0.7027036678045988,0,completed,512,20.0,0.036962806853257035,0.009793068103490905
2,563,4b74724c4225fcfe043fdd749fb740fff4cf33c8,cuda,1.0,1,0.5,weak_mixture,0.8255011480015566,64,standard normal at finite u_max,infinite,oracle,0.014705812648172556,0.0006733623716676154,unbiased,0.49598119638925386,8192,7015936,0.002771792605571588,0.014705823352720027,0.0006733623716675165,0.0027717929549125886,0.09045076143888497,0.014961532258829412,oracle/task_003/cell_0563,1,without_replacement,8388608,0.6889510937035084,3,completed,512,20.0,0.09045076143888497,0.014962175221977585
4,603,4b74724c4225fcfe043fdd749fb740fff4cf33c8,cuda,1.0,1,0.5,weak_mixture,0.6845800661452462,64,standard normal at finite u_max,infinite,oracle,0.01527034627809834,0.011445259774862885,unbiased,0.4987742221775046,8192,9375232,0.006874861912412378,0.015270355624819903,0.011445259774862793,0.006874862261753489,0.0016600456331349323,0.011668883940425598,oracle/task_003/cell_0603,1,without_replacement,67108864,2.7299002148211002,1,completed,2048,20.0,0.0016600456331352653,0.011668319239647626
8,643,4b74724c4225fcfe043fdd749fb740fff4cf33c8,cuda,1.0,1,0.5,weak_mixture,0.9991704891834203,64,standard normal at finite u_max,infinite,oracle,0.020279421404883424,0.03095067196241457,unbiased,0.49782183891197307,8192,14093824,0.013224516499781958,0.020279428899911023,0.030950671962414487,0.013224516849123069,0.03267233621240995,0.030994667246862395,oracle/task_003/cell_0643,2,without_replacement,134217728,2.733477456495166,4,completed,2048,20.0,0.032672336212409725,0.030993929978391264
2,683,4b74724c4225fcfe043fdd749fb740fff4cf33c8,cuda,1.0,8,0.5,weak_mixture,0.985175955558908,64,standard normal at finite u_max,finite,oracle,0.01516527573338742,0.008517195305806196,tail,0.47895600954260154,8192,19820544,0.006602011320545054,0.01516528506835821,0.008517195305806162,0.00660201149521536,0.05538047374421402,0.014228015109856235,oracle/task_003/cell_0683,4,with_replacement,8388608,0.9747803099453449,2,completed,512,20.0,0.055380473744213954,0.014227600274102371
4,723,4b74724c4225fcfe043fdd749fb740fff4cf33c8,cuda,1.0,8,0.5,weak_mixture,0.7413085237499029,64,standard normal at finite u_max,finite,oracle,0.027662605380479176,0.024205479627009467,tail,0.49442423129632246,8192,37777408,0.01818689612516105,0.027662608503801804,0.02420547962700946,0.018186896125161063,0.06527162369453603,0.028748027761776502,oracle/task_003/cell_0723,4,with_replacement,67108864,3.8818515464663506,0,completed,2048,20.0,0.06527162369453614,0.02874835831148823
8,763,4b74724c4225fcfe043fdd749fb740fff4cf33c8,cuda,1.0,8,0.5,weak_mixture,0.9993559940449038,64,standard normal at finite u_max,finite,oracle,0.023902891299105024,0.02085902271298841,tail,0.49556748756613556,8192,73691136,0.013567789810950526,0.0239028843444714,0.020859022712988402,0.013567789985620929,0.03392939019814156,0.02377734389335829,oracle/task_003/cell_0763,5,with_replacement,134217728,3.8889948446303606,3,completed,2048,20.0,0.03392939019814131,0.023776810011004883
4,803,4b74724c4225fcfe043fdd749fb740fff4cf33c8,cuda,1.0,8,0.5,gaussian,0.7710625374515863,64,standard normal at finite u_max,finite,oracle,0.10586863201030233,0.025658393100354462,full,0.05022902213818407,8192,337420288,1.3000539089702556e-08,0.10586872102360435,0.02565839310035438,1.300072227650162e-08,0.19449186004650687,0.026837259859749003,oracle/task_003/cell_0803,91,with_replacement,268435456,1.909971484914422,1,completed,512,30.0,0.19449186004650681,0.02683725351597061
4,843,4b74724c4225fcfe043fdd749fb740fff4cf33c8,cuda,1.0,8,0.5,gaussian,0.6206590282671234,64,standard normal at finite u_max,finite,oracle,0.1926587561241737,0.047355438573521536,full,0.08306196622860254,8192,337420288,1.3000539089702556e-08,0.1926587794691872,0.047355438573521494,1.300072272059083e-08,0.3041786673984198,0.051474748571383636,oracle/task_003/cell_0843,90,with_replacement,268435456,1.9013983570039272,3,completed,512,30.0,0.3041786673984198,0.051474439821102315
4,883,4b74724c4225fcfe043fdd749fb740fff4cf33c8,cuda,1.0,8,0.5,mixture,0.9912909827396698,64,standard normal at finite u_max,finite,oracle,0.3440307609290396,0.8195590221858186,full,0.1610179215863626,8192,337420288,0.3328364584357213,0.34403078703385254,0.8195590221858189,0.3328364584357213,0.4781513888485303,0.8221484971290551,oracle/task_003/cell_0883,33,with_replacement,268435456,1.8887826837599277,0,completed,512,30.0,0.47815138884853053,0.8221483561726164
4,923,4b74724c4225fcfe043fdd749fb740fff4cf33c8,cuda,1.0,8,0.5,mixture,0.7170847578014542,64,standard normal at finite u_max,finite,oracle,0.3727119114552449,0.9041304090739865,full,0.08686920822640996,8192,337420288,0.3635883891532684,0.37271196513581933,0.904130409073986,0.36358838915326736,0.6202710793788895,0.9052206439049524,oracle/task_003/cell_0923,36,with_replacement,268435456,1.8853861168026924,2,completed,512,30.0,0.6202710793788894,0.9052201519620428
4,963,4b74724c4225fcfe043fdd749fb740fff4cf33c8,cuda,1.0,8,0.5,mixture,0.5196999643726773,64,standard normal at finite u_max,finite,oracle,0.3249371677351342,0.7749658301929092,full,0.04203885960926244,8192,337420288,0.3121110216861279,0.32493724335476076,0.7749658301929091,0.3121110216861269,0.7225905619787292,0.7753186170559312,oracle/task_003/cell_0963,35,with_replacement,268435456,1.8842257093638182,4,completed,512,30.0,0.7225905619787293,0.7753187665740254
4,1003,4b74724c4225fcfe043fdd749fb740fff4cf33c8,cuda,1.0,8,0.5,weak_mixture,0.7816080967365326,64,standard normal at finite u_max,finite,oracle,0.03754310350852304,0.03691087274520655,full,0.4608833563579255,8192,337420288,0.031032981796021965,0.037543102079190066,0.03691087274520652,0.031032981883357277,0.06772829798433598,0.04044105098899556,oracle/task_003/cell_1003,4,with_replacement,268435456,1.8813060242682695,1,completed,512,30.0,0.0677282979843362,0.04044103197441503
4,1043,4b74724c4225fcfe043fdd749fb740fff4cf33c8,cuda,1.0,8,0.5,weak_mixture,0.855318578114923,64,standard normal at finite u_max,finite,oracle,0.029712323803959762,0.02864518645706139,full,0.4852264985643968,8192,337420288,0.025496366180658085,0.029712318057715466,0.02864518645706142,0.02549636600598757,0.04271479639171315,0.030213491279990803,oracle/task_003/cell_1043,4,with_replacement,268435456,1.8795821610838175,3,completed,512,30.0,0.04271479639171344,0.03021349973770716
2,4,4b74724c4225fcfe043fdd749fb740fff4cf33c8,cuda,1.0,1,0.5,gaussian,0.6710580711140746,64,standard normal at finite u_max,infinite,oracle,0.421676266881708,0.1549345780004776,unbiased,0.00014454304831774514,8192,7015936,1.3000539089702556e-08,0.42167608002710566,0.15493457800047705,1.3000722165479317e-08,0.6244826527723522,0.154934141670381,oracle/task_004/cell_0004,159,without_replacement,8388608,0.7403437197208405,0,completed,512,20.0,0.624482652772353,0.1549347954028033
4,44,4b74724c4225fcfe043fdd749fb740fff4cf33c8,cuda,1.0,1,0.5,gaussian,0.9134253375056929,64,standard normal at finite u_max,infinite,oracle,0.14237382034124246,0.04163322553666482,unbiased,0.0005360782508781078,8192,9375232,1.3000539089702556e-08,0.1423738039742274,0.04163322553666404,1.3000721943434712e-08,0.023866038778798893,0.0416356065962009,oracle/task_004/cell_0044,136,without_replacement,16777216,0.7266018092632294,3,completed,512,20.0,0.023866038778798115,0.0416352104772173
8,84,4b74724c4225fcfe043fdd749fb740fff4cf33c8,cuda,1.0,1,0.5,gaussian,0.9265550905441401,64,standard normal at finite u_max,infinite,oracle,0.2029715453311528,0.06697093513988928,unbiased,0.23800111566093443,8192,14093824,1.3000539089702556e-08,0.20297129555306148,0.06697093513988883,1.300072227650162e-08,0.43072534704752297,0.06697201791655644,oracle/task_004/cell_0084,49,without_replacement,134217728,2.7094369381666183,1,completed,2048,20.0,0.43072534704752385,0.06697119442990378
2,124,4b74724c4225fcfe043fdd749fb740fff4cf33c8,cuda,1.0,1,0.5,gaussian,0.8962621954985898,64,standard normal at finite u_max,finite,oracle,0.10915338240244399,0.02789051393713038,tail,0.40667468969524523,8192,2821632,1.3000539089702556e-08,0.10915342770815883,0.027890513937129935,1.3000722387523922e-08,0.16655451456036063,0.028431836953282833,oracle/task_004/cell_0124,42,with_replacement,33554432,3.7838877141475677,4,completed,2048,20.0,0.1665545145603603,0.02843172769582398
4,164,4b74724c4225fcfe043fdd749fb740fff4cf33c8,cuda,1.0,8,0.5,gaussian,0.8347212586063267,64,standard normal at finite u_max,finite,oracle,0.04918301455444169,0.0090424331853554,tail,0.06441936122124045,8192,37777408,1.3000539089702556e-08,0.04918319166440048,0.009042433185355261,1.3000722387523922e-08,0.17535349529110977,0.012536147684211268,oracle/task_004/cell_0164,82,with_replacement,16777216,0.9886149168014526,2,completed,512,20.0,0.1753534952911096,0.012536333181792196
8,204,4b74724c4225fcfe043fdd749fb740fff4cf33c8,cuda,1.0,8,0.5,gaussian,0.733289598256836,64,standard normal at finite u_max,finite,oracle,0.10061029622819487,0.028532180026998658,tail,0.3683395379613253,8192,73691136,1.3000539089702556e-08,0.10061032991645713,0.028532180026998907,1.3000722942635434e-08,0.11330694211197599,0.029059283968216186,oracle/task_004/cell_0204,93,with_replacement,134217728,3.8483338803052902,0,completed,2048,20.0,0.1133069421119763,0.02906011312244028
2,244,4b74724c4225fcfe043fdd749fb740fff4cf33c8,cuda,1.0,8,0.5,gaussian,0.9403541763621128,64,standard normal at finite u_max,finite,oracle,0.11081367225078567,0.026651107692760898,tail,0.3117291355821252,8192,24014848,1.3000539089702556e-08,0.11081381872893062,0.026651107692760995,1.3000723386724644e-08,0.20777115150092762,0.02950732856537401,oracle/task_004/cell_0244,96,without_replacement,33554432,3.775421366095543,3,completed,2048,20.0,0.20777115150092829,0.0295073712828038
4,284,4b74724c4225fcfe043fdd749fb740fff4cf33c8,cuda,1.0,1,0.5,mixture,0.8497242037219523,64,standard normal at finite u_max,finite,oracle,0.6958759427244731,1.7326988194795754,tail,0.00022536871987320192,8192,9375232,0.6948531129377623,0.6958759584572926,1.7326988194795756,0.6948531129377662,0.988430634699758,1.7327041090237025,oracle/task_004/cell_0284,91,without_replacement,16777216,0.9687530547380447,1,completed,512,20.0,0.988430634699758,1.7327027297027535
8,324,4b74724c4225fcfe043fdd749fb740fff4cf33c8,cuda,1.0,1,0.5,mixture,0.5847534519808569,64,standard normal at finite u_max,finite,oracle,0.6948212686066625,1.7377133135634557,tail,0.02819855365331009,8192,14093824,0.6934604388322553,0.6948212850126169,1.7377133135634562,0.6934604388322594,0.981720870348663,1.7377292582996082,oracle/task_004/cell_0324,68,without_replacement,33554432,0.9569954127073288,4,completed,512,20.0,0.981720870348663,1.7377291452984132
4,364,4b74724c4225fcfe043fdd749fb740fff4cf33c8,cuda,1.0,1,0.5,mixture,0.6838633475516613,64,standard normal at finite u_max,finite,oracle,0.06122601854593257,0.13729658636853975,full,0.4719862843396953,8192,42406912,0.05450799178403082,0.06122612669293026,0.13729658636853914,0.0545079917840271,0.1200554197001864,0.13804415158449956,oracle/task_004/cell_0364,13,with_replacement,1073741824,2.1771654933691025,3,completed,2048,20.0,0.12005541970018596,0.13804501278271902
2,404,4b74724c4225fcfe043fdd749fb740fff4cf33c8,cuda,1.0,8,0.5,mixture,0.9261954879155071,64,standard normal at finite u_max,infinite,oracle,0.6988044491464518,1.6197034979682736,unbiased,0.00012328935548285518,8192,19820544,0.6948531129377623,0.6988044704244598,1.6197034979682732,0.6948531129377656,0.994359631298789,1.6393868992548986,oracle/task_004/cell_0404,201,with_replacement,8388608,0.7772525399923325,1,completed,512,20.0,0.994359631298789,1.6393871382870446
4,444,4b74724c4225fcfe043fdd749fb740fff4cf33c8,cuda,1.0,8,0.5,mixture,0.7900096474883286,64,standard normal at finite u_max,infinite,oracle,0.7009703120050481,1.6209961425779464,unbiased,0.00012207033182153366,8192,37777408,0.6948531129377623,0.7009703245424364,1.6209961425779462,0.694853112937766,0.9944363424413794,1.6364665170603858,oracle/task_004/cell_0444,178,with_replacement,16777216,0.7703169286251068,4,completed,512,20.0,0.9944363424413794,1.6364654730360189
8,484,4b74724c4225fcfe043fdd749fb740fff4cf33c8,cuda,1.0,8,0.5,mixture,0.8402615760944216,64,standard normal at finite u_max,infinite,oracle,0.6522514107000066,1.6014810665724006,unbiased,0.00013358826466599376,8192,73691136,0.6461398347033217,0.6522514375755735,1.6014810665724002,0.6461398347033245,0.9898320153740309,1.6015754686633803,oracle/task_004/cell_0484,374,with_replacement,134217728,2.926914170384407,2,completed,2048,20.0,0.9898320153740309,1.6015751596254748
2,524,4b74724c4225fcfe043fdd749fb740fff4cf33c8,cuda,1.0,1,0.5,weak_mixture,0.6901462376585872,64,standard normal at finite u_max,infinite,oracle,0.016153814082832785,0.016992969105783996,unbiased,0.49356956735913776,8192,7015936,0.012160207522464273,0.016153807004934295,0.01699296910578388,0.01216020787180494,0.0013911287780684622,0.018662689991855132,oracle/task_004/cell_0524,1,without_replacement,8388608,0.6788182258605957,0,completed,512,20.0,0.0013911287780679071,0.018662469179971605
4,564,4b74724c4225fcfe043fdd749fb740fff4cf33c8,cuda,1.0,1,0.5,weak_mixture,0.7535059804595209,64,standard normal at finite u_max,infinite,oracle,0.01706161180129645,0.008607955111196452,unbiased,0.4988748866684526,8192,9375232,0.005600315873012129,0.017061616572267957,0.008607955111196346,0.005600316222352908,0.055987397562730634,0.012090620406459382,oracle/task_004/cell_0564,1,without_replacement,16777216,0.6840204000473022,3,completed,512,20.0,0.05598739756273008,0.01209136622219253
8,604,4b74724c4225fcfe043fdd749fb740fff4cf33c8,cuda,1.0,1,0.5,weak_mixture,0.7583187319748167,64,standard normal at finite u_max,infinite,oracle,0.01695877823227332,0.01414869367724833,unbiased,0.49988871981495236,8192,14093824,0.0059105311285592155,0.016958797416704446,0.014148693677248214,0.005910531477899883,0.052140678429266396,0.01500790421725793,oracle/task_004/cell_0604,1,without_replacement,134217728,2.6933408975601196,1,completed,2048,20.0,0.05214067842926562,0.015008933724963347
2,644,4b74724c4225fcfe043fdd749fb740fff4cf33c8,cuda,1.0,1,0.5,weak_mixture,0.9197595579099839,64,standard normal at finite u_max,finite,oracle,0.012360019291833252,0.006863182042083069,tail,0.4993880882941292,8192,2821632,0.008310794196635052,0.012360035618534965,0.006863182042082956,0.008310794545975608,0.04559959111875356,0.012536012192604402,oracle/task_004/cell_0644,1,with_replacement,33554432,3.775422304868698,4,completed,2048,20.0,0.045599591118753,0.012534306518640764
4,684,4b74724c4225fcfe043fdd749fb740fff4cf33c8,cuda,1.0,8,0.5,weak_mixture,0.9752905302336046,64,standard normal at finite u_max,finite,oracle,0.018031998950704405,0.015346676866868242,tail,0.4777916214923907,8192,37777408,0.01333565499428914,0.018032003605663358,0.015346676866868242,0.013335655168959612,0.03945112555712424,0.018309790717331964,oracle/task_004/cell_0684,4,with_replacement,16777216,0.9625105112791061,2,completed,512,20.0,0.039451125557124725,0.018310269975644798
8,724,4b74724c4225fcfe043fdd749fb740fff4cf33c8,cuda,1.0,8,0.5,weak_mixture,0.6858798961489548,64,standard normal at finite u_max,finite,oracle,0.03024802305393032,0.025342853132411226,tail,0.49415163290705344,8192,73691136,0.023287196395120537,0.030248017920935066,0.0253428531324112,0.02328719656979094,0.062473427239773935,0.0315195493606241,oracle/task_004/cell_0724,4,with_replacement,134217728,3.818775102496147,0,completed,2048,20.0,0.06247342723977395,0.031518642601893514
2,764,4b74724c4225fcfe043fdd749fb740fff4cf33c8,cuda,1.0,8,0.5,weak_mixture,0.7316591011103856,64,standard normal at finite u_max,finite,oracle,0.03195861531378166,0.030653152570563686,tail,0.4926711069286197,8192,24014848,0.024221222020863825,0.03195861168112418,0.03065315257056365,0.024221222195534305,0.06865075231884349,0.03686749555168645,oracle/task_004/cell_0764,4,without_replacement,33554432,3.7366583049297333,3,completed,2048,20.0,0.06865075231884346,0.036867857684557574
4,804,4b74724c4225fcfe043fdd749fb740fff4cf33c8,cuda,1.0,8,0.5,gaussian,0.7972812952212941,64,standard normal at finite u_max,infinite,oracle,0.3315360162925226,0.06821764729389335,unbiased,3.056703940130559e-05,32768,151023616,1.3000539089702556e-08,0.3315359765830209,0.06821764729389311,1.3000722054457015e-08,0.5965743615128822,0.07557810571972795,oracle/task_004/cell_0804,233,with_replacement,67108864,1.1763148456811905,1,completed,512,20.0,0.596574361512882,0.07557779805574528
4,844,4b74724c4225fcfe043fdd749fb740fff4cf33c8,cuda,1.0,8,0.5,gaussian,0.8083374040365668,64,standard normal at finite u_max,infinite,oracle,0.18090444785266968,0.028945120302331373,unbiased,3.052765918821268e-05,32768,151023616,1.3000539089702556e-08,0.18090456928038148,0.028945120302331345,1.3000722165479317e-08,0.5495803958748929,0.042897581147341615,oracle/task_004/cell_0844,233,with_replacement,67108864,1.1770581156015396,3,completed,512,20.0,0.5495803958748927,0.04289763932215071
4,884,4b74724c4225fcfe043fdd749fb740fff4cf33c8,cuda,1.0,8,0.5,mixture,0.7607504003480183,64,standard normal at finite u_max,infinite,oracle,0.7085182189846275,1.6402018587386529,unbiased,3.052833463877161e-05,32768,151023616,0.6948531129377623,0.7085182404156389,1.6402018587386533,0.6948531129377666,0.9964793923837216,1.664746459379602,oracle/task_004/cell_0884,180,with_replacement,67108864,1.1539796739816666,0,completed,512,20.0,0.9964793923837215,1.6647465184381178
4,924,4b74724c4225fcfe043fdd749fb740fff4cf33c8,cuda,1.0,8,0.5,mixture,0.7939222354481309,64,standard normal at finite u_max,infinite,oracle,0.7000684386836816,1.6358632333803333,unbiased,3.0517644871794134e-05,32768,151023616,0.6948531129377623,0.7000684559144896,1.6358632333803331,0.6948531129377664,0.9951752477307941,1.6534191961570048,oracle/task_004/cell_0924,180,with_replacement,67108864,1.1558185666799545,2,completed,512,20.0,0.9951752477307941,1.6534193819159793
4,964,4b74724c4225fcfe043fdd749fb740fff4cf33c8,cuda,1.0,8,0.5,mixture,0.7851471194322092,64,standard normal at finite u_max,infinite,oracle,0.7028419993305962,1.6325222188726198,unbiased,3.051758152122398e-05,32768,151023616,0.6948531129377623,0.7028420250101416,1.6325222188726198,0.6948531129377664,0.9956672683339566,1.6533572992968735,oracle/task_004/cell_0964,180,with_replacement,67108864,1.1560616940259933,4,completed,512,20.0,0.9956672683339565,1.653357311146935
4,1004,4b74724c4225fcfe043fdd749fb740fff4cf33c8,cuda,1.0,8,0.5,weak_mixture,0.9609588254160087,64,standard normal at finite u_max,infinite,oracle,0.025531528930334765,0.026789811581314816,unbiased,0.4830403122262333,32768,151023616,0.020557510592954784,0.02553152958157236,0.02678981158131484,0.02055751033094908,0.05216443651502592,0.02803857985879156,oracle/task_004/cell_1004,5,with_replacement,67108864,1.0895000398159027,1,completed,512,20.0,0.05216443651502589,0.028038730224517347
4,1044,4b74724c4225fcfe043fdd749fb740fff4cf33c8,cuda,1.0,8,0.5,weak_mixture,0.940484992231954,64,standard normal at finite u_max,infinite,oracle,0.03859183311705573,0.04116874993788919,unbiased,0.46781776820830645,32768,151023616,0.03631251731398003,0.0385918318661547,0.04116874993788919,0.03631251731397998,0.04755198639919944,0.04193983879690762,oracle/task_004/cell_1044,5,with_replacement,67108864,1.0954949706792831,3,completed,512,20.0,0.04755198639919968,0.04193957109443025
4,5,4b74724c4225fcfe043fdd749fb740fff4cf33c8,cuda,1.0,1,0.5,gaussian,0.6804361327690762,64,standard normal at finite u_max,infinite,oracle,0.09632001983109384,0.024959376863646687,unbiased,0.00022796512003821285,8192,9375232,1.3000539089702556e-08,0.09632019371426487,0.024959376863646243,1.300072227650162e-08,0.16511848594886536,0.025186803676423317,oracle/task_005/cell_0005,134,without_replacement,16777216,0.754972830414772,0,completed,512,20.0,0.1651184859488649,0.0251884112514029
8,45,4b74724c4225fcfe043fdd749fb740fff4cf33c8,cuda,1.0,1,0.5,gaussian,0.7993689362742211,64,standard normal at finite u_max,infinite,oracle,0.060830043971936254,0.013631219878270429,unbiased,0.0032657146450233575,8192,14093824,1.3000539089702556e-08,0.06083009021825364,0.013631219878269762,1.3000722054457015e-08,0.18157880428467343,0.015097563938505488,oracle/task_005/cell_0045,100,without_replacement,33554432,0.7458327561616898,3,completed,512,20.0,0.1815788042846731,0.015097527149905896
2,85,4b74724c4225fcfe043fdd749fb740fff4cf33c8,cuda,1.0,1,0.5,gaussian,0.7250624117605037,64,standard normal at finite u_max,finite,oracle,0.06626300501717108,0.013970285400694782,tail,0.3920868223445913,8192,2821632,1.3000539089702556e-08,0.06626325375409892,0.01397028540069456,1.300072272059083e-08,0.18879523102454798,0.01467740956339596,oracle/task_005/cell_0085,41,with_replacement,33554432,3.9576582312583923,1,completed,2048,20.0,0.18879523102454798,0.014679463201380357
4,125,4b74724c4225fcfe043fdd749fb740fff4cf33c8,cuda,1.0,1,0.5,gaussian,0.89626219549859,64,standard normal at finite u_max,finite,oracle,0.1091533824024436,0.02789051393713038,tail,0.40667468969524484,8192,5180928,1.3000539089702556e-08,0.10915342770815845,0.027890513937129935,1.3000722387523922e-08,0.16655451456036063,0.028431836953282844,oracle/task_005/cell_0125,42,with_replacement,67108864,3.957039549946785,4,completed,2048,20.0,0.1665545145603603,0.028431727695823993
8,165,4b74724c4225fcfe043fdd749fb740fff4cf33c8,cuda,1.0,8,0.5,gaussian,0.8347212586063267,64,standard normal at finite u_max,finite,oracle,0.049183014554441566,0.009042433185355442,tail,0.06441936122124024,8192,73691136,1.3000539089702556e-08,0.049183191664400355,0.009042433185355303,1.3000722387523922e-08,0.17535349529110972,0.01253614768420987,oracle/task_005/cell_0165,82,with_replacement,33554432,1.0317301154136658,2,completed,512,20.0,0.17535349529110958,0.012536333181792198
2,205,4b74724c4225fcfe043fdd749fb740fff4cf33c8,cuda,1.0,8,0.5,gaussian,0.9999171557236112,64,standard normal at finite u_max,finite,oracle,0.09442223539453726,0.023341566567249256,tail,0.3462068330256847,8192,24014848,1.3000539089702556e-08,0.09442230038187993,0.02334156656724909,1.300072227650162e-08,0.1493046809908643,0.025221901949233207,oracle/task_005/cell_0205,93,without_replacement,33554432,3.930974632501602,0,completed,2048,20.0,0.1493046809908642,0.025221695569533832
4,245,4b74724c4225fcfe043fdd749fb740fff4cf33c8,cuda,1.0,8,0.5,gaussian,0.9403541763621128,64,standard normal at finite u_max,finite,oracle,0.11081367225078578,0.026651107692760884,tail,0.3117291355821251,8192,41971712,1.3000539089702556e-08,0.11081381872893074,0.02665110769276098,1.3000723386724644e-08,0.20777115150092762,0.029507328565374295,oracle/task_005/cell_0245,96,without_replacement,67108864,3.9342871755361557,3,completed,2048,20.0,0.2077711515009283,0.029507371282803802
8,285,4b74724c4225fcfe043fdd749fb740fff4cf33c8,cuda,1.0,1,0.5,mixture,0.9772353503754551,64,standard normal at finite u_max,finite,oracle,0.6890882955616444,1.718548339301395,tail,0.015064243270959793,8192,14093824,0.6851110891198631,0.6890882936619751,1.7185483393013947,0.6851110891198665,0.9404783361430809,1.7185663195629788,oracle/task_005/cell_0285,55,without_replacement,33554432,0.9939639866352081,1,completed,512,20.0,0.9404783361430809,1.718566706599348
4,325,4b74724c4225fcfe043fdd749fb740fff4cf33c8,cuda,1.0,1,0.5,mixture,0.7872648151305871,64,standard normal at finite u_max,finite,oracle,0.21150447075986067,0.511778974225015,full,0.437165268614667,8192,42406912,0.211376183020262,0.2115044712101093,0.511778974225015,0.2113761830202581,0.584026695909621,0.5122167360316802,oracle/task_005/cell_0325,20,with_replacement,1073741824,2.2613328844308853,0,completed,2048,20.0,0.5840266959096211,0.5122154380412888
2,365,4b74724c4225fcfe043fdd749fb740fff4cf33c8,cuda,1.0,1,0.5,mixture,0.6622081787950463,64,standard normal at finite u_max,infinite,oracle,0.76693644526304,1.8497979008835583,unbiased,0.024633850115216217,8192,2821632,0.6948531129377623,0.7669364560512131,1.8497979008835588,0.6948531129377664,0.9907115723303781,1.8497979652211005,oracle/task_005/cell_0365,332,with_replacement,33554432,2.971017062664032,3,completed,2048,20.0,0.9907115723303781,1.8497982831502715
4,405,4b74724c4225fcfe043fdd749fb740fff4cf33c8,cuda,1.0,8,0.5,mixture,0.8133624798605879,64,standard normal at finite u_max,infinite,oracle,0.7007580658099751,1.6203801444744825,unbiased,0.00012207031308642848,8192,37777408,0.6948531129377623,0.7007580858593836,1.620380144474483,0.6948531129377666,0.994716819155412,1.6440908916008228,oracle/task_005/cell_0405,180,with_replacement,16777216,0.7954511493444443,1,completed,512,20.0,0.994716819155412,1.6440907873703279
8,445,4b74724c4225fcfe043fdd749fb740fff4cf33c8,cuda,1.0,8,0.5,mixture,0.9961125859332705,64,standard normal at finite u_max,infinite,oracle,0.705599633359064,1.6630502116520454,unbiased,0.0001220703205747338,8192,73691136,0.6948531129377623,0.7055996662706041,1.6630502116520454,0.694853112937766,0.9948360054277033,1.6758429528376506,oracle/task_005/cell_0445,152,with_replacement,33554432,0.7860268652439117,4,completed,512,20.0,0.9948360054277033,1.6758423936443396
2,485,4b74724c4225fcfe043fdd749fb740fff4cf33c8,cuda,1.0,8,0.5,mixture,0.5187583864422044,64,standard normal at finite u_max,infinite,oracle,0.7105091796246746,1.6927240878565506,unbiased,0.0001474985740228428,8192,24014848,0.6948531129377623,0.7105092070224567,1.6927240878565502,0.6948531129377659,0.9944044726501287,1.6975603084740842,oracle/task_005/cell_0485,627,without_replacement,33554432,3.045525297522545,2,completed,2048,20.0,0.9944044726501287,1.697559043891765
4,525,4b74724c4225fcfe043fdd749fb740fff4cf33c8,cuda,1.0,1,0.5,weak_mixture,0.6534654065698121,64,standard normal at finite u_max,infinite,oracle,0.01674507180726703,0.014225003328183022,unbiased,0.49097934896159895,8192,9375232,0.011721463923516473,0.01674506539057974,0.014225003328182927,0.011721464272857474,0.020999942245881753,0.01597282077485869,oracle/task_005/cell_0525,1,without_replacement,16777216,0.7057792842388153,0,completed,512,20.0,0.020999942245881753,0.015972354604470267
8,565,4b74724c4225fcfe043fdd749fb740fff4cf33c8,cuda,1.0,1,0.5,weak_mixture,0.7848792704268225,64,standard normal at finite u_max,infinite,oracle,0.014462714095929863,0.0017966987240112635,unbiased,0.4948848547188526,8192,14093824,0.0017369708618210078,0.014462722912602033,0.0017966987240111646,0.0017369712111620084,0.07818519671395818,0.01275327502914241,oracle/task_005/cell_0565,1,without_replacement,33554432,0.7044255882501602,3,completed,512,20.0,0.0781851967139583,0.012754133069796076
2,605,4b74724c4225fcfe043fdd749fb740fff4cf33c8,cuda,1.0,1,0.5,weak_mixture,0.8992321620202262,64,standard normal at finite u_max,finite,oracle,0.015083762020090208,0.01619790771784407,tail,0.4987923663495257,8192,2821632,0.012113675383125466,0.015083760474049135,0.016197907717843983,0.012113675732466578,0.0520598538803172,0.018245181139715412,oracle/task_005/cell_0605,1,with_replacement,33554432,3.941549316048622,1,completed,2048,20.0,0.05205985388031731,0.01824497245756381
4,645,4b74724c4225fcfe043fdd749fb740fff4cf33c8,cuda,1.0,1,0.5,weak_mixture,0.9178675811970297,64,standard normal at finite u_max,finite,oracle,0.01191641319984782,0.005247243061330519,tail,0.49857897822829494,8192,5180928,0.008763419718055054,0.011916432203662092,0.00524724306133041,0.0087634200673955,0.041707821218805896,0.011436779070199745,oracle/task_005/cell_0645,1,with_replacement,67108864,3.9503013342618942,4,completed,2048,20.0,0.04170782121880523,0.011435730737207425
8,685,4b74724c4225fcfe043fdd749fb740fff4cf33c8,cuda,1.0,8,0.5,weak_mixture,0.9485177616480626,64,standard normal at finite u_max,finite,oracle,0.026072225132206736,0.023470779749174286,tail,0.4875843334492947,8192,73691136,0.020044760979672935,0.026072228081804386,0.02347077974917426,0.02004476106700804,0.05014864231839232,0.026761938887710956,oracle/task_005/cell_0685,4,with_replacement,33554432,1.0073955655097961,2,completed,512,20.0,0.0501486423183921,0.02676239254383855
2,725,4b74724c4225fcfe043fdd749fb740fff4cf33c8,cuda,1.0,8,0.5,weak_mixture,0.9137101967242458,64,standard normal at finite u_max,finite,oracle,0.020422574699684483,0.016649920259031833,tail,0.4961940615258208,8192,24014848,0.012961323166808897,0.020422580657485083,0.016649920259031833,0.01296132316680889,0.055791398689419194,0.020138571369399866,oracle/task_005/cell_0725,4,without_replacement,33554432,3.9043330550193787,0,completed,2048,20.0,0.055791398689419056,0.020138107153033352
4,765,4b74724c4225fcfe043fdd749fb740fff4cf33c8,cuda,1.0,8,0.5,weak_mixture,0.9104217770724536,64,standard normal at finite u_max,finite,oracle,0.024560965104611712,0.021843303360287197,tail,0.49776178628473416,8192,41971712,0.017174958990287245,0.02456097136086121,0.021843303360287183,0.01717495890295207,0.05204820210159704,0.024882968336284252,oracle/task_005/cell_0765,4,without_replacement,67108864,3.897259905934334,3,completed,2048,20.0,0.05204820210159675,0.024883283438744568
4,805,4b74724c4225fcfe043fdd749fb740fff4cf33c8,cuda,1.0,8,0.5,gaussian,0.7826750285876167,64,standard normal at finite u_max,infinite,oracle,0.17812983576215174,0.03024360717809449,unbiased,7.663332003865041e-06,131072,604008448,1.3000539089702556e-08,0.17812985989334704,0.030243607178094323,1.3000722387523922e-08,0.4220248543340852,0.04307770756463115,oracle/task_005/cell_0805,233,with_replacement,268435456,3.432403564453125,1,completed,512,20.0,0.4220248543340852,0.043077693757020606
4,845,4b74724c4225fcfe043fdd749fb740fff4cf33c8,cuda,1.0,8,0.5,gaussian,0.7992284632214439,64,standard normal at finite u_max,infinite,oracle,0.15022699074187154,0.03082327903654236,unbiased,7.794812266471415e-06,131072,604008448,1.3000539089702556e-08,0.15022710344253382,0.030823279036542375,1.300072316468004e-08,0.3935450728143296,0.0386607247428667,oracle/task_005/cell_0845,232,with_replacement,268435456,3.439212456345558,3,completed,512,20.0,0.39354507281433,0.0386607363778439
4,885,4b74724c4225fcfe043fdd749fb740fff4cf33c8,cuda,1.0,8,0.5,mixture,0.7782499796931511,64,standard normal at finite u_max,infinite,oracle,0.7004314700534449,1.6324097144561558,unbiased,7.63144457025905e-06,131072,604008448,0.6948531129377623,0.7004314783842602,1.6324097144561547,0.6948531129377653,0.9940818594166076,1.6517071598601398,oracle/task_005/cell_0885,181,with_replacement,268435456,3.4191011786460876,0,completed,512,20.0,0.9940818594166075,1.651707197386344
4,925,4b74724c4225fcfe043fdd749fb740fff4cf33c8,cuda,1.0,8,0.5,mixture,0.777685365787795,64,standard normal at finite u_max,infinite,oracle,0.7031538993139983,1.6317530196082903,unbiased,7.633468481772325e-06,131072,604008448,0.6948531129377623,0.7031539166449988,1.6317530196082912,0.6948531129377671,0.9944407706103234,1.6528281315749136,oracle/task_005/cell_0925,180,with_replacement,268435456,3.4313043355941772,2,completed,512,20.0,0.9944407706103235,1.6528283014516127
4,965,4b74724c4225fcfe043fdd749fb740fff4cf33c8,cuda,1.0,8,0.5,mixture,0.7807502376267242,64,standard normal at finite u_max,infinite,oracle,0.6981656607159228,1.6352541478876448,unbiased,7.703633631373374e-06,131072,604008448,0.6948531129377623,0.6981656756031143,1.6352541478876443,0.694853112937766,0.9941925007986105,1.6492741326971638,oracle/task_005/cell_0965,180,with_replacement,268435456,3.4199938625097275,4,completed,512,20.0,0.9941925007986104,1.6492743593951409
4,1005,4b74724c4225fcfe043fdd749fb740fff4cf33c8,cuda,1.0,8,0.5,weak_mixture,0.5598377312175215,64,standard normal at finite u_max,infinite,oracle,0.010601847244906714,0.011093558008273677,unbiased,0.4756323239255785,131072,604008448,0.007058308240464876,0.010601851479392108,0.011093558008273668,0.007058308153129703,0.024959344919142312,0.012372252737028825,oracle/task_005/cell_1005,4,with_replacement,268435456,3.354877546429634,1,completed,512,20.0,0.024959344919142146,0.012372312472276615
4,1045,4b74724c4225fcfe043fdd749fb740fff4cf33c8,cuda,1.0,8,0.5,weak_mixture,0.6066492667147286,64,standard normal at finite u_max,infinite,oracle,0.007536413323209305,0.007390564374041353,unbiased,0.49003893682904426,131072,604008448,0.005610677872208231,0.007536411139537739,0.007390564374041378,0.0056106778722083,0.016547183088827605,0.008029089570179292,oracle/task_005/cell_1045,4,with_replacement,268435456,3.359125092625618,3,completed,512,20.0,0.016547183088827147,0.008029460774418198
8,6,4b74724c4225fcfe043fdd749fb740fff4cf33c8,cuda,1.0,1,0.5,gaussian,0.9678557385382708,64,standard normal at finite u_max,infinite,oracle,0.18764178114006091,0.05844754878022329,unbiased,0.00763941466928164,8192,14093824,1.3000539089702556e-08,0.18764165863249704,0.05844754878022296,1.3000722498546224e-08,0.03927743653262494,0.058453720623259375,oracle/task_006/cell_0006,104,without_replacement,33554432,0.7362051606178284,0,completed,512,20.0,0.03927743653262539,0.05845407842632126
2,46,4b74724c4225fcfe043fdd749fb740fff4cf33c8,cuda,1.0,1,0.5,gaussian,0.8861609708304574,64,standard normal at finite u_max,finite,oracle,0.06359248034846393,0.014320519270372922,tail,0.2458670519789341,8192,2821632,1.3000539089702556e-08,0.06359261719143416,0.01432051927037259,1.3000722498546224e-08,0.19167434720069276,0.015423457271264127,oracle/task_006/cell_0046,37,with_replacement,8388608,1.0727284364402294,3,completed,512,20.0,0.19167434720069265,0.01542220109259509
4,86,4b74724c4225fcfe043fdd749fb740fff4cf33c8,cuda,1.0,1,0.5,gaussian,0.7250624117605037,64,standard normal at finite u_max,finite,oracle,0.06626300501717114,0.013970285400694782,tail,0.39208682234459147,8192,5180928,1.3000539089702556e-08,0.06626325375409897,0.01397028540069456,1.300072272059083e-08,0.18879523102454798,0.014677409563402534,oracle/task_006/cell_0086,41,with_replacement,67108864,3.8760762326419353,1,completed,2048,20.0,0.1887952310245481,0.014679463201380328
8,126,4b74724c4225fcfe043fdd749fb740fff4cf33c8,cuda,1.0,1,0.5,gaussian,0.8962621954985898,64,standard normal at finite u_max,finite,oracle,0.10915338240244354,0.02789051393713038,tail,0.4066746896952443,8192,9899520,1.3000539089702556e-08,0.10915342770815839,0.027890513937129935,1.300072227650162e-08,0.16655451456036063,0.028431836953282837,oracle/task_006/cell_0126,42,with_replacement,134217728,3.878777489066124,4,completed,2048,20.0,0.1665545145603603,0.028431727695823986
2,166,4b74724c4225fcfe043fdd749fb740fff4cf33c8,cuda,1.0,8,0.5,gaussian,0.6908253805801633,64,standard normal at finite u_max,finite,oracle,0.1420141580320627,0.03717789657919407,tail,0.07936633364196467,8192,24014848,1.3000539089702556e-08,0.1420141289219099,0.03717789657919404,1.300072227650162e-08,0.16758468844133556,0.03969048832390194,oracle/task_006/cell_0166,88,without_replacement,8388608,1.0129652358591557,2,completed,512,20.0,0.1675846884413355,0.039690091916832045
4,206,4b74724c4225fcfe043fdd749fb740fff4cf33c8,cuda,1.0,8,0.5,gaussian,0.9999171557236112,64,standard normal at finite u_max,finite,oracle,0.09442223539453704,0.023341566567249256,tail,0.3462068330256846,8192,41971712,1.3000539089702556e-08,0.09442230038187971,0.02334156656724909,1.300072227650162e-08,0.14930468099086436,0.025221901949233207,oracle/task_006/cell_0206,93,without_replacement,67108864,3.857606302946806,0,completed,2048,20.0,0.14930468099086425,0.025221695569533832
8,246,4b74724c4225fcfe043fdd749fb740fff4cf33c8,cuda,1.0,8,0.5,gaussian,0.9403541763621128,64,standard normal at finite u_max,finite,oracle,0.11081367225078564,0.026651107692760884,tail,0.3117291355821254,8192,77885440,1.3000539089702556e-08,0.11081381872893059,0.02665110769276098,1.3000723386724644e-08,0.20777115150092768,0.02950732856537381,oracle/task_006/cell_0246,96,without_replacement,134217728,3.870573066174984,3,completed,2048,20.0,0.20777115150092829,0.0295073712828038
4,286,4b74724c4225fcfe043fdd749fb740fff4cf33c8,cuda,1.0,1,0.5,mixture,0.8003686519093971,64,standard normal at finite u_max,finite,oracle,0.048446502553529,0.07099139300984653,full,0.38116869583452306,8192,42406912,0.02816256589028443,0.04844656701308925,0.07099139300984647,0.028162565890280378,0.05146201129037831,0.07344322499306023,oracle/task_006/cell_0286,15,with_replacement,268435456,0.5697506926953793,2,completed,512,20.0,0.05146201129037886,0.07344312078697383
2,326,4b74724c4225fcfe043fdd749fb740fff4cf33c8,cuda,1.0,1,0.5,mixture,0.7655249682110246,64,standard normal at finite u_max,infinite,oracle,0.7482064832132567,1.8280720722173596,unbiased,0.014632528481550717,8192,2821632,0.6948531129377623,0.7482065014869884,1.8280720722173591,0.6948531129377657,0.990805077492686,1.8280726316237053,oracle/task_006/cell_0326,356,with_replacement,33554432,2.9384806901216507,0,completed,2048,20.0,0.990805077492686,1.8280727719797807
4,366,4b74724c4225fcfe043fdd749fb740fff4cf33c8,cuda,1.0,1,0.5,mixture,0.9983942403701329,64,standard normal at finite u_max,infinite,oracle,0.4848032066582366,1.201854162108709,unbiased,0.009944565533427277,8192,5180928,0.48462570314270115,0.48480320733481885,1.2018541621087095,0.48462570314270526,0.12026733102146281,1.2027832155008487,oracle/task_006/cell_0366,69,with_replacement,67108864,2.848443277180195,3,completed,2048,20.0,0.12026733102146336,1.2027865508681699
8,406,4b74724c4225fcfe043fdd749fb740fff4cf33c8,cuda,1.0,8,0.5,mixture,0.5707069545369284,64,standard normal at finite u_max,infinite,oracle,0.7061214233533625,1.6753049167034921,unbiased,0.0001220703125958452,8192,73691136,0.6948531129377623,0.7061214496972306,1.6753049167034928,0.6948531129377666,0.9937611640367501,1.6827704593090407,oracle/task_006/cell_0406,152,with_replacement,33554432,0.7812488004565239,1,completed,512,20.0,0.9937611640367501,1.682769168895304
2,446,4b74724c4225fcfe043fdd749fb740fff4cf33c8,cuda,1.0,8,0.5,mixture,0.9294114444147389,64,standard normal at finite u_max,infinite,oracle,0.6986600168197306,1.6255198076940458,unbiased,0.00012207493503237405,8192,24014848,0.6948531129377623,0.698660031989934,1.625519807694046,0.6948531129377664,0.9940738267706023,1.64248261604879,oracle/task_006/cell_0446,201,without_replacement,8388608,0.7822138071060181,4,completed,512,20.0,0.9940738267706022,1.6424829601780517
4,486,4b74724c4225fcfe043fdd749fb740fff4cf33c8,cuda,1.0,8,0.5,mixture,0.5744148666564582,64,standard normal at finite u_max,infinite,oracle,0.7033513530969276,1.7060851690764816,unbiased,0.00015420046154537227,8192,41971712,0.6948531129377623,0.7033513867118958,1.7060851690764818,0.6948531129377664,0.9921080359309273,1.709186859063599,oracle/task_006/cell_0486,532,without_replacement,67108864,3.0463741905987263,2,completed,2048,20.0,0.9921080359309272,1.7091853851967527
8,526,4b74724c4225fcfe043fdd749fb740fff4cf33c8,cuda,1.0,1,0.5,weak_mixture,0.6517630237069904,64,standard normal at finite u_max,infinite,oracle,0.01792754026336041,0.014086989672691733,unbiased,0.4984501974011103,8192,14093824,0.013139839248752061,0.017927518266175224,0.014086989672691631,0.01313983959809295,0.01248232275699035,0.01755366774178046,oracle/task_006/cell_0526,1,without_replacement,33554432,0.6937190890312195,0,completed,512,20.0,0.012482322756990127,0.017550762647768607
2,566,4b74724c4225fcfe043fdd749fb740fff4cf33c8,cuda,1.0,1,0.5,weak_mixture,0.6025868739830732,64,standard normal at finite u_max,finite,oracle,0.03900328809144804,0.016822870632342703,tail,0.47436656207824157,8192,2821632,0.01940183439423193,0.03900327157220747,0.016822870632342807,0.019401834044890875,0.2825623748741184,0.05071771974595677,oracle/task_006/cell_0566,2,with_replacement,8388608,1.037548914551735,3,completed,512,20.0,0.2825623748741184,0.050718052964237204
4,606,4b74724c4225fcfe043fdd749fb740fff4cf33c8,cuda,1.0,1,0.5,weak_mixture,0.9002478349285209,64,standard normal at finite u_max,finite,oracle,0.01569678521287421,0.016208761394160467,tail,0.4980821793754438,8192,5180928,0.01346550823892878,0.01569678212884229,0.01620876139416038,0.013465508588269892,0.05493200020276179,0.018267283052371634,oracle/task_006/cell_0606,1,with_replacement,67108864,3.86771621927619,1,completed,2048,20.0,0.05493200020276201,0.018266330367516452
8,646,4b74724c4225fcfe043fdd749fb740fff4cf33c8,cuda,1.0,1,0.5,weak_mixture,0.9183903251546952,64,standard normal at finite u_max,finite,oracle,0.012190797455948532,0.006189869015738144,tail,0.49883381215504796,8192,9899520,0.009024145471577372,0.01219080621319757,0.006189869015738052,0.009024145820918594,0.04272969829985729,0.012289834452020584,oracle/task_006/cell_0646,1,with_replacement,134217728,3.8620010800659657,4,completed,2048,20.0,0.0427296982998574,0.012291467347833252
2,686,4b74724c4225fcfe043fdd749fb740fff4cf33c8,cuda,1.0,8,0.5,weak_mixture,0.8476859133809355,64,standard normal at finite u_max,finite,oracle,0.020087870639936556,0.01681347057411222,tail,0.4782843815523276,8192,24014848,0.012895753173066085,0.02008787829799925,0.016813470574112237,0.012895752998395522,0.034307004237707245,0.020332618691679412,oracle/task_006/cell_0686,4,without_replacement,8388608,0.9652187302708626,2,completed,512,20.0,0.03430700423770705,0.020332590464662004
4,726,4b74724c4225fcfe043fdd749fb740fff4cf33c8,cuda,1.0,8,0.5,weak_mixture,0.8372154693029858,64,standard normal at finite u_max,finite,oracle,0.021361560703191847,0.01245766311627011,tail,0.49452712586037795,8192,41971712,0.010595471859283667,0.021361560677540727,0.012457663116270107,0.010595471684613264,0.0642965768061009,0.021035190477670395,oracle/task_006/cell_0726,4,without_replacement,67108864,3.823187332600355,0,completed,2048,20.0,0.06429657680610087,0.02103507343141143
8,766,4b74724c4225fcfe043fdd749fb740fff4cf33c8,cuda,1.0,8,0.5,weak_mixture,0.7566286103183774,64,standard normal at finite u_max,finite,oracle,0.03601789012022448,0.03739764842019649,tail,0.49305346869483485,8192,77885440,0.02964240737223136,0.036017889136643215,0.03739764842019649,0.029642407197560908,0.07551936729376928,0.039350730477250115,oracle/task_006/cell_0766,4,without_replacement,134217728,3.83143450319767,3,completed,2048,20.0,0.0755193672937693,0.03935083714308559
4,806,4b74724c4225fcfe043fdd749fb740fff4cf33c8,cuda,1.0,8,0.5,gaussian,0.8409946899584011,64,standard normal at finite u_max,infinite,oracle,0.18722769257422156,0.03478573842921369,unbiased,0.00012510750512868352,8192,37777408,1.3000539089702556e-08,0.18722776824285176,0.03478573842921363,1.3000722387523922e-08,0.4789457624805257,0.04635829838723617,oracle/task_006/cell_0806,304,with_replacement,16777216,0.8319930918514729,1,completed,512,10.0,0.4789457624805256,0.046357934308700284
4,846,4b74724c4225fcfe043fdd749fb740fff4cf33c8,cuda,1.0,8,0.5,gaussian,0.8417766221690349,64,standard normal at finite u_max,infinite,oracle,0.1222215762867313,0.01887260866812558,unbiased,0.00013485255614719443,8192,37777408,1.3000539089702556e-08,0.1222217051351734,0.018872608668125526,1.3000722498546224e-08,0.42757944821252286,0.031663277392815714,oracle/task_006/cell_0846,303,with_replacement,16777216,0.832130454480648,3,completed,512,10.0,0.4275794482125229,0.03166429870600236
4,886,4b74724c4225fcfe043fdd749fb740fff4cf33c8,cuda,1.0,8,0.5,mixture,0.5874063293000383,64,standard normal at finite u_max,infinite,oracle,0.7107802851709119,1.6726190730306034,unbiased,0.00012207133859670183,8192,37777408,0.6948531129377623,0.710780325227417,1.6726190730306032,0.694853112937766,0.9963683311865558,1.6853440942585718,oracle/task_006/cell_0886,237,with_replacement,16777216,0.8056102357804775,0,completed,512,10.0,0.9963683311865559,1.6853444762382699
4,926,4b74724c4225fcfe043fdd749fb740fff4cf33c8,cuda,1.0,8,0.5,mixture,0.956680593828141,64,standard normal at finite u_max,infinite,oracle,0.7016975765112784,1.6415957589863013,unbiased,0.0001221091636317012,8192,37777408,0.6948531129377623,0.7016976003354443,1.641595758986301,0.694853112937766,0.9955778571811942,1.6576662645044848,oracle/task_006/cell_0926,237,with_replacement,16777216,0.8043169267475605,2,completed,512,10.0,0.9955778571811943,1.6576663983369833
4,966,4b74724c4225fcfe043fdd749fb740fff4cf33c8,cuda,1.0,8,0.5,mixture,0.5966607148039648,64,standard normal at finite u_max,infinite,oracle,0.706581952021173,1.6609100561777168,unbiased,0.00012207031250002255,8192,37777408,0.6948531129377623,0.706581980339126,1.6609100561777166,0.694853112937766,0.9949210233766479,1.672157395788639,oracle/task_006/cell_0966,237,with_replacement,16777216,0.8022388145327568,4,completed,512,10.0,0.9949210233766478,1.6721583168954228
4,1006,4b74724c4225fcfe043fdd749fb740fff4cf33c8,cuda,1.0,8,0.5,weak_mixture,0.9773541132605481,64,standard normal at finite u_max,infinite,oracle,0.021066682497345397,0.014107302229294837,unbiased,0.48318782271486727,8192,37777408,0.014058814845994846,0.021066686673250193,0.014107302229294868,0.014058814845994819,0.056349533767785925,0.019526662592441634,oracle/task_006/cell_1006,4,with_replacement,16777216,0.7155164368450642,1,completed,512,10.0,0.05634953376778576,0.019526876739630477
4,1046,4b74724c4225fcfe043fdd749fb740fff4cf33c8,cuda,1.0,8,0.5,weak_mixture,0.7033489585882322,64,standard normal at finite u_max,infinite,oracle,0.04118964120551211,0.03485846725628341,unbiased,0.4891064970940537,8192,37777408,0.028739841636250187,0.04118964482161448,0.034858467256283394,0.028739841636250124,0.0944137607124882,0.042959381577680894,oracle/task_006/cell_1046,4,with_replacement,16777216,0.7188083678483963,3,completed,512,10.0,0.09441376071248851,0.04295888176260276
2,7,4b74724c4225fcfe043fdd749fb740fff4cf33c8,cuda,1.0,1,0.5,gaussian,0.843182907271324,64,standard normal at finite u_max,finite,oracle,0.02600453566829719,0.007305319455455095,tail,0.230101979346748,8192,2821632,1.3000539089702556e-08,0.026004843914327558,0.007305319455455539,1.300072227650162e-08,0.01625716869201488,0.007510353899303715,oracle/task_007/cell_0007,38,with_replacement,8388608,0.9736479036509991,0,completed,512,20.0,0.016257168692014545,0.0075112034514389706
4,47,4b74724c4225fcfe043fdd749fb740fff4cf33c8,cuda,1.0,1,0.5,gaussian,0.8861609708304574,64,standard normal at finite u_max,finite,oracle,0.06359248034846421,0.014320519270372811,tail,0.24586705197893405,8192,5180928,1.3000539089702556e-08,0.06359261719143444,0.01432051927037259,1.300072272059083e-08,0.19167434720069276,0.015423457271266554,oracle/task_007/cell_0047,37,with_replacement,16777216,0.9720070920884609,3,completed,512,20.0,0.19167434720069276,0.015422201092595074
8,87,4b74724c4225fcfe043fdd749fb740fff4cf33c8,cuda,1.0,1,0.5,gaussian,0.7250624117605038,64,standard normal at finite u_max,finite,oracle,0.06626300501717128,0.013970285400694782,tail,0.39208682234459097,8192,9899520,1.3000539089702556e-08,0.06626325375409911,0.01397028540069456,1.300072272059083e-08,0.18879523102454798,0.014677409563404735,oracle/task_007/cell_0087,41,with_replacement,134217728,3.800723146647215,1,completed,2048,20.0,0.1887952310245481,0.014679463201380331
2,127,4b74724c4225fcfe043fdd749fb740fff4cf33c8,cuda,1.0,1,0.5,gaussian,0.8314509535527947,64,standard normal at finite u_max,finite,oracle,0.05150525074497678,0.014964227553533549,tail,0.42083180715821106,8192,7015936,1.3000539089702556e-08,0.05150535680695609,0.014964227553533549,1.3000722942635434e-08,0.09947450599277652,0.01498317772475524,oracle/task_007/cell_0127,40,without_replacement,33554432,3.7768561765551567,4,completed,2048,20.0,0.09947450599277663,0.014982872231022595
4,167,4b74724c4225fcfe043fdd749fb740fff4cf33c8,cuda,1.0,8,0.5,gaussian,0.690825380580163,64,standard normal at finite u_max,finite,oracle,0.14201415803206274,0.03717789657919414,tail,0.07936633364196449,8192,41971712,1.3000539089702556e-08,0.14201412892190993,0.03717789657919411,1.3000722387523922e-08,0.1675846884413355,0.03969048832390627,oracle/task_007/cell_0167,88,without_replacement,16777216,0.982944518327713,2,completed,512,20.0,0.1675846884413355,0.03969009191683204
8,207,4b74724c4225fcfe043fdd749fb740fff4cf33c8,cuda,1.0,8,0.5,gaussian,0.9999171557236112,64,standard normal at finite u_max,finite,oracle,0.09442223539453704,0.023341566567249256,tail,0.34620683302568495,8192,77885440,1.3000539089702556e-08,0.09442230038187971,0.02334156656724909,1.300072227650162e-08,0.14930468099086436,0.025221901949233072,oracle/task_007/cell_0207,93,without_replacement,134217728,3.805063620209694,0,completed,2048,20.0,0.1493046809908642,0.025221695569533832
4,247,4b74724c4225fcfe043fdd749fb740fff4cf33c8,cuda,1.0,8,0.5,gaussian,0.6206165387617515,64,standard normal at finite u_max,finite,oracle,0.07664163390315681,0.017051812761941593,full,0.3699271933864791,8192,337420288,1.3000539089702556e-08,0.07664175420724535,0.01705181276194151,1.3000722498546224e-08,0.1911132108528492,0.019629112961198028,oracle/task_007/cell_0247,92,with_replacement,1073741824,7.543133568018675,4,completed,2048,20.0,0.1911132108528492,0.019629206038908175
2,287,4b74724c4225fcfe043fdd749fb740fff4cf33c8,cuda,1.0,1,0.5,mixture,0.6311613883969522,64,standard normal at finite u_max,infinite,oracle,0.6972184895651183,1.718056122915719,unbiased,0.00012211859700348031,8192,2821632,0.6948531129377623,0.6972185086315021,1.7180561229157199,0.6948531129377666,0.9904729587320614,1.7181654599015304,oracle/task_007/cell_0287,144,with_replacement,8388608,0.7452007904648781,2,completed,512,20.0,0.9904729587320614,1.7181652040348867
4,327,4b74724c4225fcfe043fdd749fb740fff4cf33c8,cuda,1.0,1,0.5,mixture,0.5185412317632744,64,standard normal at finite u_max,infinite,oracle,0.6893840597924816,1.7292756728673562,unbiased,0.12741343082407616,8192,5180928,0.6822280454606523,0.6893841174879867,1.7292756728673566,0.6822280454606564,0.9271510460428377,1.7292863846512436,oracle/task_007/cell_0327,71,with_replacement,67108864,2.7956363037228584,0,completed,2048,20.0,0.9271510460428377,1.7292823263344912
8,367,4b74724c4225fcfe043fdd749fb740fff4cf33c8,cuda,1.0,1,0.5,mixture,0.5551414325182648,64,standard normal at finite u_max,infinite,oracle,0.22924381557835566,0.5668389428845209,unbiased,0.2863872900772052,8192,9899520,0.22515349482555247,0.2292438273187814,0.5668389428845212,0.22515349482555658,0.21262254534626757,0.5668709273111785,oracle/task_007/cell_0367,21,with_replacement,134217728,2.7741661220788956,3,completed,2048,20.0,0.2126225453462669,0.5668713058798587
2,407,4b74724c4225fcfe043fdd749fb740fff4cf33c8,cuda,1.0,8,0.5,mixture,0.9260839764942165,64,standard normal at finite u_max,infinite,oracle,0.7008431970197422,1.633341319270411,unbiased,0.00012211259859688572,8192,24014848,0.6948531129377623,0.7008432184447224,1.6333413192704107,0.6948531129377662,0.9948790067432669,1.6507461314760747,oracle/task_007/cell_0407,201,without_replacement,8388608,0.764276310801506,1,completed,512,20.0,0.9948790067432668,1.6507467289947195
4,447,4b74724c4225fcfe043fdd749fb740fff4cf33c8,cuda,1.0,8,0.5,mixture,0.8020024224934098,64,standard normal at finite u_max,infinite,oracle,0.7211551180787656,1.6520786062289639,unbiased,0.00012207036226180234,8192,41971712,0.6948531129377623,0.7211551547677365,1.6520786062289636,0.6948531129377662,0.9961230927609358,1.675179349700917,oracle/task_007/cell_0447,177,without_replacement,16777216,0.751511238515377,4,completed,512,20.0,0.9961230927609359,1.6751787409805594
8,487,4b74724c4225fcfe043fdd749fb740fff4cf33c8,cuda,1.0,8,0.5,mixture,0.5666006698323205,64,standard normal at finite u_max,infinite,oracle,0.7029495841008035,1.7289262968481673,unbiased,0.00018833769411269433,8192,77885440,0.6948531129377623,0.7029496108598969,1.7289262968481671,0.694853112937766,0.9897091574754326,1.729114555184991,oracle/task_007/cell_0487,348,without_replacement,134217728,2.9635427221655846,2,completed,2048,20.0,0.9897091574754325,1.7291149310823022
2,527,4b74724c4225fcfe043fdd749fb740fff4cf33c8,cuda,1.0,1,0.5,weak_mixture,0.6709216431888879,64,standard normal at finite u_max,finite,oracle,0.010765672582168206,0.0008667868612810305,tail,0.4853379562504701,8192,2821632,0.0011572213710654422,0.010765658839914871,0.0008667868612809212,0.0011572217204061097,0.050893478666454994,0.008937083192670444,oracle/task_007/cell_0527,1,with_replacement,8388608,0.9561214409768581,0,completed,512,20.0,0.05089347866645566,0.008935659617163506
4,567,4b74724c4225fcfe043fdd749fb740fff4cf33c8,cuda,1.0,1,0.5,weak_mixture,0.7885380219699125,64,standard normal at finite u_max,finite,oracle,0.05248144096751106,0.056255038790710823,tail,0.48922905931845817,8192,5180928,0.04063383766416795,0.05248142192628488,0.056255038790710934,0.040633837314827004,0.1489902397847278,0.05659170430838873,oracle/task_007/cell_0567,2,with_replacement,16777216,0.960417065769434,3,completed,512,20.0,0.1489902397847278,0.05659367894631867
8,607,4b74724c4225fcfe043fdd749fb740fff4cf33c8,cuda,1.0,1,0.5,weak_mixture,0.8981760012646635,64,standard normal at finite u_max,finite,oracle,0.017874526062523155,0.017789414128418703,tail,0.4985747670363831,8192,9899520,0.014800817643289665,0.017874520920184822,0.017789414128418612,0.014800817992630777,0.05423949616331758,0.019778901833574402,oracle/task_007/cell_0607,1,with_replacement,134217728,3.800450675189495,1,completed,2048,20.0,0.05423949616331769,0.019776896142118652
2,647,4b74724c4225fcfe043fdd749fb740fff4cf33c8,cuda,1.0,1,0.5,weak_mixture,0.9990986286694876,64,standard normal at finite u_max,finite,oracle,0.02480903496478576,0.04357583587746125,tail,0.4981276894342905,8192,7015936,0.02238555965079303,0.024809039783329045,0.04357583587746119,0.022385560000134253,0.07490882262244747,0.043581336973887934,oracle/task_007/cell_0647,2,without_replacement,33554432,3.7554836198687553,4,completed,2048,20.0,0.0749088226224468,0.043581636238090825
4,687,4b74724c4225fcfe043fdd749fb740fff4cf33c8,cuda,1.0,8,0.5,weak_mixture,0.7515851916938665,64,standard normal at finite u_max,finite,oracle,0.024870837847669303,0.018307361419903183,tail,0.48558670598279335,8192,41971712,0.017240907107647335,0.024870839232904993,0.018307361419903162,0.017240907020312127,0.06913828437769633,0.026878186281321582,oracle/task_007/cell_0687,4,without_replacement,16777216,0.9517486691474915,2,completed,512,20.0,0.06913828437769656,0.02687783014783652
8,727,4b74724c4225fcfe043fdd749fb740fff4cf33c8,cuda,1.0,8,0.5,weak_mixture,0.8650041927659509,64,standard normal at finite u_max,finite,oracle,0.021473704349609615,0.017845524055878238,tail,0.4953117268943598,8192,77885440,0.015422609431827779,0.02147370574091397,0.017845524055878227,0.015422609519163043,0.041237949577249494,0.021033165594770302,oracle/task_007/cell_0727,4,without_replacement,134217728,3.7704070396721363,0,completed,2048,20.0,0.041237949577249744,0.021032878731924103
4,767,4b74724c4225fcfe043fdd749fb740fff4cf33c8,cuda,1.0,8,0.5,weak_mixture,0.9489562508111993,64,standard normal at finite u_max,finite,oracle,0.02884923656479918,0.026668602270144393,full,0.49271630769998154,8192,337420288,0.022006915268911034,0.028849243227168232,0.026668602270144358,0.022006915268911034,0.06294523118993305,0.029997527605611446,oracle/task_007/cell_0767,4,with_replacement,1073741824,7.507247727364302,4,completed,2048,20.0,0.06294523118993287,0.02999683099262275
4,807,4b74724c4225fcfe043fdd749fb740fff4cf33c8,cuda,1.0,8,0.5,gaussian,0.5601474592793589,64,standard normal at finite u_max,infinite,oracle,0.2307337898140937,0.040192200094151156,unbiased,0.00012209805501539993,8192,37777408,1.3000539089702556e-08,0.23073387486133437,0.040192200094151156,1.300072227650162e-08,0.5450648059663556,0.050221729482859155,oracle/task_007/cell_0807,196,with_replacement,16777216,0.7721376195549965,1,completed,512,30.0,0.5450648059663555,0.05022148673002859
4,847,4b74724c4225fcfe043fdd749fb740fff4cf33c8,cuda,1.0,8,0.5,gaussian,0.5820936952187717,64,standard normal at finite u_max,infinite,oracle,0.2885267404244823,0.061231402873945934,unbiased,0.00012207131094186808,8192,37777408,1.3000539089702556e-08,0.2885267972653838,0.06123140287394588,1.3000722165479317e-08,0.5594481650353124,0.06908219633375454,oracle/task_007/cell_0847,196,with_replacement,16777216,0.7759711220860481,3,completed,512,30.0,0.5594481650353123,0.06908172343516672
4,887,4b74724c4225fcfe043fdd749fb740fff4cf33c8,cuda,1.0,8,0.5,mixture,0.9591418664970944,64,standard normal at finite u_max,infinite,oracle,0.704064048459547,1.6251297663507582,unbiased,0.00012207031344752851,8192,37777408,0.6948531129377623,0.7040640701230425,1.6251297663507578,0.694853112937766,0.9954433965893399,1.6464306901496601,oracle/task_007/cell_0887,153,with_replacement,16777216,0.7600674964487553,0,completed,512,30.0,0.9954433965893398,1.646430959748808
4,927,4b74724c4225fcfe043fdd749fb740fff4cf33c8,cuda,1.0,8,0.5,mixture,0.9597473809335908,64,standard normal at finite u_max,infinite,oracle,0.7303267891080515,1.6697580621957224,unbiased,0.00012207031616676484,8192,37777408,0.6948531129377623,0.7303268342965273,1.6697580621957222,0.694853112937766,0.9979141485444816,1.6900451463729342,oracle/task_007/cell_0927,152,with_replacement,16777216,0.7614678777754307,2,completed,512,30.0,0.9979141485444818,1.6900447553777849
4,967,4b74724c4225fcfe043fdd749fb740fff4cf33c8,cuda,1.0,8,0.5,mixture,0.9600149907921995,64,standard normal at finite u_max,infinite,oracle,0.7067303207926579,1.6239891736123135,unbiased,0.00012207031580922792,8192,37777408,0.6948531129377623,0.7067303563974419,1.6239891736123138,0.6948531129377666,0.9963252689398427,1.6498970033212987,oracle/task_007/cell_0967,154,with_replacement,16777216,0.7592966705560684,4,completed,512,30.0,0.9963252689398427,1.649896898455719
4,1007,4b74724c4225fcfe043fdd749fb740fff4cf33c8,cuda,1.0,8,0.5,weak_mixture,0.706363477408543,64,standard normal at finite u_max,infinite,oracle,0.03371159752594716,0.03215811845536299,unbiased,0.4702324867950131,8192,37777408,0.02561185530421098,0.033711598323577015,0.032158118455362955,0.025611855478881396,0.07328230716765717,0.037196160379693796,oracle/task_007/cell_1007,4,with_replacement,16777216,0.7053869888186455,1,completed,512,30.0,0.07328230716765692,0.03719614970716449
4,1047,4b74724c4225fcfe043fdd749fb740fff4cf33c8,cuda,1.0,8,0.5,weak_mixture,0.7617886514963988,64,standard normal at finite u_max,infinite,oracle,0.04578964698679111,0.046172907173712294,unbiased,0.47942286657903577,8192,37777408,0.039493504730715966,0.045789645376401206,0.046172907173712294,0.03949350481805114,0.06852918705993373,0.04828831568850364,oracle/task_007/cell_1047,5,with_replacement,16777216,0.7060656771063805,3,completed,512,30.0,0.06852918705993345,0.04828855258106853
4,8,4b74724c4225fcfe043fdd749fb740fff4cf33c8,cuda,1.0,1,0.5,gaussian,0.843182907271324,64,standard normal at finite u_max,finite,oracle,0.0260045356682973,0.007305319455454984,tail,0.2301019793467482,8192,5180928,1.3000539089702556e-08,0.02600484391432767,0.007305319455455539,1.3000722165479317e-08,0.016257168692014767,0.007510353899308654,oracle/task_008/cell_0008,38,with_replacement,16777216,0.9998772442340851,0,completed,512,20.0,0.016257168692014323,0.007511203451438878
8,48,4b74724c4225fcfe043fdd749fb740fff4cf33c8,cuda,1.0,1,0.5,gaussian,0.8861609708304574,64,standard normal at finite u_max,finite,oracle,0.06359248034846421,0.014320519270372922,tail,0.24586705197893285,8192,9899520,1.3000539089702556e-08,0.06359261719143444,0.01432051927037259,1.3000722498546224e-08,0.19167434720069276,0.015423457271266554,oracle/task_008/cell_0048,37,with_replacement,33554432,0.9950636066496372,3,completed,512,20.0,0.19167434720069265,0.015422201092595077
2,88,4b74724c4225fcfe043fdd749fb740fff4cf33c8,cuda,1.0,1,0.5,gaussian,0.6981672081835877,64,standard normal at finite u_max,finite,oracle,0.06724079371365255,0.0167785376581977,tail,0.41377925377710245,8192,7015936,1.3000539089702556e-08,0.06724083946417186,0.016778537658197257,1.3000722387523922e-08,0.15401371533393093,0.016968494150534943,oracle/task_008/cell_0088,45,without_replacement,33554432,3.840900357812643,1,completed,2048,20.0,0.1540137153339306,0.016969770941165294
4,128,4b74724c4225fcfe043fdd749fb740fff4cf33c8,cuda,1.0,1,0.5,gaussian,0.8314509535527956,64,standard normal at finite u_max,finite,oracle,0.051505250744976944,0.014964227553533549,tail,0.4208318071582115,8192,9375232,1.3000539089702556e-08,0.051505356806956254,0.014964227553532994,1.3000722165479317e-08,0.09947450599277696,0.014983177724766662,oracle/task_008/cell_0128,40,without_replacement,67108864,3.8564682230353355,4,completed,2048,20.0,0.09947450599277652,0.014982872231022602
8,168,4b74724c4225fcfe043fdd749fb740fff4cf33c8,cuda,1.0,8,0.5,gaussian,0.690825380580163,64,standard normal at finite u_max,finite,oracle,0.14201415803206272,0.037177896579194125,tail,0.07936633364196428,8192,77885440,1.3000539089702556e-08,0.1420141289219099,0.0371778965791941,1.3000722387523922e-08,0.16758468844133556,0.0396904883239029,oracle/task_008/cell_0168,88,without_replacement,33554432,1.0072568133473396,2,completed,512,20.0,0.1675846884413355,0.03969009191683203
4,208,4b74724c4225fcfe043fdd749fb740fff4cf33c8,cuda,1.0,8,0.5,gaussian,0.5436485978193848,64,standard normal at finite u_max,finite,oracle,0.0551772789134869,0.010426947395624359,full,0.33743036678020655,8192,337420288,1.3000539089702556e-08,0.05517741574945227,0.010426947395624248,1.3000722498546224e-08,0.1978155584036796,0.013990717938931065,oracle/task_008/cell_0208,97,with_replacement,1073741824,7.498714938759804,1,completed,2048,20.0,0.19781555840367956,0.013990593077190883
2,248,4b74724c4225fcfe043fdd749fb740fff4cf33c8,cuda,1.0,8,0.5,gaussian,0.594271575881651,64,standard normal at finite u_max,infinite,oracle,0.1600971516146774,0.02976941829256717,unbiased,0.0008905022096437224,8192,19820544,1.3000539089702556e-08,0.1600972778218705,0.0297694182925672,1.3000722387523922e-08,0.4283874430175225,0.04115859896779077,oracle/task_008/cell_0248,699,with_replacement,33554432,3.1191480569541454,4,completed,2048,20.0,0.4283874430175224,0.04115877807744697
4,288,4b74724c4225fcfe043fdd749fb740fff4cf33c8,cuda,1.0,1,0.5,mixture,0.8278655583951356,64,standard normal at finite u_max,infinite,oracle,0.706445657619922,1.7636120303035192,unbiased,0.00012229833003686816,8192,5180928,0.6948531129377623,0.7064456938724452,1.7636120303035197,0.6948531129377664,0.9907688103464692,1.7636164005514914,oracle/task_008/cell_0288,118,with_replacement,16777216,0.7554161809384823,2,completed,512,20.0,0.9907688103464692,1.7636147686844192
8,328,4b74724c4225fcfe043fdd749fb740fff4cf33c8,cuda,1.0,1,0.5,mixture,0.6276155785725359,64,standard normal at finite u_max,infinite,oracle,0.24845817803413528,0.6086374320835257,unbiased,0.3536322245387005,8192,9899520,0.2417419514464001,0.2484582042102118,0.608637432083526,0.2417419514464042,0.22697221019150082,0.6086682729537055,oracle/task_008/cell_0328,19,with_replacement,134217728,2.8335245102643967,0,completed,2048,20.0,0.22697221019150016,0.6086694138236581
2,368,4b74724c4225fcfe043fdd749fb740fff4cf33c8,cuda,1.0,1,0.5,mixture,0.9910548965323593,64,standard normal at finite u_max,infinite,oracle,0.7566800488191914,1.8390767575830047,unbiased,0.006660403883836192,8192,7015936,0.6948531129377623,0.7566800553688544,1.839076757583004,0.6948531129377655,0.9907225052594341,1.839079562829178,oracle/task_008/cell_0368,316,without_replacement,33554432,2.870052859187126,3,completed,2048,20.0,0.9907225052594341,1.8390810902453212
4,408,4b74724c4225fcfe043fdd749fb740fff4cf33c8,cuda,1.0,8,0.5,mixture,0.8194300517883112,64,standard normal at finite u_max,infinite,oracle,0.7019635260247943,1.639972753552733,unbiased,0.00012207217562248908,8192,41971712,0.6948531129377623,0.7019635470691514,1.6399727535527324,0.694853112937766,0.9948648395669527,1.656051953489364,oracle/task_008/cell_0408,179,without_replacement,16777216,0.7727770060300827,1,completed,512,20.0,0.9948648395669527,1.6560515671215432
8,448,4b74724c4225fcfe043fdd749fb740fff4cf33c8,cuda,1.0,8,0.5,mixture,0.85515384203619,64,standard normal at finite u_max,infinite,oracle,0.7096786794039892,1.7007099039169922,unbiased,0.00012219876167376408,8192,77885440,0.6948531129377623,0.7096787093883817,1.7007099039169917,0.6948531129377662,0.9933967385569632,1.70316680472975,oracle/task_008/cell_0448,147,without_replacement,33554432,0.7806835845112801,4,completed,512,20.0,0.9933967385569632,1.7031664228884436
2,488,4b74724c4225fcfe043fdd749fb740fff4cf33c8,cuda,1.0,8,0.5,mixture,0.9550979504352256,64,standard normal at finite u_max,finite,oracle,0.35879922082222093,0.7416825636630006,tail,0.00623500304444719,8192,19820544,0.3051468870622377,0.35879927660333905,0.7416825636630011,0.3051468870622338,0.992149303093918,0.7648490638571178,oracle/task_008/cell_0488,504,with_replacement,33554432,4.1072107926011086,2,completed,2048,20.0,0.992149303093918,0.7648482178973355
4,528,4b74724c4225fcfe043fdd749fb740fff4cf33c8,cuda,1.0,1,0.5,weak_mixture,0.6729517122244362,64,standard normal at finite u_max,finite,oracle,0.011833464685015893,0.0028260643037749424,tail,0.4865135641718227,8192,5180928,0.0034918208753476065,0.011833456167667844,0.002826064303774847,0.003491821224688718,0.027893241027569626,0.008326467097821253,oracle/task_008/cell_0528,1,with_replacement,16777216,0.9780905619263649,0,completed,512,20.0,0.027893241027569404,0.008326723542694278
8,568,4b74724c4225fcfe043fdd749fb740fff4cf33c8,cuda,1.0,1,0.5,weak_mixture,0.5922909965386085,64,standard normal at finite u_max,finite,oracle,0.049710831732978134,0.024512660714443007,tail,0.4678202852725354,8192,9899520,0.020855778020145155,0.04971081232506519,0.024512660714443114,0.020855777670804043,0.3024170251555318,0.05680789138754789,oracle/task_008/cell_0568,2,with_replacement,33554432,0.9785495810210705,3,completed,512,20.0,0.3024170251555316,0.05680695383674765
2,608,4b74724c4225fcfe043fdd749fb740fff4cf33c8,cuda,1.0,1,0.5,weak_mixture,0.7028924865514571,64,standard normal at finite u_max,finite,oracle,0.013264591173331702,0.008313570754650543,tail,0.4984290466269703,8192,7015936,0.002302452251404019,0.013264599856463333,0.00831357075465044,0.0023024526007450197,0.04783608031332287,0.010781986843524216,oracle/task_008/cell_0608,1,without_replacement,33554432,3.813468284904957,1,completed,2048,20.0,0.04783608031332265,0.010781315392370684
4,648,4b74724c4225fcfe043fdd749fb740fff4cf33c8,cuda,1.0,1,0.5,weak_mixture,0.9999336271564709,64,standard normal at finite u_max,finite,oracle,0.020454115004436446,0.03475968782433487,tail,0.4989408206576401,8192,9375232,0.01907824511814149,0.020454115473047374,0.034759687824334785,0.019078245467482602,0.06530095706663697,0.03477071034923883,oracle/task_008/cell_0648,2,without_replacement,67108864,3.8185241408646107,4,completed,2048,20.0,0.06530095706663674,0.03477028216997375
8,688,4b74724c4225fcfe043fdd749fb740fff4cf33c8,cuda,1.0,8,0.5,weak_mixture,0.799854077696756,64,standard normal at finite u_max,finite,oracle,0.029874426217771765,0.028135274313393042,tail,0.481658273807408,8192,77885440,0.02208095179903105,0.0298744258776313,0.028135274313393,0.02208095162436067,0.05650359159824256,0.03198407938306018,oracle/task_008/cell_0688,4,without_replacement,33554432,0.9733510315418243,2,completed,512,20.0,0.05650359159824282,0.03198481601249397
4,728,4b74724c4225fcfe043fdd749fb740fff4cf33c8,cuda,1.0,8,0.5,weak_mixture,0.9915106354192816,64,standard normal at finite u_max,finite,oracle,0.05865792490905795,0.06184269717130192,full,0.49267154473258207,8192,337420288,0.04756045465362163,0.058657924471245244,0.06184269717130186,0.04756045474095669,0.09045499798063676,0.06350804250571411,oracle/task_008/cell_0728,5,with_replacement,1073741824,7.465199127793312,1,completed,2048,20.0,0.09045499798063703,0.06350740993684158
2,768,4b74724c4225fcfe043fdd749fb740fff4cf33c8,cuda,1.0,8,0.5,weak_mixture,0.5965228914398553,64,standard normal at finite u_max,infinite,oracle,0.025345633556281832,0.02095171153025736,unbiased,0.49420230561520107,8192,19820544,0.01407363959693101,0.025345635842971698,0.020951711530257346,0.01407363950959574,0.0730133436805906,0.024752194442217094,oracle/task_008/cell_0768,4,with_replacement,33554432,2.831252481788397,4,completed,2048,20.0,0.07301334368059079,0.02475260906032716
4,808,4b74724c4225fcfe043fdd749fb740fff4cf33c8,cuda,1.0,8,0.5,gaussian,0.9866321928876666,64,standard normal at finite u_max,infinite,oracle,0.150796340303273,0.025211723482869097,unbiased,3.082917069542412e-05,32768,167800832,1.3000539089702556e-08,0.1507964674674097,0.02521172348286911,1.300072227650162e-08,0.46497281099535515,0.03494204266147978,oracle/task_008/cell_0808,232,without_replacement,67108864,1.329801220446825,1,completed,512,20.0,0.4649728109953551,0.03494192661957549
4,848,4b74724c4225fcfe043fdd749fb740fff4cf33c8,cuda,1.0,8,0.5,gaussian,0.8181214920591092,64,standard normal at finite u_max,infinite,oracle,0.2070514604878797,0.04418637215726828,unbiased,3.071964102443229e-05,32768,167800832,1.3000539089702556e-08,0.20705148140691104,0.044186372157268325,1.3000722498546224e-08,0.3895888236663885,0.05189367358279501,oracle/task_008/cell_0848,232,without_replacement,67108864,1.3308625556528568,3,completed,512,20.0,0.3895888236663885,0.05189355037545673
4,888,4b74724c4225fcfe043fdd749fb740fff4cf33c8,cuda,1.0,8,0.5,mixture,0.8038597464046086,64,standard normal at finite u_max,infinite,oracle,0.7027730379923297,1.6412598662398976,unbiased,3.051798059309674e-05,32768,167800832,0.6948531129377623,0.7027730530702262,1.6412598662398978,0.6948531129377664,0.9955835194798168,1.6622164602778886,oracle/task_008/cell_0888,178,without_replacement,67108864,1.313727792352438,0,completed,512,20.0,0.9955835194798168,1.662216673469898
4,928,4b74724c4225fcfe043fdd749fb740fff4cf33c8,cuda,1.0,8,0.5,mixture,0.81240237420776,64,standard normal at finite u_max,infinite,oracle,0.6979589913255722,1.6242475091556074,unbiased,3.0558577655341476e-05,32768,167800832,0.6948531129377623,0.6979590085177789,1.6242475091556072,0.694853112937766,0.9938444486673603,1.6424952474731633,oracle/task_008/cell_0928,178,without_replacement,67108864,1.3083227798342705,2,completed,512,20.0,0.9938444486673603,1.642494963105063
4,968,4b74724c4225fcfe043fdd749fb740fff4cf33c8,cuda,1.0,8,0.5,mixture,0.8174331343791353,64,standard normal at finite u_max,infinite,oracle,0.7046461387244299,1.6393498310115149,unbiased,3.051757895436783e-05,32768,167800832,0.6948531129377623,0.7046461548015,1.6393498310115144,0.6948531129377662,0.9949704256809421,1.6592176798588805,oracle/task_008/cell_0968,179,without_replacement,67108864,1.3145877085626125,4,completed,512,20.0,0.9949704256809421,1.6592174509112816
4,1008,4b74724c4225fcfe043fdd749fb740fff4cf33c8,cuda,1.0,8,0.5,weak_mixture,0.8261098315470052,64,standard normal at finite u_max,infinite,oracle,0.012884231833804369,0.01093228068104521,unbiased,0.4788765572158975,32768,167800832,0.009216607068465395,0.012884241014730754,0.010932280681045195,0.00921660733047118,0.037144083204891445,0.014258351067346709,oracle/task_008/cell_1008,4,without_replacement,67108864,1.257165513932705,1,completed,512,20.0,0.03714408320489153,0.014259015278717941
4,1048,4b74724c4225fcfe043fdd749fb740fff4cf33c8,cuda,1.0,8,0.5,weak_mixture,0.963827322649691,64,standard normal at finite u_max,infinite,oracle,0.019362944172810502,0.01828790242726347,unbiased,0.48389790587165504,32768,167800832,0.01459635717968525,0.01936294603701461,0.018287902427263487,0.014596357005014868,0.039355974718580294,0.020301578118470817,oracle/task_008/cell_1048,5,without_replacement,67108864,1.2608418799936771,3,completed,512,20.0,0.039355974718580405,0.020301973218572158
8,9,4b74724c4225fcfe043fdd749fb740fff4cf33c8,cuda,1.0,1,0.5,gaussian,0.8431829072713241,64,standard normal at finite u_max,finite,oracle,0.0260045356682973,0.007305319455454984,tail,0.230101979346748,8192,9899520,1.3000539089702556e-08,0.02600484391432767,0.007305319455455539,1.3000722165479317e-08,0.01625716869201488,0.007510353899306187,oracle/task_009/cell_0009,38,with_replacement,33554432,0.9949002750217915,0,completed,512,20.0,0.016257168692014323,0.007511203451438928
2,49,4b74724c4225fcfe043fdd749fb740fff4cf33c8,cuda,1.0,1,0.5,gaussian,0.636095464987475,64,standard normal at finite u_max,finite,oracle,0.02929523936649342,0.002643881905217693,tail,0.18498286986924206,8192,7015936,1.3000539089702556e-08,0.02929543965770587,0.002643881905217693,1.3000722942635434e-08,0.1705694127126941,0.008792448754717125,oracle/task_009/cell_0049,41,without_replacement,8388608,0.9742400087416172,3,completed,512,20.0,0.1705694127126942,0.00879286054449442
4,89,4b74724c4225fcfe043fdd749fb740fff4cf33c8,cuda,1.0,1,0.5,gaussian,0.6981672081835877,64,standard normal at finite u_max,finite,oracle,0.06724079371365249,0.0167785376581977,tail,0.4137792537771018,8192,9375232,1.3000539089702556e-08,0.06724083946417181,0.016778537658197257,1.3000722387523922e-08,0.15401371533393082,0.016968494150537347,oracle/task_009/cell_0089,45,without_replacement,67108864,3.825114954262972,1,completed,2048,20.0,0.1540137153339306,0.016969770941165332
8,129,4b74724c4225fcfe043fdd749fb740fff4cf33c8,cuda,1.0,1,0.5,gaussian,0.831450953552796,64,standard normal at finite u_max,finite,oracle,0.051505250744976916,0.014964227553533438,tail,0.4208318071582113,8192,14093824,1.3000539089702556e-08,0.051505356806956226,0.014964227553532883,1.3000722165479317e-08,0.09947450599277718,0.01498317772476442,oracle/task_009/cell_0129,40,without_replacement,134217728,3.841644063591957,4,completed,2048,20.0,0.09947450599277663,0.014982872231022643
4,169,4b74724c4225fcfe043fdd749fb740fff4cf33c8,cuda,1.0,8,0.5,gaussian,0.8881494674318858,64,standard normal at finite u_max,finite,oracle,0.07427650345199574,0.018129778578315853,full,0.052479933674177505,8192,337420288,1.3000539089702556e-08,0.07427661506188918,0.01812977857831588,1.300072272059083e-08,0.17362785273048395,0.02028891949549761,oracle/task_009/cell_0169,78,with_replacement,268435456,1.9008745960891247,3,completed,512,20.0,0.17362785273048414,0.020288603295241847
2,209,4b74724c4225fcfe043fdd749fb740fff4cf33c8,cuda,1.0,8,0.5,gaussian,0.6604619795422146,64,standard normal at finite u_max,infinite,oracle,0.1520082743373557,0.0317128516736367,unbiased,0.001001251024408837,8192,19820544,1.3000539089702556e-08,0.1520084196642083,0.03171285167363644,1.3000722054457015e-08,0.33919528024694345,0.038500070904154485,oracle/task_009/cell_0209,696,with_replacement,33554432,3.1193358972668648,1,completed,2048,20.0,0.33919528024694323,0.038499911836991536
4,249,4b74724c4225fcfe043fdd749fb740fff4cf33c8,cuda,1.0,8,0.5,gaussian,0.9602894902697167,64,standard normal at finite u_max,infinite,oracle,0.11597482144467895,0.026032150297927548,unbiased,0.0003029418025606292,8192,37777408,1.3000539089702556e-08,0.11597490036260981,0.026032150297927353,1.3000722054457015e-08,0.27642240876952084,0.02960514686174944,oracle/task_009/cell_0249,602,with_replacement,67108864,3.074144721031189,4,completed,2048,20.0,0.2764224087695206,0.029605417859424426
8,289,4b74724c4225fcfe043fdd749fb740fff4cf33c8,cuda,1.0,1,0.5,mixture,0.7709163725171732,64,standard normal at finite u_max,infinite,oracle,0.6957369595527114,1.7278135425230354,unbiased,0.00019834823746559918,8192,9899520,0.6943239029935071,0.6957369700679207,1.727813542523035,0.6943239029935104,0.9860675991009903,1.7278128522844813,oracle/task_009/cell_0289,77,with_replacement,33554432,0.7379098646342754,2,completed,512,20.0,0.9860675991009903,1.7278166478549917
2,329,4b74724c4225fcfe043fdd749fb740fff4cf33c8,cuda,1.0,1,0.5,mixture,0.7914395027834885,64,standard normal at finite u_max,infinite,oracle,0.7323018262363825,1.812076156314768,unbiased,0.0589757077769485,8192,7015936,0.6948531129377623,0.7323018670070024,1.8120761563147685,0.6948531129377664,0.9898401054466941,1.8120780396262255,oracle/task_009/cell_0329,337,without_replacement,33554432,2.88259032741189,0,completed,2048,20.0,0.9898401054466941,1.8120802523396384
4,369,4b74724c4225fcfe043fdd749fb740fff4cf33c8,cuda,1.0,1,0.5,mixture,0.9938870458209283,64,standard normal at finite u_max,infinite,oracle,0.6462161618088833,1.636781053916094,unbiased,0.2421418726789484,8192,9375232,0.6432193456784803,0.6462161905743592,1.6367810539160934,0.6432193456784834,0.7413908093071595,1.6367817022168352,oracle/task_009/cell_0369,58,without_replacement,67108864,2.788550339639187,3,completed,2048,20.0,0.7413908093071594,1.6367823843822968
8,409,4b74724c4225fcfe043fdd749fb740fff4cf33c8,cuda,1.0,8,0.5,mixture,0.6433405167456355,64,standard normal at finite u_max,infinite,oracle,0.7044969376152773,1.6865443802599542,unbiased,0.0001220705334536344,8192,77885440,0.6948531129377623,0.7044969719645989,1.6865443802599545,0.6948531129377666,0.9932448077874827,1.6906217733728,oracle/task_009/cell_0409,146,without_replacement,33554432,0.7809154763817787,1,completed,512,20.0,0.9932448077874828,1.6906221102479124
2,449,4b74724c4225fcfe043fdd749fb740fff4cf33c8,cuda,1.0,8,0.5,mixture,0.521841780655768,64,standard normal at finite u_max,finite,oracle,0.6022357834858391,1.2278431878517924,tail,0.00012307538393250842,8192,19820544,0.5487132782344404,0.6022357546592458,1.227843187851792,0.5487132782344413,0.9921642594094358,1.3309876389220594,oracle/task_009/cell_0449,157,with_replacement,8388608,1.0421822145581245,4,completed,512,20.0,0.9921642594094355,1.3309870631061353
4,489,4b74724c4225fcfe043fdd749fb740fff4cf33c8,cuda,1.0,8,0.5,mixture,0.9414361647748263,64,standard normal at finite u_max,finite,oracle,0.6513145364758168,1.5686257082879642,tail,0.00021681425408600177,8192,37777408,0.6461398347033217,0.6513145603752327,1.5686257082879642,0.6461398347033247,0.9906217861062866,1.5849894351686808,oracle/task_009/cell_0489,421,with_replacement,67108864,4.077494956552982,2,completed,2048,20.0,0.9906217861062865,1.584988796172563
8,529,4b74724c4225fcfe043fdd749fb740fff4cf33c8,cuda,1.0,1,0.5,weak_mixture,0.6776985573463128,64,standard normal at finite u_max,finite,oracle,0.011880585965957202,0.005090547818559842,tail,0.4863474911785069,8192,9899520,0.004116725485536321,0.011880565439413737,0.005090547818559733,0.004116725834876878,0.034554413903629566,0.009232893786053471,oracle/task_009/cell_0529,1,with_replacement,33554432,0.974282156676054,0,completed,512,20.0,0.03455441390363001,0.009233557216875478
2,569,4b74724c4225fcfe043fdd749fb740fff4cf33c8,cuda,1.0,1,0.5,weak_mixture,0.830176588921408,64,standard normal at finite u_max,finite,oracle,0.013737301309248495,0.0018654055008081143,tail,0.49721394902949245,8192,7015936,0.0033053826229834105,0.013737319106537749,0.001865405500808012,0.0033053829723243,0.08564333562871129,0.014492053940516924,oracle/task_009/cell_0569,1,without_replacement,8388608,0.9589716009795666,3,completed,512,20.0,0.08564333562871107,0.014491567552066884
4,609,4b74724c4225fcfe043fdd749fb740fff4cf33c8,cuda,1.0,1,0.5,weak_mixture,0.7008969348462182,64,standard normal at finite u_max,finite,oracle,0.015147802811635469,0.011175413821825138,tail,0.49968006524798103,8192,9375232,0.0024556337656537197,0.015147824406563759,0.011175413821825042,0.0024556341149947203,0.04586061748503767,0.012084859454425325,oracle/task_009/cell_0609,1,without_replacement,67108864,3.8174100778996944,1,completed,2048,20.0,0.04586061748503767,0.012083780447364795
8,649,4b74724c4225fcfe043fdd749fb740fff4cf33c8,cuda,1.0,1,0.5,weak_mixture,0.9990565087495706,64,standard normal at finite u_max,finite,oracle,0.02591373396928459,0.042973460448740314,tail,0.49812090960169014,8192,14093824,0.020200609930335678,0.025913739386769663,0.04297346044874021,0.020200610279676456,0.07324006024601948,0.04297855710899175,oracle/task_009/cell_0649,2,without_replacement,134217728,3.8279693201184273,4,completed,2048,20.0,0.0732400602460197,0.04297917692792105
4,689,4b74724c4225fcfe043fdd749fb740fff4cf33c8,cuda,1.0,8,0.5,weak_mixture,0.940725915616555,64,standard normal at finite u_max,finite,oracle,0.02869285373820771,0.023861882723155294,full,0.47450276859417123,8192,337420288,0.018448829018420786,0.02869285277573501,0.023861882723155273,0.01844882901842071,0.05343444144101635,0.027648939324558766,oracle/task_009/cell_0689,4,with_replacement,268435456,1.876200657337904,3,completed,512,20.0,0.05343444144101647,0.027648690268095775
2,729,4b74724c4225fcfe043fdd749fb740fff4cf33c8,cuda,1.0,8,0.5,weak_mixture,0.6850784790317692,64,standard normal at finite u_max,infinite,oracle,0.01913998041928212,0.013955916595464185,unbiased,0.49600026636748296,8192,19820544,0.012679372527190258,0.019139986809469434,0.013955916595464194,0.012679372527190189,0.036879545962697435,0.018717741781347316,oracle/task_009/cell_0729,4,with_replacement,33554432,2.8439877070486546,1,completed,2048,20.0,0.03687954596269728,0.018718284981178793
4,769,4b74724c4225fcfe043fdd749fb740fff4cf33c8,cuda,1.0,8,0.5,weak_mixture,0.7288974801164774,64,standard normal at finite u_max,infinite,oracle,0.029311089710860397,0.021181407530130095,unbiased,0.49534861033989613,8192,37777408,0.019310893266712162,0.02931108820300572,0.021181407530130085,0.0193108930920418,0.0781950414817108,0.02845196827132122,oracle/task_009/cell_0769,4,with_replacement,67108864,2.846950825303793,4,completed,2048,20.0,0.07819504148171097,0.028451556028243202
4,809,4b74724c4225fcfe043fdd749fb740fff4cf33c8,cuda,1.0,8,0.5,gaussian,0.8183174963297306,64,standard normal at finite u_max,infinite,oracle,0.22551872709983428,0.04514034729625399,unbiased,7.643240454468517e-06,131072,671117312,1.3000539089702556e-08,0.2255188039543168,0.04514034729625396,1.3000722498546224e-08,0.4733838444311653,0.054743208538857745,oracle/task_009/cell_0809,232,without_replacement,268435456,4.261922582983971,1,completed,512,20.0,0.47338384443116543,0.05474347002368003
4,849,4b74724c4225fcfe043fdd749fb740fff4cf33c8,cuda,1.0,8,0.5,gaussian,0.8188938824455055,64,standard normal at finite u_max,infinite,oracle,0.10290628241732613,0.014021225008645374,unbiased,7.799548745140738e-06,131072,671117312,1.3000539089702556e-08,0.10290646834760521,0.014021225008645374,1.3000722387523922e-08,0.4038319003172029,0.027640565557851236,oracle/task_009/cell_0849,231,without_replacement,268435456,4.26757787168026,3,completed,512,20.0,0.40383190031720273,0.027640462876348762
4,889,4b74724c4225fcfe043fdd749fb740fff4cf33c8,cuda,1.0,8,0.5,mixture,0.8116726003430128,64,standard normal at finite u_max,infinite,oracle,0.6975975394281291,1.6362880942765217,unbiased,7.639368523312323e-06,131072,671117312,0.6948531129377623,0.6975975541307702,1.6362880942765208,0.6948531129377654,0.9931383423796786,1.649659580427393,oracle/task_009/cell_0889,178,without_replacement,268435456,4.2530198730528355,0,completed,512,20.0,0.9931383423796786,1.6496595921173542
4,929,4b74724c4225fcfe043fdd749fb740fff4cf33c8,cuda,1.0,8,0.5,mixture,0.8046916055802504,64,standard normal at finite u_max,infinite,oracle,0.7028706411704693,1.6400002737947277,unbiased,7.675017196854697e-06,131072,671117312,0.6948531129377623,0.7028706680979715,1.6400002737947286,0.6948531129377671,0.9950770761178457,1.6564972995518972,oracle/task_009/cell_0929,178,without_replacement,268435456,4.264944490045309,2,completed,512,20.0,0.9950770761178458,1.6564973302681165
4,969,4b74724c4225fcfe043fdd749fb740fff4cf33c8,cuda,1.0,8,0.5,mixture,0.8092371990402489,64,standard normal at finite u_max,infinite,oracle,0.7028878063457403,1.6435176975642833,unbiased,7.653974226704857e-06,131072,671117312,0.6948531129377623,0.7028878404632106,1.6435176975642827,0.6948531129377654,0.9958406858147664,1.6599664986924014,oracle/task_009/cell_0969,179,without_replacement,268435456,4.255329128354788,4,completed,512,20.0,0.9958406858147661,1.6599663165313112
4,1009,4b74724c4225fcfe043fdd749fb740fff4cf33c8,cuda,1.0,8,0.5,weak_mixture,0.6503147364555772,64,standard normal at finite u_max,infinite,oracle,0.009878504643856367,0.010012768877555159,unbiased,0.4730893718019964,131072,671117312,0.007445447692466994,0.009878506925356273,0.010012768877555148,0.007445447692466883,0.021063626394328974,0.011129735951366512,oracle/task_009/cell_1009,4,without_replacement,268435456,4.181864209473133,1,completed,512,20.0,0.02106362639432921,0.01112981816931256
4,1049,4b74724c4225fcfe043fdd749fb740fff4cf33c8,cuda,1.0,8,0.5,weak_mixture,0.997995751136532,64,standard normal at finite u_max,infinite,oracle,0.016460280609575814,0.017301120181428417,unbiased,0.4702638320130312,131072,671117312,0.015098947911423126,0.01646027464350381,0.01730112018142846,0.01509894773675273,0.017123847188042773,0.017679014827545133,oracle/task_009/cell_1049,5,without_replacement,268435456,4.178298447281122,3,completed,512,20.0,0.01712384718804283,0.01767888561101352
2,10,4b74724c4225fcfe043fdd749fb740fff4cf33c8,cuda,1.0,1,0.5,gaussian,0.5302221956684692,64,standard normal at finite u_max,finite,oracle,0.06959998244034316,0.01626998719048789,tail,0.1774262551267695,8192,7015936,1.3000539089702556e-08,0.06960006307822758,0.016269987190487445,1.300072227650162e-08,0.16592818436285928,0.017090629084612743,oracle/task_010/cell_0010,40,without_replacement,8388608,0.9994367174804211,0,completed,512,20.0,0.16592818436285894,0.017089026177849635
4,50,4b74724c4225fcfe043fdd749fb740fff4cf33c8,cuda,1.0,1,0.5,gaussian,0.6360954649874754,64,standard normal at finite u_max,finite,oracle,0.029295239366493364,0.0026438819052179152,tail,0.18498286986924106,8192,9375232,1.3000539089702556e-08,0.029295439657705813,0.002643881905217693,1.300072272059083e-08,0.1705694127126942,0.008792448754713902,oracle/task_010/cell_0050,41,without_replacement,16777216,0.9929189570248127,3,completed,512,20.0,0.1705694127126941,0.008792860544494402
8,90,4b74724c4225fcfe043fdd749fb740fff4cf33c8,cuda,1.0,1,0.5,gaussian,0.6981672081835877,64,standard normal at finite u_max,finite,oracle,0.06724079371365282,0.0167785376581977,tail,0.41377925377710184,8192,14093824,1.3000539089702556e-08,0.06724083946417214,0.016778537658197257,1.300072227650162e-08,0.1540137153339307,0.016968494150537392,oracle/task_010/cell_0090,45,without_replacement,134217728,3.8744205608963966,1,completed,2048,20.0,0.15401371533393038,0.016969770941165377
4,130,4b74724c4225fcfe043fdd749fb740fff4cf33c8,cuda,1.0,8,0.5,gaussian,0.6606501767410249,64,standard normal at finite u_max,finite,oracle,0.0440192172542198,0.006705682359207765,full,0.07798775354116305,8192,337420288,1.3000539089702556e-08,0.04401941843438208,0.0067056823592079595,1.3000722942635434e-08,0.19679396134348343,0.011608554138527743,oracle/task_010/cell_0130,83,with_replacement,268435456,1.9249667562544346,0,completed,512,20.0,0.19679396134348376,0.011607984189142554
2,170,4b74724c4225fcfe043fdd749fb740fff4cf33c8,cuda,1.0,8,0.5,gaussian,0.5277653865678031,64,standard normal at finite u_max,infinite,oracle,0.15658096144364936,0.032278307791880054,unbiased,0.00012249811940500427,8192,19820544,1.3000539089702556e-08,0.15658104134968326,0.03227830779188008,1.3000722498546224e-08,0.36601487949948386,0.04140477928697904,oracle/task_010/cell_0170,246,with_replacement,8388608,0.8254545666277409,3,completed,512,20.0,0.3660148794994838,0.04140526427107892
4,210,4b74724c4225fcfe043fdd749fb740fff4cf33c8,cuda,1.0,8,0.5,gaussian,0.889002415554956,64,standard normal at finite u_max,infinite,oracle,0.1723451916904943,0.03870007638197795,unbiased,0.00029109636385732065,8192,37777408,1.3000539089702556e-08,0.1723452340420925,0.03870007638197784,1.3000722498546224e-08,0.344248814064201,0.04262249672781945,oracle/task_010/cell_0210,607,with_replacement,67108864,3.113373853266239,1,completed,2048,20.0,0.34424881406420105,0.042622290907964114
8,250,4b74724c4225fcfe043fdd749fb740fff4cf33c8,cuda,1.0,8,0.5,gaussian,0.5433061396528929,64,standard normal at finite u_max,infinite,oracle,0.07410535684023961,0.013714217656884117,unbiased,0.001741592810684697,8192,73691136,1.3000539089702556e-08,0.07410546542242481,0.013714217656884117,1.300072272059083e-08,0.21296242331246135,0.018157720382206047,oracle/task_010/cell_0250,467,with_replacement,134217728,3.071436870843172,4,completed,2048,20.0,0.21296242331246143,0.018158206033847088
2,290,4b74724c4225fcfe043fdd749fb740fff4cf33c8,cuda,1.0,1,0.5,mixture,0.6365402506205426,64,standard normal at finite u_max,infinite,oracle,0.6974876094290292,1.7155387340192378,unbiased,0.00012240402571493049,8192,7015936,0.6948531129377623,0.6974876299864202,1.715538734019238,0.6948531129377662,0.9907641434822502,1.7156306602715603,oracle/task_010/cell_0290,143,without_replacement,8388608,0.7493795827031136,2,completed,512,20.0,0.9907641434822502,1.7156303315108645
4,330,4b74724c4225fcfe043fdd749fb740fff4cf33c8,cuda,1.0,1,0.5,mixture,0.9990436430758131,64,standard normal at finite u_max,infinite,oracle,0.636878235348584,1.5976065878159091,unbiased,0.10140518021701954,8192,9375232,0.6322091774091341,0.636878252529685,1.5976065878159096,0.6322091774091381,0.6907463167188351,1.597624102587042,oracle/task_010/cell_0330,65,without_replacement,67108864,2.8130645118653774,0,completed,2048,20.0,0.6907463167188352,1.5976230753956107
8,370,4b74724c4225fcfe043fdd749fb740fff4cf33c8,cuda,1.0,1,0.5,mixture,0.5685648323171467,64,standard normal at finite u_max,infinite,oracle,0.06412464149971187,0.13874043835131206,unbiased,0.43237989651800224,8192,14093824,0.056981762243631884,0.06412467404638833,0.13874043835131228,0.056981762243635825,0.10340427865691426,0.1392832851711028,oracle/task_010/cell_0370,18,without_replacement,134217728,2.7937059588730335,3,completed,2048,20.0,0.10340427865691404,0.1392848165053907
2,410,4b74724c4225fcfe043fdd749fb740fff4cf33c8,cuda,1.0,8,0.5,mixture,0.6307562347247779,64,standard normal at finite u_max,finite,oracle,0.3981144791535284,0.8458020628516859,tail,0.00013506957728344992,8192,19820544,0.3538601652966782,0.3981145749474953,0.8458020628516856,0.35386016529667524,0.9903273530165315,0.8619577033358664,oracle/task_010/cell_0410,156,with_replacement,8388608,1.0571740940213203,1,completed,512,20.0,0.9903273530165315,0.8619572782517527
4,450,4b74724c4225fcfe043fdd749fb740fff4cf33c8,cuda,1.0,8,0.5,mixture,0.641033028615161,64,standard normal at finite u_max,finite,oracle,0.4788475389772492,0.8569323299141004,tail,0.00012207096573160005,8192,37777408,0.3538601652966782,0.47884757369998965,0.8569323299141012,0.3538601652966754,0.9943022924516063,0.8949278086594346,oracle/task_010/cell_0450,142,with_replacement,16777216,1.057407159358263,4,completed,512,20.0,0.9943022924516062,0.8949278580158847
8,490,4b74724c4225fcfe043fdd749fb740fff4cf33c8,cuda,1.0,8,0.5,mixture,0.6239771959523341,64,standard normal at finite u_max,finite,oracle,0.6584537895163274,1.605526191632231,tail,0.0008006442109923985,8192,73691136,0.6461398347033217,0.6584538207280977,1.605526191632231,0.6461398347033246,0.9889513470231135,1.6055403725597113,oracle/task_010/cell_0490,293,with_replacement,134217728,4.1050100065767765,2,completed,2048,20.0,0.9889513470231135,1.6055404090691143
2,530,4b74724c4225fcfe043fdd749fb740fff4cf33c8,cuda,1.0,1,0.5,weak_mixture,0.6536210759842609,64,standard normal at finite u_max,finite,oracle,0.01115400027617186,0.004704212106383644,tail,0.49832242749951355,8192,7015936,0.010106455962727079,0.011153982809572582,0.004704212106383549,0.01010645631206819,0.00670913607933965,0.010387857014082617,oracle/task_010/cell_0530,1,without_replacement,8388608,0.9733327962458134,0,completed,512,20.0,0.006709136079339428,0.010388908721071913
4,570,4b74724c4225fcfe043fdd749fb740fff4cf33c8,cuda,1.0,1,0.5,weak_mixture,0.8264529854245232,64,standard normal at finite u_max,finite,oracle,0.012506707256608324,0.002491879768223196,tail,0.4966412081481535,8192,9375232,0.004570665442183985,0.012506715002581131,0.0024918797682230934,0.004570665791524875,0.09243479631234919,0.01550778156756528,oracle/task_010/cell_0570,1,without_replacement,16777216,0.9756070002913475,3,completed,512,20.0,0.09243479631234897,0.015507269286205678
8,610,4b74724c4225fcfe043fdd749fb740fff4cf33c8,cuda,1.0,1,0.5,weak_mixture,0.7243455782090471,64,standard normal at finite u_max,finite,oracle,0.011779404357110418,0.008486575661393474,tail,0.4995253445279422,8192,14093824,0.0032921630301077087,0.01177942251343933,0.008486575661393382,0.0032921633794487093,0.042460633207103804,0.010373506988247015,oracle/task_010/cell_0610,1,without_replacement,134217728,3.870919533073902,1,completed,2048,20.0,0.042460633207103915,0.010374016947654599
4,650,4b74724c4225fcfe043fdd749fb740fff4cf33c8,cuda,1.0,8,0.5,weak_mixture,0.9092101400716432,64,standard normal at finite u_max,finite,oracle,0.018385046780125626,0.01342955205068745,full,0.48931252060093217,8192,337420288,0.010955614963222844,0.018385052260643332,0.013429552050687452,0.010955614875887643,0.06124461098404045,0.017880181865616223,oracle/task_010/cell_0650,4,with_replacement,268435456,1.8927831761538982,0,completed,512,20.0,0.06124461098404067,0.01788094660219442
2,690,4b74724c4225fcfe043fdd749fb740fff4cf33c8,cuda,1.0,8,0.5,weak_mixture,0.6498941613579453,64,standard normal at finite u_max,infinite,oracle,0.07568212035967263,0.08434514755510225,unbiased,0.4734410105066708,8192,19820544,0.06893406264365458,0.07568212012132244,0.0843451475551023,0.06893406264365454,0.11123622182207808,0.08472214407038922,oracle/task_010/cell_0690,5,with_replacement,8388608,0.7306958697736263,3,completed,512,20.0,0.11123622182207836,0.08472229582591281
4,730,4b74724c4225fcfe043fdd749fb740fff4cf33c8,cuda,1.0,8,0.5,weak_mixture,0.7243262227621234,64,standard normal at finite u_max,infinite,oracle,0.02443223666139246,0.019263270797970296,unbiased,0.4954572079729764,8192,37777408,0.015810938142948476,0.024432238561137375,0.019263270797970286,0.01581093805561329,0.0684457455453951,0.023954948446861996,oracle/task_010/cell_0730,4,with_replacement,67108864,2.8840969428420067,1,completed,2048,20.0,0.06844574554539501,0.023954203984035045
8,770,4b74724c4225fcfe043fdd749fb740fff4cf33c8,cuda,1.0,8,0.5,weak_mixture,0.810274097935827,64,standard normal at finite u_max,infinite,oracle,0.021355080359740722,0.016572331031712434,unbiased,0.4934819197776218,8192,73691136,0.013228744474974637,0.021355084386378544,0.016572331031712413,0.013228744474974609,0.0707818683156969,0.02216202608494678,oracle/task_010/cell_0770,4,with_replacement,134217728,2.886671669781208,4,completed,2048,20.0,0.07078186831569713,0.02216222957137811
4,810,4b74724c4225fcfe043fdd749fb740fff4cf33c8,cuda,1.0,8,0.5,gaussian,0.962770026625475,64,standard normal at finite u_max,infinite,oracle,0.22227328278244768,0.04500564616865495,unbiased,0.00012235271453242351,8192,41971712,1.3000539089702556e-08,0.22227337960325955,0.04500564616865496,1.3000722942635434e-08,0.5122697391880937,0.05271490193604529,oracle/task_010/cell_0810,302,without_replacement,16777216,0.8188785277307034,1,completed,512,10.0,0.5122697391880938,0.05271536337867601
4,850,4b74724c4225fcfe043fdd749fb740fff4cf33c8,cuda,1.0,8,0.5,gaussian,0.8573888156444134,64,standard normal at finite u_max,infinite,oracle,0.24763423353857533,0.05322970535335639,unbiased,0.0001232514949522586,8192,41971712,1.3000539089702556e-08,0.24763430376479434,0.0532297053533564,1.300072272059083e-08,0.44851553900045993,0.06170939268195517,oracle/task_010/cell_0850,301,without_replacement,16777216,0.8227265514433384,3,completed,512,10.0,0.44851553900046004,0.061708885887695845
4,890,4b74724c4225fcfe043fdd749fb740fff4cf33c8,cuda,1.0,8,0.5,mixture,0.6304116764013635,64,standard normal at finite u_max,infinite,oracle,0.7003460148779119,1.632900453841409,unbiased,0.00012207225215711445,8192,41971712,0.6948531129377623,0.7003460298806796,1.6329004538414087,0.6948531129377662,0.993468433337384,1.6473776048256834,oracle/task_010/cell_0890,233,without_replacement,16777216,0.7957440689206123,0,completed,512,10.0,0.993468433337384,1.647377608125855
4,930,4b74724c4225fcfe043fdd749fb740fff4cf33c8,cuda,1.0,8,0.5,mixture,0.6555102177403986,64,standard normal at finite u_max,infinite,oracle,0.705904327305908,1.6414711081376212,unbiased,0.0001220708262148712,8192,41971712,0.6948531129377623,0.7059043526654287,1.6414711081376208,0.694853112937766,0.9952607580264942,1.6585736771135071,oracle/task_010/cell_0930,233,without_replacement,16777216,0.794741727411747,2,completed,512,10.0,0.9952607580264942,1.6585732156860877
4,970,4b74724c4225fcfe043fdd749fb740fff4cf33c8,cuda,1.0,8,0.5,mixture,0.830084509447501,64,standard normal at finite u_max,infinite,oracle,0.7071703581579454,1.6484756987236386,unbiased,0.00012207789250865908,8192,41971712,0.6948531129377623,0.7071703768406347,1.6484756987236389,0.6948531129377664,0.9947515535661852,1.665963238972307,oracle/task_010/cell_0970,232,without_replacement,16777216,0.7963935658335686,4,completed,512,10.0,0.9947515535661852,1.6659630252413709
4,1010,4b74724c4225fcfe043fdd749fb740fff4cf33c8,cuda,1.0,8,0.5,weak_mixture,0.8855912455265849,64,standard normal at finite u_max,infinite,oracle,0.018249626229474902,0.015037030512558953,unbiased,0.4833384302323114,8192,41971712,0.00985398586212028,0.018249630876362333,0.015037030512558966,0.009853985774785051,0.045370959110543965,0.01818369633204379,oracle/task_010/cell_1010,4,without_replacement,16777216,0.713476587086916,1,completed,512,10.0,0.04537095911054405,0.018183560958276307
4,1050,4b74724c4225fcfe043fdd749fb740fff4cf33c8,cuda,1.0,8,0.5,weak_mixture,0.8042965245378959,64,standard normal at finite u_max,infinite,oracle,0.01859665134197884,0.013881575133830199,unbiased,0.4852324548355545,8192,41971712,0.011761777223661611,0.018596658163069706,0.013881575133830199,0.011761777136326403,0.04002033469476203,0.01815914183631056,oracle/task_010/cell_1050,4,without_replacement,16777216,0.7132825665175915,3,completed,512,10.0,0.040020334694762336,0.018158830578475546
4,11,4b74724c4225fcfe043fdd749fb740fff4cf33c8,cuda,1.0,1,0.5,gaussian,0.5302221956684692,64,standard normal at finite u_max,finite,oracle,0.06959998244034321,0.01626998719048789,tail,0.17742625512676882,8192,9375232,1.3000539089702556e-08,0.06960006307822764,0.016269987190487445,1.300072227650162e-08,0.16592818436285928,0.017090629084611675,oracle/task_011/cell_0011,40,without_replacement,16777216,0.9986422322690487,0,completed,512,20.0,0.16592818436285894,0.017089026177849662
8,51,4b74724c4225fcfe043fdd749fb740fff4cf33c8,cuda,1.0,1,0.5,gaussian,0.6360954649874753,64,standard normal at finite u_max,finite,oracle,0.029295239366493087,0.0026438819052179152,tail,0.18498286986924103,8192,14093824,1.3000539089702556e-08,0.02929543965770548,0.002643881905217693,1.300072272059083e-08,0.1705694127126942,0.008792448754714969,oracle/task_011/cell_0051,41,without_replacement,33554432,0.9924573190510273,3,completed,512,20.0,0.1705694127126941,0.0087928605444944
4,91,4b74724c4225fcfe043fdd749fb740fff4cf33c8,cuda,1.0,1,0.5,gaussian,0.9455588943175905,64,standard normal at finite u_max,finite,oracle,0.06648791452556096,0.017203033259677647,full,0.39553821945870465,8192,42406912,1.3000539089702556e-08,0.06648791654832692,0.017203033259677203,1.3000722387523922e-08,0.16122840663164173,0.017584751762525542,oracle/task_011/cell_0091,41,with_replacement,1073741824,2.2673996910452843,2,completed,2048,20.0,0.16122840663164129,0.017584146835995067
2,131,4b74724c4225fcfe043fdd749fb740fff4cf33c8,cuda,1.0,8,0.5,gaussian,0.5358592902538928,64,standard normal at finite u_max,infinite,oracle,0.1826087635850718,0.036998386932088415,unbiased,0.00012235356228392275,8192,19820544,1.3000539089702556e-08,0.18260883210155465,0.03699838693208836,1.3000722387523922e-08,0.4443120292593918,0.04334270148210927,oracle/task_011/cell_0131,246,with_replacement,8388608,0.8237045742571354,0,completed,512,20.0,0.44431202925939167,0.043343092672978485
4,171,4b74724c4225fcfe043fdd749fb740fff4cf33c8,cuda,1.0,8,0.5,gaussian,0.9849520938154482,64,standard normal at finite u_max,infinite,oracle,0.3281293071083059,0.07431695654104362,unbiased,0.00012285073202935746,8192,37777408,1.3000539089702556e-08,0.32812927399557257,0.07431695654104356,1.3000722942635434e-08,0.5513860231942755,0.0774753083692955,oracle/task_011/cell_0171,232,with_replacement,16777216,0.8162419013679028,3,completed,512,20.0,0.5513860231942758,0.07747491473891349
8,211,4b74724c4225fcfe043fdd749fb740fff4cf33c8,cuda,1.0,8,0.5,gaussian,0.8061271238429236,64,standard normal at finite u_max,infinite,oracle,0.10267458611370871,0.02408319067557914,unbiased,0.0011495491654898386,8192,73691136,1.3000539089702556e-08,0.10267472350202336,0.024083190675579083,1.3000722498546224e-08,0.197449040783502,0.0258322987066933,oracle/task_011/cell_0211,467,with_replacement,134217728,3.0599597841501236,1,completed,2048,20.0,0.197449040783502,0.025832590682688037
2,251,4b74724c4225fcfe043fdd749fb740fff4cf33c8,cuda,1.0,8,0.5,gaussian,0.7582747458530548,64,standard normal at finite u_max,infinite,oracle,0.19896436914903773,0.041216280621914306,unbiased,0.0007204775719553614,8192,24014848,1.3000539089702556e-08,0.19896439022642512,0.04121628062191436,1.3000722498546224e-08,0.4433805056521747,0.047391429239324684,oracle/task_011/cell_0251,694,without_replacement,33554432,3.0687609501183033,4,completed,2048,20.0,0.4433805056521747,0.047391292789703804
4,291,4b74724c4225fcfe043fdd749fb740fff4cf33c8,cuda,1.0,1,0.5,mixture,0.5591504134834878,64,standard normal at finite u_max,infinite,oracle,0.6953550480746686,1.7195788202433737,unbiased,0.00012658623185288285,8192,9375232,0.6948531129377623,0.695355062149808,1.7195788202433737,0.694853112937766,0.9893934951451727,1.719595575713815,oracle/task_011/cell_0291,118,without_replacement,16777216,0.7427679970860481,2,completed,512,20.0,0.9893934951451727,1.7195930623922937
8,331,4b74724c4225fcfe043fdd749fb740fff4cf33c8,cuda,1.0,1,0.5,mixture,0.87561454376181,64,standard normal at finite u_max,infinite,oracle,0.12702222531206098,0.3095294548807529,unbiased,0.2688341454327553,8192,14093824,0.1263077882209892,0.12702223037576132,0.3095294548807532,0.12630778822099303,0.16530698104163788,0.3098207954675809,oracle/task_011/cell_0331,21,without_replacement,134217728,2.80509240180254,0,completed,2048,20.0,0.16530698104163766,0.30982286269452103
2,371,4b74724c4225fcfe043fdd749fb740fff4cf33c8,cuda,1.0,1,0.5,mixture,0.5040375881988608,64,standard normal at finite u_max,finite,oracle,0.6967545473721289,1.7228012446885985,tail,0.15368908902238979,8192,2821632,0.6948531129377623,0.6967545624051319,1.7228012446885994,0.6948531129377666,0.9887505685958932,1.7228309203266585,oracle/task_011/cell_0371,120,with_replacement,33554432,3.9632590636610985,3,completed,2048,20.0,0.9887505685958932,1.7228291483424463
4,411,4b74724c4225fcfe043fdd749fb740fff4cf33c8,cuda,1.0,8,0.5,mixture,0.6422324700870793,64,standard normal at finite u_max,finite,oracle,0.4496354780486236,0.8464732969926082,tail,0.0001226838220069687,8192,37777408,0.3538601652966781,0.4496355387160353,0.8464732969926083,0.35386016529667524,0.9936531602062562,0.8743123577984975,oracle/task_011/cell_0411,142,with_replacement,16777216,1.0599964186549187,1,completed,512,20.0,0.9936531602062562,0.8743120268853457
8,451,4b74724c4225fcfe043fdd749fb740fff4cf33c8,cuda,1.0,8,0.5,mixture,0.7470159086079823,64,standard normal at finite u_max,finite,oracle,0.6595405559466899,1.565905520980727,tail,0.00012207949542897257,8192,73691136,0.6461398347033218,0.6595405941672261,1.565905520980727,0.6461398347033248,0.9939491327085126,1.572531061341122,oracle/task_011/cell_0451,127,with_replacement,33554432,1.0510287024080753,4,completed,512,20.0,0.9939491327085126,1.5725303827407728
2,491,4b74724c4225fcfe043fdd749fb740fff4cf33c8,cuda,1.0,8,0.5,mixture,0.5230044644849682,64,standard normal at finite u_max,finite,oracle,0.696999707501149,1.6778309017079132,tail,0.0016013708211827936,8192,24014848,0.6948531129377623,0.6969997200858429,1.6778309017079134,0.6948531129377664,0.9910353460900476,1.6794112189683568,oracle/task_011/cell_0491,499,without_replacement,33554432,4.092084228992462,2,completed,2048,20.0,0.9910353460900476,1.6794115477911231
4,531,4b74724c4225fcfe043fdd749fb740fff4cf33c8,cuda,1.0,1,0.5,weak_mixture,0.6542085071431119,64,standard normal at finite u_max,finite,oracle,0.01176067865845598,0.004564219921149484,tail,0.4982505196494014,8192,9375232,0.010620778440383782,0.011760661146433815,0.0045642199211493786,0.010620778789724561,0.008155429825906557,0.010751976219523156,oracle/task_011/cell_0531,1,without_replacement,16777216,0.9778358787298203,0,completed,512,20.0,0.008155429825907001,0.010750460444217683
8,571,4b74724c4225fcfe043fdd749fb740fff4cf33c8,cuda,1.0,1,0.5,weak_mixture,0.8187211674191593,64,standard normal at finite u_max,finite,oracle,0.01191663069211768,0.00046732127628238557,tail,0.49789652513586685,8192,14093824,0.0024145311101771982,0.011916641241228432,0.0004673212762822815,0.0024145314595179768,0.08785472163309604,0.014466853375114849,oracle/task_011/cell_0571,1,without_replacement,33554432,0.974776353687048,3,completed,512,20.0,0.08785472163309571,0.014468551425255266
4,611,4b74724c4225fcfe043fdd749fb740fff4cf33c8,cuda,1.0,1,0.5,weak_mixture,0.5893084920457128,64,standard normal at finite u_max,finite,oracle,0.024677005927874418,0.029419863762212388,full,0.4963782403123532,8192,42406912,0.019891632625938738,0.024677012567396073,0.02941986376221229,0.01989163297527974,0.012080143396741572,0.02945396385372083,oracle/task_011/cell_0611,1,with_replacement,1073741824,2.2498265355825424,2,completed,2048,20.0,0.012080143396741572,0.029454226523580193
2,651,4b74724c4225fcfe043fdd749fb740fff4cf33c8,cuda,1.0,8,0.5,weak_mixture,0.6403456596863493,64,standard normal at finite u_max,infinite,oracle,0.030588141303506167,0.030034663329339784,unbiased,0.4691403252224961,8192,19820544,0.025399418410134773,0.030588143264271138,0.030034663329339774,0.025399418410134662,0.052869480488397305,0.03218290022885886,oracle/task_011/cell_0651,4,with_replacement,8388608,0.7249123938381672,0,completed,512,20.0,0.052869480488397416,0.032183088445874794
4,691,4b74724c4225fcfe043fdd749fb740fff4cf33c8,cuda,1.0,8,0.5,weak_mixture,0.5257695039511547,64,standard normal at finite u_max,infinite,oracle,0.10584637314839675,0.11169074328967332,unbiased,0.46723913134778633,8192,37777408,0.09196331171090666,0.10584637277669035,0.11169074328967338,0.09196331171090662,0.10702923603174928,0.11343257135841034,oracle/task_011/cell_0691,5,with_replacement,16777216,0.7335166409611702,3,completed,512,20.0,0.10702923603174931,0.1134327493953557
8,731,4b74724c4225fcfe043fdd749fb740fff4cf33c8,cuda,1.0,8,0.5,weak_mixture,0.7314388785385916,64,standard normal at finite u_max,infinite,oracle,0.016593713523917163,0.011759634765588417,unbiased,0.4963533280163738,8192,73691136,0.007494841075552955,0.016593718732763604,0.011759634765588407,0.0074948409882176215,0.046543003640847014,0.014993025283165968,oracle/task_011/cell_0731,4,with_replacement,134217728,2.8822608701884747,1,completed,2048,20.0,0.046543003640847055,0.014993325120670026
2,771,4b74724c4225fcfe043fdd749fb740fff4cf33c8,cuda,1.0,8,0.5,weak_mixture,0.8130615930626001,64,standard normal at finite u_max,infinite,oracle,0.020855377786788018,0.010938322271313012,unbiased,0.49319314046114643,8192,24014848,0.013804691892939397,0.020855383654758107,0.010938322271312998,0.013804692067609807,0.06205784564242316,0.018692628625512846,oracle/task_011/cell_0771,4,without_replacement,33554432,2.8104837350547314,4,completed,2048,20.0,0.062057845642423365,0.018692109940913765
4,811,4b74724c4225fcfe043fdd749fb740fff4cf33c8,cuda,1.0,8,0.5,gaussian,0.5887827901668198,64,standard normal at finite u_max,infinite,oracle,0.17494108914585801,0.032258542066353146,unbiased,0.00012253406944171005,8192,41971712,1.3000539089702556e-08,0.17494117528610525,0.032258542066353105,1.3000722942635434e-08,0.4249823845681959,0.04118446539082471,oracle/task_011/cell_0811,194,without_replacement,16777216,0.7806920744478703,1,completed,512,30.0,0.4249823845681962,0.04118413815997991
4,851,4b74724c4225fcfe043fdd749fb740fff4cf33c8,cuda,1.0,8,0.5,gaussian,0.9620348965111545,64,standard normal at finite u_max,infinite,oracle,0.4426736380917166,0.07971382136764034,unbiased,0.00012373310460154322,8192,41971712,1.3000539089702556e-08,0.4426736092334366,0.07971382136764026,1.3000722498546224e-08,0.7487344855374376,0.09077476415406838,oracle/task_011/cell_0851,196,without_replacement,16777216,0.7805177941918373,3,completed,512,30.0,0.7487344855374376,0.09077556033111932
4,891,4b74724c4225fcfe043fdd749fb740fff4cf33c8,cuda,1.0,8,0.5,mixture,0.620234626652343,64,standard normal at finite u_max,infinite,oracle,0.7129446822489814,1.6455416953355444,unbiased,0.0001220703136923934,8192,41971712,0.6948531129377623,0.7129447234305186,1.645541695335544,0.694853112937766,0.9947771938816842,1.660656100659423,oracle/task_011/cell_0891,151,without_replacement,16777216,0.7636386975646019,0,completed,512,30.0,0.9947771938816841,1.6606566025012717
4,931,4b74724c4225fcfe043fdd749fb740fff4cf33c8,cuda,1.0,8,0.5,mixture,0.5499307008859049,64,standard normal at finite u_max,infinite,oracle,0.7094391631880154,1.6143559951952242,unbiased,0.0001220704001595761,8192,41971712,0.6948531129377623,0.7094391996707785,1.6143559951952242,0.6948531129377662,0.9967172891348539,1.6475784498806767,oracle/task_011/cell_0931,150,without_replacement,16777216,0.7635725326836109,2,completed,512,30.0,0.996717289134854,1.647579386612004
4,971,4b74724c4225fcfe043fdd749fb740fff4cf33c8,cuda,1.0,8,0.5,mixture,0.5605222078183456,64,standard normal at finite u_max,infinite,oracle,0.702640267820073,1.6162218006551885,unbiased,0.0001220703125,8192,41971712,0.6948531129377623,0.7026402886351648,1.6162218006551883,0.6948531129377662,0.9957260973851134,1.6426811954269058,oracle/task_011/cell_0971,151,without_replacement,16777216,0.7680945545434952,4,completed,512,30.0,0.9957260973851134,1.6426813955256416
4,1011,4b74724c4225fcfe043fdd749fb740fff4cf33c8,cuda,1.0,8,0.5,weak_mixture,0.9343200974590086,64,standard normal at finite u_max,infinite,oracle,0.020006723933967303,0.013869582736577879,unbiased,0.4745070275761854,8192,41971712,0.011255026394712458,0.020006734626028366,0.013869582736577844,0.011255026569382744,0.059590843527574405,0.018240224935154488,oracle/task_011/cell_1011,4,without_replacement,16777216,0.7098109200596809,1,completed,512,30.0,0.05959084352757421,0.018240174951990772
4,1051,4b74724c4225fcfe043fdd749fb740fff4cf33c8,cuda,1.0,8,0.5,weak_mixture,0.666941356417191,64,standard normal at finite u_max,infinite,oracle,0.02478406467319741,0.014833745970462846,unbiased,0.4888901604584309,8192,41971712,0.016248256667453893,0.02478406813964703,0.014833745970462813,0.016248256754789213,0.05507465414558241,0.023091451100962078,oracle/task_011/cell_1051,4,without_replacement,16777216,0.7118039578199387,3,completed,512,30.0,0.0550746541455826,0.02309117134619832
8,12,4b74724c4225fcfe043fdd749fb740fff4cf33c8,cuda,1.0,1,0.5,gaussian,0.5302221956684693,64,standard normal at finite u_max,finite,oracle,0.06959998244034321,0.016269987190488,tail,0.1774262551267688,8192,14093824,1.3000539089702556e-08,0.06960006307822764,0.016269987190487445,1.3000722165479317e-08,0.16592818436285928,0.017090629084613854,oracle/task_012/cell_0012,40,without_replacement,33554432,0.9732507914304733,0,completed,512,20.0,0.16592818436285894,0.017089026177849645
4,52,4b74724c4225fcfe043fdd749fb740fff4cf33c8,cuda,1.0,1,0.5,gaussian,0.8989398324040607,64,standard normal at finite u_max,finite,oracle,0.06146215770051794,0.014618078140821167,full,0.15157044346299195,8192,42406912,1.3000539089702556e-08,0.06146223966956205,0.014618078140820945,1.300072272059083e-08,0.13451866988821093,0.014702590156775289,oracle/task_012/cell_0052,43,with_replacement,268435456,0.578679371625185,4,completed,512,20.0,0.13451866988821093,0.014701399870919948
2,92,4b74724c4225fcfe043fdd749fb740fff4cf33c8,cuda,1.0,1,0.5,gaussian,0.6280413553727304,64,standard normal at finite u_max,infinite,oracle,0.2116433418985228,0.05584749121661026,unbiased,0.025262438649482452,8192,2821632,1.3000539089702556e-08,0.2116432801859774,0.05584749121661026,1.3000722942635434e-08,0.10733761131539676,0.05595973649395493,oracle/task_012/cell_0092,200,with_replacement,33554432,2.8682367987930775,2,completed,2048,20.0,0.10733761131539676,0.055959777080690644
4,132,4b74724c4225fcfe043fdd749fb740fff4cf33c8,cuda,1.0,8,0.5,gaussian,0.8128310126051048,64,standard normal at finite u_max,infinite,oracle,0.2094967694603035,0.041587607816362684,unbiased,0.000123681514065612,8192,37777408,1.3000539089702556e-08,0.20949684015454392,0.04158760781636277,1.3000722498546224e-08,0.48988412067193843,0.05012277849366051,oracle/task_012/cell_0132,231,with_replacement,16777216,0.7959073707461357,0,completed,512,20.0,0.4898841206719384,0.050122051546686745
8,172,4b74724c4225fcfe043fdd749fb740fff4cf33c8,cuda,1.0,8,0.5,gaussian,0.6001691016419656,64,standard normal at finite u_max,infinite,oracle,0.16806393421415286,0.032667939438688454,unbiased,0.0001224638302448828,8192,73691136,1.3000539089702556e-08,0.16806404459170238,0.03266793943868834,1.300072227650162e-08,0.4340244786319424,0.04232175856541576,oracle/task_012/cell_0172,213,with_replacement,33554432,0.801355354487896,3,completed,512,20.0,0.43402447863194227,0.04232194739525316
2,212,4b74724c4225fcfe043fdd749fb740fff4cf33c8,cuda,1.0,8,0.5,gaussian,0.7569831202088754,64,standard normal at finite u_max,infinite,oracle,0.1745119139845619,0.04093811697942472,unbiased,0.0009410217035575518,8192,24014848,1.3000539089702556e-08,0.17451198893502168,0.040938116979424635,1.3000722165479317e-08,0.3410344757434355,0.044746235813543936,oracle/task_012/cell_0212,697,without_replacement,33554432,3.003881298005581,1,completed,2048,20.0,0.34103447574343526,0.04474684539972422
4,252,4b74724c4225fcfe043fdd749fb740fff4cf33c8,cuda,1.0,8,0.5,gaussian,0.7621142227474266,64,standard normal at finite u_max,infinite,oracle,0.11999643231687893,0.02318713283148688,unbiased,0.00033406858202523934,8192,41971712,1.3000539089702556e-08,0.11999658134524799,0.023187132831486906,1.300072272059083e-08,0.34382159929481043,0.030795636785273306,oracle/task_012/cell_0252,594,without_replacement,67108864,2.9654526710510254,4,completed,2048,20.0,0.3438215992948105,0.03079537173531147
8,292,4b74724c4225fcfe043fdd749fb740fff4cf33c8,cuda,1.0,1,0.5,mixture,0.9636291208210499,64,standard normal at finite u_max,infinite,oracle,0.6955319974981227,1.7272680405799232,unbiased,0.0011430652243634629,8192,14093824,0.6948531129377623,0.6955320047919286,1.7272680405799241,0.6948531129377666,0.9882802962295343,1.7272769863032549,oracle/task_012/cell_0292,88,without_replacement,33554432,0.7179295532405376,2,completed,512,20.0,0.9882802962295343,1.727277362483954
2,332,4b74724c4225fcfe043fdd749fb740fff4cf33c8,cuda,1.0,1,0.5,mixture,0.9239152324953279,64,standard normal at finite u_max,finite,oracle,0.6958273355903031,1.7160636940057479,tail,0.22516950440190714,8192,2821632,0.6948531129377623,0.6958273418525099,1.7160636940057479,0.6948531129377661,0.9889185414629139,1.7160733282537528,oracle/task_012/cell_0332,121,with_replacement,33554432,3.8712660931050777,0,completed,2048,20.0,0.9889185414629139,1.7160724968484042
4,372,4b74724c4225fcfe043fdd749fb740fff4cf33c8,cuda,1.0,1,0.5,mixture,0.7159970780176583,64,standard normal at finite u_max,finite,oracle,0.5878245427466016,1.4521301740325516,tail,0.2930797050818136,8192,5180928,0.5852027197571587,0.5878245556616426,1.4521301740325523,0.585202719757163,0.5331963789614766,1.4522231955004363,oracle/task_012/cell_0372,31,with_replacement,67108864,3.844728622585535,3,completed,2048,20.0,0.5331963789614769,1.4522214662374524
8,412,4b74724c4225fcfe043fdd749fb740fff4cf33c8,cuda,1.0,8,0.5,mixture,0.9304699464487763,64,standard normal at finite u_max,finite,oracle,0.6605961548108283,1.5645658796125048,tail,0.00012207579644713716,8192,73691136,0.6461398347033216,0.6605961924303299,1.564565879612505,0.6461398347033248,0.9949823866259109,1.57765378031773,oracle/task_012/cell_0412,126,with_replacement,33554432,1.023531001061201,1,completed,512,20.0,0.9949823866259108,1.5776541853475186
2,452,4b74724c4225fcfe043fdd749fb740fff4cf33c8,cuda,1.0,8,0.5,mixture,0.6551232770514811,64,standard normal at finite u_max,finite,oracle,0.4871281776518618,0.930651034955302,tail,0.00013523034605938646,8192,24014848,0.4025734435311189,0.48712820784329325,0.9306510349553019,0.4025734435311169,0.9915659105760792,0.967332152768972,oracle/task_012/cell_0452,159,without_replacement,8388608,1.019989550113678,4,completed,512,20.0,0.9915659105760793,0.9673320581886579
4,492,4b74724c4225fcfe043fdd749fb740fff4cf33c8,cuda,1.0,8,0.5,mixture,0.5750358380694609,64,standard normal at finite u_max,finite,oracle,0.6998136987687994,1.7006880357409713,tail,0.00017857996077039269,8192,41971712,0.6948531129377623,0.6998137211817491,1.700688035740971,0.694853112937766,0.9905705638652438,1.7013853840672215,oracle/task_012/cell_0492,411,without_replacement,67108864,3.9544560126960278,2,completed,2048,20.0,0.9905705638652438,1.7013861670748154
8,532,4b74724c4225fcfe043fdd749fb740fff4cf33c8,cuda,1.0,1,0.5,weak_mixture,0.6529578578255668,64,standard normal at finite u_max,finite,oracle,0.013693955561787985,0.007069291944805985,tail,0.49820845224391935,8192,14093824,0.012133203848801455,0.013693957534384071,0.007069291944805893,0.012133204198142566,0.006151243159858488,0.01205652924351591,oracle/task_012/cell_0532,1,without_replacement,33554432,0.9497861303389072,0,completed,512,20.0,0.006151243159858044,0.012057088077063242
4,572,4b74724c4225fcfe043fdd749fb740fff4cf33c8,cuda,1.0,1,0.5,weak_mixture,0.7461405624573321,64,standard normal at finite u_max,finite,oracle,0.012194680532913837,0.0033449033199579384,full,0.49704596799426126,8192,42406912,0.005352369123768019,0.01219468585528305,0.0033449033199580407,0.00535236877442713,0.034879607986831984,0.009259395280705981,oracle/task_012/cell_0572,1,with_replacement,268435456,0.5592587739229202,4,completed,512,20.0,0.03487960798683165,0.00925917658819731
2,612,4b74724c4225fcfe043fdd749fb740fff4cf33c8,cuda,1.0,1,0.5,weak_mixture,0.8819343484373577,64,standard normal at finite u_max,infinite,oracle,0.020351576431829277,0.009716037423764461,unbiased,0.49918155432282724,8192,2821632,0.003346843103920083,0.02035158768647638,0.009716037423764564,0.0033468427545791934,0.08231263640402497,0.01615727669974735,oracle/task_012/cell_0612,1,with_replacement,33554432,2.802908707410097,2,completed,2048,20.0,0.08231263640402464,0.01615958910567216
4,652,4b74724c4225fcfe043fdd749fb740fff4cf33c8,cuda,1.0,8,0.5,weak_mixture,0.8617045900816426,64,standard normal at finite u_max,infinite,oracle,0.09487622569930057,0.10192468235644893,unbiased,0.4583429501677881,8192,37777408,0.08631916419061994,0.09487622376046352,0.10192468235644894,0.08631916419061991,0.08506863432482034,0.10456300941296964,oracle/task_012/cell_0652,5,with_replacement,16777216,0.7128438130021095,0,completed,512,20.0,0.08506863432482036,0.10456338785948777
8,692,4b74724c4225fcfe043fdd749fb740fff4cf33c8,cuda,1.0,8,0.5,weak_mixture,0.8776173724359827,64,standard normal at finite u_max,infinite,oracle,0.0906912888564057,0.0958662203268751,unbiased,0.47016216098134916,8192,73691136,0.08265523749544097,0.09069128558486556,0.09586622032687514,0.08265523749544093,0.10589848678720852,0.09829138827206735,oracle/task_012/cell_0692,5,with_replacement,33554432,0.7175022028386593,3,completed,512,20.0,0.10589848678720866,0.0982912665505202
2,732,4b74724c4225fcfe043fdd749fb740fff4cf33c8,cuda,1.0,8,0.5,weak_mixture,0.8144973254551724,64,standard normal at finite u_max,infinite,oracle,0.0229640779092887,0.016442209641776513,unbiased,0.49576945611251594,8192,24014848,0.015108724217221786,0.022964087050570785,0.016442209641776482,0.015108724129886612,0.07942744668508787,0.02344086603303501,oracle/task_012/cell_0732,4,without_replacement,33554432,2.750193502753973,1,completed,2048,20.0,0.07942744668508797,0.02344147117775859
4,772,4b74724c4225fcfe043fdd749fb740fff4cf33c8,cuda,1.0,8,0.5,weak_mixture,0.581722892780012,64,standard normal at finite u_max,infinite,oracle,0.03802883619427365,0.035934442685952854,unbiased,0.4947762952769151,8192,41971712,0.031779491469362875,0.03802883429709163,0.03593444268595286,0.03177949155669805,0.03967940208793988,0.03789126035106452,oracle/task_012/cell_0772,4,without_replacement,67108864,2.760502140969038,4,completed,2048,20.0,0.03967940208793981,0.03789136669179484
4,812,4b74724c4225fcfe043fdd749fb740fff4cf33c8,cuda,1.0,8,0.5,gaussian,0.9831037284932946,64,standard normal at finite u_max,finite,oracle,0.08676385375526502,0.020496491770871664,tail,0.0842538910327357,32768,151023616,1.3000539089702556e-08,0.08676401107341696,0.020496491770871525,1.300072183241241e-08,0.208259029624757,0.022712191627959306,oracle/task_012/cell_0812,91,with_replacement,67108864,1.2851290963590145,1,completed,512,20.0,0.20825902962475656,0.022712189811636013
4,852,4b74724c4225fcfe043fdd749fb740fff4cf33c8,cuda,1.0,8,0.5,gaussian,0.8947437212004133,64,standard normal at finite u_max,finite,oracle,0.0393647615264182,0.008117200765929533,tail,0.0749573990183236,32768,151023616,1.3000539089702556e-08,0.03936491412469364,0.008117200765929228,1.3000721943434712e-08,0.130676138119509,0.010417389528366114,oracle/task_012/cell_0852,85,with_replacement,67108864,1.2851911261677742,3,completed,512,20.0,0.1306761381195085,0.010416793147442767
4,892,4b74724c4225fcfe043fdd749fb740fff4cf33c8,cuda,1.0,8,0.5,mixture,0.5991232341992591,64,standard normal at finite u_max,finite,oracle,0.40472701852475346,0.7765405530986071,tail,3.2067080328497885e-05,32768,151023616,0.3051468870622377,0.40472708466723284,0.7765405530986074,0.3051468870622338,0.9926394769421556,0.7843609296734757,oracle/task_012/cell_0892,141,with_replacement,67108864,1.3074600622057915,0,completed,512,20.0,0.9926394769421557,0.7843611067645019
4,932,4b74724c4225fcfe043fdd749fb740fff4cf33c8,cuda,1.0,8,0.5,mixture,0.5979735498392321,64,standard normal at finite u_max,finite,oracle,0.44067622275156776,0.8658034519203832,tail,3.108429479605307e-05,32768,151023616,0.3538601652966782,0.44067630024894644,0.8658034519203834,0.3538601652966754,0.9928486380399385,0.8835907812323652,oracle/task_012/cell_0932,142,with_replacement,67108864,1.3064648322761059,2,completed,512,20.0,0.9928486380399386,0.8835901500907316
4,972,4b74724c4225fcfe043fdd749fb740fff4cf33c8,cuda,1.0,8,0.5,mixture,0.6245536024434756,64,standard normal at finite u_max,finite,oracle,0.4062011401073323,0.8537696055927078,tail,3.052295762289661e-05,32768,151023616,0.3538601652966783,0.40620122632820044,0.853769605592708,0.3538601652966754,0.9919606744949359,0.8712199684596456,oracle/task_012/cell_0972,142,with_replacement,67108864,1.3020910508930683,4,completed,512,20.0,0.991960674494936,0.8712203399223626
4,1012,4b74724c4225fcfe043fdd749fb740fff4cf33c8,cuda,1.0,8,0.5,weak_mixture,0.6005301127702711,64,standard normal at finite u_max,finite,oracle,0.020877830361943114,0.019162956877001258,tail,0.4768100310682392,32768,151023616,0.016215807855747645,0.020877832275791132,0.019162956877001272,0.01621580768107725,0.04253613023856227,0.021212404518857104,oracle/task_012/cell_1012,4,with_replacement,67108864,1.2542365677654743,1,completed,512,20.0,0.04253613023856201,0.021212315916284814
4,1052,4b74724c4225fcfe043fdd749fb740fff4cf33c8,cuda,1.0,8,0.5,weak_mixture,0.5559927834551939,64,standard normal at finite u_max,finite,oracle,0.032335078416096334,0.032689942192688524,tail,0.47199853443535245,32768,151023616,0.029229265466477874,0.032335078364775886,0.03268994219268854,0.029229265379142666,0.03732530790492902,0.033745032135836815,oracle/task_012/cell_1052,4,with_replacement,67108864,1.245729949325323,3,completed,512,20.0,0.03732530790492902,0.033744980914341964
4,13,4b74724c4225fcfe043fdd749fb740fff4cf33c8,cuda,1.0,1,0.5,gaussian,0.5834077683917988,64,standard normal at finite u_max,finite,oracle,0.03917069514742022,0.013189799793310586,full,0.13149813119614395,8192,42406912,1.3000539089702556e-08,0.03917075523551472,0.013189799793311141,1.3000722165479317e-08,0.028124242086446927,0.013229387790738378,oracle/task_013/cell_0013,43,with_replacement,268435456,0.6138928649015725,1,completed,512,20.0,0.02812424208644615,0.013229849431755945
2,53,4b74724c4225fcfe043fdd749fb740fff4cf33c8,cuda,1.0,1,0.5,gaussian,0.5870930530230859,64,standard normal at finite u_max,infinite,oracle,0.34088859764905144,0.09831891454319763,unbiased,0.0002547566725971596,8192,2821632,1.3000539089702556e-08,0.3408885448930722,0.0983189145431973,1.3000722498546224e-08,0.05250037333420687,0.09831884115407045,oracle/task_013/cell_0053,157,with_replacement,8388608,0.8101367980707437,4,completed,512,20.0,0.05250037333420654,0.09832149261372738
4,93,4b74724c4225fcfe043fdd749fb740fff4cf33c8,cuda,1.0,1,0.5,gaussian,0.7994067827587549,64,standard normal at finite u_max,infinite,oracle,0.13425776164504422,0.03734754791103567,unbiased,0.33429760065490377,8192,5180928,1.3000539089702556e-08,0.1342577305428989,0.03734754791103545,1.300072272059083e-08,0.13415300936523855,0.037533681532170245,oracle/task_013/cell_0093,85,with_replacement,67108864,3.0263585690408945,2,completed,2048,20.0,0.13415300936523866,0.03753464867040568
8,133,4b74724c4225fcfe043fdd749fb740fff4cf33c8,cuda,1.0,8,0.5,gaussian,0.5354846677078721,64,standard normal at finite u_max,infinite,oracle,0.14290670917268616,0.02216170162564088,unbiased,0.00012215792777057113,8192,73691136,1.3000539089702556e-08,0.1429068775200188,0.022161701625640864,1.3000721943434712e-08,0.47867091044905996,0.03387400251209824,oracle/task_013/cell_0133,208,with_replacement,33554432,0.8383105399552733,0,completed,512,20.0,0.47867091044905974,0.03387322988328133
2,173,4b74724c4225fcfe043fdd749fb740fff4cf33c8,cuda,1.0,8,0.5,gaussian,0.5448929593917625,64,standard normal at finite u_max,infinite,oracle,0.2410694382387279,0.051252417540593134,unbiased,0.0001224717939181205,8192,24014848,1.3000539089702556e-08,0.2410695090569797,0.051252417540593134,1.300072227650162e-08,0.4656375359480088,0.05990343921162727,oracle/task_013/cell_0173,246,without_replacement,8388608,0.8395506339147687,3,completed,512,20.0,0.4656375359480087,0.059903592379661245
4,213,4b74724c4225fcfe043fdd749fb740fff4cf33c8,cuda,1.0,8,0.5,gaussian,0.8382720291295913,64,standard normal at finite u_max,infinite,oracle,0.12260950966867987,0.030384833044185808,unbiased,0.00039789805044416696,8192,41971712,1.3000539089702556e-08,0.12260960631729416,0.03038483304418567,1.3000722387523922e-08,0.22802378753729693,0.0345083041673291,oracle/task_013/cell_0213,595,without_replacement,67108864,3.1648181879427284,1,completed,2048,20.0,0.22802378753729685,0.03450864080271821
8,253,4b74724c4225fcfe043fdd749fb740fff4cf33c8,cuda,1.0,8,0.5,gaussian,0.5758691476547695,64,standard normal at finite u_max,infinite,oracle,0.10315394479713433,0.02590072254624967,unbiased,0.0016291500157834253,8192,77885440,1.3000539089702556e-08,0.10315400905090996,0.02590072254624956,1.300072227650162e-08,0.20535780513986868,0.027860530443669013,oracle/task_013/cell_0253,437,without_replacement,134217728,3.109033931978047,4,completed,2048,20.0,0.20535780513986862,0.02786089840057451
2,293,4b74724c4225fcfe043fdd749fb740fff4cf33c8,cuda,1.0,1,0.5,mixture,0.5011604414943351,64,standard normal at finite u_max,finite,oracle,0.6951047346214895,1.6893985707029628,tail,0.0003244872903889362,8192,2821632,0.6948531129377623,0.6951047366378118,1.6893985707029626,0.6948531129377657,0.988580024129397,1.6894413017963625,oracle/task_013/cell_0293,117,with_replacement,8388608,1.0775848240591586,2,completed,512,20.0,0.988580024129397,1.6894402482493598
4,333,4b74724c4225fcfe043fdd749fb740fff4cf33c8,cuda,1.0,1,0.5,mixture,0.7435071860284811,64,standard normal at finite u_max,finite,oracle,0.5242454814736905,1.296664675523945,tail,0.3420806750561273,8192,5180928,0.5234846762838081,0.524245487811819,1.2966646755239453,0.523484676283812,0.3194973087834466,1.2966952266464502,oracle/task_013/cell_0333,34,with_replacement,67108864,4.148557429201901,0,completed,2048,20.0,0.31949730878344673,1.2966946911081025
8,373,4b74724c4225fcfe043fdd749fb740fff4cf33c8,cuda,1.0,1,0.5,mixture,0.804444221202177,64,standard normal at finite u_max,finite,oracle,0.22743867462603246,0.250918649347638,tail,0.4141466162238239,8192,9899520,0.07436838103734433,0.22743849907323233,0.25091864934763775,0.07436838103734045,0.08656892313910114,0.2509212333786609,oracle/task_013/cell_0373,20,with_replacement,134217728,4.136364277917892,3,completed,2048,20.0,0.08656892313910136,0.2509207839535756
2,413,4b74724c4225fcfe043fdd749fb740fff4cf33c8,cuda,1.0,8,0.5,mixture,0.8855752221388923,64,standard normal at finite u_max,finite,oracle,0.7027839195101923,1.667677441899016,tail,0.00013180953459364416,8192,24014848,0.6948531129377623,0.7027839447465347,1.6676774418990161,0.6948531129377664,0.9941600081215836,1.6745522486919373,oracle/task_013/cell_0413,157,without_replacement,8388608,1.0916754049248993,1,completed,512,20.0,0.9941600081215834,1.6745518229012402
4,453,4b74724c4225fcfe043fdd749fb740fff4cf33c8,cuda,1.0,8,0.5,mixture,0.6638626642859173,64,standard normal at finite u_max,finite,oracle,0.41378376548853657,0.7733453913831043,tail,0.00012210023159616625,8192,41971712,0.3051468870622377,0.41378383320200773,0.7733453913831043,0.3051468870622338,0.9931621326633898,0.7865671846636392,oracle/task_013/cell_0453,139,without_replacement,16777216,1.0810995451174676,4,completed,512,20.0,0.9931621326633898,0.7865669412171818
8,493,4b74724c4225fcfe043fdd749fb740fff4cf33c8,cuda,1.0,8,0.5,mixture,0.8966045538556001,64,standard normal at finite u_max,finite,oracle,0.6979854073718125,1.7228099354017714,tail,0.0005194403647084465,8192,77885440,0.6948531129377623,0.6979854311783988,1.7228099354017712,0.6948531129377661,0.9893810749869181,1.7228421231563082,oracle/task_013/cell_0493,274,without_replacement,134217728,4.192466279026121,2,completed,2048,20.0,0.9893810749869181,1.7228424444279054
4,533,4b74724c4225fcfe043fdd749fb740fff4cf33c8,cuda,1.0,1,0.5,weak_mixture,0.5794209071590117,64,standard normal at finite u_max,finite,oracle,0.014914416972640843,0.012708923758080897,full,0.4848295904211135,8192,42406912,0.012025620607309273,0.014914410622464791,0.012708923758080791,0.012025620956650163,0.0024143674588934516,0.013357119246243112,oracle/task_013/cell_0533,1,with_replacement,268435456,0.5928508348297328,1,completed,512,20.0,0.0024143674588938957,0.013357412463932392
2,573,4b74724c4225fcfe043fdd749fb740fff4cf33c8,cuda,1.0,1,0.5,weak_mixture,0.7630955604780375,64,standard normal at finite u_max,infinite,oracle,0.019518174169880442,0.01850938787299335,unbiased,0.4944066200757336,8192,2821632,0.011031401647544348,0.019518190350085618,0.018509387872993454,0.011031401298203347,0.04876027152566775,0.02013431855119473,oracle/task_013/cell_0573,1,with_replacement,8388608,0.7524750831071287,4,completed,512,20.0,0.048760271525667975,0.020131998301904687
4,613,4b74724c4225fcfe043fdd749fb740fff4cf33c8,cuda,1.0,1,0.5,weak_mixture,0.9250728897513291,64,standard normal at finite u_max,infinite,oracle,0.015102863535627842,0.009549878835597218,unbiased,0.49849012457174774,8192,5180928,0.011458469812205996,0.015102867035996725,0.009549878835597318,0.011458469462864995,0.07018442893472998,0.015618397294289968,oracle/task_013/cell_0613,1,with_replacement,67108864,3.002381683094427,2,completed,2048,20.0,0.07018442893472998,0.015618654236177948
8,653,4b74724c4225fcfe043fdd749fb740fff4cf33c8,cuda,1.0,8,0.5,weak_mixture,0.5777006316406775,64,standard normal at finite u_max,infinite,oracle,0.0431092504013991,0.04068153100944427,unbiased,0.4835247466932589,8192,73691136,0.03391509680199167,0.04310924977734577,0.04068153100944429,0.03391509688932692,0.07083641783435063,0.04419137974929353,oracle/task_013/cell_0653,4,with_replacement,33554432,0.7618987199384719,0,completed,512,20.0,0.07083641783435077,0.0441913032015483
2,693,4b74724c4225fcfe043fdd749fb740fff4cf33c8,cuda,1.0,8,0.5,weak_mixture,0.5088028492384249,64,standard normal at finite u_max,infinite,oracle,0.036792935397324145,0.03863213715037459,unbiased,0.4637258445807912,8192,24014848,0.02737402920349786,0.03679293587697867,0.03863213715037458,0.027374029290833053,0.0444155287056293,0.03981705206281812,oracle/task_013/cell_0693,4,without_replacement,8388608,0.7415196851361543,3,completed,512,20.0,0.04441552870562941,0.039816823782320925
4,733,4b74724c4225fcfe043fdd749fb740fff4cf33c8,cuda,1.0,8,0.5,weak_mixture,0.9482950803351914,64,standard normal at finite u_max,infinite,oracle,0.025045762779386894,0.016368823015357494,unbiased,0.4971219593073795,8192,41971712,0.015733332717278115,0.025045770065752482,0.016368823015357473,0.015733332717278004,0.08751144106149401,0.025468688940179583,oracle/task_013/cell_0733,4,without_replacement,67108864,2.9295779541134834,1,completed,2048,20.0,0.08751144106149408,0.025468687998662698
8,773,4b74724c4225fcfe043fdd749fb740fff4cf33c8,cuda,1.0,8,0.5,weak_mixture,0.6452922973146938,64,standard normal at finite u_max,infinite,oracle,0.03095211690617851,0.030932829066049206,unbiased,0.494172247403808,8192,77885440,0.025368253152096426,0.030952114573498068,0.030932829066049192,0.025368253239431628,0.06429381457007673,0.03394958650801773,oracle/task_013/cell_0773,4,without_replacement,134217728,2.9357798299752176,4,completed,2048,20.0,0.06429381457007696,0.033949040835636504
4,813,4b74724c4225fcfe043fdd749fb740fff4cf33c8,cuda,1.0,8,0.5,gaussian,0.5518722514334052,64,standard normal at finite u_max,finite,oracle,0.06947503704852694,0.017257273346705806,tail,0.01145602236931754,131072,604008448,1.3000539089702556e-08,0.06947518910053618,0.017257273346705834,1.300072272059083e-08,0.1505837308779156,0.01836113054879522,oracle/task_013/cell_0813,95,with_replacement,268435456,3.9367099669761956,1,completed,512,20.0,0.15058373087791566,0.018361194123408954
4,853,4b74724c4225fcfe043fdd749fb740fff4cf33c8,cuda,1.0,8,0.5,gaussian,0.710690758823884,64,standard normal at finite u_max,finite,oracle,0.06405858657028106,0.014373780157952154,tail,0.07987611839819159,131072,604008448,1.3000539089702556e-08,0.06405872454273838,0.014373780157951974,1.3000722054457015e-08,0.17009218653385494,0.017089819348635175,oracle/task_013/cell_0853,98,with_replacement,268435456,3.9290954309981316,3,completed,512,20.0,0.1700921865338546,0.017089695298564772
4,893,4b74724c4225fcfe043fdd749fb740fff4cf33c8,cuda,1.0,8,0.5,mixture,0.5796776083506606,64,standard normal at finite u_max,finite,oracle,0.4297786568971361,0.9426459679550871,tail,8.113725749445014e-06,131072,604008448,0.4025734435311188,0.429778727258802,0.9426459679550865,0.40257344353111674,0.9914310362023468,0.960835620658788,oracle/task_013/cell_0893,144,with_replacement,268435456,3.9542834321036935,0,completed,512,20.0,0.9914310362023468,0.9608354271301808
4,933,4b74724c4225fcfe043fdd749fb740fff4cf33c8,cuda,1.0,8,0.5,mixture,0.6929890084623034,64,standard normal at finite u_max,finite,oracle,0.6483429159659589,1.5351363117294659,tail,7.809244553876552e-06,131072,604008448,0.6461398347033218,0.6483429239554135,1.5351363117294663,0.6461398347033247,0.9912669960587495,1.5537710297091687,oracle/task_013/cell_0933,143,with_replacement,268435456,3.9559706340078264,2,completed,512,20.0,0.9912669960587495,1.553771024675939
4,973,4b74724c4225fcfe043fdd749fb740fff4cf33c8,cuda,1.0,8,0.5,mixture,0.563263108830027,64,standard normal at finite u_max,finite,oracle,0.3885766209041332,0.7579043028852425,tail,7.940244984613345e-06,131072,604008448,0.3051468870622377,0.3885767024047122,0.7579043028852428,0.3051468870622338,0.9938568844760255,0.7738006433800555,oracle/task_013/cell_0973,143,with_replacement,268435456,3.9572744388133287,4,completed,512,20.0,0.9938568844760255,0.773800740265222
4,1013,4b74724c4225fcfe043fdd749fb740fff4cf33c8,cuda,1.0,8,0.5,weak_mixture,0.7176472922329127,64,standard normal at finite u_max,finite,oracle,0.00840438354322147,0.0086472057817658,tail,0.49223459443911016,131072,604008448,0.006511124899036616,0.00840438128654216,0.008647205781765845,0.0065111248117012965,0.018584117039949166,0.009580403345679202,oracle/task_013/cell_1013,4,with_replacement,268435456,3.906708423048258,1,completed,512,20.0,0.018584117039948875,0.009580406062312766
4,1053,4b74724c4225fcfe043fdd749fb740fff4cf33c8,cuda,1.0,8,0.5,weak_mixture,0.5842966729035782,64,standard normal at finite u_max,finite,oracle,0.01640462340965259,0.01517379712645959,tail,0.45984491312241177,131072,604008448,0.012600447344537642,0.01640461823570811,0.015173797126459594,0.012600447257202337,0.036101085658348006,0.017077153516945526,oracle/task_013/cell_1053,4,with_replacement,268435456,3.9070000641513616,3,completed,512,20.0,0.03610108565834705,0.017077241525302562
2,14,4b74724c4225fcfe043fdd749fb740fff4cf33c8,cuda,1.0,1,0.5,gaussian,0.7459436146529755,64,standard normal at finite u_max,infinite,oracle,0.0974293650576859,0.02462526410544641,unbiased,0.0002183519799746266,8192,2821632,1.3000539089702556e-08,0.09742936028473465,0.024625264105446187,1.300072272059083e-08,0.08715579675388241,0.024758498242709103,oracle/task_014/cell_0014,156,with_replacement,8388608,0.7951199021190405,1,completed,512,20.0,0.08715579675388241,0.024759252096900886
4,54,4b74724c4225fcfe043fdd749fb740fff4cf33c8,cuda,1.0,1,0.5,gaussian,0.7814951903642496,64,standard normal at finite u_max,infinite,oracle,0.11690315666706957,0.03496244090294498,unbiased,0.00014196088918243127,8192,5180928,1.3000539089702556e-08,0.11690320785161229,0.03496244090294465,1.3000722498546224e-08,0.11485982072276146,0.03503914428251059,oracle/task_014/cell_0054,138,with_replacement,16777216,0.7892530870158225,4,completed,512,20.0,0.11485982072276124,0.0350389535525039
8,94,4b74724c4225fcfe043fdd749fb740fff4cf33c8,cuda,1.0,1,0.5,gaussian,0.7924421404656011,64,standard normal at finite u_max,infinite,oracle,0.1000760925656703,0.025598099870281943,unbiased,0.30569877484420144,8192,9899520,1.3000539089702556e-08,0.10007608527588274,0.0255980998702815,1.3000722387523922e-08,0.11374044117485693,0.0259722427815756,oracle/task_014/cell_0094,57,with_replacement,134217728,2.929957364918664,2,completed,2048,20.0,0.1137404411748566,0.0259725187800773
2,134,4b74724c4225fcfe043fdd749fb740fff4cf33c8,cuda,1.0,8,0.5,gaussian,0.5379884599858792,64,standard normal at finite u_max,infinite,oracle,0.14896779776599287,0.023036094813668875,unbiased,0.00012233916268883827,8192,24014848,1.3000539089702556e-08,0.1489679627448764,0.02303609481366893,1.300072227650162e-08,0.4727764484316266,0.035451254624342704,oracle/task_014/cell_0134,245,without_replacement,8388608,0.8216355049517006,0,completed,512,20.0,0.47277644843162653,0.035450735304376466
4,174,4b74724c4225fcfe043fdd749fb740fff4cf33c8,cuda,1.0,8,0.5,gaussian,0.9863146351720352,64,standard normal at finite u_max,infinite,oracle,0.17396670129523176,0.02843368419350914,unbiased,0.00012583025805882293,8192,41971712,1.3000539089702556e-08,0.1739667673718105,0.028433684193508973,1.300072183241241e-08,0.5136732713555401,0.039927772089238256,oracle/task_014/cell_0174,231,without_replacement,16777216,0.8843311970122159,3,completed,512,20.0,0.5136732713555398,0.03992804774284664
8,214,4b74724c4225fcfe043fdd749fb740fff4cf33c8,cuda,1.0,8,0.5,gaussian,0.9833599810148722,64,standard normal at finite u_max,infinite,oracle,0.08251779388149554,0.02071959552054692,unbiased,0.0008515586036203889,8192,77885440,1.3000539089702556e-08,0.08251789541735668,0.020719595520546974,1.3000722942635434e-08,0.1623183456046913,0.021967730657832633,oracle/task_014/cell_0214,438,without_replacement,134217728,3.07499992614612,1,completed,2048,20.0,0.1623183456046915,0.021967692057417096
2,254,4b74724c4225fcfe043fdd749fb740fff4cf33c8,cuda,1.0,8,0.5,gaussian,0.9961721403129479,64,standard normal at finite u_max,finite,oracle,0.09361720460472336,0.021893019618291,tail,0.30619604049065363,8192,19820544,1.3000539089702556e-08,0.09361730564090581,0.021893019618291168,1.3000723386724644e-08,0.21603042818066676,0.024021786808096857,oracle/task_014/cell_0254,94,with_replacement,33554432,4.068409263156354,4,completed,2048,20.0,0.21603042818066748,0.02402203411193061
4,294,4b74724c4225fcfe043fdd749fb740fff4cf33c8,cuda,1.0,1,0.5,mixture,0.8415044395475328,64,standard normal at finite u_max,finite,oracle,0.6949224573868562,1.701826310417468,tail,0.00017687016909835802,8192,5180928,0.6948531129377623,0.6949224579688655,1.7018263104174685,0.6948531129377664,0.9865974302888522,1.7018536271300047,oracle/task_014/cell_0294,92,with_replacement,16777216,1.040527867153287,2,completed,512,20.0,0.9865974302888522,1.7018562011896359
8,334,4b74724c4225fcfe043fdd749fb740fff4cf33c8,cuda,1.0,1,0.5,mixture,0.762360028042769,64,standard normal at finite u_max,finite,oracle,0.178001680874032,0.41669396781796164,tail,0.36267658532025404,8192,9899520,0.16916888734356406,0.1780017502014134,0.4166939678179619,0.1691688873435679,0.21243070577583656,0.41930723492245864,oracle/task_014/cell_0334,19,with_replacement,134217728,4.002280226908624,0,completed,2048,20.0,0.21243070577583634,0.41930874791579
2,374,4b74724c4225fcfe043fdd749fb740fff4cf33c8,cuda,1.0,1,0.5,mixture,0.7564017594949585,64,standard normal at finite u_max,finite,oracle,0.6951013611105313,1.716129106335611,tail,0.33798360431062785,8192,7015936,0.6948531129377623,0.6951013623503712,1.7161291063356112,0.6948531129377662,0.9884096305797304,1.7161391741742777,oracle/task_014/cell_0374,110,without_replacement,33554432,3.9796271179802716,3,completed,2048,20.0,0.9884096305797304,1.7161386137978991
4,414,4b74724c4225fcfe043fdd749fb740fff4cf33c8,cuda,1.0,8,0.5,mixture,0.7175547266569198,64,standard normal at finite u_max,finite,oracle,0.6872305759460654,1.5281271611445213,tail,0.00012207695715756836,8192,41971712,0.6461398347033217,0.6872305816514351,1.5281271611445213,0.6461398347033246,0.9956204306799465,1.570897736665599,oracle/task_014/cell_0414,140,without_replacement,16777216,1.054219318088144,1,completed,512,20.0,0.9956204306799465,1.57089716343683
8,454,4b74724c4225fcfe043fdd749fb740fff4cf33c8,cuda,1.0,8,0.5,mixture,0.93049624169868,64,standard normal at finite u_max,finite,oracle,0.3802007486659478,0.7681338916591244,tail,0.00012220169996861086,8192,77885440,0.3051468870622377,0.380200821136283,0.7681338916591242,0.3051468870622338,0.9927565254583852,0.7779837055811744,oracle/task_014/cell_0454,122,without_replacement,33554432,1.051698009017855,4,completed,512,20.0,0.9927565254583852,0.7779836574344735
4,494,4b74724c4225fcfe043fdd749fb740fff4cf33c8,cuda,1.0,8,0.5,mixture,0.9510991135092992,64,standard normal at finite u_max,finite,oracle,0.2978178827533907,0.693336452518521,full,0.42550847050448587,8192,337420288,0.2784191166886554,0.2978179308160053,0.6933364525185202,0.2784191166886524,0.6614903537672399,0.6951939688663826,oracle/task_014/cell_0494,36,with_replacement,1073741824,7.594985216157511,3,completed,2048,20.0,0.6614903537672396,0.6951948383257311
2,534,4b74724c4225fcfe043fdd749fb740fff4cf33c8,cuda,1.0,1,0.5,weak_mixture,0.9200497049457602,64,standard normal at finite u_max,infinite,oracle,0.016460077504521192,0.006046926043229862,unbiased,0.49651722506015233,8192,2821632,0.01169079939713924,0.016460090854939408,0.006046926043229763,0.01169079974648024,0.08140880718930477,0.016405952875012782,oracle/task_014/cell_0534,1,with_replacement,8388608,0.7409547830466181,1,completed,512,20.0,0.08140880718930477,0.016406984056020972
4,574,4b74724c4225fcfe043fdd749fb740fff4cf33c8,cuda,1.0,1,0.5,weak_mixture,0.7643196777538452,64,standard normal at finite u_max,infinite,oracle,0.016135328082626854,0.015875820753520675,unbiased,0.49859308350173676,8192,5180928,0.0064337051680940505,0.01613534399279848,0.01587582075352078,0.006433704818753383,0.029146602387940534,0.01657571366522321,oracle/task_014/cell_0574,1,with_replacement,16777216,0.7378209580201656,4,completed,512,20.0,0.02914660238793987,0.016576478300189396
8,614,4b74724c4225fcfe043fdd749fb740fff4cf33c8,cuda,1.0,1,0.5,weak_mixture,0.9197484580034421,64,standard normal at finite u_max,infinite,oracle,0.01434300493337859,0.007549556939235433,unbiased,0.4995153469161402,8192,9899520,0.004345076094133926,0.0143430236951827,0.007549556939235539,0.004345075744793481,0.07301997956887507,0.013235120152220553,oracle/task_014/cell_0614,1,with_replacement,134217728,2.9200388791505247,2,completed,2048,20.0,0.0730199795688743,0.013234483334479583
2,654,4b74724c4225fcfe043fdd749fb740fff4cf33c8,cuda,1.0,8,0.5,weak_mixture,0.5137587068450834,64,standard normal at finite u_max,infinite,oracle,0.035036718555885006,0.033266543957892816,unbiased,0.46033679000613353,8192,24014848,0.028849468487452623,0.035036717329445216,0.03326654395789281,0.02884946866212297,0.049566534914163116,0.035606401471964505,oracle/task_014/cell_0654,4,without_replacement,8388608,0.7265613880008459,0,completed,512,20.0,0.04956653491416277,0.03560668910529191
4,694,4b74724c4225fcfe043fdd749fb740fff4cf33c8,cuda,1.0,8,0.5,weak_mixture,0.7158372829911123,64,standard normal at finite u_max,infinite,oracle,0.03342241497461766,0.0312155691089697,unbiased,0.4812249223726252,8192,41971712,0.026875322642609605,0.033422418133909435,0.031215569108969672,0.026875322729944903,0.034201365043440304,0.03346936727876414,oracle/task_014/cell_0694,4,without_replacement,16777216,0.7226315450388938,3,completed,512,20.0,0.03420136504344033,0.03346994487779671
8,734,4b74724c4225fcfe043fdd749fb740fff4cf33c8,cuda,1.0,8,0.5,weak_mixture,0.8097280015660024,64,standard normal at finite u_max,infinite,oracle,0.02814777508719924,0.024456303862882636,unbiased,0.49681290809031126,8192,77885440,0.02287501538845435,0.028147777522880668,0.02445630386288262,0.022875015650459893,0.05053535456882366,0.027567855802202723,oracle/task_014/cell_0734,4,without_replacement,134217728,2.9095693479757756,1,completed,2048,20.0,0.050535354568823715,0.0275675425848003
2,774,4b74724c4225fcfe043fdd749fb740fff4cf33c8,cuda,1.0,8,0.5,weak_mixture,0.9344266942654095,64,standard normal at finite u_max,finite,oracle,0.01987642489773219,0.013898413711316619,tail,0.49836318356089854,8192,19820544,0.013328453606839888,0.019876431452405502,0.013898413711316603,0.01332845360683984,0.06404757037482928,0.021679218988201156,oracle/task_014/cell_0774,4,with_replacement,33554432,4.022514160024002,4,completed,2048,20.0,0.06404757037482976,0.021679175685469985
4,814,4b74724c4225fcfe043fdd749fb740fff4cf33c8,cuda,1.0,8,0.5,gaussian,0.998603373653294,64,standard normal at finite u_max,finite,oracle,0.07879635556517967,0.018128047851605433,tail,0.12899650865830214,8192,37777408,1.3000539089702556e-08,0.07879647048984137,0.01812804785160535,1.300072227650162e-08,0.1705223142598033,0.02112701991932997,oracle/task_014/cell_0814,87,with_replacement,16777216,1.048826694022864,1,completed,512,10.0,0.17052231425980302,0.02112751062093509
4,854,4b74724c4225fcfe043fdd749fb740fff4cf33c8,cuda,1.0,8,0.5,gaussian,0.5404668941771383,64,standard normal at finite u_max,finite,oracle,0.07333580506497592,0.01628212074682729,tail,0.20514544382500366,8192,37777408,1.3000539089702556e-08,0.07333593079428576,0.01628212074682696,1.3000722054457015e-08,0.18041933985991798,0.018640657160921247,oracle/task_014/cell_0854,88,with_replacement,16777216,1.0529042868874967,3,completed,512,10.0,0.18041933985991754,0.018640669678781085
4,894,4b74724c4225fcfe043fdd749fb740fff4cf33c8,cuda,1.0,8,0.5,mixture,0.9213252764769468,64,standard normal at finite u_max,finite,oracle,0.4494152242170657,0.8547759216651057,tail,0.00012675482118763615,8192,37777408,0.3538601652966781,0.44941527317515606,0.8547759216651059,0.35386016529667524,0.9926041163192925,0.8821681073506751,oracle/task_014/cell_0894,187,with_replacement,16777216,1.0898766429163516,0,completed,512,10.0,0.9926041163192925,0.882168117146047
4,934,4b74724c4225fcfe043fdd749fb740fff4cf33c8,cuda,1.0,8,0.5,mixture,0.9245326109727847,64,standard normal at finite u_max,finite,oracle,0.7108602063619235,1.6884673368329879,tail,0.00012307549596826144,8192,37777408,0.6948531129377623,0.7108602288811846,1.6884673368329879,0.6948531129377662,0.994629894444134,1.696640719803316,oracle/task_014/cell_0934,192,with_replacement,16777216,1.0936977670062333,2,completed,512,10.0,0.9946298944441341,1.6966401553117576
4,974,4b74724c4225fcfe043fdd749fb740fff4cf33c8,cuda,1.0,8,0.5,mixture,0.5059421934249254,64,standard normal at finite u_max,finite,oracle,0.6848357581600661,1.541116802999388,tail,0.00012710760752301413,8192,37777408,0.6461398347033217,0.6848357467414524,1.5411168029993871,0.6461398347033241,0.9925099073475272,1.58688111737829,oracle/task_014/cell_0974,187,with_replacement,16777216,1.0887508490122855,4,completed,512,10.0,0.9925099073475273,1.5868806200657586
4,1014,4b74724c4225fcfe043fdd749fb740fff4cf33c8,cuda,1.0,8,0.5,weak_mixture,0.9676557847881488,64,standard normal at finite u_max,finite,oracle,0.023099915620425064,0.016729144475477888,tail,0.4934567986121264,8192,37777408,0.016138811162808187,0.023099924473270944,0.016729144475477898,0.016138811337478798,0.058927585508328814,0.022358914331783303,oracle/task_014/cell_1014,4,with_replacement,16777216,1.0173507949803025,1,completed,512,10.0,0.05892758550832965,0.022359175808752015
4,1054,4b74724c4225fcfe043fdd749fb740fff4cf33c8,cuda,1.0,8,0.5,weak_mixture,0.8491820434068628,64,standard normal at finite u_max,finite,oracle,0.023776265038820594,0.018197192722304068,tail,0.48825127538732505,8192,37777408,0.014034087025401876,0.02377626271931064,0.01819719272230408,0.014034087112737209,0.06097549671128272,0.023470880362764845,oracle/task_014/cell_1054,4,with_replacement,16777216,1.016794946976006,3,completed,512,10.0,0.060975496711282884,0.023471180666142528
4,15,4b74724c4225fcfe043fdd749fb740fff4cf33c8,cuda,1.0,1,0.5,gaussian,0.7079699672346046,64,standard normal at finite u_max,infinite,oracle,0.04958299974372499,0.011099681553876084,unbiased,0.0001600550301286058,8192,5180928,1.3000539089702556e-08,0.04958321141452965,0.011099681553875529,1.3000722165479317e-08,0.15163534504771703,0.011787244021281616,oracle/task_015/cell_0015,136,with_replacement,16777216,0.7614758545532823,1,completed,512,20.0,0.15163534504771659,0.011789055553435712
8,55,4b74724c4225fcfe043fdd749fb740fff4cf33c8,cuda,1.0,1,0.5,gaussian,0.7966517803912049,64,standard normal at finite u_max,infinite,oracle,0.02367237868129979,0.0035601549572124025,unbiased,0.00030985399511532707,8192,9899520,1.3000539089702556e-08,0.023672427203526858,0.0035601549572119584,1.300072227650162e-08,0.10217539654964469,0.006362943349030078,oracle/task_015/cell_0055,112,with_replacement,33554432,0.7435729252174497,4,completed,512,20.0,0.10217539654964414,0.006361851922304552
2,95,4b74724c4225fcfe043fdd749fb740fff4cf33c8,cuda,1.0,1,0.5,gaussian,0.6345962948510582,64,standard normal at finite u_max,infinite,oracle,0.16968346670789114,0.04374459158964772,unbiased,0.08039413928557655,8192,7015936,1.3000539089702556e-08,0.16968341810407883,0.043744591589647164,1.3000722165479317e-08,0.17356405781252704,0.04375305729383438,oracle/task_015/cell_0095,171,without_replacement,33554432,2.7897078678943217,2,completed,2048,20.0,0.1735640578125266,0.04375367156411746
4,135,4b74724c4225fcfe043fdd749fb740fff4cf33c8,cuda,1.0,8,0.5,gaussian,0.986284071418456,64,standard normal at finite u_max,infinite,oracle,0.171296153316643,0.027920688780235514,unbiased,0.00012225943659299908,8192,41971712,1.3000539089702556e-08,0.17129627263187674,0.027920688780235542,1.3000722498546224e-08,0.49274846346208445,0.041911744986359425,oracle/task_015/cell_0135,231,without_replacement,16777216,0.7830451852642,0,completed,512,20.0,0.4927484634620845,0.04191182967803887
8,175,4b74724c4225fcfe043fdd749fb740fff4cf33c8,cuda,1.0,8,0.5,gaussian,0.8493253571183935,64,standard normal at finite u_max,infinite,oracle,0.15220414978677094,0.02777453992771807,unbiased,0.00012305130615458692,8192,77885440,1.3000539089702556e-08,0.15220429646185532,0.027774539927718098,1.3000722498546224e-08,0.41381052769268534,0.03462588674052544,oracle/task_015/cell_0175,208,without_replacement,33554432,0.8055121679790318,3,completed,512,20.0,0.41381052769268534,0.034625572566211835
2,215,4b74724c4225fcfe043fdd749fb740fff4cf33c8,cuda,1.0,8,0.5,gaussian,0.602368262773386,64,standard normal at finite u_max,finite,oracle,0.0677962076539539,0.012725913839950712,tail,0.37568765200138526,8192,19820544,1.3000539089702556e-08,0.0677963716919649,0.012725913839950573,1.3000722387523922e-08,0.21307264653335084,0.01739316620394264,oracle/task_015/cell_0215,90,with_replacement,33554432,3.9096784819848835,1,completed,2048,20.0,0.21307264653335073,0.01739292121980283
4,255,4b74724c4225fcfe043fdd749fb740fff4cf33c8,cuda,1.0,8,0.5,gaussian,0.9961721403129479,64,standard normal at finite u_max,finite,oracle,0.09361720460472334,0.021893019618290988,tail,0.30619604049065324,8192,37777408,1.3000539089702556e-08,0.0936173056409058,0.021893019618291154,1.3000723386724644e-08,0.21603042818066678,0.024021786808096447,oracle/task_015/cell_0255,94,with_replacement,67108864,3.910068121738732,4,completed,2048,20.0,0.21603042818066742,0.024022034111930612
8,295,4b74724c4225fcfe043fdd749fb740fff4cf33c8,cuda,1.0,1,0.5,mixture,0.6411853877592689,64,standard normal at finite u_max,finite,oracle,0.6826518183357138,1.6934683866578606,tail,0.032317158387936744,8192,9899520,0.6817921671730467,0.6826518240154097,1.6934683866578606,0.6817921671730506,0.9277016056011789,1.6935020490567612,oracle/task_015/cell_0295,58,with_replacement,33554432,0.9842387773096561,2,completed,512,20.0,0.9277016056011789,1.6935001677509685
2,335,4b74724c4225fcfe043fdd749fb740fff4cf33c8,cuda,1.0,1,0.5,mixture,0.803879257857757,64,standard normal at finite u_max,finite,oracle,0.6963141939097564,1.7242805213256582,tail,0.19743315796732197,8192,7015936,0.6948531129377623,0.6963142019947863,1.7242805213256591,0.6948531129377666,0.9891136034125605,1.7242918735070027,oracle/task_015/cell_0335,116,without_replacement,33554432,3.8228979259729385,0,completed,2048,20.0,0.9891136034125605,1.7242922688301916
4,375,4b74724c4225fcfe043fdd749fb740fff4cf33c8,cuda,1.0,1,0.5,mixture,0.951926312529843,64,standard normal at finite u_max,finite,oracle,0.5446480396428987,1.3525153713548494,tail,0.2549119257205309,8192,9375232,0.5435561702522111,0.5446480529405906,1.3525153713548503,0.5435561702522153,0.39512382022478343,1.3525179572880692,oracle/task_015/cell_0375,30,without_replacement,67108864,3.7963452800177038,3,completed,2048,20.0,0.39512382022478376,1.352518083828238
8,415,4b74724c4225fcfe043fdd749fb740fff4cf33c8,cuda,1.0,8,0.5,mixture,0.8121362134886538,64,standard normal at finite u_max,finite,oracle,0.43949262648020215,0.993668053058942,tail,0.00012273963561927785,8192,77885440,0.402573443531119,0.43949269422046777,0.9936680530589423,0.40257344353111707,0.9916073111620893,1.0021275059688326,oracle/task_015/cell_0415,123,without_replacement,33554432,1.0054139201529324,1,completed,512,20.0,0.9916073111620893,1.0021263557220512
4,455,4b74724c4225fcfe043fdd749fb740fff4cf33c8,cuda,1.0,8,0.5,mixture,0.9224111826834085,64,standard normal at finite u_max,finite,oracle,0.34990646589845054,0.8387903059154673,full,0.40957410783177656,8192,337420288,0.34011759900736815,0.3499065101953396,0.8387903059154674,0.3401175990073674,0.6534809424980197,0.8405389592374295,oracle/task_015/cell_0455,38,with_replacement,1073741824,7.497022456955165,0,completed,2048,20.0,0.6534809424980197,0.840538713601483
2,495,4b74724c4225fcfe043fdd749fb740fff4cf33c8,cuda,1.0,8,0.5,mixture,0.6263980203239828,64,standard normal at finite u_max,infinite,oracle,0.7047970081437133,1.679366697095037,unbiased,0.00016903780270930072,8192,19820544,0.6948531129377623,0.7047970249830982,1.6793666970950363,0.6948531129377659,0.9938410481563873,1.6838702267070498,oracle/task_015/cell_0495,627,with_replacement,33554432,3.0260862428694963,3,completed,2048,20.0,0.9938410481563873,1.6838698555843452
4,535,4b74724c4225fcfe043fdd749fb740fff4cf33c8,cuda,1.0,1,0.5,weak_mixture,0.912907094135765,64,standard normal at finite u_max,infinite,oracle,0.01904916439265436,0.010583320159490733,unbiased,0.4985714753079427,8192,5180928,0.0028681490796490516,0.019049179040718123,0.010583320159490638,0.002868149428990052,0.08530587022826386,0.0163452868927636,oracle/task_015/cell_0535,1,with_replacement,16777216,0.6981348167173564,1,completed,512,20.0,0.08530587022826386,0.016343211242299652
8,575,4b74724c4225fcfe043fdd749fb740fff4cf33c8,cuda,1.0,1,0.5,weak_mixture,0.8257350454668756,64,standard normal at finite u_max,infinite,oracle,0.01599753013273325,0.011801483922175152,unbiased,0.4915604416690855,8192,9899520,0.012755862498626036,0.015997519276185368,0.011801483922175254,0.012755862149285147,0.009809101753827876,0.013205896898264334,oracle/task_015/cell_0575,1,with_replacement,33554432,0.6985461548902094,4,completed,512,20.0,0.009809101753827654,0.013206451570319973
2,615,4b74724c4225fcfe043fdd749fb740fff4cf33c8,cuda,1.0,1,0.5,weak_mixture,0.7749168273690927,64,standard normal at finite u_max,infinite,oracle,0.01605790622398419,0.001727845644632537,unbiased,0.4997322851950279,8192,7015936,0.0034461015064701783,0.016057928274602076,0.0017278456446324416,0.00344610185581129,0.09744505811636472,0.019658470421956464,oracle/task_015/cell_0615,1,without_replacement,33554432,2.7029424170032144,2,completed,2048,20.0,0.09744505811636495,0.019658399560646175
4,655,4b74724c4225fcfe043fdd749fb740fff4cf33c8,cuda,1.0,8,0.5,weak_mixture,0.7296574598081413,64,standard normal at finite u_max,infinite,oracle,0.02924253103430621,0.02804603716655705,unbiased,0.48485143135505754,8192,41971712,0.024303302352778694,0.0292425323104388,0.028046037166557028,0.0243033022654435,0.040607301894119804,0.03056169748901498,oracle/task_015/cell_0655,4,without_replacement,16777216,0.6878103809431195,0,completed,512,20.0,0.04060730189411968,0.030561790770251007
8,695,4b74724c4225fcfe043fdd749fb740fff4cf33c8,cuda,1.0,8,0.5,weak_mixture,0.7608613146682704,64,standard normal at finite u_max,infinite,oracle,0.037344943679361156,0.03694673249554621,unbiased,0.48249358605327564,8192,77885440,0.029556392888704118,0.03734494237875838,0.036946732495546177,0.029556392976039327,0.06983219400618115,0.03952893105641121,oracle/task_015/cell_0695,4,without_replacement,33554432,0.7168537643738091,3,completed,512,20.0,0.06983219400618125,0.03952946146214297
2,735,4b74724c4225fcfe043fdd749fb740fff4cf33c8,cuda,1.0,8,0.5,weak_mixture,0.5289535611505348,64,standard normal at finite u_max,finite,oracle,0.043912997346688555,0.04468681485836123,tail,0.49022555030863957,8192,19820544,0.03372223630446847,0.04391299494078748,0.04468681485836125,0.03372223621713329,0.04665977472422923,0.04553069552557697,oracle/task_015/cell_0735,4,with_replacement,33554432,3.824862395878881,1,completed,2048,20.0,0.046659774724229316,0.04553066795664992
4,775,4b74724c4225fcfe043fdd749fb740fff4cf33c8,cuda,1.0,8,0.5,weak_mixture,0.7874301174123632,64,standard normal at finite u_max,finite,oracle,0.01673247333387627,0.008348962194220062,tail,0.4956344312813573,8192,37777408,0.009455057852742692,0.016732481013998456,0.008348962194220027,0.009455058027413185,0.056048239616191486,0.015690107007753872,oracle/task_015/cell_0775,4,with_replacement,67108864,3.8245750600472093,4,completed,2048,20.0,0.05604823961619171,0.01569045584200234
4,815,4b74724c4225fcfe043fdd749fb740fff4cf33c8,cuda,1.0,8,0.5,gaussian,0.6759572476462662,64,standard normal at finite u_max,finite,oracle,0.0533416907004899,0.009904497467977932,tail,0.13007794117815796,8192,37777408,1.3000539089702556e-08,0.05334181630780733,0.009904497467977794,1.300072227650162e-08,0.1770213749254056,0.013190809276409159,oracle/task_015/cell_0815,92,with_replacement,16777216,0.9963890509679914,1,completed,512,30.0,0.17702137492540537,0.013190345500184553
4,855,4b74724c4225fcfe043fdd749fb740fff4cf33c8,cuda,1.0,8,0.5,gaussian,0.6949209264469686,64,standard normal at finite u_max,finite,oracle,0.08406116785532336,0.018050232427532092,tail,0.07549563763597034,8192,37777408,1.3000539089702556e-08,0.08406130175755197,0.01805023242753173,1.3000722054457015e-08,0.20331020805489552,0.02202970654876383,oracle/task_015/cell_0855,94,with_replacement,16777216,1.001277171075344,3,completed,512,30.0,0.20331020805489516,0.022029658543929926
4,895,4b74724c4225fcfe043fdd749fb740fff4cf33c8,cuda,1.0,8,0.5,mixture,0.9311783190373557,64,standard normal at finite u_max,finite,oracle,0.7353502268596325,1.715129254863017,tail,0.00012207175362768756,8192,37777408,0.6948531129377623,0.7353502514774473,1.7151292548630164,0.6948531129377656,0.9957035454879837,1.7238925107221175,oracle/task_015/cell_0895,120,with_replacement,16777216,1.0112474211491644,0,completed,512,30.0,0.9957035454879837,1.7238920800021402
4,935,4b74724c4225fcfe043fdd749fb740fff4cf33c8,cuda,1.0,8,0.5,mixture,0.5908097505779235,64,standard normal at finite u_max,finite,oracle,0.5344239009669942,1.1378183775018338,tail,0.00012406332260992727,8192,37777408,0.5000000000000002,0.5344238986881268,1.1378183775018331,0.49999999999999983,0.9944839491045391,1.2104522822002455,oracle/task_015/cell_0935,120,with_replacement,16777216,1.0269847651943564,2,completed,512,30.0,0.9944839491045391,1.2104521773965748
4,975,4b74724c4225fcfe043fdd749fb740fff4cf33c8,cuda,1.0,8,0.5,mixture,0.48715313861089743,64,standard normal at finite u_max,finite,oracle,0.6729096451227825,1.379403352533307,tail,0.00012209238684303926,8192,37777408,0.5974265564688814,0.6729096587820129,1.3794033525333067,0.597426556468883,0.9942595288690096,1.4844826744585118,oracle/task_015/cell_0975,119,with_replacement,16777216,1.0240731937810779,4,completed,512,30.0,0.9942595288690095,1.4844830055065392
4,1015,4b74724c4225fcfe043fdd749fb740fff4cf33c8,cuda,1.0,8,0.5,weak_mixture,0.9676989643263774,64,standard normal at finite u_max,finite,oracle,0.021086245906720563,0.017034792042552576,tail,0.48389041895447205,8192,37777408,0.014421481385421861,0.021086251218594653,0.01703479204255256,0.014421481385421868,0.06503973576898613,0.021928938157509875,oracle/task_015/cell_1015,4,with_replacement,16777216,0.9814648339524865,1,completed,512,30.0,0.06503973576898657,0.02192857938664283
4,1055,4b74724c4225fcfe043fdd749fb740fff4cf33c8,cuda,1.0,8,0.5,weak_mixture,0.8896230398899792,64,standard normal at finite u_max,finite,oracle,0.06635873013683076,0.06819894688923878,tail,0.4761930142709029,8192,37777408,0.04881389435685242,0.06635872761883066,0.06819894688923882,0.04881389444418767,0.15951291719528626,0.07312892819736524,oracle/task_015/cell_1055,5,with_replacement,16777216,0.9779528956860304,3,completed,512,30.0,0.1595129171952862,0.0731292653386307
8,16,4b74724c4225fcfe043fdd749fb740fff4cf33c8,cuda,1.0,1,0.5,gaussian,0.9608897498932085,64,standard normal at finite u_max,infinite,oracle,0.062281411929397235,0.01391945618695456,unbiased,0.0007880202997836323,8192,9899520,1.3000539089702556e-08,0.06228139634611313,0.013919456186954005,1.3000722165479317e-08,0.16060326958420013,0.01571372479027775,oracle/task_016/cell_0016,107,with_replacement,33554432,0.746806344948709,1,completed,512,20.0,0.16060326958419968,0.015713500175377593
2,56,4b74724c4225fcfe043fdd749fb740fff4cf33c8,cuda,1.0,1,0.5,gaussian,0.9833271982913169,64,standard normal at finite u_max,infinite,oracle,0.35052717889294416,0.09720995982094038,unbiased,0.00020243679835752593,8192,7015936,1.3000539089702556e-08,0.3505271608044723,0.09720995982093972,1.3000722054457015e-08,0.2651549064044032,0.09721204701371182,oracle/task_016/cell_0056,157,without_replacement,8388608,0.7391616520471871,4,completed,512,20.0,0.26515490640440254,0.0972117614531341
4,96,4b74724c4225fcfe043fdd749fb740fff4cf33c8,cuda,1.0,1,0.5,gaussian,0.7732296207554851,64,standard normal at finite u_max,infinite,oracle,0.14869375679733943,0.039990099184027295,unbiased,0.24985694089957625,8192,9375232,1.3000539089702556e-08,0.1486938186108947,0.03999009918402696,1.3000722498546224e-08,0.18692654816298637,0.04003142894987905,oracle/task_016/cell_0096,78,without_replacement,67108864,2.7424937379546463,2,completed,2048,20.0,0.18692654816298626,0.040032330120210874
8,136,4b74724c4225fcfe043fdd749fb740fff4cf33c8,cuda,1.0,8,0.5,gaussian,0.873759569454389,64,standard normal at finite u_max,infinite,oracle,0.17139051206181083,0.031798634238490164,unbiased,0.00012212543701807635,8192,77885440,1.3000539089702556e-08,0.17139064755804756,0.03179863423849011,1.3000722498546224e-08,0.4664675228682734,0.040859520408883535,oracle/task_016/cell_0136,209,without_replacement,33554432,0.8043455239385366,0,completed,512,20.0,0.4664675228682734,0.040859530907574396
2,176,4b74724c4225fcfe043fdd749fb740fff4cf33c8,cuda,1.0,8,0.5,gaussian,0.9618385859174873,64,standard normal at finite u_max,finite,oracle,0.06362107641193392,0.013018440017587257,tail,0.07915149866263431,8192,19820544,1.3000539089702556e-08,0.0636212249276297,0.013018440017587174,1.3000722498546224e-08,0.20261420587641565,0.01641397665881767,oracle/task_016/cell_0176,80,with_replacement,8388608,0.998219349887222,3,completed,512,20.0,0.20261420587641565,0.016413992265756593
4,216,4b74724c4225fcfe043fdd749fb740fff4cf33c8,cuda,1.0,8,0.5,gaussian,0.602368262773386,64,standard normal at finite u_max,finite,oracle,0.06779620765395394,0.01272591383995074,tail,0.3756876520013848,8192,37777408,1.3000539089702556e-08,0.06779637169196494,0.0127259138399506,1.3000722387523922e-08,0.21307264653335084,0.017393166203943995,oracle/task_016/cell_0216,90,with_replacement,67108864,3.8824095777235925,1,completed,2048,20.0,0.21307264653335073,0.017392921219802838
8,256,4b74724c4225fcfe043fdd749fb740fff4cf33c8,cuda,1.0,8,0.5,gaussian,0.9961721403129514,64,standard normal at finite u_max,finite,oracle,0.09361720460472345,0.021893019618291015,tail,0.30619604049065324,8192,73691136,1.3000539089702556e-08,0.0936173056409059,0.02189301961829085,1.3000721610367805e-08,0.2160304281806682,0.024021786808102408,oracle/task_016/cell_0256,94,with_replacement,134217728,3.896977993194014,4,completed,2048,20.0,0.21603042818066753,0.024022034111930633
2,296,4b74724c4225fcfe043fdd749fb740fff4cf33c8,cuda,1.0,1,0.5,mixture,0.8304969237138856,64,standard normal at finite u_max,finite,oracle,0.6955786991059044,1.69076444317721,tail,0.0001446792537885153,8192,7015936,0.6948531129377623,0.6955787022855991,1.69076444317721,0.694853112937766,0.9890223860121186,1.6908008943734079,oracle/task_016/cell_0296,117,without_replacement,8388608,0.9828735259361565,2,completed,512,20.0,0.9890223860121186,1.6908018608200037
4,336,4b74724c4225fcfe043fdd749fb740fff4cf33c8,cuda,1.0,1,0.5,mixture,0.8851222890424887,64,standard normal at finite u_max,finite,oracle,0.6316745679693327,1.5653653473889917,tail,0.37615322761561054,8192,9375232,0.6316343836703527,0.631674568371589,1.565365347388992,0.6316343836703567,0.6974478952007562,1.5654027206571304,oracle/task_016/cell_0336,34,without_replacement,67108864,3.7663255026564,0,completed,2048,20.0,0.6974478952007563,1.565399632146691
8,376,4b74724c4225fcfe043fdd749fb740fff4cf33c8,cuda,1.0,1,0.5,mixture,0.7630432657767392,64,standard normal at finite u_max,finite,oracle,0.04233471762804755,0.055872113106120114,tail,0.35922987232515524,8192,14093824,0.028770012068908446,0.04233478657965131,0.055872113106119836,0.028770012068904616,0.07522595550998978,0.07634605275678263,oracle/task_016/cell_0376,18,without_replacement,134217728,3.7539019999094307,3,completed,2048,20.0,0.0752259555099899,0.07634627701761489
4,416,4b74724c4225fcfe043fdd749fb740fff4cf33c8,cuda,1.0,8,0.5,mixture,0.9437454926076837,64,standard normal at finite u_max,finite,oracle,0.4637756337326121,1.0913532586761459,full,0.18827952216450694,8192,337420288,0.4503560757150828,0.4637756713469305,1.0913532586761465,0.45035607571508185,0.9849629221759155,1.096334948801942,oracle/task_016/cell_0416,36,with_replacement,268435456,1.9104312011040747,2,completed,512,20.0,0.9849629221759155,1.09633613304635
2,456,4b74724c4225fcfe043fdd749fb740fff4cf33c8,cuda,1.0,8,0.5,mixture,0.8679621642302583,64,standard normal at finite u_max,infinite,oracle,0.7037585809284405,1.6752955219532932,unbiased,0.00012607479260203996,8192,19820544,0.6948531129377623,0.7037586019742348,1.6752955219532923,0.6948531129377657,0.9935867174176164,1.6836268450122467,oracle/task_016/cell_0456,628,with_replacement,33554432,3.0425169593654573,0,completed,2048,20.0,0.9935867174176164,1.683627283169561
4,496,4b74724c4225fcfe043fdd749fb740fff4cf33c8,cuda,1.0,8,0.5,mixture,0.7373892535047928,64,standard normal at finite u_max,infinite,oracle,0.7015282611880925,1.7080691627333688,unbiased,0.0001387128372410646,8192,37777408,0.6948531129377623,0.7015282911584907,1.7080691627333688,0.6948531129377662,0.9917961761255139,1.7095981459481875,oracle/task_016/cell_0496,517,with_replacement,67108864,3.0091707562096417,3,completed,2048,20.0,0.9917961761255136,1.7095978796400058
8,536,4b74724c4225fcfe043fdd749fb740fff4cf33c8,cuda,1.0,1,0.5,weak_mixture,0.9257550979358865,64,standard normal at finite u_max,infinite,oracle,0.01631085638609281,0.006570293392309089,unbiased,0.4971990638785778,8192,9899520,0.0036711095891673873,0.016310869742430734,0.006570293392308987,0.003671109938508277,0.07084060946059723,0.013726918182454681,oracle/task_016/cell_0536,1,with_replacement,33554432,0.704439259134233,1,completed,512,20.0,0.07084060946059689,0.013725667511092636
2,576,4b74724c4225fcfe043fdd749fb740fff4cf33c8,cuda,1.0,1,0.5,weak_mixture,0.538458037598667,64,standard normal at finite u_max,infinite,oracle,0.013485877456596296,0.0023877515440707976,unbiased,0.4936636564913445,8192,7015936,0.0034625107602620497,0.013485858950909563,0.0023877515440709034,0.0034625111096027172,0.023713470482454646,0.011394902832130994,oracle/task_016/cell_0576,1,without_replacement,8388608,0.6861492809839547,4,completed,512,20.0,0.02371347048245509,0.011395330587895157
4,616,4b74724c4225fcfe043fdd749fb740fff4cf33c8,cuda,1.0,1,0.5,weak_mixture,0.7771000851213564,64,standard normal at finite u_max,infinite,oracle,0.015074332856715777,0.0013315148556317866,unbiased,0.4997584384338605,8192,9375232,0.000732275856699105,0.01507434033374111,0.0013315148556316807,0.0007322755073583265,0.1062301418893341,0.018917488943051102,oracle/task_016/cell_0616,1,without_replacement,67108864,2.7206912892870605,2,completed,2048,20.0,0.10623014188933355,0.018916858618286885
8,656,4b74724c4225fcfe043fdd749fb740fff4cf33c8,cuda,1.0,8,0.5,weak_mixture,0.7328768812121681,64,standard normal at finite u_max,infinite,oracle,0.043643251728775374,0.041996557645469834,unbiased,0.453840404436281,8192,77885440,0.03783753646826325,0.04364324811275524,0.04199655764546988,0.037837536380928016,0.04363601644570286,0.04490862082580256,oracle/task_016/cell_0656,4,without_replacement,33554432,0.7251096628606319,0,completed,512,20.0,0.043636016445702905,0.04490853180995118
2,696,4b74724c4225fcfe043fdd749fb740fff4cf33c8,cuda,1.0,8,0.5,weak_mixture,0.9419969044867,64,standard normal at finite u_max,finite,oracle,0.0883408199518602,0.09457195243773547,tail,0.4692997063762157,8192,19820544,0.07895270825651761,0.0883408165502913,0.09457195243773552,0.07895270825651754,0.09461417026677284,0.09664236660365311,oracle/task_016/cell_0696,5,with_replacement,8388608,0.9698393596336246,3,completed,512,20.0,0.0946141702667729,0.0966419276343125
4,736,4b74724c4225fcfe043fdd749fb740fff4cf33c8,cuda,1.0,8,0.5,weak_mixture,0.7302907391290778,64,standard normal at finite u_max,finite,oracle,0.0265905364331342,0.024827424359084367,tail,0.4925914300426504,8192,37777408,0.01799028549924058,0.026590538074244472,0.02482742435908438,0.01799028549924054,0.04261982524614462,0.026342328896785994,oracle/task_016/cell_0736,4,with_replacement,67108864,3.8473042282275856,1,completed,2048,20.0,0.0426198252461448,0.026343150457239693
8,776,4b74724c4225fcfe043fdd749fb740fff4cf33c8,cuda,1.0,8,0.5,weak_mixture,0.8457973735481811,64,standard normal at finite u_max,finite,oracle,0.024379732873718286,0.023457337214923223,tail,0.49308292653708174,8192,73691136,0.01739249644929538,0.024379737450130952,0.023457337214923223,0.017392496274624983,0.04287162292714024,0.025301818871982008,oracle/task_016/cell_0776,4,with_replacement,134217728,3.864845834672451,4,completed,2048,20.0,0.04287162292714025,0.025301942042460942
4,816,4b74724c4225fcfe043fdd749fb740fff4cf33c8,cuda,1.0,8,0.5,gaussian,0.9773778963894395,64,standard normal at finite u_max,finite,oracle,0.10918146323952144,0.026507591553573448,tail,0.040492455502319565,32768,167800832,1.3000539089702556e-08,0.10918150660696617,0.026507591553573698,1.300072316468004e-08,0.16888246504121024,0.02847596629166386,oracle/task_016/cell_0816,93,without_replacement,67108864,1.4572589276358485,1,completed,512,20.0,0.16888246504121046,0.02847618191790719
4,856,4b74724c4225fcfe043fdd749fb740fff4cf33c8,cuda,1.0,8,0.5,gaussian,0.6914563817735077,64,standard normal at finite u_max,finite,oracle,0.09146024057172962,0.02191911035168871,tail,0.07223315427993507,32768,167800832,1.3000539089702556e-08,0.09146029664186195,0.021919110351688587,1.3000722942635434e-08,0.1732819573016593,0.024967776052524666,oracle/task_016/cell_0856,92,without_replacement,67108864,1.455376650672406,3,completed,512,20.0,0.1732819573016594,0.0249677827765896
4,896,4b74724c4225fcfe043fdd749fb740fff4cf33c8,cuda,1.0,8,0.5,mixture,0.7864342835420113,64,standard normal at finite u_max,finite,oracle,0.6226277548779326,1.393188041556925,tail,3.064008799727255e-05,32768,167800832,0.5974265564688811,0.6226277467618806,1.3931880415569242,0.5974265564688825,0.9934269476496341,1.4465890118514135,oracle/task_016/cell_0896,143,without_replacement,67108864,1.4710161872208118,0,completed,512,20.0,0.9934269476496341,1.4465889238125427
4,936,4b74724c4225fcfe043fdd749fb740fff4cf33c8,cuda,1.0,8,0.5,mixture,0.7235064561338146,64,standard normal at finite u_max,finite,oracle,0.6690033305353269,1.5264334652888214,tail,3.052424805867366e-05,32768,167800832,0.6461398347033217,0.6690033364868585,1.5264334652888207,0.6461398347033244,0.994566623852053,1.560129488967342,oracle/task_016/cell_0936,141,without_replacement,67108864,1.4669189020060003,2,completed,512,20.0,0.9945666238520531,1.5601291807398296
4,976,4b74724c4225fcfe043fdd749fb740fff4cf33c8,cuda,1.0,8,0.5,mixture,0.7241837100027817,64,standard normal at finite u_max,finite,oracle,0.6581371729145234,1.5360396975071746,tail,3.062366903965682e-05,32768,167800832,0.6461398347033219,0.6581371823457645,1.5360396975071748,0.6461398347033251,0.9932158685080388,1.5619913888949117,oracle/task_016/cell_0976,142,without_replacement,67108864,1.469022681005299,4,completed,512,20.0,0.9932158685080388,1.5619917292223213
4,1016,4b74724c4225fcfe043fdd749fb740fff4cf33c8,cuda,1.0,8,0.5,weak_mixture,0.7415729872666244,64,standard normal at finite u_max,finite,oracle,0.01896058709365531,0.016082162447167137,tail,0.47576957323312213,32768,167800832,0.015007218612322515,0.018960582248492234,0.01608216244716713,0.015007218699657592,0.0556341258404886,0.020940423709910273,oracle/task_016/cell_1016,4,without_replacement,67108864,1.4223752152174711,1,completed,512,20.0,0.055634125840488755,0.02094048439698422
4,1056,4b74724c4225fcfe043fdd749fb740fff4cf33c8,cuda,1.0,8,0.5,weak_mixture,0.606686240360147,64,standard normal at finite u_max,finite,oracle,0.020640889702201,0.021158584769955278,tail,0.4688152218665754,32768,167800832,0.01727535759180747,0.02064088818634376,0.021158584769955295,0.01727535741713694,0.03169490882751522,0.022942220683407802,oracle/task_016/cell_1056,4,without_replacement,67108864,1.4219034402631223,3,completed,512,20.0,0.03169490882751494,0.022942407123710266
2,17,4b74724c4225fcfe043fdd749fb740fff4cf33c8,cuda,1.0,1,0.5,gaussian,0.8795721941140576,64,standard normal at finite u_max,infinite,oracle,0.16516204840380488,0.04399561965646015,unbiased,0.00016353464643532604,8192,7015936,1.3000539089702556e-08,0.1651620397746726,0.043995619656459706,1.3000722387523922e-08,0.1952987604005212,0.044255549079804495,oracle/task_017/cell_0017,156,without_replacement,8388608,0.8596031740307808,1,completed,512,20.0,0.19529876040052085,0.04425595410477157
4,57,4b74724c4225fcfe043fdd749fb740fff4cf33c8,cuda,1.0,1,0.5,gaussian,0.5844185594854452,64,standard normal at finite u_max,infinite,oracle,0.057127574023133454,0.016088829315435316,unbiased,0.00014454802710029327,8192,9375232,1.3000539089702556e-08,0.05712760940832484,0.01608882931543487,1.300072227650162e-08,0.0891737237057606,0.016202829310863767,oracle/task_017/cell_0057,131,without_replacement,16777216,0.7619130909442902,4,completed,512,20.0,0.08917372370576016,0.016202172736955164
8,97,4b74724c4225fcfe043fdd749fb740fff4cf33c8,cuda,1.0,1,0.5,gaussian,0.9452268724340893,64,standard normal at finite u_max,infinite,oracle,0.07828869728179139,0.01985358897852041,unbiased,0.4072474085314332,8192,14093824,1.3000539089702556e-08,0.07828882173944218,0.019853588978519965,1.300072227650162e-08,0.15021560248169497,0.02034307973415778,oracle/task_017/cell_0097,52,without_replacement,134217728,2.8492401018738747,2,completed,2048,20.0,0.15021560248169452,0.02034218160646362
2,137,4b74724c4225fcfe043fdd749fb740fff4cf33c8,cuda,1.0,8,0.5,gaussian,0.8422080396950575,64,standard normal at finite u_max,finite,oracle,0.06025753397699396,0.01239657459199478,tail,0.05233451727056628,8192,19820544,1.3000539089702556e-08,0.060257729901455406,0.012396574591994641,1.3000722387523922e-08,0.18613188405775197,0.0161611457478174,oracle/task_017/cell_0137,86,with_replacement,8388608,1.0476945415139198,0,completed,512,20.0,0.18613188405775183,0.016160709501699313
4,177,4b74724c4225fcfe043fdd749fb740fff4cf33c8,cuda,1.0,8,0.5,gaussian,0.9618385859174875,64,standard normal at finite u_max,finite,oracle,0.0636210764119339,0.013018440017587354,tail,0.07915149866263438,8192,37777408,1.3000539089702556e-08,0.0636212249276297,0.01301844001758716,1.3000722387523922e-08,0.2026142058764156,0.016413976658817955,oracle/task_017/cell_0177,80,with_replacement,16777216,1.052405208349228,3,completed,512,20.0,0.20261420587641552,0.01641399226575659
8,217,4b74724c4225fcfe043fdd749fb740fff4cf33c8,cuda,1.0,8,0.5,gaussian,0.602368262773386,64,standard normal at finite u_max,finite,oracle,0.06779620765395376,0.012725913839950656,tail,0.37568765200138526,8192,73691136,1.3000539089702556e-08,0.06779637169196476,0.0127259138399506,1.3000722498546224e-08,0.21307264653335084,0.017393166203943194,oracle/task_017/cell_0217,90,with_replacement,134217728,4.087128184735775,1,completed,2048,20.0,0.2130726465333508,0.01739292121980283
2,257,4b74724c4225fcfe043fdd749fb740fff4cf33c8,cuda,1.0,8,0.5,gaussian,0.5125379247988291,64,standard normal at finite u_max,finite,oracle,0.06680687030729457,0.013832708151736178,tail,0.36498398237618007,8192,24014848,1.3000539089702556e-08,0.0668069485379652,0.013832708151735873,1.3000722165479317e-08,0.18431525552653183,0.016750267374983415,oracle/task_017/cell_0257,91,without_replacement,33554432,4.004779472947121,4,completed,2048,20.0,0.18431525552653155,0.016751007729984446
4,297,4b74724c4225fcfe043fdd749fb740fff4cf33c8,cuda,1.0,1,0.5,mixture,0.9996113014012817,64,standard normal at finite u_max,finite,oracle,0.6989451363636913,1.7588446447907071,tail,0.00020638872481788936,8192,9375232,0.6948531129377623,0.6989451518708871,1.7588446447907085,0.6948531129377671,0.986589928053572,1.7588452589825474,oracle/task_017/cell_0297,94,without_replacement,16777216,1.0258245542645454,2,completed,512,20.0,0.986589928053572,1.7588460453137589
8,337,4b74724c4225fcfe043fdd749fb740fff4cf33c8,cuda,1.0,1,0.5,mixture,0.9999424387259273,64,standard normal at finite u_max,finite,oracle,0.1489837823376977,0.33729558723384906,tail,0.40610913554258693,8192,14093824,0.1458849832567628,0.148983797696998,0.33729558723384856,0.14588498325675897,0.3684293604271981,0.3391800297194624,oracle/task_017/cell_0337,19,without_replacement,134217728,3.9391101747751236,0,completed,2048,20.0,0.368429360427198,0.33917981955502063
4,377,4b74724c4225fcfe043fdd749fb740fff4cf33c8,cuda,1.0,1,0.5,mixture,0.7728025712056106,64,standard normal at finite u_max,finite,oracle,0.08104379502682768,0.18702076979244747,full,0.42905862044092963,8192,42406912,0.08082279790121266,0.08104379593290945,0.1870207697924473,0.08082279790120867,0.19412467254205035,0.19610060875334542,oracle/task_017/cell_0377,13,with_replacement,1073741824,2.2907874435186386,4,completed,2048,20.0,0.19412467254205068,0.19610021789433896
2,417,4b74724c4225fcfe043fdd749fb740fff4cf33c8,cuda,1.0,8,0.5,mixture,0.9267767222257295,64,standard normal at finite u_max,infinite,oracle,0.7047047641484216,1.6268399412393797,unbiased,0.00012251044722732867,8192,19820544,0.6948531129377623,0.7047047756403915,1.6268399412393788,0.6948531129377659,0.9963653271246448,1.6554911957478842,oracle/task_017/cell_0417,201,with_replacement,8388608,0.817520335316658,2,completed,512,20.0,0.9963653271246448,1.655491556218718
4,457,4b74724c4225fcfe043fdd749fb740fff4cf33c8,cuda,1.0,8,0.5,mixture,0.5505252140502924,64,standard normal at finite u_max,infinite,oracle,0.7027951289906631,1.7064636389059797,unbiased,0.0001229977161278469,8192,37777408,0.6948531129377623,0.7027951496807466,1.7064636389059797,0.6948531129377662,0.9922232242692979,1.7080324047589597,oracle/task_017/cell_0457,533,with_replacement,67108864,3.1340299770236015,0,completed,2048,20.0,0.9922232242692978,1.708031889040623
8,497,4b74724c4225fcfe043fdd749fb740fff4cf33c8,cuda,1.0,8,0.5,mixture,0.8405037822337937,64,standard normal at finite u_max,infinite,oracle,0.7032110034642909,1.7286364624026422,unbiased,0.00012341612543709373,8192,73691136,0.6948531129377623,0.7032110351272154,1.7286364624026418,0.6948531129377662,0.9903788262129755,1.7287035855562793,oracle/task_017/cell_0497,380,with_replacement,134217728,3.080818220973015,3,completed,2048,20.0,0.9903788262129755,1.7287037136510333
2,537,4b74724c4225fcfe043fdd749fb740fff4cf33c8,cuda,1.0,1,0.5,weak_mixture,0.9501985356226594,64,standard normal at finite u_max,infinite,oracle,0.040713682250702765,0.04383570766729395,unbiased,0.4799455519257274,8192,7015936,0.03353433713553822,0.040713672780720134,0.04383570766729407,0.033534336786197105,0.056344944594026725,0.04391484827031795,oracle/task_017/cell_0537,2,without_replacement,8388608,0.7161107733845711,1,completed,512,20.0,0.056344944594026725,0.043916498049970165
4,577,4b74724c4225fcfe043fdd749fb740fff4cf33c8,cuda,1.0,1,0.5,weak_mixture,0.523114549351771,64,standard normal at finite u_max,infinite,oracle,0.010455710741227642,0.0011201159557960808,unbiased,0.49196416672911275,8192,9375232,0.0047144396297342794,0.010455709219122089,0.001120115955796178,0.004714439979075391,0.012148850809631684,0.0070641065106375285,oracle/task_017/cell_0577,1,without_replacement,16777216,0.7162555307149887,4,completed,512,20.0,0.012148850809631462,0.007060276233564356
8,617,4b74724c4225fcfe043fdd749fb740fff4cf33c8,cuda,1.0,1,0.5,weak_mixture,0.7457700717128917,64,standard normal at finite u_max,infinite,oracle,0.014575049992319913,0.0038614434897812737,unbiased,0.49917128199368566,8192,14093824,0.00035175878865978394,0.014575057223006838,0.003861443489781168,0.0003517584393188944,0.06658312997732418,0.013325530144127138,oracle/task_017/cell_0617,1,without_replacement,134217728,2.838431529700756,2,completed,2048,20.0,0.06658312997732363,0.013323706426083097
2,657,4b74724c4225fcfe043fdd749fb740fff4cf33c8,cuda,1.0,8,0.5,weak_mixture,0.9890974519869786,64,standard normal at finite u_max,finite,oracle,0.061755254756693634,0.05658238136620046,tail,0.4857072732084236,8192,19820544,0.052497055641474846,0.06175525310177572,0.0565823813662005,0.05249705546680419,0.0833676086136443,0.06465317043301483,oracle/task_017/cell_0657,5,with_replacement,8388608,1.0157428085803986,0,completed,512,20.0,0.08336760861364428,0.06465339189384149
4,697,4b74724c4225fcfe043fdd749fb740fff4cf33c8,cuda,1.0,8,0.5,weak_mixture,0.9871482545051607,64,standard normal at finite u_max,finite,oracle,0.07895991158666735,0.07858741365786684,tail,0.47655022961638216,8192,37777408,0.07084425884867862,0.07895991511970427,0.07858741365786678,0.07084425884867851,0.0692172087099457,0.08249052929465434,oracle/task_017/cell_0697,5,with_replacement,16777216,1.018951766192913,3,completed,512,20.0,0.06921720870994529,0.08249105570635132
8,737,4b74724c4225fcfe043fdd749fb740fff4cf33c8,cuda,1.0,8,0.5,weak_mixture,0.686602577215658,64,standard normal at finite u_max,finite,oracle,0.030590509623651067,0.02689827898643737,tail,0.49484872331715435,8192,73691136,0.024477142627265386,0.030590507341683733,0.026898278986437416,0.02447714253993013,0.034552129860330044,0.030456826802868105,oracle/task_017/cell_0737,4,with_replacement,134217728,4.098112545907497,1,completed,2048,20.0,0.034552129860330155,0.030457622079171114
2,777,4b74724c4225fcfe043fdd749fb740fff4cf33c8,cuda,1.0,8,0.5,weak_mixture,0.7242481423688949,64,standard normal at finite u_max,finite,oracle,0.029503955276615965,0.029454595259369817,tail,0.49578496322303733,8192,24014848,0.02585632057415154,0.02950395807450578,0.029454595259369852,0.025856320574151576,0.02663982311459462,0.03126920957135001,oracle/task_017/cell_0777,4,without_replacement,33554432,3.9630502834916115,4,completed,2048,20.0,0.026639823114594757,0.03126987062543718
4,817,4b74724c4225fcfe043fdd749fb740fff4cf33c8,cuda,1.0,8,0.5,gaussian,0.9772494366418006,64,standard normal at finite u_max,finite,oracle,0.04171643583174785,0.009285734459861167,tail,0.07314823301305584,131072,671117312,1.3000539089702556e-08,0.04171655348332341,0.009285734459861084,1.300072272059083e-08,0.10953703504867998,0.010953187244808801,oracle/task_017/cell_0817,93,without_replacement,268435456,4.7317428812384605,1,completed,512,20.0,0.10953703504868005,0.010953279072457517
4,857,4b74724c4225fcfe043fdd749fb740fff4cf33c8,cuda,1.0,8,0.5,gaussian,0.5922732006699817,64,standard normal at finite u_max,finite,oracle,0.05647018939075382,0.014044935932145786,tail,0.0711083341748133,131072,671117312,1.3000539089702556e-08,0.05647026712030229,0.014044935932145453,1.3000722165479317e-08,0.10074463013036104,0.015365165673602207,oracle/task_017/cell_0857,91,without_replacement,268435456,4.735166661441326,3,completed,512,20.0,0.1007446301303608,0.01536531960248738
4,897,4b74724c4225fcfe043fdd749fb740fff4cf33c8,cuda,1.0,8,0.5,mixture,0.6526657277196971,64,standard normal at finite u_max,finite,oracle,0.42154077332656226,0.8223145518542821,tail,8.234289236501878e-06,131072,671117312,0.3538601652966783,0.4215408467630738,0.8223145518542834,0.3538601652966755,0.9926989937110451,0.8585133978907727,oracle/task_017/cell_0897,142,without_replacement,268435456,4.758320093154907,0,completed,512,20.0,0.9926989937110451,0.8585133694629244
4,937,4b74724c4225fcfe043fdd749fb740fff4cf33c8,cuda,1.0,8,0.5,mixture,0.6658239273344898,64,standard normal at finite u_max,finite,oracle,0.701105477283704,1.670053590569304,tail,7.631466113195186e-06,131072,671117312,0.6948531129377623,0.701105496822461,1.6700535905693041,0.6948531129377662,0.9926505862260344,1.6754325849058054,oracle/task_017/cell_0937,142,without_replacement,268435456,4.757880553603172,2,completed,512,20.0,0.9926505862260344,1.6754326567133409
4,977,4b74724c4225fcfe043fdd749fb740fff4cf33c8,cuda,1.0,8,0.5,mixture,0.6712451242620345,64,standard normal at finite u_max,finite,oracle,0.7013465145060923,1.6827980749937061,tail,7.731844140748698e-06,131072,671117312,0.6948531129377623,0.7013465343089906,1.6827980749937057,0.694853112937766,0.9919052698540425,1.6889116215251594,oracle/task_017/cell_0977,141,without_replacement,268435456,4.7488487511873245,4,completed,512,20.0,0.9919052698540425,1.6889118315491596
4,1017,4b74724c4225fcfe043fdd749fb740fff4cf33c8,cuda,1.0,8,0.5,weak_mixture,0.7248000895404632,64,standard normal at finite u_max,finite,oracle,0.010712626135298706,0.00963023168491444,tail,0.46835630343968043,131072,671117312,0.007275092654473271,0.010712620747572229,0.009630231684914446,0.0072750925671381805,0.029949156687120657,0.011002511213746364,oracle/task_017/cell_1017,4,without_replacement,268435456,4.705166295170784,1,completed,512,20.0,0.02994915668712092,0.01100251939725413
4,1057,4b74724c4225fcfe043fdd749fb740fff4cf33c8,cuda,1.0,8,0.5,weak_mixture,0.9704865056772304,64,standard normal at finite u_max,finite,oracle,0.028519694038095296,0.03219271326104051,tail,0.48642780107588335,131072,671117312,0.025812563500746448,0.028519690769054182,0.032192713261040506,0.02581256350074649,0.04576707413573,0.03279753440679277,oracle/task_017/cell_1057,5,without_replacement,268435456,4.702483028173447,3,completed,512,20.0,0.0457670741357301,0.03279751722380793
4,18,4b74724c4225fcfe043fdd749fb740fff4cf33c8,cuda,1.0,1,0.5,gaussian,0.6800841960471592,64,standard normal at finite u_max,infinite,oracle,0.1084861006433524,0.028133046189160793,unbiased,0.00018177263012135363,8192,9375232,1.3000539089702556e-08,0.10848610213100274,0.028133046189160904,1.300072316468004e-08,0.14147806629928383,0.02816133415243466,oracle/task_018/cell_0018,133,without_replacement,16777216,0.735817588865757,1,completed,512,20.0,0.14147806629928406,0.028158361063855747
8,58,4b74724c4225fcfe043fdd749fb740fff4cf33c8,cuda,1.0,1,0.5,gaussian,0.989781386872661,64,standard normal at finite u_max,infinite,oracle,0.06314348995631303,0.01566203704275837,unbiased,0.000728097085491346,8192,14093824,1.3000539089702556e-08,0.0631434346662374,0.015662037042757704,1.3000721943434712e-08,0.055807827221691864,0.016126995817358047,oracle/task_018/cell_0058,107,without_replacement,33554432,0.7246312499046326,4,completed,512,20.0,0.055807827221690864,0.016125185930054263
2,98,4b74724c4225fcfe043fdd749fb740fff4cf33c8,cuda,1.0,1,0.5,gaussian,0.9998254932341091,64,standard normal at finite u_max,finite,oracle,0.047702089470315984,0.008199075912115772,tail,0.3931905638451542,8192,2821632,1.3000539089702556e-08,0.047702384558679645,0.008199075912114884,1.3000721721390107e-08,0.13359187389582672,0.00979134987388297,oracle/task_018/cell_0098,41,with_replacement,33554432,3.799827717244625,2,completed,2048,20.0,0.13359187389582594,0.009790669078882638
4,138,4b74724c4225fcfe043fdd749fb740fff4cf33c8,cuda,1.0,8,0.5,gaussian,0.8422080396950578,64,standard normal at finite u_max,finite,oracle,0.06025753397699398,0.012396574591994766,tail,0.05233451727056624,8192,37777408,1.3000539089702556e-08,0.06025772990145542,0.012396574591994627,1.300072227650162e-08,0.186131884057752,0.016161145747816987,oracle/task_018/cell_0138,86,with_replacement,16777216,0.9973616003990173,0,completed,512,20.0,0.18613188405775177,0.016160709501699316
8,178,4b74724c4225fcfe043fdd749fb740fff4cf33c8,cuda,1.0,8,0.5,gaussian,0.9618385859174875,64,standard normal at finite u_max,finite,oracle,0.06362107641193386,0.01301844001758734,tail,0.07915149866263424,8192,73691136,1.3000539089702556e-08,0.06362122492762964,0.013018440017587146,1.3000722387523922e-08,0.20261420587641568,0.016413976658817823,oracle/task_018/cell_0178,80,with_replacement,33554432,0.9915219470858574,3,completed,512,20.0,0.20261420587641557,0.01641399226575659
2,218,4b74724c4225fcfe043fdd749fb740fff4cf33c8,cuda,1.0,8,0.5,gaussian,0.9731682679164375,64,standard normal at finite u_max,finite,oracle,0.05239414918443998,0.00963493085436995,tail,0.34078470322236704,8192,24014848,1.3000539089702556e-08,0.05239427253536127,0.009634930854369894,1.3000722498546224e-08,0.18692870374682014,0.013179693958532232,oracle/task_018/cell_0218,94,without_replacement,33554432,3.767522729933262,1,completed,2048,20.0,0.18692870374682016,0.013179878750370017
4,258,4b74724c4225fcfe043fdd749fb740fff4cf33c8,cuda,1.0,8,0.5,gaussian,0.5125379247988292,64,standard normal at finite u_max,finite,oracle,0.06680687030729465,0.013832708151736137,tail,0.36498398237618007,8192,41971712,1.3000539089702556e-08,0.06680694853796529,0.013832708151735831,1.3000722165479317e-08,0.18431525552653177,0.01675026737498094,oracle/task_018/cell_0258,91,without_replacement,67108864,3.764516346156597,4,completed,2048,20.0,0.1843152555265315,0.016751007729984446
8,298,4b74724c4225fcfe043fdd749fb740fff4cf33c8,cuda,1.0,1,0.5,mixture,0.8190680651968529,64,standard normal at finite u_max,finite,oracle,0.6937532865299285,1.730174128111218,tail,0.013983514761654327,8192,14093824,0.6929734040512722,0.6937532871593044,1.730174128111218,0.6929734040512758,0.9786257550742735,1.7302011721682578,oracle/task_018/cell_0298,59,without_replacement,33554432,0.9558816850185394,2,completed,512,20.0,0.9786257550742735,1.7302027465340983
4,338,4b74724c4225fcfe043fdd749fb740fff4cf33c8,cuda,1.0,1,0.5,mixture,0.9055145226950414,64,standard normal at finite u_max,finite,oracle,0.14328120999755,0.3502737692226808,full,0.46552494823506946,8192,42406912,0.14148517586934228,0.1432812234475086,0.3502737692226803,0.14148517586933843,0.3438255933818254,0.3503541670346979,oracle/task_018/cell_0338,16,with_replacement,1073741824,2.173290692269802,1,completed,2048,20.0,0.3438255933818254,0.3503552945865573
2,378,4b74724c4225fcfe043fdd749fb740fff4cf33c8,cuda,1.0,1,0.5,mixture,0.6885756945380754,64,standard normal at finite u_max,infinite,oracle,0.7444461110556908,1.8296597290324352,unbiased,0.01766393178639257,8192,2821632,0.6948531129377623,0.7444461620861674,1.8296597290324355,0.6948531129377662,0.9903701586702162,1.8296610886479128,oracle/task_018/cell_0378,330,with_replacement,33554432,2.8734924718737602,4,completed,2048,20.0,0.9903701586702162,1.8296615755480958
4,418,4b74724c4225fcfe043fdd749fb740fff4cf33c8,cuda,1.0,8,0.5,mixture,0.794496743364415,64,standard normal at finite u_max,infinite,oracle,0.7085580521721041,1.624283274250054,unbiased,0.00012207035351141508,8192,37777408,0.6948531129377623,0.7085580765776881,1.6242832742500546,0.6948531129377666,0.9957599314079318,1.6505854601858219,oracle/task_018/cell_0418,180,with_replacement,16777216,0.7736993581056595,2,completed,512,20.0,0.9957599314079318,1.6505859546748602
8,458,4b74724c4225fcfe043fdd749fb740fff4cf33c8,cuda,1.0,8,0.5,mixture,0.9094455911539646,64,standard normal at finite u_max,infinite,oracle,0.7050679174481839,1.7256843803515278,unbiased,0.00014555855537530163,8192,73691136,0.6948531129377623,0.7050679411948965,1.725684380351528,0.6948531129377662,0.9897280929703894,1.7258475732649425,oracle/task_018/cell_0458,373,with_replacement,134217728,2.935403697192669,0,completed,2048,20.0,0.9897280929703896,1.7258472315837028
2,498,4b74724c4225fcfe043fdd749fb740fff4cf33c8,cuda,1.0,8,0.5,mixture,0.5275579496559195,64,standard normal at finite u_max,infinite,oracle,0.7070184320179257,1.688220180274333,unbiased,0.00012623323895438689,8192,24014848,0.6948531129377623,0.7070184561124017,1.688220180274333,0.6948531129377662,0.9945873295077619,1.6938324497346384,oracle/task_018/cell_0498,624,without_replacement,33554432,2.950614832341671,3,completed,2048,20.0,0.9945873295077619,1.6938319926025676
4,538,4b74724c4225fcfe043fdd749fb740fff4cf33c8,cuda,1.0,1,0.5,weak_mixture,0.9996313522660506,64,standard normal at finite u_max,infinite,oracle,0.03013819943537943,0.03174340146949425,unbiased,0.4939985391717278,8192,9375232,0.02537372937035559,0.0301381966542279,0.03174340146949436,0.02537372902101459,0.06337779089444628,0.03335909050045414,oracle/task_018/cell_0538,2,without_replacement,16777216,0.6827388629317284,1,completed,512,20.0,0.06337779089444628,0.033360353536007276
8,578,4b74724c4225fcfe043fdd749fb740fff4cf33c8,cuda,1.0,1,0.5,weak_mixture,0.5833885174959242,64,standard normal at finite u_max,infinite,oracle,0.014202216707843163,0.006907770334812876,unbiased,0.4964039626186282,8192,14093824,0.0019190133821853639,0.014202205745972363,0.006907770334812975,0.0019190130328442523,0.008445927269321807,0.01124257462168276,oracle/task_018/cell_0578,1,without_replacement,33554432,0.6845610588788986,4,completed,512,20.0,0.008445927269321585,0.01124274146360056
2,618,4b74724c4225fcfe043fdd749fb740fff4cf33c8,cuda,1.0,1,0.5,weak_mixture,0.9119831748090345,64,standard normal at finite u_max,finite,oracle,0.016299788492420864,0.008498101774167823,tail,0.4995562623735456,8192,2821632,0.010307325340244922,0.016299797301865482,0.008498101774167925,0.010307324990903921,0.05778504692065145,0.01429909835582954,oracle/task_018/cell_0618,1,with_replacement,33554432,3.790118083357811,2,completed,2048,20.0,0.05778504692065145,0.014299594314422022
4,658,4b74724c4225fcfe043fdd749fb740fff4cf33c8,cuda,1.0,8,0.5,weak_mixture,0.58773589339808,64,standard normal at finite u_max,finite,oracle,0.052996623526002366,0.052643694876796106,tail,0.46802084164386154,8192,37777408,0.04526041228914948,0.052996628182905514,0.05264369487679609,0.045260412289149454,0.07038809910667539,0.05554331198368429,oracle/task_018/cell_0658,4,with_replacement,16777216,0.9651901125907898,0,completed,512,20.0,0.07038809910667547,0.05554353712623853
8,698,4b74724c4225fcfe043fdd749fb740fff4cf33c8,cuda,1.0,8,0.5,weak_mixture,0.8518083960488322,64,standard normal at finite u_max,finite,oracle,0.09573358725665099,0.10723418388622268,tail,0.4677062131987422,8192,73691136,0.0843069365170481,0.0957335893250834,0.1072341838862227,0.08430693651704807,0.0992859026687721,0.10773617818323422,oracle/task_018/cell_0698,5,with_replacement,33554432,0.9683390408754349,3,completed,512,20.0,0.09928590266877214,0.10773614269560398
2,738,4b74724c4225fcfe043fdd749fb740fff4cf33c8,cuda,1.0,8,0.5,weak_mixture,0.5849118278226397,64,standard normal at finite u_max,finite,oracle,0.05819325085176935,0.06376032576135933,tail,0.49011213005633697,8192,24014848,0.05193627551118252,0.058193249041401364,0.06376032576135932,0.051936275423847295,0.062200004245136914,0.06485676586298396,oracle/task_018/cell_0738,4,without_replacement,33554432,3.771893747150898,1,completed,2048,20.0,0.062200004245136845,0.06485675696507859
4,778,4b74724c4225fcfe043fdd749fb740fff4cf33c8,cuda,1.0,8,0.5,weak_mixture,0.6523075397284436,64,standard normal at finite u_max,finite,oracle,0.02420752224535958,0.019701205643241765,tail,0.49428397049698874,8192,41971712,0.018414260903902475,0.0242075206713256,0.019701205643241793,0.018414260991237705,0.04926877761124264,0.023213956556532495,oracle/task_018/cell_0778,4,without_replacement,67108864,3.763100616633892,4,completed,2048,20.0,0.04926877761124286,0.023214020133641388
4,818,4b74724c4225fcfe043fdd749fb740fff4cf33c8,cuda,1.0,8,0.5,gaussian,0.5508518770880568,64,standard normal at finite u_max,finite,oracle,0.08067411560403467,0.01827179027986428,tail,0.21027836292133498,8192,41971712,1.3000539089702556e-08,0.08067427038602659,0.018271790279864475,1.3000722942635434e-08,0.2017895515297854,0.021403960506774036,oracle/task_018/cell_0818,88,without_replacement,16777216,0.9928582012653351,1,completed,512,10.0,0.20178955152978573,0.021403149703336483
4,858,4b74724c4225fcfe043fdd749fb740fff4cf33c8,cuda,1.0,8,0.5,gaussian,0.9485477301626833,64,standard normal at finite u_max,finite,oracle,0.06379263354263659,0.013807660171403419,tail,0.1253741035512888,8192,41971712,1.3000539089702556e-08,0.0637927159628697,0.01380766017140328,1.3000722387523922e-08,0.1745351611458081,0.01644884644962544,oracle/task_018/cell_0858,92,without_replacement,16777216,0.9857329726219177,3,completed,512,10.0,0.17453516114580803,0.016448959767527395
4,898,4b74724c4225fcfe043fdd749fb740fff4cf33c8,cuda,1.0,8,0.5,mixture,0.656889894715522,64,standard normal at finite u_max,finite,oracle,0.413156384996605,0.7806861788240675,tail,0.00012312454849056482,8192,41971712,0.3051468870622377,0.41315645028289594,0.7806861788240675,0.3051468870622338,0.9932220829553617,0.7937901307826059,oracle/task_018/cell_0898,185,without_replacement,16777216,1.0200747698545456,0,completed,512,10.0,0.9932220829553617,0.793790385465268
4,938,4b74724c4225fcfe043fdd749fb740fff4cf33c8,cuda,1.0,8,0.5,mixture,0.9327291295062945,64,standard normal at finite u_max,finite,oracle,0.7061402741548815,1.6797525066999088,tail,0.00012243974912476402,8192,41971712,0.6948531129377623,0.7061403030451536,1.6797525066999082,0.6948531129377661,0.9938545826713545,1.6888630234465882,oracle/task_018/cell_0938,190,without_replacement,16777216,1.0176629200577736,2,completed,512,10.0,0.9938545826713547,1.6888632635928003
4,978,4b74724c4225fcfe043fdd749fb740fff4cf33c8,cuda,1.0,8,0.5,mixture,0.8480106119391415,64,standard normal at finite u_max,finite,oracle,0.5510076832561834,1.2766230869981126,tail,0.0001260473039493353,8192,41971712,0.5487132782344405,0.5510076917837639,1.276623086998112,0.5487132782344413,0.9926172001587901,1.3197947490211273,oracle/task_018/cell_0978,189,without_replacement,16777216,1.0288689136505127,4,completed,512,10.0,0.99261720015879,1.3197951620240542
4,1018,4b74724c4225fcfe043fdd749fb740fff4cf33c8,cuda,1.0,8,0.5,weak_mixture,0.609965066808398,64,standard normal at finite u_max,finite,oracle,0.0335659429419637,0.03484495302117848,tail,0.4827949030891406,8192,41971712,0.026323671104192835,0.03356593826013147,0.03484495302117847,0.02632367110419287,0.03729342173622914,0.03650211355974271,oracle/task_018/cell_1018,4,without_replacement,16777216,0.9490155801177025,1,completed,512,10.0,0.037293421736229196,0.03650207495849088
4,1058,4b74724c4225fcfe043fdd749fb740fff4cf33c8,cuda,1.0,8,0.5,weak_mixture,0.9582503577563952,64,standard normal at finite u_max,finite,oracle,0.018793506844704003,0.012266090668753745,tail,0.4931930882735547,8192,41971712,0.011725854845293544,0.018793507853771534,0.012266090668753756,0.011725854670623204,0.056811883481077685,0.018306934931390975,oracle/task_018/cell_1058,4,without_replacement,16777216,0.9467144310474396,3,completed,512,10.0,0.056811883481077685,0.018307028517471822
8,19,4b74724c4225fcfe043fdd749fb740fff4cf33c8,cuda,1.0,1,0.5,gaussian,0.9966419550013298,64,standard normal at finite u_max,infinite,oracle,0.07836939533717063,0.02057785929002265,unbiased,0.00036200851593592883,8192,14093824,1.3000539089702556e-08,0.07836948298649449,0.02057785929002187,1.300072183241241e-08,0.17470442427367538,0.020861192049139783,oracle/task_019/cell_0019,109,without_replacement,33554432,0.7524025626480579,1,completed,512,20.0,0.17470442427367472,0.020859802478576252
2,59,4b74724c4225fcfe043fdd749fb740fff4cf33c8,cuda,1.0,1,0.5,gaussian,0.9116929934550909,64,standard normal at finite u_max,finite,oracle,0.1116034542214131,0.026512851955604266,tail,0.18801862318590445,8192,2821632,1.3000539089702556e-08,0.1116035133132754,0.026512851955604044,1.300072272059083e-08,0.2056948494131322,0.027244904268374958,oracle/task_019/cell_0059,44,with_replacement,8388608,1.0172143876552582,4,completed,512,20.0,0.2056948494131322,0.027245016614785032
4,99,4b74724c4225fcfe043fdd749fb740fff4cf33c8,cuda,1.0,1,0.5,gaussian,0.9998254932341091,64,standard normal at finite u_max,finite,oracle,0.047702089470315984,0.008199075912115772,tail,0.39319056384515366,8192,5180928,1.3000539089702556e-08,0.047702384558679645,0.008199075912114884,1.3000721721390107e-08,0.1335918738958266,0.00979134987388404,oracle/task_019/cell_0099,41,with_replacement,67108864,3.9990175627171993,2,completed,2048,20.0,0.13359187389582594,0.009790669078882624
8,139,4b74724c4225fcfe043fdd749fb740fff4cf33c8,cuda,1.0,8,0.5,gaussian,0.8422080396950576,64,standard normal at finite u_max,finite,oracle,0.060257533976993946,0.012396574591994766,tail,0.05233451727056625,8192,73691136,1.3000539089702556e-08,0.06025772990145539,0.012396574591994627,1.3000722387523922e-08,0.18613188405775197,0.016161145747817844,oracle/task_019/cell_0139,86,with_replacement,33554432,1.0469212345778942,0,completed,512,20.0,0.18613188405775183,0.016160709501699323
2,179,4b74724c4225fcfe043fdd749fb740fff4cf33c8,cuda,1.0,8,0.5,gaussian,0.9999280700804275,64,standard normal at finite u_max,finite,oracle,0.07331071825113471,0.016400953080697347,tail,0.10065054558324654,8192,24014848,1.3000539089702556e-08,0.0733108677393797,0.016400953080697597,1.3000722942635434e-08,0.1771088122932592,0.01853271693684496,oracle/task_019/cell_0179,86,without_replacement,8388608,1.0319367982447147,3,completed,512,20.0,0.17710881229325962,0.01853240164857577
4,219,4b74724c4225fcfe043fdd749fb740fff4cf33c8,cuda,1.0,8,0.5,gaussian,0.9731682679164375,64,standard normal at finite u_max,finite,oracle,0.05239414918444002,0.009634930854369977,tail,0.3407847032223663,8192,41971712,1.3000539089702556e-08,0.052394272535361316,0.009634930854369922,1.3000722498546224e-08,0.18692870374682022,0.01317969395853284,oracle/task_019/cell_0219,94,without_replacement,67108864,3.9894186295568943,1,completed,2048,20.0,0.18692870374682022,0.013179878750370019
8,259,4b74724c4225fcfe043fdd749fb740fff4cf33c8,cuda,1.0,8,0.5,gaussian,0.5125379247988292,64,standard normal at finite u_max,finite,oracle,0.06680687030729446,0.013832708151736248,tail,0.3649839823761797,8192,77885440,1.3000539089702556e-08,0.06680694853796511,0.013832708151735831,1.3000722054457015e-08,0.18431525552653183,0.016750267374986465,oracle/task_019/cell_0259,91,without_replacement,134217728,3.9941903576254845,4,completed,2048,20.0,0.1843152555265315,0.016751007729984453
4,299,4b74724c4225fcfe043fdd749fb740fff4cf33c8,cuda,1.0,1,0.5,mixture,0.8829816165744905,64,standard normal at finite u_max,finite,oracle,0.036927441749682766,0.06391602774585531,full,0.27104419411204084,8192,42406912,0.026724678542468405,0.03692747346143299,0.06391602774585559,0.026724678542472236,0.053192695551775415,0.06491894308803346,oracle/task_019/cell_0299,15,with_replacement,268435456,0.5824662633240223,3,completed,512,20.0,0.05319269555177519,0.06491949419294499
2,339,4b74724c4225fcfe043fdd749fb740fff4cf33c8,cuda,1.0,1,0.5,mixture,0.5378568953451363,64,standard normal at finite u_max,infinite,oracle,0.8042110989647546,1.8830470151003136,unbiased,0.06512956166055488,8192,2821632,0.6948531129377623,0.804211105154595,1.8830470151003136,0.694853112937766,0.9915911097187918,1.8830498945499643,oracle/task_019/cell_0339,335,with_replacement,33554432,3.0022435933351517,1,completed,2048,20.0,0.9915911097187918,1.8830471757783802
4,379,4b74724c4225fcfe043fdd749fb740fff4cf33c8,cuda,1.0,1,0.5,mixture,0.5507319270111605,64,standard normal at finite u_max,infinite,oracle,0.734235659207257,1.8195057595875757,unbiased,0.07842207180824289,8192,5180928,0.694618359400656,0.734235715137887,1.8195057595875757,0.6946183594006599,0.9888903818424822,1.8195170104438712,oracle/task_019/cell_0379,95,with_replacement,67108864,2.92808760330081,4,completed,2048,20.0,0.9888903818424822,1.8195136154248068
8,419,4b74724c4225fcfe043fdd749fb740fff4cf33c8,cuda,1.0,8,0.5,mixture,0.9593067378361035,64,standard normal at finite u_max,infinite,oracle,0.6645741612113731,1.5437804771070822,unbiased,0.00012207031250076154,8192,73691136,0.6461398347033217,0.6645741753758652,1.5437804771070829,0.6461398347033253,0.9947122420935304,1.57575978024194,oracle/task_019/cell_0419,151,with_replacement,33554432,0.7996013574302197,2,completed,512,20.0,0.9947122420935304,1.5757598150896799
2,459,4b74724c4225fcfe043fdd749fb740fff4cf33c8,cuda,1.0,8,0.5,mixture,0.9525932870218631,64,standard normal at finite u_max,infinite,oracle,0.7034973811745157,1.6790590115282713,unbiased,0.00020459566756276704,8192,24014848,0.6948531129377623,0.703497404576339,1.6790590115282715,0.6948531129377664,0.9937991645688504,1.685306979621274,oracle/task_019/cell_0459,627,without_replacement,33554432,3.078693777322769,0,completed,2048,20.0,0.9937991645688504,1.685306785480654
4,499,4b74724c4225fcfe043fdd749fb740fff4cf33c8,cuda,1.0,8,0.5,mixture,0.9910231580165193,64,standard normal at finite u_max,infinite,oracle,0.7077691813421756,1.7076164887171785,unbiased,0.00012378852623235075,8192,41971712,0.6948531129377623,0.7077692148074214,1.7076164887171774,0.6948531129377655,0.9928611928924753,1.710262608940475,oracle/task_019/cell_0499,503,without_replacement,67108864,3.0237467661499977,3,completed,2048,20.0,0.9928611928924753,1.7102621274591845
8,539,4b74724c4225fcfe043fdd749fb740fff4cf33c8,cuda,1.0,1,0.5,weak_mixture,0.9953236156390578,64,standard normal at finite u_max,infinite,oracle,0.039384083359915,0.04507220554723791,unbiased,0.4952002219858147,8192,14093824,0.0374018595414064,0.039384083292211325,0.04507220554723801,0.03740185919206551,0.01097259585082555,0.04515344166781636,oracle/task_019/cell_0539,2,without_replacement,33554432,0.7112686447799206,1,completed,512,20.0,0.010972595850825329,0.045154871324596786
2,579,4b74724c4225fcfe043fdd749fb740fff4cf33c8,cuda,1.0,1,0.5,weak_mixture,0.8146797031755493,64,standard normal at finite u_max,finite,oracle,0.010239468179737865,0.006752540551720912,tail,0.4997417679934517,8192,2821632,0.00650350803953581,0.010239476384634849,0.006752540551721016,0.006503507690195032,0.0181835882016117,0.00876538182010505,oracle/task_019/cell_0579,1,with_replacement,8388608,1.0053107626736164,4,completed,512,20.0,0.018183588201611256,0.008763865927792054
4,619,4b74724c4225fcfe043fdd749fb740fff4cf33c8,cuda,1.0,1,0.5,weak_mixture,0.9113722170329857,64,standard normal at finite u_max,finite,oracle,0.013183512714622037,0.006728200137964403,tail,0.4992405613110211,8192,5180928,0.008349036748514505,0.013183535706295157,0.006728200137964505,0.008349036399173615,0.06105299899737393,0.0132587842959904,oracle/task_019/cell_0619,1,with_replacement,67108864,3.992819521576166,2,completed,2048,20.0,0.06105299899737371,0.01325998800748252
8,659,4b74724c4225fcfe043fdd749fb740fff4cf33c8,cuda,1.0,8,0.5,weak_mixture,0.5124076739983386,64,standard normal at finite u_max,finite,oracle,0.05806489036451172,0.06181588223627574,tail,0.4732880056206994,8192,73691136,0.048328074829072164,0.05806489411648898,0.06181588223627575,0.048328074741736914,0.0912070095789331,0.06662391526527266,oracle/task_019/cell_0659,4,with_replacement,33554432,1.0162687599658966,0,completed,512,20.0,0.09120700957893306,0.06662315089740938
2,699,4b74724c4225fcfe043fdd749fb740fff4cf33c8,cuda,1.0,8,0.5,weak_mixture,0.8494500026838347,64,standard normal at finite u_max,finite,oracle,0.02701914838863729,0.02409320061182538,tail,0.4742870600776264,8192,24014848,0.02218542787953444,0.027019146580411407,0.024093200611825367,0.022185427792199244,0.04207581119136786,0.02666679759500752,oracle/task_019/cell_0699,4,without_replacement,8388608,0.9989584013819695,3,completed,512,20.0,0.04207581119136798,0.02666721288335745
4,739,4b74724c4225fcfe043fdd749fb740fff4cf33c8,cuda,1.0,8,0.5,weak_mixture,0.5004156454945713,64,standard normal at finite u_max,finite,oracle,0.06888374584480185,0.0715850949910129,tail,0.4911561249058937,8192,41971712,0.05504196428576615,0.0688837462333351,0.07158509499101288,0.05504196428576618,0.1015619853071363,0.07448441645827197,oracle/task_019/cell_0739,4,without_replacement,67108864,3.9659912660717964,1,completed,2048,20.0,0.10156198530713652,0.07448527512689294
8,779,4b74724c4225fcfe043fdd749fb740fff4cf33c8,cuda,1.0,8,0.5,weak_mixture,0.6766137093345763,64,standard normal at finite u_max,finite,oracle,0.03475567534245122,0.03261744035805641,tail,0.49358973002882317,8192,77885440,0.02873219292389128,0.03475567809415048,0.03261744035805643,0.028732192923891273,0.039157326562250974,0.03404789306341586,oracle/task_019/cell_0779,4,without_replacement,134217728,3.966691430658102,4,completed,2048,20.0,0.039157326562251335,0.03404798512169
4,819,4b74724c4225fcfe043fdd749fb740fff4cf33c8,cuda,1.0,8,0.5,gaussian,0.7896927858047654,64,standard normal at finite u_max,finite,oracle,0.10110628774266027,0.025479696739586263,tail,0.05845540308395252,8192,41971712,1.3000539089702556e-08,0.10110637034565687,0.02547969673958607,1.3000722387523922e-08,0.16985022763602003,0.02683490245248185,oracle/task_019/cell_0819,93,without_replacement,16777216,1.0287353545427322,1,completed,512,30.0,0.16985022763601992,0.02683466660995526
4,859,4b74724c4225fcfe043fdd749fb740fff4cf33c8,cuda,1.0,8,0.5,gaussian,0.9825969435706519,64,standard normal at finite u_max,finite,oracle,0.10819744084972299,0.029958515062022628,tail,0.029286139190581657,8192,41971712,1.3000539089702556e-08,0.10819742792897023,0.029958515062022212,1.3000722054457015e-08,0.13826647500861142,0.030356780844089416,oracle/task_019/cell_0859,94,without_replacement,16777216,1.0313377268612385,3,completed,512,30.0,0.1382664750086111,0.030356292760534816
4,899,4b74724c4225fcfe043fdd749fb740fff4cf33c8,cuda,1.0,8,0.5,mixture,0.7543510358970713,64,standard normal at finite u_max,finite,oracle,0.42219495067688795,0.7679570794662162,tail,0.0001221445670201265,8192,41971712,0.3051468870622377,0.4221950222428166,0.7679570794662164,0.3051468870622338,0.9943836726152309,0.7934999107898727,oracle/task_019/cell_0899,118,without_replacement,16777216,1.0462793670594692,0,completed,512,30.0,0.9943836726152309,0.7935009945692183
4,939,4b74724c4225fcfe043fdd749fb740fff4cf33c8,cuda,1.0,8,0.5,mixture,0.950948426606205,64,standard normal at finite u_max,finite,oracle,0.7137937829446493,1.532101909831915,tail,0.00012207249147051173,8192,41971712,0.6461398347033218,0.713793789842069,1.5321019098319149,0.6461398347033245,0.9946466473925543,1.5890645933605811,oracle/task_019/cell_0939,119,without_replacement,16777216,1.0451113432645798,2,completed,512,30.0,0.9946466473925542,1.5890647825681679
4,979,4b74724c4225fcfe043fdd749fb740fff4cf33c8,cuda,1.0,8,0.5,mixture,0.8046395933946687,64,standard normal at finite u_max,finite,oracle,0.4472624878697517,0.8537904773176919,tail,0.00012239016243109892,8192,41971712,0.3538601652966782,0.4472625568380303,0.8537904773176914,0.3538601652966753,0.9943729094558709,0.8799445926422123,oracle/task_019/cell_0979,119,without_replacement,16777216,1.0406010746955872,4,completed,512,30.0,0.994372909455871,0.8799448560814744
4,1019,4b74724c4225fcfe043fdd749fb740fff4cf33c8,cuda,1.0,8,0.5,weak_mixture,0.6965478427158336,64,standard normal at finite u_max,finite,oracle,0.029220070129154598,0.025273095843998408,tail,0.4626676069363357,8192,41971712,0.019350777819923004,0.029220072533366392,0.025273095843998387,0.01935077773258778,0.04545035973069343,0.02997721902580219,oracle/task_019/cell_1019,4,without_replacement,16777216,1.0025125816464424,1,completed,512,30.0,0.04545035973069371,0.029977277336117165
4,1059,4b74724c4225fcfe043fdd749fb740fff4cf33c8,cuda,1.0,8,0.5,weak_mixture,0.8531665087475915,64,standard normal at finite u_max,finite,oracle,0.028511055778248688,0.02716819175417559,tail,0.4828501267614697,8192,41971712,0.02382265971435952,0.028511053702420575,0.027168191754175567,0.023822659801694734,0.039359724367117585,0.028663355122520648,oracle/task_019/cell_1059,4,without_replacement,16777216,0.9986182115972042,3,completed,512,30.0,0.039359724367117765,0.028663731574171646
2,20,4b74724c4225fcfe043fdd749fb740fff4cf33c8,cuda,1.0,1,0.5,gaussian,0.964047411194909,64,standard normal at finite u_max,finite,oracle,0.05377826172638156,0.014088823707192555,tail,0.1547586078557006,8192,2821632,1.3000539089702556e-08,0.053778375394549605,0.014088823707192333,1.300072272059083e-08,0.08624690984606564,0.014106283447112306,oracle/task_020/cell_0020,42,with_replacement,8388608,1.0008900165557861,1,completed,512,20.0,0.08624690984606542,0.014105779871795083
4,60,4b74724c4225fcfe043fdd749fb740fff4cf33c8,cuda,1.0,1,0.5,gaussian,0.9116929934550906,64,standard normal at finite u_max,finite,oracle,0.1116034542214131,0.026512851955604377,tail,0.18801862318590445,8192,5180928,1.3000539089702556e-08,0.1116035133132754,0.026512851955604155,1.300072272059083e-08,0.2056948494131322,0.027244904268372536,oracle/task_020/cell_0060,44,with_replacement,16777216,0.9996260143816471,4,completed,512,20.0,0.2056948494131322,0.02724501661478503
8,100,4b74724c4225fcfe043fdd749fb740fff4cf33c8,cuda,1.0,1,0.5,gaussian,0.9998254932341091,64,standard normal at finite u_max,finite,oracle,0.047702089470315984,0.008199075912115772,tail,0.3931905638451545,8192,9899520,1.3000539089702556e-08,0.047702384558679645,0.008199075912114884,1.3000721721390107e-08,0.1335918738958266,0.00979134987388404,oracle/task_020/cell_0100,41,with_replacement,134217728,3.8926286585628986,2,completed,2048,20.0,0.13359187389582583,0.009790669078882623
2,140,4b74724c4225fcfe043fdd749fb740fff4cf33c8,cuda,1.0,8,0.5,gaussian,0.6286493605786789,64,standard normal at finite u_max,finite,oracle,0.14266339874013423,0.03358851088143777,tail,0.05514912845237309,8192,24014848,1.3000539089702556e-08,0.14266348641636467,0.033588510881437744,1.3000722498546224e-08,0.24542039076050948,0.03710855226249331,oracle/task_020/cell_0140,86,without_replacement,8388608,1.0103131867945194,0,completed,512,20.0,0.24542039076050948,0.03710765710272676
4,180,4b74724c4225fcfe043fdd749fb740fff4cf33c8,cuda,1.0,8,0.5,gaussian,0.9999280700804275,64,standard normal at finite u_max,finite,oracle,0.07331071825113465,0.016400953080697334,tail,0.10065054558324739,8192,41971712,1.3000539089702556e-08,0.07331086773937964,0.016400953080697583,1.3000722942635434e-08,0.17710881229325923,0.01853271693684496,oracle/task_020/cell_0180,86,without_replacement,16777216,1.0085951052606106,3,completed,512,20.0,0.17710881229325962,0.018532401648575766
8,220,4b74724c4225fcfe043fdd749fb740fff4cf33c8,cuda,1.0,8,0.5,gaussian,0.9731682679164375,64,standard normal at finite u_max,finite,oracle,0.05239414918444003,0.009634930854369964,tail,0.34078470322236704,8192,77885440,1.3000539089702556e-08,0.05239427253536132,0.009634930854369908,1.3000722498546224e-08,0.1869287037468202,0.013179693958534059,oracle/task_020/cell_0220,94,without_replacement,134217728,3.923954203724861,1,completed,2048,20.0,0.18692870374682022,0.013179878750370024
4,260,4b74724c4225fcfe043fdd749fb740fff4cf33c8,cuda,1.0,1,0.5,mixture,0.9929159510457024,64,standard normal at finite u_max,finite,oracle,0.03430001615765921,0.05197121818271783,full,0.4139563521918592,8192,42406912,0.025423202199687522,0.034299997902279555,0.051971218182718104,0.025423202199691408,0.06482344296270526,0.06614299660961541,oracle/task_020/cell_0260,12,with_replacement,268435456,0.5663183704018593,0,completed,512,20.0,0.06482344296270504,0.0661414862001433
2,300,4b74724c4225fcfe043fdd749fb740fff4cf33c8,cuda,1.0,1,0.5,mixture,0.6316988685849168,64,standard normal at finite u_max,infinite,oracle,0.6961778909578895,1.7164902342853785,unbiased,0.00012250767941923308,8192,2821632,0.6948531129377623,0.696177907208829,1.7164902342853792,0.6948531129377666,0.9900891559368409,1.7165204479058451,oracle/task_020/cell_0300,144,with_replacement,8388608,0.7608335055410862,3,completed,512,20.0,0.9900891559368409,1.716520710734935
4,340,4b74724c4225fcfe043fdd749fb740fff4cf33c8,cuda,1.0,1,0.5,mixture,0.9084082944780338,64,standard normal at finite u_max,infinite,oracle,0.6686262458906618,1.6688289840102721,unbiased,0.09132857477806373,8192,5180928,0.6653371706672665,0.6686262596086494,1.6688289840102724,0.6653371706672704,0.8450411536109268,1.668850383999301,oracle/task_020/cell_0340,64,with_replacement,67108864,2.8535999953746796,1,completed,2048,20.0,0.8450411536109268,1.6688497575387746
8,380,4b74724c4225fcfe043fdd749fb740fff4cf33c8,cuda,1.0,1,0.5,mixture,0.5331021934419133,64,standard normal at finite u_max,infinite,oracle,0.07375252212284517,0.00997613259954716,unbiased,0.31392035810338315,8192,9899520,0.0013765789740361467,0.07375253338337501,0.009976132599546661,0.001376578974039866,0.04157585629137861,0.029998080451862356,oracle/task_020/cell_0380,21,with_replacement,134217728,2.8339798524975777,4,completed,2048,20.0,0.041575856291379054,0.02999933316799841
2,420,4b74724c4225fcfe043fdd749fb740fff4cf33c8,cuda,1.0,8,0.5,mixture,0.9264120087705418,64,standard normal at finite u_max,infinite,oracle,0.7042506371511952,1.6444230318196844,unbiased,0.00012208337612351153,8192,24014848,0.6948531129377623,0.7042506592080167,1.6444230318196837,0.6948531129377659,0.9958634259803161,1.6662475481522563,oracle/task_020/cell_0420,201,without_replacement,8388608,0.7788780890405178,2,completed,512,20.0,0.9958634259803161,1.6662475791927807
4,460,4b74724c4225fcfe043fdd749fb740fff4cf33c8,cuda,1.0,8,0.5,mixture,0.6076483286713112,64,standard normal at finite u_max,infinite,oracle,0.7071288752192366,1.7165063716897415,unbiased,0.0001278873145814935,8192,41971712,0.6948531129377623,0.7071289064994309,1.7165063716897415,0.6948531129377664,0.9926900947636144,1.7173489795557173,oracle/task_020/cell_0460,526,without_replacement,67108864,2.9806957580149174,0,completed,2048,20.0,0.9926900947636144,1.7173479146550858
8,500,4b74724c4225fcfe043fdd749fb740fff4cf33c8,cuda,1.0,8,0.5,mixture,0.9492901353476504,64,standard normal at finite u_max,infinite,oracle,0.6966495910359223,1.7175970631913653,unbiased,0.0002002406502334883,8192,77885440,0.6948531129377623,0.6966496015699439,1.7175970631913646,0.6948531129377657,0.9894758201640059,1.7176317776008647,oracle/task_020/cell_0500,347,without_replacement,134217728,2.96257746219635,3,completed,2048,20.0,0.9894758201640059,1.717631856833599
2,540,4b74724c4225fcfe043fdd749fb740fff4cf33c8,cuda,1.0,1,0.5,weak_mixture,0.9289724798799459,64,standard normal at finite u_max,finite,oracle,0.010078621798880305,0.002337796339045274,tail,0.4998274174498754,8192,2821632,0.00438835277378935,0.01007864028007581,0.0023377963390451718,0.00438835312313024,0.07713358672264348,0.013522084006148882,oracle/task_020/cell_0540,1,with_replacement,8388608,0.9817287661135197,1,completed,512,20.0,0.07713358672264314,0.013522670057259541
4,580,4b74724c4225fcfe043fdd749fb740fff4cf33c8,cuda,1.0,1,0.5,weak_mixture,0.8184361526775094,64,standard normal at finite u_max,finite,oracle,0.00927220303948556,0.006314031062770561,tail,0.4995923138774224,8192,5180928,0.006172843566590203,0.009272183687031615,0.00631403106277066,0.006172843217249091,0.01896294617314709,0.00837520519999394,oracle/task_020/cell_0580,1,with_replacement,16777216,0.9811575040221214,4,completed,512,20.0,0.01896294617314731,0.008376945482030251
8,620,4b74724c4225fcfe043fdd749fb740fff4cf33c8,cuda,1.0,1,0.5,weak_mixture,0.9119854007037465,64,standard normal at finite u_max,finite,oracle,0.013839839489011685,0.0067617674107796665,tail,0.49880292159988016,8192,9899520,0.007602605754125524,0.013839857846721593,0.006761767410779769,0.007602605404784635,0.05495418550837472,0.012624825963841792,oracle/task_020/cell_0620,1,with_replacement,134217728,3.9038483537733555,2,completed,2048,20.0,0.0549541855083745,0.012623602952754272
2,660,4b74724c4225fcfe043fdd749fb740fff4cf33c8,cuda,1.0,8,0.5,weak_mixture,0.69696985100958,64,standard normal at finite u_max,finite,oracle,0.04180567191820112,0.043590932067743386,tail,0.48779933181591884,8192,24014848,0.035747799225821546,0.041805668943166965,0.04359093206774338,0.035747799138486254,0.04885937358931798,0.04417454749196698,oracle/task_020/cell_0660,4,without_replacement,8388608,0.9759185537695885,0,completed,512,20.0,0.048859373589317676,0.04417532092991222
4,700,4b74724c4225fcfe043fdd749fb740fff4cf33c8,cuda,1.0,8,0.5,weak_mixture,0.9085499688619254,64,standard normal at finite u_max,finite,oracle,0.01994179109697664,0.01577122607810088,tail,0.48011199259440124,8192,41971712,0.011809301922624867,0.019941786602909926,0.015771226078100876,0.011809301922624901,0.061857713178630216,0.020799982151582512,oracle/task_020/cell_0700,4,without_replacement,16777216,0.9743858650326729,3,completed,512,20.0,0.06185771317863044,0.020800816639466382
8,740,4b74724c4225fcfe043fdd749fb740fff4cf33c8,cuda,1.0,8,0.5,weak_mixture,0.7583800741347891,64,standard normal at finite u_max,finite,oracle,0.028502243663127765,0.02372876935669553,tail,0.4939562193883798,8192,77885440,0.024141617699139126,0.028502244866490452,0.023728769356695517,0.02414161761180387,0.05422554313586392,0.027056884344061984,oracle/task_020/cell_0740,4,without_replacement,134217728,3.8632192984223366,1,completed,2048,20.0,0.054225543135864016,0.0270565402536371
4,780,4b74724c4225fcfe043fdd749fb740fff4cf33c8,cuda,1.0,8,0.5,gaussian,0.7565645148951683,64,standard normal at finite u_max,finite,oracle,0.09551009043049134,0.025238698224584646,full,0.09379759653820142,32768,1349558272,1.3000539089702556e-08,0.09551015543303264,0.02523869822458484,1.3000722942635434e-08,0.18639749738961625,0.026760223574330715,oracle/task_020/cell_0780,92,with_replacement,1073741824,6.496142361313105,0,completed,512,20.0,0.18639749738961642,0.026760308370355493
4,820,4b74724c4225fcfe043fdd749fb740fff4cf33c8,cuda,1.0,8,0.5,gaussian,0.9938900475517529,64,standard normal at finite u_max,finite,oracle,0.07144253250075225,0.017105061801068813,full,0.04473148364358463,32768,1349558272,1.3000539089702556e-08,0.07144264074352583,0.017105061801068716,1.3000722498546224e-08,0.16368810256630184,0.018942539796708825,oracle/task_020/cell_0820,84,with_replacement,1073741824,6.492079488933086,2,completed,512,20.0,0.16368810256630187,0.018942630264352292
4,860,4b74724c4225fcfe043fdd749fb740fff4cf33c8,cuda,1.0,8,0.5,gaussian,0.9140521441274376,64,standard normal at finite u_max,finite,oracle,0.07816063329231147,0.018248709402463634,full,0.07007070044316034,32768,1349558272,1.3000539089702556e-08,0.0781607577190133,0.018248709402463315,1.3000722054457015e-08,0.19329753204220804,0.02053074631472644,oracle/task_020/cell_0860,86,with_replacement,1073741824,6.4942796640098095,4,completed,512,20.0,0.19329753204220756,0.02053071734498592
4,900,4b74724c4225fcfe043fdd749fb740fff4cf33c8,cuda,1.0,8,0.5,mixture,0.589406820499852,64,standard normal at finite u_max,finite,oracle,0.20003428853634042,0.44789524738907516,full,0.22392260005890405,32768,1349558272,0.1818647103373107,0.20003433784336833,0.44789524738907516,0.18186471033730983,0.3446385685999713,0.4511391159526538,oracle/task_020/cell_0900,37,with_replacement,1073741824,6.486620057374239,1,completed,512,20.0,0.3446385685999712,0.45113934861891003
4,940,4b74724c4225fcfe043fdd749fb740fff4cf33c8,cuda,1.0,8,0.5,mixture,0.6894204612596595,64,standard normal at finite u_max,finite,oracle,0.3681947952437792,0.8819274762772099,full,0.2488512375086224,32768,1349558272,0.35518794690139566,0.36819483847795775,0.8819274762772101,0.35518794690139466,0.5963901658966518,0.88239759387003,oracle/task_020/cell_0940,37,with_replacement,1073741824,6.487481668591499,3,completed,512,20.0,0.5963901658966517,0.8823973820273731
4,980,4b74724c4225fcfe043fdd749fb740fff4cf33c8,cuda,1.0,8,0.5,weak_mixture,0.7561845628679844,64,standard normal at finite u_max,finite,oracle,0.014352520153715947,0.012072289192144373,full,0.471776542438984,32768,1349558272,0.009626492890207602,0.014352524096984873,0.012072289192144307,0.009626493064877964,0.0481002021089621,0.01626443316854841,oracle/task_020/cell_0980,4,with_replacement,1073741824,6.472583159804344,0,completed,512,20.0,0.048100202108961945,0.01626455691301097
4,1020,4b74724c4225fcfe043fdd749fb740fff4cf33c8,cuda,1.0,8,0.5,weak_mixture,0.6886597723603711,64,standard normal at finite u_max,finite,oracle,0.023514990175152607,0.023753499060581593,full,0.4668863835437209,32768,1349558272,0.018501375501628538,0.023514994118500845,0.023753499060581607,0.018501375326958086,0.04702572750216906,0.026260852205282573,oracle/task_020/cell_1020,4,with_replacement,1073741824,6.475761882960796,2,completed,512,20.0,0.04702572750216932,0.026260800110487065
4,1060,4b74724c4225fcfe043fdd749fb740fff4cf33c8,cuda,1.0,8,0.5,weak_mixture,0.5910856827923185,64,standard normal at finite u_max,finite,oracle,0.031202907196974612,0.030631590747705557,full,0.4747181413932227,32768,1349558272,0.025322242893958485,0.031202901088411145,0.030631590747705596,0.02532224298129379,0.051510293324729436,0.03464063853416066,oracle/task_020/cell_1060,4,with_replacement,1073741824,6.479541815817356,4,completed,512,20.0,0.05151029332472949,0.0346401637826322
4,21,4b74724c4225fcfe043fdd749fb740fff4cf33c8,cuda,1.0,1,0.5,gaussian,0.964047411194909,64,standard normal at finite u_max,finite,oracle,0.05377826172638156,0.014088823707192444,tail,0.15475860785570053,8192,5180928,1.3000539089702556e-08,0.053778375394549605,0.014088823707192222,1.300072272059083e-08,0.08624690984606542,0.014106283447112318,oracle/task_021/cell_0021,42,with_replacement,16777216,1.0167204327881336,1,completed,512,20.0,0.08624690984606542,0.014105779871795093
8,61,4b74724c4225fcfe043fdd749fb740fff4cf33c8,cuda,1.0,1,0.5,gaussian,0.9116929934550909,64,standard normal at finite u_max,finite,oracle,0.1116034542214131,0.026512851955604377,tail,0.1880186231859045,8192,9899520,1.3000539089702556e-08,0.1116035133132754,0.026512851955604155,1.300072272059083e-08,0.2056948494131322,0.02724490426837253,oracle/task_021/cell_0061,44,with_replacement,33554432,1.0101674906909466,4,completed,512,20.0,0.2056948494131322,0.027245016614785015
2,101,4b74724c4225fcfe043fdd749fb740fff4cf33c8,cuda,1.0,1,0.5,gaussian,0.547865415725038,64,standard normal at finite u_max,finite,oracle,0.04202654996789512,0.007792830091692959,tail,0.41804822771399813,8192,7015936,1.3000539089702556e-08,0.04202668631105205,0.007792830091692737,1.300072272059083e-08,0.17860474884505717,0.011253809480285143,oracle/task_021/cell_0101,40,without_replacement,33554432,3.900098480284214,2,completed,2048,20.0,0.17860474884505717,0.011254498575975679
4,141,4b74724c4225fcfe043fdd749fb740fff4cf33c8,cuda,1.0,8,0.5,gaussian,0.628649360578679,64,standard normal at finite u_max,finite,oracle,0.14266339874013423,0.03358851088143773,tail,0.055149128452373186,8192,41971712,1.3000539089702556e-08,0.14266348641636467,0.03358851088143776,1.300072272059083e-08,0.24542039076050948,0.03710855226249303,oracle/task_021/cell_0141,86,without_replacement,16777216,1.0241551995277405,0,completed,512,20.0,0.24542039076050964,0.03710765710272678
8,181,4b74724c4225fcfe043fdd749fb740fff4cf33c8,cuda,1.0,8,0.5,gaussian,0.9999280700804275,64,standard normal at finite u_max,finite,oracle,0.07331071825113462,0.01640095308069732,tail,0.1006505455832469,8192,77885440,1.3000539089702556e-08,0.07331086773937961,0.01640095308069757,1.3000722942635434e-08,0.17710881229325925,0.01853271693684496,oracle/task_021/cell_0181,86,without_replacement,33554432,1.0222682803869247,3,completed,512,20.0,0.17710881229325962,0.01853240164857577
4,221,4b74724c4225fcfe043fdd749fb740fff4cf33c8,cuda,1.0,8,0.5,gaussian,0.7859694691280447,64,standard normal at finite u_max,finite,oracle,0.053025997920105115,0.010277916847461058,full,0.36285348776182474,8192,337420288,1.3000539089702556e-08,0.05302614713058276,0.010277916847460863,1.300072227650162e-08,0.19682141690323945,0.013522022672702088,oracle/task_021/cell_0221,94,with_replacement,1073741824,7.48952067270875,2,completed,2048,20.0,0.19682141690323932,0.013521757708550667
2,261,4b74724c4225fcfe043fdd749fb740fff4cf33c8,cuda,1.0,1,0.5,mixture,0.6637958961752543,64,standard normal at finite u_max,infinite,oracle,0.6969886955507211,1.7071508189587163,unbiased,0.00012470262426801415,8192,2821632,0.6948531129377623,0.696988706315257,1.7071508189587166,0.6948531129377662,0.9915440602107553,1.707424278407868,oracle/task_021/cell_0261,143,with_replacement,8388608,0.7733204886317253,0,completed,512,20.0,0.9915440602107553,1.7074241957660565
4,301,4b74724c4225fcfe043fdd749fb740fff4cf33c8,cuda,1.0,1,0.5,mixture,0.7217099740478277,64,standard normal at finite u_max,infinite,oracle,0.6961403874910992,1.7260666939057565,unbiased,0.00012955973283756096,8192,5180928,0.6948531129377623,0.6961403987406393,1.7260666939057565,0.6948531129377661,0.98939336285533,1.72607388331683,oracle/task_021/cell_0301,119,with_replacement,16777216,0.7636669836938381,3,completed,512,20.0,0.98939336285533,1.7260742761053163
8,341,4b74724c4225fcfe043fdd749fb740fff4cf33c8,cuda,1.0,1,0.5,mixture,0.9999831856481838,64,standard normal at finite u_max,infinite,oracle,0.23288959365054468,0.3282846533176241,unbiased,0.07963524239076691,8192,9899520,0.11180975593774026,0.2328896241535074,0.32828465331762435,0.11180975593773623,0.2066797786056872,0.3282875921964785,oracle/task_021/cell_0341,25,with_replacement,134217728,2.8780309967696667,1,completed,2048,20.0,0.20667977860568787,0.3282866738711091
2,381,4b74724c4225fcfe043fdd749fb740fff4cf33c8,cuda,1.0,1,0.5,mixture,0.5806092649242894,64,standard normal at finite u_max,infinite,oracle,0.7174556401703325,1.7968373881544144,unbiased,0.06462313124758894,8192,7015936,0.6948531129377623,0.7174556967257061,1.7968373881544146,0.6948531129377662,0.9898220598709379,1.7968382186557301,oracle/task_021/cell_0381,302,without_replacement,33554432,2.9128697738051414,4,completed,2048,20.0,0.9898220598709379,1.7968376459985698
4,421,4b74724c4225fcfe043fdd749fb740fff4cf33c8,cuda,1.0,8,0.5,mixture,0.8192564621221256,64,standard normal at finite u_max,infinite,oracle,0.7130037123654573,1.6496880855749636,unbiased,0.00012214131265058474,8192,41971712,0.6948531129377623,0.7130037409077504,1.649688085574964,0.6948531129377666,0.9945393802785338,1.666903708254953,oracle/task_021/cell_0421,179,without_replacement,16777216,0.7804586477577686,2,completed,512,20.0,0.9945393802785338,1.6669034790283113
8,461,4b74724c4225fcfe043fdd749fb740fff4cf33c8,cuda,1.0,8,0.5,mixture,0.8611214750044269,64,standard normal at finite u_max,infinite,oracle,0.7025821043744689,1.7242077193429173,unbiased,0.00017562488043707281,8192,77885440,0.6948531129377623,0.7025821170109179,1.7242077193429166,0.6948531129377657,0.9890415966966913,1.724281596929698,oracle/task_021/cell_0461,357,without_replacement,134217728,2.9968826547265053,0,completed,2048,20.0,0.9890415966966913,1.7242814758398768
2,501,4b74724c4225fcfe043fdd749fb740fff4cf33c8,cuda,1.0,8,0.5,mixture,0.5069980152182121,64,standard normal at finite u_max,finite,oracle,0.6986588020600212,1.67735580038823,tail,0.001230925046890092,8192,19820544,0.6948531129377623,0.6986588145608461,1.6773558003882303,0.6948531129377664,0.9916025522232159,1.6784881027117113,oracle/task_021/cell_0501,502,with_replacement,33554432,4.172543454915285,3,completed,2048,20.0,0.9916025522232159,1.6784890951466156
4,541,4b74724c4225fcfe043fdd749fb740fff4cf33c8,cuda,1.0,1,0.5,weak_mixture,0.9381515736459718,64,standard normal at finite u_max,finite,oracle,0.012372030658917454,0.0020385404464046963,tail,0.4955906334073342,8192,5180928,0.008083360185647037,0.012372041234616882,0.002038540446404594,0.008083360534988038,0.08760011934828982,0.014998775645452312,oracle/task_021/cell_0541,1,with_replacement,16777216,0.9955288842320442,1,completed,512,20.0,0.0876001193482896,0.014999185108933798
8,581,4b74724c4225fcfe043fdd749fb740fff4cf33c8,cuda,1.0,1,0.5,weak_mixture,0.8162399553704104,64,standard normal at finite u_max,finite,oracle,0.012467839312761242,0.012271286438690451,tail,0.4990536810611511,8192,9899520,0.006686649848511417,0.012467831257658046,0.012271286438690554,0.006686649499170527,0.01304518460200299,0.012568255828776685,oracle/task_021/cell_0581,1,with_replacement,33554432,0.9955227822065353,4,completed,512,20.0,0.013045184602002768,0.012568528495603845
2,621,4b74724c4225fcfe043fdd749fb740fff4cf33c8,cuda,1.0,1,0.5,weak_mixture,0.7634610268629369,64,standard normal at finite u_max,finite,oracle,0.01824346027759366,0.004171254867078283,tail,0.49886143215599726,8192,7015936,0.0018697891224377372,0.018243466535127012,0.004171254867078181,0.0018697894717786268,0.08630572757125732,0.015123853669341,oracle/task_021/cell_0621,1,without_replacement,33554432,3.8904936760663986,2,completed,2048,20.0,0.0863057275712571,0.015124710441313485
4,661,4b74724c4225fcfe043fdd749fb740fff4cf33c8,cuda,1.0,8,0.5,weak_mixture,0.9540377364245151,64,standard normal at finite u_max,finite,oracle,0.025818033791603103,0.021511710788536913,tail,0.48724948747496416,8192,41971712,0.020196180596859237,0.025818034935396878,0.02151171078853694,0.02019618050952396,0.04392039055788609,0.025155490028798657,oracle/task_021/cell_0661,4,without_replacement,16777216,0.9909861125051975,0,completed,512,20.0,0.04392039055788621,0.025155776406947758
8,701,4b74724c4225fcfe043fdd749fb740fff4cf33c8,cuda,1.0,8,0.5,weak_mixture,0.9781474620481683,64,standard normal at finite u_max,finite,oracle,0.02274363383036417,0.01776551364491072,tail,0.4781210270863279,8192,77885440,0.014365281486383497,0.022743641903756454,0.017765513644910698,0.014365281399048191,0.06329195973477417,0.021605569076141508,oracle/task_021/cell_0701,4,without_replacement,33554432,0.9918556623160839,3,completed,512,20.0,0.06329195973477442,0.02160612069763746
4,741,4b74724c4225fcfe043fdd749fb740fff4cf33c8,cuda,1.0,8,0.5,weak_mixture,0.7957120646976936,64,standard normal at finite u_max,finite,oracle,0.020500683778855805,0.013155899563551501,full,0.4939255681213985,8192,337420288,0.012492869002438567,0.020500684703432075,0.013155899563551458,0.012492868915103414,0.06299634548345813,0.020087338064764357,oracle/task_021/cell_0741,4,with_replacement,1073741824,7.454748708754778,2,completed,2048,20.0,0.06299634548345844,0.020087277294343765
4,781,4b74724c4225fcfe043fdd749fb740fff4cf33c8,cuda,1.0,8,0.5,gaussian,0.8170107288494266,64,standard normal at finite u_max,finite,oracle,0.04737592154850619,0.010017081050501253,full,0.06656382651115299,131072,5398110208,1.3000539089702556e-08,0.04737610950611936,0.010017081050501114,1.300072227650162e-08,0.15781049791589502,0.012202856642199698,oracle/task_021/cell_0781,98,with_replacement,4294967296,24.986576162278652,0,completed,512,20.0,0.1578104979158948,0.012203086056764656
4,821,4b74724c4225fcfe043fdd749fb740fff4cf33c8,cuda,1.0,8,0.5,gaussian,0.605276674723704,64,standard normal at finite u_max,finite,oracle,0.15770806229077938,0.04185542633502651,full,0.062439665737693766,131072,5398110208,1.3000539089702556e-08,0.15770808147645923,0.041855426335026424,1.3000722165479317e-08,0.17017394911742062,0.04319589857393524,oracle/task_021/cell_0821,98,with_replacement,4294967296,24.943996019661427,2,completed,512,20.0,0.17017394911742045,0.04319589563095948
4,861,4b74724c4225fcfe043fdd749fb740fff4cf33c8,cuda,1.0,8,0.5,gaussian,0.9531422038878545,64,standard normal at finite u_max,finite,oracle,0.046684653773923473,0.009976123546080434,full,0.10373325174089434,131072,5398110208,1.3000539089702556e-08,0.04668479740902482,0.009976123546080337,1.3000722387523922e-08,0.15769210611806062,0.012469948744144638,oracle/task_021/cell_0861,102,with_replacement,4294967296,24.906022273004055,4,completed,512,20.0,0.1576921061180604,0.012469887221813865
4,901,4b74724c4225fcfe043fdd749fb740fff4cf33c8,cuda,1.0,8,0.5,mixture,0.8779773423280397,64,standard normal at finite u_max,finite,oracle,0.17626715255168435,0.4143788479547359,full,0.20297915256326193,131072,5398110208,0.16903878267324082,0.17626719686144726,0.414378847954736,0.16903878267324282,0.14817285829265375,0.4148204316149459,oracle/task_021/cell_0901,39,with_replacement,4294967296,24.875659205019474,1,completed,512,20.0,0.1481728582926537,0.41482053463404767
4,941,4b74724c4225fcfe043fdd749fb740fff4cf33c8,cuda,1.0,8,0.5,mixture,0.67006252169515,64,standard normal at finite u_max,finite,oracle,0.2262672858643012,0.510663507334101,full,0.24624433575399438,131072,5398110208,0.20620430132077616,0.2262673445288134,0.5106635073341008,0.20620430132077627,0.37501007130422825,0.5148139504212366,oracle/task_021/cell_0941,40,with_replacement,4294967296,24.870940130203962,3,completed,512,20.0,0.3750100713042285,0.5148140505987241
4,981,4b74724c4225fcfe043fdd749fb740fff4cf33c8,cuda,1.0,8,0.5,weak_mixture,0.750164933973835,64,standard normal at finite u_max,finite,oracle,0.010621764434337828,0.010491361938121384,full,0.47533989261979337,131072,5398110208,0.008623599846552879,0.010621766916755346,0.010491361938121394,0.008623600021223518,0.023408082036654593,0.012181183117856827,oracle/task_021/cell_0981,4,with_replacement,4294967296,24.89305330440402,0,completed,512,20.0,0.02340808203665473,0.012181412589902055
4,1021,4b74724c4225fcfe043fdd749fb740fff4cf33c8,cuda,1.0,8,0.5,weak_mixture,0.7876089516897489,64,standard normal at finite u_max,finite,oracle,0.0066723959437248945,0.005149901153837581,full,0.48005776627208707,131072,5398110208,0.0047603893080444964,0.006672402507452907,0.005149901153837624,0.004760389220709274,0.012785337861263388,0.006937905654276623,oracle/task_021/cell_1021,4,with_replacement,4294967296,24.866405114531517,2,completed,512,20.0,0.012785337861263707,0.006938081256849742
4,1061,4b74724c4225fcfe043fdd749fb740fff4cf33c8,cuda,1.0,8,0.5,weak_mixture,0.7425380074104517,64,standard normal at finite u_max,finite,oracle,0.009417090289330032,0.010202774795955891,full,0.4765550626331384,131072,5398110208,0.007232702312130371,0.009417090338891987,0.010202774795955896,0.0072327023121303985,0.02495948331112874,0.011637164184335181,oracle/task_021/cell_1061,4,with_replacement,4294967296,24.867764074355364,4,completed,512,20.0,0.024959483311128544,0.011637202164022177
8,22,4b74724c4225fcfe043fdd749fb740fff4cf33c8,cuda,1.0,1,0.5,gaussian,0.9640474111949088,64,standard normal at finite u_max,finite,oracle,0.05377826172638156,0.014088823707192555,tail,0.15475860785570006,8192,9899520,1.3000539089702556e-08,0.053778375394549605,0.014088823707192333,1.300072272059083e-08,0.0862469098460652,0.014106283447112318,oracle/task_022/cell_0022,42,with_replacement,33554432,1.030044998973608,1,completed,512,20.0,0.0862469098460652,0.0141057798717951
2,62,4b74724c4225fcfe043fdd749fb740fff4cf33c8,cuda,1.0,1,0.5,gaussian,0.6729172197586805,64,standard normal at finite u_max,finite,oracle,0.03527081406390771,0.006433133537830371,tail,0.16277120551642307,8192,7015936,1.3000539089702556e-08,0.03527102378838068,0.006433133537829816,1.3000722165479317e-08,0.12549925098787518,0.0074356006412174165,oracle/task_022/cell_0062,39,without_replacement,8388608,1.0051234178245068,4,completed,512,20.0,0.12549925098787473,0.007436770405519611
4,102,4b74724c4225fcfe043fdd749fb740fff4cf33c8,cuda,1.0,1,0.5,gaussian,0.5478654157250379,64,standard normal at finite u_max,finite,oracle,0.04202654996789518,0.007792830091692959,tail,0.41804822771399697,8192,9375232,1.3000539089702556e-08,0.04202668631105211,0.007792830091692737,1.300072272059083e-08,0.17860474884505717,0.01125380948028765,oracle/task_022/cell_0102,40,without_replacement,67108864,3.9238671362400055,2,completed,2048,20.0,0.17860474884505717,0.011254498575975712
8,142,4b74724c4225fcfe043fdd749fb740fff4cf33c8,cuda,1.0,8,0.5,gaussian,0.628649360578679,64,standard normal at finite u_max,finite,oracle,0.14266339874013434,0.033588510881437716,tail,0.05514912845237311,8192,77885440,1.3000539089702556e-08,0.14266348641636478,0.033588510881437744,1.300072272059083e-08,0.24542039076050953,0.03710855226249303,oracle/task_022/cell_0142,86,without_replacement,33554432,1.026223536580801,0,completed,512,20.0,0.24542039076050964,0.03710765710272677
4,182,4b74724c4225fcfe043fdd749fb740fff4cf33c8,cuda,1.0,8,0.5,gaussian,0.9633039244917703,64,standard normal at finite u_max,finite,oracle,0.058821615021076044,0.010544627244355675,full,0.10067738040093255,8192,337420288,1.3000539089702556e-08,0.05882178747301743,0.010544627244355481,1.300072227650162e-08,0.2223313550651778,0.01490425817465239,oracle/task_022/cell_0182,82,with_replacement,268435456,1.9174090065062046,4,completed,512,20.0,0.2223313550651777,0.014903713285258859
2,222,4b74724c4225fcfe043fdd749fb740fff4cf33c8,cuda,1.0,8,0.5,gaussian,0.6064002341722206,64,standard normal at finite u_max,infinite,oracle,0.15233233331946078,0.03137975816603558,unbiased,0.0013301102464273594,8192,19820544,1.3000539089702556e-08,0.15233243344420294,0.0313797581660355,1.3000722387523922e-08,0.3680374829889999,0.036038631719803954,oracle/task_022/cell_0222,694,with_replacement,33554432,3.1827479265630245,2,completed,2048,20.0,0.36803748298899974,0.036039031522662024
4,262,4b74724c4225fcfe043fdd749fb740fff4cf33c8,cuda,1.0,1,0.5,mixture,0.6881791016155328,64,standard normal at finite u_max,infinite,oracle,0.6972467101760526,1.7364343229912802,unbiased,0.00017460378332798766,8192,5180928,0.6948531129377623,0.6972467191058914,1.7364343229912798,0.6948531129377657,0.9896264141187762,1.7364388864153701,oracle/task_022/cell_0262,115,with_replacement,16777216,0.7728005200624466,0,completed,512,20.0,0.9896264141187762,1.736437157207893
8,302,4b74724c4225fcfe043fdd749fb740fff4cf33c8,cuda,1.0,1,0.5,mixture,0.9292376634783377,64,standard normal at finite u_max,infinite,oracle,0.6961879635966631,1.7270559866945077,unbiased,0.0003539496194804386,8192,9899520,0.6948531129377623,0.6961879780823025,1.727055986694508,0.6948531129377664,0.989077508925513,1.7270749702218215,oracle/task_022/cell_0302,85,with_replacement,33554432,0.7619181014597416,3,completed,512,20.0,0.989077508925513,1.7270753480278334
2,342,4b74724c4225fcfe043fdd749fb740fff4cf33c8,cuda,1.0,1,0.5,mixture,0.9167493698239617,64,standard normal at finite u_max,infinite,oracle,0.7220852287815127,1.7975307957941986,unbiased,0.03608438006390824,8192,7015936,0.6948531129377623,0.7220852670458835,1.7975307957941984,0.6948531129377659,0.9900948401922751,1.7975317131198165,oracle/task_022/cell_0342,327,without_replacement,33554432,2.9419886022806168,1,completed,2048,20.0,0.9900948401922751,1.797533454074987
4,382,4b74724c4225fcfe043fdd749fb740fff4cf33c8,cuda,1.0,1,0.5,mixture,0.8748972543579294,64,standard normal at finite u_max,infinite,oracle,0.6935011868783307,1.7545621475720254,unbiased,0.03005727408592565,8192,9375232,0.6916124750202266,0.6935012067005305,1.7545621475720254,0.6916124750202303,0.9717264394911744,1.7545694380874484,oracle/task_022/cell_0382,73,without_replacement,67108864,2.848953850567341,4,completed,2048,20.0,0.9717264394911744,1.7545711151711032
8,422,4b74724c4225fcfe043fdd749fb740fff4cf33c8,cuda,1.0,8,0.5,mixture,0.5808391257557142,64,standard normal at finite u_max,infinite,oracle,0.7008981131002446,1.6934557143768307,unbiased,0.0001220708366564801,8192,77885440,0.6948531129377623,0.7008981442992277,1.6934557143768303,0.6948531129377657,0.9923874682093092,1.6959988936055468,oracle/task_022/cell_0422,145,without_replacement,33554432,0.7844930849969387,2,completed,512,20.0,0.9923874682093092,1.6959984428342059
2,462,4b74724c4225fcfe043fdd749fb740fff4cf33c8,cuda,1.0,8,0.5,mixture,0.829504503263166,64,standard normal at finite u_max,finite,oracle,0.6707162209912209,1.5173761826617091,tail,0.0018306239033140652,8192,19820544,0.6461398347033217,0.6707162144543596,1.5173761826617096,0.6461398347033249,0.9925317715915043,1.5565916554652857,oracle/task_022/cell_0462,506,with_replacement,33554432,4.2108639888465405,0,completed,2048,20.0,0.9925317715915044,1.556591493785553
4,502,4b74724c4225fcfe043fdd749fb740fff4cf33c8,cuda,1.0,8,0.5,mixture,0.6511718951675144,64,standard normal at finite u_max,finite,oracle,0.6999664602188154,1.7067445861367152,tail,0.0002871663125934744,8192,37777408,0.6948531129377623,0.6999664842183255,1.7067445861367152,0.6948531129377662,0.9912696754705544,1.7072694768975518,oracle/task_022/cell_0502,418,with_replacement,67108864,4.189287558197975,3,completed,2048,20.0,0.9912696754705544,1.707269781933971
8,542,4b74724c4225fcfe043fdd749fb740fff4cf33c8,cuda,1.0,1,0.5,weak_mixture,0.9296079397711398,64,standard normal at finite u_max,finite,oracle,0.010180914520187448,0.0023488300891673503,tail,0.4999717150768184,8192,9899520,0.006000500016460242,0.010180925106998723,0.002348830089167248,0.006000500365800909,0.07672764925729125,0.013854352433301012,oracle/task_022/cell_0542,1,with_replacement,33554432,1.0040599517524242,1,completed,512,20.0,0.07672764925729103,0.01385594861832155
2,582,4b74724c4225fcfe043fdd749fb740fff4cf33c8,cuda,1.0,1,0.5,weak_mixture,0.5044246156679733,64,standard normal at finite u_max,finite,oracle,0.019293726371924835,0.010887682445473217,tail,0.49019496089842884,8192,7015936,0.0056865931511399515,0.019293712560272125,0.01088768244547332,0.005686592801799173,0.013675750688633359,0.012728616992817503,oracle/task_022/cell_0582,1,without_replacement,8388608,0.9862941056489944,4,completed,512,20.0,0.013675750688633803,0.012729402435742061
4,622,4b74724c4225fcfe043fdd749fb740fff4cf33c8,cuda,1.0,1,0.5,weak_mixture,0.7721029236054918,64,standard normal at finite u_max,finite,oracle,0.018231689924198657,0.002586358098607775,tail,0.4987049750428045,8192,9375232,0.002543557836060306,0.01823170930641685,0.0025863580986076693,0.0025435581854010847,0.10009134335136427,0.01761688085138678,oracle/task_022/cell_0622,1,without_replacement,67108864,3.9218386337161064,2,completed,2048,20.0,0.10009134335136383,0.01761647007319833
8,662,4b74724c4225fcfe043fdd749fb740fff4cf33c8,cuda,1.0,8,0.5,weak_mixture,0.6253117767345336,64,standard normal at finite u_max,finite,oracle,0.048702111732421755,0.04572117065984277,tail,0.4731857951973006,8192,77885440,0.036039488662460525,0.04870210646174723,0.04572117065984277,0.03603948857512525,0.09067541019534879,0.04883829961371877,oracle/task_022/cell_0662,4,without_replacement,33554432,0.9965183064341545,0,completed,512,20.0,0.09067541019534853,0.04883853284282873
4,702,4b74724c4225fcfe043fdd749fb740fff4cf33c8,cuda,1.0,8,0.5,weak_mixture,0.7538044790217419,64,standard normal at finite u_max,finite,oracle,0.027059716519562956,0.027432974518343874,full,0.481255580487487,8192,337420288,0.018928792869451552,0.02705971840937764,0.027432974518343853,0.018928792869451573,0.07096067322726926,0.030974304969901098,oracle/task_022/cell_0702,4,with_replacement,268435456,1.8885876052081585,4,completed,512,20.0,0.0709606732272693,0.030974328313880316
2,742,4b74724c4225fcfe043fdd749fb740fff4cf33c8,cuda,1.0,8,0.5,weak_mixture,0.8082471006617536,64,standard normal at finite u_max,infinite,oracle,0.023000917085579366,0.02049474401519282,unbiased,0.4951917817260752,8192,19820544,0.01963961282770383,0.023000922382765472,0.02049474401519279,0.019639612915038962,0.05086673677568734,0.023606354131122664,oracle/task_022/cell_0742,4,with_replacement,33554432,2.9072269573807716,2,completed,2048,20.0,0.0508667367756873,0.023606593628428436
4,782,4b74724c4225fcfe043fdd749fb740fff4cf33c8,cuda,1.0,8,0.5,gaussian,0.928176227553176,64,standard normal at finite u_max,finite,oracle,0.04464479149489264,0.007926748615178003,full,0.20105315580531793,8192,337420288,1.3000539089702556e-08,0.044644939948511236,0.007926748615177975,1.3000722387523922e-08,0.15964737766448955,0.011690075460319967,oracle/task_022/cell_0782,90,with_replacement,268435456,1.9274323806166649,0,completed,512,10.0,0.15964737766448947,0.011689705213510003
4,822,4b74724c4225fcfe043fdd749fb740fff4cf33c8,cuda,1.0,8,0.5,gaussian,0.9793212966885217,64,standard normal at finite u_max,finite,oracle,0.0939967815259512,0.02077826441757434,full,0.20578377711003423,8192,337420288,1.3000539089702556e-08,0.09399690868414598,0.020778264417574174,1.3000721943434712e-08,0.2306950162777936,0.023234831021791934,oracle/task_022/cell_0822,90,with_replacement,268435456,1.92172472178936,2,completed,512,10.0,0.23069501627779315,0.02323457650492797
4,862,4b74724c4225fcfe043fdd749fb740fff4cf33c8,cuda,1.0,8,0.5,gaussian,0.9959492142822292,64,standard normal at finite u_max,finite,oracle,0.057089375036112604,0.01073116136653579,full,0.17048374210756576,8192,337420288,1.3000539089702556e-08,0.057089526598962166,0.010731161366535735,1.3000722498546224e-08,0.19122848504637308,0.014475451292925611,oracle/task_022/cell_0862,96,with_replacement,268435456,1.9267567619681358,4,completed,512,10.0,0.19122848504637308,0.014475598027706075
4,902,4b74724c4225fcfe043fdd749fb740fff4cf33c8,cuda,1.0,8,0.5,mixture,0.8763870080573715,64,standard normal at finite u_max,finite,oracle,0.3880373757840433,0.9023951900943262,full,0.30866550351289107,8192,337420288,0.3630181380727751,0.38803741914067164,0.9023951900943266,0.36301813807277633,0.2836629100033332,0.9025824348469784,oracle/task_022/cell_0902,35,with_replacement,268435456,1.899669598788023,1,completed,512,10.0,0.28366291000333343,0.90258198690246
4,942,4b74724c4225fcfe043fdd749fb740fff4cf33c8,cuda,1.0,8,0.5,mixture,0.999817872261097,64,standard normal at finite u_max,finite,oracle,0.3222428730998791,0.7392793408731098,full,0.25412361815795115,8192,337420288,0.2989183939489466,0.32224294613650417,0.7392793408731093,0.2989183939489437,0.7587693482126004,0.741333864990307,oracle/task_022/cell_0942,37,with_replacement,268435456,1.9040050879120827,3,completed,512,10.0,0.7587693482126003,0.7413338223508336
4,982,4b74724c4225fcfe043fdd749fb740fff4cf33c8,cuda,1.0,8,0.5,weak_mixture,0.6369332919645982,64,standard normal at finite u_max,finite,oracle,0.03388160469281647,0.03262827453901627,full,0.4818822761454987,8192,337420288,0.02716447650793964,0.03388160898405774,0.03262827453901625,0.027164476507939725,0.04909837022144781,0.03501038384758345,oracle/task_022/cell_0982,4,with_replacement,268435456,1.895838338881731,0,completed,512,10.0,0.049098370221448084,0.03501039871995132
4,1022,4b74724c4225fcfe043fdd749fb740fff4cf33c8,cuda,1.0,8,0.5,weak_mixture,0.985728216266631,64,standard normal at finite u_max,finite,oracle,0.018991853741998573,0.013715883458905826,full,0.48212806659587826,8192,337420288,0.011501362906908952,0.018991859004574587,0.013715883458905844,0.011501362819573611,0.04386598296357773,0.01778739470093682,oracle/task_022/cell_1022,4,with_replacement,268435456,1.8935501389205456,2,completed,512,10.0,0.043865982963578826,0.017787362171000326
4,1062,4b74724c4225fcfe043fdd749fb740fff4cf33c8,cuda,1.0,8,0.5,weak_mixture,0.9149991107071742,64,standard normal at finite u_max,finite,oracle,0.022287086436693925,0.017916840507802245,full,0.487084594856349,8192,337420288,0.0151210215401449,0.022287097067392035,0.017916840507802234,0.015121021365474462,0.056806226477681715,0.025137642346599286,oracle/task_022/cell_1062,4,with_replacement,268435456,1.8907711170613766,4,completed,512,10.0,0.056806226477682076,0.025138136602697404
2,23,4b74724c4225fcfe043fdd749fb740fff4cf33c8,cuda,1.0,1,0.5,gaussian,0.9564811837319491,64,standard normal at finite u_max,finite,oracle,0.09743810213986942,0.029632501099159603,tail,0.19535424968727708,8192,7015936,1.3000539089702556e-08,0.09743802415526265,0.029632501099160047,1.300072227650162e-08,0.002451024022050885,0.029681132736564995,oracle/task_023/cell_0023,42,without_replacement,8388608,1.0129021406173706,1,completed,512,20.0,0.002451024022050219,0.029680675907453352
4,63,4b74724c4225fcfe043fdd749fb740fff4cf33c8,cuda,1.0,1,0.5,gaussian,0.6729172197586805,64,standard normal at finite u_max,finite,oracle,0.035270814063907904,0.006433133537830371,tail,0.16277120551642307,8192,9375232,1.3000539089702556e-08,0.03527102378838086,0.006433133537829927,1.300072227650162e-08,0.12549925098787496,0.007435600641214158,oracle/task_023/cell_0063,39,without_replacement,16777216,1.0082040578126907,4,completed,512,20.0,0.1254992509878745,0.0074367704055196306
8,103,4b74724c4225fcfe043fdd749fb740fff4cf33c8,cuda,1.0,1,0.5,gaussian,0.547865415725038,64,standard normal at finite u_max,finite,oracle,0.042026549967895566,0.007792830091692959,tail,0.4180482277139973,8192,14093824,1.3000539089702556e-08,0.04202668631105255,0.007792830091692737,1.300072272059083e-08,0.17860474884505717,0.01125380948028764,oracle/task_023/cell_0103,40,without_replacement,134217728,3.9627153426408768,2,completed,2048,20.0,0.17860474884505728,0.011254498575975703
4,143,4b74724c4225fcfe043fdd749fb740fff4cf33c8,cuda,1.0,8,0.5,gaussian,0.9948607939665663,64,standard normal at finite u_max,finite,oracle,0.05725688222841317,0.012354033460863348,full,0.08287215449496663,8192,337420288,1.3000539089702556e-08,0.05725700111274917,0.012354033460863376,1.300072272059083e-08,0.18567200762959904,0.015106428569018717,oracle/task_023/cell_0143,80,with_replacement,268435456,1.9323544204235077,1,completed,512,20.0,0.18567200762959923,0.015106709832827489
2,183,4b74724c4225fcfe043fdd749fb740fff4cf33c8,cuda,1.0,8,0.5,gaussian,0.5303298601902223,64,standard normal at finite u_max,infinite,oracle,0.20904930038822286,0.03391333535139289,unbiased,0.0001249237515120106,8192,19820544,1.3000539089702556e-08,0.20904937579610017,0.033913335351392834,1.3000722498546224e-08,0.522191668687155,0.050885317660832756,oracle/task_023/cell_0183,246,with_replacement,8388608,0.8363858610391617,4,completed,512,20.0,0.5221916686871552,0.05088458653287714
4,223,4b74724c4225fcfe043fdd749fb740fff4cf33c8,cuda,1.0,8,0.5,gaussian,0.6331000942637252,64,standard normal at finite u_max,infinite,oracle,0.11918805103830153,0.02789897493318884,unbiased,0.0004917701827724136,8192,37777408,1.3000539089702556e-08,0.11918811864614268,0.027898974933189033,1.3000722942635434e-08,0.24246551620083695,0.031053145047416356,oracle/task_023/cell_0223,602,with_replacement,67108864,3.1685996055603027,2,completed,2048,20.0,0.24246551620083714,0.031053333198017584
8,263,4b74724c4225fcfe043fdd749fb740fff4cf33c8,cuda,1.0,1,0.5,mixture,0.9854683972804128,64,standard normal at finite u_max,infinite,oracle,0.6979813648385857,1.7745188451284475,unbiased,0.00042228894581189044,8192,9899520,0.6948531129377623,0.6979814056605906,1.7745188451284466,0.6948531129377653,0.9871851119916545,1.7745199698017102,oracle/task_023/cell_0263,87,with_replacement,33554432,0.7611641585826874,0,completed,512,20.0,0.9871851119916545,1.7745190770839623
2,303,4b74724c4225fcfe043fdd749fb740fff4cf33c8,cuda,1.0,1,0.5,mixture,0.6625484607366752,64,standard normal at finite u_max,infinite,oracle,0.6985947437684721,1.721011662071155,unbiased,0.00012948189966221948,8192,7015936,0.6948531129377623,0.69859476711701,1.7210116620711555,0.6948531129377664,0.9914940220536569,1.7211469453872799,oracle/task_023/cell_0303,141,without_replacement,8388608,0.7678734958171844,3,completed,512,20.0,0.9914940220536569,1.7211466029468017
4,343,4b74724c4225fcfe043fdd749fb740fff4cf33c8,cuda,1.0,1,0.5,mixture,0.5043621009787118,64,standard normal at finite u_max,infinite,oracle,0.4486027175184944,1.1030975816240776,unbiased,0.11430385646966407,8192,9375232,0.442534874896633,0.4486027642137414,1.1030975816240782,0.44253487489663734,0.009289663038573703,1.1032104935724751,oracle/task_023/cell_0343,62,without_replacement,67108864,2.8735679537057877,1,completed,2048,20.0,0.00928966303857437,1.1032124924126852
8,383,4b74724c4225fcfe043fdd749fb740fff4cf33c8,cuda,1.0,1,0.5,mixture,0.9798875892070712,64,standard normal at finite u_max,infinite,oracle,0.10879985446879992,0.25499678406662596,unbiased,0.2904512359428668,8192,14093824,0.10743390835236694,0.1087998687312478,0.2549967840666261,0.1074339083523711,0.15245671119637483,0.2553539946633935,oracle/task_023/cell_0383,24,without_replacement,134217728,2.86637607216835,4,completed,2048,20.0,0.15245671119637394,0.25535367581473484
2,423,4b74724c4225fcfe043fdd749fb740fff4cf33c8,cuda,1.0,8,0.5,mixture,0.900420381128225,64,standard normal at finite u_max,finite,oracle,0.6737512625685916,1.5174905914671175,tail,0.0001296616306483261,8192,19820544,0.6461398347033216,0.6737512562715906,1.517490591467118,0.6461398347033248,0.9928382685783814,1.564813232690367,oracle/task_023/cell_0423,157,with_replacement,8388608,1.081026241183281,2,completed,512,20.0,0.9928382685783814,1.5648136206961283
4,463,4b74724c4225fcfe043fdd749fb740fff4cf33c8,cuda,1.0,8,0.5,mixture,0.5062178331055506,64,standard normal at finite u_max,finite,oracle,0.7015928350515959,1.6953630405782965,tail,0.00018864655167611936,8192,37777408,0.6948531129377623,0.7015928520324961,1.6953630405782962,0.694853112937766,0.9912147722505201,1.6973266843406984,oracle/task_023/cell_0463,416,with_replacement,67108864,4.216648459434509,0,completed,2048,20.0,0.99121477225052,1.6973272517534996
8,503,4b74724c4225fcfe043fdd749fb740fff4cf33c8,cuda,1.0,8,0.5,mixture,0.560418294131037,64,standard normal at finite u_max,finite,oracle,0.6498959487164035,1.5945657253129513,tail,0.0001778289814550905,8192,73691136,0.6461398347033217,0.6498959757406624,1.5945657253129513,0.6461398347033247,0.9894134341806449,1.5952281401279733,oracle/task_023/cell_0503,298,with_replacement,134217728,4.156133741140366,3,completed,2048,20.0,0.9894134341806448,1.5952278184416346
2,543,4b74724c4225fcfe043fdd749fb740fff4cf33c8,cuda,1.0,1,0.5,weak_mixture,0.999010389035554,64,standard normal at finite u_max,finite,oracle,0.03441978144419555,0.04219148829901223,tail,0.497264606903364,8192,7015936,0.026941194692919168,0.03441978381368893,0.04219148829901232,0.026941194343578334,0.0032972176343413206,0.04278667741209071,oracle/task_023/cell_0543,2,without_replacement,8388608,0.9950532466173172,1,completed,512,20.0,0.0032972176343407655,0.04278606673145639
4,583,4b74724c4225fcfe043fdd749fb740fff4cf33c8,cuda,1.0,1,0.5,weak_mixture,0.5312017024402509,64,standard normal at finite u_max,finite,oracle,0.011939955528012164,0.003179692426792448,tail,0.4906562680356474,8192,9375232,0.0017477908400066466,0.011939939215190903,0.0031796924267925505,0.0017477911893474252,0.014252157772873031,0.0078089423974327275,oracle/task_023/cell_0583,1,without_replacement,16777216,0.9792732298374176,4,completed,512,20.0,0.014252157772872809,0.007808902388416596
8,623,4b74724c4225fcfe043fdd749fb740fff4cf33c8,cuda,1.0,1,0.5,weak_mixture,0.7742141253814777,64,standard normal at finite u_max,finite,oracle,0.02024200804130344,0.0029234648773464635,tail,0.4986612443036365,8192,14093824,0.0037239956686960785,0.020242019891029556,0.002923464877346368,0.00372399601803719,0.10761782416775445,0.019415106988449938,oracle/task_023/cell_0623,1,without_replacement,134217728,3.888531267642975,2,completed,2048,20.0,0.10761782416775467,0.019415017982775964
4,663,4b74724c4225fcfe043fdd749fb740fff4cf33c8,cuda,1.0,8,0.5,weak_mixture,0.9857053763013066,64,standard normal at finite u_max,finite,oracle,0.02675126576392175,0.022307597455948784,full,0.47475544240784867,8192,337420288,0.019524890311905366,0.026751275497098787,0.022307597455948798,0.01952488996256413,0.05783548190822728,0.025884820286271766,oracle/task_023/cell_0663,4,with_replacement,268435456,1.8971950113773346,1,completed,512,20.0,0.057835481908228126,0.025885053844879456
2,703,4b74724c4225fcfe043fdd749fb740fff4cf33c8,cuda,1.0,8,0.5,weak_mixture,0.6807402696134751,64,standard normal at finite u_max,infinite,oracle,0.022665636519038114,0.018668119133717413,unbiased,0.48874269978464485,8192,19820544,0.01598751636527794,0.022665640804069465,0.01866811913371741,0.015987516365277968,0.04145484204141282,0.021489207627689973,oracle/task_023/cell_0703,4,with_replacement,8388608,0.729296863079071,4,completed,512,20.0,0.04145484204141314,0.021488990570937366
4,743,4b74724c4225fcfe043fdd749fb740fff4cf33c8,cuda,1.0,8,0.5,weak_mixture,0.8855805956186233,64,standard normal at finite u_max,infinite,oracle,0.022118803610179812,0.015623090582297498,unbiased,0.49487658310819976,8192,37777408,0.014578366325354884,0.02211881430928388,0.015623090582297463,0.014578366325354905,0.06566585744767854,0.02067599467129536,oracle/task_023/cell_0743,4,with_replacement,67108864,2.8832357674837112,2,completed,2048,20.0,0.06566585744767872,0.0206756357484674
4,783,4b74724c4225fcfe043fdd749fb740fff4cf33c8,cuda,1.0,8,0.5,gaussian,0.9086497988847895,64,standard normal at finite u_max,finite,oracle,0.058492755538779063,0.01192922287720774,full,0.10435888780871201,8192,337420288,1.3000539089702556e-08,0.05849295186001789,0.011929222877207407,1.3000722054457015e-08,0.19005587921724612,0.015094721470758564,oracle/task_023/cell_0783,91,with_replacement,268435456,1.9260633140802383,0,completed,512,30.0,0.19005587921724573,0.01509469922319129
4,823,4b74724c4225fcfe043fdd749fb740fff4cf33c8,cuda,1.0,8,0.5,gaussian,0.5127035950556057,64,standard normal at finite u_max,finite,oracle,0.14214670719309713,0.03608878571200895,full,0.033984006957623776,8192,337420288,1.3000539089702556e-08,0.14214674129238394,0.03608878571200898,1.3000722387523922e-08,0.1756790128112512,0.037347055700989985,oracle/task_023/cell_0823,89,with_replacement,268435456,1.9308326542377472,2,completed,512,30.0,0.17567901281125115,0.03734729386388256
4,863,4b74724c4225fcfe043fdd749fb740fff4cf33c8,cuda,1.0,8,0.5,gaussian,0.5409003692823362,64,standard normal at finite u_max,finite,oracle,0.10318391572049025,0.027479378615677175,full,0.018334580524512343,8192,337420288,1.3000539089702556e-08,0.10318393189334718,0.027479378615677147,1.3000722387523922e-08,0.1820524949568445,0.029102116721872632,oracle/task_023/cell_0863,96,with_replacement,268435456,1.9257356226444244,4,completed,512,30.0,0.18205249495684434,0.02910256897931331
4,903,4b74724c4225fcfe043fdd749fb740fff4cf33c8,cuda,1.0,8,0.5,mixture,0.9195922435760453,64,standard normal at finite u_max,finite,oracle,0.3012340420392092,0.6959777947612718,full,0.16719819318278895,8192,337420288,0.2908662623084508,0.3012340589488637,0.6959777947612716,0.2908662623084508,0.6343595581289718,0.6996172644647688,oracle/task_023/cell_0903,34,with_replacement,268435456,1.90914486348629,1,completed,512,30.0,0.6343595581289718,0.6996167010006765
4,943,4b74724c4225fcfe043fdd749fb740fff4cf33c8,cuda,1.0,8,0.5,mixture,0.9487649534020379,64,standard normal at finite u_max,finite,oracle,0.16785742227407588,0.3503615872200122,full,0.21247005672634567,8192,337420288,0.1403232378207903,0.16785749177928164,0.35036158722001176,0.14032323782078943,0.26071915199847384,0.35363186313960454,oracle/task_023/cell_0943,37,with_replacement,268435456,1.9042724668979645,3,completed,512,30.0,0.26071915199847395,0.35363187984946154
4,983,4b74724c4225fcfe043fdd749fb740fff4cf33c8,cuda,1.0,8,0.5,weak_mixture,0.8459274109886276,64,standard normal at finite u_max,finite,oracle,0.015765925637172502,0.011652516917836725,full,0.4700914008367559,8192,337420288,0.008217008399186848,0.015765931497685716,0.011652516917836728,0.008217008486522001,0.03734225725292728,0.01445051809926791,oracle/task_023/cell_0983,4,with_replacement,268435456,1.8974450379610062,0,completed,512,30.0,0.03734225725292728,0.014450434442929408
4,1023,4b74724c4225fcfe043fdd749fb740fff4cf33c8,cuda,1.0,8,0.5,weak_mixture,0.9980433426952018,64,standard normal at finite u_max,finite,oracle,0.02120752806150712,0.014230362971242892,full,0.48471458740644185,8192,337420288,0.011096983986174792,0.02120753489121866,0.014230362971242888,0.011096983811504223,0.07506342724368914,0.02082578053902273,oracle/task_023/cell_1023,4,with_replacement,268435456,1.8939507603645325,2,completed,512,30.0,0.07506342724368963,0.02082671802861827
4,1063,4b74724c4225fcfe043fdd749fb740fff4cf33c8,cuda,1.0,8,0.5,weak_mixture,0.7762720983381745,64,standard normal at finite u_max,finite,oracle,0.033996771689378966,0.033431985016332044,full,0.4672710546689413,8192,337420288,0.02288098241013748,0.03399676598571302,0.03343198501633207,0.022880982497472772,0.06195567761075446,0.034937413658257435,oracle/task_023/cell_1063,4,with_replacement,268435456,1.8959568589925766,4,completed,512,30.0,0.06195567761075402,0.03493723311316941
4,24,4b74724c4225fcfe043fdd749fb740fff4cf33c8,cuda,1.0,1,0.5,gaussian,0.9564811837319491,64,standard normal at finite u_max,finite,oracle,0.09743810213986909,0.029632501099159603,tail,0.19535424968727655,8192,9375232,1.3000539089702556e-08,0.09743802415526231,0.029632501099160047,1.300072227650162e-08,0.002451024022050885,0.029681132736564992,oracle/task_024/cell_0024,42,without_replacement,16777216,0.9770717173814774,1,completed,512,20.0,0.00245102402205033,0.029680675907453352
8,64,4b74724c4225fcfe043fdd749fb740fff4cf33c8,cuda,1.0,1,0.5,gaussian,0.6729172197586807,64,standard normal at finite u_max,finite,oracle,0.035270814063907724,0.00643313353783026,tail,0.1627712055164231,8192,14093824,1.3000539089702556e-08,0.03527102378838069,0.006433133537829816,1.300072227650162e-08,0.12549925098787518,0.007435600641219052,oracle/task_024/cell_0064,39,without_replacement,33554432,0.9660481512546539,4,completed,512,20.0,0.12549925098787473,0.00743677040551965
4,104,4b74724c4225fcfe043fdd749fb740fff4cf33c8,cuda,1.0,1,0.5,gaussian,0.8917756446165668,64,standard normal at finite u_max,finite,oracle,0.048304626990424454,0.009607417999048629,full,0.30992768451188857,8192,42406912,1.3000539089702556e-08,0.04830482320458379,0.009607417999048184,1.3000722387523922e-08,0.18964565910494813,0.012319916901292291,oracle/task_024/cell_0104,45,with_replacement,1073741824,2.2017607390880585,3,completed,2048,20.0,0.1896456591049479,0.012320157290160304
2,144,4b74724c4225fcfe043fdd749fb740fff4cf33c8,cuda,1.0,8,0.5,gaussian,0.5296980512717654,64,standard normal at finite u_max,infinite,oracle,0.1778272454961387,0.027594007992220004,unbiased,0.00012220593521137634,8192,19820544,1.3000539089702556e-08,0.17782741150072628,0.02759400799222006,1.300072272059083e-08,0.5558828660628206,0.04264914475926124,oracle/task_024/cell_0144,246,with_replacement,8388608,0.8049482554197311,1,completed,512,20.0,0.5558828660628208,0.04265035080660849
4,184,4b74724c4225fcfe043fdd749fb740fff4cf33c8,cuda,1.0,8,0.5,gaussian,0.8102415553609849,64,standard normal at finite u_max,infinite,oracle,0.2541700958575088,0.0489588027039352,unbiased,0.00012311001386025586,8192,37777408,1.3000539089702556e-08,0.25417011049306276,0.048958802703935225,1.3000722165479317e-08,0.5429758799665433,0.05755088039911853,oracle/task_024/cell_0184,232,with_replacement,16777216,0.7992615699768066,4,completed,512,20.0,0.5429758799665432,0.05755007383975017
8,224,4b74724c4225fcfe043fdd749fb740fff4cf33c8,cuda,1.0,8,0.5,gaussian,0.6737616680862881,64,standard normal at finite u_max,infinite,oracle,0.0884858110387523,0.020088125415162986,unbiased,0.0004899248296148398,8192,73691136,1.3000539089702556e-08,0.0884859376166347,0.020088125415163013,1.3000722498546224e-08,0.19928302484438554,0.02236676456307413,oracle/task_024/cell_0224,475,with_replacement,134217728,3.007020875811577,2,completed,2048,20.0,0.19928302484438556,0.022366357503636407
2,264,4b74724c4225fcfe043fdd749fb740fff4cf33c8,cuda,1.0,1,0.5,mixture,0.7059124927802071,64,standard normal at finite u_max,infinite,oracle,0.6989092771641991,1.7204276279394548,unbiased,0.00013482731596593277,8192,7015936,0.6948531129377623,0.6989093094646289,1.720427627939455,0.6948531129377662,0.9904202106779696,1.7205134618838795,oracle/task_024/cell_0264,147,without_replacement,8388608,0.7358613610267639,0,completed,512,20.0,0.9904202106779696,1.7205134534681963
4,304,4b74724c4225fcfe043fdd749fb740fff4cf33c8,cuda,1.0,1,0.5,mixture,0.6805435834898274,64,standard normal at finite u_max,infinite,oracle,0.6961187783023333,1.729764849515938,unbiased,0.00012587000567449726,8192,9375232,0.6948531129377623,0.6961187879313567,1.729764849515938,0.694853112937766,0.989095076865034,1.7297822731155323,oracle/task_024/cell_0304,115,without_replacement,16777216,0.7264041155576706,3,completed,512,20.0,0.989095076865034,1.7297813614820683
8,344,4b74724c4225fcfe043fdd749fb740fff4cf33c8,cuda,1.0,1,0.5,mixture,0.9982951560876203,64,standard normal at finite u_max,infinite,oracle,0.2815645690782479,0.6854127521436886,unbiased,0.3466989238032518,8192,14093824,0.2815495646143611,0.28156456920816386,0.685412752143689,0.28154956461436564,0.16837491646129998,0.6855183129455492,oracle/task_024/cell_0344,21,without_replacement,134217728,2.7285973727703094,1,completed,2048,20.0,0.16837491646129865,0.685517236188059
2,384,4b74724c4225fcfe043fdd749fb740fff4cf33c8,cuda,1.0,1,0.5,mixture,0.7367008481123332,64,standard normal at finite u_max,finite,oracle,0.6955023365471665,1.7195323382163719,tail,0.13268540224090752,8192,2821632,0.6948531129377623,0.6955023442333051,1.719532338216372,0.6948531129377662,0.9885779793125344,1.7195347625151844,oracle/task_024/cell_0384,116,with_replacement,33554432,3.8692676573991776,4,completed,2048,20.0,0.9885779793125344,1.7195370612893286
4,424,4b74724c4225fcfe043fdd749fb740fff4cf33c8,cuda,1.0,8,0.5,mixture,0.6829787318712831,64,standard normal at finite u_max,finite,oracle,0.6904953876522133,1.5395538520417296,tail,0.00012220743156055914,8192,37777408,0.6461398347033217,0.6904954111129518,1.5395538520417302,0.646139834703325,0.9953476922649009,1.5833941763639818,oracle/task_024/cell_0424,142,with_replacement,16777216,1.028996780514717,2,completed,512,20.0,0.995347692264901,1.583394075655181
8,464,4b74724c4225fcfe043fdd749fb740fff4cf33c8,cuda,1.0,8,0.5,mixture,0.5321108861692051,64,standard normal at finite u_max,finite,oracle,0.5903724136869062,1.4143901669438028,tail,0.0016765689354382553,8192,73691136,0.5707988471019287,0.5903724300716346,1.4143901669438024,0.5707988471019314,0.7544847722721604,1.417500190247517,oracle/task_024/cell_0464,302,with_replacement,134217728,3.978087231516838,0,completed,2048,20.0,0.7544847722721603,1.417499691914784
2,504,4b74724c4225fcfe043fdd749fb740fff4cf33c8,cuda,1.0,8,0.5,mixture,0.5347180396827907,64,standard normal at finite u_max,finite,oracle,0.6970896349119469,1.672106110024301,tail,0.0010983695490593933,8192,24014848,0.6948531129377623,0.6970896474976588,1.6721061100243007,0.6948531129377657,0.991077866943671,1.6730440975691976,oracle/task_024/cell_0504,491,without_replacement,33554432,3.981267526745796,3,completed,2048,20.0,0.991077866943671,1.6730436829887512
4,544,4b74724c4225fcfe043fdd749fb740fff4cf33c8,cuda,1.0,1,0.5,weak_mixture,0.9966639898502961,64,standard normal at finite u_max,finite,oracle,0.04126249648552227,0.04808038352115478,tail,0.49795731620114636,8192,9375232,0.031009690975054516,0.04126248594957066,0.048080383521154894,0.03100969062571346,0.008796415931287216,0.04812411607276989,oracle/task_024/cell_0544,2,without_replacement,16777216,0.9488999843597412,1,completed,512,20.0,0.008796415931287216,0.04812518200393269
8,584,4b74724c4225fcfe043fdd749fb740fff4cf33c8,cuda,1.0,1,0.5,weak_mixture,0.5213572594586936,64,standard normal at finite u_max,finite,oracle,0.015615106819353713,0.005509393589894111,tail,0.49091487935468603,8192,14093824,0.0006529437685817152,0.015615103731308755,0.005509393589894218,0.0006529441179222717,0.015447750186285303,0.00973958239167604,oracle/task_024/cell_0584,1,without_replacement,33554432,0.9514173567295074,4,completed,512,20.0,0.015447750186285969,0.009738636784519283
4,624,4b74724c4225fcfe043fdd749fb740fff4cf33c8,cuda,1.0,1,0.5,weak_mixture,0.6888789563435492,64,standard normal at finite u_max,finite,oracle,0.02537848400892384,0.024431372555920268,full,0.49779282495531824,8192,42406912,0.015320575704959483,0.025378472321469725,0.02443137255592017,0.015320576054300483,0.053020733362884265,0.024804167058797955,oracle/task_024/cell_0624,1,with_replacement,1073741824,2.183813601732254,3,completed,2048,20.0,0.053020733362884265,0.02480415815856212
2,664,4b74724c4225fcfe043fdd749fb740fff4cf33c8,cuda,1.0,8,0.5,weak_mixture,0.9506954781539186,64,standard normal at finite u_max,infinite,oracle,0.02412106435595715,0.02337347717537956,unbiased,0.46715127175420806,8192,19820544,0.01743282114183458,0.02412107110307731,0.02337347717537956,0.017432821054499448,0.0615985527159789,0.027283612874386035,oracle/task_024/cell_0664,5,with_replacement,8388608,0.7124050706624985,1,completed,512,20.0,0.061598552715979124,0.027283285267330704
4,704,4b74724c4225fcfe043fdd749fb740fff4cf33c8,cuda,1.0,8,0.5,weak_mixture,0.7657541580724158,64,standard normal at finite u_max,infinite,oracle,0.02434963351683377,0.022236091375777808,unbiased,0.4759526587410374,8192,37777408,0.018511017022606706,0.024349639597526423,0.022236091375777835,0.018511016935271386,0.04676197349639093,0.024381798513154678,oracle/task_024/cell_0704,4,with_replacement,16777216,0.7093550711870193,4,completed,512,20.0,0.046761973496390885,0.02438270911255423
8,744,4b74724c4225fcfe043fdd749fb740fff4cf33c8,cuda,1.0,8,0.5,weak_mixture,0.8651529150348183,64,standard normal at finite u_max,infinite,oracle,0.020957528512406825,0.017314372662016228,unbiased,0.4936949655880913,8192,73691136,0.015110797012995794,0.020957535739674314,0.017314372662016186,0.015110797100331003,0.042811460319839956,0.020825691019395215,oracle/task_024/cell_0744,4,with_replacement,134217728,2.8181410133838654,2,completed,2048,20.0,0.04281146031983993,0.020825685776135756
4,784,4b74724c4225fcfe043fdd749fb740fff4cf33c8,cuda,1.0,8,0.5,gaussian,0.8108947697429251,64,standard normal at finite u_max,infinite,oracle,0.11763139770279389,0.025171576120185418,unbiased,3.060298837148583e-05,32768,151023616,1.3000539089702556e-08,0.1176314139414554,0.02517157612018546,1.3000722498546224e-08,0.29486946256881125,0.030693520192804663,oracle/task_024/cell_0784,233,with_replacement,67108864,1.1886907368898392,0,completed,512,20.0,0.29486946256881125,0.030693809720930207
4,824,4b74724c4225fcfe043fdd749fb740fff4cf33c8,cuda,1.0,8,0.5,gaussian,0.8033773277681804,64,standard normal at finite u_max,infinite,oracle,0.16296318293892542,0.02641536231823094,unbiased,3.057550697607361e-05,32768,151023616,1.3000539089702556e-08,0.16296332340127875,0.026415362318231078,1.3000722942635434e-08,0.5011060450835847,0.03615528141612525,oracle/task_024/cell_0824,233,with_replacement,67108864,1.1780218482017517,2,completed,512,20.0,0.5011060450835849,0.036155260513811446
4,864,4b74724c4225fcfe043fdd749fb740fff4cf33c8,cuda,1.0,8,0.5,gaussian,0.8081175690476401,64,standard normal at finite u_max,infinite,oracle,0.18559714172406763,0.03898281918347078,unbiased,3.126998062448835e-05,32768,151023616,1.3000539089702556e-08,0.18559723962106484,0.03898281918347063,1.300072183241241e-08,0.3991188174470446,0.04516270904240241,oracle/task_024/cell_0864,233,with_replacement,67108864,1.190281257033348,4,completed,512,20.0,0.3991188174470442,0.045162601954107
4,904,4b74724c4225fcfe043fdd749fb740fff4cf33c8,cuda,1.0,8,0.5,mixture,0.7847369501970086,64,standard normal at finite u_max,infinite,oracle,0.7022887518619527,1.6395675686917601,unbiased,3.057009924165526e-05,32768,151023616,0.6948531129377623,0.7022887758164951,1.6395675686917597,0.694853112937766,0.9952651046868413,1.655522198890271,oracle/task_024/cell_0904,180,with_replacement,67108864,1.1697045415639877,1,completed,512,20.0,0.9952651046868414,1.6555216786492564
4,944,4b74724c4225fcfe043fdd749fb740fff4cf33c8,cuda,1.0,8,0.5,mixture,0.7964228736203586,64,standard normal at finite u_max,infinite,oracle,0.7035204328652622,1.6312428733544173,unbiased,3.051757852233582e-05,32768,151023616,0.6948531129377623,0.7035204576876166,1.6312428733544166,0.6948531129377655,0.9946192452602312,1.6516200640490974,oracle/task_024/cell_0944,180,with_replacement,67108864,1.1692848354578018,3,completed,512,20.0,0.9946192452602313,1.6516198986706994
4,984,4b74724c4225fcfe043fdd749fb740fff4cf33c8,cuda,1.0,8,0.5,weak_mixture,0.9958311710974855,64,standard normal at finite u_max,infinite,oracle,0.024925737983918554,0.024314978374185267,unbiased,0.4701751120749737,32768,151023616,0.020731335144743707,0.024925737705798125,0.02431497837418529,0.020731335232079012,0.03593450104575996,0.027159431740874557,oracle/task_024/cell_0984,5,with_replacement,67108864,1.0979261845350266,0,completed,512,20.0,0.03593450104575971,0.02715912382997921
4,1024,4b74724c4225fcfe043fdd749fb740fff4cf33c8,cuda,1.0,8,0.5,weak_mixture,0.8793485246787285,64,standard normal at finite u_max,infinite,oracle,0.014940985119283906,0.012243774737836131,unbiased,0.4843302771232519,32768,151023616,0.009706650865101113,0.014940989721441436,0.012243774737836107,0.00970665103977178,0.041413345140385166,0.015623765140448718,oracle/task_024/cell_1024,4,with_replacement,67108864,1.104070022702217,2,completed,512,20.0,0.04141334514038593,0.01562395224571509
4,1064,4b74724c4225fcfe043fdd749fb740fff4cf33c8,cuda,1.0,8,0.5,weak_mixture,0.6726973048518426,64,standard normal at finite u_max,infinite,oracle,0.010393116259879407,0.007695263674089509,unbiased,0.47992169546036156,32768,151023616,0.004923451148761276,0.01039311512727999,0.00769526367408953,0.0049234511487612626,0.03150700100766324,0.01007679811956013,oracle/task_024/cell_1064,4,with_replacement,67108864,1.106506571173668,4,completed,512,20.0,0.031507001007663446,0.010076828501233199
8,25,4b74724c4225fcfe043fdd749fb740fff4cf33c8,cuda,1.0,1,0.5,gaussian,0.9564811837319491,64,standard normal at finite u_max,finite,oracle,0.09743810213986914,0.029632501099159603,tail,0.19535424968727638,8192,14093824,1.3000539089702556e-08,0.09743802415526237,0.029632501099160047,1.300072227650162e-08,0.002451024022050885,0.029681132736567507,oracle/task_025/cell_0025,42,without_replacement,33554432,0.9790955930948257,1,completed,512,20.0,0.00245102402205033,0.029680675907453342
4,65,4b74724c4225fcfe043fdd749fb740fff4cf33c8,cuda,1.0,1,0.5,gaussian,0.9999524825034529,64,standard normal at finite u_max,finite,oracle,0.06491200731049879,0.015312865033155432,full,0.4166401017873274,8192,42406912,1.3000539089702556e-08,0.06491229332687931,0.015312865033155432,1.3000722942635434e-08,0.17330621500644416,0.01584438418354909,oracle/task_025/cell_0065,39,with_replacement,1073741824,2.2189726307988167,0,completed,2048,20.0,0.1733062150064444,0.015845442809265482
2,105,4b74724c4225fcfe043fdd749fb740fff4cf33c8,cuda,1.0,1,0.5,gaussian,0.5435216569653085,64,standard normal at finite u_max,infinite,oracle,0.15777364774929475,0.041053137095141135,unbiased,0.07533197287380551,8192,2821632,1.3000539089702556e-08,0.15777367033291978,0.04105313709514047,1.3000722054457015e-08,0.1904343881494981,0.041115457779537665,oracle/task_025/cell_0105,172,with_replacement,33554432,2.8410762026906013,3,completed,2048,20.0,0.19043438814949765,0.04111841599842528
4,145,4b74724c4225fcfe043fdd749fb740fff4cf33c8,cuda,1.0,8,0.5,gaussian,0.9849622611334328,64,standard normal at finite u_max,infinite,oracle,0.1616855719715416,0.029072519404918257,unbiased,0.0001223043235169254,8192,37777408,1.3000539089702556e-08,0.16168567055090965,0.02907251940491823,1.300072183241241e-08,0.4052235545660201,0.03771706543097564,oracle/task_025/cell_0145,233,with_replacement,16777216,0.7955097183585167,1,completed,512,20.0,0.40522355456601966,0.03771780860118937
8,185,4b74724c4225fcfe043fdd749fb740fff4cf33c8,cuda,1.0,8,0.5,gaussian,0.9565155323770388,64,standard normal at finite u_max,infinite,oracle,0.18686965505684594,0.03748132992103004,unbiased,0.00012207031349174488,8192,73691136,1.3000539089702556e-08,0.18686971901934052,0.037481329921030065,1.3000722498546224e-08,0.4125124453091814,0.04909761420701677,oracle/task_025/cell_0185,210,with_replacement,33554432,0.803726851940155,4,completed,512,20.0,0.4125124453091814,0.04909782760331584
2,225,4b74724c4225fcfe043fdd749fb740fff4cf33c8,cuda,1.0,8,0.5,gaussian,0.5967037098569223,64,standard normal at finite u_max,infinite,oracle,0.15116123883912633,0.03323911158192737,unbiased,0.000558298585756503,8192,24014848,1.3000539089702556e-08,0.1511613375706511,0.0332391115819274,1.300072272059083e-08,0.3455741608501077,0.03842138309186184,oracle/task_025/cell_0225,694,without_replacement,33554432,3.013043098151684,2,completed,2048,20.0,0.34557416085010784,0.03842237907047599
4,265,4b74724c4225fcfe043fdd749fb740fff4cf33c8,cuda,1.0,1,0.5,mixture,0.5973137082540201,64,standard normal at finite u_max,infinite,oracle,0.6960972025165205,1.736243920131127,unbiased,0.00012931292917735848,8192,9375232,0.6948531129377623,0.6960972195509646,1.7362439201311273,0.6948531129377662,0.9889102356161958,1.736245580385185,oracle/task_025/cell_0265,113,without_replacement,16777216,0.7260605096817017,0,completed,512,20.0,0.9889102356161958,1.7362488244991237
8,305,4b74724c4225fcfe043fdd749fb740fff4cf33c8,cuda,1.0,1,0.5,mixture,0.502324500047053,64,standard normal at finite u_max,infinite,oracle,0.6962589529194041,1.7278445002085232,unbiased,0.000478531783483252,8192,14093824,0.6948531129377623,0.6962589645808775,1.7278445002085236,0.6948531129377664,0.989044120262227,1.727860326610551,oracle/task_025/cell_0305,75,without_replacement,33554432,0.716315433382988,3,completed,512,20.0,0.989044120262227,1.7278590761046624
2,345,4b74724c4225fcfe043fdd749fb740fff4cf33c8,cuda,1.0,1,0.5,mixture,0.6558376388569688,64,standard normal at finite u_max,finite,oracle,0.6952301540573343,1.7136642678900809,tail,0.22864078658581607,8192,2821632,0.6948531129377623,0.6952301550004311,1.7136642678900806,0.6948531129377657,0.987236300903649,1.7136638400496453,oracle/task_025/cell_0345,120,with_replacement,33554432,3.8751314282417297,1,completed,2048,20.0,0.987236300903649,1.713665229432951
4,385,4b74724c4225fcfe043fdd749fb740fff4cf33c8,cuda,1.0,1,0.5,mixture,0.6492692201589304,64,standard normal at finite u_max,finite,oracle,0.6496312303217199,1.61467877869638,tail,0.3440271145654059,8192,5180928,0.6486440828685515,0.6496312389941319,1.61467877869638,0.6486440828685552,0.7756780377786194,1.6146982980199127,oracle/task_025/cell_0385,32,with_replacement,67108864,3.84468013048172,4,completed,2048,20.0,0.7756780377786194,1.6146986001657933
8,425,4b74724c4225fcfe043fdd749fb740fff4cf33c8,cuda,1.0,8,0.5,mixture,0.9962224273064557,64,standard normal at finite u_max,finite,oracle,0.6173104430943183,1.4569073420489076,tail,0.00012217777492282378,8192,73691136,0.5974265564688811,0.6173104645838784,1.4569073420489067,0.5974265564688825,0.9940403088384913,1.4812173684495127,oracle/task_025/cell_0425,126,with_replacement,33554432,1.0222009494900703,2,completed,512,20.0,0.9940403088384913,1.4812173124520585
2,465,4b74724c4225fcfe043fdd749fb740fff4cf33c8,cuda,1.0,8,0.5,mixture,0.6857518168439584,64,standard normal at finite u_max,finite,oracle,0.6771816978973287,1.527164940295233,tail,0.0014922697956817608,8192,24014848,0.6461398347033216,0.6771817081685543,1.5271649402952328,0.6461398347033244,0.991335224786561,1.5730725790691484,oracle/task_025/cell_0465,493,without_replacement,33554432,3.9849993288517,0,completed,2048,20.0,0.991335224786561,1.573072573351507
4,505,4b74724c4225fcfe043fdd749fb740fff4cf33c8,cuda,1.0,8,0.5,mixture,0.913095966867235,64,standard normal at finite u_max,finite,oracle,0.6978648569571312,1.7030671143238265,tail,0.0002712957899271026,8192,41971712,0.6948531129377623,0.6978648801063358,1.7030671143238267,0.6948531129377664,0.990829473509562,1.7032599664655355,oracle/task_025/cell_0505,414,without_replacement,67108864,3.9545986130833626,3,completed,2048,20.0,0.9908294735095619,1.7032601659041342
8,545,4b74724c4225fcfe043fdd749fb740fff4cf33c8,cuda,1.0,1,0.5,weak_mixture,0.9895448314799998,64,standard normal at finite u_max,finite,oracle,0.039227755273176124,0.0481065648626295,tail,0.47949236513038035,8192,14093824,0.03549339334136764,0.03922775809859491,0.048106564862629576,0.03549339299202714,0.024640752717122405,0.04818346693116651,oracle/task_025/cell_0545,2,without_replacement,33554432,0.9517581686377525,1,completed,512,20.0,0.024640752717123515,0.04818306150224115
4,585,4b74724c4225fcfe043fdd749fb740fff4cf33c8,cuda,1.0,1,0.5,weak_mixture,0.5351755131246632,64,standard normal at finite u_max,finite,oracle,0.022045866187134666,0.025197602645524154,full,0.4989924739449851,8192,42406912,0.016023380051129354,0.022045859617443875,0.025197602645524057,0.016023380400470355,0.10369731449159736,0.026727360165991497,oracle/task_025/cell_0585,1,with_replacement,1073741824,2.207731172442436,0,completed,2048,20.0,0.10369731449159736,0.02672795288919088
2,625,4b74724c4225fcfe043fdd749fb740fff4cf33c8,cuda,1.0,1,0.5,weak_mixture,0.8918881673023695,64,standard normal at finite u_max,infinite,oracle,0.02516503279008475,0.0137359313436377,unbiased,0.49841085968543,8192,2821632,0.01156057074454031,0.025165044173030338,0.013735931343637802,0.011560570395199199,0.09093203208891631,0.021163819046786873,oracle/task_025/cell_0625,1,with_replacement,33554432,2.79061745852232,3,completed,2048,20.0,0.09093203208891654,0.021163494525485015
4,665,4b74724c4225fcfe043fdd749fb740fff4cf33c8,cuda,1.0,8,0.5,weak_mixture,0.5879443560365547,64,standard normal at finite u_max,infinite,oracle,0.04175274678571018,0.03912780872047149,unbiased,0.4666802292371639,8192,37777408,0.0313032802051096,0.04175274651534293,0.03912780872047147,0.03130328029244485,0.0993860384008151,0.043819898249235975,oracle/task_025/cell_0665,4,with_replacement,16777216,0.7129896506667137,1,completed,512,20.0,0.0993860384008152,0.04381975382318635
8,705,4b74724c4225fcfe043fdd749fb740fff4cf33c8,cuda,1.0,8,0.5,weak_mixture,0.5082733348311628,64,standard normal at finite u_max,infinite,oracle,0.0525759867880141,0.05526289156335645,unbiased,0.4655112606835643,8192,73691136,0.04064428104537162,0.052575983184266914,0.055262891563356474,0.040644281220042225,0.10608291324222288,0.057388512480431614,oracle/task_025/cell_0705,4,with_replacement,33554432,0.7196728736162186,4,completed,512,20.0,0.10608291324222274,0.05738830799604211
2,745,4b74724c4225fcfe043fdd749fb740fff4cf33c8,cuda,1.0,8,0.5,weak_mixture,0.7823262563118845,64,standard normal at finite u_max,infinite,oracle,0.029607328362147866,0.027666147277205493,unbiased,0.49085838413039257,8192,24014848,0.022660419682907905,0.029607330798466645,0.027666147277205507,0.022660419770243106,0.06767706516601374,0.031099819908690943,oracle/task_025/cell_0745,4,without_replacement,33554432,2.7469494938850403,2,completed,2048,20.0,0.0676770651660137,0.031099563488283362
4,785,4b74724c4225fcfe043fdd749fb740fff4cf33c8,cuda,1.0,8,0.5,gaussian,0.806152512154442,64,standard normal at finite u_max,infinite,oracle,0.12177414564296843,0.01762407601903271,unbiased,7.630838058569737e-06,131072,604008448,1.3000539089702556e-08,0.12177432750223757,0.017624076019032806,1.3000722054457015e-08,0.4595612161840216,0.031463943057539266,oracle/task_025/cell_0785,233,with_replacement,268435456,3.466153562068939,0,completed,512,20.0,0.45956121618402135,0.0314638866307733
4,825,4b74724c4225fcfe043fdd749fb740fff4cf33c8,cuda,1.0,8,0.5,gaussian,0.8041100242180378,64,standard normal at finite u_max,infinite,oracle,0.2702205371727044,0.05587517289413929,unbiased,7.988873903846486e-06,131072,604008448,1.3000539089702556e-08,0.2702205858665668,0.05587517289413933,1.3000722165479317e-08,0.5420222951579821,0.06551217813765509,oracle/task_025/cell_0825,232,with_replacement,268435456,3.4591366350650787,2,completed,512,20.0,0.5420222951579821,0.06551218144272287
4,865,4b74724c4225fcfe043fdd749fb740fff4cf33c8,cuda,1.0,8,0.5,gaussian,0.803456877355236,64,standard normal at finite u_max,infinite,oracle,0.16832752672768994,0.033884431660282294,unbiased,7.631869836162915e-06,131072,604008448,1.3000539089702556e-08,0.16832759012905596,0.03388443166028232,1.300072227650162e-08,0.4274690437862054,0.040124892471315954,oracle/task_025/cell_0865,233,with_replacement,268435456,3.4570883065462112,4,completed,512,20.0,0.4274690437862053,0.04012482603693669
4,905,4b74724c4225fcfe043fdd749fb740fff4cf33c8,cuda,1.0,8,0.5,mixture,0.7839547172000766,64,standard normal at finite u_max,infinite,oracle,0.6997693354767592,1.636803191404718,unbiased,7.653362151284595e-06,131072,604008448,0.6948531129377623,0.6997693573102888,1.6368031914047187,0.6948531129377669,0.9950535351919223,1.6524780116163407,oracle/task_025/cell_0905,182,with_replacement,268435456,3.442007564008236,1,completed,512,20.0,0.9950535351919223,1.6524780877324967
4,945,4b74724c4225fcfe043fdd749fb740fff4cf33c8,cuda,1.0,8,0.5,mixture,0.7812344471118335,64,standard normal at finite u_max,infinite,oracle,0.6972464165855312,1.6274907265613194,unbiased,7.630040038879235e-06,131072,604008448,0.6948531129377623,0.6972464319430418,1.6274907265613203,0.6948531129377671,0.9939767235531545,1.6427176450515701,oracle/task_025/cell_0945,181,with_replacement,268435456,3.4442742615938187,3,completed,512,20.0,0.9939767235531544,1.6427175896080097
4,985,4b74724c4225fcfe043fdd749fb740fff4cf33c8,cuda,1.0,8,0.5,weak_mixture,0.7668849741984547,64,standard normal at finite u_max,infinite,oracle,0.007379723855208818,0.004478968721666262,unbiased,0.4749834764609806,131072,604008448,0.004871571439091185,0.007379740794224817,0.004478968721666244,0.004871571526426505,0.03175825484304265,0.007499904770465006,oracle/task_025/cell_0985,4,with_replacement,268435456,3.3786547034978867,0,completed,512,20.0,0.03175825484304326,0.007500090920717849
4,1025,4b74724c4225fcfe043fdd749fb740fff4cf33c8,cuda,1.0,8,0.5,weak_mixture,0.997962813030419,64,standard normal at finite u_max,infinite,oracle,0.009575270780218439,0.01017079102422337,unbiased,0.484148229985381,131072,604008448,0.00777645986421116,0.009575268504022589,0.010170791024223419,0.00777645968954075,0.01837026605210848,0.01057971155036512,oracle/task_025/cell_1025,5,with_replacement,268435456,3.3785806000232697,2,completed,512,20.0,0.018370266052108425,0.010579972647227643
4,1065,4b74724c4225fcfe043fdd749fb740fff4cf33c8,cuda,1.0,8,0.5,weak_mixture,0.9942235046652032,64,standard normal at finite u_max,infinite,oracle,0.00948158409005882,0.009131777758685806,unbiased,0.47520735564258276,131072,604008448,0.00728854007201564,0.009481579849240241,0.009131777758685837,0.007288539984680584,0.01587496378682103,0.010571119649727352,oracle/task_025/cell_1065,5,with_replacement,268435456,3.381691485643387,4,completed,512,20.0,0.015874963786821336,0.010571134007707466
4,26,4b74724c4225fcfe043fdd749fb740fff4cf33c8,cuda,1.0,1,0.5,gaussian,0.706749682029945,64,standard normal at finite u_max,finite,oracle,0.015417796064746248,0.004689161453027557,full,0.2633897371058953,8192,42406912,1.3000539089702556e-08,0.015417906043932006,0.004689161453027557,1.3000722942635434e-08,3.483920813840413e-06,0.004898608622706211,oracle/task_026/cell_0026,40,with_replacement,268435456,0.6233280897140503,2,completed,512,20.0,3.483920813840413e-06,0.00489846800017231
2,66,4b74724c4225fcfe043fdd749fb740fff4cf33c8,cuda,1.0,1,0.5,gaussian,0.7929179599417961,64,standard normal at finite u_max,infinite,oracle,0.159229761469324,0.044735649387248055,unbiased,0.04141268123194665,8192,2821632,1.3000539089702556e-08,0.1592296988829257,0.04473564938724772,1.3000722498546224e-08,0.13588468576839052,0.04483286673590562,oracle/task_026/cell_0066,176,with_replacement,33554432,3.0719858556985855,0,completed,2048,20.0,0.1358846857683903,0.044832856846599975
4,106,4b74724c4225fcfe043fdd749fb740fff4cf33c8,cuda,1.0,1,0.5,gaussian,0.8598308302775487,64,standard normal at finite u_max,infinite,oracle,0.024314177671335424,0.00168167123301588,unbiased,0.2715419667968795,8192,5180928,1.3000539089702556e-08,0.024314357063518977,0.001681671233015214,1.3000722054457015e-08,0.1641543101854096,0.008011822939176516,oracle/task_026/cell_0106,76,with_replacement,67108864,3.0305909514427185,3,completed,2048,20.0,0.16415431018540905,0.008013530122396525
8,146,4b74724c4225fcfe043fdd749fb740fff4cf33c8,cuda,1.0,8,0.5,gaussian,0.5172679190672431,64,standard normal at finite u_max,infinite,oracle,0.14273001448371958,0.024010545536477357,unbiased,0.00012215735570062625,8192,73691136,1.3000539089702556e-08,0.14273017811279387,0.0240105455364773,1.300072227650162e-08,0.45629338396321173,0.035520110134244,oracle/task_026/cell_0146,214,with_replacement,33554432,0.8463838845491409,1,completed,512,20.0,0.4562933839632116,0.035520433968193856
2,186,4b74724c4225fcfe043fdd749fb740fff4cf33c8,cuda,1.0,8,0.5,gaussian,0.5450404426032979,64,standard normal at finite u_max,infinite,oracle,0.18955482648868927,0.041104597959284186,unbiased,0.0001243007331473612,8192,24014848,1.3000539089702556e-08,0.18955485378916645,0.0411045979592841,1.300072227650162e-08,0.3787003082921195,0.04472739045255063,oracle/task_026/cell_0186,245,without_replacement,8388608,0.8462760299444199,4,completed,512,20.0,0.3787003082921193,0.044727434008241924
4,226,4b74724c4225fcfe043fdd749fb740fff4cf33c8,cuda,1.0,8,0.5,gaussian,0.6398173204889813,64,standard normal at finite u_max,infinite,oracle,0.19660813678700942,0.0455023590883228,unbiased,0.0011246041899586826,8192,41971712,1.3000539089702556e-08,0.19660819619014938,0.04550235908832277,1.3000722387523922e-08,0.35630249417711435,0.04975725404218359,oracle/task_026/cell_0226,597,without_replacement,67108864,3.1979669332504272,2,completed,2048,20.0,0.3563024941771142,0.0497566587747293
8,266,4b74724c4225fcfe043fdd749fb740fff4cf33c8,cuda,1.0,1,0.5,mixture,0.9712233134742717,64,standard normal at finite u_max,infinite,oracle,0.6723082752234435,1.6884291630179171,unbiased,0.00030304041261020856,8192,14093824,0.6678000708087947,0.6723082981138429,1.6884291630179178,0.6678000708087991,0.8543494027651798,1.688427280291389,oracle/task_026/cell_0266,74,without_replacement,33554432,0.7673606872558594,0,completed,512,20.0,0.8543494027651799,1.688429360899573
2,306,4b74724c4225fcfe043fdd749fb740fff4cf33c8,cuda,1.0,1,0.5,mixture,0.515700277174551,64,standard normal at finite u_max,finite,oracle,0.6956805773985906,1.694801462678613,tail,0.00021644419115997946,8192,2821632,0.6948531129377623,0.6956805797837525,1.694801462678613,0.694853112937766,0.9887431985741795,1.6948873053712383,oracle/task_026/cell_0306,117,with_replacement,8388608,1.0817956775426865,3,completed,512,20.0,0.9887431985741795,1.6948875537569479
4,346,4b74724c4225fcfe043fdd749fb740fff4cf33c8,cuda,1.0,1,0.5,mixture,0.7160709587296026,64,standard normal at finite u_max,finite,oracle,0.6418031761367884,1.5820786632104014,tail,0.29687796520573173,8192,5180928,0.6413689893061871,0.6418031825472822,1.5820786632104011,0.6413689893061907,0.747789779080771,1.5821345013218813,oracle/task_026/cell_0346,32,with_replacement,67108864,4.158760711550713,1,completed,2048,20.0,0.747789779080771,1.582134061157765
8,386,4b74724c4225fcfe043fdd749fb740fff4cf33c8,cuda,1.0,1,0.5,mixture,0.6627608214246308,64,standard normal at finite u_max,finite,oracle,0.18044403135295262,0.4240174248498662,tail,0.45405267834325436,8192,9899520,0.16873325384710097,0.1804440849300727,0.4240174248498665,0.1687332538471047,0.20233598110593531,0.42413877597296074,oracle/task_026/cell_0386,16,with_replacement,134217728,4.158428564667702,4,completed,2048,20.0,0.20233598110593531,0.42413919110664466
2,426,4b74724c4225fcfe043fdd749fb740fff4cf33c8,cuda,1.0,8,0.5,mixture,0.6450310664579454,64,standard normal at finite u_max,finite,oracle,0.40906579631341605,0.8510426392268773,tail,0.00014127002232381395,8192,24014848,0.3538601652966783,0.4090658874398179,0.8510426392268768,0.3538601652966753,0.9924782007970465,0.867133587885084,oracle/task_026/cell_0426,156,without_replacement,8388608,1.1051740050315857,2,completed,512,20.0,0.9924782007970465,0.8671325669329539
4,466,4b74724c4225fcfe043fdd749fb740fff4cf33c8,cuda,1.0,8,0.5,mixture,0.9409253573361311,64,standard normal at finite u_max,finite,oracle,0.6990995697007475,1.7119503649043288,tail,0.0002263408904307391,8192,41971712,0.6948531129377623,0.6990995918994715,1.7119503649043286,0.694853112937766,0.9910352494478265,1.7120677781446922,oracle/task_026/cell_0466,408,without_replacement,67108864,4.288488388061523,0,completed,2048,20.0,0.9910352494478267,1.7120678473383202
8,506,4b74724c4225fcfe043fdd749fb740fff4cf33c8,cuda,1.0,8,0.5,mixture,0.5264635065323533,64,standard normal at finite u_max,finite,oracle,0.649533549506766,1.6067904281701415,tail,0.0024311916843364812,8192,77885440,0.6461398347033217,0.6495335701567801,1.606790428170141,0.6461398347033243,0.989448092776557,1.6069771175904852,oracle/task_026/cell_0506,266,without_replacement,134217728,4.241948485374451,3,completed,2048,20.0,0.9894480927765571,1.606976606260078
4,546,4b74724c4225fcfe043fdd749fb740fff4cf33c8,cuda,1.0,1,0.5,weak_mixture,0.7177043647632606,64,standard normal at finite u_max,finite,oracle,0.011425554977974983,0.009741215379757355,full,0.4956803449652541,8192,42406912,0.0060888783132408975,0.011425567055582064,0.009741215379757253,0.006088878662581898,0.02037309386654418,0.010222752867719606,oracle/task_026/cell_0546,1,with_replacement,268435456,0.6039103865623474,2,completed,512,20.0,0.020373093866543845,0.010221351306112523
2,586,4b74724c4225fcfe043fdd749fb740fff4cf33c8,cuda,1.0,1,0.5,weak_mixture,0.7360876654370313,64,standard normal at finite u_max,infinite,oracle,0.024825768516014923,0.0310931116409845,unbiased,0.49919258415062073,8192,2821632,0.02295302273735389,0.024825767013094246,0.031093111640984404,0.02295302308669489,0.055416281252729904,0.031140746717756455,oracle/task_026/cell_0586,1,with_replacement,33554432,3.0070101618766785,0,completed,2048,20.0,0.055416281252729904,0.031142355821321854
4,626,4b74724c4225fcfe043fdd749fb740fff4cf33c8,cuda,1.0,1,0.5,weak_mixture,0.9365123528660195,64,standard normal at finite u_max,infinite,oracle,0.0239086702919602,0.01547236996241186,unbiased,0.4997249743043592,8192,5180928,0.007023286394645334,0.023908684014773973,0.015472369962411962,0.007023286045304444,0.08440095028276029,0.01971643228343828,oracle/task_026/cell_0626,1,with_replacement,67108864,3.0204025208950043,3,completed,2048,20.0,0.08440095028276007,0.019715148789121298
8,666,4b74724c4225fcfe043fdd749fb740fff4cf33c8,cuda,1.0,8,0.5,weak_mixture,0.8441665349567243,64,standard normal at finite u_max,infinite,oracle,0.017936566257966524,0.014361133148652023,unbiased,0.47071761018198954,8192,73691136,0.014561808075061404,0.017936561550769087,0.014361133148652,0.014561808162396508,0.03234273833486949,0.019136026200206664,oracle/task_026/cell_0666,4,with_replacement,33554432,0.7662785649299622,1,completed,512,20.0,0.03234273833486935,0.0191356013985984
2,706,4b74724c4225fcfe043fdd749fb740fff4cf33c8,cuda,1.0,8,0.5,weak_mixture,0.5285907569244715,64,standard normal at finite u_max,infinite,oracle,0.034564293918145146,0.032221762518060665,unbiased,0.4874384517712107,8192,24014848,0.024812089409448318,0.034564287813409346,0.03222176251806062,0.024812089496783638,0.06077128060272115,0.039042256560859995,oracle/task_026/cell_0706,4,without_replacement,8388608,0.7491706758737564,4,completed,512,20.0,0.06077128060272102,0.039043044882259605
4,746,4b74724c4225fcfe043fdd749fb740fff4cf33c8,cuda,1.0,8,0.5,weak_mixture,0.8767536420110442,64,standard normal at finite u_max,infinite,oracle,0.028290550705271332,0.024649284064097807,unbiased,0.49588102464344974,8192,41971712,0.019379608266217818,0.028290557914245153,0.024649284064097856,0.019379608266217818,0.07556390988803732,0.02988369370479689,oracle/task_026/cell_0746,4,without_replacement,67108864,2.9694066792726517,2,completed,2048,20.0,0.07556390988803739,0.029883546278256446
4,786,4b74724c4225fcfe043fdd749fb740fff4cf33c8,cuda,1.0,8,0.5,gaussian,0.8443446497754145,64,standard normal at finite u_max,infinite,oracle,0.13822342032349483,0.02294030459541689,unbiased,0.00012942863496552575,8192,37777408,1.3000539089702556e-08,0.1382235790065862,0.02294030459541692,1.3000722498546224e-08,0.44347470952619034,0.034337656292747765,oracle/task_026/cell_0786,304,with_replacement,16777216,0.8902391344308853,0,completed,512,10.0,0.4434747095261904,0.03433759043213094
4,826,4b74724c4225fcfe043fdd749fb740fff4cf33c8,cuda,1.0,8,0.5,gaussian,0.9955218775725998,64,standard normal at finite u_max,infinite,oracle,0.4003118375703534,0.08957929677696173,unbiased,0.00012360045044651746,8192,37777408,1.3000539089702556e-08,0.4003117777571099,0.08957929677696165,1.3000722387523922e-08,0.5732997262960257,0.09309268633078724,oracle/task_026/cell_0826,303,with_replacement,16777216,0.8880739808082581,2,completed,512,10.0,0.5732997262960257,0.09309315607805654
4,866,4b74724c4225fcfe043fdd749fb740fff4cf33c8,cuda,1.0,8,0.5,gaussian,0.8377974584525264,64,standard normal at finite u_max,infinite,oracle,0.17922458864877922,0.03665992038794394,unbiased,0.00013269882897129956,8192,37777408,1.3000539089702556e-08,0.17922466013157015,0.036659920387943995,1.3000722498546224e-08,0.42380554687863736,0.043453843543023646,oracle/task_026/cell_0866,304,with_replacement,16777216,0.8901912569999695,4,completed,512,10.0,0.42380554687863736,0.04345360575718522
4,906,4b74724c4225fcfe043fdd749fb740fff4cf33c8,cuda,1.0,8,0.5,mixture,0.6226724158935394,64,standard normal at finite u_max,infinite,oracle,0.7084597327360092,1.6494028754125003,unbiased,0.00012207510763430164,8192,37777408,0.6948531129377623,0.7084597592639361,1.6494028754125003,0.6948531129377662,0.9944364168153631,1.6659634472022748,oracle/task_026/cell_0906,237,with_replacement,16777216,0.8667617738246918,1,completed,512,10.0,0.9944364168153631,1.6659638870126043
4,946,4b74724c4225fcfe043fdd749fb740fff4cf33c8,cuda,1.0,8,0.5,mixture,0.5199908071547715,64,standard normal at finite u_max,infinite,oracle,0.7057534882688093,1.6482193871832116,unbiased,0.00012209171189943717,8192,37777408,0.6948531129377623,0.7057535108256601,1.6482193871832111,0.6948531129377659,0.995443399830309,1.6637120257155256,oracle/task_026/cell_0946,236,with_replacement,16777216,0.8650276064872742,3,completed,512,10.0,0.9954433998303089,1.66371259702997
4,986,4b74724c4225fcfe043fdd749fb740fff4cf33c8,cuda,1.0,8,0.5,weak_mixture,0.7130624643925595,64,standard normal at finite u_max,infinite,oracle,0.02877139704623579,0.027418668724434013,unbiased,0.48078609039934883,8192,37777408,0.02254684459007674,0.02877139868549318,0.02741866872443399,0.022546844677412074,0.04773517973369183,0.03096575440151281,oracle/task_026/cell_0986,4,with_replacement,16777216,0.7726048231124878,0,completed,512,10.0,0.047735179733691846,0.030966151994685498
4,1026,4b74724c4225fcfe043fdd749fb740fff4cf33c8,cuda,1.0,8,0.5,weak_mixture,0.658668612480969,64,standard normal at finite u_max,infinite,oracle,0.027929002107397224,0.023640672502652903,unbiased,0.4884083518978244,8192,37777408,0.020542849480636165,0.02792900170963435,0.023640672502652876,0.02054284948063622,0.051263213254098924,0.027207416527731638,oracle/task_026/cell_1026,4,with_replacement,16777216,0.7720099240541458,2,completed,512,10.0,0.051263213254098675,0.027208527718240876
4,1066,4b74724c4225fcfe043fdd749fb740fff4cf33c8,cuda,1.0,8,0.5,weak_mixture,0.9772426466457689,64,standard normal at finite u_max,infinite,oracle,0.022675511030070067,0.019244472544596564,unbiased,0.48877749123073133,8192,37777408,0.0157534682084062,0.022675519585722045,0.01924447254459657,0.015753468121070896,0.05815241214962209,0.022360873414258988,oracle/task_026/cell_1066,4,with_replacement,16777216,0.7702671438455582,4,completed,512,10.0,0.058152412149622454,0.022361011920725482
2,27,4b74724c4225fcfe043fdd749fb740fff4cf33c8,cuda,1.0,1,0.5,gaussian,0.8672432392217951,64,standard normal at finite u_max,infinite,oracle,0.15046291809276502,0.03986227816251964,unbiased,0.00012228821246377663,8192,2821632,1.3000539089702556e-08,0.1504629339391651,0.039862278162519305,1.3000722498546224e-08,0.16197548942995577,0.03990715087406583,oracle/task_027/cell_0027,162,with_replacement,8388608,0.7694020569324493,2,completed,512,20.0,0.16197548942995554,0.03990661313374322
4,67,4b74724c4225fcfe043fdd749fb740fff4cf33c8,cuda,1.0,1,0.5,gaussian,0.6161184526638063,64,standard normal at finite u_max,infinite,oracle,0.127227649417247,0.03737386710973578,unbiased,0.22169306814091513,8192,5180928,1.3000539089702556e-08,0.12722759373902698,0.03737386710973545,1.3000722498546224e-08,0.1023003989568173,0.03739311237086478,oracle/task_027/cell_0067,78,with_replacement,67108864,2.820162460207939,0,completed,2048,20.0,0.10230039895681708,0.03739354694922874
8,107,4b74724c4225fcfe043fdd749fb740fff4cf33c8,cuda,1.0,1,0.5,gaussian,0.9962633996670692,64,standard normal at finite u_max,infinite,oracle,0.03501334872265682,0.006918767623374733,unbiased,0.3469955604303674,8192,9899520,1.3000539089702556e-08,0.03501348405333732,0.0069187676233744,1.3000722498546224e-08,0.10615725407328147,0.008406013072201889,oracle/task_027/cell_0107,51,with_replacement,134217728,2.8316315561532974,3,completed,2048,20.0,0.10615725407328125,0.008405574041517498
2,147,4b74724c4225fcfe043fdd749fb740fff4cf33c8,cuda,1.0,8,0.5,gaussian,0.5377917568117636,64,standard normal at finite u_max,infinite,oracle,0.20188448719180496,0.03923920017609231,unbiased,0.00012314375301243828,8192,24014848,1.3000539089702556e-08,0.20188459576916318,0.03923920017609224,1.3000722054457015e-08,0.494027272372476,0.04793972944753628,oracle/task_027/cell_0147,246,without_replacement,8388608,0.7870566993951797,1,completed,512,20.0,0.49402727237247585,0.04793920798254252
4,187,4b74724c4225fcfe043fdd749fb740fff4cf33c8,cuda,1.0,8,0.5,gaussian,0.9860231797187942,64,standard normal at finite u_max,infinite,oracle,0.15942561826660157,0.024764173336059292,unbiased,0.00012232518565821106,8192,41971712,1.3000539089702556e-08,0.15942573010738825,0.02476417333605925,1.3000721721390107e-08,0.5088817441219909,0.038429727342072756,oracle/task_027/cell_0187,232,without_replacement,16777216,0.7838349789381027,4,completed,512,20.0,0.5088817441219905,0.038429392134624915
8,227,4b74724c4225fcfe043fdd749fb740fff4cf33c8,cuda,1.0,8,0.5,gaussian,0.9177834818708406,64,standard normal at finite u_max,infinite,oracle,0.04841386218320719,0.008796711596520193,unbiased,0.0038285486159490814,8192,77885440,1.3000539089702556e-08,0.04841404695894507,0.00879671159652022,1.3000722498546224e-08,0.1699359857378891,0.012680582856785375,oracle/task_027/cell_0227,437,without_replacement,134217728,2.994497835636139,2,completed,2048,20.0,0.16993598573788904,0.01268142545866183
2,267,4b74724c4225fcfe043fdd749fb740fff4cf33c8,cuda,1.0,1,0.5,mixture,0.9979083049273679,64,standard normal at finite u_max,finite,oracle,0.6949451707688192,1.6896587489488573,tail,0.00038636885197703753,8192,2821632,0.6948531129377623,0.6949451714448438,1.689658748948858,0.6948531129377666,0.9877213029472053,1.689669911933059,oracle/task_027/cell_0267,117,with_replacement,8388608,1.0037049055099487,0,completed,512,20.0,0.9877213029472054,1.6896687793072425
4,307,4b74724c4225fcfe043fdd749fb740fff4cf33c8,cuda,1.0,1,0.5,mixture,0.9061532373417968,64,standard normal at finite u_max,finite,oracle,0.6955462016918481,1.7107428030667549,tail,0.00021361275647340373,8192,5180928,0.6948531129377623,0.6955462104696384,1.710742803066755,0.6948531129377662,0.9882008827382369,1.7107451220433745,oracle/task_027/cell_0307,96,with_replacement,16777216,1.0009584426879883,3,completed,512,20.0,0.9882008827382369,1.710744029348286
8,347,4b74724c4225fcfe043fdd749fb740fff4cf33c8,cuda,1.0,1,0.5,mixture,0.7763128881904428,64,standard normal at finite u_max,finite,oracle,0.12152557618790671,0.28373765594698064,tail,0.46134224516256445,8192,9899520,0.11320896442639133,0.1215256578934244,0.28373765594698097,0.11320896442639516,0.1692915937046311,0.2837479452703962,oracle/task_027/cell_0347,17,with_replacement,134217728,3.836918517947197,1,completed,2048,20.0,0.1692915937046311,0.28374877777098845
2,387,4b74724c4225fcfe043fdd749fb740fff4cf33c8,cuda,1.0,1,0.5,mixture,0.9387424489854723,64,standard normal at finite u_max,finite,oracle,0.695347384515312,1.7146024522784113,tail,0.18983405652535099,8192,7015936,0.6948531129377623,0.695347390579893,1.714602452278412,0.6948531129377666,0.988573187300527,1.7146081994587006,oracle/task_027/cell_0387,120,without_replacement,33554432,3.8179459273815155,4,completed,2048,20.0,0.988573187300527,1.7146079800040912
4,427,4b74724c4225fcfe043fdd749fb740fff4cf33c8,cuda,1.0,8,0.5,mixture,0.7478617970689602,64,standard normal at finite u_max,finite,oracle,0.7008180134569574,1.544207839589458,tail,0.00012216418908216384,8192,41971712,0.6461398347033217,0.7008180206266514,1.544207839589458,0.6461398347033249,0.9943721562916612,1.5909959646006757,oracle/task_027/cell_0427,140,without_replacement,16777216,1.013540357351303,2,completed,512,20.0,0.9943721562916612,1.5909954760162457
8,467,4b74724c4225fcfe043fdd749fb740fff4cf33c8,cuda,1.0,8,0.5,mixture,0.8011301949839481,64,standard normal at finite u_max,finite,oracle,0.6479726728740821,1.5953857696249911,tail,0.000730960220937445,8192,77885440,0.6461398347033217,0.647972686884569,1.595385769624991,0.6461398347033245,0.9892708184160126,1.5956147525600541,oracle/task_027/cell_0467,266,without_replacement,134217728,3.920369580388069,0,completed,2048,20.0,0.9892708184160126,1.5956159176634612
4,507,4b74724c4225fcfe043fdd749fb740fff4cf33c8,cuda,1.0,8,0.5,mixture,0.999549037030863,64,standard normal at finite u_max,finite,oracle,0.47514969587990347,1.127806787136048,full,0.3787581138824577,8192,337420288,0.4592183311248353,0.4751497225315406,1.127806787136047,0.45921833112483496,0.8029785459251084,1.131561204575072,oracle/task_027/cell_0507,36,with_replacement,1073741824,7.4909200221300125,4,completed,2048,20.0,0.8029785459251083,1.1315614881073741
2,547,4b74724c4225fcfe043fdd749fb740fff4cf33c8,cuda,1.0,1,0.5,weak_mixture,0.910079358745239,64,standard normal at finite u_max,infinite,oracle,0.013080649621964424,0.014144528202090155,unbiased,0.49867808514885364,8192,2821632,0.0073170209401112185,0.01308065871705022,0.014144528202090258,0.00731702059077044,0.006582578343228507,0.014284855124911526,oracle/task_027/cell_0547,1,with_replacement,8388608,0.7033108323812485,2,completed,512,20.0,0.006582578343228951,0.014285265355940612
4,587,4b74724c4225fcfe043fdd749fb740fff4cf33c8,cuda,1.0,1,0.5,weak_mixture,0.8150835002050378,64,standard normal at finite u_max,infinite,oracle,0.013020036471936669,0.017414525155646482,unbiased,0.4976585196017341,8192,5180928,0.009227567213015653,0.013020046785867045,0.01741452515564637,0.009227567562356431,0.02991360985299285,0.017749798153279765,oracle/task_027/cell_0587,1,with_replacement,67108864,2.7889619171619415,0,completed,2048,20.0,0.029913609852993517,0.017753863019133988
8,627,4b74724c4225fcfe043fdd749fb740fff4cf33c8,cuda,1.0,1,0.5,weak_mixture,0.9323780326700022,64,standard normal at finite u_max,infinite,oracle,0.020321973397399273,0.016867820789193414,unbiased,0.4994457002487596,8192,9899520,0.010056824156367328,0.020321977944015468,0.016867820789193518,0.010056823807026327,0.08297692925023636,0.018674774016873785,oracle/task_027/cell_0627,1,with_replacement,134217728,2.7958654910326004,3,completed,2048,20.0,0.08297692925023614,0.018674114313998014
2,667,4b74724c4225fcfe043fdd749fb740fff4cf33c8,cuda,1.0,8,0.5,weak_mixture,0.9985796336567595,64,standard normal at finite u_max,infinite,oracle,0.030134937067988733,0.027854058767702132,unbiased,0.4787666932496619,8192,24014848,0.023571967381444077,0.030134941040212082,0.027854058767702097,0.023571967468779147,0.049499088604474106,0.029917032281843038,oracle/task_027/cell_0667,5,without_replacement,8388608,0.698957696557045,1,completed,512,20.0,0.04949908860447409,0.029916065998708042
4,707,4b74724c4225fcfe043fdd749fb740fff4cf33c8,cuda,1.0,8,0.5,weak_mixture,0.8558270804763826,64,standard normal at finite u_max,infinite,oracle,0.03128976192394354,0.030027424311346883,unbiased,0.4826298148984983,8192,41971712,0.026307206651928115,0.03128976288825096,0.030027424311346886,0.026307206739263442,0.051434486849908215,0.032233601331952855,oracle/task_027/cell_0707,4,without_replacement,16777216,0.6981473863124847,4,completed,512,20.0,0.05143448684990845,0.03223363134343634
8,747,4b74724c4225fcfe043fdd749fb740fff4cf33c8,cuda,1.0,8,0.5,weak_mixture,0.9488584666378991,64,standard normal at finite u_max,infinite,oracle,0.016381424709767205,0.010870988190406302,unbiased,0.496126780233547,8192,77885440,0.009981555663412259,0.01638143300925514,0.010870988190406283,0.009981555576077134,0.04641677966280579,0.015168554274906022,oracle/task_027/cell_0747,4,without_replacement,134217728,2.841513678431511,2,completed,2048,20.0,0.04641677966280566,0.015168734048271999
4,787,4b74724c4225fcfe043fdd749fb740fff4cf33c8,cuda,1.0,8,0.5,gaussian,0.5582041922465139,64,standard normal at finite u_max,infinite,oracle,0.2763511238603904,0.05442188441494679,unbiased,0.00012275714688750002,8192,37777408,1.3000539089702556e-08,0.27635119114482604,0.054421884414946775,1.300072227650162e-08,0.5701719832580445,0.06643473772647474,oracle/task_027/cell_0787,196,with_replacement,16777216,0.7832418531179428,0,completed,512,30.0,0.5701719832580446,0.0664350676456203
4,827,4b74724c4225fcfe043fdd749fb740fff4cf33c8,cuda,1.0,8,0.5,gaussian,0.519730304095489,64,standard normal at finite u_max,infinite,oracle,0.1850792619516886,0.028612898527781663,unbiased,0.00012224896930190977,8192,37777408,1.3000539089702556e-08,0.18507940857508948,0.028612898527781566,1.3000722054457015e-08,0.5381563291698193,0.042828093306259266,oracle/task_027/cell_0827,196,with_replacement,16777216,0.7814025282859802,2,completed,512,30.0,0.5381563291698191,0.042827995218437324
4,867,4b74724c4225fcfe043fdd749fb740fff4cf33c8,cuda,1.0,8,0.5,gaussian,0.9622937053639017,64,standard normal at finite u_max,infinite,oracle,0.24367829220676723,0.035229535810587256,unbiased,0.0001225714195315763,8192,37777408,1.3000539089702556e-08,0.24367839271403696,0.035229535810587465,1.3000722942635434e-08,0.6177212756623853,0.05159973304657825,oracle/task_027/cell_0867,196,with_replacement,16777216,0.7828211635351181,4,completed,512,30.0,0.6177212756623854,0.05159963025966758
4,907,4b74724c4225fcfe043fdd749fb740fff4cf33c8,cuda,1.0,8,0.5,mixture,0.5022461352691483,64,standard normal at finite u_max,infinite,oracle,0.7085051674979432,1.6058657276358246,unbiased,0.0001220703125,8192,37777408,0.6948531129377623,0.7085051870011232,1.6058657276358244,0.694853112937766,0.9964883113452772,1.6409695735965464,oracle/task_027/cell_0907,152,with_replacement,16777216,0.7677406072616577,1,completed,512,30.0,0.9964883113452772,1.640970147293428
4,947,4b74724c4225fcfe043fdd749fb740fff4cf33c8,cuda,1.0,8,0.5,mixture,0.9570481205601185,64,standard normal at finite u_max,infinite,oracle,0.7375234819390781,1.6621084878876098,unbiased,0.0001220703125156715,8192,37777408,0.6948531129377623,0.7375235123369126,1.6621084878876093,0.6948531129377662,0.9982406551171016,1.6949575775899295,oracle/task_027/cell_0947,153,with_replacement,16777216,0.7711244523525238,3,completed,512,30.0,0.9982406551171016,1.6949575508721584
4,987,4b74724c4225fcfe043fdd749fb740fff4cf33c8,cuda,1.0,8,0.5,weak_mixture,0.7095409118863147,64,standard normal at finite u_max,infinite,oracle,0.033996405433128776,0.03253734699123,unbiased,0.42040411727931076,8192,37777408,0.023077116579114057,0.03399640602535925,0.03253734699123001,0.02307711640444353,0.08880756352854528,0.036722162146874404,oracle/task_027/cell_0987,4,with_replacement,16777216,0.713333934545517,0,completed,512,30.0,0.08880756352854521,0.0367218427792311
4,1027,4b74724c4225fcfe043fdd749fb740fff4cf33c8,cuda,1.0,8,0.5,weak_mixture,0.8098715682736297,64,standard normal at finite u_max,infinite,oracle,0.10247710064633875,0.1062591014061451,unbiased,0.46602485228443485,8192,37777408,0.08587633577486767,0.10247709465521494,0.10625910140614508,0.08587633594953814,0.13237276013139548,0.10670710193566535,oracle/task_027/cell_1027,5,with_replacement,16777216,0.7132966369390488,2,completed,512,30.0,0.1323727601313952,0.10670672555176577
4,1067,4b74724c4225fcfe043fdd749fb740fff4cf33c8,cuda,1.0,8,0.5,weak_mixture,0.7362392439796518,64,standard normal at finite u_max,infinite,oracle,0.026338695096574896,0.023333766959589608,unbiased,0.4685118325932289,8192,37777408,0.020915495790064784,0.026338697827954678,0.023333766959589605,0.020915495702729596,0.04367093168268091,0.026597609648709476,oracle/task_027/cell_1067,4,with_replacement,16777216,0.7216836512088776,4,completed,512,30.0,0.043670931682680755,0.02659811991115218
4,28,4b74724c4225fcfe043fdd749fb740fff4cf33c8,cuda,1.0,1,0.5,gaussian,0.6405889116346051,64,standard normal at finite u_max,infinite,oracle,0.09855423574385713,0.02505409777195655,unbiased,0.00015178155307055005,8192,5180928,1.3000539089702556e-08,0.09855429462573262,0.02505409777195622,1.3000722498546224e-08,0.16126036131099342,0.025362350595091693,oracle/task_028/cell_0028,136,with_replacement,16777216,0.78078992664814,2,completed,512,20.0,0.1612603613109932,0.02536218453068015
8,68,4b74724c4225fcfe043fdd749fb740fff4cf33c8,cuda,1.0,1,0.5,gaussian,0.6848127658033857,64,standard normal at finite u_max,infinite,oracle,0.01829757210691385,0.0014327222010284135,unbiased,0.24222087656661156,8192,9899520,1.3000539089702556e-08,0.018297912249814585,0.0014327222010287466,1.3000722498546224e-08,0.11943547793591547,0.005763575709859262,oracle/task_028/cell_0068,52,with_replacement,134217728,2.893741488456726,0,completed,2048,20.0,0.11943547793591525,0.005762211829290698
2,108,4b74724c4225fcfe043fdd749fb740fff4cf33c8,cuda,1.0,1,0.5,gaussian,0.7182134735256891,64,standard normal at finite u_max,infinite,oracle,0.24933091081344122,0.06658026915842719,unbiased,0.047536154216678665,8192,7015936,1.3000539089702556e-08,0.24933081046339117,0.06658026915842696,1.300072272059083e-08,0.20160860582534534,0.06665047159884359,oracle/task_028/cell_0108,183,without_replacement,33554432,2.861971601843834,3,completed,2048,20.0,0.20160860582534545,0.0666523884221682
4,148,4b74724c4225fcfe043fdd749fb740fff4cf33c8,cuda,1.0,8,0.5,gaussian,0.9864737706658023,64,standard normal at finite u_max,infinite,oracle,0.2394389326779286,0.05533066273421604,unbiased,0.00012989429428819342,8192,41971712,1.3000539089702556e-08,0.23943897449059803,0.05533066273421616,1.3000722054457015e-08,0.45121806439673373,0.05956592020495469,oracle/task_028/cell_0148,232,without_replacement,16777216,0.8015478476881981,1,completed,512,20.0,0.45121806439673345,0.05956580207057856
8,188,4b74724c4225fcfe043fdd749fb740fff4cf33c8,cuda,1.0,8,0.5,gaussian,0.6286046907128726,64,standard normal at finite u_max,infinite,oracle,0.15067580755358048,0.028133382966878964,unbiased,0.0001223346510318647,8192,77885440,1.3000539089702556e-08,0.1506759168693934,0.02813338296687888,1.3000722165479317e-08,0.430126824519364,0.03579108101450597,oracle/task_028/cell_0188,208,without_replacement,33554432,0.8070694580674171,4,completed,512,20.0,0.4301268245193638,0.03579107207826078
2,228,4b74724c4225fcfe043fdd749fb740fff4cf33c8,cuda,1.0,8,0.5,gaussian,0.9929939643867858,64,standard normal at finite u_max,finite,oracle,0.06461909875238515,0.015074873374383,tail,0.3237191623585643,8192,19820544,1.3000539089702556e-08,0.06461916293124016,0.015074873374382944,1.3000722498546224e-08,0.14153535384435284,0.016626045127441758,oracle/task_028/cell_0228,96,with_replacement,33554432,4.013549044728279,2,completed,2048,20.0,0.14153535384435284,0.01662654332647013
4,268,4b74724c4225fcfe043fdd749fb740fff4cf33c8,cuda,1.0,1,0.5,mixture,0.9064264989385856,64,standard normal at finite u_max,finite,oracle,0.6983428714533388,1.7512112256493004,tail,0.0005243588731496423,8192,5180928,0.6948531129377623,0.6983428930088388,1.7512112256493013,0.6948531129377666,0.9865177187367805,1.7512141584174366,oracle/task_028/cell_0268,98,with_replacement,16777216,1.0293035134673119,0,completed,512,20.0,0.9865177187367805,1.7512121474675517
8,308,4b74724c4225fcfe043fdd749fb740fff4cf33c8,cuda,1.0,1,0.5,mixture,0.9134591535383672,64,standard normal at finite u_max,finite,oracle,0.6632179330179919,1.6057766655816315,tail,0.030855370932709354,8192,9899520,0.6628427263136029,0.6632179349756562,1.6057766655816312,0.6628427263136064,0.8396578673337004,1.6058355184843882,oracle/task_028/cell_0308,66,with_replacement,33554432,1.0184909626841545,3,completed,512,20.0,0.8396578673337003,1.6058365216336496
2,348,4b74724c4225fcfe043fdd749fb740fff4cf33c8,cuda,1.0,1,0.5,mixture,0.5963555180370079,64,standard normal at finite u_max,finite,oracle,0.6969831118834824,1.7273436310256036,tail,0.20247265313293028,8192,7015936,0.6948531129377623,0.6969831307498567,1.7273436310256045,0.6948531129377666,0.9885947312687325,1.727361135864997,oracle/task_028/cell_0348,113,without_replacement,33554432,3.9308901354670525,1,completed,2048,20.0,0.9885947312687325,1.7273628734012318
4,388,4b74724c4225fcfe043fdd749fb740fff4cf33c8,cuda,1.0,1,0.5,mixture,0.5509404123683681,64,standard normal at finite u_max,finite,oracle,0.603936252063856,1.5027922291427875,tail,0.19168481791410102,8192,9375232,0.6006626775020746,0.6039363030528053,1.5027922291427873,0.600662677502078,0.5798669883374858,1.5029034182031338,oracle/task_028/cell_0388,32,without_replacement,67108864,3.91461518406868,4,completed,2048,20.0,0.5798669883374856,1.502903366645599
8,428,4b74724c4225fcfe043fdd749fb740fff4cf33c8,cuda,1.0,8,0.5,mixture,0.984122433082273,64,standard normal at finite u_max,finite,oracle,0.3860824054637161,0.7817446988827987,tail,0.00012255502039642743,8192,77885440,0.3051468870622377,0.38608248818156143,0.7817446988827993,0.3051468870622338,0.99211478661471,0.7858459787007424,oracle/task_028/cell_0428,121,without_replacement,33554432,1.03451369702816,2,completed,512,20.0,0.99211478661471,0.7858456493651566
4,468,4b74724c4225fcfe043fdd749fb740fff4cf33c8,cuda,1.0,8,0.5,mixture,0.513586926491649,64,standard normal at finite u_max,finite,oracle,0.46214733149484244,1.0237779435652623,full,0.4259168820762555,8192,337420288,0.41594783173893674,0.46214735096627774,1.0237779435652627,0.4159478317389359,0.8277500360711812,1.0359230100859078,oracle/task_028/cell_0468,37,with_replacement,1073741824,7.4682043716311455,1,completed,2048,20.0,0.8277500360711814,1.0359231219233866
2,508,4b74724c4225fcfe043fdd749fb740fff4cf33c8,cuda,1.0,8,0.5,mixture,0.9734322863843564,64,standard normal at finite u_max,infinite,oracle,0.7035368698439068,1.6848256163357425,unbiased,0.0001939676675603155,8192,19820544,0.6948531129377623,0.7035368943524984,1.684825616335742,0.6948531129377657,0.993007878961948,1.6888646466512829,oracle/task_028/cell_0508,631,with_replacement,33554432,3.1369414255023003,4,completed,2048,20.0,0.993007878961948,1.6888648548960001
4,548,4b74724c4225fcfe043fdd749fb740fff4cf33c8,cuda,1.0,1,0.5,weak_mixture,0.9137687662735087,64,standard normal at finite u_max,infinite,oracle,0.01676790833340347,0.0184883265639638,unbiased,0.4978787460051501,8192,5180928,0.00968570169423677,0.016767930806719678,0.0184883265639639,0.009685701344895992,0.026351159167353422,0.019584238212463575,oracle/task_028/cell_0548,1,with_replacement,16777216,0.724894180893898,2,completed,512,20.0,0.026351159167352867,0.019583429529196585
8,588,4b74724c4225fcfe043fdd749fb740fff4cf33c8,cuda,1.0,1,0.5,weak_mixture,0.8107008804358137,64,standard normal at finite u_max,infinite,oracle,0.016243427217058515,0.018735890814502228,unbiased,0.49937962160156746,8192,9899520,0.013046577454664088,0.01624343000086098,0.018735890814502117,0.013046577804004866,0.01812377503682061,0.018992114789618476,oracle/task_028/cell_0588,1,with_replacement,134217728,2.868881568312645,0,completed,2048,20.0,0.018123775036821055,0.018991959763499766
2,628,4b74724c4225fcfe043fdd749fb740fff4cf33c8,cuda,1.0,1,0.5,weak_mixture,0.5742104148599931,64,standard normal at finite u_max,infinite,oracle,0.013405096924575019,0.008156900703476463,unbiased,0.49885453018534504,8192,7015936,0.0005170236378375659,0.013405078542395088,0.008156900703476563,0.0005170239871783444,0.021302307111269014,0.010554726522410074,oracle/task_028/cell_0628,1,without_replacement,33554432,2.8132961466908455,3,completed,2048,20.0,0.021302307111269236,0.010554438410401053
4,668,4b74724c4225fcfe043fdd749fb740fff4cf33c8,cuda,1.0,8,0.5,weak_mixture,0.574483028923769,64,standard normal at finite u_max,infinite,oracle,0.1252903070121545,0.13538532049466453,unbiased,0.4670891872742713,8192,41971712,0.11008193276878998,0.1252903056683371,0.13538532049466462,0.11008193268145475,0.14402917735384618,0.1387964293868903,oracle/task_028/cell_0668,5,without_replacement,16777216,0.7174990847706795,1,completed,512,20.0,0.14402917735384652,0.13879605091506853
8,708,4b74724c4225fcfe043fdd749fb740fff4cf33c8,cuda,1.0,8,0.5,weak_mixture,0.785602574228804,64,standard normal at finite u_max,infinite,oracle,0.023567516529750594,0.021529444081671678,unbiased,0.4800536176100677,8192,77885440,0.013826724381902987,0.023567512441855152,0.021529444081671678,0.013826724294567765,0.03747983139002305,0.02320621768029696,oracle/task_028/cell_0708,4,without_replacement,33554432,0.733587957918644,4,completed,512,20.0,0.037479831390023186,0.023206392052151387
2,748,4b74724c4225fcfe043fdd749fb740fff4cf33c8,cuda,1.0,8,0.5,weak_mixture,0.8634722602880189,64,standard normal at finite u_max,finite,oracle,0.01958740675054023,0.011666068008844692,tail,0.4947570154770006,8192,19820544,0.011106545271223733,0.01958741904902087,0.01166606800884467,0.011106545445894192,0.061141631606836944,0.019275241561939768,oracle/task_028/cell_0748,4,with_replacement,33554432,3.9795769676566124,2,completed,2048,20.0,0.06114163160683747,0.019275122719626316
4,788,4b74724c4225fcfe043fdd749fb740fff4cf33c8,cuda,1.0,8,0.5,gaussian,0.9863972252087558,64,standard normal at finite u_max,infinite,oracle,0.1578717038708285,0.03122177002012999,unbiased,3.069407621133831e-05,32768,167800832,1.3000539089702556e-08,0.15787180683369229,0.03122177002012999,1.3000723608769249e-08,0.3723241567464859,0.03966744821043863,oracle/task_028/cell_0788,232,without_replacement,67108864,1.3384786918759346,0,completed,512,20.0,0.37232415674648645,0.03966749002549834
4,828,4b74724c4225fcfe043fdd749fb740fff4cf33c8,cuda,1.0,8,0.5,gaussian,0.9865759702714697,64,standard normal at finite u_max,infinite,oracle,0.22051973234410083,0.04822717900426081,unbiased,3.0727575844255986e-05,32768,167800832,1.3000539089702556e-08,0.2205197507551037,0.04822717900426085,1.3000722498546224e-08,0.4261898797732834,0.05508319493213792,oracle/task_028/cell_0828,232,without_replacement,67108864,1.337751381099224,2,completed,512,20.0,0.42618987977328354,0.05508318095521241
4,868,4b74724c4225fcfe043fdd749fb740fff4cf33c8,cuda,1.0,8,0.5,gaussian,0.9863580381714863,64,standard normal at finite u_max,infinite,oracle,0.15342940598046034,0.027871901421089085,unbiased,3.352043117553972e-05,32768,167800832,1.3000539089702556e-08,0.153429525698312,0.027871901421089043,1.3000722942635434e-08,0.4421849225337554,0.03709172544301104,oracle/task_028/cell_0868,231,without_replacement,67108864,1.3320538997650146,4,completed,512,20.0,0.44218492253375563,0.03709201535404705
4,908,4b74724c4225fcfe043fdd749fb740fff4cf33c8,cuda,1.0,8,0.5,mixture,0.7983966252362154,64,standard normal at finite u_max,infinite,oracle,0.7132873212724529,1.6430705738383735,unbiased,3.051781733708262e-05,32768,167800832,0.6948531129377623,0.713287336449997,1.643070573838373,0.6948531129377662,0.9949833949958374,1.6621001004439797,oracle/task_028/cell_0908,178,without_replacement,67108864,1.3103729858994484,1,completed,512,20.0,0.9949833949958373,1.6621003860468395
4,948,4b74724c4225fcfe043fdd749fb740fff4cf33c8,cuda,1.0,8,0.5,mixture,0.8145995277279149,64,standard normal at finite u_max,infinite,oracle,0.714384701345969,1.6396582710846257,unbiased,3.052102926724816e-05,32768,167800832,0.6948531129377623,0.7143847239450192,1.6396582710846255,0.694853112937766,0.9951750634755211,1.6619840747628225,oracle/task_028/cell_0948,178,without_replacement,67108864,1.3219554275274277,3,completed,512,20.0,0.9951750634755211,1.6619839576118414
4,988,4b74724c4225fcfe043fdd749fb740fff4cf33c8,cuda,1.0,8,0.5,weak_mixture,0.6830530789887478,64,standard normal at finite u_max,infinite,oracle,0.01888383823611932,0.01461501005449167,unbiased,0.46320245342152977,32768,167800832,0.013923372236961017,0.01888383959499257,0.014615010054491655,0.013923372324296163,0.04922674366727328,0.019153278051969966,oracle/task_028/cell_0988,4,without_replacement,67108864,1.2462905645370483,0,completed,512,20.0,0.04922674366727303,0.019153268350191363
4,1028,4b74724c4225fcfe043fdd749fb740fff4cf33c8,cuda,1.0,8,0.5,weak_mixture,0.719198905776464,64,standard normal at finite u_max,infinite,oracle,0.021959370511192466,0.020822909158248238,unbiased,0.477519311200638,32768,167800832,0.017597802381301077,0.02195937568755063,0.020822909158248266,0.017597802119295257,0.038734352866635596,0.024506429708096623,oracle/task_028/cell_1028,4,without_replacement,67108864,1.26322603225708,2,completed,512,20.0,0.038734352866636054,0.024506348378213725
4,1068,4b74724c4225fcfe043fdd749fb740fff4cf33c8,cuda,1.0,8,0.5,weak_mixture,0.8471787390190941,64,standard normal at finite u_max,infinite,oracle,0.01557268752366593,0.013413875449127994,unbiased,0.4844189110837124,32768,167800832,0.01071985586359557,0.015572691722617875,0.013413875449127978,0.010719855776260334,0.03731611478956966,0.016860778493972727,oracle/task_028/cell_1068,4,without_replacement,67108864,1.2555938512086868,4,completed,512,20.0,0.03731611478957003,0.016860964232243758
8,29,4b74724c4225fcfe043fdd749fb740fff4cf33c8,cuda,1.0,1,0.5,gaussian,0.7662136927284252,64,standard normal at finite u_max,infinite,oracle,0.08858866094778445,0.021378627654762505,unbiased,0.0015044763782335803,8192,9899520,1.3000539089702556e-08,0.08858871263998819,0.02137862765476184,1.3000722054457015e-08,0.20597198024868923,0.022177510067826967,oracle/task_029/cell_0029,112,with_replacement,33554432,0.7645701244473457,2,completed,512,20.0,0.20597198024868868,0.022178596390002896
2,69,4b74724c4225fcfe043fdd749fb740fff4cf33c8,cuda,1.0,1,0.5,gaussian,0.5685152685526094,64,standard normal at finite u_max,infinite,oracle,0.24995271268280927,0.07097913777376164,unbiased,0.08678310025718251,8192,7015936,1.3000539089702556e-08,0.24995265735474548,0.07097913777376119,1.3000722387523922e-08,0.14845029061326265,0.07100921718732173,oracle/task_029/cell_0069,185,without_replacement,33554432,2.8350871428847313,0,completed,2048,20.0,0.14845029061326231,0.07100969405855664
4,109,4b74724c4225fcfe043fdd749fb740fff4cf33c8,cuda,1.0,1,0.5,gaussian,0.7985348367373395,64,standard normal at finite u_max,infinite,oracle,0.09490921428668458,0.022408901101139467,unbiased,0.1282964366286221,8192,9375232,1.3000539089702556e-08,0.09490923293374748,0.022408901101139023,1.300072227650162e-08,0.15713925146312335,0.023156523862839614,oracle/task_029/cell_0109,73,without_replacement,67108864,2.7925470992922783,3,completed,2048,20.0,0.1571392514631229,0.023155487717722766
8,149,4b74724c4225fcfe043fdd749fb740fff4cf33c8,cuda,1.0,8,0.5,gaussian,0.634828743436475,64,standard normal at finite u_max,infinite,oracle,0.14362508493447482,0.02764567228099521,unbiased,0.00012208801140310612,8192,77885440,1.3000539089702556e-08,0.14362523688414047,0.02764567228099521,1.300072272059083e-08,0.4084224965698572,0.03489770672618589,oracle/task_029/cell_0149,205,without_replacement,33554432,0.8068983405828476,1,completed,512,20.0,0.4084224965698573,0.03489810663173311
2,189,4b74724c4225fcfe043fdd749fb740fff4cf33c8,cuda,1.0,8,0.5,gaussian,0.7712200430109967,64,standard normal at finite u_max,finite,oracle,0.09107530402690917,0.02322929535607708,tail,0.10813307051211733,8192,19820544,1.3000539089702556e-08,0.09107530863961993,0.02322929535607708,1.300072272059083e-08,0.14101450040486058,0.024911755819365465,oracle/task_029/cell_0189,83,with_replacement,8388608,1.0256157964468002,4,completed,512,20.0,0.14101450040486066,0.02491112414947014
4,229,4b74724c4225fcfe043fdd749fb740fff4cf33c8,cuda,1.0,8,0.5,gaussian,0.992993964386786,64,standard normal at finite u_max,finite,oracle,0.06461909875238508,0.015074873374383013,tail,0.32371916235856446,8192,37777408,1.3000539089702556e-08,0.06461916293124008,0.015074873374382958,1.3000722498546224e-08,0.14153535384435278,0.016626045127441622,oracle/task_029/cell_0229,96,with_replacement,67108864,3.9829385429620743,2,completed,2048,20.0,0.14153535384435284,0.016626543326470122
8,269,4b74724c4225fcfe043fdd749fb740fff4cf33c8,cuda,1.0,1,0.5,mixture,0.9532090600281276,64,standard normal at finite u_max,finite,oracle,0.6964749383699659,1.7397004436449033,tail,0.016905127185307827,8192,9899520,0.6941363640187531,0.6964749478233873,1.7397004436449037,0.6941363640187572,0.9843483064892727,1.739705739320923,oracle/task_029/cell_0269,62,with_replacement,33554432,1.002059318125248,0,completed,512,20.0,0.9843483064892727,1.739706502722771
2,309,4b74724c4225fcfe043fdd749fb740fff4cf33c8,cuda,1.0,1,0.5,mixture,0.5366007899784213,64,standard normal at finite u_max,finite,oracle,0.695066831060375,1.6946946224330592,tail,0.0002427209300288449,8192,7015936,0.6948531129377623,0.6950668374068223,1.6946946224330597,0.6948531129377664,0.988695585919211,1.694708246597218,oracle/task_029/cell_0309,116,without_replacement,8388608,1.0025931894779205,3,completed,512,20.0,0.988695585919211,1.694708863818823
4,349,4b74724c4225fcfe043fdd749fb740fff4cf33c8,cuda,1.0,1,0.5,mixture,0.9025477079328581,64,standard normal at finite u_max,finite,oracle,0.5104276186851796,1.2633282200465195,tail,0.418768862830711,8192,9375232,0.5101055090645789,0.5104276208663275,1.2633282200465197,0.5101055090645827,0.2669619419267285,1.2633293399899306,oracle/task_029/cell_0349,30,without_replacement,67108864,3.850758694112301,1,completed,2048,20.0,0.2669619419267284,1.2633286914327775
8,389,4b74724c4225fcfe043fdd749fb740fff4cf33c8,cuda,1.0,1,0.5,mixture,0.6751977671121824,64,standard normal at finite u_max,finite,oracle,0.13970328684647548,0.3289973130816292,tail,0.4571527943444609,8192,14093824,0.13038668672633824,0.13970331412477388,0.3289973130816295,0.13038668672634213,0.1884430277035487,0.3291313269389242,oracle/task_029/cell_0389,17,without_replacement,134217728,3.8498072028160095,4,completed,2048,20.0,0.18844302770354848,0.32913105047812596
4,429,4b74724c4225fcfe043fdd749fb740fff4cf33c8,cuda,1.0,8,0.5,mixture,0.921511028649391,64,standard normal at finite u_max,finite,oracle,0.24924005962956686,0.5785853578567517,full,0.2255042087502447,8192,337420288,0.229507349223815,0.2492401440061515,0.5785853578567512,0.229507349223813,0.4685532623015535,0.57870848897812,oracle/task_029/cell_0429,32,with_replacement,268435456,1.9042214453220367,3,completed,512,20.0,0.46855326230155325,0.5787074132357092
2,469,4b74724c4225fcfe043fdd749fb740fff4cf33c8,cuda,1.0,8,0.5,mixture,0.8591032172352688,64,standard normal at finite u_max,infinite,oracle,0.6987670947079283,1.6760334072766006,unbiased,0.00014378922366413345,8192,19820544,0.6948531129377623,0.6987671186832248,1.6760334072766008,0.6948531129377666,0.9932931393584095,1.679570199371148,oracle/task_029/cell_0469,627,with_replacement,33554432,3.097954995930195,1,completed,2048,20.0,0.9932931393584095,1.6795700947343528
4,509,4b74724c4225fcfe043fdd749fb740fff4cf33c8,cuda,1.0,8,0.5,mixture,0.5384783399706923,64,standard normal at finite u_max,infinite,oracle,0.7032985861020102,1.7039144268873418,unbiased,0.00012549144346507278,8192,37777408,0.6948531129377623,0.7032986094905139,1.7039144268873412,0.6948531129377657,0.9923401193325085,1.705039958906284,oracle/task_029/cell_0509,511,with_replacement,67108864,3.0583288818597794,4,completed,2048,20.0,0.9923401193325085,1.7050394760797658
8,549,4b74724c4225fcfe043fdd749fb740fff4cf33c8,cuda,1.0,1,0.5,weak_mixture,0.9235468189237998,64,standard normal at finite u_max,infinite,oracle,0.014989814017376424,0.014960148207091045,unbiased,0.4964368198062732,8192,9899520,0.010703071257865626,0.014989817146020434,0.014960148207091148,0.010703070908524959,0.04233188414892486,0.016880643291241938,oracle/task_029/cell_0549,1,with_replacement,33554432,0.7151618078351021,2,completed,512,20.0,0.04233188414892419,0.016879641461740875
2,589,4b74724c4225fcfe043fdd749fb740fff4cf33c8,cuda,1.0,1,0.5,weak_mixture,0.6368909679212855,64,standard normal at finite u_max,infinite,oracle,0.013642013132842967,0.015181347167851293,unbiased,0.4986616497713425,8192,7015936,0.002897517092862123,0.013642003919010465,0.015181347167851396,0.0028975167435212335,0.0363603917833486,0.015302463150372451,oracle/task_029/cell_0589,1,without_replacement,33554432,2.7665062472224236,0,completed,2048,20.0,0.0363603917833486,0.015301805359630112
4,629,4b74724c4225fcfe043fdd749fb740fff4cf33c8,cuda,1.0,1,0.5,weak_mixture,0.6579554716124494,64,standard normal at finite u_max,infinite,oracle,0.009455093710006267,0.0030441304923527306,unbiased,0.497272671316042,8192,9375232,0.0023408441370503796,0.009455081304808044,0.0030441304923526317,0.00234084448639138,0.04522741188243651,0.009906357770894353,oracle/task_029/cell_0629,1,without_replacement,67108864,2.7703961953520775,3,completed,2048,20.0,0.04522741188243651,0.009909424942713319
8,669,4b74724c4225fcfe043fdd749fb740fff4cf33c8,cuda,1.0,8,0.5,weak_mixture,0.7584892057888479,64,standard normal at finite u_max,infinite,oracle,0.024454647699430176,0.019501087946413025,unbiased,0.4776812958495451,8192,77885440,0.016372100573253674,0.02445464901836308,0.019501087946412997,0.016372100573253744,0.05982351303504593,0.023733480664629526,oracle/task_029/cell_0669,4,without_replacement,33554432,0.723117433488369,1,completed,512,20.0,0.05982351303504618,0.023732980273050423
2,709,4b74724c4225fcfe043fdd749fb740fff4cf33c8,cuda,1.0,8,0.5,weak_mixture,0.8778753334804235,64,standard normal at finite u_max,finite,oracle,0.023041959406446613,0.019760232990928574,tail,0.48515607163062446,8192,19820544,0.017891402513329803,0.02304196897544282,0.019760232990928613,0.017891402425994615,0.04238689959274819,0.02274490890070131,oracle/task_029/cell_0709,4,with_replacement,8388608,0.9951806962490082,4,completed,512,20.0,0.04238689959274801,0.022744662013677242
4,749,4b74724c4225fcfe043fdd749fb740fff4cf33c8,cuda,1.0,8,0.5,weak_mixture,0.8860019541048788,64,standard normal at finite u_max,finite,oracle,0.025765992781730113,0.020288979743270735,tail,0.49500600194487016,8192,37777408,0.01676092097435588,0.02576599898580055,0.020288979743270687,0.016760921061691053,0.05089758921937579,0.024314056970286352,oracle/task_029/cell_0749,4,with_replacement,67108864,3.9475706219673157,2,completed,2048,20.0,0.050897589219375886,0.02431437041338431
4,789,4b74724c4225fcfe043fdd749fb740fff4cf33c8,cuda,1.0,8,0.5,gaussian,0.8220350332792387,64,standard normal at finite u_max,infinite,oracle,0.1599680152193448,0.03381070693150176,unbiased,7.63434326437764e-06,131072,671117312,1.3000539089702556e-08,0.15996811595507046,0.033810706931501774,1.300072272059083e-08,0.3861219884048908,0.039363356756027,oracle/task_029/cell_0789,231,without_replacement,268435456,4.316920809447765,0,completed,512,20.0,0.38612198840489087,0.039363291542471604
4,829,4b74724c4225fcfe043fdd749fb740fff4cf33c8,cuda,1.0,8,0.5,gaussian,0.8172677626914665,64,standard normal at finite u_max,infinite,oracle,0.2230095062616196,0.045081700178676784,unbiased,7.660887008311795e-06,131072,671117312,1.3000539089702556e-08,0.22300959605654735,0.045081700178677006,1.3000721721390107e-08,0.47883314027295815,0.05502894745871035,oracle/task_029/cell_0829,232,without_replacement,268435456,4.314152643084526,2,completed,512,20.0,0.47883314027295776,0.05502875303782432
4,869,4b74724c4225fcfe043fdd749fb740fff4cf33c8,cuda,1.0,8,0.5,gaussian,0.9864471877114391,64,standard normal at finite u_max,infinite,oracle,0.1806966276943931,0.03233852233581602,unbiased,8.332197591534154e-06,131072,671117312,1.3000539089702556e-08,0.1806967780398528,0.03233852233581605,1.300072227650162e-08,0.4883330232133771,0.04238703758445811,oracle/task_029/cell_0869,231,without_replacement,268435456,4.311702184379101,4,completed,512,20.0,0.48833302321337707,0.04238701039247034
4,909,4b74724c4225fcfe043fdd749fb740fff4cf33c8,cuda,1.0,8,0.5,mixture,0.8001267611761569,64,standard normal at finite u_max,infinite,oracle,0.7120755006831292,1.6466241842383227,unbiased,7.63607656578663e-06,131072,671117312,0.6948531129377623,0.7120755293772798,1.6466241842383234,0.6948531129377669,0.9960596958209942,1.6691149618965324,oracle/task_029/cell_0909,178,without_replacement,268435456,4.300033085048199,1,completed,512,20.0,0.9960596958209942,1.6691146998250876
4,949,4b74724c4225fcfe043fdd749fb740fff4cf33c8,cuda,1.0,8,0.5,mixture,0.8062890479709416,64,standard normal at finite u_max,infinite,oracle,0.7022938617623489,1.6514519298080583,unbiased,7.62940240518057e-06,131072,671117312,0.6948531129377623,0.7022938802527492,1.6514519298080583,0.6948531129377664,0.9943666804753536,1.6685211859412852,oracle/task_029/cell_0949,178,without_replacement,268435456,4.302403263747692,3,completed,512,20.0,0.9943666804753536,1.668521110554853
4,989,4b74724c4225fcfe043fdd749fb740fff4cf33c8,cuda,1.0,8,0.5,weak_mixture,0.5186054824627712,64,standard normal at finite u_max,infinite,oracle,0.010641502907296398,0.011162540775770616,unbiased,0.46963853838433767,131072,671117312,0.00867661001657652,0.010641506062241294,0.011162540775770644,0.008676609754570942,0.021735827053599527,0.012594991363343357,oracle/task_029/cell_0989,4,without_replacement,268435456,4.243758276104927,0,completed,512,20.0,0.021735827053599624,0.012594881451779723
4,1029,4b74724c4225fcfe043fdd749fb740fff4cf33c8,cuda,1.0,8,0.5,weak_mixture,0.6644400148847539,64,standard normal at finite u_max,infinite,oracle,0.010040942222447388,0.00922656947437366,unbiased,0.46821248695530493,131072,671117312,0.00826240293915649,0.010040943728571023,0.009226569474373676,0.008262403026491727,0.020645216642977304,0.011661283414493758,oracle/task_029/cell_1029,4,without_replacement,268435456,4.245172441005707,2,completed,512,20.0,0.020645216642977984,0.011661395948996293
4,1069,4b74724c4225fcfe043fdd749fb740fff4cf33c8,cuda,1.0,8,0.5,weak_mixture,0.9945488182664427,64,standard normal at finite u_max,infinite,oracle,0.014641549079300379,0.014853660284036754,unbiased,0.4738098438189691,131072,671117312,0.012201478846387538,0.014641545956570783,0.014853660284036792,0.012201478846387559,0.02532369860626496,0.016110491141556,oracle/task_029/cell_1069,5,without_replacement,268435456,4.249569982290268,4,completed,512,20.0,0.025323698606265224,0.016110484008377803
2,30,4b74724c4225fcfe043fdd749fb740fff4cf33c8,cuda,1.0,1,0.5,gaussian,0.8764158073614917,64,standard normal at finite u_max,infinite,oracle,0.15798014892261414,0.04308785068375376,unbiased,0.0002480863222178347,8192,7015936,1.3000539089702556e-08,0.15798012293568742,0.043087850683753315,1.3000722387523922e-08,0.1405043112893971,0.04309023386357476,oracle/task_030/cell_0030,156,without_replacement,8388608,0.7834564074873924,2,completed,512,20.0,0.140504311289397,0.04308843573312145
4,70,4b74724c4225fcfe043fdd749fb740fff4cf33c8,cuda,1.0,1,0.5,gaussian,0.6840443838119452,64,standard normal at finite u_max,infinite,oracle,0.1568686800092699,0.046719791534760136,unbiased,0.2411856823251574,8192,9375232,1.3000539089702556e-08,0.15686858844997165,0.0467197915347598,1.3000722498546224e-08,0.03376227177192259,0.04673918085244456,oracle/task_030/cell_0070,74,without_replacement,67108864,2.8773633763194084,0,completed,2048,20.0,0.033762271771922814,0.04674038791430156
8,110,4b74724c4225fcfe043fdd749fb740fff4cf33c8,cuda,1.0,1,0.5,gaussian,0.7278419531890598,64,standard normal at finite u_max,infinite,oracle,0.13631970868669174,0.04140372707123907,unbiased,0.39983214447278903,8192,14093824,1.3000539089702556e-08,0.13631968215736467,0.04140372707123863,1.3000722387523922e-08,0.017642014683863283,0.04142573607033116,oracle/task_030/cell_0110,48,without_replacement,134217728,2.861688055098057,3,completed,2048,20.0,0.017642014683862728,0.041424994885505
2,150,4b74724c4225fcfe043fdd749fb740fff4cf33c8,cuda,1.0,8,0.5,gaussian,0.8788344696996743,64,standard normal at finite u_max,finite,oracle,0.05180916831177067,0.012954050132983341,tail,0.028453949707751107,8192,19820544,1.3000539089702556e-08,0.0518093481560995,0.012954050132983175,1.3000722165479317e-08,0.11858474680924873,0.014708079929385533,oracle/task_030/cell_0150,84,with_replacement,8388608,1.0606446266174316,1,completed,512,20.0,0.11858474680924849,0.014709054915343803
4,190,4b74724c4225fcfe043fdd749fb740fff4cf33c8,cuda,1.0,8,0.5,gaussian,0.7712200430109964,64,standard normal at finite u_max,finite,oracle,0.09107530402690904,0.023229295356077068,tail,0.10813307051211739,8192,37777408,1.3000539089702556e-08,0.0910753086396198,0.023229295356077068,1.300072272059083e-08,0.1410145004048606,0.024911755819364167,oracle/task_030/cell_0190,83,with_replacement,16777216,1.058544360101223,4,completed,512,20.0,0.14101450040486063,0.024911124149470155
8,230,4b74724c4225fcfe043fdd749fb740fff4cf33c8,cuda,1.0,8,0.5,gaussian,0.992993964386786,64,standard normal at finite u_max,finite,oracle,0.06461909875238525,0.015074873374383,tail,0.3237191623585637,8192,73691136,1.3000539089702556e-08,0.06461916293124026,0.015074873374382944,1.3000722498546224e-08,0.1415353538443528,0.01662604512744193,oracle/task_030/cell_0230,96,with_replacement,134217728,4.111553221940994,2,completed,2048,20.0,0.14153535384435287,0.01662654332647013
2,270,4b74724c4225fcfe043fdd749fb740fff4cf33c8,cuda,1.0,1,0.5,mixture,0.5454394584072381,64,standard normal at finite u_max,finite,oracle,0.6952234057611373,1.6930978902061324,tail,0.00017817243571034577,8192,7015936,0.6948531129377623,0.6952234091478552,1.6930978902061329,0.6948531129377664,0.988337828061546,1.6931222275171565,oracle/task_030/cell_0270,116,without_replacement,8388608,1.080961525440216,0,completed,512,20.0,0.988337828061546,1.6931228813708734
4,310,4b74724c4225fcfe043fdd749fb740fff4cf33c8,cuda,1.0,1,0.5,mixture,0.8532758441886864,64,standard normal at finite u_max,finite,oracle,0.6953840325541659,1.7239207135854915,tail,0.00019940688594418494,8192,9375232,0.6948531129377623,0.695384036452482,1.7239207135854915,0.694853112937766,0.9878691251429917,1.7239217724877742,oracle/task_030/cell_0310,91,without_replacement,16777216,1.013968825340271,3,completed,512,20.0,0.9878691251429917,1.7239213668825526
8,350,4b74724c4225fcfe043fdd749fb740fff4cf33c8,cuda,1.0,1,0.5,mixture,0.7932662448987375,64,standard normal at finite u_max,finite,oracle,0.2082894115796569,0.5010077714279961,tail,0.4074249547015724,8192,14093824,0.2051216562772289,0.20828945141396543,0.5010077714279965,0.20512165627723278,0.18846167218699028,0.5010470252553604,oracle/task_030/cell_0350,16,without_replacement,134217728,3.920480400323868,1,completed,2048,20.0,0.1884616721869905,0.501043819184306
4,390,4b74724c4225fcfe043fdd749fb740fff4cf33c8,cuda,1.0,8,0.5,mixture,0.6403560655065165,64,standard normal at finite u_max,finite,oracle,0.18058170586580086,0.3772473944022669,full,0.2080937027486914,8192,337420288,0.15219325476058332,0.1805817189067861,0.37724739440226696,0.15219325476058532,0.3239297474371693,0.3879978941357993,oracle/task_030/cell_0390,35,with_replacement,268435456,1.9026599004864693,0,completed,512,20.0,0.3239297474371695,0.38799869063310943
2,430,4b74724c4225fcfe043fdd749fb740fff4cf33c8,cuda,1.0,8,0.5,mixture,0.9291464655866589,64,standard normal at finite u_max,infinite,oracle,0.7003458289214624,1.6121835774241222,unbiased,0.0001222011856626804,8192,19820544,0.6948531129377623,0.700345844558563,1.6121835774241222,0.6948531129377664,0.9944298036286425,1.6349487669575788,oracle/task_030/cell_0430,202,with_replacement,8388608,0.8135221004486084,3,completed,512,20.0,0.9944298036286426,1.634949109044024
4,470,4b74724c4225fcfe043fdd749fb740fff4cf33c8,cuda,1.0,8,0.5,mixture,0.6112343264985378,64,standard normal at finite u_max,infinite,oracle,0.7015110548598397,1.6993886925054327,unbiased,0.00015876965003678206,8192,37777408,0.6948531129377623,0.7015110875273596,1.6993886925054325,0.6948531129377662,0.9924705767453433,1.700570117606003,oracle/task_030/cell_0470,515,with_replacement,67108864,3.0988640561699867,1,completed,2048,20.0,0.9924705767453434,1.7005708810483584
8,510,4b74724c4225fcfe043fdd749fb740fff4cf33c8,cuda,1.0,8,0.5,mixture,0.5112964395149086,64,standard normal at finite u_max,infinite,oracle,0.7108039025348324,1.7304480436955894,unbiased,0.00016904375597585704,8192,73691136,0.6948531129377623,0.7108039391830239,1.7304480436955891,0.6948531129377662,0.9914463197450608,1.732268820952302,oracle/task_030/cell_0510,385,with_replacement,134217728,3.0426611453294754,4,completed,2048,20.0,0.9914463197450608,1.7322690665422058
2,550,4b74724c4225fcfe043fdd749fb740fff4cf33c8,cuda,1.0,1,0.5,weak_mixture,0.60873195953764,64,standard normal at finite u_max,infinite,oracle,0.08839279707850778,0.1061678673894853,unbiased,0.4786349482237127,8192,7015936,0.0458506871388098,0.08839277675205304,0.10616786738948521,0.04585068748815069,0.5245205597394513,0.10950774574502531,oracle/task_030/cell_0550,2,without_replacement,8388608,0.7075389996170998,2,completed,512,20.0,0.5245205597394518,0.10950739033286701
4,590,4b74724c4225fcfe043fdd749fb740fff4cf33c8,cuda,1.0,1,0.5,weak_mixture,0.6289877125820031,64,standard normal at finite u_max,infinite,oracle,0.007545133957365099,0.007020047860469376,unbiased,0.4978805965739578,8192,9375232,0.0011027435798818264,0.007545121001208105,0.00702004786046948,0.0011027432305410478,0.04292487138814316,0.009142149741792607,oracle/task_030/cell_0590,1,without_replacement,67108864,2.8048778399825096,0,completed,2048,20.0,0.042924871388143826,0.00914178847241004
8,630,4b74724c4225fcfe043fdd749fb740fff4cf33c8,cuda,1.0,1,0.5,weak_mixture,0.6122592724031053,64,standard normal at finite u_max,infinite,oracle,0.012540304069996358,0.0026648056826979755,unbiased,0.49685954170830215,8192,14093824,0.0015155245162488118,0.01254029247135792,0.002664805682698078,0.0015155241669079222,0.03730109318307706,0.009971491893643457,oracle/task_030/cell_0630,1,without_replacement,134217728,2.808618277311325,3,completed,2048,20.0,0.03730109318307728,0.009969920028286188
2,670,4b74724c4225fcfe043fdd749fb740fff4cf33c8,cuda,1.0,8,0.5,weak_mixture,0.8537872804602188,64,standard normal at finite u_max,finite,oracle,0.019568607573059987,0.015379584257641757,tail,0.48014373292967577,8192,19820544,0.012612269782140063,0.019568611857246516,0.015379584257641733,0.012612269694804758,0.05368846514289825,0.01953342933682793,oracle/task_030/cell_0670,4,with_replacement,8388608,1.0126047879457474,1,completed,512,20.0,0.05368846514289832,0.019533531955761543
4,710,4b74724c4225fcfe043fdd749fb740fff4cf33c8,cuda,1.0,8,0.5,weak_mixture,0.860599251309556,64,standard normal at finite u_max,finite,oracle,0.024712868464543757,0.02036835711643338,tail,0.48420398765917744,8192,37777408,0.018088820851184115,0.02471286961758725,0.020368357116433415,0.018088820763848892,0.04053201942594037,0.0239894512172519,oracle/task_030/cell_0710,4,with_replacement,16777216,1.0126412063837051,4,completed,512,20.0,0.04053201942594026,0.023989658576000068
8,750,4b74724c4225fcfe043fdd749fb740fff4cf33c8,cuda,1.0,8,0.5,weak_mixture,0.8736615633052587,64,standard normal at finite u_max,finite,oracle,0.029984371502662248,0.02874835371805907,tail,0.49599780891940265,8192,73691136,0.022643399073230354,0.029984379906933416,0.02874835371805905,0.02264339907323036,0.06721571345238753,0.03206122238306345,oracle/task_030/cell_0750,4,with_replacement,134217728,4.017181746661663,2,completed,2048,20.0,0.06721571345238768,0.032062059442802646
4,790,4b74724c4225fcfe043fdd749fb740fff4cf33c8,cuda,1.0,8,0.5,gaussian,0.8666880192423202,64,standard normal at finite u_max,infinite,oracle,0.16235537393747718,0.02557571352041621,unbiased,0.00012287485861769482,8192,41971712,1.3000539089702556e-08,0.16235548659704935,0.025575713520416155,1.3000722498546224e-08,0.5074411129567274,0.037767912989095306,oracle/task_030/cell_0790,302,without_replacement,16777216,0.8278416097164154,0,completed,512,10.0,0.5074411129567276,0.037767868310082796
4,830,4b74724c4225fcfe043fdd749fb740fff4cf33c8,cuda,1.0,8,0.5,gaussian,0.8542346313039729,64,standard normal at finite u_max,infinite,oracle,0.2585882541400816,0.054860593216811526,unbiased,0.00012357102674071416,8192,41971712,1.3000539089702556e-08,0.2585882989333129,0.05486059321681144,1.3000722165479317e-08,0.5278101355200909,0.06028557860614163,oracle/task_030/cell_0830,301,without_replacement,16777216,0.8281269893050194,2,completed,512,10.0,0.5278101355200908,0.06028491400928095
4,870,4b74724c4225fcfe043fdd749fb740fff4cf33c8,cuda,1.0,8,0.5,gaussian,0.8568203784157128,64,standard normal at finite u_max,infinite,oracle,0.28119593419978633,0.058597151867704006,unbiased,0.0001221773486170455,8192,41971712,1.3000539089702556e-08,0.2811959118307543,0.05859715186770398,1.300072272059083e-08,0.5007114803160725,0.06656714104185449,oracle/task_030/cell_0870,300,without_replacement,16777216,0.8290121704339981,4,completed,512,10.0,0.5007114803160726,0.06656696375766531
4,910,4b74724c4225fcfe043fdd749fb740fff4cf33c8,cuda,1.0,8,0.5,mixture,0.6219454999731077,64,standard normal at finite u_max,infinite,oracle,0.7040234027520189,1.6676580302783386,unbiased,0.00012207095921731978,8192,41971712,0.6948531129377623,0.7040234358330169,1.667658030278339,0.6948531129377666,0.9949743858876416,1.676718060405798,oracle/task_030/cell_0910,232,without_replacement,16777216,0.8005440607666969,1,completed,512,10.0,0.9949743858876415,1.6767176001379838
4,950,4b74724c4225fcfe043fdd749fb740fff4cf33c8,cuda,1.0,8,0.5,mixture,0.8363477195703093,64,standard normal at finite u_max,infinite,oracle,0.7119767395401467,1.6567373645966246,unbiased,0.00012208892128861429,8192,41971712,0.6948531129377623,0.7119767702808535,1.656737364596625,0.6948531129377666,0.9957039414581007,1.6725996012161706,oracle/task_030/cell_0950,231,without_replacement,16777216,0.8034186810255051,3,completed,512,10.0,0.9957039414581007,1.6725994543756952
4,990,4b74724c4225fcfe043fdd749fb740fff4cf33c8,cuda,1.0,8,0.5,weak_mixture,0.899796281807087,64,standard normal at finite u_max,infinite,oracle,0.027545068670516946,0.023643730015649417,unbiased,0.4865310484418408,8192,41971712,0.02061335119726495,0.027545072282913856,0.02364373001564944,0.020613351197265005,0.06336235967247714,0.027841571990237696,oracle/task_030/cell_0990,4,without_replacement,16777216,0.7148603349924088,0,completed,512,10.0,0.06336235967247712,0.027841783428556584
4,1030,4b74724c4225fcfe043fdd749fb740fff4cf33c8,cuda,1.0,8,0.5,weak_mixture,0.7821240128770105,64,standard normal at finite u_max,infinite,oracle,0.027640902066901618,0.02119886695618549,unbiased,0.4873947698223094,8192,41971712,0.01644485149404823,0.027640906039592995,0.021198866956185513,0.01644485158138343,0.07276825372611835,0.027066006458563302,oracle/task_030/cell_1030,4,without_replacement,16777216,0.7136618196964264,2,completed,512,10.0,0.07276825372611871,0.02706498683716627
4,1070,4b74724c4225fcfe043fdd749fb740fff4cf33c8,cuda,1.0,8,0.5,weak_mixture,0.8368003239836248,64,standard normal at finite u_max,infinite,oracle,0.022832336553851973,0.019148249192541458,unbiased,0.49365316577781576,8192,41971712,0.018350880930903507,0.022832337935197122,0.019148249192541482,0.018350880843568312,0.033937035570582655,0.021889776629027205,oracle/task_030/cell_1070,4,without_replacement,16777216,0.7139661908149719,4,completed,512,10.0,0.033937035570582794,0.0218898564379648
4,31,4b74724c4225fcfe043fdd749fb740fff4cf33c8,cuda,1.0,1,0.5,gaussian,0.8017520365719731,64,standard normal at finite u_max,infinite,oracle,0.10964712602780702,0.032381055764227784,unbiased,0.0001255397997549545,8192,9375232,1.3000539089702556e-08,0.10964702746053367,0.032381055764227784,1.3000722942635434e-08,0.03475995693925782,0.032385103088251065,oracle/task_031/cell_0031,135,without_replacement,16777216,0.7416744008660316,2,completed,512,20.0,0.0347599569392576,0.03238388509305735
8,71,4b74724c4225fcfe043fdd749fb740fff4cf33c8,cuda,1.0,1,0.5,gaussian,0.8691009602437549,64,standard normal at finite u_max,infinite,oracle,0.0731099840618899,0.018644959969486896,unbiased,0.1561677796830081,8192,14093824,1.3000539089702556e-08,0.07311013624724855,0.018644959969486563,1.3000722498546224e-08,0.18999852482380475,0.019490974611320887,oracle/task_031/cell_0071,55,without_replacement,134217728,2.741323843598366,0,completed,2048,20.0,0.18999852482380453,0.019490137446907453
2,111,4b74724c4225fcfe043fdd749fb740fff4cf33c8,cuda,1.0,1,0.5,gaussian,0.6709753585543063,64,standard normal at finite u_max,finite,oracle,0.04661101538738713,0.006561856356049778,tail,0.43917245654414033,8192,2821632,1.3000539089702556e-08,0.046611129494666975,0.006561856356049778,1.3000722942635434e-08,0.22099473380802936,0.01241943342345553,oracle/task_031/cell_0111,37,with_replacement,33554432,3.8148352801799774,3,completed,2048,20.0,0.22099473380802948,0.012421132555926397
4,151,4b74724c4225fcfe043fdd749fb740fff4cf33c8,cuda,1.0,8,0.5,gaussian,0.8788344696996739,64,standard normal at finite u_max,finite,oracle,0.05180916831177074,0.012954050132983272,tail,0.028453949707751214,8192,37777408,1.3000539089702556e-08,0.05180934815609958,0.012954050132983161,1.300072227650162e-08,0.11858474680924865,0.014708079929386388,oracle/task_031/cell_0151,84,with_replacement,16777216,1.0088445097208023,1,completed,512,20.0,0.11858474680924846,0.014709054915343807
8,191,4b74724c4225fcfe043fdd749fb740fff4cf33c8,cuda,1.0,8,0.5,gaussian,0.7712200430109967,64,standard normal at finite u_max,finite,oracle,0.09107530402690905,0.023229295356077068,tail,0.1081330705121171,8192,73691136,1.3000539089702556e-08,0.09107530863961982,0.023229295356077068,1.300072272059083e-08,0.14101450040486058,0.024911755819364792,oracle/task_031/cell_0191,83,with_replacement,33554432,1.0034520030021667,4,completed,512,20.0,0.1410145004048607,0.02491112414947015
2,231,4b74724c4225fcfe043fdd749fb740fff4cf33c8,cuda,1.0,8,0.5,gaussian,0.803473496632126,64,standard normal at finite u_max,finite,oracle,0.059703671199670426,0.011407694204186566,tail,0.2906803030672862,8192,24014848,1.3000539089702556e-08,0.059703797796864716,0.011407694204186511,1.3000722498546224e-08,0.19594543634299216,0.015485715334996122,oracle/task_031/cell_0231,92,without_replacement,33554432,3.8170628026127815,2,completed,2048,20.0,0.19594543634299216,0.015486463258325488
4,271,4b74724c4225fcfe043fdd749fb740fff4cf33c8,cuda,1.0,1,0.5,mixture,0.6749509438424007,64,standard normal at finite u_max,finite,oracle,0.6971357954796074,1.7254805535514148,tail,0.0003422500698010286,8192,9375232,0.6948531129377623,0.6971358057491807,1.7254805535514148,0.694853112937766,0.9892308011114824,1.7255060815127665,oracle/task_031/cell_0271,90,without_replacement,16777216,0.9894813299179077,0,completed,512,20.0,0.9892308011114824,1.7255045771713748
8,311,4b74724c4225fcfe043fdd749fb740fff4cf33c8,cuda,1.0,1,0.5,mixture,0.828321308993696,64,standard normal at finite u_max,finite,oracle,0.69910511812402,1.746285792551339,tail,0.00044744479255393813,8192,14093824,0.6948531129377623,0.6991051313584529,1.7462857925513393,0.6948531129377662,0.9883382455564869,1.7463084598398597,oracle/task_031/cell_0311,59,without_replacement,33554432,0.9711278006434441,3,completed,512,20.0,0.9883382455564869,1.7463086724102903
4,351,4b74724c4225fcfe043fdd749fb740fff4cf33c8,cuda,1.0,1,0.5,mixture,0.9997419717368017,64,standard normal at finite u_max,finite,oracle,0.4903633636988456,1.0868044931823742,full,0.47207788045049476,8192,42406912,0.4903109753359909,0.4903633639223086,1.086804493182374,0.4903109753359942,0.3121804825676623,1.1071430977408712,oracle/task_031/cell_0351,16,with_replacement,1073741824,2.203601263463497,2,completed,2048,20.0,0.3121804825676616,1.107142678898577
2,391,4b74724c4225fcfe043fdd749fb740fff4cf33c8,cuda,1.0,8,0.5,mixture,0.9222131782947138,64,standard normal at finite u_max,infinite,oracle,0.7030283115311997,1.633533401197678,unbiased,0.00012274648735345148,8192,19820544,0.6948531129377623,0.7030283387684,1.6335334011976776,0.6948531129377659,0.9961157761904755,1.6548958127336497,oracle/task_031/cell_0391,201,with_replacement,8388608,0.7867597490549088,0,completed,512,20.0,0.9961157761904755,1.6548961395680966
4,431,4b74724c4225fcfe043fdd749fb740fff4cf33c8,cuda,1.0,8,0.5,mixture,0.7759838211829203,64,standard normal at finite u_max,infinite,oracle,0.7063126425394406,1.6284532799808544,unbiased,0.0001220703140448719,8192,37777408,0.6948531129377623,0.7063126621626923,1.6284532799808544,0.6948531129377664,0.9963426407012502,1.6544072582275984,oracle/task_031/cell_0431,179,with_replacement,16777216,0.7778702303767204,3,completed,512,20.0,0.9963426407012502,1.6544074286835493
8,471,4b74724c4225fcfe043fdd749fb740fff4cf33c8,cuda,1.0,8,0.5,mixture,0.7818585902077821,64,standard normal at finite u_max,infinite,oracle,0.7008516450265655,1.7318132804576136,unbiased,0.00013754112754662108,8192,73691136,0.6948531129377623,0.7008516764615536,1.7318132804576136,0.6948531129377664,0.9908385833654427,1.7319166035871363,oracle/task_031/cell_0471,388,with_replacement,134217728,2.9598195552825928,1,completed,2048,20.0,0.9908385833654427,1.7319172817583586
2,511,4b74724c4225fcfe043fdd749fb740fff4cf33c8,cuda,1.0,8,0.5,mixture,0.7230295731991785,64,standard normal at finite u_max,infinite,oracle,0.7040884325142509,1.6862714728174573,unbiased,0.00015289872185370138,8192,24014848,0.6948531129377623,0.7040884623589377,1.6862714728174573,0.6948531129377666,0.9939058585706748,1.6916674977737851,oracle/task_031/cell_0511,631,without_replacement,33554432,2.985977955162525,4,completed,2048,20.0,0.9939058585706748,1.6916673558958144
4,551,4b74724c4225fcfe043fdd749fb740fff4cf33c8,cuda,1.0,1,0.5,weak_mixture,0.6742459980239555,64,standard normal at finite u_max,infinite,oracle,0.0812549786153437,0.09357326731181297,unbiased,0.4608174799396622,8192,9375232,0.04454784315806226,0.081254960312518,0.09357326731181294,0.044547843507403484,0.4745494501325056,0.09724691839483164,oracle/task_031/cell_0551,2,without_replacement,16777216,0.6864480301737785,2,completed,512,20.0,0.47454945013250494,0.09724735137979573
8,591,4b74724c4225fcfe043fdd749fb740fff4cf33c8,cuda,1.0,1,0.5,weak_mixture,0.6210977363995175,64,standard normal at finite u_max,infinite,oracle,0.011026018781628899,0.004102540238580147,unbiased,0.4989047942346466,8192,14093824,0.006590873187918844,0.011026006506242747,0.004102540238580041,0.006590873537259623,0.06382633967852369,0.01088090312592729,oracle/task_031/cell_0591,1,without_replacement,134217728,2.7324902415275574,0,completed,2048,20.0,0.06382633967852436,0.010879060492355628
2,631,4b74724c4225fcfe043fdd749fb740fff4cf33c8,cuda,1.0,1,0.5,weak_mixture,0.9243337646188579,64,standard normal at finite u_max,finite,oracle,0.01989651884002952,0.012389894474246871,tail,0.4995926947285179,8192,2821632,0.011980953678001782,0.01989652541298248,0.012389894474246974,0.011980953328660782,0.08471759478296959,0.01920136832760062,oracle/task_031/cell_0631,1,with_replacement,33554432,3.8230188339948654,3,completed,2048,20.0,0.08471759478296959,0.01920122703159196
4,671,4b74724c4225fcfe043fdd749fb740fff4cf33c8,cuda,1.0,8,0.5,weak_mixture,0.7492013456862046,64,standard normal at finite u_max,finite,oracle,0.03230396261603481,0.02856215548815326,tail,0.47522648243667764,8192,37777408,0.024848018477467503,0.032303962243815376,0.02856215548815324,0.02484801839013224,0.06592809234861002,0.03394195752948177,oracle/task_031/cell_0671,4,with_replacement,16777216,0.9765901863574982,1,completed,512,20.0,0.06592809234861,0.03394187392675017
8,711,4b74724c4225fcfe043fdd749fb740fff4cf33c8,cuda,1.0,8,0.5,weak_mixture,0.8752490711082678,64,standard normal at finite u_max,finite,oracle,0.02072092984967988,0.018361325940967583,tail,0.4778618060511359,8192,73691136,0.012116374810330496,0.020720927818651237,0.0183613259409676,0.012116374722995302,0.052945526443861926,0.02097365778222162,oracle/task_031/cell_0711,4,with_replacement,33554432,0.9779023379087448,4,completed,512,20.0,0.052945526443861746,0.020973584391532542
2,751,4b74724c4225fcfe043fdd749fb740fff4cf33c8,cuda,1.0,8,0.5,weak_mixture,0.8713608043409004,64,standard normal at finite u_max,finite,oracle,0.021341097691821485,0.017538764547883032,tail,0.49458230975212397,8192,24014848,0.01333422576388528,0.02134109600135127,0.017538764547883078,0.013334225589214758,0.04518180758699515,0.022090979947519213,oracle/task_031/cell_0751,4,without_replacement,33554432,3.79339911788702,2,completed,2048,20.0,0.045181807586995,0.02209093822974679
4,791,4b74724c4225fcfe043fdd749fb740fff4cf33c8,cuda,1.0,8,0.5,gaussian,0.5315623660429442,64,standard normal at finite u_max,infinite,oracle,0.1906003936721109,0.03441429235649504,unbiased,0.00012224124080857182,8192,41971712,1.3000539089702556e-08,0.19060052960123938,0.03441429235649507,1.3000722387523922e-08,0.5143370810665208,0.04790510075377183,oracle/task_031/cell_0791,196,without_replacement,16777216,0.7626238837838173,0,completed,512,30.0,0.5143370810665207,0.04790458337507794
4,831,4b74724c4225fcfe043fdd749fb740fff4cf33c8,cuda,1.0,8,0.5,gaussian,0.6028914464517907,64,standard normal at finite u_max,infinite,oracle,0.25325972310917305,0.0507206467865817,unbiased,0.00012231841139743953,8192,41971712,1.3000539089702556e-08,0.25325978029535035,0.05072064678658167,1.3000722165479317e-08,0.557771909658495,0.058633252638462696,oracle/task_031/cell_0831,195,without_replacement,16777216,0.7626785486936569,2,completed,512,30.0,0.5577719096584948,0.058633241364928854
4,871,4b74724c4225fcfe043fdd749fb740fff4cf33c8,cuda,1.0,8,0.5,gaussian,0.5368311728772095,64,standard normal at finite u_max,infinite,oracle,0.36259945636508656,0.07014918673894628,unbiased,0.00012225401009039456,8192,41971712,1.3000539089702556e-08,0.3625994584673778,0.07014918673894607,1.3000722054457015e-08,0.6137788168001921,0.08881198930368969,oracle/task_031/cell_0871,195,without_replacement,16777216,0.7639272511005402,4,completed,512,30.0,0.613778816800192,0.08881182543881888
4,911,4b74724c4225fcfe043fdd749fb740fff4cf33c8,cuda,1.0,8,0.5,mixture,0.5653689113744761,64,standard normal at finite u_max,infinite,oracle,0.7099634010763134,1.6520151085054529,unbiased,0.00012207042107707097,8192,41971712,0.6948531129377623,0.7099634406619753,1.6520151085054526,0.6948531129377661,0.9961239574507124,1.6699308735867406,oracle/task_031/cell_0911,151,without_replacement,16777216,0.7497174888849258,1,completed,512,30.0,0.9961239574507124,1.669931627644456
4,951,4b74724c4225fcfe043fdd749fb740fff4cf33c8,cuda,1.0,8,0.5,mixture,0.6248896994612173,64,standard normal at finite u_max,infinite,oracle,0.7257476454508096,1.6649189622259442,unbiased,0.00012207045916635566,8192,41971712,0.6948531129377623,0.7257476863509464,1.664918962225944,0.6948531129377662,0.9972362855687306,1.6876747115522326,oracle/task_031/cell_0951,151,without_replacement,16777216,0.7489517033100128,3,completed,512,30.0,0.9972362855687307,1.6876747200437774
4,991,4b74724c4225fcfe043fdd749fb740fff4cf33c8,cuda,1.0,8,0.5,weak_mixture,0.9657430311999899,64,standard normal at finite u_max,infinite,oracle,0.031732365879328026,0.02823551547973121,unbiased,0.39817167654784175,8192,41971712,0.02359955175791254,0.031732364112178245,0.028235515479731202,0.023599551670577368,0.05435076247141976,0.03273720378588437,oracle/task_031/cell_0991,5,without_replacement,16777216,0.6962984502315521,0,completed,512,30.0,0.054350762471419914,0.03273736751397233
4,1031,4b74724c4225fcfe043fdd749fb740fff4cf33c8,cuda,1.0,8,0.5,weak_mixture,0.9136223298369629,64,standard normal at finite u_max,infinite,oracle,0.021534249202021488,0.01900626868752897,unbiased,0.46424099414005365,8192,41971712,0.015327084683229866,0.021534248451583107,0.019006268687528957,0.01532708477056511,0.05367978984248792,0.022092451728458265,oracle/task_031/cell_1031,4,without_replacement,16777216,0.6935423985123634,2,completed,512,30.0,0.05367978984248771,0.022092342566531142
4,1071,4b74724c4225fcfe043fdd749fb740fff4cf33c8,cuda,1.0,8,0.5,weak_mixture,0.8518263310010464,64,standard normal at finite u_max,infinite,oracle,0.01905895129272498,0.01070700504201262,unbiased,0.47453545001944847,8192,41971712,0.008522109829403227,0.019058959611098124,0.010707005042012607,0.008522109916738393,0.06310400613687761,0.019994582948480895,oracle/task_031/cell_1071,4,without_replacement,16777216,0.6964175701141357,4,completed,512,30.0,0.06310400613687797,0.019994632955651674
8,32,4b74724c4225fcfe043fdd749fb740fff4cf33c8,cuda,1.0,1,0.5,gaussian,0.9783664980940607,64,standard normal at finite u_max,infinite,oracle,0.07929314813152222,0.021470608825114534,unbiased,0.001053551689878171,8192,14093824,1.3000539089702556e-08,0.07929321492299252,0.0214706088251142,1.3000722498546224e-08,0.11204842328380216,0.021654819833396458,oracle/task_032/cell_0032,103,without_replacement,33554432,0.755396880209446,2,completed,512,20.0,0.11204842328380193,0.021653348605935492
2,72,4b74724c4225fcfe043fdd749fb740fff4cf33c8,cuda,1.0,1,0.5,gaussian,0.9997818368940538,64,standard normal at finite u_max,finite,oracle,0.08121863409192875,0.022223026045292582,tail,0.36665177722997727,8192,2821632,1.3000539089702556e-08,0.08121881165261952,0.022223026045292138,1.300072227650162e-08,0.15688598341038074,0.022602812071562554,oracle/task_032/cell_0072,41,with_replacement,33554432,3.9642138332128525,0,completed,2048,20.0,0.15688598341038018,0.022602906286563567
4,112,4b74724c4225fcfe043fdd749fb740fff4cf33c8,cuda,1.0,1,0.5,gaussian,0.670975358554306,64,standard normal at finite u_max,finite,oracle,0.04661101538738707,0.006561856356049889,tail,0.4391724565441402,8192,5180928,1.3000539089702556e-08,0.04661112949466692,0.006561856356049889,1.3000722942635434e-08,0.22099473380802925,0.012419433423458016,oracle/task_032/cell_0112,37,with_replacement,67108864,3.968659795820713,3,completed,2048,20.0,0.22099473380802948,0.012421132555926397
8,152,4b74724c4225fcfe043fdd749fb740fff4cf33c8,cuda,1.0,8,0.5,gaussian,0.8788344696996739,64,standard normal at finite u_max,finite,oracle,0.05180916831177056,0.012954050132983244,tail,0.02845394970775116,8192,73691136,1.3000539089702556e-08,0.051809348156099395,0.012954050132983133,1.300072227650162e-08,0.11858474680924865,0.014708079929387377,oracle/task_032/cell_0152,84,with_replacement,33554432,1.0404906496405602,1,completed,512,20.0,0.11858474680924849,0.0147090549153438
2,192,4b74724c4225fcfe043fdd749fb740fff4cf33c8,cuda,1.0,8,0.5,gaussian,0.9984223973794278,64,standard normal at finite u_max,finite,oracle,0.06389752975024077,0.012387430674328986,tail,0.07087620390610497,8192,24014848,1.3000539089702556e-08,0.06389759589208052,0.012387430674328986,1.3000722498546224e-08,0.15375264942997963,0.016314210645493554,oracle/task_032/cell_0192,86,without_replacement,8388608,1.025824822485447,4,completed,512,20.0,0.15375264942997954,0.016315005994370593
4,232,4b74724c4225fcfe043fdd749fb740fff4cf33c8,cuda,1.0,8,0.5,gaussian,0.803473496632126,64,standard normal at finite u_max,finite,oracle,0.05970367119967047,0.011407694204186608,tail,0.2906803030672862,8192,41971712,1.3000539089702556e-08,0.05970379779686475,0.011407694204186553,1.3000722498546224e-08,0.1959454363429921,0.015485715334997787,oracle/task_032/cell_0232,92,without_replacement,67108864,3.9725784063339233,2,completed,2048,20.0,0.1959454363429921,0.01548646325832549
8,272,4b74724c4225fcfe043fdd749fb740fff4cf33c8,cuda,1.0,1,0.5,mixture,0.8925119766283239,64,standard normal at finite u_max,finite,oracle,0.6562034540100516,1.6244431481802986,tail,0.005144754261751648,8192,14093824,0.6545303998576505,0.6562034646505994,1.6244431481802988,0.6545303998576544,0.800482925169873,1.6244755614537372,oracle/task_032/cell_0272,56,without_replacement,33554432,0.9999050498008728,0,completed,512,20.0,0.800482925169873,1.6244736911362208
4,312,4b74724c4225fcfe043fdd749fb740fff4cf33c8,cuda,1.0,1,0.5,mixture,0.8900717914266147,64,standard normal at finite u_max,finite,oracle,0.24292000002058733,0.5788762103788974,full,0.2796983261128847,8192,42406912,0.22690285448456482,0.24292013201555018,0.5788762103788974,0.22690285448456088,0.6451925021667888,0.5789050776934033,oracle/task_032/cell_0312,15,with_replacement,268435456,0.5794081017374992,4,completed,512,20.0,0.645192502166789,0.5789046670651705
2,352,4b74724c4225fcfe043fdd749fb740fff4cf33c8,cuda,1.0,1,0.5,mixture,0.990470885570058,64,standard normal at finite u_max,infinite,oracle,0.7450451259304707,1.8264164182960516,unbiased,0.05827472768097682,8192,2821632,0.6948531129377623,0.7450451481372855,1.8264164182960516,0.694853112937766,0.9904928724480755,1.826418119250716,oracle/task_032/cell_0352,335,with_replacement,33554432,2.986422762274742,2,completed,2048,20.0,0.9904928724480755,1.8264166844831107
4,392,4b74724c4225fcfe043fdd749fb740fff4cf33c8,cuda,1.0,8,0.5,mixture,0.7837338557665977,64,standard normal at finite u_max,infinite,oracle,0.7110909630755313,1.6423627378247176,unbiased,0.00012207055751376256,8192,37777408,0.6948531129377623,0.7110909978622325,1.6423627378247174,0.6948531129377662,0.9960452726170399,1.661742236951152,oracle/task_032/cell_0392,180,with_replacement,16777216,0.799825444817543,0,completed,512,20.0,0.9960452726170399,1.6617427956927695
8,432,4b74724c4225fcfe043fdd749fb740fff4cf33c8,cuda,1.0,8,0.5,mixture,0.9565215421231834,64,standard normal at finite u_max,infinite,oracle,0.7218152636358276,1.7029826003059483,unbiased,0.00012207317475613287,8192,73691136,0.6948531129377623,0.7218152995152635,1.702982600305948,0.6948531129377659,0.9953776105178875,1.710677850554053,oracle/task_032/cell_0432,154,with_replacement,33554432,0.7947094291448593,3,completed,512,20.0,0.9953776105178875,1.7106780638680936
2,472,4b74724c4225fcfe043fdd749fb740fff4cf33c8,cuda,1.0,8,0.5,mixture,0.8604714776379716,64,standard normal at finite u_max,infinite,oracle,0.7057639334290978,1.6726620846817766,unbiased,0.000221397356002826,8192,24014848,0.6948531129377623,0.7057639557896891,1.672662084681777,0.6948531129377666,0.9932764031207089,1.6849444894345007,oracle/task_032/cell_0472,625,without_replacement,33554432,3.0528479740023613,1,completed,2048,20.0,0.9932764031207089,1.684944660975365
4,512,4b74724c4225fcfe043fdd749fb740fff4cf33c8,cuda,1.0,8,0.5,mixture,0.6010700119016925,64,standard normal at finite u_max,infinite,oracle,0.7061282281650796,1.7160825404187185,unbiased,0.0001331984746661127,8192,41971712,0.6948531129377623,0.7061282690647591,1.7160825404187188,0.6948531129377664,0.9925959779106974,1.7173232874784676,oracle/task_032/cell_0512,502,without_replacement,67108864,3.0085740089416504,4,completed,2048,20.0,0.9925959779106974,1.7173233079673873
8,552,4b74724c4225fcfe043fdd749fb740fff4cf33c8,cuda,1.0,1,0.5,weak_mixture,0.6726444480625029,64,standard normal at finite u_max,infinite,oracle,0.08306736079547217,0.10220607090137175,unbiased,0.485364767219713,8192,14093824,0.0472960704978701,0.08306734714620723,0.10220607090137165,0.04729607084721088,0.4681719375782891,0.10447093055879496,oracle/task_032/cell_0552,2,without_replacement,33554432,0.7039371952414513,2,completed,512,20.0,0.46817193757828934,0.10447174633923423
2,592,4b74724c4225fcfe043fdd749fb740fff4cf33c8,cuda,1.0,1,0.5,weak_mixture,0.8058146492844604,64,standard normal at finite u_max,finite,oracle,0.015168853534414717,0.016899402565165228,tail,0.49964404832282244,8192,2821632,0.009280248417783632,0.015168855174775842,0.016899402565165124,0.009280248767124633,0.024544845443116303,0.017538744557667445,oracle/task_032/cell_0592,1,with_replacement,33554432,3.9459648951888084,0,completed,2048,20.0,0.024544845443116525,0.0175374858040086
4,632,4b74724c4225fcfe043fdd749fb740fff4cf33c8,cuda,1.0,1,0.5,weak_mixture,0.9241548046404422,64,standard normal at finite u_max,finite,oracle,0.018457990161405924,0.012525902443186432,tail,0.4999141070725076,8192,5180928,0.012653481393841037,0.01845800251233587,0.012525902443186535,0.01265348104450037,0.07928024259836342,0.017955695999583132,oracle/task_032/cell_0632,1,with_replacement,67108864,3.9561338871717453,3,completed,2048,20.0,0.07928024259836275,0.01795567519947802
8,672,4b74724c4225fcfe043fdd749fb740fff4cf33c8,cuda,1.0,8,0.5,weak_mixture,0.6468368637134391,64,standard normal at finite u_max,finite,oracle,0.03691641947126725,0.030961048933932762,tail,0.46915414104291964,8192,73691136,0.027697733919485275,0.03691640998559969,0.03096104893393275,0.027697733744814816,0.07293912366598304,0.03739156315197911,oracle/task_032/cell_0672,4,with_replacement,33554432,1.0120588168501854,1,completed,512,20.0,0.07293912366598292,0.0373909657744398
2,712,4b74724c4225fcfe043fdd749fb740fff4cf33c8,cuda,1.0,8,0.5,weak_mixture,0.7967475083477884,64,standard normal at finite u_max,finite,oracle,0.028862536557520822,0.025932423468933343,tail,0.46982172226736163,8192,24014848,0.024329423900951316,0.028862536322991156,0.02593242346893335,0.024329423988286573,0.03741311593346036,0.03010183388059477,oracle/task_032/cell_0712,4,without_replacement,8388608,0.9875623509287834,4,completed,512,20.0,0.03741311593346,0.03010142835908038
4,752,4b74724c4225fcfe043fdd749fb740fff4cf33c8,cuda,1.0,8,0.5,weak_mixture,0.9274601381546422,64,standard normal at finite u_max,finite,oracle,0.024158634823255594,0.019596261998181645,tail,0.4938093968076795,8192,41971712,0.018952275702661815,0.02415863948192843,0.019596261998181652,0.01895227561532667,0.048686596194782855,0.02202027397554733,oracle/task_032/cell_0752,4,without_replacement,67108864,3.910448245704174,2,completed,2048,20.0,0.04868659619478284,0.022020477554620214
4,792,4b74724c4225fcfe043fdd749fb740fff4cf33c8,cuda,1.0,8,0.5,gaussian,0.9933503005638245,64,standard normal at finite u_max,finite,oracle,0.06532056345548806,0.015248000157329425,tail,0.07377856530214742,32768,151023616,1.3000539089702556e-08,0.06532067493905228,0.015248000157329217,1.3000721943434712e-08,0.1474283979842299,0.017644229205637893,oracle/task_032/cell_0792,94,with_replacement,67108864,1.2879928946495056,0,completed,512,20.0,0.1474283979842296,0.017644185919714128
4,832,4b74724c4225fcfe043fdd749fb740fff4cf33c8,cuda,1.0,8,0.5,gaussian,0.5026844793887509,64,standard normal at finite u_max,finite,oracle,0.05197494412333721,0.010911710613263945,tail,0.09091682131814874,32768,151023616,1.3000539089702556e-08,0.05197510928607328,0.010911710613263778,1.300072227650162e-08,0.1289543047190402,0.013315447771325647,oracle/task_032/cell_0832,85,with_replacement,67108864,1.2791673764586449,2,completed,512,20.0,0.12895430471904007,0.013315425741325675
4,872,4b74724c4225fcfe043fdd749fb740fff4cf33c8,cuda,1.0,8,0.5,gaussian,0.8222779743925515,64,standard normal at finite u_max,finite,oracle,0.06214599824783993,0.014046091706015007,tail,0.09653112825856483,32768,151023616,1.3000539089702556e-08,0.06214613266856181,0.014046091706015298,1.3000723386724644e-08,0.1687373163010675,0.016581993437226043,oracle/task_032/cell_0872,86,with_replacement,67108864,1.2782517150044441,4,completed,512,20.0,0.16873731630106825,0.016582117521697828
4,912,4b74724c4225fcfe043fdd749fb740fff4cf33c8,cuda,1.0,8,0.5,mixture,0.5800826412007156,64,standard normal at finite u_max,finite,oracle,0.38817969577418854,0.7726082670344767,tail,3.0771477972420467e-05,32768,151023616,0.3051468870622377,0.3881797621291884,0.7726082670344767,0.3051468870622338,0.9932281376001229,0.7803059401237544,oracle/task_032/cell_0912,142,with_replacement,67108864,1.3071387857198715,1,completed,512,20.0,0.9932281376001227,0.7803056486663886
4,952,4b74724c4225fcfe043fdd749fb740fff4cf33c8,cuda,1.0,8,0.5,mixture,0.5933198018113436,64,standard normal at finite u_max,finite,oracle,0.4202265993656786,0.7803160142825132,tail,3.057486301607921e-05,32768,151023616,0.3051468870622377,0.4202266617764719,0.7803160142825134,0.3051468870622338,0.9939481673580567,0.7944243360095454,oracle/task_032/cell_0952,141,with_replacement,67108864,1.3033137246966362,3,completed,512,20.0,0.9939481673580567,0.7944242727250481
4,992,4b74724c4225fcfe043fdd749fb740fff4cf33c8,cuda,1.0,8,0.5,weak_mixture,0.9971724155205685,64,standard normal at finite u_max,finite,oracle,0.02870965074895919,0.029878663607892382,tail,0.4780885954072876,32768,151023616,0.022102011695222766,0.028709643630723983,0.029878663607892444,0.0221020116952228,0.05769435805475191,0.03113469995103056,oracle/task_032/cell_0992,5,with_replacement,67108864,1.2511888444423676,0,completed,512,20.0,0.05769435805475154,0.031134651349397524
4,1032,4b74724c4225fcfe043fdd749fb740fff4cf33c8,cuda,1.0,8,0.5,weak_mixture,0.8281568337233551,64,standard normal at finite u_max,finite,oracle,0.018437895862542394,0.017443449195418948,tail,0.47167530991670426,32768,151023616,0.013101897993891713,0.018437902456045176,0.017443449195418955,0.013101897993891838,0.06146018811531517,0.0216307415656938,oracle/task_032/cell_1032,4,with_replacement,67108864,1.254752054810524,2,completed,512,20.0,0.06146018811531492,0.02163083770900489
4,1072,4b74724c4225fcfe043fdd749fb740fff4cf33c8,cuda,1.0,8,0.5,weak_mixture,0.7832513201542486,64,standard normal at finite u_max,finite,oracle,0.016996845010818405,0.01599761181031396,tail,0.47384558833610224,32768,151023616,0.013106719800062956,0.016996839427829945,0.01599761181031396,0.01310671997473322,0.025119182494000636,0.01731750302093349,oracle/task_032/cell_1072,4,with_replacement,67108864,1.2529438734054565,4,completed,512,20.0,0.025119182494000386,0.017317324428844386
2,33,4b74724c4225fcfe043fdd749fb740fff4cf33c8,cuda,1.0,1,0.5,gaussian,0.9111484830358313,64,standard normal at finite u_max,finite,oracle,0.01745293343890808,0.0033858448051524714,tail,0.17207212019687584,8192,2821632,1.3000539089702556e-08,0.01745299416704238,0.0033858448051528045,1.3000722498546224e-08,0.08023096847157885,0.0041567949139677575,oracle/task_033/cell_0033,42,with_replacement,8388608,1.0266952440142632,2,completed,512,20.0,0.08023096847157862,0.0041561334134033005
4,73,4b74724c4225fcfe043fdd749fb740fff4cf33c8,cuda,1.0,1,0.5,gaussian,0.9997818368940538,64,standard normal at finite u_max,finite,oracle,0.08121863409192875,0.022223026045292693,tail,0.3666517772299784,8192,5180928,1.3000539089702556e-08,0.08121881165261952,0.02222302604529225,1.300072227650162e-08,0.15688598341038063,0.022602812071562554,oracle/task_033/cell_0073,41,with_replacement,67108864,3.9958163797855377,0,completed,2048,20.0,0.15688598341038018,0.022602906286563564
8,113,4b74724c4225fcfe043fdd749fb740fff4cf33c8,cuda,1.0,1,0.5,gaussian,0.6709753585543073,64,standard normal at finite u_max,finite,oracle,0.046611015387387295,0.006561856356049889,tail,0.43917245654414055,8192,9899520,1.3000539089702556e-08,0.04661112949466714,0.006561856356049223,1.3000722054457015e-08,0.22099473380803003,0.012419433423445592,oracle/task_033/cell_0113,37,with_replacement,134217728,4.0037223771214485,3,completed,2048,20.0,0.22099473380802948,0.012421132555926402
2,153,4b74724c4225fcfe043fdd749fb740fff4cf33c8,cuda,1.0,8,0.5,gaussian,0.8294117789182565,64,standard normal at finite u_max,finite,oracle,0.049262218118115444,0.0093397810364583,tail,0.05749851489777524,8192,24014848,1.3000539089702556e-08,0.049262361889861175,0.009339781036458245,1.3000722387523922e-08,0.15820481528685798,0.011915965849192625,oracle/task_033/cell_0153,83,without_replacement,8388608,1.0277361795306206,1,completed,512,20.0,0.15820481528685787,0.011915206364836768
4,193,4b74724c4225fcfe043fdd749fb740fff4cf33c8,cuda,1.0,8,0.5,gaussian,0.9984223973794278,64,standard normal at finite u_max,finite,oracle,0.0638975297502407,0.012387430674328945,tail,0.07087620390610512,8192,41971712,1.3000539089702556e-08,0.06389759589208044,0.012387430674328945,1.3000722498546224e-08,0.15375264942997968,0.016314210645493418,oracle/task_033/cell_0193,86,without_replacement,16777216,1.0284233838319778,4,completed,512,20.0,0.15375264942997957,0.016315005994370593
8,233,4b74724c4225fcfe043fdd749fb740fff4cf33c8,cuda,1.0,8,0.5,gaussian,0.803473496632126,64,standard normal at finite u_max,finite,oracle,0.05970367119967049,0.011407694204186525,tail,0.2906803030672862,8192,77885440,1.3000539089702556e-08,0.05970379779686477,0.011407694204186553,1.300072272059083e-08,0.19594543634299216,0.015485715334995808,oracle/task_033/cell_0233,92,without_replacement,134217728,3.9997266307473183,2,completed,2048,20.0,0.19594543634299233,0.01548646325832549
4,273,4b74724c4225fcfe043fdd749fb740fff4cf33c8,cuda,1.0,1,0.5,mixture,0.5774730468661562,64,standard normal at finite u_max,finite,oracle,0.10791301534139375,0.24461021686491283,full,0.289781851391901,8192,42406912,0.10114687910160342,0.10791305376462257,0.24461021686491313,0.10114687910160725,0.15789352038662763,0.24506978455029643,oracle/task_033/cell_0273,14,with_replacement,268435456,0.5814191848039627,1,completed,512,20.0,0.15789352038662763,0.24506953679197382
2,313,4b74724c4225fcfe043fdd749fb740fff4cf33c8,cuda,1.0,1,0.5,mixture,0.931075536787957,64,standard normal at finite u_max,infinite,oracle,0.6981511464334544,1.7265818273090308,unbiased,0.00014639253700359452,8192,2821632,0.6948531129377623,0.6981511802104855,1.7265818273090316,0.6948531129377666,0.9903898480020936,1.7266547552975866,oracle/task_033/cell_0313,146,with_replacement,8388608,0.7758282572031021,4,completed,512,20.0,0.9903898480020936,1.726653466608733
4,353,4b74724c4225fcfe043fdd749fb740fff4cf33c8,cuda,1.0,1,0.5,mixture,0.8972245827405798,64,standard normal at finite u_max,infinite,oracle,0.6924795959082652,1.7393496933990586,unbiased,0.10248462148763528,8192,5180928,0.6882351014403906,0.6924796164164121,1.7393496933990589,0.6882351014403945,0.9550319563287452,1.7393493124983916,oracle/task_033/cell_0353,73,with_replacement,67108864,2.9182052463293076,2,completed,2048,20.0,0.9550319563287452,1.7393514097086702
8,393,4b74724c4225fcfe043fdd749fb740fff4cf33c8,cuda,1.0,8,0.5,mixture,0.5074419209669719,64,standard normal at finite u_max,infinite,oracle,0.7066535131919698,1.678077749344613,unbiased,0.0001220703125140287,8192,73691136,0.6948531129377623,0.7066535412123439,1.6780777493446126,0.694853112937766,0.9940898339140845,1.6841869092105246,oracle/task_033/cell_0393,152,with_replacement,33554432,0.7975072711706161,0,completed,512,20.0,0.9940898339140843,1.6841866066647566
2,433,4b74724c4225fcfe043fdd749fb740fff4cf33c8,cuda,1.0,8,0.5,mixture,0.9319132047121035,64,standard normal at finite u_max,infinite,oracle,0.7026188829762088,1.6228247297026095,unbiased,0.00012208071742871975,8192,24014848,0.6948531129377623,0.7026189099420768,1.62282472970261,0.6948531129377666,0.9957157307952087,1.6476392366967598,oracle/task_033/cell_0433,201,without_replacement,8388608,0.7947838455438614,3,completed,512,20.0,0.9957157307952087,1.6476392244772555
4,473,4b74724c4225fcfe043fdd749fb740fff4cf33c8,cuda,1.0,8,0.5,mixture,0.8627209436152136,64,standard normal at finite u_max,infinite,oracle,0.7035387244716073,1.7008107699710173,unbiased,0.0001294986097918806,8192,41971712,0.6948531129377623,0.7035387495857643,1.7008107699710173,0.6948531129377662,0.9918580736412566,1.7023148915814907,oracle/task_033/cell_0473,506,without_replacement,67108864,3.0395468547940254,1,completed,2048,20.0,0.9918580736412563,1.7023152220160187
8,513,4b74724c4225fcfe043fdd749fb740fff4cf33c8,cuda,1.0,8,0.5,mixture,0.5409697438564921,64,standard normal at finite u_max,infinite,oracle,0.6985690083642707,1.7206201653678075,unbiased,0.00014322029811347596,8192,77885440,0.6948531129377623,0.6985690266763844,1.7206201653678073,0.6948531129377662,0.9899184751159653,1.7207691326933197,oracle/task_033/cell_0513,347,without_replacement,134217728,2.999743841588497,4,completed,2048,20.0,0.9899184751159652,1.7207687597639654
2,553,4b74724c4225fcfe043fdd749fb740fff4cf33c8,cuda,1.0,1,0.5,weak_mixture,0.9300660812729848,64,standard normal at finite u_max,finite,oracle,0.013441821698916612,0.013993918695094712,tail,0.4951388180551722,8192,2821632,0.011820804531224804,0.013441821139899168,0.013993918695094814,0.011820804181883915,0.03533035255609207,0.01551621381994643,oracle/task_033/cell_0553,1,with_replacement,8388608,0.9998831450939178,2,completed,512,20.0,0.03533035255609174,0.015518232164206305
4,593,4b74724c4225fcfe043fdd749fb740fff4cf33c8,cuda,1.0,1,0.5,weak_mixture,0.79768696559884,64,standard normal at finite u_max,finite,oracle,0.016855880349257613,0.020867033280036668,tail,0.49741522931678717,8192,5180928,0.014843481727578767,0.01685589347650096,0.020867033280036577,0.014843482076919767,0.028508819953365405,0.021229979145276263,oracle/task_033/cell_0593,1,with_replacement,67108864,3.989512123167515,0,completed,2048,20.0,0.02850881995336496,0.021228357318715176
8,633,4b74724c4225fcfe043fdd749fb740fff4cf33c8,cuda,1.0,1,0.5,weak_mixture,0.9248643852041959,64,standard normal at finite u_max,finite,oracle,0.019989770875659008,0.013767004187190669,tail,0.49976216500825343,8192,9899520,0.012303883961333417,0.01998977437322358,0.013767004187190771,0.012303883611992694,0.0838611513601406,0.01884249048881445,oracle/task_033/cell_0633,1,with_replacement,134217728,3.9894133284687996,3,completed,2048,20.0,0.08386115136014016,0.018842390303258988
2,673,4b74724c4225fcfe043fdd749fb740fff4cf33c8,cuda,1.0,8,0.5,weak_mixture,0.7436121906823981,64,standard normal at finite u_max,finite,oracle,0.020072470264622732,0.015424967427903787,tail,0.48381626664886646,8192,24014848,0.014374228235774472,0.020072465452197676,0.015424967427903792,0.014374228235774493,0.04825710585950267,0.019443142316308157,oracle/task_033/cell_0673,4,without_replacement,8388608,0.9976712912321091,1,completed,512,20.0,0.0482571058595027,0.019442897476599698
4,713,4b74724c4225fcfe043fdd749fb740fff4cf33c8,cuda,1.0,8,0.5,weak_mixture,0.8193187061558261,64,standard normal at finite u_max,finite,oracle,0.03407418966301066,0.032130134225016704,tail,0.47730829833983424,8192,41971712,0.025701375539258414,0.03407418701990626,0.032130134225016704,0.025701375539258456,0.041818003971142936,0.03542149593575251,oracle/task_033/cell_0713,4,without_replacement,16777216,0.9981641471385956,4,completed,512,20.0,0.04181800397114284,0.03542162754369771
8,753,4b74724c4225fcfe043fdd749fb740fff4cf33c8,cuda,1.0,8,0.5,weak_mixture,0.8553213336323235,64,standard normal at finite u_max,finite,oracle,0.029583821258542288,0.030327280066771788,tail,0.49611069537922375,8192,77885440,0.024691811216525993,0.02958382402778172,0.03032728006677179,0.024691811129190847,0.04441843430541603,0.0335768256285711,oracle/task_033/cell_0753,4,without_replacement,134217728,3.9706644117832184,2,completed,2048,20.0,0.04441843430541574,0.033576644339713725
4,793,4b74724c4225fcfe043fdd749fb740fff4cf33c8,cuda,1.0,8,0.5,gaussian,0.6528573704456978,64,standard normal at finite u_max,finite,oracle,0.05457103317792735,0.01296556725107055,tail,0.05193652698031739,131072,604008448,1.3000539089702556e-08,0.054571100920506,0.012965567251070384,1.3000721721390107e-08,0.12644450844378874,0.014984707771269092,oracle/task_033/cell_0793,91,with_replacement,268435456,3.87909022718668,0,completed,512,20.0,0.12644450844378846,0.014984712588976984
4,833,4b74724c4225fcfe043fdd749fb740fff4cf33c8,cuda,1.0,8,0.5,gaussian,0.8140352158144906,64,standard normal at finite u_max,finite,oracle,0.05124038761400537,0.011541363635561769,tail,0.06701302515320728,131072,604008448,1.3000539089702556e-08,0.05124057151425154,0.011541363635561505,1.3000721943434712e-08,0.14393793836194146,0.013459782928990745,oracle/task_033/cell_0833,89,with_replacement,268435456,3.8755178675055504,2,completed,512,20.0,0.14393793836194108,0.013459983062587437
4,873,4b74724c4225fcfe043fdd749fb740fff4cf33c8,cuda,1.0,8,0.5,gaussian,0.953585185772727,64,standard normal at finite u_max,finite,oracle,0.04534736060186452,0.009819932912856225,tail,0.08313953524940634,131072,604008448,1.3000539089702556e-08,0.04534754678227505,0.009819932912856516,1.300072316468004e-08,0.1535142768094403,0.011848159591476507,oracle/task_033/cell_0873,97,with_replacement,268435456,3.8784604892134666,4,completed,512,20.0,0.15351427680944066,0.011848196683010468
4,913,4b74724c4225fcfe043fdd749fb740fff4cf33c8,cuda,1.0,8,0.5,mixture,0.7013760581138208,64,standard normal at finite u_max,finite,oracle,0.6763826664630397,1.527438263758793,tail,7.801850319915544e-06,131072,604008448,0.6461398347033217,0.6763826596385791,1.5274382637587933,0.6461398347033249,0.9921368484240478,1.571992449116541,oracle/task_033/cell_0913,142,with_replacement,268435456,3.9011081531643867,1,completed,512,20.0,0.9921368484240478,1.5719924588738707
4,953,4b74724c4225fcfe043fdd749fb740fff4cf33c8,cuda,1.0,8,0.5,mixture,0.7016169398783304,64,standard normal at finite u_max,finite,oracle,0.672787150181884,1.535114138605715,tail,7.851753682472875e-06,131072,604008448,0.6461398347033218,0.672787160654398,1.5351141386057159,0.6461398347033251,0.992242529889289,1.5732576756392065,oracle/task_033/cell_0953,142,with_replacement,268435456,3.902974560856819,3,completed,512,20.0,0.992242529889289,1.5732578390039447
4,993,4b74724c4225fcfe043fdd749fb740fff4cf33c8,cuda,1.0,8,0.5,weak_mixture,0.9921280773990655,64,standard normal at finite u_max,finite,oracle,0.03896786926763744,0.04302296541056891,tail,0.4669031465026452,131072,604008448,0.03531109583385162,0.03896786416130396,0.04302296541056891,0.03531109565918124,0.05736721781328907,0.04344668604946546,oracle/task_033/cell_0993,5,with_replacement,268435456,3.849881961941719,0,completed,512,20.0,0.05736721781328903,0.043446672363486136
4,1033,4b74724c4225fcfe043fdd749fb740fff4cf33c8,cuda,1.0,8,0.5,weak_mixture,0.503454110275364,64,standard normal at finite u_max,finite,oracle,0.017655423598841695,0.01920162232187055,tail,0.46550085915086536,131072,604008448,0.014325923920214187,0.017655418288572026,0.019201622321870598,0.014325923832878909,0.035274460117626194,0.0206431145032582,oracle/task_033/cell_1033,4,with_replacement,268435456,3.8449843749403954,2,completed,512,20.0,0.03527446011762635,0.020643394590837374
4,1073,4b74724c4225fcfe043fdd749fb740fff4cf33c8,cuda,1.0,8,0.5,weak_mixture,0.6022039621923777,64,standard normal at finite u_max,finite,oracle,0.010572844404341305,0.010632924156513112,tail,0.46925890398430103,131072,604008448,0.007001730164264405,0.010572840986833303,0.010632924156513117,0.007001730338934795,0.027713606077377703,0.011559732751960164,oracle/task_033/cell_1073,4,with_replacement,268435456,3.8505070582032204,4,completed,512,20.0,0.02771360607737773,0.011560110389353697
4,34,4b74724c4225fcfe043fdd749fb740fff4cf33c8,cuda,1.0,1,0.5,gaussian,0.9111484830358313,64,standard normal at finite u_max,finite,oracle,0.017452933438907747,0.0033858448051523604,tail,0.17207212019687573,8192,5180928,1.3000539089702556e-08,0.017452994167042046,0.0033858448051528045,1.3000722387523922e-08,0.08023096847157885,0.004156794913962763,oracle/task_034/cell_0034,42,with_replacement,16777216,1.0070079192519188,2,completed,512,20.0,0.08023096847157851,0.004156133413403335
8,74,4b74724c4225fcfe043fdd749fb740fff4cf33c8,cuda,1.0,1,0.5,gaussian,0.9997818368940538,64,standard normal at finite u_max,finite,oracle,0.08121863409192875,0.022223026045292693,tail,0.3666517772299773,8192,9899520,1.3000539089702556e-08,0.08121881165261952,0.02222302604529225,1.300072227650162e-08,0.15688598341038063,0.022602812071562554,oracle/task_034/cell_0074,41,with_replacement,134217728,3.8793709576129913,0,completed,2048,20.0,0.15688598341038018,0.022602906286563564
2,114,4b74724c4225fcfe043fdd749fb740fff4cf33c8,cuda,1.0,1,0.5,gaussian,0.8671734362044091,64,standard normal at finite u_max,finite,oracle,0.12225520866283468,0.030321597399582734,tail,0.36598650663271454,8192,7015936,1.3000539089702556e-08,0.12225524248682212,0.0303215973995824,1.3000722498546224e-08,0.20097639499147224,0.030776653600081593,oracle/task_034/cell_0114,51,without_replacement,33554432,3.8207404017448425,3,completed,2048,20.0,0.20097639499147202,0.03077587256900153
4,154,4b74724c4225fcfe043fdd749fb740fff4cf33c8,cuda,1.0,8,0.5,gaussian,0.8294117789182563,64,standard normal at finite u_max,finite,oracle,0.049262218118115396,0.0093397810364583,tail,0.05749851489777526,8192,41971712,1.3000539089702556e-08,0.04926236188986109,0.009339781036458245,1.3000722387523922e-08,0.15820481528685795,0.011915965849193424,oracle/task_034/cell_0154,83,without_replacement,16777216,1.0021987855434418,1,completed,512,20.0,0.15820481528685781,0.01191520636483677
8,194,4b74724c4225fcfe043fdd749fb740fff4cf33c8,cuda,1.0,8,0.5,gaussian,0.9984223973794278,64,standard normal at finite u_max,finite,oracle,0.06389752975024075,0.012387430674328986,tail,0.07087620390610465,8192,77885440,1.3000539089702556e-08,0.0638975958920805,0.012387430674328986,1.3000722498546224e-08,0.15375264942997968,0.016314210645493418,oracle/task_034/cell_0194,86,without_replacement,33554432,1.0034857615828514,4,completed,512,20.0,0.15375264942997957,0.016315005994370597
4,234,4b74724c4225fcfe043fdd749fb740fff4cf33c8,cuda,1.0,8,0.5,gaussian,0.9535959257217745,64,standard normal at finite u_max,finite,oracle,0.04647350896925575,0.006331535423703488,full,0.2896989396587369,8192,337420288,1.3000539089702556e-08,0.046473697711207615,0.006331535423703488,1.3000722498546224e-08,0.2138583542271404,0.012183700999541277,oracle/task_034/cell_0234,94,with_replacement,1073741824,7.492331840097904,3,completed,2048,20.0,0.2138583542271404,0.012183273397650884
2,274,4b74724c4225fcfe043fdd749fb740fff4cf33c8,cuda,1.0,1,0.5,mixture,0.8261549624521046,64,standard normal at finite u_max,infinite,oracle,0.6992164135328749,1.7423360987373344,unbiased,0.00013152383163757535,8192,2821632,0.6948531129377623,0.699216428418209,1.7423360987373349,0.6948531129377664,0.9904027951793162,1.7423622872054394,oracle/task_034/cell_0274,147,with_replacement,8388608,0.7588571310043335,1,completed,512,20.0,0.9904027951793162,1.7423608503047472
4,314,4b74724c4225fcfe043fdd749fb740fff4cf33c8,cuda,1.0,1,0.5,mixture,0.9605085179037016,64,standard normal at finite u_max,infinite,oracle,0.6970488324065431,1.7396821176571502,unbiased,0.00012340366970574627,8192,5180928,0.6948531129377623,0.6970488771298061,1.7396821176571502,0.694853112937766,0.9891163872327328,1.7396895815660447,oracle/task_034/cell_0314,123,with_replacement,16777216,0.7526210695505142,4,completed,512,20.0,0.9891163872327328,1.7396904423640587
8,354,4b74724c4225fcfe043fdd749fb740fff4cf33c8,cuda,1.0,1,0.5,mixture,0.5260431692604401,64,standard normal at finite u_max,infinite,oracle,0.053591423102356206,0.10092823484655811,unbiased,0.2689240957860435,8192,9899520,0.052524752343294345,0.05359142922835125,0.10092823484655838,0.05252475234329823,0.09510580131320912,0.12424920575313453,oracle/task_034/cell_0354,22,with_replacement,134217728,2.8203704580664635,2,completed,2048,20.0,0.0951058013132089,0.12424978861667002
2,394,4b74724c4225fcfe043fdd749fb740fff4cf33c8,cuda,1.0,8,0.5,mixture,0.9291023729879527,64,standard normal at finite u_max,infinite,oracle,0.7038361264086593,1.6308236247547274,unbiased,0.00012276926280896418,8192,24014848,0.6948531129377623,0.7038361497785313,1.630823624754727,0.6948531129377657,0.9952723388368543,1.6525688998229753,oracle/task_034/cell_0394,201,without_replacement,8388608,0.7749458476901054,0,completed,512,20.0,0.9952723388368542,1.652569288774832
4,434,4b74724c4225fcfe043fdd749fb740fff4cf33c8,cuda,1.0,8,0.5,mixture,0.9866945536145116,64,standard normal at finite u_max,infinite,oracle,0.7074305184846709,1.6520041408800825,unbiased,0.00012207662489806883,8192,41971712,0.6948531129377623,0.7074305522055171,1.652004140880083,0.6948531129377666,0.9948078653233254,1.666454455515329,oracle/task_034/cell_0434,177,without_replacement,16777216,0.7662976160645485,3,completed,512,20.0,0.9948078653233254,1.6664543800712466
8,474,4b74724c4225fcfe043fdd749fb740fff4cf33c8,cuda,1.0,8,0.5,mixture,0.8464966650772878,64,standard normal at finite u_max,infinite,oracle,0.7008460279170325,1.7327365734248261,unbiased,0.00023496522826565278,8192,77885440,0.6948531129377623,0.7008460555726698,1.7327365734248261,0.6948531129377661,0.9900548669542593,1.7328199737368264,oracle/task_034/cell_0474,349,without_replacement,134217728,2.9605536982417107,1,completed,2048,20.0,0.9900548669542594,1.7328202286904653
2,514,4b74724c4225fcfe043fdd749fb740fff4cf33c8,cuda,1.0,8,0.5,mixture,0.8250955784167168,64,standard normal at finite u_max,finite,oracle,0.6611788054133281,1.5262646015499204,tail,0.0032333184637612757,8192,19820544,0.6461398347033218,0.6611788168203874,1.52626460154992,0.6461398347033245,0.9895634139491625,1.5599430506731689,oracle/task_034/cell_0514,495,with_replacement,33554432,4.105523221194744,4,completed,2048,20.0,0.9895634139491625,1.5599429014230886
4,554,4b74724c4225fcfe043fdd749fb740fff4cf33c8,cuda,1.0,1,0.5,weak_mixture,0.9290854677112312,64,standard normal at finite u_max,finite,oracle,0.014872241446704293,0.013597156228637518,tail,0.4949581883144914,8192,5180928,0.012386501603054156,0.014872248857587755,0.01359715622863762,0.012386501253713322,0.034881463293268467,0.014847010760378513,oracle/task_034/cell_0554,1,with_replacement,16777216,0.9760682657361031,2,completed,512,20.0,0.03488146329326802,0.0148458484930462
8,594,4b74724c4225fcfe043fdd749fb740fff4cf33c8,cuda,1.0,1,0.5,weak_mixture,0.8048688434345649,64,standard normal at finite u_max,finite,oracle,0.015534121657635458,0.018381107414892635,tail,0.49973640024779303,8192,9899520,0.010667465111433905,0.01553412830774703,0.018381107414892545,0.010667465460775127,0.029737901650619403,0.019013078235928623,oracle/task_034/cell_0594,1,with_replacement,134217728,3.8705867156386375,0,completed,2048,20.0,0.02973790165061918,0.019013558076918756
2,634,4b74724c4225fcfe043fdd749fb740fff4cf33c8,cuda,1.0,1,0.5,weak_mixture,0.6184556970631053,64,standard normal at finite u_max,finite,oracle,0.017828173350650636,0.003377161548062781,tail,0.49859097235591354,8192,7015936,0.0011322525192051236,0.017828154022712525,0.0033771615480628885,0.0011322521698645671,0.06664763152271025,0.012614908203796519,oracle/task_034/cell_0634,1,without_replacement,33554432,3.8082376196980476,3,completed,2048,20.0,0.06664763152271114,0.01261730009554326
4,674,4b74724c4225fcfe043fdd749fb740fff4cf33c8,cuda,1.0,8,0.5,weak_mixture,0.7537230167326657,64,standard normal at finite u_max,finite,oracle,0.017945293341933323,0.010543434089259753,tail,0.4841829761214509,8192,41971712,0.009164411017487592,0.017945296667573517,0.010543434089259732,0.009164411104822884,0.036840253884742505,0.016641790049109394,oracle/task_034/cell_0674,4,without_replacement,16777216,0.9709924608469009,1,completed,512,20.0,0.03684025388474266,0.01664214538400413
8,714,4b74724c4225fcfe043fdd749fb740fff4cf33c8,cuda,1.0,8,0.5,weak_mixture,0.75964982134799,64,standard normal at finite u_max,finite,oracle,0.037306215765449,0.03498466967413083,tail,0.48354150412295094,8192,77885440,0.030673483467259968,0.037306211989151766,0.034984669674130844,0.03067348337992474,0.05520950137684273,0.03703617950082942,oracle/task_034/cell_0714,4,without_replacement,33554432,0.9695487394928932,4,completed,512,20.0,0.055209501376842426,0.03703620378429237
4,754,4b74724c4225fcfe043fdd749fb740fff4cf33c8,cuda,1.0,8,0.5,weak_mixture,0.8104652432648931,64,standard normal at finite u_max,finite,oracle,0.028444258399673954,0.026984527597738468,full,0.4961284146491915,8192,337420288,0.023251030897089665,0.0284442594446181,0.02698452759773845,0.023251030809754512,0.04972639873663451,0.02897926884630248,oracle/task_034/cell_0754,4,with_replacement,1073741824,7.461542263627052,3,completed,2048,20.0,0.0497263987366344,0.028979515244488756
4,794,4b74724c4225fcfe043fdd749fb740fff4cf33c8,cuda,1.0,8,0.5,gaussian,0.8988399239197721,64,standard normal at finite u_max,finite,oracle,0.0685692693959507,0.014291107921135152,tail,0.17173546057222383,8192,37777408,1.3000539089702556e-08,0.06856938464240256,0.014291107921135096,1.3000722498546224e-08,0.20425678936843222,0.016890432840888456,oracle/task_034/cell_0794,90,with_replacement,16777216,1.024966798722744,0,completed,512,10.0,0.20425678936843222,0.01689036082374307
4,834,4b74724c4225fcfe043fdd749fb740fff4cf33c8,cuda,1.0,8,0.5,gaussian,0.9996753587898081,64,standard normal at finite u_max,finite,oracle,0.04481420851033766,0.008880564380119832,tail,0.1964668080299975,8192,37777408,1.3000539089702556e-08,0.04481434892806835,0.008880564380119804,1.3000722498546224e-08,0.14619048608807295,0.011510244751720657,oracle/task_034/cell_0834,89,with_replacement,16777216,1.019349455833435,2,completed,512,10.0,0.14619048608807295,0.011509730654419117
4,874,4b74724c4225fcfe043fdd749fb740fff4cf33c8,cuda,1.0,8,0.5,gaussian,0.9859710115967324,64,standard normal at finite u_max,finite,oracle,0.09326851906022687,0.02173441222795973,tail,0.16806941348637108,8192,37777408,1.3000539089702556e-08,0.09326867334993384,0.021734412227959646,1.300072316468004e-08,0.19305337870078332,0.025360101061571855,oracle/task_034/cell_0874,93,with_replacement,16777216,1.0237160176038742,4,completed,512,10.0,0.19305337870078387,0.025360098134176955
4,914,4b74724c4225fcfe043fdd749fb740fff4cf33c8,cuda,1.0,8,0.5,mixture,0.9357967606819374,64,standard normal at finite u_max,finite,oracle,0.661724132981665,1.5395079277685209,tail,0.00012375180437607436,8192,37777408,0.6461398347033217,0.6617241430451652,1.5395079277685213,0.6461398347033249,0.9933820423872531,1.5707690989536582,oracle/task_034/cell_0914,192,with_replacement,16777216,1.0632946640253067,1,completed,512,10.0,0.9933820423872531,1.5707694565330435
4,954,4b74724c4225fcfe043fdd749fb740fff4cf33c8,cuda,1.0,8,0.5,mixture,0.5611399982284339,64,standard normal at finite u_max,finite,oracle,0.6279217144801058,1.3951154513241413,tail,0.00012580319497627822,8192,37777408,0.597426556468881,0.6279217093477119,1.395115451324141,0.597426556468883,0.9927369216236769,1.4509180585513937,oracle/task_034/cell_0954,188,with_replacement,16777216,1.0602490305900574,3,completed,512,10.0,0.9927369216236768,1.4509184841582494
4,994,4b74724c4225fcfe043fdd749fb740fff4cf33c8,cuda,1.0,8,0.5,weak_mixture,0.830454934468333,64,standard normal at finite u_max,finite,oracle,0.03500839568212687,0.03512978484277102,tail,0.48554797099396557,8192,37777408,0.03038480104581468,0.03500839642823693,0.035129784842771024,0.03038480095847941,0.04961846109037306,0.03828043661227559,oracle/task_034/cell_0994,4,with_replacement,16777216,0.9978593364357948,0,completed,512,10.0,0.04961846109037295,0.03827968953897754
4,1034,4b74724c4225fcfe043fdd749fb740fff4cf33c8,cuda,1.0,8,0.5,weak_mixture,0.6116578786556147,64,standard normal at finite u_max,finite,oracle,0.05429043137974901,0.0537025453882174,tail,0.4827835533583909,8192,37777408,0.047568181550373616,0.054290426882224185,0.05370254538821747,0.04756818128836782,0.07185647648400068,0.05480259500445314,oracle/task_034/cell_1034,4,with_replacement,16777216,0.9898767620325089,2,completed,512,10.0,0.07185647648400074,0.054803000274420456
4,1074,4b74724c4225fcfe043fdd749fb740fff4cf33c8,cuda,1.0,8,0.5,weak_mixture,0.867417719609674,64,standard normal at finite u_max,finite,oracle,0.020096809210393248,0.01854366920381954,tail,0.4849102881953565,8192,37777408,0.012476030446897678,0.020096803399800033,0.018543669203819564,0.012476030621568213,0.06063665847290414,0.022170053044414134,oracle/task_034/cell_1074,4,with_replacement,16777216,0.9926903173327446,4,completed,512,10.0,0.06063665847290439,0.022169018387667612
8,35,4b74724c4225fcfe043fdd749fb740fff4cf33c8,cuda,1.0,1,0.5,gaussian,0.9111484830358313,64,standard normal at finite u_max,finite,oracle,0.01745293343890808,0.0033858448051524714,tail,0.17207212019687573,8192,9899520,1.3000539089702556e-08,0.01745299416704238,0.0033858448051528045,1.3000722498546224e-08,0.08023096847157885,0.004156794913967758,oracle/task_035/cell_0035,42,with_replacement,33554432,1.0581598356366158,2,completed,512,20.0,0.08023096847157862,0.0041561334134033005
2,75,4b74724c4225fcfe043fdd749fb740fff4cf33c8,cuda,1.0,1,0.5,gaussian,0.7453631169279705,64,standard normal at finite u_max,finite,oracle,0.03353281708558675,0.0056791617815624695,tail,0.347170822493018,8192,7015936,1.3000539089702556e-08,0.033532896242908145,0.005679161781561914,1.3000722165479317e-08,0.1571159686815764,0.008081946072365908,oracle/task_035/cell_0075,40,without_replacement,33554432,3.9550369940698147,0,completed,2048,20.0,0.15711596868157596,0.008081197480941386
4,115,4b74724c4225fcfe043fdd749fb740fff4cf33c8,cuda,1.0,1,0.5,gaussian,0.867173436204409,64,standard normal at finite u_max,finite,oracle,0.12225520866283474,0.030321597399582623,tail,0.3659865066327146,8192,9375232,1.3000539089702556e-08,0.12225524248682218,0.03032159739958229,1.3000722498546224e-08,0.20097639499147213,0.0307766536000816,oracle/task_035/cell_0115,51,without_replacement,67108864,3.957160547375679,3,completed,2048,20.0,0.2009763949914719,0.030775872569001536
8,155,4b74724c4225fcfe043fdd749fb740fff4cf33c8,cuda,1.0,8,0.5,gaussian,0.8294117789182563,64,standard normal at finite u_max,finite,oracle,0.049262218118115285,0.009339781036458342,tail,0.05749851489777505,8192,77885440,1.3000539089702556e-08,0.04926236188986101,0.009339781036458286,1.3000722387523922e-08,0.15820481528685792,0.011915965849193293,oracle/task_035/cell_0155,83,without_replacement,33554432,1.0357976220548153,1,completed,512,20.0,0.15820481528685787,0.011915206364836773
4,195,4b74724c4225fcfe043fdd749fb740fff4cf33c8,cuda,1.0,8,0.5,gaussian,0.7204965696616671,64,standard normal at finite u_max,finite,oracle,0.0569764713980568,0.011898445048661069,full,0.3686917021370185,8192,337420288,1.3000539089702556e-08,0.05697663540013086,0.011898445048660708,1.3000722054457015e-08,0.17275470545886107,0.015307646822084813,oracle/task_035/cell_0195,91,with_replacement,1073741824,7.57388074696064,0,completed,2048,20.0,0.1727547054588607,0.015307532277592446
2,235,4b74724c4225fcfe043fdd749fb740fff4cf33c8,cuda,1.0,8,0.5,gaussian,0.5935389899159752,64,standard normal at finite u_max,infinite,oracle,0.16530629065691985,0.035366911432897,unbiased,0.0007799243152835244,8192,19820544,1.3000539089702556e-08,0.16530638464863348,0.03536691143289708,1.3000722942635434e-08,0.3884887032865254,0.04118638931956081,oracle/task_035/cell_0235,693,with_replacement,33554432,3.196966376155615,3,completed,2048,20.0,0.38848870328652557,0.04118590425447968
4,275,4b74724c4225fcfe043fdd749fb740fff4cf33c8,cuda,1.0,1,0.5,mixture,0.9876627919028553,64,standard normal at finite u_max,infinite,oracle,0.6961460342081458,1.7187642660631561,unbiased,0.00013030833576551065,8192,5180928,0.6948531129377623,0.6961460394500733,1.7187642660631561,0.6948531129377661,0.9896029004471536,1.718779777124306,oracle/task_035/cell_0275,117,with_replacement,16777216,0.7735108435153961,1,completed,512,20.0,0.9896029004471536,1.718779050849997
8,315,4b74724c4225fcfe043fdd749fb740fff4cf33c8,cuda,1.0,1,0.5,mixture,0.8131785080398162,64,standard normal at finite u_max,infinite,oracle,0.6969019099251644,1.7484449712362382,unbiased,0.0003583140923932653,8192,9899520,0.6944818965896086,0.6969019151731252,1.7484449712362384,0.6944818965896122,0.986550001479318,1.7484558447215537,oracle/task_035/cell_0315,82,with_replacement,33554432,0.7619355283677578,4,completed,512,20.0,0.986550001479318,1.748455485719069
2,355,4b74724c4225fcfe043fdd749fb740fff4cf33c8,cuda,1.0,1,0.5,mixture,0.5443641213661209,64,standard normal at finite u_max,infinite,oracle,0.7460940978315714,1.8238804041288386,unbiased,0.047744417771684346,8192,7015936,0.6948531129377623,0.7460941567874723,1.823880404128839,0.6948531129377664,0.9908043857537829,1.8238804197935352,oracle/task_035/cell_0355,306,without_replacement,33554432,2.9485857263207436,2,completed,2048,20.0,0.9908043857537829,1.8238818130383407
4,395,4b74724c4225fcfe043fdd749fb740fff4cf33c8,cuda,1.0,8,0.5,mixture,0.7723533960373629,64,standard normal at finite u_max,infinite,oracle,0.7020699509743328,1.6318689809943032,unbiased,0.0001220703179399576,8192,41971712,0.6948531129377623,0.7020699745960197,1.631868980994303,0.6948531129377662,0.9958334774768771,1.6518742999941167,oracle/task_035/cell_0395,177,without_replacement,16777216,0.7920715399086475,0,completed,512,20.0,0.9958334774768771,1.6518741049597552
8,435,4b74724c4225fcfe043fdd749fb740fff4cf33c8,cuda,1.0,8,0.5,mixture,0.9695391172779835,64,standard normal at finite u_max,infinite,oracle,0.6579165020177952,1.5628706418003904,unbiased,0.00012208233325860967,8192,77885440,0.6461398347033218,0.6579165367816364,1.5628706418003908,0.6461398347033249,0.9925128843896193,1.573750702946021,oracle/task_035/cell_0435,146,without_replacement,33554432,0.7880379222333431,3,completed,512,20.0,0.9925128843896193,1.5737494783385824
2,475,4b74724c4225fcfe043fdd749fb740fff4cf33c8,cuda,1.0,8,0.5,mixture,0.6813841636288164,64,standard normal at finite u_max,finite,oracle,0.35102953268600695,0.7563278717964914,tail,0.0031843916260247845,8192,19820544,0.3051468870622377,0.35102962429124474,0.7563278717964921,0.3051468870622338,0.9908074852161616,0.7683664395004328,oracle/task_035/cell_0475,488,with_replacement,33554432,4.234122201800346,1,completed,2048,20.0,0.9908074852161615,0.7683668895073735
4,515,4b74724c4225fcfe043fdd749fb740fff4cf33c8,cuda,1.0,8,0.5,mixture,0.8720063143677623,64,standard normal at finite u_max,finite,oracle,0.6006835803226539,1.4368425841911237,tail,0.00018146348856651633,8192,37777408,0.5974265564688812,0.6006835973514149,1.436842584191124,0.5974265564688834,0.9909031064464395,1.4613311652266665,oracle/task_035/cell_0515,414,with_replacement,67108864,4.213932748883963,4,completed,2048,20.0,0.9909031064464395,1.4613310092427814
8,555,4b74724c4225fcfe043fdd749fb740fff4cf33c8,cuda,1.0,1,0.5,weak_mixture,0.9297022335638258,64,standard normal at finite u_max,finite,oracle,0.014103825452197905,0.013135949464696872,tail,0.49517314462772755,8192,9899520,0.01162303821389632,0.014103825155656668,0.013135949464696975,0.011623037864555541,0.028645081939686734,0.014249491732064945,oracle/task_035/cell_0555,1,with_replacement,33554432,1.008086021989584,2,completed,512,20.0,0.028645081939686068,0.014250535598138072
2,595,4b74724c4225fcfe043fdd749fb740fff4cf33c8,cuda,1.0,1,0.5,weak_mixture,0.5965849924558329,64,standard normal at finite u_max,finite,oracle,0.01065707785646093,0.00761636166198274,tail,0.4979006802335447,8192,7015936,0.001908451995141447,0.010657072745689167,0.007616361661982842,0.0019084523444824475,0.09260172005566591,0.013543846177630109,oracle/task_035/cell_0595,1,without_replacement,33554432,3.940542746335268,0,completed,2048,20.0,0.09260172005566614,0.013543258762035855
4,635,4b74724c4225fcfe043fdd749fb740fff4cf33c8,cuda,1.0,1,0.5,weak_mixture,0.6195846864795765,64,standard normal at finite u_max,finite,oracle,0.017299192937349273,0.001664297515417898,tail,0.49861912371445893,8192,9375232,0.00018508261092642364,0.01729918004232331,0.0016642975154180003,0.0001850829602673132,0.0655131766930217,0.01235537678439101,oracle/task_035/cell_0635,1,without_replacement,67108864,3.9492445178329945,3,completed,2048,20.0,0.06551317669302192,0.01235486869802304
8,675,4b74724c4225fcfe043fdd749fb740fff4cf33c8,cuda,1.0,8,0.5,weak_mixture,0.9213597947415636,64,standard normal at finite u_max,finite,oracle,0.018473811183662304,0.011253853975490844,tail,0.4840640697786907,8192,77885440,0.010266877071352917,0.018473821817553825,0.011253853975490818,0.01026687724602346,0.05930437166741538,0.01691591437998243,oracle/task_035/cell_0675,4,without_replacement,33554432,0.9982713647186756,1,completed,512,20.0,0.05930437166741588,0.0169164878226739
4,715,4b74724c4225fcfe043fdd749fb740fff4cf33c8,cuda,1.0,8,0.5,weak_mixture,0.891166168305482,64,standard normal at finite u_max,finite,oracle,0.024678735563032024,0.020428379640143615,full,0.4955414931951278,8192,337420288,0.017694549309372483,0.024678740909397694,0.0204283796401436,0.01769454913470201,0.055578452212378684,0.023813773675979432,oracle/task_035/cell_0715,4,with_replacement,1073741824,7.5454894080758095,0,completed,2048,20.0,0.05557845221237924,0.02381389815164199
2,755,4b74724c4225fcfe043fdd749fb740fff4cf33c8,cuda,1.0,8,0.5,weak_mixture,0.9999480917334841,64,standard normal at finite u_max,infinite,oracle,0.02351615257121978,0.01669744014213334,unbiased,0.4905301508785224,8192,19820544,0.014280860876498443,0.023516155582671526,0.016697440142133348,0.014280861051168957,0.08278139066208508,0.02481280106463219,oracle/task_035/cell_0755,5,with_replacement,33554432,2.9224701076745987,3,completed,2048,20.0,0.08278139066208533,0.024813538533473265
4,795,4b74724c4225fcfe043fdd749fb740fff4cf33c8,cuda,1.0,8,0.5,gaussian,0.9083874596641218,64,standard normal at finite u_max,finite,oracle,0.08202504117863323,0.01861352575866297,tail,0.06994708065758612,8192,37777408,1.3000539089702556e-08,0.0820251229248732,0.018613525758663083,1.3000722942635434e-08,0.19547597700149805,0.021038171468452375,oracle/task_035/cell_0795,95,with_replacement,16777216,1.053491659462452,0,completed,512,30.0,0.19547597700149838,0.02103784695219073
4,835,4b74724c4225fcfe043fdd749fb740fff4cf33c8,cuda,1.0,8,0.5,gaussian,0.9561126905892574,64,standard normal at finite u_max,finite,oracle,0.07522382667835927,0.018529248912212207,tail,0.06249081823559946,8192,37777408,1.3000539089702556e-08,0.07522390902154044,0.01852924891221218,1.300072272059083e-08,0.14992003272004972,0.020250166793143922,oracle/task_035/cell_0835,92,with_replacement,16777216,1.0554924383759499,2,completed,512,30.0,0.1499200327200499,0.02025004642322664
4,875,4b74724c4225fcfe043fdd749fb740fff4cf33c8,cuda,1.0,8,0.5,gaussian,0.5885584038416805,64,standard normal at finite u_max,finite,oracle,0.05373199659996888,0.010004127978720578,tail,0.07176452693591531,8192,37777408,1.3000539089702556e-08,0.05373222689010636,0.010004127978720773,1.3000722942635434e-08,0.19159631524816875,0.013800508377869627,oracle/task_035/cell_0875,92,with_replacement,16777216,1.0526459254324436,4,completed,512,30.0,0.19159631524816914,0.013800817905912836
4,915,4b74724c4225fcfe043fdd749fb740fff4cf33c8,cuda,1.0,8,0.5,mixture,0.9516783171282074,64,standard normal at finite u_max,finite,oracle,0.665943301256927,1.3758821903109488,tail,0.0001220703700859343,8192,37777408,0.5974265564688811,0.6659433188871307,1.3758821903109486,0.597426556468883,0.994128286580964,1.4680311136561364,oracle/task_035/cell_0915,120,with_replacement,16777216,1.0637964494526386,1,completed,512,30.0,0.9941282865809639,1.4680311599886973
4,955,4b74724c4225fcfe043fdd749fb740fff4cf33c8,cuda,1.0,8,0.5,mixture,0.9426444207246729,64,standard normal at finite u_max,finite,oracle,0.7080370228904584,1.5391034361860856,tail,0.00012207145327140125,8192,37777408,0.6461398347033217,0.7080370323634706,1.5391034361860856,0.6461398347033245,0.9955062002705368,1.5929144963852706,oracle/task_035/cell_0955,121,with_replacement,16777216,1.0666114203631878,3,completed,512,30.0,0.9955062002705369,1.5929144897574816
4,995,4b74724c4225fcfe043fdd749fb740fff4cf33c8,cuda,1.0,8,0.5,weak_mixture,0.872735554470586,64,standard normal at finite u_max,finite,oracle,0.030174393087060006,0.027457383502546527,tail,0.49048643541899334,8192,37777408,0.025245543340449934,0.030174393750674496,0.027457383502546562,0.02524554299110894,0.04289670570953849,0.030023572878613285,oracle/task_035/cell_0995,4,with_replacement,16777216,1.0167061164975166,0,completed,512,30.0,0.04289670570953838,0.030023625654359926
4,1035,4b74724c4225fcfe043fdd749fb740fff4cf33c8,cuda,1.0,8,0.5,weak_mixture,0.7993334356464954,64,standard normal at finite u_max,finite,oracle,0.040360295209489895,0.039939531912443045,tail,0.45722536158422705,8192,37777408,0.03142286941867371,0.0403602877228872,0.03993953191244301,0.03142286950600892,0.048028514412572026,0.04087912103102631,oracle/task_035/cell_1035,4,with_replacement,16777216,1.0214151665568352,2,completed,512,30.0,0.04802851441257193,0.04088011608867161
4,1075,4b74724c4225fcfe043fdd749fb740fff4cf33c8,cuda,1.0,8,0.5,weak_mixture,0.7809614251120183,64,standard normal at finite u_max,finite,oracle,0.025250110016712644,0.019875198794819346,tail,0.4677440229605845,8192,37777408,0.017904063861142135,0.025250107077248278,0.01987519879481937,0.017904063773806794,0.050385638680828404,0.02306481549374368,oracle/task_035/cell_1075,4,with_replacement,16777216,1.0211713463068008,4,completed,512,30.0,0.05038563868082836,0.023064485208102198
2,36,4b74724c4225fcfe043fdd749fb740fff4cf33c8,cuda,1.0,1,0.5,gaussian,0.6270889928032672,64,standard normal at finite u_max,finite,oracle,0.06324270629313439,0.017969055369877696,tail,0.14111718713629132,8192,7015936,1.3000539089702556e-08,0.06324271778333923,0.01796905536987725,1.300072227650162e-08,0.11499827495140025,0.01823665306333488,oracle/task_036/cell_0036,43,without_replacement,8388608,1.0095641687512398,2,completed,512,20.0,0.1149982749513998,0.01823470748057112
4,76,4b74724c4225fcfe043fdd749fb740fff4cf33c8,cuda,1.0,1,0.5,gaussian,0.7453631169279706,64,standard normal at finite u_max,finite,oracle,0.033532817085586836,0.0056791617815622475,tail,0.34717082249301706,8192,9375232,1.3000539089702556e-08,0.03353289624290823,0.005679161781561803,1.300072227650162e-08,0.1571159686815764,0.008081946072365941,oracle/task_036/cell_0076,40,without_replacement,67108864,3.9223552346229553,0,completed,2048,20.0,0.15711596868157596,0.00808119748094142
8,116,4b74724c4225fcfe043fdd749fb740fff4cf33c8,cuda,1.0,1,0.5,gaussian,0.8671734362044091,64,standard normal at finite u_max,finite,oracle,0.12225520866283468,0.030321597399582623,tail,0.36598650663271476,8192,14093824,1.3000539089702556e-08,0.12225524248682212,0.0303215973995824,1.300072272059083e-08,0.20097639499147213,0.030776653600078276,oracle/task_036/cell_0116,51,without_replacement,134217728,3.8932718113064766,3,completed,2048,20.0,0.20097639499147202,0.030775872569001536
4,156,4b74724c4225fcfe043fdd749fb740fff4cf33c8,cuda,1.0,8,0.5,gaussian,0.9811238243500521,64,standard normal at finite u_max,finite,oracle,0.04980773264742006,0.009610650584215813,full,0.11049063467750932,8192,337420288,1.3000539089702556e-08,0.04980788634689932,0.009610650584215535,1.300072183241241e-08,0.16568925892801403,0.01230781547804903,oracle/task_036/cell_0156,89,with_replacement,268435456,1.9226939305663109,2,completed,512,20.0,0.16568925892801345,0.012308083024474467
2,196,4b74724c4225fcfe043fdd749fb740fff4cf33c8,cuda,1.0,8,0.5,gaussian,0.57596636385296,64,standard normal at finite u_max,infinite,oracle,0.2267249188144182,0.048790314779177044,unbiased,0.0010824689274747162,8192,19820544,1.3000539089702556e-08,0.22672497144954717,0.04879031477917685,1.3000722165479317e-08,0.4709144794992516,0.05331671806980016,oracle/task_036/cell_0196,693,with_replacement,33554432,3.0856530740857124,0,completed,2048,20.0,0.47091447949925147,0.053317028185586875
4,236,4b74724c4225fcfe043fdd749fb740fff4cf33c8,cuda,1.0,8,0.5,gaussian,0.6314653521732402,64,standard normal at finite u_max,infinite,oracle,0.25855390384190324,0.06133961344420222,unbiased,0.00027936108697022903,8192,37777408,1.3000539089702556e-08,0.25855393056542364,0.061339613444202065,1.300072227650162e-08,0.3996108323207737,0.06322533938862862,oracle/task_036/cell_0236,604,with_replacement,67108864,3.05173259973526,3,completed,2048,20.0,0.3996108323207736,0.0632253548896224
8,276,4b74724c4225fcfe043fdd749fb740fff4cf33c8,cuda,1.0,1,0.5,mixture,0.9290339711297904,64,standard normal at finite u_max,infinite,oracle,0.6833454688686317,1.7100866149935972,unbiased,0.00014035364069238325,8192,9899520,0.680382524205616,0.6833454968597369,1.7100866149935978,0.6803825242056202,0.9152744517142579,1.710111085419864,oracle/task_036/cell_0276,88,with_replacement,33554432,0.7356052249670029,1,completed,512,20.0,0.915274451714258,1.7101107440798817
2,316,4b74724c4225fcfe043fdd749fb740fff4cf33c8,cuda,1.0,1,0.5,mixture,0.82693142183364,64,standard normal at finite u_max,infinite,oracle,0.7060081119382312,1.7454173876656454,unbiased,0.00012919211105189007,8192,7015936,0.6948531129377623,0.7060081396021761,1.7454173876656454,0.6948531129377661,0.9911642695803459,1.745419152504824,oracle/task_036/cell_0316,145,without_replacement,8388608,0.7405942603945732,4,completed,512,20.0,0.9911642695803459,1.745420049089896
4,356,4b74724c4225fcfe043fdd749fb740fff4cf33c8,cuda,1.0,1,0.5,mixture,0.5525567996382279,64,standard normal at finite u_max,infinite,oracle,0.6697175431020876,1.7006017387764492,unbiased,0.12971845685667535,8192,9375232,0.6656251498926541,0.6697175690579418,1.7006017387764494,0.6656251498926582,0.8451594877133397,1.7006060865268635,oracle/task_036/cell_0356,57,without_replacement,67108864,2.754005938768387,2,completed,2048,20.0,0.8451594877133397,1.7006090145962611
8,396,4b74724c4225fcfe043fdd749fb740fff4cf33c8,cuda,1.0,8,0.5,mixture,0.6118979311128232,64,standard normal at finite u_max,infinite,oracle,0.7146211912816779,1.6864108765730816,unbiased,0.00012207639925208822,8192,77885440,0.6948531129377623,0.7146212181214162,1.6864108765730816,0.6948531129377664,0.994939215991238,1.695999379465897,oracle/task_036/cell_0396,146,without_replacement,33554432,0.7901722341775894,0,completed,512,20.0,0.9949392159912379,1.6959990227660633
2,436,4b74724c4225fcfe043fdd749fb740fff4cf33c8,cuda,1.0,8,0.5,mixture,0.881975055200231,64,standard normal at finite u_max,finite,oracle,0.70374522122627,1.6689943818223978,tail,0.00012998105272835888,8192,19820544,0.6948531129377623,0.7037452466212644,1.6689943818223976,0.6948531129377661,0.9917098315383145,1.6740417752569092,oracle/task_036/cell_0436,158,with_replacement,8388608,1.0393306910991669,3,completed,512,20.0,0.9917098315383145,1.674041802400497
4,476,4b74724c4225fcfe043fdd749fb740fff4cf33c8,cuda,1.0,8,0.5,mixture,0.7844529245473215,64,standard normal at finite u_max,finite,oracle,0.7002457580328599,1.7146815479029995,tail,0.00023545652312171887,8192,37777408,0.6948531129377623,0.7002457791049677,1.7146815479029986,0.6948531129377657,0.9909685650955382,1.7148687154273539,oracle/task_036/cell_0476,412,with_replacement,67108864,4.057811863720417,1,completed,2048,20.0,0.9909685650955381,1.7148683982302675
8,516,4b74724c4225fcfe043fdd749fb740fff4cf33c8,cuda,1.0,8,0.5,mixture,0.9737856476739305,64,standard normal at finite u_max,finite,oracle,0.6499303242111443,1.6003237837289936,tail,0.00028986554239846787,8192,73691136,0.6461398347033219,0.649930350399897,1.600323783728995,0.6461398347033256,0.9898723880504193,1.6018251378410797,oracle/task_036/cell_0516,297,with_replacement,134217728,4.016179457306862,4,completed,2048,20.0,0.9898723880504193,1.6018248952522227
2,556,4b74724c4225fcfe043fdd749fb740fff4cf33c8,cuda,1.0,1,0.5,weak_mixture,0.9999485062079868,64,standard normal at finite u_max,finite,oracle,0.11061614367991568,0.1397877019720515,tail,0.4942834789768183,8192,7015936,0.06017718383300674,0.11061613190683961,0.13978770197205145,0.06017718418234774,0.6745412141008365,0.1401374160231841,oracle/task_036/cell_0556,3,without_replacement,8388608,0.9558970779180527,2,completed,512,20.0,0.6745412141008362,0.14013875363590905
4,596,4b74724c4225fcfe043fdd749fb740fff4cf33c8,cuda,1.0,1,0.5,weak_mixture,0.5973701825535281,64,standard normal at finite u_max,finite,oracle,0.010979040966723197,0.0062451624606258815,tail,0.4976939494714138,8192,9375232,0.0021538699093806013,0.010979033101256974,0.006245162460625984,0.002153870258721491,0.09088024388864469,0.013035052038802846,oracle/task_036/cell_0596,1,without_replacement,67108864,3.7917958721518517,0,completed,2048,20.0,0.09088024388864491,0.013036543031268426
8,636,4b74724c4225fcfe043fdd749fb740fff4cf33c8,cuda,1.0,1,0.5,weak_mixture,0.6204061476708189,64,standard normal at finite u_max,finite,oracle,0.01746991771068966,0.0026319781256964846,tail,0.49835505465977314,8192,14093824,0.00041547291350174653,0.01746990247698925,0.002631978125696587,0.000415472564160857,0.06677095528615706,0.012741195972354595,oracle/task_036/cell_0636,1,without_replacement,134217728,3.7875683084130287,3,completed,2048,20.0,0.06677095528615729,0.012741232653759888
4,676,4b74724c4225fcfe043fdd749fb740fff4cf33c8,cuda,1.0,8,0.5,weak_mixture,0.5959599693260021,64,standard normal at finite u_max,finite,oracle,0.036577730270936346,0.034685168536364726,full,0.47348607711979884,8192,337420288,0.030137793132629542,0.0365777287099344,0.03468516853636473,0.030137793045294264,0.05956038404357855,0.03776162836910152,oracle/task_036/cell_0676,4,with_replacement,268435456,1.8786552101373672,2,completed,512,20.0,0.059560384043578704,0.03776168389675451
2,716,4b74724c4225fcfe043fdd749fb740fff4cf33c8,cuda,1.0,8,0.5,weak_mixture,0.6139778214144024,64,standard normal at finite u_max,infinite,oracle,0.04203837409121443,0.035301448798178064,unbiased,0.4883301356782459,8192,19820544,0.03074638268028458,0.04203837995873101,0.03530144879817803,0.03074638276761974,0.10301550133823531,0.04153679853963657,oracle/task_036/cell_0716,4,with_replacement,33554432,2.805034816265106,0,completed,2048,20.0,0.10301550133823517,0.04153687349378713
4,756,4b74724c4225fcfe043fdd749fb740fff4cf33c8,cuda,1.0,8,0.5,weak_mixture,0.9778915057930402,64,standard normal at finite u_max,infinite,oracle,0.03262306736091435,0.031351043847395434,unbiased,0.49116896467279947,8192,37777408,0.02467848242562879,0.032623068106976134,0.03135104384739538,0.02467848260029913,0.08323964494045032,0.033128276623964545,oracle/task_036/cell_0756,5,with_replacement,67108864,2.81659597158432,3,completed,2048,20.0,0.08323964494045027,0.033128770431667565
4,796,4b74724c4225fcfe043fdd749fb740fff4cf33c8,cuda,1.0,8,0.5,gaussian,0.821731626004507,64,standard normal at finite u_max,finite,oracle,0.05588701617962941,0.01082970541826582,tail,0.054148109724904595,32768,167800832,1.3000539089702556e-08,0.05588714404355866,0.010829705418265834,1.3000722942635434e-08,0.17035576173475053,0.014819376346319035,oracle/task_036/cell_0796,87,without_replacement,67108864,1.428097777068615,0,completed,512,20.0,0.17035576173475092,0.014818942433687064
4,836,4b74724c4225fcfe043fdd749fb740fff4cf33c8,cuda,1.0,8,0.5,gaussian,0.8290865266629182,64,standard normal at finite u_max,finite,oracle,0.03770836049896871,0.006115932023122689,tail,0.07110336503743864,32768,167800832,1.3000539089702556e-08,0.03770855471291648,0.006115932023122703,1.300072272059083e-08,0.1627519008107153,0.009957646637805819,oracle/task_036/cell_0836,92,without_replacement,67108864,1.4403794705867767,2,completed,512,20.0,0.16275190081071556,0.009957857808294546
4,876,4b74724c4225fcfe043fdd749fb740fff4cf33c8,cuda,1.0,8,0.5,gaussian,0.9819705589996579,64,standard normal at finite u_max,finite,oracle,0.04414524386598315,0.007721167293866502,tail,0.07833280173795798,32768,167800832,1.3000539089702556e-08,0.044145385351837416,0.007721167293865877,1.3000721610367805e-08,0.18406195881659193,0.011651343071295638,oracle/task_036/cell_0876,86,without_replacement,67108864,1.4342373311519623,4,completed,512,20.0,0.18406195881659115,0.011651385980705139
4,916,4b74724c4225fcfe043fdd749fb740fff4cf33c8,cuda,1.0,8,0.5,mixture,0.9835418391326268,64,standard normal at finite u_max,finite,oracle,0.5933598084619558,1.2411530186269932,tail,3.065582928724248e-05,32768,167800832,0.5487132782344406,0.5933598006222724,1.2411530186269928,0.5487132782344413,0.9926560608245023,1.331960270387706,oracle/task_036/cell_0916,141,without_replacement,67108864,1.4522808268666267,1,completed,512,20.0,0.9926560608245023,1.3319601978818496
4,956,4b74724c4225fcfe043fdd749fb740fff4cf33c8,cuda,1.0,8,0.5,mixture,0.6654013376286084,64,standard normal at finite u_max,finite,oracle,0.7037758695499556,1.6663687224230954,tail,3.107936444097857e-05,32768,167800832,0.6948531129377623,0.7037759026156998,1.666368722423095,0.6948531129377657,0.993696533116244,1.6749109515891016,oracle/task_036/cell_0956,141,without_replacement,67108864,1.4537106305360794,3,completed,512,20.0,0.9936965331162441,1.674910691217727
4,996,4b74724c4225fcfe043fdd749fb740fff4cf33c8,cuda,1.0,8,0.5,weak_mixture,0.7676579403502203,64,standard normal at finite u_max,finite,oracle,0.01568644582386905,0.013229903178855598,tail,0.4751908668106217,32768,167800832,0.011370681843253072,0.015686448046038172,0.013229903178855602,0.011370681843253044,0.030307482580967257,0.01583396778812539,oracle/task_036/cell_0996,4,without_replacement,67108864,1.4103405177593231,0,completed,512,20.0,0.030307482580967618,0.015834303761334736
4,1036,4b74724c4225fcfe043fdd749fb740fff4cf33c8,cuda,1.0,8,0.5,weak_mixture,0.6366754678325095,64,standard normal at finite u_max,finite,oracle,0.020113085054351866,0.01927296723836528,tail,0.46611477615804986,32768,167800832,0.015022274855940425,0.02011308142550804,0.01927296723836531,0.015022274768605202,0.03721906754981304,0.021345713673627933,oracle/task_036/cell_1036,4,without_replacement,67108864,1.4064067155122757,2,completed,512,20.0,0.03721906754981304,0.02134572438163071
4,1076,4b74724c4225fcfe043fdd749fb740fff4cf33c8,cuda,1.0,8,0.5,weak_mixture,0.8595094894641832,64,standard normal at finite u_max,finite,oracle,0.015543544862687466,0.014314098811770442,tail,0.48061809631405733,32768,167800832,0.012149415894234697,0.015543547723506156,0.014314098811770433,0.012149415894234648,0.02800119377556122,0.015851817667254454,oracle/task_036/cell_1076,4,without_replacement,67108864,1.4071959480643272,4,completed,512,20.0,0.028001193775561276,0.01585174831031111
4,37,4b74724c4225fcfe043fdd749fb740fff4cf33c8,cuda,1.0,1,0.5,gaussian,0.6270889928032671,64,standard normal at finite u_max,finite,oracle,0.06324270629313461,0.017969055369877696,tail,0.14111718713629137,8192,9375232,1.3000539089702556e-08,0.06324271778333945,0.01796905536987725,1.300072227650162e-08,0.11499827495140025,0.018236653063336033,oracle/task_037/cell_0037,43,without_replacement,16777216,1.019099935889244,2,completed,512,20.0,0.11499827495139991,0.018234707480571148
8,77,4b74724c4225fcfe043fdd749fb740fff4cf33c8,cuda,1.0,1,0.5,gaussian,0.7453631169279705,64,standard normal at finite u_max,finite,oracle,0.03353281708558681,0.0056791617815623585,tail,0.347170822493019,8192,14093824,1.3000539089702556e-08,0.0335328962429082,0.005679161781561914,1.300072227650162e-08,0.1571159686815764,0.00808194607236344,oracle/task_037/cell_0077,40,without_replacement,134217728,3.8707393407821655,0,completed,2048,20.0,0.15711596868157585,0.008081197480941398
4,117,4b74724c4225fcfe043fdd749fb740fff4cf33c8,cuda,1.0,1,0.5,gaussian,0.7323335008463197,64,standard normal at finite u_max,finite,oracle,0.16189230177006214,0.04663110672077142,full,0.4189417814818655,8192,42406912,1.3000539089702556e-08,0.16189228444161358,0.0466311067207712,1.300072272059083e-08,0.03859587660871078,0.04672801038234471,oracle/task_037/cell_0117,44,with_replacement,1073741824,2.31607723236084,4,completed,2048,20.0,0.03859587660871078,0.046728377430628416
2,157,4b74724c4225fcfe043fdd749fb740fff4cf33c8,cuda,1.0,8,0.5,gaussian,0.5341907422438845,64,standard normal at finite u_max,infinite,oracle,0.15461417447244125,0.014240685765198977,unbiased,0.00012259458218233854,8192,19820544,1.3000539089702556e-08,0.15461431872680115,0.01424068576519906,1.3000722942635434e-08,0.5846265047830232,0.0382085914529797,oracle/task_037/cell_0157,246,with_replacement,8388608,0.8385383486747742,2,completed,512,20.0,0.5846265047830235,0.03820864783626529
4,197,4b74724c4225fcfe043fdd749fb740fff4cf33c8,cuda,1.0,8,0.5,gaussian,0.5738911877001266,64,standard normal at finite u_max,infinite,oracle,0.12215455028286865,0.02837784717446283,unbiased,0.0005468839895251542,8192,37777408,1.3000539089702556e-08,0.12215467231522945,0.028377847174462748,1.3000722498546224e-08,0.276667030130657,0.03012959151623002,oracle/task_037/cell_0197,605,with_replacement,67108864,3.1893387138843536,0,completed,2048,20.0,0.276667030130657,0.03012958434886156
8,237,4b74724c4225fcfe043fdd749fb740fff4cf33c8,cuda,1.0,8,0.5,gaussian,0.6933115940543448,64,standard normal at finite u_max,infinite,oracle,0.11538443964454095,0.02837853130945281,unbiased,0.0006860108818840959,8192,73691136,1.3000539089702556e-08,0.11538447482252473,0.02837853130945263,1.3000721943434712e-08,0.19999953546342794,0.029417023413316888,oracle/task_037/cell_0237,468,with_replacement,134217728,3.134192779660225,3,completed,2048,20.0,0.19999953546342747,0.02941654376642975
2,277,4b74724c4225fcfe043fdd749fb740fff4cf33c8,cuda,1.0,1,0.5,mixture,0.61415768778318,64,standard normal at finite u_max,infinite,oracle,0.7035509665286415,1.7354406585210085,unbiased,0.00012320818503335903,8192,7015936,0.6948531129377623,0.7035509918658266,1.7354406585210087,0.6948531129377662,0.9917194135238733,1.7354575444521003,oracle/task_037/cell_0277,144,without_replacement,8388608,0.7691276669502258,1,completed,512,20.0,0.9917194135238733,1.7354566981798127
4,317,4b74724c4225fcfe043fdd749fb740fff4cf33c8,cuda,1.0,1,0.5,mixture,0.7624865947725562,64,standard normal at finite u_max,infinite,oracle,0.7253599052407189,1.8109478053606227,unbiased,0.00012366555248980978,8192,9375232,0.6948531129377623,0.7253599677224378,1.810947805360623,0.6948531129377662,0.989657076150587,1.810949746171131,oracle/task_037/cell_0317,122,without_replacement,16777216,0.7646960616111755,4,completed,512,20.0,0.989657076150587,1.810948844277072
8,357,4b74724c4225fcfe043fdd749fb740fff4cf33c8,cuda,1.0,1,0.5,mixture,0.6677829676341546,64,standard normal at finite u_max,infinite,oracle,0.5797990959796644,1.3229937369431264,unbiased,0.401551509310057,8192,14093824,0.5797907005521016,0.5797990960538494,1.322993736943127,0.5797907005521058,0.5524826668644782,1.326400379690676,oracle/task_037/cell_0357,18,without_replacement,134217728,2.8624190241098404,2,completed,2048,20.0,0.5524826668644784,1.326398322192369
2,397,4b74724c4225fcfe043fdd749fb740fff4cf33c8,cuda,1.0,8,0.5,mixture,0.6084073354588573,64,standard normal at finite u_max,finite,oracle,0.35266740229442983,0.7787507929811852,tail,0.0001245536338190392,8192,19820544,0.3051468870622377,0.3526674987739661,0.778750792981185,0.3051468870622338,0.988878950550478,0.7816397745346153,oracle/task_037/cell_0397,156,with_replacement,8388608,1.0854619443416595,0,completed,512,20.0,0.988878950550478,0.7816399491746475
4,437,4b74724c4225fcfe043fdd749fb740fff4cf33c8,cuda,1.0,8,0.5,mixture,0.6022891580255489,64,standard normal at finite u_max,finite,oracle,0.42186242463772466,0.7579547560510098,tail,0.00012590312349825523,8192,37777408,0.3051468870622377,0.42186249139690196,0.7579547560510101,0.3051468870622338,0.9950914116283629,0.7857082047617843,oracle/task_037/cell_0437,140,with_replacement,16777216,1.0860259234905243,3,completed,512,20.0,0.9950914116283628,0.7857081495465977
8,477,4b74724c4225fcfe043fdd749fb740fff4cf33c8,cuda,1.0,8,0.5,mixture,0.8389864079409315,64,standard normal at finite u_max,finite,oracle,0.6503694277982918,1.5947294254464237,tail,0.0008375548803190461,8192,73691136,0.6461398347033218,0.6503694384240303,1.594729425446424,0.6461398347033247,0.9892517283654407,1.5948898637301636,oracle/task_037/cell_0477,301,with_replacement,134217728,4.202262297272682,1,completed,2048,20.0,0.9892517283654407,1.5948897255487353
2,517,4b74724c4225fcfe043fdd749fb740fff4cf33c8,cuda,1.0,8,0.5,mixture,0.7966679685349154,64,standard normal at finite u_max,finite,oracle,0.6263961297868471,1.367583656146681,tail,0.004213158259883381,8192,24014848,0.597426556468881,0.6263961129544486,1.3675836561466816,0.5974265564688834,0.991212152032507,1.4284062519487413,oracle/task_037/cell_0517,499,without_replacement,33554432,4.152010872960091,4,completed,2048,20.0,0.991212152032507,1.428405899121788
4,557,4b74724c4225fcfe043fdd749fb740fff4cf33c8,cuda,1.0,1,0.5,weak_mixture,0.9999784685978942,64,standard normal at finite u_max,finite,oracle,0.11371871192683414,0.14661572596507058,tail,0.49468220410339114,8192,9375232,0.06651663309117695,0.11371869770291398,0.14661572596507058,0.06651663344051817,0.6941503706717072,0.14696626254195458,oracle/task_037/cell_0557,3,without_replacement,16777216,0.9912011176347733,2,completed,512,20.0,0.6941503706717063,0.1469663690583511
8,597,4b74724c4225fcfe043fdd749fb740fff4cf33c8,cuda,1.0,1,0.5,weak_mixture,0.5976944213018428,64,standard normal at finite u_max,finite,oracle,0.010913267484401662,0.005956686630466855,tail,0.4971307242738605,8192,14093824,0.0008680043971603935,0.010913251630502302,0.005956686630466959,0.000868004746501061,0.09280962552794336,0.013015945047043813,oracle/task_037/cell_0597,1,without_replacement,134217728,3.937606006860733,0,completed,2048,20.0,0.0928096255279438,0.013018092034830332
4,637,4b74724c4225fcfe043fdd749fb740fff4cf33c8,cuda,1.0,1,0.5,weak_mixture,0.9990289319070712,64,standard normal at finite u_max,finite,oracle,0.02653234541400501,0.03447827469833743,full,0.49614266194578854,8192,42406912,0.019356142427300715,0.026532340794848286,0.03447827469833752,0.01935614207796027,0.055021808047793996,0.034551686054396256,oracle/task_037/cell_0637,2,with_replacement,1073741824,2.289791524410248,4,completed,2048,20.0,0.05502180804779511,0.03455287218343027
2,677,4b74724c4225fcfe043fdd749fb740fff4cf33c8,cuda,1.0,8,0.5,weak_mixture,0.7586533119778975,64,standard normal at finite u_max,infinite,oracle,0.030580694333795795,0.025643694752653372,unbiased,0.46855461265226794,8192,19820544,0.024044781204471573,0.030580692621098006,0.025643694752653316,0.0240447814664771,0.0744892342232919,0.03081881052148361,oracle/task_037/cell_0677,4,with_replacement,8388608,0.7413755655288696,2,completed,512,20.0,0.07448923422329179,0.030818269954824565
4,717,4b74724c4225fcfe043fdd749fb740fff4cf33c8,cuda,1.0,8,0.5,weak_mixture,0.9998518587178028,64,standard normal at finite u_max,infinite,oracle,0.048164247481462794,0.04363459105715585,unbiased,0.4922985825891628,8192,37777408,0.03969965282394612,0.048164244393547856,0.04363459105715582,0.039699652998616664,0.08289792576736209,0.047093967780619764,oracle/task_037/cell_0717,5,with_replacement,67108864,2.927226170897484,0,completed,2048,20.0,0.08289792576736173,0.04709446381488379
8,757,4b74724c4225fcfe043fdd749fb740fff4cf33c8,cuda,1.0,8,0.5,weak_mixture,0.9998962535072593,64,standard normal at finite u_max,infinite,oracle,0.032032917523816914,0.030677695361842172,unbiased,0.4963225721380273,8192,73691136,0.02443656711183658,0.03203291641408941,0.030677695361842172,0.02443656719917167,0.05037397511637126,0.032994238342843034,oracle/task_037/cell_0757,5,with_replacement,134217728,2.9332315176725388,3,completed,2048,20.0,0.05037397511637089,0.03299445872029081
4,797,4b74724c4225fcfe043fdd749fb740fff4cf33c8,cuda,1.0,8,0.5,gaussian,0.9758278644001002,64,standard normal at finite u_max,finite,oracle,0.049186398017043796,0.01207006988647591,tail,0.07605343737050507,131072,671117312,1.3000539089702556e-08,0.04918650455828842,0.012070069886475701,1.3000722054457015e-08,0.12996964777422884,0.014099672226145677,oracle/task_037/cell_0797,97,without_replacement,268435456,4.773593172430992,0,completed,512,20.0,0.12996964777422848,0.014099704209303676
4,837,4b74724c4225fcfe043fdd749fb740fff4cf33c8,cuda,1.0,8,0.5,gaussian,0.9934656715537039,64,standard normal at finite u_max,finite,oracle,0.054890606060236345,0.012961518151076767,tail,0.061742598913387764,131072,671117312,1.3000539089702556e-08,0.05489074457991597,0.01296151815107667,1.300072272059083e-08,0.1412896287489533,0.014110243677907135,oracle/task_037/cell_0837,98,without_replacement,268435456,4.769839510321617,2,completed,512,20.0,0.14128962874895323,0.014110378722756809
4,877,4b74724c4225fcfe043fdd749fb740fff4cf33c8,cuda,1.0,8,0.5,gaussian,0.9543234630556806,64,standard normal at finite u_max,finite,oracle,0.05210612097124393,0.01200568621714418,tail,0.013870417611210191,131072,671117312,1.3000539089702556e-08,0.05210627320089985,0.012005686217144151,1.3000722498546224e-08,0.1605865195034283,0.013313072438812263,oracle/task_037/cell_0877,98,without_replacement,268435456,4.776025429368019,4,completed,512,20.0,0.16058651950342834,0.013313155980507238
4,917,4b74724c4225fcfe043fdd749fb740fff4cf33c8,cuda,1.0,8,0.5,mixture,0.6724614567766285,64,standard normal at finite u_max,finite,oracle,0.7023720298397641,1.6799920213987376,tail,7.827501695047696e-06,131072,671117312,0.6948531129377623,0.7023720538295202,1.679992021398738,0.6948531129377669,0.9931289920872868,1.6837910328268533,oracle/task_037/cell_0917,142,without_replacement,268435456,4.788618057966232,1,completed,512,20.0,0.9931289920872868,1.6837910183275517
4,957,4b74724c4225fcfe043fdd749fb740fff4cf33c8,cuda,1.0,8,0.5,mixture,0.7766163857331041,64,standard normal at finite u_max,finite,oracle,0.6213769382719962,1.3896811512931295,tail,7.740169964481708e-06,131072,671117312,0.597426556468881,0.6213769264659507,1.3896811512931295,0.597426556468883,0.9916887304938495,1.4418319262094332,oracle/task_037/cell_0957,141,without_replacement,268435456,4.79158353805542,3,completed,512,20.0,0.9916887304938496,1.441832192988039
4,997,4b74724c4225fcfe043fdd749fb740fff4cf33c8,cuda,1.0,8,0.5,weak_mixture,0.8590453033485987,64,standard normal at finite u_max,finite,oracle,0.08490033258532287,0.09382554513486026,tail,0.4357448724580614,131072,671117312,0.07888568850084399,0.08490032903591718,0.09382554513486038,0.07888568841350876,0.07834391648743826,0.09432317386545805,oracle/task_037/cell_0997,5,without_replacement,268435456,4.7453635185956955,0,completed,512,20.0,0.07834391648743759,0.094323133081532
4,1037,4b74724c4225fcfe043fdd749fb740fff4cf33c8,cuda,1.0,8,0.5,weak_mixture,0.7552801282358319,64,standard normal at finite u_max,finite,oracle,0.011746083390472378,0.011069419338561998,tail,0.4644900805610328,131072,671117312,0.007716996349664905,0.011746085015810034,0.011069419338561988,0.0077169964370001,0.034575041672682896,0.013064489141685884,oracle/task_037/cell_1037,4,without_replacement,268435456,4.741257756948471,2,completed,512,20.0,0.034575041672682924,0.013064656546723298
4,1077,4b74724c4225fcfe043fdd749fb740fff4cf33c8,cuda,1.0,8,0.5,weak_mixture,0.5188885205281172,64,standard normal at finite u_max,finite,oracle,0.02576933611004889,0.026030546176067714,tail,0.4737300000174337,131072,671117312,0.021822944234244343,0.025769334778003604,0.026030546176067766,0.0218229442342444,0.04634859093855723,0.02736724291701248,oracle/task_037/cell_1077,4,without_replacement,268435456,4.745544895529747,4,completed,512,20.0,0.046348590938557144,0.027367174020618848
8,38,4b74724c4225fcfe043fdd749fb740fff4cf33c8,cuda,1.0,1,0.5,gaussian,0.627088992803267,64,standard normal at finite u_max,finite,oracle,0.0632427062931345,0.017969055369877696,tail,0.14111718713629134,8192,14093824,1.3000539089702556e-08,0.06324271778333934,0.01796905536987725,1.3000722387523922e-08,0.11499827495140025,0.018236653063337126,oracle/task_038/cell_0038,43,without_replacement,33554432,1.0602537207305431,2,completed,512,20.0,0.1149982749513998,0.018234707480571127
4,78,4b74724c4225fcfe043fdd749fb740fff4cf33c8,cuda,1.0,1,0.5,gaussian,0.9898684301841697,64,standard normal at finite u_max,finite,oracle,0.0475423480730604,0.006275027696292401,full,0.3743639108465475,8192,42406912,1.3000539089702556e-08,0.04754247391670707,0.006275027696291735,1.3000722054457015e-08,0.1539167397598098,0.010487059510260894,oracle/task_038/cell_0078,41,with_replacement,1073741824,2.293369174003601,1,completed,2048,20.0,0.15391673975980924,0.010487217268773857
2,118,4b74724c4225fcfe043fdd749fb740fff4cf33c8,cuda,1.0,1,0.5,gaussian,0.7957030324710586,64,standard normal at finite u_max,infinite,oracle,0.2527398104331438,0.07131137854227465,unbiased,0.13902022877331882,8192,2821632,1.3000539089702556e-08,0.25273968509176076,0.07131137854227398,1.3000722054457015e-08,0.14281462624061414,0.07132969035657173,oracle/task_038/cell_0118,178,with_replacement,33554432,2.9478336088359356,4,completed,2048,20.0,0.14281462624061336,0.07133165771496854
4,158,4b74724c4225fcfe043fdd749fb740fff4cf33c8,cuda,1.0,8,0.5,gaussian,0.7972890054331908,64,standard normal at finite u_max,infinite,oracle,0.18987983213115311,0.03294016808944643,unbiased,0.00012316348510819423,8192,37777408,1.3000539089702556e-08,0.18987993771917128,0.032940168089446525,1.300072272059083e-08,0.5198478566766871,0.044896107753579856,oracle/task_038/cell_0158,233,with_replacement,16777216,0.8302607163786888,2,completed,512,20.0,0.5198478566766872,0.044896747658736136
8,198,4b74724c4225fcfe043fdd749fb740fff4cf33c8,cuda,1.0,8,0.5,gaussian,0.8415833900970847,64,standard normal at finite u_max,infinite,oracle,0.0841854700243487,0.01781568457884497,unbiased,0.0013615674582061724,8192,73691136,1.3000539089702556e-08,0.084185589616596,0.017815684578844887,1.3000722498546224e-08,0.22195883867656607,0.02171484721099685,oracle/task_038/cell_0198,467,with_replacement,134217728,3.0794590674340725,0,completed,2048,20.0,0.22195883867656607,0.021714900277890675
2,238,4b74724c4225fcfe043fdd749fb740fff4cf33c8,cuda,1.0,8,0.5,gaussian,0.5813999270130045,64,standard normal at finite u_max,infinite,oracle,0.15092896371978914,0.033448794949011096,unbiased,0.0007283553441177808,8192,24014848,1.3000539089702556e-08,0.15092904120906134,0.033448794949011235,1.3000722942635434e-08,0.3525952457796954,0.038416171946306255,oracle/task_038/cell_0238,694,without_replacement,33554432,3.0945943742990494,3,completed,2048,20.0,0.3525952457796956,0.03841627028227917
4,278,4b74724c4225fcfe043fdd749fb740fff4cf33c8,cuda,1.0,1,0.5,mixture,0.6069520810706205,64,standard normal at finite u_max,infinite,oracle,0.6974006944534198,1.7326735551483146,unbiased,0.00012768417856756027,8192,9375232,0.6948531129377623,0.6974007253899736,1.7326735551483143,0.6948531129377659,0.990053964787683,1.7326894797549597,oracle/task_038/cell_0278,115,without_replacement,16777216,0.7534474395215511,1,completed,512,20.0,0.990053964787683,1.732691034710129
8,318,4b74724c4225fcfe043fdd749fb740fff4cf33c8,cuda,1.0,1,0.5,mixture,0.9963341897100888,64,standard normal at finite u_max,infinite,oracle,0.6957195080219228,1.7403138887671972,unbiased,0.0005688744926121921,8192,14093824,0.6948531129377623,0.6957195171353543,1.7403138887671967,0.6948531129377657,0.9878702477249651,1.7403240561588098,oracle/task_038/cell_0318,79,without_replacement,33554432,0.7452249936759472,4,completed,512,20.0,0.9878702477249651,1.7403231618920953
2,358,4b74724c4225fcfe043fdd749fb740fff4cf33c8,cuda,1.0,1,0.5,mixture,0.8353887662449776,64,standard normal at finite u_max,finite,oracle,0.6967446460056276,1.7229051233994819,tail,0.18683890906144135,8192,2821632,0.6948531129377623,0.696744667309736,1.7229051233994823,0.6948531129377664,0.9882829568903312,1.7229138957592707,oracle/task_038/cell_0358,114,with_replacement,33554432,4.021433614194393,2,completed,2048,20.0,0.9882829568903312,1.722913104739224
4,398,4b74724c4225fcfe043fdd749fb740fff4cf33c8,cuda,1.0,8,0.5,mixture,0.641504558403747,64,standard normal at finite u_max,finite,oracle,0.4529217086729892,0.8512282049358588,tail,0.00012474680819761963,8192,37777408,0.3538601652966784,0.4529217700238332,0.8512282049358588,0.3538601652966754,0.9945058421940098,0.8820454474859211,oracle/task_038/cell_0398,142,with_replacement,16777216,1.0734132453799248,0,completed,512,20.0,0.99450584219401,0.8820459742069285
8,438,4b74724c4225fcfe043fdd749fb740fff4cf33c8,cuda,1.0,8,0.5,mixture,0.9312494334136947,64,standard normal at finite u_max,finite,oracle,0.6631199087166862,1.5697474617073433,tail,0.00012208211677738992,8192,73691136,0.6461398347033219,0.6631199239266653,1.5697474617073437,0.6461398347033249,0.9937433657196045,1.5935067517486126,oracle/task_038/cell_0438,126,with_replacement,33554432,1.1193946935236454,3,completed,512,20.0,0.9937433657196044,1.5935070406843859
2,478,4b74724c4225fcfe043fdd749fb740fff4cf33c8,cuda,1.0,8,0.5,mixture,0.8350604798736947,64,standard normal at finite u_max,finite,oracle,0.6527601652968016,1.5401867659131034,tail,0.0027666560317068283,8192,24014848,0.6461398347033218,0.6527601644522252,1.540186765913103,0.6461398347033245,0.9905022696623548,1.5646663437325778,oracle/task_038/cell_0478,495,without_replacement,33554432,4.114953573793173,1,completed,2048,20.0,0.9905022696623547,1.5646666028487188
4,518,4b74724c4225fcfe043fdd749fb740fff4cf33c8,cuda,1.0,8,0.5,mixture,0.9609709488544651,64,standard normal at finite u_max,finite,oracle,0.7000436128508554,1.704870383667956,tail,0.00021030631947251984,8192,41971712,0.6948531129377623,0.700043641044709,1.7048703836679557,0.6948531129377664,0.9913393784860649,1.7052255565901921,oracle/task_038/cell_0518,413,without_replacement,67108864,4.127339690923691,4,completed,2048,20.0,0.991339378486065,1.7052251893101567
8,558,4b74724c4225fcfe043fdd749fb740fff4cf33c8,cuda,1.0,1,0.5,weak_mixture,0.5364570200238356,64,standard normal at finite u_max,finite,oracle,0.11241881243510532,0.13345880197483417,tail,0.49346174358100736,8192,14093824,0.06063869052896398,0.11241880311853747,0.1334588019748341,0.06063869087830509,0.6070184035302624,0.1341605991980676,oracle/task_038/cell_0558,2,without_replacement,33554432,0.9907859377563,2,completed,512,20.0,0.6070184035302626,0.13416138977054895
4,598,4b74724c4225fcfe043fdd749fb740fff4cf33c8,cuda,1.0,1,0.5,weak_mixture,0.5964042871961888,64,standard normal at finite u_max,finite,oracle,0.036165464914081125,0.03172743319298201,full,0.49881910337584556,8192,42406912,0.027440882633858465,0.03616544818844514,0.031727433192981915,0.027440882983199466,0.05470127198702901,0.032203099224035935,oracle/task_038/cell_0598,1,with_replacement,1073741824,2.2613288946449757,1,completed,2048,20.0,0.05470127198702901,0.03220424214817589
2,638,4b74724c4225fcfe043fdd749fb740fff4cf33c8,cuda,1.0,1,0.5,weak_mixture,0.9093938266146395,64,standard normal at finite u_max,infinite,oracle,0.011307132406702669,0.006693712798777424,unbiased,0.4985718366598822,8192,2821632,0.006167543750519089,0.011307142540191495,0.006693712798777321,0.006167544099859978,0.011818020285613628,0.008227582037046826,oracle/task_038/cell_0638,1,with_replacement,33554432,2.940227724611759,4,completed,2048,20.0,0.011818020285613406,0.008225884396824888
4,678,4b74724c4225fcfe043fdd749fb740fff4cf33c8,cuda,1.0,8,0.5,weak_mixture,0.6556796933999124,64,standard normal at finite u_max,infinite,oracle,0.05940425877565748,0.06501922230354644,unbiased,0.4676985971634365,8192,37777408,0.054439704814473716,0.05940425859387984,0.06501922230354645,0.054439705076479515,0.05387433180814119,0.06573084072539429,oracle/task_038/cell_0678,4,with_replacement,16777216,0.8168521523475647,2,completed,512,20.0,0.053874331808141135,0.065730070739921
8,718,4b74724c4225fcfe043fdd749fb740fff4cf33c8,cuda,1.0,8,0.5,weak_mixture,0.787565611241337,64,standard normal at finite u_max,infinite,oracle,0.023083951696079415,0.017922635513469065,unbiased,0.4936462602411758,8192,73691136,0.016729219930083895,0.02308395228305122,0.017922635513469013,0.016729220104754236,0.05204251047362521,0.021138661793671285,oracle/task_038/cell_0718,4,with_replacement,134217728,2.9283511228859425,0,completed,2048,20.0,0.05204251047362504,0.021138819592089388
2,758,4b74724c4225fcfe043fdd749fb740fff4cf33c8,cuda,1.0,8,0.5,weak_mixture,0.7354695717776455,64,standard normal at finite u_max,infinite,oracle,0.025561074163687726,0.023998680777252583,unbiased,0.49192760106980554,8192,24014848,0.01887468967198401,0.02556107590416757,0.023998680777252555,0.018874689759319184,0.03581746036703906,0.026538694588122465,oracle/task_038/cell_0758,4,without_replacement,33554432,2.8116643987596035,3,completed,2048,20.0,0.035817460367039006,0.026538930109152488
4,798,4b74724c4225fcfe043fdd749fb740fff4cf33c8,cuda,1.0,8,0.5,gaussian,0.9745924213302137,64,standard normal at finite u_max,finite,oracle,0.09296172111839959,0.02228904066117629,tail,0.07002783188039974,8192,41971712,1.3000539089702556e-08,0.09296181395143094,0.022289040661176207,1.3000722498546224e-08,0.20154805161563144,0.023796145437728976,oracle/task_038/cell_0798,92,without_replacement,16777216,1.0267193093895912,0,completed,512,10.0,0.20154805161563144,0.023797260196399342
4,838,4b74724c4225fcfe043fdd749fb740fff4cf33c8,cuda,1.0,8,0.5,gaussian,0.7563194488174052,64,standard normal at finite u_max,finite,oracle,0.08835560134588769,0.020559463929019486,tail,0.08511736430742387,8192,41971712,1.3000539089702556e-08,0.08835571102160869,0.02055946392901932,1.300072227650162e-08,0.18741685799977525,0.022651378893404177,oracle/task_038/cell_0838,89,without_replacement,16777216,1.0224758610129356,2,completed,512,10.0,0.18741685799977514,0.022651361209965054
4,878,4b74724c4225fcfe043fdd749fb740fff4cf33c8,cuda,1.0,8,0.5,gaussian,0.6823986525292535,64,standard normal at finite u_max,finite,oracle,0.07449408997913641,0.014633817810388583,tail,0.11554239419130463,8192,41971712,1.3000539089702556e-08,0.07449418402157784,0.01463381781038861,1.300072272059083e-08,0.23910935335920203,0.018061211715190383,oracle/task_038/cell_0878,90,without_replacement,16777216,1.0223470963537693,4,completed,512,10.0,0.23910935335920214,0.01806136233081011
4,918,4b74724c4225fcfe043fdd749fb740fff4cf33c8,cuda,1.0,8,0.5,mixture,0.6549541603435768,64,standard normal at finite u_max,finite,oracle,0.4020336150739785,0.7758750907945768,tail,0.00012244798434229507,8192,41971712,0.3051468870622377,0.4020336605324262,0.7758750907945775,0.3051468870622338,0.992732895896693,0.7853614147308242,oracle/task_038/cell_0918,185,without_replacement,16777216,1.0611212216317654,1,completed,512,10.0,0.992732895896693,0.7853608796160306
4,958,4b74724c4225fcfe043fdd749fb740fff4cf33c8,cuda,1.0,8,0.5,mixture,0.9632093702280129,64,standard normal at finite u_max,finite,oracle,0.5729818899168971,1.2820346348237472,tail,0.00012316557017079025,8192,41971712,0.5487132782344405,0.572981896418794,1.2820346348237472,0.5487132782344416,0.9929243577010345,1.3360217476707223,oracle/task_038/cell_0958,187,without_replacement,16777216,1.0598886124789715,3,completed,512,10.0,0.9929243577010345,1.3360214487132915
4,998,4b74724c4225fcfe043fdd749fb740fff4cf33c8,cuda,1.0,8,0.5,weak_mixture,0.9350558283472503,64,standard normal at finite u_max,finite,oracle,0.021079686993037684,0.018139402041261313,tail,0.484140973284204,8192,41971712,0.013992821705619211,0.02107969558863288,0.01813940204126135,0.013992821530948767,0.04164719533974119,0.020557436709163372,oracle/task_038/cell_0998,4,without_replacement,16777216,1.0679077804088593,0,completed,512,10.0,0.04164719533974165,0.02055760181643572
4,1038,4b74724c4225fcfe043fdd749fb740fff4cf33c8,cuda,1.0,8,0.5,weak_mixture,0.8374759558630936,64,standard normal at finite u_max,finite,oracle,0.024979414512241196,0.019599345693095183,tail,0.48689275098459595,8192,41971712,0.016713064886538676,0.02497941946525443,0.01959934569309517,0.01671306514854433,0.08081723167522022,0.025117602900630778,oracle/task_038/cell_1038,4,without_replacement,16777216,0.9871406555175781,2,completed,512,10.0,0.0808172316752203,0.02511755493859731
4,1078,4b74724c4225fcfe043fdd749fb740fff4cf33c8,cuda,1.0,8,0.5,weak_mixture,0.984553066130709,64,standard normal at finite u_max,finite,oracle,0.026292550907464192,0.019552983984509647,tail,0.4884098206923581,8192,41971712,0.015626386279562955,0.026292558197563903,0.019552983984509654,0.015626386366898178,0.07158150978641405,0.02460520360752444,oracle/task_038/cell_1078,4,without_replacement,16777216,0.9998652748763561,4,completed,512,10.0,0.071581509786414,0.02460525594031935
4,39,4b74724c4225fcfe043fdd749fb740fff4cf33c8,cuda,1.0,1,0.5,gaussian,0.6140904626961929,64,standard normal at finite u_max,finite,oracle,0.06846791505204869,0.016445819614764434,full,0.2036170114117603,8192,42406912,1.3000539089702556e-08,0.06846795579880238,0.01644581961476388,1.3000722165479317e-08,0.09861984639062138,0.017172332227509413,oracle/task_039/cell_0039,40,with_replacement,268435456,0.5959772765636444,3,completed,512,20.0,0.09861984639062105,0.017172676167938446
2,79,4b74724c4225fcfe043fdd749fb740fff4cf33c8,cuda,1.0,1,0.5,gaussian,0.5174319891143268,64,standard normal at finite u_max,infinite,oracle,0.17399652593869935,0.0447342747081364,unbiased,0.027181438197962867,8192,2821632,1.3000539089702556e-08,0.1739965110764305,0.04473427470813618,1.300072272059083e-08,0.13730217456230454,0.0450684217674963,oracle/task_039/cell_0079,179,with_replacement,33554432,2.9578422904014587,1,completed,2048,20.0,0.13730217456230454,0.04506749118055518
4,119,4b74724c4225fcfe043fdd749fb740fff4cf33c8,cuda,1.0,1,0.5,gaussian,0.6489380854014416,64,standard normal at finite u_max,infinite,oracle,0.11403334041383772,0.029764347517818535,unbiased,0.10554043650621013,8192,5180928,1.3000539089702556e-08,0.11403339040310534,0.02976434751781809,1.300072227650162e-08,0.2054440320424734,0.03018164073480829,oracle/task_039/cell_0119,83,with_replacement,67108864,2.921440526843071,4,completed,2048,20.0,0.2054440320424732,0.030181889053724063
8,159,4b74724c4225fcfe043fdd749fb740fff4cf33c8,cuda,1.0,8,0.5,gaussian,0.996759501513605,64,standard normal at finite u_max,infinite,oracle,0.14137014054536529,0.022482558912092943,unbiased,0.00012208472997488515,8192,73691136,1.3000539089702556e-08,0.14137028612512625,0.022482558912092748,1.3000721610367805e-08,0.4464327288001317,0.033466820558699345,oracle/task_039/cell_0159,213,with_replacement,33554432,0.8197172731161118,2,completed,512,20.0,0.4464327288001312,0.03346711791206556
2,199,4b74724c4225fcfe043fdd749fb740fff4cf33c8,cuda,1.0,8,0.5,gaussian,0.6052342696094012,64,standard normal at finite u_max,infinite,oracle,0.15051354877574916,0.03177690747414599,unbiased,0.0008173892610977785,8192,24014848,1.3000539089702556e-08,0.15051365471944006,0.031776907474145855,1.300072227650162e-08,0.33901641275209626,0.035881989946076075,oracle/task_039/cell_0199,695,without_replacement,33554432,3.049975708127022,0,completed,2048,20.0,0.33901641275209604,0.03588226883510053
4,239,4b74724c4225fcfe043fdd749fb740fff4cf33c8,cuda,1.0,8,0.5,gaussian,0.5964862688055723,64,standard normal at finite u_max,infinite,oracle,0.1326023404855962,0.028989900351519313,unbiased,0.0004492754666759888,8192,41971712,1.3000539089702556e-08,0.1326024820594836,0.02898990035151923,1.300072227650162e-08,0.31432849392997597,0.031887066547811094,oracle/task_039/cell_0239,597,without_replacement,67108864,3.00551900267601,3,completed,2048,20.0,0.31432849392997575,0.03188720900761074
8,279,4b74724c4225fcfe043fdd749fb740fff4cf33c8,cuda,1.0,1,0.5,mixture,0.8336058397846235,64,standard normal at finite u_max,infinite,oracle,0.7000439351360718,1.752593991464041,unbiased,0.0006047612396728445,8192,14093824,0.6948531129377623,0.7000439676385023,1.7525939914640418,0.6948531129377666,0.9894029377607253,1.752612672308459,oracle/task_039/cell_0279,75,without_replacement,33554432,0.7250405550003052,1,completed,512,20.0,0.9894029377607253,1.7526138531354933
2,319,4b74724c4225fcfe043fdd749fb740fff4cf33c8,cuda,1.0,1,0.5,mixture,0.501126752760927,64,standard normal at finite u_max,finite,oracle,0.6949013879637923,1.676486019891815,tail,0.0001476268007318734,8192,2821632,0.6948531129377623,0.6949013883363946,1.676486019891815,0.694853112937766,0.9879541566682453,1.6765442830340507,oracle/task_039/cell_0319,118,with_replacement,8388608,1.0230109095573425,4,completed,512,20.0,0.9879541566682453,1.6765438455733173
4,359,4b74724c4225fcfe043fdd749fb740fff4cf33c8,cuda,1.0,1,0.5,mixture,0.6767753094194846,64,standard normal at finite u_max,finite,oracle,0.6509182957138466,1.6165906338579106,tail,0.3379746438875839,8192,5180928,0.6502812020712548,0.6509183088141957,1.6165906338579106,0.6502812020712586,0.7816869438238545,1.6166023144949853,oracle/task_039/cell_0359,33,with_replacement,67108864,3.920959010720253,2,completed,2048,20.0,0.7816869438238545,1.616602839546031
8,399,4b74724c4225fcfe043fdd749fb740fff4cf33c8,cuda,1.0,8,0.5,mixture,0.9561778291671381,64,standard normal at finite u_max,finite,oracle,0.5640712594703574,1.3157041231710669,tail,0.0001221081880149793,8192,73691136,0.5487132782344406,0.5640712996309206,1.3157041231710669,0.5487132782344415,0.9936721531626375,1.3450546921876985,oracle/task_039/cell_0399,125,with_replacement,33554432,1.0421673655509949,0,completed,512,20.0,0.9936721531626375,1.345054385950647
2,439,4b74724c4225fcfe043fdd749fb740fff4cf33c8,cuda,1.0,8,0.5,mixture,0.4744944271246486,64,standard normal at finite u_max,finite,oracle,0.6653918441341887,1.369741120645022,tail,0.0001240545904672003,8192,24014848,0.5974265564688811,0.6653918413098124,1.3697411206450218,0.597426556468883,0.9940152483822189,1.4559159719015795,oracle/task_039/cell_0439,158,without_replacement,8388608,1.0387807935476303,3,completed,512,20.0,0.9940152483822189,1.455916405201087
4,479,4b74724c4225fcfe043fdd749fb740fff4cf33c8,cuda,1.0,8,0.5,mixture,0.9796500217401477,64,standard normal at finite u_max,finite,oracle,0.6492114510323373,1.5701282948506048,tail,0.0002655688822251293,8192,41971712,0.6461398347033219,0.6492114686353065,1.5701282948506043,0.6461398347033244,0.9905365154878547,1.5830239340021741,oracle/task_039/cell_0479,408,without_replacement,67108864,4.025048017501831,1,completed,2048,20.0,0.9905365154878549,1.5830235080805342
8,519,4b74724c4225fcfe043fdd749fb740fff4cf33c8,cuda,1.0,8,0.5,mixture,0.7493520064604532,64,standard normal at finite u_max,finite,oracle,0.6515204761235307,1.6073333134171812,tail,0.002124184863991457,8192,77885440,0.6461398347033217,0.6515205054318316,1.6073333134171812,0.6461398347033248,0.98968177493602,1.607358730571948,oracle/task_039/cell_0519,266,without_replacement,134217728,3.9809049665927887,4,completed,2048,20.0,0.98968177493602,1.6073587841116268
4,559,4b74724c4225fcfe043fdd749fb740fff4cf33c8,cuda,1.0,1,0.5,weak_mixture,0.6874754353519487,64,standard normal at finite u_max,finite,oracle,0.00844347303575177,0.0015941251624478105,full,0.4911331620789146,8192,42406912,0.004437958690588495,0.008443458723955688,0.0015941251624479076,0.004437958341247383,0.034049968120203555,0.009276746520660297,oracle/task_039/cell_0559,1,with_replacement,268435456,0.5613086074590683,3,completed,512,20.0,0.034049968120203666,0.009276691585135406
2,599,4b74724c4225fcfe043fdd749fb740fff4cf33c8,cuda,1.0,1,0.5,weak_mixture,0.8826767032243359,64,standard normal at finite u_max,infinite,oracle,0.018974079059364102,0.017783926512633094,unbiased,0.49907805530830857,8192,2821632,0.016242143761415972,0.018974079216382778,0.017783926512632997,0.016242144110756973,0.02256587815417277,0.018606179811304184,oracle/task_039/cell_0599,1,with_replacement,33554432,2.824085846543312,1,completed,2048,20.0,0.02256587815417288,0.01860479717752688
4,639,4b74724c4225fcfe043fdd749fb740fff4cf33c8,cuda,1.0,1,0.5,weak_mixture,0.9160636520519901,64,standard normal at finite u_max,infinite,oracle,0.01078843679082997,0.006172112007164141,unbiased,0.4992617283323565,8192,5180928,0.005483373678474179,0.010788458065045164,0.0061721120071640285,0.005483374027814736,0.04063879089849476,0.012245917852452807,oracle/task_039/cell_0639,1,with_replacement,67108864,2.8331673741340637,4,completed,2048,20.0,0.04063879089849409,0.012245486379501482
8,679,4b74724c4225fcfe043fdd749fb740fff4cf33c8,cuda,1.0,8,0.5,weak_mixture,0.8864512557464275,64,standard normal at finite u_max,infinite,oracle,0.021364414796332686,0.017787729964511854,unbiased,0.48193227528019117,8192,73691136,0.015836263256887556,0.02136442193404125,0.017787729964511854,0.015836263256887577,0.04036762917864102,0.021177361036792443,oracle/task_039/cell_0679,4,with_replacement,33554432,0.7315784990787506,2,completed,512,20.0,0.040367629178640854,0.021177474620713083
2,719,4b74724c4225fcfe043fdd749fb740fff4cf33c8,cuda,1.0,8,0.5,weak_mixture,0.7232903644533921,64,standard normal at finite u_max,infinite,oracle,0.029152160099515226,0.026277441956098237,unbiased,0.49589447113751556,8192,24014848,0.022528608703771942,0.029152162577674536,0.026277441956098244,0.022528608878442304,0.0463589857886654,0.030879052192400953,oracle/task_039/cell_0719,4,without_replacement,33554432,2.777875632047653,0,completed,2048,20.0,0.04635898578866521,0.030878950166123097
4,759,4b74724c4225fcfe043fdd749fb740fff4cf33c8,cuda,1.0,8,0.5,weak_mixture,0.6640448337297634,64,standard normal at finite u_max,infinite,oracle,0.0314238470585336,0.031015304485546152,unbiased,0.49172407232184423,8192,41971712,0.024435840683218545,0.03142384548270837,0.031015304485546135,0.02443584077055378,0.03169531213997359,0.03221766783643269,oracle/task_039/cell_0759,4,without_replacement,67108864,2.77632699906826,3,completed,2048,20.0,0.03169531213997365,0.03221727048934493
4,799,4b74724c4225fcfe043fdd749fb740fff4cf33c8,cuda,1.0,8,0.5,gaussian,0.9842883093656032,64,standard normal at finite u_max,finite,oracle,0.05827988721522402,0.013577628443995335,tail,0.09001482855889074,8192,41971712,1.3000539089702556e-08,0.058279991183324616,0.013577628443994946,1.3000721499345502e-08,0.14355342659658882,0.015724444302365873,oracle/task_039/cell_0799,92,without_replacement,16777216,1.026682123541832,0,completed,512,30.0,0.14355342659658796,0.015724590873932846
4,839,4b74724c4225fcfe043fdd749fb740fff4cf33c8,cuda,1.0,8,0.5,gaussian,0.622926100727201,64,standard normal at finite u_max,finite,oracle,0.07998393198464054,0.01842533446517708,tail,0.11525977714105631,8192,41971712,1.3000539089702556e-08,0.07998406670037493,0.018425334465176774,1.3000722165479317e-08,0.17781945038962732,0.021017988922000946,oracle/task_039/cell_0839,94,without_replacement,16777216,1.0206715017557144,2,completed,512,30.0,0.1778194503896271,0.021018005649906808
4,879,4b74724c4225fcfe043fdd749fb740fff4cf33c8,cuda,1.0,8,0.5,gaussian,0.6779716099879567,64,standard normal at finite u_max,finite,oracle,0.1451769624003952,0.037357786373891505,tail,0.10454543483744112,8192,41971712,1.3000539089702556e-08,0.14517701842511077,0.03735778637389167,1.3000722942635434e-08,0.2346471422041931,0.03790115637704763,oracle/task_039/cell_0879,93,without_replacement,16777216,1.0330481082201004,4,completed,512,30.0,0.23464714220419347,0.03790146253010323
4,919,4b74724c4225fcfe043fdd749fb740fff4cf33c8,cuda,1.0,8,0.5,mixture,0.7483016639323267,64,standard normal at finite u_max,finite,oracle,0.4309206788352722,0.7835629269191775,tail,0.00012216931220030818,8192,41971712,0.3051468870622377,0.4309207434202661,0.7835629269191778,0.3051468870622338,0.9934782872784917,0.7946486106038932,oracle/task_039/cell_0919,118,without_replacement,16777216,1.0410548448562622,1,completed,512,30.0,0.9934782872784919,0.7946482567221123
4,959,4b74724c4225fcfe043fdd749fb740fff4cf33c8,cuda,1.0,8,0.5,mixture,0.648671066670571,64,standard normal at finite u_max,finite,oracle,0.5259044574194315,1.1462328959130181,tail,0.00012207423031894887,8192,41971712,0.5000000000000001,0.5259044659463421,1.1462328959130177,0.49999999999999994,0.9948304891493165,1.211983061333399,oracle/task_039/cell_0959,118,without_replacement,16777216,1.0436311662197113,3,completed,512,30.0,0.9948304891493165,1.2119829820408714
4,999,4b74724c4225fcfe043fdd749fb740fff4cf33c8,cuda,1.0,8,0.5,weak_mixture,0.6906807650311904,64,standard normal at finite u_max,finite,oracle,0.0219394600767863,0.01724751014418831,tail,0.4725569778873483,8192,41971712,0.012813995522000243,0.021939455703551512,0.01724751014418829,0.012813995522000146,0.05180917925663804,0.021751430480843156,oracle/task_039/cell_0999,4,without_replacement,16777216,0.9965078234672546,0,completed,512,30.0,0.0518091792566381,0.021751488053866747
4,1039,4b74724c4225fcfe043fdd749fb740fff4cf33c8,cuda,1.0,8,0.5,weak_mixture,0.9947534237873806,64,standard normal at finite u_max,finite,oracle,0.014752193642875076,0.00882828247093314,tail,0.4758842716009991,8192,41971712,0.007070604777739506,0.014752197260286034,0.008828282470933126,0.00707060477773952,0.039406425300139075,0.013318205829501606,oracle/task_039/cell_1039,4,without_replacement,16777216,0.9943425506353378,2,completed,512,30.0,0.03940642530013898,0.013318969452638475
4,1079,4b74724c4225fcfe043fdd749fb740fff4cf33c8,cuda,1.0,8,0.5,weak_mixture,0.7086707201911236,64,standard normal at finite u_max,finite,oracle,0.0659258019232338,0.06718020373260641,tail,0.47083506811022613,8192,41971712,0.051305237764521165,0.06592580267447813,0.06718020373260646,0.05130523776452115,0.11624511035817485,0.06920006409863821,oracle/task_039/cell_1079,4,without_replacement,16777216,0.9752723872661591,4,completed,512,30.0,0.11624511035817467,0.06919918966215587
