batch,cell_id,dataset_seed,diffusion,dimension,ess_fraction,family,groups,ks_mean,line,log_normalizer,mean_absolute_error,method,particles,phase,positive_mass_error,projection_seed,repeat,seconds,seconds_including_preparation,seed,setting_id,sign_joint_tv,sliced_reference_samples,sliced_w1_32,standardized_offdiagonal_second_rms,status,steps,training_seed,true_ks_mean,true_mean_absolute_error,true_positive_mass_error,true_variance_relative_error,true_w1_mean,u_max,variance_relative_error,w1_mean
4,0,900,1.0,8,0.5,learned,64,0.056982543852484885,paper_anchor,85.94036662044988,0.010847217778674015,full,32768,confirmation,0.008716836091586124,20260921,0,6.081040773540735,6.081040773540735,21019010,full,0.06588155875003729,32768,0.013522025646179188,0.02710994127934849,completed,2048,0,0.06132397680571661,0.012533191408866412,0.011761502839176435,0.1927123338453849,0.015122115809102294,20.0,0.19298851072250495,0.014142239755822895
4,1,900,1.0,8,0.5,learned,64,0.03903437703910052,paper_anchor,96.38075911632953,0.009152548997232742,factorized_full,32768,confirmation,0.0017730164618888766,20260921,0,6.117849133908749,6.117849133908749,21019010,factorized_full,0.011698123520378093,32768,0.00948526489973283,0.010152142773679377,completed,2048,0,0.03802811739677973,0.009211531976220665,0.004813408788275478,0.09058569802780692,0.010032903418033458,20.0,0.09166952996857598,0.011018794171596673
8,2,900,1.0,8,0.5,learned,64,0.05863538139157494,paper_anchor,92.45654007473966,0.01195820061062898,tail_anchored,8192,confirmation,0.002059367380799704,20260921,0,1.2238165028393269,1.2238165028393269,21019010,anchor_n8192_k1024_m8,0.014255978802530071,32768,0.014954184055521859,0.06311860628429308,completed,1024,0,0.05323753873720269,0.009827874553771463,0.0023494051019226224,0.15213099798650864,0.0126694876016286,20.0,0.15254955065738462,0.013912311275369594
4,3,900,1.0,8,0.5,learned,64,0.07303827532808,paper_anchor,95.49880658528747,0.01617038917219822,tail_anchored,32768,confirmation,0.0021308890811362964,20260921,0,3.8912964463233948,3.8912964463233948,21019010,anchor_n32768_k2048_m4,0.014036854796360436,32768,0.016122218696991958,0.04777307959655462,completed,2048,0,0.07175425859550205,0.016178092042040355,0.0051755558287266065,0.1720723410956422,0.01777000670202063,20.0,0.1726107149534823,0.018737835479095695
4,4,901,1.0,8,0.5,learned,64,0.044362946177979874,paper_anchor,80.94605412341352,0.007452922783800798,full,32768,confirmation,0.009265589299670052,20260921,0,6.191535860300064,6.191535860300064,21019020,full,0.06194371555301405,32768,0.011220036981540827,0.03009957900809369,completed,2048,0,0.05203359554638274,0.009801575117481278,0.011671395255973363,0.15832229797008757,0.013205657198319731,20.0,0.15908470799592608,0.011046295074935333
4,5,901,1.0,8,0.5,learned,64,0.05325977565738906,paper_anchor,92.71274130208076,0.012256456966673664,factorized_full,32768,confirmation,0.013353216221423436,20260921,0,6.1247161366045475,6.1247161366045475,21019020,factorized_full,0.0832354741728661,32768,0.01146290811050735,0.01837806958740062,completed,2048,0,0.06465096930549774,0.015308315962754039,0.015759022177726748,0.11192078733387412,0.016454217542009406,20.0,0.11213036347196424,0.012968557231298887
8,6,901,1.0,8,0.5,learned,64,0.05253691001774651,paper_anchor,86.5518377225271,0.007960222257868393,tail_anchored,8192,confirmation,0.011167082271266391,20260921,0,1.223199225962162,1.223199225962162,21019020,anchor_n8192_k1024_m8,0.08059342569239589,32768,0.011472480493284691,0.04182335317134478,completed,1024,0,0.06527583106618212,0.012028099712340003,0.01339121947848197,0.19781998081746544,0.014998678708713485,20.0,0.1985887345122091,0.012614657483223875
4,7,901,1.0,8,0.5,learned,64,0.05078008104588992,paper_anchor,88.05990132511536,0.008824642710800322,tail_anchored,32768,confirmation,0.012005597439038625,20260921,0,3.8201218470931053,3.8201218470931053,21019020,anchor_n32768_k2048_m4,0.07366838090934516,32768,0.01180801416055657,0.02320072013735774,completed,2048,0,0.05477789935765459,0.009952559842914821,0.011723645942157766,0.18356566474157776,0.013080719084182554,20.0,0.1843278213888044,0.011822832453241477
4,8,902,1.0,8,0.5,learned,64,0.06780137834374289,paper_anchor,144.76441381648257,0.015053132486114673,full,32768,confirmation,3.575432950671105e-05,20260921,0,6.076073668897152,6.076073668897152,21019030,full,0.0002860346360308168,32768,0.02228570286043482,0.041107443983985865,completed,2048,0,0.08230866460476655,0.01955988999941885,2.6473877200171207e-05,0.15764728761363855,0.02132369924750705,20.0,0.1605530668016057,0.017618729848549806
4,9,902,1.0,8,0.5,learned,64,0.06340683739414739,paper_anchor,168.19830854650013,0.015311920820197382,factorized_full,32768,confirmation,2.5788671826162957e-05,20260921,0,6.130295738577843,6.130295738577843,21019030,factorized_full,0.000206309374585871,32768,0.015877095580933285,0.02539368272915933,completed,2048,0,0.06399724742309248,0.015193165219653158,1.6508219519623113e-05,0.109604523778169,0.01736981659830654,20.0,0.11258671716944338,0.016579342738219403
8,10,902,1.0,8,0.5,learned,64,0.06391451424983884,paper_anchor,144.36233688183083,0.010542916844734636,tail_anchored,8192,confirmation,4.486215815451e-05,20260921,0,1.2262776903808117,1.2262776903808117,21019030,anchor_n8192_k1024_m8,0.0003588972652093722,32768,0.01742754574284379,0.038264794224272855,completed,1024,0,0.09107131913166189,0.019753133801523597,3.558170584797016e-05,0.20769032518938974,0.02198841330841797,20.0,0.2103881198647673,0.016199315401743464
4,11,902,1.0,8,0.5,learned,64,0.0765551243556988,paper_anchor,150.0548720268477,0.01891451312355505,tail_anchored,32768,confirmation,4.486215815428796e-05,20260921,0,3.9050263799726963,3.9050263799726963,21019030,anchor_n32768_k2048_m4,0.000358897265210871,32768,0.020044946336177715,0.07452616339676282,completed,2048,0,0.09356913150388918,0.02373305754717009,3.558170584774811e-05,0.14467110517380344,0.02405865788115126,20.0,0.14755591074671745,0.019983308809478365
4,12,903,1.0,8,0.5,learned,64,0.05693667181465759,paper_anchor,162.12022011465606,0.011128406516091724,full,32768,confirmation,0.013879980521862362,20260921,0,6.189925264567137,6.189925264567137,21019040,full,0.07139957050147298,32768,0.016025744175811697,0.05491127439431701,completed,2048,0,0.07175354465391623,0.015211107604061176,0.016012618007037367,0.16997490746432445,0.017395096805144,20.0,0.17183562016947013,0.013325334687818248
4,13,903,1.0,8,0.5,learned,64,0.051092726763999265,paper_anchor,176.5735277168056,0.011488452711276433,factorized_full,32768,confirmation,0.006464882199908803,20260921,0,6.239501282572746,6.239501282572746,21019040,factorized_full,0.04120428105093546,32768,0.013433113042110319,0.01758411855089359,completed,2048,0,0.055374496121365316,0.013004645314088691,0.008597519685083807,0.1141551448190308,0.013831970688358541,20.0,0.11587130853848553,0.01310578428905064
8,14,903,1.0,8,0.5,learned,64,0.14174398034328264,paper_anchor,162.73898577512102,0.03378167442265085,tail_anchored,8192,confirmation,0.023411325849575212,20260921,0,1.2295430712401867,1.2295430712401867,21019040,anchor_n8192_k1024_m8,0.13738873240133082,32768,0.030740072172087154,0.13397148010940507,completed,1024,0,0.14294366964618327,0.033935170934983536,0.025543963334750217,0.21858956787880182,0.035489242015773165,20.0,0.22008538425439367,0.03513136127478626
4,15,903,1.0,8,0.5,learned,64,0.1582975397737153,paper_anchor,170.721094084365,0.03848268075606695,tail_anchored,32768,confirmation,0.04268235083390304,20260921,0,3.8333780467510223,3.8333780467510223,21019040,anchor_n32768_k2048_m4,0.2779053236146595,32768,0.041855477692819554,0.17703264897637963,completed,2048,0,0.15565837187913922,0.037688555418725816,0.04085505089065791,0.2238905137935707,0.03908924932501315,20.0,0.22502086254024128,0.040448169445524755
4,16,904,1.0,8,0.5,learned,64,0.0850266708119799,paper_anchor,117.31538112165582,0.02192173603042296,full,32768,confirmation,0.019559092418648852,20260921,0,6.086704943329096,6.086704943329096,21019050,full,0.08063981342712598,32768,0.02557693736106007,0.11711624370846851,completed,2048,0,0.09672436737285295,0.02569404696051242,0.02089619467858922,0.13177905586981198,0.02596749765708814,20.0,0.1268882585570104,0.023017978969738447
4,17,904,1.0,8,0.5,learned,64,0.05963356223011991,paper_anchor,126.30882533485851,0.013217849887571884,factorized_full,32768,confirmation,0.013244950687835488,20260921,0,6.1879085674881935,6.1879085674881935,21019050,factorized_full,0.054988238089432644,32768,0.01414939666749806,0.019890520514184676,completed,2048,0,0.07554885498815125,0.01729388692280085,0.014937138286085436,0.13085261861805372,0.019608532679637303,20.0,0.13316092835894938,0.015270294812726145
8,18,904,1.0,8,0.5,learned,64,0.05314817387536996,paper_anchor,118.55445141536812,0.010322749288114493,tail_anchored,8192,confirmation,0.01959424403040004,20260921,0,1.2239010408520699,1.2239010408520699,21019050,anchor_n8192_k1024_m8,0.08730365188213515,32768,0.012488460033655321,0.06589344775446518,completed,1024,0,0.053688725700777,0.010022342346362585,0.012146649340993715,0.14607133256382332,0.013055992629934898,20.0,0.1421626294439528,0.01283504240727592
4,19,904,1.0,8,0.5,learned,64,0.0550665016283374,paper_anchor,119.4872276244008,0.011915374775294259,tail_anchored,32768,confirmation,0.016384352489016124,20260921,0,3.8144317120313644,3.8144317120313644,21019050,anchor_n32768_k2048_m4,0.08554875732751283,32768,0.015943653612398575,0.08032268459291735,completed,2048,0,0.07427515383010334,0.017676528111703685,0.026896962560664525,0.1486941281988065,0.019114510137985777,20.0,0.15038581520904457,0.014236430223862517
4,20,905,1.0,8,0.5,learned,64,0.06744195813492879,paper_anchor,64.19441332673604,0.01594940848239589,full,32768,confirmation,0.001911112147581738,20260921,0,6.127832241356373,6.127832241356373,21019060,full,0.013061754447015943,32768,0.016730257971084368,0.08599298803467198,completed,2048,0,0.08381571266950794,0.02069652353520681,0.003964677102343599,0.13554666811692812,0.021473809974115427,20.0,0.1354814285279271,0.017548436288845094
4,21,905,1.0,8,0.5,learned,64,0.04794338617145437,paper_anchor,72.02050634877048,0.010954805349492449,factorized_full,32768,confirmation,0.002008536966317559,20260921,0,6.125556766986847,6.125556766986847,21019060,factorized_full,0.01450235499881098,32768,0.0133475662377216,0.015925421362695587,completed,2048,0,0.06465721720746784,0.015701920402303372,0.0022705037521067173,0.1158685653256537,0.016270919103593896,20.0,0.11469684907653978,0.012099994249588459
8,22,905,1.0,8,0.5,learned,64,0.05022866025102618,paper_anchor,65.28920107768923,0.007836623491028778,tail_anchored,8192,confirmation,0.005133823351943536,20260921,0,1.2273588851094246,1.2273588851094246,21019060,anchor_n8192_k1024_m8,0.03998899004419997,32768,0.011648245603440674,0.04101144460287339,completed,1024,0,0.06548886656494513,0.01236125931407907,0.004721509748505517,0.18433967076137636,0.01565728790571011,20.0,0.1831596574752615,0.012066119496594963
4,23,905,1.0,8,0.5,learned,64,0.07782225490277775,paper_anchor,69.23050675587571,0.017760618590098386,tail_anchored,32768,confirmation,0.008711296904934454,20260921,0,3.816824860870838,3.816824860870838,21019060,anchor_n32768_k2048_m4,0.06460273967563457,32768,0.016462302101947962,0.10990698363171754,completed,2048,0,0.06581899889387427,0.01452638951273965,0.010764861859696315,0.13892618928130307,0.015966502188254447,20.0,0.13762877609035035,0.01877668441087352
4,24,906,1.0,8,0.5,learned,64,0.0750626998824799,paper_anchor,86.6530802115876,0.016883510773045063,full,32768,confirmation,0.004936213529624615,20260921,0,6.088781788945198,6.088781788945198,21019070,full,0.0335060477108776,32768,0.018956947899163176,0.05290271387594955,completed,2048,0,0.07476510459221032,0.016856918255144918,0.003486857405645387,0.16498307707195295,0.019350224681800414,20.0,0.1608588450773533,0.01951687504154965
4,25,906,1.0,8,0.5,learned,64,0.04936479574904236,paper_anchor,100.59956273725228,0.01098195460324144,factorized_full,32768,confirmation,0.011149399426179873,20260921,0,6.158506870269775,6.158506870269775,21019070,factorized_full,0.08349845001205487,32768,0.012957060180317618,0.014744708308938637,completed,2048,0,0.05317018018761012,0.012101306779814948,0.008406359067780256,0.1269567849695487,0.013733853680954377,20.0,0.12240968207228167,0.012922738391860516
8,26,906,1.0,8,0.5,learned,64,0.044563274365404165,paper_anchor,91.18899192675309,0.006534206258759929,tail_anchored,8192,confirmation,0.0067458263092116805,20260921,0,1.2286547645926476,1.2286547645926476,21019070,anchor_n8192_k1024_m8,0.04565111206016615,32768,0.011041469847248542,0.044283725491752524,completed,1024,0,0.051277256461287016,0.009549177527879014,0.005296470185232452,0.18126629389501855,0.012677481764791068,20.0,0.1772238714838405,0.010520644910809996
4,27,906,1.0,8,0.5,learned,64,0.08471085460548944,paper_anchor,91.11072789685278,0.02022972654886181,tail_anchored,32768,confirmation,0.0036028435196624577,20260921,0,3.8200375251471996,3.8200375251471996,21019070,anchor_n32768_k2048_m4,0.021507654223346627,32768,0.020294052823576998,0.050710491031735895,completed,2048,0,0.08604017323394078,0.020555252231080182,0.008103610129604349,0.16255382480746766,0.022845475177588948,20.0,0.15990642339947225,0.021560859539707607
4,28,907,1.0,8,0.5,learned,64,0.08105587237886189,paper_anchor,136.35382556986224,0.02046117961140398,full,32768,confirmation,0.0011328040822884398,20260921,0,6.085628002882004,6.085628002882004,21019080,full,0.009062432588175106,32768,0.019426037685932603,0.1067742096921518,completed,2048,0,0.08186925026721674,0.019877409041037172,0.0006337691852691244,0.14797849261074691,0.0211110305934938,20.0,0.14959549886531312,0.021186163583504933
4,29,907,1.0,8,0.5,learned,64,0.10307827014191605,paper_anchor,155.44520983205126,0.027412796056700793,factorized_full,32768,confirmation,0.0012256054256025717,20260921,0,6.140473552048206,6.140473552048206,21019080,factorized_full,0.009804843334689712,32768,0.03312666743601316,0.08853401215225938,completed,2048,0,0.1135863987517372,0.030847797067475834,0.0007265705285832563,0.10377287503919495,0.03163103306640491,20.0,0.10295619096378149,0.028654896473631
8,30,907,1.0,8,0.5,learned,64,0.06297961265615849,paper_anchor,141.27771445732247,0.012865341935136769,tail_anchored,8192,confirmation,0.0013348006764504182,20260921,0,1.2252314686775208,1.2252314686775208,21019080,anchor_n8192_k1024_m8,0.010678405341471773,32768,0.0160703349518563,0.05869015724202778,completed,1024,0,0.06582942087491717,0.014198991208211033,0.0008357657794311028,0.18092394412155277,0.017501039118432052,20.0,0.18306051860963957,0.016411787364933934
4,31,907,1.0,8,0.5,learned,64,0.09196112037940726,paper_anchor,143.45895434769162,0.022277452144873394,tail_anchored,32768,confirmation,0.0011056920276412189,20260921,0,3.8216895274817944,3.8216895274817944,21019080,anchor_n32768_k2048_m4,0.008845532918151577,32768,0.024720997663976625,0.06093275046404152,completed,2048,0,0.10720817499259451,0.027071226225948278,0.0016047274265350206,0.17310568058388515,0.028316114230046485,20.0,0.17513993993786992,0.02376501075631403
4,32,908,1.0,8,0.5,learned,64,0.06301992259667333,paper_anchor,68.3595749829662,0.012900018772050461,full,32768,confirmation,0.0046730180744702,20260921,0,6.1398038901388645,6.1398038901388645,21019090,full,0.03649155434038296,32768,0.019893111369010646,0.040631461737251504,completed,2048,0,0.06291350848749208,0.012380822025153823,0.006050623899339391,0.17957123466668745,0.016514347658386934,20.0,0.18098091422661006,0.016238138986455035
4,33,908,1.0,8,0.5,learned,64,0.048757639971749936,paper_anchor,76.64201339028023,0.010915627833894229,factorized_full,32768,confirmation,0.003434717467976342,20260921,0,6.123300112783909,6.123300112783909,21019090,factorized_full,0.025567437506905863,32768,0.01552343395673413,0.014721801186700502,completed,2048,0,0.045298762150924377,0.009793331033620203,0.004364200915191546,0.12259383416631298,0.011521964787989464,20.0,0.12430617884575473,0.012873480154642087
8,34,908,1.0,8,0.5,learned,64,0.09199769762763763,paper_anchor,68.72710557585106,0.01957589984377652,tail_anchored,8192,confirmation,0.0057522848707807425,20260921,0,1.2283341772854328,1.2283341772854328,21019090,anchor_n8192_k1024_m8,0.037710232777615066,32768,0.022896736653867746,0.06285341855178839,completed,1024,0,0.09294448264279642,0.020064664796029592,0.004948914655343313,0.2256021650661196,0.022116707441965915,20.0,0.22726705484474083,0.02204050286343061
4,35,908,1.0,8,0.5,learned,64,0.050456653987606945,paper_anchor,73.77206790988137,0.009180073756650173,tail_anchored,32768,confirmation,0.00407474009257083,20260921,0,3.8202851228415966,3.8202851228415966,21019090,anchor_n32768_k2048_m4,0.031937145166612425,32768,0.013105185405686452,0.029305149275203835,completed,2048,0,0.0530929712184673,0.009583839718207726,0.005452345917440021,0.18293631527530912,0.013050453175696967,20.0,0.18445100345059978,0.012553293639262548
4,36,909,1.0,8,0.5,learned,64,0.09436352758490843,paper_anchor,149.63866358970935,0.022299783873904466,full,32768,confirmation,0.00039610622965943493,20260921,0,6.08724706992507,6.08724706992507,21019100,full,0.0031688498372583395,32768,0.023076384189096757,0.08049872783189971,completed,2048,0,0.09109178405044882,0.021511620313994513,0.0003321387196201899,0.15755476232312632,0.02282464168468732,20.0,0.1566337197932362,0.024004878665780476
4,37,909,1.0,8,0.5,learned,64,0.06424622644150833,paper_anchor,170.76862859929446,0.014575483561719962,factorized_full,32768,confirmation,0.0004664988764578881,20260921,0,6.130242470651865,6.130242470651865,21019100,factorized_full,0.0037319910116476755,32768,0.015089973496942372,0.025051908584642433,completed,2048,0,0.06937753447705644,0.015531228767952786,0.00040253136641864307,0.1425724943835126,0.017664402110334213,20.0,0.1421729049387152,0.01577843032205415
8,38,909,1.0,8,0.5,learned,64,0.09874686715952424,paper_anchor,153.95495037719638,0.021629987360397798,tail_anchored,8192,confirmation,0.000437260701811424,20260921,0,1.2917995266616344,1.2917995266616344,21019100,anchor_n8192_k1024_m8,0.0034980856144755153,32768,0.025517969596104844,0.10958325893950373,completed,1024,0,0.09916845018841355,0.021642294841646183,0.00037329319177217894,0.20566216056316058,0.024558853758268818,20.0,0.20429449329823857,0.023956402365002745
4,39,909,1.0,8,0.5,learned,64,0.11001243569036429,paper_anchor,146.14202121820537,0.02898857741498647,tail_anchored,32768,confirmation,0.0003679010361892852,20260921,0,3.8306843787431717,3.8306843787431717,21019100,anchor_n32768_k2048_m4,0.002943208289500043,32768,0.03239384232882232,0.1892699859543464,completed,2048,0,0.11143512439298184,0.028968387607694837,0.00030393352615004014,0.1671913068276763,0.030479035647985694,20.0,0.1667357334649765,0.029777473307562197
4,40,910,1.0,8,0.5,learned,64,0.11830600252073833,paper_anchor,137.0322300805189,0.02742524512597601,full,32768,confirmation,1.181581932060971e-06,20260921,0,6.076805047690868,6.076805047690868,21019110,full,9.452654903592992e-06,32768,0.0297266993384108,0.10679828565559549,completed,2048,0,0.13540617303032648,0.03265871322434927,1.0173187067752387e-06,0.1932571926428689,0.03410745597933338,20.0,0.19501792311802724,0.029719569543282538
4,41,910,1.0,8,0.5,learned,64,0.0773966276541857,paper_anchor,156.44437474279982,0.020155627587161523,factorized_full,32768,confirmation,1.18158193200546e-06,20260921,0,6.1332565769553185,6.1332565769553185,21019110,factorized_full,9.452654903648503e-06,32768,0.023577606885548667,0.04161674282249617,completed,2048,0,0.07303941891306981,0.01803917671128112,1.0173187067197276e-06,0.11479143831329917,0.020315856584975235,20.0,0.11683230375367741,0.02088577176764119
8,42,910,1.0,8,0.5,learned,64,0.05787393968257583,paper_anchor,143.33946031870934,0.01141665290856872,tail_anchored,8192,confirmation,1.1815819321719934e-06,20260921,0,1.3094006106257439,1.3094006106257439,21019110,anchor_n8192_k1024_m8,9.452654903537481e-06,32768,0.016369444232948335,0.03745986712690911,completed,1024,0,0.0776135898836635,0.01750398582178704,1.017318706886261e-06,0.17845995518773997,0.01978002445880158,20.0,0.18019609784557483,0.015225742826536014
4,43,910,1.0,8,0.5,learned,64,0.14293848369754883,paper_anchor,146.77661991371053,0.03703128104685831,tail_anchored,32768,confirmation,1.1815819321164822e-06,20260921,0,3.8201773576438427,3.8201773576438427,21019110,anchor_n32768_k2048_m4,9.452654904536682e-06,32768,0.03630758906742344,0.18170230916509364,completed,2048,0,0.12712840856117996,0.03186221998584893,1.0173187068307499e-06,0.19111660444183265,0.034107422287360176,20.0,0.19285514278836025,0.03825315677431227
4,44,911,1.0,8,0.5,learned,64,0.07289558345692862,paper_anchor,119.50691830241874,0.01608205709204969,full,32768,confirmation,0.0074111975936725066,20260921,0,6.080482795834541,6.080482795834541,21019120,full,0.05683988944544552,32768,0.016639324923201464,0.04080981478105786,completed,2048,0,0.06595240243841367,0.01433628416313483,0.00788869852789059,0.17861568673748188,0.01653026768912548,20.0,0.1797669485656283,0.0184006669654779
4,45,911,1.0,8,0.5,learned,64,0.06501784344175901,paper_anchor,132.8185279193749,0.01654902654639248,factorized_full,32768,confirmation,0.0035594698464685576,20260921,0,6.131207995116711,6.131207995116711,21019120,factorized_full,0.027342466651634027,32768,0.01490353501842907,0.027909046719811616,completed,2048,0,0.05292165106256183,0.012563226730217536,0.003989160011203349,0.12389207238245982,0.014454141673935664,20.0,0.12699424623765554,0.017540615931006448
8,46,911,1.0,8,0.5,learned,64,0.08389234770414461,paper_anchor,135.31266844892414,0.017807299534359704,tail_anchored,8192,confirmation,0.0009223686341119107,20260921,0,1.227923195809126,1.227923195809126,21019120,anchor_n8192_k1024_m8,0.007283168594450926,32768,0.018653054830989037,0.0445760036207309,completed,1024,0,0.0721487983776576,0.01432703321323366,0.0014763830874285227,0.183889108959227,0.017024132033943887,20.0,0.18509919883288733,0.0197922969523301
4,47,911,1.0,8,0.5,learned,64,0.085560031368772,paper_anchor,125.05599630624769,0.02069394612905405,tail_anchored,32768,confirmation,0.003458925009158926,20260921,0,3.821395233273506,3.821395233273506,21019120,anchor_n32768_k2048_m4,0.021345329556166012,32768,0.020979474814722447,0.11640566071561534,completed,2048,0,0.08666511571427649,0.02119358919614655,0.004221611407466586,0.15917859675089924,0.022244239499141134,20.0,0.16264388656555806,0.02218033198294156
4,48,912,1.0,8,0.5,learned,64,0.06590082299275189,paper_anchor,143.14124179818046,0.014648871146657926,full,32768,confirmation,0.008022427086898501,20260921,0,6.200669277459383,6.200669277459383,21019130,full,0.06416885599702923,32768,0.017730267043278607,0.038823060574655364,completed,2048,0,0.07732865088090256,0.01735503156841594,0.006384561172067024,0.1723093225715693,0.0196800863761415,20.0,0.17104322397901783,0.016145828141330056
4,49,912,1.0,8,0.5,learned,64,0.054961589795173,paper_anchor,154.05511869150172,0.013280692955027927,factorized_full,32768,confirmation,0.013874097711821548,20260921,0,6.153597317636013,6.153597317636013,21019130,factorized_full,0.1109873676543891,32768,0.01578658754045141,0.020510835606151134,completed,2048,0,0.07556820531507555,0.019293577865754793,0.015511179288828003,0.08836744167935863,0.020152030040708348,20.0,0.08680287775129653,0.01424294672039031
8,50,912,1.0,8,0.5,learned,64,0.06683963660695938,paper_anchor,140.0362472685868,0.012292063251632871,tail_anchored,8192,confirmation,0.0010396855078609324,20260921,0,1.2243086695671082,1.2243086695671082,21019130,anchor_n8192_k1024_m8,0.008312070022703172,32768,0.016582795122298273,0.04134013639597256,completed,1024,0,0.07377310062658592,0.013759963448762829,0.0026767670848673875,0.20519697303870676,0.017911949955470623,20.0,0.2038672128743877,0.015600627653994116
4,51,912,1.0,8,0.5,learned,64,0.04993433257359287,paper_anchor,140.72432840981477,0.010216704425200552,tail_anchored,32768,confirmation,0.0012461518315641795,20260921,0,3.8290482461452484,3.8290482461452484,21019130,anchor_n32768_k2048_m4,0.00995865395435574,32768,0.01397955444681383,0.042138080379911326,completed,2048,0,0.061108586844947604,0.013244324128026397,0.00039492342994210117,0.15127028008117555,0.015627117498884614,20.0,0.14996980247318997,0.01276065545129789
4,52,913,1.0,8,0.5,learned,64,0.06727159641133768,paper_anchor,118.82014603444642,0.01413503215379054,full,32768,confirmation,0.010023044614039899,20260921,0,6.079772744327784,6.079772744327784,21019140,full,0.07560842287575552,32768,0.017240870999716846,0.033227103255273345,completed,2048,0,0.07780932197621242,0.01773931683025604,0.008151524958761038,0.18925515228248857,0.019291144375484737,20.0,0.1937016539043197,0.017338669040202197
4,53,913,1.0,8,0.5,learned,64,0.07187399575390888,paper_anchor,129.5362906626993,0.017305448122118688,factorized_full,32768,confirmation,0.002457098893277526,20260921,0,6.129870217293501,6.129870217293501,21019140,factorized_full,0.017941311858881516,32768,0.017423796623522923,0.02718541518439717,completed,2048,0,0.08093594894334927,0.01944107530765137,0.0005855792379986652,0.12573713217387905,0.021042791601152418,20.0,0.13069096673783076,0.018200930467953125
8,54,913,1.0,8,0.5,learned,64,0.1040622811605588,paper_anchor,113.85929761491474,0.026509541652074843,tail_anchored,8192,confirmation,0.02425616681989978,20260921,0,1.223809603601694,1.223809603601694,21019140,anchor_n8192_k1024_m8,0.19204899470861692,32768,0.025833383700027045,0.086580915627607,completed,1024,0,0.10189421314122715,0.025931750537856763,0.026209364913474874,0.16725752293434387,0.026817871080708024,20.0,0.17202909329362415,0.02727191819525008
4,55,913,1.0,8,0.5,learned,64,0.08135463138041982,paper_anchor,113.57816469722988,0.01700858887502624,tail_anchored,32768,confirmation,0.01986847938413469,20260921,0,3.919398535043001,3.919398535043001,21019140,anchor_n32768_k2048_m4,0.15541592368071794,32768,0.02150209173687798,0.06454942347213188,completed,2048,0,0.09699107277570607,0.022315337189219502,0.021821677477709786,0.1567781669853964,0.024058211692978032,20.0,0.16134605174532374,0.020174007191673917
4,56,914,1.0,8,0.5,learned,64,0.06499094010165592,paper_anchor,147.8320516376149,0.01316074277985993,full,32768,confirmation,0.0011434203016997407,20260921,0,6.080179862678051,6.080179862678051,21019150,full,0.0091272367027518,32768,0.015479611163985794,0.03147678251974632,completed,2048,0,0.06434314540990467,0.013371116655032163,0.0017474575125766556,0.18106497440151492,0.015448598100542048,20.0,0.18089150230675816,0.01657998665539477
4,57,914,1.0,8,0.5,learned,64,0.07493839612624364,paper_anchor,175.54555143749718,0.01856553795096548,factorized_full,32768,confirmation,0.0012479089040210167,20260921,0,6.132092274725437,6.132092274725437,21019150,factorized_full,0.009963145521321845,32768,0.018729140056550582,0.034174492120202495,completed,2048,0,0.06888037439829299,0.01662512426127167,0.0018519461148979316,0.12481746863783089,0.017852460718549783,20.0,0.12470313861373357,0.01936733085794537
8,58,914,1.0,8,0.5,learned,64,0.10772895047032563,paper_anchor,148.2759980408012,0.023557260669769008,tail_anchored,8192,confirmation,0.0023266513679214007,20260921,0,1.2280760817229748,1.2280760817229748,21019150,anchor_n8192_k1024_m8,0.018593085232523298,32768,0.020773932994372767,0.10252295558551237,completed,1024,0,0.09490618383108398,0.01999930128304518,0.0029306885787983156,0.19184257757201653,0.022137179862482127,20.0,0.18928875576904636,0.025227713914646586
4,59,914,1.0,8,0.5,learned,64,0.0685398225967257,paper_anchor,161.37154071423177,0.01849679476932712,tail_anchored,32768,confirmation,0.0025853927030967255,20260921,0,3.821635488420725,3.821635488420725,21019150,anchor_n32768_k2048_m4,0.02066301591393066,32768,0.01964207994991163,0.0754001635781694,completed,2048,0,0.07707291688631059,0.02126965524025881,0.0031894299139736404,0.11307109668316587,0.021744668710050766,20.0,0.11398220264121896,0.019112782299220255
4,60,915,1.0,8,0.5,learned,64,0.08787187467657276,paper_anchor,83.56404126267391,0.019320256286789877,full,32768,confirmation,0.002855781537754079,20260921,0,6.137709923088551,6.137709923088551,21019160,full,0.022836673464490524,32768,0.020794833589436845,0.10353232273161993,completed,2048,0,0.0874187389108674,0.018795400000267002,0.004475922537616112,0.21975249230211885,0.02084048987365308,20.0,0.21898759241257987,0.020951515778208488
4,61,915,1.0,8,0.5,learned,64,0.04866545140459526,paper_anchor,98.9445261990253,0.009945901490664925,factorized_full,32768,confirmation,0.0018329100876554177,20260921,0,6.122835751622915,6.122835751622915,21019160,factorized_full,0.014653701863699346,32768,0.010733019777291651,0.012523146889687701,completed,2048,0,0.05396690492307761,0.011596402446866338,0.0034530510875174503,0.11759068192153874,0.013450239404856856,20.0,0.11643440856615442,0.011717367741901782
8,62,915,1.0,8,0.5,learned,64,0.06327990635077609,paper_anchor,88.94905953153904,0.013372600369010633,tail_anchored,8192,confirmation,0.004910549984815604,20260921,0,1.299175899475813,1.299175899475813,21019160,anchor_n8192_k1024_m8,0.03927482104098078,32768,0.014222365656863547,0.09771451264078854,completed,1024,0,0.07156728298479578,0.015550919409902577,0.006530690984677637,0.14798808216170978,0.01769782143041497,20.0,0.14623589814466356,0.016016405153391845
4,63,915,1.0,8,0.5,learned,64,0.0721436492304667,paper_anchor,87.13145016824862,0.014886164634124233,tail_anchored,32768,confirmation,0.002787130444653174,20260921,0,3.8420078940689564,3.8420078940689564,21019160,anchor_n32768_k2048_m4,0.022287464719682827,32768,0.017596909470596084,0.030408066055702395,completed,2048,0,0.0821390580251311,0.017841984419740723,0.004407271444515207,0.18780386385129852,0.019788741784813282,20.0,0.18611050196048998,0.01745590237222882
4,64,916,1.0,8,0.5,learned,64,0.06944357840967831,paper_anchor,176.51762729061664,0.014049160257505175,full,32768,confirmation,0.015513411414804834,20260921,0,6.146279811859131,6.146279811859131,21019170,full,0.0998009384976315,32768,0.01736450728673474,0.0418845541585393,completed,2048,0,0.07976798366763177,0.017191585961142224,0.01573997455051103,0.19395486050948313,0.019372571954019417,20.0,0.19024659838573277,0.016613517275370783
4,65,916,1.0,8,0.5,learned,64,0.060859622178469554,paper_anchor,192.51347422262577,0.01338905132749868,factorized_full,32768,confirmation,0.012562157125514437,20260921,0,6.129051428288221,6.129051428288221,21019170,factorized_full,0.07616606834960668,32768,0.01686559281339549,0.020345729665266547,completed,2048,0,0.07295115991771273,0.017209115013987523,0.012788720261220632,0.13288045151949282,0.01837296793139503,20.0,0.12841893930041964,0.015372074326874152
8,66,916,1.0,8,0.5,learned,64,0.07663097122659765,paper_anchor,179.67013414224223,0.01621399492856624,tail_anchored,8192,confirmation,0.011043115040384558,20260921,0,1.2224943898618221,1.2224943898618221,21019170,anchor_n8192_k1024_m8,0.08234971524679506,32768,0.02691016215834656,0.07681109069466771,completed,1024,0,0.093067028476228,0.02081755044607694,0.015064347380428578,0.15409649229203243,0.023258122739705196,20.0,0.14977363546875805,0.018892047950116293
4,67,916,1.0,8,0.5,learned,64,0.10016131033467313,paper_anchor,177.9054687207926,0.02438912861695946,tail_anchored,32768,confirmation,0.030428887422121468,20260921,0,3.905866999179125,3.905866999179125,21019170,anchor_n32768_k2048_m4,0.22071511648100395,32768,0.028385673025916748,0.08779395643571743,completed,2048,0,0.11115421400077724,0.027499100602748287,0.030390447075757793,0.15748869683999842,0.029009874310477204,20.0,0.15297751977134533,0.026155186153497895
4,68,917,1.0,8,0.5,learned,64,0.06166851350375077,paper_anchor,67.94851101305245,0.013181204601216669,full,32768,confirmation,0.0044258059208881345,20260921,0,6.076763119548559,6.076763119548559,21019180,full,0.02437238029045889,32768,0.017465151403136182,0.06031564355900981,completed,2048,0,0.06854180007015423,0.015639334961043513,0.008289884018374688,0.15503407348878612,0.01780604354580437,20.0,0.1598069492476777,0.016154038023792616
4,69,917,1.0,8,0.5,learned,64,0.05474100545798641,paper_anchor,74.44910256981379,0.012095083614509995,factorized_full,32768,confirmation,0.006840421493484114,20260921,0,6.1498037949204445,6.1498037949204445,21019180,factorized_full,0.041943738178090606,32768,0.016436842319226274,0.016513170796771236,completed,2048,0,0.06214150071471003,0.014347779853566656,0.011578408977633625,0.10429056516922046,0.01593003553254524,20.0,0.10684071764519923,0.014204882048921605
8,70,917,1.0,8,0.5,learned,64,0.05184703965477633,paper_anchor,67.5929131423719,0.0092352857945769,tail_anchored,8192,confirmation,0.006215953463575244,20260921,0,1.228909008204937,1.228909008204937,21019180,anchor_n8192_k1024_m8,0.03618529840718561,32768,0.013684250346011596,0.04845479778009213,completed,1024,0,0.05903661148808013,0.012313894807588337,0.00436413144028433,0.180678324884534,0.014884710054982743,20.0,0.18528599127555223,0.01263592860185712
4,71,917,1.0,8,0.5,learned,64,0.05424245654591838,paper_anchor,68.31391108175953,0.010090434640090185,tail_anchored,32768,confirmation,0.003223574580205002,20260921,0,3.9025462456047535,3.9025462456047535,21019180,anchor_n32768_k2048_m4,0.01596141728822697,32768,0.01474213946794179,0.028407110035257217,completed,2048,0,0.051230714564055965,0.009152926249849862,0.006011260807290822,0.16938175063470318,0.013091259205170402,20.0,0.17398472098803802,0.01448561497917629
4,72,918,1.0,8,0.5,learned,64,0.08910606309158275,paper_anchor,145.93237807680623,0.02106600142169436,full,32768,confirmation,0.00035047725233613064,20260921,0,6.082029830664396,6.082029830664396,21019190,full,0.002790561246463692,32768,0.022938030707906405,0.04694212599949862,completed,2048,0,0.08397746339669385,0.01905977519057528,0.000637083758925965,0.18244979693549018,0.0203818688145726,20.0,0.18167549191604088,0.022108598873015264
4,73,918,1.0,8,0.5,learned,64,0.0682498583305764,paper_anchor,166.31357774753445,0.016359006007117052,factorized_full,32768,confirmation,0.0003793840770236756,20260921,0,6.122368570417166,6.122368570417166,21019190,factorized_full,0.0030720817927135623,32768,0.016792148417286448,0.024231317889150047,completed,2048,0,0.05390946578654335,0.011670423138070207,0.0006659905836135099,0.13798441739084938,0.013829874355028198,20.0,0.13723337176021744,0.017212749325451363
8,74,918,1.0,8,0.5,learned,64,0.10973703305385984,paper_anchor,152.53016680686994,0.024935773986145215,tail_anchored,8192,confirmation,0.001039277591144569,20260921,0,1.224198218435049,1.224198218435049,21019190,anchor_n8192_k1024_m8,0.008300963956930554,32768,0.03267574066288355,0.11275477816437722,completed,1024,0,0.11876396908528279,0.02809471194405405,0.0013258840977344033,0.19911219649854367,0.02988445059992141,20.0,0.19845781749880065,0.027767905320687764
4,75,918,1.0,8,0.5,learned,64,0.05468400240847655,paper_anchor,150.2220353372783,0.011454296893393431,tail_anchored,32768,confirmation,0.000553306771328715,20260921,0,3.8219931572675705,3.8219931572675705,21019190,anchor_n32768_k2048_m4,0.004413197398403739,32768,0.01565243272237258,0.051407432967727186,completed,2048,0,0.06501484447375054,0.015067566933497104,0.0008399132779185494,0.14246076907872357,0.01594104201485926,20.0,0.14146907106801898,0.013597964577707743
4,76,919,1.0,8,0.5,learned,64,0.12024469943747201,paper_anchor,106.34600640441295,0.029194198055449785,full,32768,confirmation,0.0058407593231496946,20260921,0,6.079818874597549,6.079818874597549,21019200,full,0.044665232823086126,32768,0.033446044345978955,0.11579843720279856,completed,2048,0,0.11810003915030769,0.028624252917749067,0.008717846757452831,0.18470112542007633,0.029838515939616766,20.0,0.1842480714785994,0.031230025427955194
4,77,919,1.0,8,0.5,learned,64,0.06082433697047922,paper_anchor,112.37361554787297,0.013563575742379588,factorized_full,32768,confirmation,0.004362637980017306,20260921,0,6.128322098404169,6.128322098404169,21019200,factorized_full,0.03285424677142443,32768,0.015447267105968306,0.023473107227836028,completed,2048,0,0.05900744141098622,0.013449293651581148,0.0072397254143204415,0.118159907986603,0.015052114415524169,20.0,0.11756437627541551,0.015931396031556126
8,78,919,1.0,8,0.5,learned,64,0.10829901511805202,paper_anchor,103.5572853291609,0.024109722754454596,tail_anchored,8192,confirmation,0.006411403670575249,20260921,0,1.2300859689712524,1.2300859689712524,21019200,anchor_n8192_k1024_m8,0.03366254150938197,32768,0.02025167976154301,0.08449249432016263,completed,1024,0,0.1202298240997233,0.02725806592059843,0.0032139063662216995,0.17519256878427064,0.02874691419084103,20.0,0.1746081808838,0.025128477855829636
4,79,919,1.0,8,0.5,learned,64,0.06431319846525711,paper_anchor,105.58348064205163,0.013472208067349473,tail_anchored,32768,confirmation,0.006382577281912646,20260921,0,3.8845653645694256,3.8845653645694256,21019200,anchor_n32768_k2048_m4,0.047227297242096164,32768,0.015641170577172174,0.046112453380448906,completed,2048,0,0.06219761272495855,0.012529361281747432,0.009259664716215782,0.1716309748858316,0.015024222473797153,20.0,0.17155760787270316,0.015675913519622907
4,80,900,1.0,8,0.5,learned,64,0.07381970322643844,paper_anchor,88.75392293438371,0.015605260328279757,full,32768,confirmation,0.0078061564667938664,20260921,0,6.062435578554869,6.062435578554869,21029010,full,0.06038318878667625,32768,0.015423811097366283,0.05241348681129054,completed,2048,1,0.0790602607697958,0.01730811711451115,0.008826308002000327,0.17832427742989682,0.019563096245026793,20.0,0.18303602686520828,0.018485641751281326
4,81,900,1.0,8,0.5,learned,64,0.06849653300190317,paper_anchor,101.71635963433084,0.016503913559251807,factorized_full,32768,confirmation,0.001961998816367397,20260921,0,6.114685140550137,6.114685140550137,21029010,factorized_full,0.013795204675765699,32768,0.026332313024922324,0.029090036439177284,completed,2048,1,0.06967069812954568,0.016994550901722468,0.0007278680167911028,0.11488492557858979,0.018737104962896656,20.0,0.12097956068636247,0.01869721387528475
8,82,900,1.0,8,0.5,learned,64,0.048637515898588744,paper_anchor,90.20586709332231,0.006850466056431558,tail_anchored,8192,confirmation,0.003767645828227792,20260921,0,1.2298162505030632,1.2298162505030632,21029010,anchor_n8192_k1024_m8,0.02667134636275858,32768,0.012582208370080035,0.03350745737077196,completed,1024,1,0.050633790211269805,0.007727478605511078,0.004787797363434251,0.18951149369781184,0.01268289544846236,20.0,0.1941855450216881,0.012253042492886553
4,83,900,1.0,8,0.5,learned,64,0.08432276990322174,paper_anchor,90.88035337738006,0.019988315337227124,tail_anchored,32768,confirmation,0.0067888936906211955,20260921,0,3.821144539862871,3.821144539862871,21029010,anchor_n32768_k2048_m4,0.05175845538982156,32768,0.017202595992813284,0.056189335008451816,completed,2048,1,0.08501703132082725,0.020292093568332493,0.007814420677526863,0.17031822316613368,0.021310007781322124,20.0,0.1748180523004223,0.02102608359210536
4,84,901,1.0,8,0.5,learned,64,0.07252194868194974,paper_anchor,84.12135755900809,0.014850524509669076,full,32768,confirmation,0.020533093264413806,20260921,0,6.076176688075066,6.076176688075066,21029020,full,0.10661894044580922,32768,0.01620565719979912,0.04790228495149436,completed,2048,1,0.06469709276797599,0.012751313493418483,0.019657010454459133,0.17680993578920737,0.015512565645693852,20.0,0.18020797998161273,0.017658855780049276
4,85,901,1.0,8,0.5,learned,64,0.0579959432359929,paper_anchor,93.68048715781036,0.012988637343283795,factorized_full,32768,confirmation,0.014569009744548,20260921,0,6.129970848560333,6.129970848560333,21029020,factorized_full,0.08125937956823909,32768,0.016052428628683557,0.020008137119842024,completed,2048,1,0.0643356420989791,0.014797591943193102,0.013878376425773623,0.13184511918494496,0.016744777316022974,20.0,0.13519222135354603,0.01509397150338207
8,86,901,1.0,8,0.5,learned,64,0.06224882396827648,paper_anchor,88.1234603702994,0.010927799312120318,tail_anchored,8192,confirmation,0.01316949201029545,20260921,0,1.2293821945786476,1.2293821945786476,21029020,anchor_n8192_k1024_m8,0.07931482402513904,32768,0.015137418969972739,0.04182508759205613,completed,1024,1,0.05676009404831327,0.009565137902390131,0.012478858691521072,0.1966248940787185,0.013926454055061939,20.0,0.19974201443390488,0.015118555488599058
4,87,901,1.0,8,0.5,learned,64,0.05467558398970794,paper_anchor,83.40580350035691,0.010833870993176085,tail_anchored,32768,confirmation,0.01157668551637886,20260921,0,3.8228695802390575,3.8228695802390575,21029020,anchor_n32768_k2048_m4,0.06000467593770637,32768,0.013669424060802982,0.03672898444645575,completed,2048,1,0.04528123694035571,0.008008654759636668,0.010886052197604482,0.14931374813285508,0.011031558040802122,20.0,0.152662226290542,0.012949768026022334
4,88,902,1.0,8,0.5,learned,64,0.07524490242975476,paper_anchor,145.18654877865148,0.017758899544801067,full,32768,confirmation,0.0001071096119277965,20260921,0,6.156472869217396,6.156472869217396,21029030,full,0.0008568768464106659,32768,0.021693282728823527,0.05405810857262396,completed,2048,1,0.07193205756338605,0.016652895604259824,0.00010769214668916954,0.14001661165837748,0.018434027188768114,20.0,0.14598180333685162,0.019271067955368162
4,89,902,1.0,8,0.5,learned,64,0.07619693405346978,paper_anchor,163.80062374746927,0.020970612543470053,factorized_full,32768,confirmation,0.00019271760786312986,20260921,0,6.164538685232401,6.164538685232401,21029030,factorized_full,0.0015417408138927867,32768,0.019724350116366852,0.0431147813815752,completed,2048,1,0.06928511765113393,0.01900201984959886,0.0001933001426245029,0.137507537552447,0.01967662183614116,20.0,0.1384074145395614,0.021546651178913575
8,90,902,1.0,8,0.5,learned,64,0.10512535896714387,paper_anchor,147.4733486463639,0.025789255020209033,tail_anchored,8192,confirmation,3.6164240331093556e-05,20260921,0,1.2299972139298916,1.2299972139298916,21029030,anchor_n8192_k1024_m8,0.00028931392263410695,32768,0.03732935989329393,0.20337894864512485,completed,1024,1,0.102207871936543,0.025061801896657854,3.5581705847859135e-05,0.23406911915187706,0.028669897885349578,20.0,0.2334113224158157,0.02982447491030387
4,91,902,1.0,8,0.5,learned,64,0.06874566875188803,paper_anchor,142.34869206952743,0.015066186661611011,tail_anchored,32768,confirmation,3.616424033120458e-05,20260921,0,3.9176945500075817,3.9176945500075817,21029030,anchor_n32768_k2048_m4,0.00028931392263610535,32768,0.017238773570011717,0.05611651897347,completed,2048,1,0.06124391956647557,0.012933233260748835,3.558170584797016e-05,0.1379240115484559,0.014994748475684962,20.0,0.1432411337732878,0.016817397878299813
4,92,903,1.0,8,0.5,learned,64,0.12005459645991381,paper_anchor,168.12188472800207,0.028091278450378634,full,32768,confirmation,0.024914360738840458,20260921,0,6.077726546674967,6.077726546674967,21029040,full,0.12785995105697637,32768,0.037782449169353374,0.10301726859365087,completed,2048,1,0.11998675557115154,0.02836516539107615,0.026702051778730376,0.2013264461449436,0.028873368412016057,20.0,0.2059317835586218,0.029291769085559416
4,93,903,1.0,8,0.5,learned,64,0.05855339640447722,paper_anchor,177.49595904755625,0.012830365278444856,factorized_full,32768,confirmation,0.011029380616693202,20260921,0,6.178140353411436,6.178140353411436,21029040,factorized_full,0.06049971068622065,32768,0.015992231746494175,0.021067400113147783,completed,2048,1,0.05497747175778938,0.012045644058387733,0.011977245612743118,0.12553889155328884,0.014123208515249635,20.0,0.13051157179999834,0.014762420622083765
8,94,903,1.0,8,0.5,learned,64,0.08812030614476482,paper_anchor,164.39526401806188,0.01841784403540533,tail_anchored,8192,confirmation,0.01212584371463708,20260921,0,1.2248978167772293,1.2248978167772293,21029040,anchor_n8192_k1024_m8,0.07403663950190545,32768,0.02039140440794149,0.05620746381556461,completed,1024,1,0.08542148046448522,0.01749408322928528,0.013073708710686995,0.20893202054203597,0.021462393011858823,20.0,0.21340150676828984,0.02197917522080671
4,95,903,1.0,8,0.5,learned,64,0.12985859939572758,paper_anchor,172.4767322629214,0.027908258931352056,tail_anchored,32768,confirmation,0.014641973226069915,20260921,0,3.9232572466135025,3.9232572466135025,21029040,anchor_n32768_k2048_m4,0.09061763816588798,32768,0.030023009998544806,0.13582735244861494,completed,2048,1,0.13456778534171138,0.02932801279190541,0.015589838222119831,0.2321928179694691,0.03302589478669983,20.0,0.23767799048469856,0.031710478643847934
4,96,904,1.0,8,0.5,learned,64,0.07198800194875947,paper_anchor,112.02469528116377,0.015702559236741145,full,32768,confirmation,0.025298959318010975,20260921,0,6.0752733163535595,6.0752733163535595,21029050,full,0.1171315157638184,32768,0.016369794068164346,0.08381354900412208,completed,2048,1,0.07017633040105904,0.015460051710899557,0.024234681235185587,0.15339090515825549,0.01687806044412729,20.0,0.1559054027353823,0.017630020674433554
4,97,904,1.0,8,0.5,learned,64,0.06883282029294263,paper_anchor,127.37090405837509,0.0169214410054567,factorized_full,32768,confirmation,0.027380025701322627,20260921,0,6.18557196483016,6.18557196483016,21029050,factorized_full,0.18119012645114446,32768,0.017739967573207595,0.03589862202721037,completed,2048,1,0.06594684922939426,0.0162725275388157,0.025843082926563413,0.08110199795326149,0.016783096099022666,20.0,0.08395863668129876,0.01798466625646711
8,98,904,1.0,8,0.5,learned,64,0.09801943471433616,paper_anchor,119.50332438290364,0.021327020455143213,tail_anchored,8192,confirmation,0.02008386375977752,20260921,0,1.2654463648796082,1.2654463648796082,21029050,anchor_n8192_k1024_m8,0.12787483743062178,32768,0.029347974019862,0.07736111038997923,completed,1024,1,0.09478496205197001,0.020562310479075155,0.02030824445138906,0.19736189097130807,0.024128860325989432,20.0,0.20085040930435094,0.025335527932068343
4,99,904,1.0,8,0.5,learned,64,0.0763083427641517,paper_anchor,114.84640017693543,0.02022061059276875,tail_anchored,32768,confirmation,0.010004149303278233,20260921,0,3.818367328494787,3.818367328494787,21029050,anchor_n32768_k2048_m4,0.07615444253824866,32768,0.024903214547783985,0.22310426620599103,completed,2048,1,0.07414090086424358,0.018932859722972973,0.0072699389363968595,0.15859412364359032,0.020822893027232232,20.0,0.15796688236607367,0.022131089407932035
4,100,905,1.0,8,0.5,learned,64,0.04234274481640085,paper_anchor,57.32799128949372,0.006439544945874669,full,32768,confirmation,0.004278529188595375,20260921,0,6.081921715289354,6.081921715289354,21029060,full,0.03288461448918198,32768,0.010995392716469493,0.018810774583950855,completed,2048,1,0.04535561257038286,0.007331809295626669,0.004704026130255733,0.18057468017593342,0.011089044559357535,20.0,0.18491811356048424,0.010259357048306245
4,101,905,1.0,8,0.5,learned,64,0.03890883055085939,paper_anchor,72.50729245569492,0.007940255465041686,factorized_full,32768,confirmation,0.0032726246145785565,20260921,0,6.181960675865412,6.181960675865412,21029060,factorized_full,0.025357586369303745,32768,0.01071647748059314,0.0076303024905100365,completed,2048,1,0.043154651624765575,0.00936105788210472,0.0036981215562389147,0.10726254830306547,0.0106361652614763,20.0,0.11175685521130373,0.009651170454009088
8,102,905,1.0,8,0.5,learned,64,0.06194679162352628,paper_anchor,62.58976759285169,0.012729013054869513,tail_anchored,8192,confirmation,0.004909595887900967,20260921,0,1.2228715494275093,1.2228715494275093,21029060,anchor_n8192_k1024_m8,0.0380349185638812,32768,0.013485588300356344,0.05341169663844191,completed,1024,1,0.06408714053073011,0.013676492980313275,0.0053350928295613255,0.1555322666635463,0.015869376964053623,20.0,0.1598508503749313,0.015328973057683982
4,103,905,1.0,8,0.5,learned,64,0.057855956815920026,paper_anchor,64.66515326115967,0.011616256167413769,tail_anchored,32768,confirmation,0.008650439119358288,20260921,0,3.8295923247933388,3.8295923247933388,21029060,anchor_n32768_k2048_m4,0.0660795573724198,32768,0.014013522501283956,0.029922281364397223,completed,2048,1,0.0578608928832491,0.011439592714510017,0.009075936061018646,0.1568080089476988,0.01376912687616559,20.0,0.16103492865044924,0.013614823839094672
4,104,906,1.0,8,0.5,learned,64,0.10958358169018995,paper_anchor,85.32041684513655,0.026226557281566917,full,32768,confirmation,0.010620382440946001,20260921,0,6.068032771348953,6.068032771348953,21029070,full,0.07426476047419904,32768,0.02764378961211318,0.18491323966434065,completed,2048,1,0.11063681675352904,0.02651800547620198,0.011778832075671987,0.18772790880754556,0.028789137800966653,20.0,0.19304035809085862,0.0286964913369918
4,105,906,1.0,8,0.5,learned,64,0.05052031059836569,paper_anchor,94.8273837521719,0.01166811120491573,factorized_full,32768,confirmation,0.007244094735788645,20260921,0,6.205265033990145,6.205265033990145,21029070,factorized_full,0.049039707260370116,32768,0.012747726505498875,0.016866226606961663,completed,2048,1,0.053106105675850744,0.012617887910884862,0.00840254437051463,0.10038377724961638,0.013775613721270976,20.0,0.1031375854841322,0.013285295275530327
8,106,906,1.0,8,0.5,learned,64,0.07371043205007852,paper_anchor,97.12659542757872,0.015437521049248686,tail_anchored,8192,confirmation,0.014060377481648949,20260921,0,1.223676785826683,1.223676785826683,21029070,anchor_n8192_k1024_m8,0.06364629543498082,32768,0.01935573746546823,0.10500698519579249,completed,1024,1,0.07727557335869206,0.016635764454199994,0.012887487221670248,0.18252823936282944,0.020342525192425496,20.0,0.18284853802748974,0.019560864414620203
4,107,906,1.0,8,0.5,learned,64,0.05301936831364629,paper_anchor,96.97454331869119,0.009381638943226751,tail_anchored,32768,confirmation,0.006896413447414419,20260921,0,3.8148001432418823,3.8148001432418823,21029070,anchor_n32768_k2048_m4,0.04720830922078481,32768,0.013330568976002764,0.02439624697004321,completed,2048,1,0.057189973253943927,0.010766048372483614,0.008054863082140405,0.19355845310066205,0.014416484980519657,20.0,0.19571802161282548,0.013537992525014194
4,108,907,1.0,8,0.5,learned,64,0.11509755980989349,paper_anchor,138.58986502024305,0.030200496270118997,full,32768,confirmation,0.0016560582950894969,20260921,0,6.114122021943331,6.114122021943331,21029080,full,0.013248466263463887,32768,0.02722879744802496,0.1639500713825626,completed,2048,1,0.1149778973367416,0.029896877312969576,0.0016211289190633115,0.13818429007249203,0.03153391312745666,20.0,0.13863630482553918,0.031394048268059284
4,109,907,1.0,8,0.5,learned,64,0.05460561571252122,paper_anchor,150.91466773951282,0.012494418479323928,factorized_full,32768,confirmation,0.0007882027854688167,20260921,0,6.131928078830242,6.131928078830242,21029080,factorized_full,0.006305622186502,32768,0.01455460083008803,0.01584149227614913,completed,2048,1,0.06102711774088077,0.014101522739342738,0.0007532734094426313,0.14024326388297603,0.01609119717479534,20.0,0.14608943900122812,0.014357945911139843
8,110,907,1.0,8,0.5,learned,64,0.0981949636189227,paper_anchor,139.6414571712677,0.021853555061413676,tail_anchored,8192,confirmation,0.0014185857277580504,20260921,0,1.2222647778689861,1.2222647778689861,21029080,anchor_n8192_k1024_m8,0.011348685724816138,32768,0.023679209441733715,0.07769669298979903,completed,1024,1,0.10680749644365019,0.024181501291016178,0.001383656351731865,0.1971156088705841,0.026153206844064327,20.0,0.2028760821414941,0.024391728364685457
4,111,907,1.0,8,0.5,learned,64,0.08034994620078706,paper_anchor,137.99148748581572,0.01860779902914585,tail_anchored,32768,confirmation,7.690175666977793e-05,20260921,0,3.8882047906517982,3.8882047906517982,21029080,anchor_n32768_k2048_m4,0.0006152139561113861,32768,0.02399736681684189,0.07648504978908821,completed,2048,1,0.090776922755817,0.021967779714181502,4.197238064359253e-05,0.1619462591918747,0.024305947151499148,20.0,0.167554398098724,0.022095006389724555
4,112,908,1.0,8,0.5,learned,64,0.044419294720062466,paper_anchor,69.9120860725199,0.008148244616890378,full,32768,confirmation,0.003517495787020902,20260921,0,6.095681622624397,6.095681622624397,21029090,full,0.027468245826718037,32768,0.011880586559754797,0.0330240877627871,completed,2048,1,0.05178345905873773,0.010655989294982873,0.0034894515022385604,0.1472402016004129,0.012881870953510741,20.0,0.15460146450759515,0.011276520575302259
4,113,908,1.0,8,0.5,learned,64,0.03557501290651805,paper_anchor,76.88958548435194,0.006805015838717274,factorized_full,32768,confirmation,0.0034385708835676376,20260921,0,6.5774685107171535,6.5774685107171535,21029090,factorized_full,0.02665134646353535,32768,0.008755460119553495,0.006104601177080336,completed,2048,1,0.04328300860082081,0.009312760516809768,0.003410526598785296,0.12206822717359622,0.011297907892044849,20.0,0.12942314484436812,0.00910287419125973
8,114,908,1.0,8,0.5,learned,64,0.061745789479142,paper_anchor,72.20704207986658,0.011537470774361975,tail_anchored,8192,confirmation,0.002698632393313923,20260921,0,1.2247736304998398,1.2247736304998398,21029090,anchor_n8192_k1024_m8,0.017871526001403522,32768,0.015281744707362026,0.057254323844439875,completed,1024,1,0.06806043403424027,0.013621883096410242,0.0026753805430227225,0.18769609780726626,0.01692302190719543,20.0,0.1907447557705101,0.01571344673518134
4,115,908,1.0,8,0.5,learned,64,0.06797589319740892,paper_anchor,77.29594670138971,0.015064726423223422,tail_anchored,32768,confirmation,0.003636488589994628,20260921,0,3.884739652276039,3.884739652276039,21029090,anchor_n32768_k2048_m4,0.02831461293521128,32768,0.019132189826667978,0.1418302727540961,completed,2048,1,0.07226735649273884,0.016424889860955864,0.0036084443052122866,0.16413967317852762,0.017824303442367396,20.0,0.1654415324016782,0.01661579441194736
4,116,909,1.0,8,0.5,learned,64,0.056208796390253356,paper_anchor,145.61132885617425,0.011281645454245919,full,32768,confirmation,0.000249349853882341,20260921,0,6.165312968194485,6.165312968194485,21029100,full,0.0019947988310338016,32768,0.012879350128770367,0.023498985472566406,completed,2048,1,0.050404055977595064,0.009213190382202044,0.00029240585214010927,0.1751536164517974,0.012602920166697562,20.0,0.17726638001855538,0.013285317546844916
4,117,909,1.0,8,0.5,learned,64,0.05208445058106885,paper_anchor,166.35261926553642,0.012694891159999236,factorized_full,32768,confirmation,0.00022417331512948613,20260921,0,6.145344160497189,6.145344160497189,21029100,factorized_full,0.0017933865144605739,32768,0.013344609706101618,0.01892370161818335,completed,2048,1,0.05044563274483116,0.01154700390558621,0.0001811173164531915,0.09010871707797168,0.01242218363155468,20.0,0.09403065316589136,0.012939377762669048
8,118,909,1.0,8,0.5,learned,64,0.06236078448215432,paper_anchor,151.81391937562518,0.011220249719534475,tail_anchored,8192,confirmation,0.0001790111785416202,20260921,0,1.2327608242630959,1.2327608242630959,21029100,anchor_n8192_k1024_m8,0.0014320894283059967,32768,0.013387020137882264,0.06908282176539486,completed,1024,1,0.06573829159618375,0.012164922342256988,0.0002220671767993885,0.199850445820614,0.016172757949010165,20.0,0.20183285284898506,0.015165401042139393
4,119,909,1.0,8,0.5,learned,64,0.05185690734477556,paper_anchor,147.60003449873332,0.010753232989627846,tail_anchored,32768,confirmation,0.00028834737433275056,20260921,0,3.8199193701148033,3.8199193701148033,21029100,anchor_n32768_k2048_m4,0.0023067789946384434,32768,0.012401249273063304,0.04897226995256855,completed,2048,1,0.05035919788570719,0.009754726899346089,0.00033140337259051885,0.14103490881529135,0.012763532832247595,20.0,0.1436663968294416,0.012640196256587312
4,120,910,1.0,8,0.5,learned,64,0.11424648605757962,paper_anchor,140.14669942168453,0.02997177683878914,full,32768,confirmation,8.892246179947882e-07,20260921,0,6.077388484030962,6.077388484030962,21029110,full,7.113796659483078e-06,32768,0.03010805643406014,0.0953478776840297,completed,2048,1,0.11183544093419816,0.029382838741291162,1.0173187067197276e-06,0.1444873649965145,0.029808575719660002,20.0,0.14878865398795993,0.03037847750585121
4,121,910,1.0,8,0.5,learned,64,0.051926738864507965,paper_anchor,161.4390800569697,0.0118788026685554,factorized_full,32768,confirmation,8.892246179947882e-07,20260921,0,6.229823101311922,6.229823101311922,21029110,factorized_full,7.1137966595385895e-06,32768,0.015530725691161318,0.017358765504519043,completed,2048,1,0.04908257897099821,0.01128510630519762,1.0173187067197276e-06,0.10847170125955144,0.012527622279861084,20.0,0.11394729729962601,0.013328233464869952
8,122,910,1.0,8,0.5,learned,64,0.08248155574662679,paper_anchor,139.0453092800055,0.017744439820545813,tail_anchored,8192,confirmation,8.892246181613217e-07,20260921,0,1.2267710901796818,1.2267710901796818,21029110,anchor_n8192_k1024_m8,7.113796660204723e-06,32768,0.022768258769000557,0.04234756027880796,completed,1024,1,0.07795171961721342,0.016594474460418868,1.017318706886261e-06,0.18659363588218617,0.019498912137171767,20.0,0.19046148730681142,0.020712396419437114
4,123,910,1.0,8,0.5,learned,64,0.06457637676194314,paper_anchor,143.67226538009882,0.013328228299981718,tail_anchored,32768,confirmation,8.892246182168329e-07,20260921,0,3.8972435742616653,3.8972435742616653,21029110,anchor_n32768_k2048_m4,7.1137966577067215e-06,32768,0.017244741881537424,0.0264836556630138,completed,2048,1,0.06225674002864178,0.012997569581007562,1.0173187069417722e-06,0.18603862234532298,0.01546124731097994,20.0,0.1901572663560091,0.016530111720276644
4,124,911,1.0,8,0.5,learned,64,0.13579096449433173,paper_anchor,123.7084244813875,0.0340863460730514,full,32768,confirmation,0.00489037812349737,20260921,0,6.080111313611269,6.080111313611269,21029120,full,0.03430805908993419,32768,0.02509194448457861,0.14632855571669767,completed,2048,1,0.13365188621516344,0.033565089199601425,0.0043948742688835795,0.17120407453065795,0.03465168024150912,20.0,0.17765678279109248,0.03465488076492734
4,125,911,1.0,8,0.5,learned,64,0.0728904461989987,paper_anchor,137.24752924120628,0.017646947775440937,factorized_full,32768,confirmation,0.009528704345258876,20260921,0,6.170633655041456,6.170633655041456,21029120,factorized_full,0.054467224467204305,32768,0.015670867651329533,0.03462564840499426,completed,2048,1,0.07412235377969577,0.018021987132842934,0.008127216372076293,0.1251618320184203,0.01868325754003421,20.0,0.12864716210069382,0.01840040206579487
8,126,911,1.0,8,0.5,learned,64,0.056092966695808585,paper_anchor,124.76574635513109,0.010692018139388283,tail_anchored,8192,confirmation,0.0076010659067814925,20260921,0,1.2247309535741806,1.2247309535741806,21029120,anchor_n8192_k1024_m8,0.057076948537250254,32768,0.018222656406040972,0.12110697500944234,completed,1024,1,0.06166947340229862,0.012933083296376907,0.008216904734189295,0.15736364370051834,0.016124420430062927,20.0,0.15930450925875028,0.015132036223373412
4,127,911,1.0,8,0.5,learned,64,0.07110620030147681,paper_anchor,128.1538976930621,0.016212283675018264,tail_anchored,32768,confirmation,0.002716985846011024,20260921,0,3.8174168467521667,3.8174168467521667,21029120,anchor_n32768_k2048_m4,0.02643864615833585,32768,0.021613896328756647,0.08107623522280395,completed,2048,1,0.07418248482146049,0.016797075901522365,0.003332824673418826,0.11640363959128369,0.019056216519166034,20.0,0.12259759678417635,0.01818932999078934
4,128,912,1.0,8,0.5,learned,64,0.06760430181628196,paper_anchor,139.49598033080147,0.014611327466512131,full,32768,confirmation,0.0009057206352601904,20260921,0,6.102720778435469,6.102720778435469,21029130,full,0.007241380451788375,32768,0.017269760463068804,0.03661248265042676,completed,2048,1,0.0642003756934778,0.01377567603846341,0.001225390966355988,0.1746320752957124,0.01569045953593772,20.0,0.1770037721505522,0.01642072362499529
4,129,912,1.0,8,0.5,learned,64,0.07937104623381822,paper_anchor,157.96798921658967,0.019141843342081036,factorized_full,32768,confirmation,0.00012580639728533571,20260921,0,6.123309709131718,6.123309709131718,21029130,factorized_full,0.0010020665479890658,32768,0.026383510637065215,0.04330329881830574,completed,2048,1,0.07752148683085228,0.0182357255448523,0.0020053052043307318,0.10697350944039788,0.01996717095447858,20.0,0.11020674023462765,0.020074309179499775
8,130,912,1.0,8,0.5,learned,64,0.06530828802989644,paper_anchor,145.93077842456103,0.012323336927368585,tail_anchored,8192,confirmation,0.002469235413423712,20260921,0,1.2288579046726227,1.2288579046726227,21029130,anchor_n8192_k1024_m8,0.019749498677095773,32768,0.016849795433212716,0.03449491206597904,completed,1024,1,0.05831254046697339,0.010186047387721548,0.0003413331584820045,0.2008552874419417,0.013209517981876032,20.0,0.20334280179442898,0.015036829727411404
4,131,912,1.0,8,0.5,learned,64,0.16405330304778126,paper_anchor,144.38114864120135,0.038410063982328775,tail_anchored,32768,confirmation,0.010896407032486136,20260921,0,3.819756366312504,3.819756366312504,21029130,anchor_n32768_k2048_m4,0.08716375960081865,32768,0.03324045943635433,0.15849399293545396,completed,2048,1,0.1554952833439702,0.03594404158866206,0.01302454831187011,0.2462466658968199,0.03697571633953106,20.0,0.2484488542194621,0.03902565788362386
4,132,913,1.0,8,0.5,learned,64,0.08583645978085133,paper_anchor,113.39805622673266,0.021173162518071033,full,32768,confirmation,0.007809483608738025,20260921,0,6.078472286462784,6.078472286462784,21029140,full,0.0590365965319483,32768,0.02418829735550245,0.059018206533786005,completed,2048,1,0.09221807717580757,0.02349481007737881,0.010514294975935728,0.12117317714769331,0.023783131394295675,20.0,0.12946551791338423,0.02198228112471747
4,133,913,1.0,8,0.5,learned,64,0.059974417316316746,paper_anchor,127.66758363348244,0.015025033245462003,factorized_full,32768,confirmation,0.00827147701184433,20260921,0,6.131481554359198,6.131481554359198,21029140,factorized_full,0.0658866540328849,32768,0.013948495473390578,0.022666154417091584,completed,2048,1,0.06932497446749827,0.018165014325903544,0.01094184046320247,0.10265233717601165,0.01872463987889717,20.0,0.10711842106896723,0.015936220714769727
8,134,913,1.0,8,0.5,learned,64,0.07025080797707511,paper_anchor,112.25133505606566,0.013314832881433463,tail_anchored,8192,confirmation,0.006919641686884831,20260921,0,1.223693635314703,1.223693635314703,21029140,anchor_n8192_k1024_m8,0.0541609326463101,32768,0.01729131756196477,0.03712741606799391,completed,1024,1,0.07324820240067248,0.014578911454395573,0.009361314695606623,0.21071452449232198,0.018347868760099882,20.0,0.2181149956166914,0.017457141503978216
4,135,913,1.0,8,0.5,learned,64,0.09363134393412519,paper_anchor,115.3760072335971,0.021997636871354937,tail_anchored,32768,confirmation,0.007454630639244674,20260921,0,3.972038369625807,3.972038369625807,21029140,anchor_n32768_k2048_m4,0.055567857067697554,32768,0.023735951535415654,0.05311294251501934,completed,2048,1,0.0994062229211694,0.024040802429417644,0.009896303647966467,0.19340180071490043,0.025870868979771366,20.0,0.20101215698867783,0.02464546705655988
4,136,914,1.0,8,0.5,learned,64,0.0652837734639241,paper_anchor,154.03235175751615,0.014432904696346074,full,32768,confirmation,0.0024457792749892765,20260921,0,6.084580380469561,6.084580380469561,21029150,full,0.019533802896742253,32768,0.016219959206571752,0.04203977288817222,completed,2048,1,0.06754656192469148,0.015197008257983362,0.0019472958332123202,0.1700039398938899,0.01707214252428085,20.0,0.1742369367321236,0.016288275752055267
4,137,914,1.0,8,0.5,learned,64,0.06948009555260659,paper_anchor,172.44816778292977,0.019145765981498364,factorized_full,32768,confirmation,0.0005826822214227145,20260921,0,6.1339293494820595,6.1339293494820595,21029150,factorized_full,0.0043139698785103955,32768,0.01768446410862104,0.04124931989334208,completed,2048,1,0.07535087629862215,0.02101093130031397,0.0010698676152921388,0.13384743952348144,0.021687325862975948,20.0,0.13599543448383727,0.019929595606192556
8,138,914,1.0,8,0.5,learned,64,0.06285942302878973,paper_anchor,158.19653026996323,0.012871064257253623,tail_anchored,8192,confirmation,0.00013076720052306035,20260921,0,1.2285809069871902,1.2285809069871902,21029150,anchor_n8192_k1024_m8,0.000598545407588118,32768,0.01496518009852213,0.05922946807647113,completed,1024,1,0.06643765706586408,0.013901695286276085,0.0004836148224047765,0.1617455757959711,0.01649744273563508,20.0,0.16588195919368925,0.015130202907013631
4,139,914,1.0,8,0.5,learned,64,0.07664355703133237,paper_anchor,159.38590621426943,0.017808852260080676,tail_anchored,32768,confirmation,0.0016750642740618604,20260921,0,3.837476920336485,3.837476920336485,21029150,anchor_n32768_k2048_m4,0.012943310964034492,32768,0.015905512010028933,0.06093414422469448,completed,2048,1,0.08276752728336108,0.019674017578896284,0.0021622496679312847,0.1462153602225371,0.022105436597164234,20.0,0.15057602490204847,0.020126414298517727
4,140,915,1.0,8,0.5,learned,64,0.04557227307524367,paper_anchor,88.9902810769595,0.008945997216374166,full,32768,confirmation,0.004143711203074177,20260921,0,6.076840661466122,6.076840661466122,21029160,full,0.033133297382506526,32768,0.010385500441613894,0.03829926133729531,completed,2048,1,0.046345242114333086,0.009194095870986234,0.00397199962256968,0.1401946737932173,0.011380587712467298,20.0,0.14297533184355044,0.01125734068589021
4,141,915,1.0,8,0.5,learned,64,0.05115856895721693,paper_anchor,98.61431607358455,0.011543620416211951,factorized_full,32768,confirmation,0.001290167941459447,20260921,0,6.129930980503559,6.129930980503559,21029160,factorized_full,0.010304951289585727,32768,0.012237414358613044,0.01743227407194631,completed,2048,1,0.05270043762554811,0.012279457817897715,0.0011184563609549503,0.11901396616780846,0.013641557288112505,20.0,0.12022982767036038,0.013279374524604603
8,142,915,1.0,8,0.5,learned,64,0.11974835961388684,paper_anchor,89.23908371471774,0.026253178688125156,tail_anchored,8192,confirmation,0.0027467601493555843,20260921,0,1.2782140970230103,1.2782140970230103,21029160,anchor_n8192_k1024_m8,0.02182715253337541,32768,0.031017377610396257,0.14415087576547403,completed,1024,1,0.12207554355659789,0.026750463318541702,0.0029124169961116525,0.19100817953994237,0.028923396593900936,20.0,0.1937806491911322,0.027904539050181188
4,143,915,1.0,8,0.5,learned,64,0.1488725728634933,paper_anchor,94.92804943847912,0.034903232253197726,tail_anchored,32768,confirmation,0.008928622575975875,20260921,0,3.9632018133997917,3.9632018133997917,21029160,anchor_n32768_k2048_m4,0.0714125883657153,32768,0.037951364990208486,0.1980083372665919,completed,2048,1,0.15239308549749914,0.0359754452350283,0.008756910995471379,0.19975566521711358,0.03704442024349892,20.0,0.20240061977236662,0.036163424325918285
4,144,916,1.0,8,0.5,learned,64,0.0631181136923744,paper_anchor,167.82370519828183,0.01359810808432154,full,32768,confirmation,0.005637848414638446,20260921,0,6.183812595903873,6.183812595903873,21029170,full,0.029387097660858764,32768,0.02335131245328421,0.05813682510428409,completed,2048,1,0.046902759451831796,0.009459847567883595,0.004170457253222137,0.14130301849003984,0.011637183434886483,20.0,0.13812541822097862,0.0160636370374389
4,145,916,1.0,8,0.5,learned,64,0.13866267972155555,paper_anchor,190.44614405820255,0.040031851222510774,factorized_full,32768,confirmation,0.04292670933491696,20260921,0,6.129942871630192,6.129942871630192,21029170,factorized_full,0.3056971164616541,32768,0.07000461277409065,0.2775105514514605,completed,2048,1,0.12541016729362836,0.03514979951875011,0.04355979835910859,0.23771165798767513,0.036737539006024514,20.0,0.25172498480431443,0.04169929007305125
8,146,916,1.0,8,0.5,learned,64,0.09604478140024844,paper_anchor,176.97950018856375,0.020184525334371418,tail_anchored,8192,confirmation,0.008502132578859076,20260921,0,1.2248279191553593,1.2248279191553593,21029170,anchor_n8192_k1024_m8,0.05314497283244697,32768,0.02533760727066233,0.05261431977836282,completed,1024,1,0.07799318090153515,0.014045015933140611,0.007305764905265696,0.22459291822612107,0.019531751591939997,20.0,0.22241748515974374,0.022912560209936473
4,147,916,1.0,8,0.5,learned,64,0.06438541485188211,paper_anchor,174.02079336149347,0.014242134810412616,tail_anchored,32768,confirmation,0.006643121797826238,20260921,0,3.836656466126442,3.836656466126442,21029170,anchor_n32768_k2048_m4,0.037401408750381164,32768,0.0174862606896466,0.04055098612039943,completed,2048,1,0.047170306003270754,0.008730173716197824,0.007824430225300952,0.16460047897955737,0.011458433018183226,20.0,0.1617004339811287,0.0157640754198978
4,148,917,1.0,8,0.5,learned,64,0.08286727068837824,paper_anchor,76.04297897337234,0.02024934031351888,full,32768,confirmation,0.014303339093018716,20260921,0,6.0870628878474236,6.0870628878474236,21029180,full,0.11240767419366343,32768,0.022182942096473666,0.05718486586858968,completed,2048,1,0.08477594330113684,0.021101758943140557,0.013946386750085998,0.13236407674317618,0.021566351763457718,20.0,0.14237417680558387,0.020869531604198063
4,149,917,1.0,8,0.5,learned,64,0.050062797878944694,paper_anchor,72.34809746143367,0.01116548030747914,factorized_full,32768,confirmation,0.014703365842978197,20260921,0,6.1845303773880005,6.1845303773880005,21029180,factorized_full,0.1090948086724815,32768,0.014217024612914804,0.013385316258748956,completed,2048,1,0.055454255948353307,0.01305020850546696,0.01396259476864925,0.11410693675780191,0.013941840497853993,20.0,0.12414731391532738,0.012540391283769886
8,150,917,1.0,8,0.5,learned,64,0.05142182415414791,paper_anchor,70.19576107158824,0.007573324737868972,tail_anchored,8192,confirmation,0.0034637439946770265,20260921,0,1.2273102477192879,1.2273102477192879,21029180,anchor_n8192_k1024_m8,0.024666121012772324,32768,0.013373694721611283,0.03212720659606062,completed,1024,1,0.056123527027885686,0.009458052935856793,0.0038208408777419406,0.2093330990675515,0.013692354311039915,20.0,0.21838968316892596,0.01299590882274518
4,151,917,1.0,8,0.5,learned,64,0.06078715198223658,paper_anchor,70.01145221141695,0.012990036112010049,tail_anchored,32768,confirmation,0.008682745158694286,20260921,0,3.8361969627439976,3.8361969627439976,21029180,anchor_n32768_k2048_m4,0.0458690154154848,32768,0.015849690610257205,0.050387380327311784,completed,2048,1,0.06631407687935004,0.0147273744200365,0.009658000764503849,0.15933820957762243,0.01678137631533954,20.0,0.16887259057489848,0.015326518296600778
4,152,918,1.0,8,0.5,learned,64,0.06712557689427535,paper_anchor,143.48131579199293,0.013463355523612157,full,32768,confirmation,0.0008581508666964692,20260921,0,6.089510310441256,6.089510310441256,21029190,full,0.006851219038696169,32768,0.017611357384770432,0.02592504515395187,completed,2048,1,0.07090578360917399,0.014703074933306845,0.0008200178756079977,0.18509404239033733,0.017669557607656265,20.0,0.19010542935737745,0.016403774820298096
4,153,918,1.0,8,0.5,learned,64,0.04878402244408109,paper_anchor,158.9763876095038,0.011339376502791737,factorized_full,32768,confirmation,0.0009060939109512278,20260921,0,6.134719088673592,6.134719088673592,21029190,factorized_full,0.00716327661145006,32768,0.013560523750314402,0.016509504311601062,completed,2048,1,0.05362486309036971,0.012529187766749099,0.0008794194594072685,0.10150910904970412,0.014556652219207192,20.0,0.1071396932549905,0.013104482699130069
8,154,918,1.0,8,0.5,learned,64,0.09505360993272947,paper_anchor,144.93507200878565,0.020980243848369724,tail_anchored,8192,confirmation,0.001171388188904823,20260921,0,1.2268137447535992,1.2268137447535992,21029190,anchor_n8192_k1024_m8,0.00935711761636492,32768,0.022285701422388615,0.16675142964606282,completed,1024,1,0.09538951638578975,0.021504976445489196,0.0011332551978163515,0.17885338676150703,0.026524082899273254,20.0,0.1819480615019713,0.026627832413699364
4,155,918,1.0,8,0.5,learned,64,0.06919103831679121,paper_anchor,149.59879319445116,0.015248529437927268,tail_anchored,32768,confirmation,0.001100107761232038,20260921,0,3.9339883513748646,3.9339883513748646,21029190,anchor_n32768_k2048_m4,0.00878687419498442,32768,0.01956686639641106,0.04044806514717373,completed,2048,1,0.07837709908896978,0.017892112222182815,0.0010619747701435666,0.16525491397587544,0.020522430064447456,20.0,0.1706638621073528,0.018041135055675454
4,156,919,1.0,8,0.5,learned,64,0.0733034116291065,paper_anchor,102.15190075521211,0.0157183019698973,full,32768,confirmation,0.004023877425697355,20260921,0,6.077127281576395,6.077127281576395,21029200,full,0.028340974308452734,32768,0.018631546410998255,0.10147562909592418,completed,2048,1,0.06884032205069571,0.014753877437232384,0.0033663421981710495,0.1436407608205028,0.017126416542916575,20.0,0.1476952249319063,0.018594145772177943
4,157,919,1.0,8,0.5,learned,64,0.037942729365853585,paper_anchor,116.34548964429086,0.007375605685126317,factorized_full,32768,confirmation,0.0026398226595391594,20260921,0,6.144572243094444,6.144572243094444,21029200,factorized_full,0.019117789185338685,32768,0.009997816540913581,0.008307065594222205,completed,2048,1,0.043005726888287125,0.00906926945614967,0.0029024146233048165,0.11373590602172226,0.010744794422379973,20.0,0.11776203753635442,0.009586961936161442
8,158,919,1.0,8,0.5,learned,64,0.051095607171499344,paper_anchor,109.00048950585851,0.009000339349475563,tail_anchored,8192,confirmation,0.005124488727535749,20260921,0,1.222753118723631,1.222753118723631,21029200,anchor_n8192_k1024_m8,0.0356767844600038,32768,0.013942356136057545,0.059697438285761045,completed,1024,1,0.05727431810968142,0.011343411197126693,0.005387080691301406,0.1699255638870963,0.014140609465523942,20.0,0.1736360622730289,0.012474853493788112
4,159,919,1.0,8,0.5,learned,64,0.08771979890376069,paper_anchor,109.5003275283751,0.02074785961396928,tail_anchored,32768,confirmation,0.002087539838179215,20260921,0,3.908377591520548,3.908377591520548,21029200,anchor_n32768_k2048_m4,0.014737368788312366,32768,0.025868551099608877,0.05505068461151185,completed,2048,1,0.08771293623224645,0.0208469915842907,0.001826503092911736,0.16939389732953802,0.022234395292140368,20.0,0.17324153065321635,0.02240571158884152
4,160,900,1.0,8,0.5,learned,64,0.05123294511345835,paper_anchor,94.23842989914581,0.009162075067355642,full,32768,confirmation,0.0029477975558430476,20260921,0,6.090878859162331,6.090878859162331,21039010,full,0.02181969246885339,32768,0.011463984882628866,0.0239168329788022,completed,2048,2,0.059073596162192585,0.011455492032654776,0.0067060119363139764,0.20082473304814122,0.014128589593762047,20.0,0.18876055137113856,0.01252257242756417
4,161,900,1.0,8,0.5,learned,64,0.06298529108212882,paper_anchor,106.87994234453183,0.01397727698014312,factorized_full,32768,confirmation,0.0018132835545278947,20260921,0,6.127480480819941,6.127480480819941,21039010,factorized_full,0.012747159999363588,32768,0.017314868043657616,0.023257319108672323,completed,2048,2,0.07062647092485277,0.016527344507037935,0.005571497934998795,0.14805166917161902,0.01792205526024765,20.0,0.1350983024270021,0.016398955384414233
8,162,900,1.0,8,0.5,learned,64,0.04598204456080911,paper_anchor,90.31531809543793,0.006463692661084987,tail_anchored,8192,confirmation,0.004017635867665958,20260921,0,1.2217881381511688,1.2217881381511688,21039010,anchor_n8192_k1024_m8,0.032564157439185726,32768,0.01148210983970512,0.040275182668851404,completed,1024,2,0.046589844511937505,0.006473318075808608,0.0006333814134051312,0.19598961326993003,0.010969690344828236,20.0,0.1840421873107686,0.01078723266510569
4,163,900,1.0,8,0.5,learned,64,0.05040486639521584,paper_anchor,91.0617858882935,0.009855371114975343,tail_anchored,32768,confirmation,0.0014157858576548724,20260921,0,3.898769199848175,3.898769199848175,21039010,anchor_n32768_k2048_m4,0.011114204787109684,32768,0.01252308704485626,0.03137471380547336,completed,2048,2,0.05277298940660119,0.010289078428532036,0.005174000238125801,0.16916393695244616,0.01275378383090559,20.0,0.15675728608903128,0.011986226896711005
4,164,901,1.0,8,0.5,learned,64,0.16838548089775507,paper_anchor,84.08342489687266,0.0407638397619944,full,32768,confirmation,0.04857309804356895,20260921,0,6.073838155716658,6.073838155716658,21039020,full,0.19344009589659178,32768,0.03419845231852507,0.2702000662265902,completed,2048,2,0.14817666656571293,0.0352437459125135,0.04645619757655502,0.14083256140311678,0.0360555982095402,20.0,0.12718727574760585,0.04084322138768266
4,165,901,1.0,8,0.5,learned,64,0.03439449449300415,paper_anchor,91.85043648258568,0.0071617263679694225,factorized_full,32768,confirmation,0.0023735054734366906,20260921,0,6.125899717211723,6.125899717211723,21039020,factorized_full,0.012743889647739523,32768,0.006805848702861343,0.00840422630563783,completed,2048,2,0.03468794539626442,0.0061599937155563216,0.00940061427318302,0.11606997264213809,0.00851685946023768,20.0,0.09992122339891223,0.008656590609646044
8,166,901,1.0,8,0.5,learned,64,0.10969873076296494,paper_anchor,86.64505926494391,0.025216491924000717,tail_anchored,8192,confirmation,0.035968172245422286,20260921,0,1.2775527462363243,1.2775527462363243,21039020,anchor_n8192_k1024_m8,0.22050891217531288,32768,0.022509488915312167,0.17035392201340574,completed,1024,2,0.11327134934882405,0.025616823626841798,0.038117099622151984,0.1558920834349135,0.029118097151249727,20.0,0.14729531260711792,0.027225392894164698
4,167,901,1.0,8,0.5,learned,64,0.0858633549984202,paper_anchor,85.5281737512841,0.019064400663480828,tail_anchored,32768,confirmation,0.007233465481607475,20260921,0,3.928637519478798,3.928637519478798,21039020,anchor_n32768_k2048_m4,0.04766065643026398,32768,0.019319101938217113,0.09458355299446879,completed,2048,2,0.08299192373430489,0.018208517018047377,0.014260574281353803,0.1825504075941387,0.01932291187813647,20.0,0.16753287132312022,0.020386881653884126
4,168,902,1.0,8,0.5,learned,64,0.0613695384803339,paper_anchor,142.88056812549343,0.012813700614335108,full,32768,confirmation,2.6395400883102993e-05,20260921,0,6.152133032679558,6.152133032679558,21039030,full,0.00021116320705892095,32768,0.015572110320345299,0.030555241911498464,completed,2048,2,0.04977118966893433,0.008434740810421684,3.558170584802567e-05,0.1939621604206444,0.011973246399278843,20.0,0.18188001183077301,0.014667118171856886
4,169,902,1.0,8,0.5,learned,64,0.06452503719133094,paper_anchor,154.61318216213482,0.015559361606411498,factorized_full,32768,confirmation,2.6395400882825437e-05,20260921,0,6.127709738910198,6.127709738910198,21039030,factorized_full,0.00021116320705636744,32768,0.016494351423989802,0.024329572926252936,completed,2048,2,0.05236251894103477,0.011771564415225033,3.558170584774811e-05,0.116308047407566,0.013031928899920626,20.0,0.10303615107916132,0.016322139314126377
8,170,902,1.0,8,0.5,learned,64,0.0813887071226368,paper_anchor,148.13660079656722,0.018038426559909386,tail_anchored,8192,confirmation,2.6395400883269526e-05,20260921,0,1.229041863232851,1.229041863232851,21039030,anchor_n8192_k1024_m8,0.00021116320705592335,32768,0.02266764468829061,0.07145375230107794,completed,1024,2,0.08497761275401972,0.018847707840917653,3.55817058481922e-05,0.20599998910530382,0.020370851087627123,20.0,0.1943364847094808,0.01975736759030923
4,171,902,1.0,8,0.5,learned,64,0.09001053375065608,paper_anchor,148.41886590710172,0.02115975462714781,tail_anchored,32768,confirmation,2.639540088293646e-05,20260921,0,3.9083111956715584,3.9083111956715584,21039030,anchor_n32768_k2048_m4,0.00021116320705098286,32768,0.020673330541943657,0.0712507848970504,completed,2048,2,0.06996353018439874,0.0152211284496592,3.5581705847859135e-05,0.17513812436055953,0.017717177680096424,20.0,0.16274028769353277,0.022604165067240882
4,172,903,1.0,8,0.5,learned,64,0.07888968404063992,paper_anchor,161.13257607122577,0.018713511546633914,full,32768,confirmation,0.009558782277652892,20260921,0,6.080450996756554,6.080450996756554,21039040,full,0.061811508728173856,32768,0.021206704151207463,0.06606072734021652,completed,2048,2,0.06899865105826247,0.015471417206300485,0.018092036252019984,0.149216203106906,0.017463592484007383,20.0,0.13540134193668038,0.0196634576933232
4,173,903,1.0,8,0.5,learned,64,0.058325942380846194,paper_anchor,177.55855582962477,0.013662469173729248,factorized_full,32768,confirmation,0.008561000472879249,20260921,0,6.143980644643307,6.143980644643307,21039040,factorized_full,0.05127266676535243,32768,0.014616540704644854,0.018555809787932503,completed,2048,2,0.04723889802528562,0.009317682846741358,0.008982708259227493,0.1435121318218762,0.011852410585404781,20.0,0.1295388781207034,0.01449341662323922
8,174,903,1.0,8,0.5,learned,64,0.09594053277278355,paper_anchor,166.41699556829545,0.020663058537295914,tail_anchored,8192,confirmation,0.02802315738357107,20260921,0,1.3005928359925747,1.3005928359925747,21039040,anchor_n8192_k1024_m8,0.16698531275610323,32768,0.022216102103702437,0.06810718901011027,completed,1024,2,0.07493092339475672,0.01381712674450342,0.02951955153735633,0.2160796242101578,0.018317616842511382,20.0,0.20342132921599687,0.022383920036100645
4,175,903,1.0,8,0.5,learned,64,0.05641107707109731,paper_anchor,163.5999153562049,0.01077389348154568,tail_anchored,32768,confirmation,0.008955288072444965,20260921,0,3.8254602439701557,3.8254602439701557,21039040,anchor_n32768_k2048_m4,0.047028122605603837,32768,0.015267876288444622,0.03927465035309861,completed,2048,2,0.04769631954528803,0.00804573405400012,0.010451682226230226,0.1844610895360597,0.011763893025668189,20.0,0.17110300022183128,0.014596985607491054
4,176,904,1.0,8,0.5,learned,64,0.059422867067797445,paper_anchor,116.64010920736139,0.01265189820200441,full,32768,confirmation,0.01829028909660524,20260921,0,6.08172382414341,6.08172382414341,21039050,full,0.07206266649703275,32768,0.013184788184913821,0.03957042806659401,completed,2048,2,0.04324537050247064,0.0072921227633712385,0.009214681606723632,0.17695752891110167,0.010572489523227568,20.0,0.16432343924908316,0.014287496411987899
4,177,904,1.0,8,0.5,learned,64,0.05929788325104578,paper_anchor,123.61013852886968,0.01456570414065331,factorized_full,32768,confirmation,0.010395205334178453,20260921,0,6.123776167631149,6.123776167631149,21039050,factorized_full,0.04225580603148979,32768,0.017251360646080724,0.02155442795833357,completed,2048,2,0.05170529305795483,0.011398493376812199,0.01722341165861073,0.11435105245101157,0.012796263883891646,20.0,0.10057441030460362,0.015126533941766846
8,178,904,1.0,8,0.5,learned,64,0.0760167274749568,paper_anchor,122.89979066326136,0.01572565497019969,tail_anchored,8192,confirmation,0.022299897936392088,20260921,0,1.2295270450413227,1.2295270450413227,21039050,anchor_n8192_k1024_m8,0.11358200538829066,32768,0.01829851928510274,0.05241540505173184,completed,1024,2,0.0701453891951194,0.012731717235738422,0.02126013474051229,0.20541380696540684,0.018318061026602914,20.0,0.1929967331314248,0.018630174842027634
4,179,904,1.0,8,0.5,learned,64,0.07615394407608433,paper_anchor,116.23629065553187,0.015636476995518237,tail_anchored,32768,confirmation,0.02456762713321968,20260921,0,3.9055905044078827,3.9055905044078827,21039050,anchor_n32768_k2048_m4,0.13083897854054943,32768,0.016264987968287455,0.06431689777071894,completed,2048,2,0.052978549581296185,0.0070882200414001525,0.021507198631745328,0.23792411029655436,0.013703148639820506,20.0,0.22569093322435424,0.018555364722347062
4,180,905,1.0,8,0.5,learned,64,0.06422394927748809,paper_anchor,62.47880312877448,0.013061104883042407,full,32768,confirmation,0.007171728449869907,20260921,0,6.07706717774272,6.07706717774272,21039060,full,0.054619318277073614,32768,0.01703714919791958,0.04849860701253853,completed,2048,2,0.06477043182742473,0.012656564393390373,0.008534953566441683,0.19663380052909385,0.015632812287448783,20.0,0.18018829695137556,0.015912344789417672
4,181,905,1.0,8,0.5,learned,64,0.0738454643238235,paper_anchor,71.62836112061697,0.019014414229326593,factorized_full,32768,confirmation,0.007319982991796259,20260921,0,6.190810613334179,6.190810613334179,21039060,factorized_full,0.04920688903595147,32768,0.019420142806977025,0.0501760655402941,completed,2048,2,0.0810574353267248,0.020796268202084547,0.004921718351716092,0.15685033732045653,0.02171298926478093,20.0,0.1533124454966474,0.020789675316785366
8,182,905,1.0,8,0.5,learned,64,0.06019849587215143,paper_anchor,66.13226033475254,0.011115335298887124,tail_anchored,8192,confirmation,0.005217141583185075,20260921,0,1.2237632013857365,1.2237632013857365,21039060,anchor_n8192_k1024_m8,0.04314451750649545,32768,0.013238960215476117,0.04452921103659044,completed,1024,2,0.054094445728937075,0.008534453165731133,0.00658036669975685,0.21324978006009634,0.013324022419810982,20.0,0.19721461810344043,0.01403599237509939
4,183,905,1.0,8,0.5,learned,64,0.09414378938044692,paper_anchor,64.05577950506148,0.02207322612055429,tail_anchored,32768,confirmation,0.00980572119471758,20260921,0,3.830818757414818,3.830818757414818,21039060,anchor_n32768_k2048_m4,0.04295819362855495,32768,0.02276259665919617,0.15945048254447636,completed,2048,2,0.08348929881597755,0.01854494204797648,0.012203974850853437,0.18084283552129285,0.020517639003349665,20.0,0.1711945444068949,0.023697291474148507
4,184,906,1.0,8,0.5,learned,64,0.04509341695392762,paper_anchor,87.16743030989747,0.007975419271483552,full,32768,confirmation,0.003297554437263265,20260921,0,6.070689108222723,6.070689108222723,21039070,full,0.02049427922982298,32768,0.011455957948391353,0.02087434702535544,completed,2048,2,0.05043120734334239,0.008870532931846777,0.006848289359635672,0.19655908000020778,0.012299312044554256,20.0,0.18114327003395622,0.011966630973252929
4,185,906,1.0,8,0.5,learned,64,0.04318048310953107,paper_anchor,103.99638645192312,0.009196891512634555,factorized_full,32768,confirmation,0.008352083343729153,20260921,0,6.12635750323534,6.12635750323534,21039070,factorized_full,0.05566398116718446,32768,0.01003669581858702,0.008271305362476838,completed,2048,2,0.04599076181284552,0.009103230491206576,0.011915880552155256,0.13313190426321933,0.011650881589155863,20.0,0.11661640585607848,0.01104167666195048
8,186,906,1.0,8,0.5,learned,64,0.07406737536501307,paper_anchor,92.20436447843956,0.014971175874333227,tail_anchored,8192,confirmation,0.025541742420653005,20260921,0,1.221419345587492,1.221419345587492,21039070,anchor_n8192_k1024_m8,0.17164450576253076,32768,0.016906011916776587,0.05623516266997741,completed,1024,2,0.06954816740760295,0.01297537734980996,0.02140639672720096,0.2045916814973091,0.018001594417192103,20.0,0.18905250348744645,0.018859090960781498
4,187,906,1.0,8,0.5,learned,64,0.07922593357588235,paper_anchor,94.81005378300517,0.01875066563604126,tail_anchored,32768,confirmation,0.013485250632381117,20260921,0,3.883922815322876,3.883922815322876,21039070,anchor_n32768_k2048_m4,0.09133538224387361,32768,0.02345654236956219,0.0718329725820221,completed,2048,2,0.08673628740468689,0.02068731524676902,0.01704904784080722,0.17641442190971374,0.021813040767485227,20.0,0.16046918079222183,0.020358818597550506
4,188,907,1.0,8,0.5,learned,64,0.0721357488939299,paper_anchor,133.10475065724665,0.016372336675304473,full,32768,confirmation,0.00022921235446317335,20260921,0,6.099212575703859,6.099212575703859,21039080,full,0.0018336987432514785,32768,0.016744553581305395,0.03866910981407698,completed,2048,2,0.06368654417418304,0.013036544284899025,0.0005055635845986615,0.18891920520402758,0.015764651427809015,20.0,0.17891426475635347,0.01750638920089133
4,189,907,1.0,8,0.5,learned,64,0.04691791416156902,paper_anchor,159.71879872150873,0.010097975002667771,factorized_full,32768,confirmation,0.0008202449332133932,20260921,0,6.154650140553713,6.154650140553713,21039080,factorized_full,0.00656195937325068,32768,0.011924961325983101,0.0116372564254996,completed,2048,2,0.05010964750966723,0.011234013614831916,0.0010965961633488813,0.14001537809793269,0.01274214267883474,20.0,0.1293361672966387,0.011774941928011947
8,190,907,1.0,8,0.5,learned,64,0.062487774106613034,paper_anchor,138.56151161618433,0.013547887167657813,tail_anchored,8192,confirmation,0.0015592417045802989,20260921,0,1.2207713052630424,1.2207713052630424,21039080,anchor_n8192_k1024_m8,0.012473933544185542,32768,0.0173032201985421,0.052631320013030815,completed,1024,2,0.07069412502533184,0.014853845505622701,0.001835592934715787,0.19691480114760912,0.017978766607917432,20.0,0.18695080961114213,0.016329284839715283
4,191,907,1.0,8,0.5,learned,64,0.07876038499576447,paper_anchor,143.67873375702524,0.018762819192236276,tail_anchored,32768,confirmation,0.0012217376325641864,20260921,0,3.959822103381157,3.959822103381157,21039080,anchor_n32768_k2048_m4,0.009773900968056843,32768,0.019602731069091668,0.07088021724446403,completed,2048,2,0.06561883371467245,0.014165707130874068,0.0014980888626996746,0.17084635363631928,0.017074555407314996,20.0,0.16030780985848275,0.02044185347745954
4,192,908,1.0,8,0.5,learned,64,0.0510816843318084,paper_anchor,72.47794272116258,0.01005312439316949,full,32768,confirmation,0.0017096198869804538,20260921,0,6.074761342257261,6.074761342257261,21039090,full,0.012998210607031789,32768,0.012987891014252302,0.02755022129961606,completed,2048,2,0.06370445731468688,0.013578711977394423,0.0008540186552467684,0.18200445955268402,0.01590808423683548,20.0,0.1715649482999826,0.013037671911790644
4,193,908,1.0,8,0.5,learned,64,0.028648014730540152,paper_anchor,77.9687980665326,0.005459252733374196,factorized_full,32768,confirmation,0.002581564919717186,20260921,0,6.201544605195522,6.201544605195522,21039090,factorized_full,0.019330909239590664,32768,0.006716725302483187,0.00533632358877404,completed,2048,2,0.03890211460284058,0.008419690513566114,0.0015576415362884843,0.11476036378518349,0.00978315763737381,20.0,0.10371259579792255,0.007772619505495524
8,194,908,1.0,8,0.5,learned,64,0.08117335136188357,paper_anchor,72.05188625122706,0.01712488625643293,tail_anchored,8192,confirmation,0.004456719637064167,20260921,0,1.2240820564329624,1.2240820564329624,21039090,anchor_n8192_k1024_m8,0.03222957538817466,32768,0.020023727636893682,0.06954677501767986,completed,1024,2,0.08619756441800916,0.01801273167736409,0.0036865074183583288,0.19398481079676935,0.02154192164510086,20.0,0.1834723629430124,0.019431948714155305
4,195,908,1.0,8,0.5,learned,64,0.04451227901093395,paper_anchor,74.37549762358857,0.00749698315925117,tail_anchored,32768,confirmation,0.003120915670064647,20260921,0,3.8890405260026455,3.8890405260026455,21039090,anchor_n32768_k2048_m4,0.024151586247118363,32768,0.0122045580508922,0.026331397605124485,completed,2048,2,0.05675198689104835,0.011301337299021483,0.0021640722644753916,0.18443255088994626,0.013862201233847665,20.0,0.17411148445971383,0.01136112860022382
4,196,909,1.0,8,0.5,learned,64,0.16414697049548566,paper_anchor,155.78769432979945,0.03991493555502035,full,32768,confirmation,0.0005866885550877498,20260921,0,6.156276483088732,6.156276483088732,21039100,full,0.00469350843431234,32768,0.04832758370177735,0.31286874533617787,completed,2048,2,0.14467335489758154,0.03480081894437893,0.00046172844296192,0.1683644817590898,0.03657000748346097,20.0,0.1623014132600505,0.041597093573944116
4,197,909,1.0,8,0.5,learned,64,0.05526752436398111,paper_anchor,168.61538747733778,0.0120478207462386,factorized_full,32768,confirmation,0.0001669450339609191,20260921,0,6.128219399601221,6.128219399601221,21039100,factorized_full,0.001335560271668605,32768,0.012295410583307827,0.015416109572254415,completed,2048,2,0.0387683096617186,0.006644375854172664,0.00029190514571551807,0.14230903468890443,0.009496028274709769,20.0,0.12624665352918163,0.013140078086442106
8,198,909,1.0,8,0.5,learned,64,0.0689729188203591,paper_anchor,153.47359811681974,0.013120318599359984,tail_anchored,8192,confirmation,0.0001926044726074603,20260921,0,1.224104393273592,1.224104393273592,21039100,anchor_n8192_k1024_m8,0.0015408357808380157,32768,0.01763328508508488,0.032877482325807464,completed,1024,2,0.08161255044153128,0.016552636031358293,0.0003175645843620593,0.2137137926902054,0.01936880479235462,20.0,0.19929026109334425,0.01626209828211414
4,199,909,1.0,8,0.5,learned,64,0.11561985498116134,paper_anchor,154.61512859078582,0.027754573787480953,tail_anchored,32768,confirmation,2.86267292893492e-05,20260921,0,4.032523885369301,4.032523885369301,21039100,anchor_n32768_k2048_m4,0.00022901383429667983,32768,0.023577947794578065,0.09598884854207858,completed,2048,2,0.12118796176834098,0.0289825078569491,0.00015358684104394818,0.1984483358624356,0.030176894903821076,20.0,0.1850459397524592,0.028452951846446556
4,200,910,1.0,8,0.5,learned,64,0.10300516959701167,paper_anchor,138.4287170524401,0.02523412870523213,full,32768,confirmation,7.30560651515666e-07,20260921,0,6.080021899193525,6.080021899193525,21039110,full,5.84448503118561e-06,32768,0.028328635319430494,0.08511644720936876,completed,2048,2,0.09474389474582137,0.022250938368747558,1.0173187067752387e-06,0.1901135165086419,0.024142062527856493,20.0,0.17983501229738166,0.026134699461585996
4,201,910,1.0,8,0.5,learned,64,0.07716318415896073,paper_anchor,166.3683175223107,0.01987018098517379,factorized_full,32768,confirmation,7.305606514601548e-07,20260921,0,6.1931257620453835,6.1931257620453835,21039110,factorized_full,5.844485029853342e-06,32768,0.027496341564126267,0.04982240916029236,completed,2048,2,0.06879313635606071,0.016965185089347065,1.0173187067197276e-06,0.15121864438666227,0.018893206401648453,20.0,0.14904568121992384,0.021752919183582943
8,202,910,1.0,8,0.5,learned,64,0.07692877002455153,paper_anchor,146.4553731023737,0.016475974204109012,tail_anchored,8192,confirmation,7.305606515434215e-07,20260921,0,1.2254247181117535,1.2254247181117535,21039110,anchor_n8192_k1024_m8,5.844485031074587e-06,32768,0.020874858170204062,0.04425360099659964,completed,1024,2,0.06601995987633669,0.012789277890879289,1.0173187068029943e-06,0.21154464986996535,0.016571993562027793,20.0,0.20150821450384088,0.019635949709681005
4,203,910,1.0,8,0.5,learned,64,0.08965588610425776,paper_anchor,143.96653118114722,0.022449746193110534,tail_anchored,32768,confirmation,7.305606516266883e-07,20260921,0,3.821267928928137,3.821267928928137,21039110,anchor_n32768_k2048_m4,5.844485031962766e-06,32768,0.02490840231441338,0.06012009281802565,completed,2048,2,0.08142032083849432,0.019707173267578953,1.017318706886261e-06,0.15902537294657787,0.0218310863922235,20.0,0.14833602120828376,0.02373767578295295
4,204,911,1.0,8,0.5,learned,64,0.06816944860660978,paper_anchor,116.78754625470737,0.015689689153270236,full,32768,confirmation,0.006868455368360072,20260921,0,6.097109045833349,6.097109045833349,21039120,full,0.05183834956099638,32768,0.015859237358738294,0.05887109534044205,completed,2048,2,0.06641391561838669,0.014984811155186416,0.00845676629970704,0.1575045732302478,0.016595853131372334,20.0,0.147523530862832,0.01727113093632429
4,205,911,1.0,8,0.5,learned,64,0.047836998045690464,paper_anchor,135.05523553547852,0.010453199686859073,factorized_full,32768,confirmation,0.005213829454782215,20260921,0,6.201551795005798,6.201551795005798,21039120,factorized_full,0.03976160135581288,32768,0.011679687454862753,0.011447759104564045,completed,2048,2,0.048772556594074326,0.009823788663464495,0.006802140386129182,0.15127771840326007,0.011935636767220847,20.0,0.14083102710588524,0.011804493581993217
8,206,911,1.0,8,0.5,learned,64,0.07230001577778032,paper_anchor,134.2803902529931,0.01581022216086849,tail_anchored,8192,confirmation,0.008182644261069974,20260921,0,1.2234386466443539,1.2234386466443539,21039120,anchor_n8192_k1024_m8,0.06169286141226587,32768,0.018068781237592407,0.07280882080901295,completed,1024,2,0.07771243206565495,0.016841425863625557,0.009770955192416941,0.1795487168929799,0.019571492009226164,20.0,0.1695354365183135,0.01817658048771116
4,207,911,1.0,8,0.5,learned,64,0.06555089199064879,paper_anchor,129.00716349777957,0.0150029189800795,tail_anchored,32768,confirmation,0.0020012037199465885,20260921,0,3.8361456245183945,3.8361456245183945,21039120,anchor_n32768_k2048_m4,0.013419749165991826,32768,0.01525987156523542,0.05079632000953785,completed,2048,2,0.06891860972386904,0.015649481577547104,0.0028832797040629285,0.16002144488946707,0.0184176431371599,20.0,0.14945205897668895,0.01711387173798503
4,208,912,1.0,8,0.5,learned,64,0.10473882941306704,paper_anchor,141.3285724802647,0.02606659907754369,full,32768,confirmation,0.005451021556194577,20260921,0,6.0859427489340305,6.0859427489340305,21039130,full,0.0436049614344191,32768,0.025470803463219293,0.10175770100283232,completed,2048,2,0.10170051438778621,0.02460860934353892,0.001433594345000122,0.1512865873745664,0.02556137874496321,20.0,0.14118016033646646,0.026361193425124115
4,209,912,1.0,8,0.5,learned,64,0.06722940839094799,paper_anchor,157.13957283254126,0.01635370638836387,factorized_full,32768,confirmation,0.001980999078147458,20260921,0,6.19033582881093,6.19033582881093,21039130,factorized_full,0.015844781610047508,32768,0.02182132907556281,0.035051607847163144,completed,2048,2,0.06908621239008778,0.016734111670675126,0.0020396374797213568,0.1350388562689211,0.017743834711610843,20.0,0.11627890777705663,0.017972092808544577
8,210,912,1.0,8,0.5,learned,64,0.06147032156507709,paper_anchor,146.10805364118232,0.012102349624578856,tail_anchored,8192,confirmation,0.0012313229890662386,20260921,0,1.2270438075065613,1.2270438075065613,21039130,anchor_n8192_k1024_m8,0.009847372897397006,32768,0.013617844359901099,0.05267268567641952,completed,1024,2,0.05654058486987069,0.010321989280818294,0.0027893135688026316,0.1705512650253731,0.013465128776735374,20.0,0.15267521608147658,0.014662461570575862
4,211,912,1.0,8,0.5,learned,64,0.0776259243400533,paper_anchor,142.85724602469676,0.015720970310972717,tail_anchored,32768,confirmation,0.0014251565517526682,20260921,0,3.8947794884443283,3.8947794884443283,21039130,anchor_n32768_k2048_m4,0.011398041398886472,32768,0.023298895032577087,0.05495109545209634,completed,2048,2,0.06745247530638657,0.0132957433259546,0.0025954800061164796,0.20863608740393552,0.01616961412812602,20.0,0.19132788406280818,0.019399201324641558
4,212,913,1.0,8,0.5,learned,64,0.08546505453894705,paper_anchor,109.25473362969413,0.01913774075529917,full,32768,confirmation,0.009807326484356494,20260921,0,6.083453897386789,6.083453897386789,21039140,full,0.07326856362910428,32768,0.02297058013463258,0.05082769845783289,completed,2048,2,0.06993176743379705,0.014440313943740634,0.00517577931394066,0.20084350698941872,0.01801753495856519,20.0,0.18841372578496968,0.021978296728191647
4,213,913,1.0,8,0.5,learned,64,0.05937872796520967,paper_anchor,130.10945416672493,0.01593505745836541,factorized_full,32768,confirmation,0.004861568057665008,20260921,0,6.130690194666386,6.130690194666386,21039140,factorized_full,0.0349939165843338,32768,0.017184445295271154,0.02369601605334428,completed,2048,2,0.055361654318359814,0.013918009890813206,0.00895883973604554,0.10919845334035701,0.015738402836918,20.0,0.09582343246207894,0.016574000446226214
8,214,913,1.0,8,0.5,learned,64,0.056262065131927434,paper_anchor,114.12457196514754,0.00823307601149834,tail_anchored,8192,confirmation,0.0045705451854643996,20260921,0,1.2294779270887375,1.2294779270887375,21039140,anchor_n8192_k1024_m8,0.032356968878128084,32768,0.013009037285804017,0.07596715528678594,completed,1024,2,0.06064009869015377,0.009386101696309608,0.008667816863844931,0.2363744158309674,0.01549883628195939,20.0,0.22551035623065804,0.014133895742980733
4,215,913,1.0,8,0.5,learned,64,0.05790859588136059,paper_anchor,127.57013727935295,0.011774488914645604,tail_anchored,32768,confirmation,0.007014389881332121,20260921,0,3.816980890929699,3.816980890929699,21039140,anchor_n32768_k2048_m4,0.05201372882569649,32768,0.013312559071159233,0.08398724023182312,completed,2048,2,0.06566359822928944,0.013645704513224123,0.011111661559712653,0.1890567125691024,0.017445970138960577,20.0,0.17971993033223366,0.01567463925171344
4,216,914,1.0,8,0.5,learned,64,0.05531165071662035,paper_anchor,150.06098551932058,0.011989881762164804,full,32768,confirmation,0.00037339827457454067,20260921,0,6.136676833033562,6.136676833033562,21039150,full,0.0029494609682889465,32768,0.012261495223054494,0.05375841144732087,completed,2048,2,0.052168980214732666,0.010571612533083391,0.0006918918293167681,0.165283908573363,0.012691690329560183,20.0,0.1522201810386079,0.013276735558100886
4,217,914,1.0,8,0.5,learned,64,0.08202409322659851,paper_anchor,171.7562501483309,0.020504466639647632,factorized_full,32768,confirmation,0.0024614627772842484,20260921,0,6.130906261503696,6.130906261503696,21039150,factorized_full,0.019684494568094194,32768,0.02182192045805624,0.05061193248720471,completed,2048,2,0.06862102427795899,0.016066208626118905,0.0015391409391166816,0.12198343143572754,0.018124021025047635,20.0,0.10866197725716324,0.021407109877024495
8,218,914,1.0,8,0.5,learned,64,0.07989814172118173,paper_anchor,153.68548689496814,0.01667998743176701,tail_anchored,8192,confirmation,0.0027315336765510595,20260921,0,1.3069024607539177,1.3069024607539177,21039150,anchor_n8192_k1024_m8,0.021814544184101708,32768,0.022108888749440538,0.06234578924980334,completed,1024,2,0.08059718284299389,0.016648189744086397,0.0018092118383834926,0.21046430625168894,0.020332198794326344,20.0,0.19838686031515113,0.02051367258987112
4,219,914,1.0,8,0.5,learned,64,0.05532832191013787,paper_anchor,150.71250385796625,0.010511616554822766,tail_anchored,32768,confirmation,0.0017413205157071343,20260921,0,3.817770592868328,3.817770592868328,21039150,anchor_n32768_k2048_m4,0.013892838897351876,32768,0.012024967523473106,0.03045497297804794,completed,2048,2,0.05322575089962982,0.00945350163539542,0.0008189986775395675,0.19136978311680627,0.013161356136391375,20.0,0.1788839268840065,0.013249152760679502
4,220,915,1.0,8,0.5,learned,64,0.05931587188946447,paper_anchor,88.19255879876009,0.012192579424299629,full,32768,confirmation,0.0033488838865227966,20260921,0,6.087345898151398,6.087345898151398,21039160,full,0.026745932273574802,32768,0.013471987062139364,0.03816237898732587,completed,2048,2,0.060048634184918695,0.011365163046029261,0.002115919534157809,0.18024800947351266,0.014975488893835332,20.0,0.16663184666382952,0.01485645404844821
4,221,915,1.0,8,0.5,learned,64,0.05204383867474181,paper_anchor,94.27608879686784,0.012422439953766008,factorized_full,32768,confirmation,0.0012343771962196742,20260921,0,6.124856010079384,6.124856010079384,21039160,factorized_full,0.009854584659138037,32768,0.013467027620214459,0.017748343457529014,completed,2048,2,0.060513025052186954,0.014996475903046536,4.546950544798145e-05,0.11654450729809104,0.016602677857233326,20.0,0.1057703581933537,0.01366431281581567
8,222,915,1.0,8,0.5,learned,64,0.0877780528987839,paper_anchor,92.64248786045732,0.019896755933011732,tail_anchored,8192,confirmation,0.0009413693294917785,20260921,0,1.2251139506697655,1.2251139506697655,21039160,anchor_n8192_k1024_m8,0.0075105217253144275,32768,0.022999272013674518,0.0773938187750212,completed,1024,2,0.08835929282196343,0.01997885783873979,0.0003384773721760992,0.1762125040789445,0.021397138277370997,20.0,0.1627564430971815,0.02206963614531972
4,223,915,1.0,8,0.5,learned,64,0.08134484399676284,paper_anchor,87.22699712909069,0.01823049895932918,tail_anchored,32768,confirmation,0.0034310542470285116,20260921,0,4.014034874737263,4.014034874737263,21039160,anchor_n32768_k2048_m4,0.027428001065606,32768,0.019503232425156853,0.08285079775341762,completed,2048,2,0.07655530069100491,0.016843228639404816,0.0021859830211387876,0.18570006047931714,0.018693196694965893,20.0,0.1780821908094028,0.02036512514967598
4,224,916,1.0,8,0.5,learned,64,0.04458169539103409,paper_anchor,174.71809497625196,0.0068286608426515755,full,32768,confirmation,0.007193311285339529,20260921,0,6.085272043943405,6.085272043943405,21039170,full,0.0457631868616894,32768,0.011492215555774695,0.028516591061091848,completed,2048,2,0.059652260547105235,0.011202745062822417,0.007540356804748715,0.18571917032774865,0.014598719160674217,20.0,0.1635818884530491,0.010813440516846132
4,225,916,1.0,8,0.5,learned,64,0.07377399609810431,paper_anchor,183.25763336843949,0.01657682556449456,factorized_full,32768,confirmation,0.01762719821040558,20260921,0,6.170372534543276,6.170372534543276,21039170,factorized_full,0.11082410179206503,32768,0.016666380703372875,0.032415270774087616,completed,2048,2,0.08700543232208606,0.021924523908019477,0.016458459030751882,0.15942766519237178,0.024045566708540037,20.0,0.1609189155398747,0.0185289546861597
8,226,916,1.0,8,0.5,learned,64,0.06681082220668089,paper_anchor,177.51645049785438,0.012486511068506725,tail_anchored,8192,confirmation,0.008424730740906255,20260921,0,1.235208485275507,1.235208485275507,21039170,anchor_n8192_k1024_m8,0.03810431829485957,32768,0.016504890379341317,0.04659679829124925,completed,1024,2,0.06382525017277389,0.010783549118750447,0.0020041002666927278,0.20838203451089934,0.014975216025578109,20.0,0.18726389632892487,0.015754485987360158
4,227,916,1.0,8,0.5,learned,64,0.09766620469431106,paper_anchor,172.0681911462778,0.022274750902241118,tail_anchored,32768,confirmation,0.01807877846054091,20260921,0,3.81566246971488,3.81566246971488,21039170,anchor_n32768_k2048_m4,0.08357395130311274,32768,0.02194545785944644,0.0911939459584136,completed,2048,2,0.10166953263161782,0.022982047186167972,0.023695415451725623,0.20701126409714146,0.024503026859119273,20.0,0.18589683628716003,0.023363470105082936
4,228,917,1.0,8,0.5,learned,64,0.052065209382401674,paper_anchor,66.66655555814695,0.010000858923891447,full,32768,confirmation,0.008437989094295148,20260921,0,6.076320260763168,6.076320260763168,21039180,full,0.043264614506995765,32768,0.013411885887158763,0.05577596758432882,completed,2048,2,0.06435650543714183,0.013933935549306617,0.01171157077003647,0.16464959447212665,0.016015224847230617,20.0,0.15748250050773932,0.013422648067064556
4,229,917,1.0,8,0.5,learned,64,0.04304990576109221,paper_anchor,77.58829018260096,0.008010527369662117,factorized_full,32768,confirmation,0.003788014292482156,20260921,0,6.138112917542458,6.138112917542458,21039180,factorized_full,0.021945418136277907,32768,0.010655284006063543,0.007705319778877815,completed,2048,2,0.04438670948997386,0.00826059315977194,0.006181094633568168,0.15066776792560588,0.01055507577001753,20.0,0.14389166049221047,0.010184445856623581
8,230,917,1.0,8,0.5,learned,64,0.06639316763688383,paper_anchor,73.55303887527155,0.013154244193789978,tail_anchored,8192,confirmation,0.008990970384195135,20260921,0,1.232337761670351,1.232337761670351,21039180,anchor_n8192_k1024_m8,0.06468182664292428,32768,0.015266785289071716,0.09546835319115077,completed,1024,2,0.062177647841677355,0.011475540114110942,0.006128136400703865,0.18626573354762868,0.013869793139433848,20.0,0.1804667958146396,0.015377713273505482
4,231,917,1.0,8,0.5,learned,64,0.051747814997431196,paper_anchor,72.14257605138404,0.009462693775375172,tail_anchored,32768,confirmation,0.006658797779436024,20260921,0,3.821722872555256,3.821722872555256,21039180,anchor_n32768_k2048_m4,0.038691292263305754,32768,0.012580397459343346,0.0351870203533241,completed,2048,2,0.05216103913079953,0.009585062114375001,0.009051878120522036,0.1707786139453918,0.01238763698449989,20.0,0.1641100180852683,0.012357425197917486
4,232,918,1.0,8,0.5,learned,64,0.1062614083845399,paper_anchor,147.8295917959316,0.026662223282508515,full,32768,confirmation,0.0012429044791972983,20260921,0,6.081024635583162,6.081024635583162,21039190,full,0.009929818301567458,32768,0.02562385494909538,0.11713372160374314,completed,2048,2,0.08698548792369001,0.020966789866916156,0.0010928104322704992,0.15286432291611396,0.022228329860326756,20.0,0.1387711564974204,0.02713329457893028
4,233,918,1.0,8,0.5,learned,64,0.0607609787466694,paper_anchor,161.4820998767167,0.01402489641542956,factorized_full,32768,confirmation,0.0002591388297590591,20260921,0,6.174407623708248,6.174407623708248,21039190,factorized_full,0.002059693106062115,32768,0.015810120021792096,0.02442333323154678,completed,2048,2,0.05882776477036172,0.013178156845420265,0.00011890312625155441,0.14311415528490312,0.015285213729063253,20.0,0.12941772507693786,0.015685741001726344
8,234,918,1.0,8,0.5,learned,64,0.07840087526811051,paper_anchor,140.87675921881714,0.018748623851999553,tail_anchored,8192,confirmation,0.001228336998697871,20260921,0,1.2316285967826843,1.2316285967826843,21039190,anchor_n8192_k1024_m8,0.00981327845757432,32768,0.020142228149240916,0.07419901132171516,completed,1024,2,0.07456239659752756,0.017425109302167924,0.0010782429517710718,0.17844548134564792,0.018977667556010675,20.0,0.16495193833850338,0.01980312377370265
4,235,918,1.0,8,0.5,learned,64,0.08046236674246571,paper_anchor,145.6274325941437,0.017645028215138484,tail_anchored,32768,confirmation,0.000938198010767291,20260921,0,3.8180223256349564,3.8180223256349564,21039190,anchor_n32768_k2048_m4,0.0073220169535145,32768,0.018384852283821973,0.03706278463872608,completed,2048,2,0.08271536616382902,0.017822725691769535,0.0008120263125895033,0.20212274461842628,0.020770061657826824,20.0,0.18884454003758838,0.019342903235876036
4,236,919,1.0,8,0.5,learned,64,0.06470667644488676,paper_anchor,103.58824832677362,0.015161538852935892,full,32768,confirmation,0.005737429985194937,20260921,0,6.0735572427511215,6.0735572427511215,21039200,full,0.031928405608942494,32768,0.014259292849426446,0.07811765664392786,completed,2048,2,0.07446434748331675,0.017238286348140293,0.008338084477840773,0.1510072004383163,0.019312385001972597,20.0,0.1366221060370334,0.01617617406118519
4,237,919,1.0,8,0.5,learned,64,0.07064917213253212,paper_anchor,120.83813834105695,0.01631412652491876,factorized_full,32768,confirmation,0.004669706533986948,20260921,0,6.121213346719742,6.121213346719742,21039200,factorized_full,0.03008250684639566,32768,0.01688585581616884,0.030143131582986506,completed,2048,2,0.05345087338428903,0.011469924662685755,0.0029825232658829415,0.14833138770039417,0.012850772700809612,20.0,0.13392538948893318,0.01768792520911965
8,238,919,1.0,8,0.5,learned,64,0.0651581433197179,paper_anchor,107.60832649261229,0.013542759629063797,tail_anchored,8192,confirmation,0.00193100917186799,20260921,0,1.2243208140134811,1.2243208140134811,21039200,anchor_n8192_k1024_m8,0.012699954410210709,32768,0.014560263341336262,0.061438550337148574,completed,1024,2,0.060772171101482114,0.011452494527478646,0.004531663664513824,0.18484869217839192,0.015292934461348984,20.0,0.17123086125483938,0.016033285261748763
4,239,919,1.0,8,0.5,learned,64,0.0494207091192891,paper_anchor,119.42804045979,0.009371244494364777,tail_anchored,32768,confirmation,0.005831250309833716,20260921,0,3.8179240860044956,3.8179240860044956,21039200,anchor_n32768_k2048_m4,0.04320180471804755,32768,0.012051008358463969,0.03432717528377327,completed,2048,2,0.04999439236194134,0.008979650772932958,0.006110469073987495,0.18472709220021255,0.012136758155606072,20.0,0.171069425682229,0.011881991615100208
4,240,900,1.0,8,0.5,learned,64,0.07499197520574288,paper_anchor,89.2637136494695,0.01914831340753785,full,32768,confirmation,0.0075367314779821405,20260921,0,6.066731054335833,6.066731054335833,21049010,full,0.05766565583404426,32768,0.018341707149394912,0.13228012572567463,completed,2048,3,0.0803857797971036,0.020658507142961545,0.011676163134013701,0.1215896876722434,0.02143005293727918,20.0,0.11863375033894984,0.020259419361807533
4,241,900,1.0,8,0.5,learned,64,0.05462670462807663,paper_anchor,101.95247561372354,0.012693028245612966,factorized_full,32768,confirmation,0.010969845052165791,20260921,0,6.134159225970507,6.134159225970507,21049010,factorized_full,0.08507121039313874,32768,0.014170324535152198,0.016980761215220325,completed,2048,3,0.054697066568738774,0.0125938490618458,0.015109276708197353,0.12989429408230174,0.013898671341084749,20.0,0.1303819391877442,0.013760093856473633
8,242,900,1.0,8,0.5,learned,64,0.05031316418453525,paper_anchor,88.2850866518132,0.011427774753328557,tail_anchored,8192,confirmation,0.004044005534732778,20260921,0,1.2231793850660324,1.2231793850660324,21049010,anchor_n8192_k1024_m8,0.02948302701970018,32768,0.014299950282423438,0.11644025102108554,completed,1024,3,0.05599649746313473,0.01251861984102048,0.00817967893990937,0.1463992370870025,0.014909286378578896,20.0,0.14939419002764331,0.012830053053212172
4,243,900,1.0,8,0.5,learned,64,0.05669142707041604,paper_anchor,95.30622939326246,0.013350549521283709,tail_anchored,32768,confirmation,0.009723804441149415,20260921,0,3.8368366435170174,3.8368366435170174,21049010,anchor_n32768_k2048_m4,0.07560301551000619,32768,0.014859158956311043,0.06318277656086942,completed,2048,3,0.04753014716758522,0.010374502289245665,0.005653308798746722,0.1390782051113143,0.01225031696037164,20.0,0.13957818333837368,0.014499843554094408
4,244,901,1.0,8,0.5,learned,64,0.05281190323647199,paper_anchor,87.26377983551365,0.011017631407694402,full,32768,confirmation,0.013177008720812724,20260921,0,6.078156374394894,6.078156374394894,21049020,full,0.09226653867290412,32768,0.011572430598996326,0.05887107375784368,completed,2048,3,0.0672021014414679,0.01495826173797095,0.018405705797999355,0.14246508696162052,0.016772553889486147,20.0,0.14685370916054052,0.012899145378346093
4,245,901,1.0,8,0.5,learned,64,0.05276536054182135,paper_anchor,94.8103675150702,0.011966624346858249,factorized_full,32768,confirmation,0.005784940588852955,20260921,0,6.146920461207628,6.146920461207628,21049020,factorized_full,0.031644718631627086,32768,0.011988303135782571,0.020659919609210656,completed,2048,3,0.0673446578384426,0.01673295149981956,0.0087833135232777,0.10685089324583068,0.01792627910224931,20.0,0.11118348482368955,0.01404352443524929
8,246,901,1.0,8,0.5,learned,64,0.06249657165787939,paper_anchor,86.80738065481131,0.01164875719449688,tail_anchored,8192,confirmation,0.010750120715861431,20260921,0,1.3002280034124851,1.3002280034124851,21049020,anchor_n8192_k1024_m8,0.06671314582167068,32768,0.014283472679377953,0.0497034545449727,completed,1024,3,0.0521360646582668,0.008120803547913065,0.008439902306303055,0.20219911323907286,0.0127212391100907,20.0,0.20553365758063358,0.015086118641484205
4,247,901,1.0,8,0.5,learned,64,0.10188185206251427,paper_anchor,90.50831468465684,0.024622760843705717,tail_anchored,32768,confirmation,0.0329642988143723,20260921,0,3.8179530762135983,3.8179530762135983,21049020,anchor_n32768_k2048_m4,0.13922163629512085,32768,0.023909247686987725,0.12109548314351658,completed,2048,3,0.09085348832726427,0.021653529807940802,0.025959222138289044,0.15233834123990236,0.022050296439128758,20.0,0.15391969351137066,0.024918209698099596
4,248,902,1.0,8,0.5,learned,64,0.067550132358735,paper_anchor,143.2300361224986,0.01550483690982176,full,32768,confirmation,3.705304995605898e-05,20260921,0,6.0830883495509624,6.0830883495509624,21049030,full,0.0002964243996163364,32768,0.021735639752768633,0.052962990671326,completed,2048,3,0.08160158775270918,0.019891489617052602,2.281935416042715e-05,0.15368577922003768,0.02090072549174171,20.0,0.15922973075999158,0.01742200737231024
4,249,902,1.0,8,0.5,learned,64,0.07902446214604658,paper_anchor,172.4048903986711,0.020409499295926635,factorized_full,32768,confirmation,4.981540164337994e-05,20260921,0,6.133719604462385,6.133719604462385,21049030,factorized_full,0.00039852321311883217,32768,0.022702095977923567,0.0486092503197095,completed,2048,3,0.08032899895693417,0.021145386786038237,3.558170584774811e-05,0.10580299642216028,0.02190427291060404,20.0,0.10887636869935673,0.02144199661380562
8,250,902,1.0,8,0.5,learned,64,0.06411305142760813,paper_anchor,144.00885764727147,0.01168216013819149,tail_anchored,8192,confirmation,4.981540164343545e-05,20260921,0,1.2325021140277386,1.2325021140277386,21049030,anchor_n8192_k1024_m8,0.0003985232131199424,32768,0.014011618287274178,0.05680391270376343,completed,1024,3,0.061739380228253614,0.011971316483655084,3.5581705847803624e-05,0.1641640239337669,0.015439286813440365,20.0,0.1698247234381836,0.014011117093035702
4,251,902,1.0,8,0.5,learned,64,0.08310308276995923,paper_anchor,145.8073302729146,0.017345026656748662,tail_anchored,32768,confirmation,4.981540164371301e-05,20260921,0,4.001131374388933,4.001131374388933,21049030,anchor_n32768_k2048_m4,0.00039852321311577906,32768,0.017999414288819748,0.07548963975953304,completed,2048,3,0.10403638297181433,0.023806880827017374,3.558170584808118e-05,0.1927256902893027,0.024753212965022982,20.0,0.19703462631241778,0.020248020258914604
4,252,903,1.0,8,0.5,learned,64,0.06962238429325071,paper_anchor,163.65110854063755,0.014887889614030717,full,32768,confirmation,0.01234657448649055,20260921,0,6.126301988959312,6.126301988959312,21049040,full,0.0666008964192222,32768,0.01775841733800851,0.0395426738216755,completed,2048,3,0.0694868314640487,0.014685617826656944,0.010447146535948105,0.17095997578139188,0.016829404285204682,20.0,0.172598016065721,0.017152699593069434
4,253,903,1.0,8,0.5,learned,64,0.0517952840507899,paper_anchor,187.65872170361712,0.010702659886513005,factorized_full,32768,confirmation,0.006701228006644938,20260921,0,6.131833553314209,6.131833553314209,21049040,factorized_full,0.038827305082715105,32768,0.014282692432685724,0.016245110406738605,completed,2048,3,0.05390033750060735,0.011014463175248594,0.004801800056102493,0.10663026708531209,0.01301803881396028,20.0,0.10787919952827603,0.012572949712341745
8,254,903,1.0,8,0.5,learned,64,0.11874927335252076,paper_anchor,159.22655915566295,0.028282301461277082,tail_anchored,8192,confirmation,0.015680566222485173,20260921,0,1.2391977831721306,1.2391977831721306,21049040,anchor_n8192_k1024_m8,0.09133484967625931,32768,0.03106870301627029,0.1345968226330466,completed,1024,3,0.11116397854178234,0.02544091387334739,0.01296394258982057,0.18350432088736077,0.02769371058500971,20.0,0.18548558526535458,0.02910700559233853
4,255,903,1.0,8,0.5,learned,64,0.05777333357031095,paper_anchor,162.39461950067997,0.010800180666863852,tail_anchored,32768,confirmation,0.010820589319389591,20260921,0,3.8209319338202477,3.8209319338202477,21049040,anchor_n32768_k2048_m4,0.057041295855434666,32768,0.01553676947466881,0.02668987063624624,completed,2048,3,0.05470939277017925,0.00957559688579761,0.008921161368847146,0.18346169953835118,0.013594198885411916,20.0,0.18527422376967684,0.014623510780463644
4,256,904,1.0,8,0.5,learned,64,0.09346068706494273,paper_anchor,116.64486762300724,0.022737399140581687,full,32768,confirmation,0.026677086748720442,20260921,0,6.0949776247143745,6.0949776247143745,21049050,full,0.12067321916931698,32768,0.0257765162103753,0.11021463254375521,completed,2048,3,0.10921297387915295,0.027223102874368563,0.028590147383337296,0.14344287601243677,0.02803581268638569,20.0,0.1471525902803613,0.02400240763352612
4,257,904,1.0,8,0.5,learned,64,0.05845578941379832,paper_anchor,122.61889133393638,0.0135896895943203,factorized_full,32768,confirmation,0.005782213619714524,20260921,0,6.130716074258089,6.130716074258089,21049050,factorized_full,0.037619868297208245,32768,0.017212969150619258,0.024961570956999034,completed,2048,3,0.07393377763201206,0.017866671601144933,0.0071737604578472475,0.11429565113221977,0.019728957136219458,20.0,0.11712563819004221,0.01556594811703018
8,258,904,1.0,8,0.5,learned,64,0.07954264143279023,paper_anchor,117.13895404276688,0.016078563931530388,tail_anchored,8192,confirmation,0.011622371257162034,20260921,0,1.2225291430950165,1.2225291430950165,21049050,anchor_n8192_k1024_m8,0.04916704143645258,32768,0.026115923048699943,0.07208056922702402,completed,1024,3,0.09745259295090736,0.021379690203064843,0.011405480264742834,0.19876462561481703,0.024811236547671547,20.0,0.20112241258137115,0.021564211181949306
4,259,904,1.0,8,0.5,learned,64,0.10313243815379011,paper_anchor,121.22772214509236,0.02509844195589616,tail_anchored,32768,confirmation,0.013098253135023157,20260921,0,3.837744750082493,3.837744750082493,21049050,anchor_n32768_k2048_m4,0.07182648670771868,32768,0.02707122632243938,0.09635403734951273,completed,2048,3,0.11188738294772002,0.027893961460224687,0.016661620372156037,0.15609395972127577,0.029126464157393832,20.0,0.15971442577153624,0.026897789074121943
4,260,905,1.0,8,0.5,learned,64,0.19642378169892122,paper_anchor,64.81550294231427,0.04644865348532042,full,32768,confirmation,0.01291463334936586,20260921,0,6.1391376927495,6.1391376927495,21049060,full,0.09911920906674873,32768,0.048898205233251085,0.34342860726528057,completed,2048,3,0.1853154485214072,0.04290128471141711,0.012166492326858092,0.27162256186668665,0.04724132115845345,20.0,0.2745236618038468,0.050591890828667156
4,261,905,1.0,8,0.5,learned,64,0.052148900422656096,paper_anchor,71.36319737572116,0.011438546436810844,factorized_full,32768,confirmation,0.002016300420543557,20260921,0,6.126954358071089,6.126954358071089,21049060,factorized_full,0.01481686419843167,32768,0.015633643727811924,0.018424013849872148,completed,2048,3,0.06065064408621759,0.014109794907744666,0.0038421590255442173,0.10287209661209037,0.014830679796529661,20.0,0.10613324323841462,0.012907285152457645
8,262,905,1.0,8,0.5,learned,64,0.08113787852512351,paper_anchor,69.93239490922524,0.017154629927467434,tail_anchored,8192,confirmation,0.008922815594716296,20260921,0,1.3058287128806114,1.3058287128806114,21049060,anchor_n8192_k1024_m8,0.06695865800233215,32768,0.02117018476557209,0.09091331007508593,completed,1024,3,0.09535515518305879,0.020970888014244543,0.008174674572208529,0.18853523280828832,0.023800252872383364,20.0,0.1890278547247945,0.019916294286469682
4,263,905,1.0,8,0.5,learned,64,0.05433016960952897,paper_anchor,65.5803873490448,0.011754884712045877,tail_anchored,32768,confirmation,0.0017435927112648616,20260921,0,3.8869130201637745,3.8869130201637745,21049060,anchor_n32768_k2048_m4,0.013480990085258914,32768,0.015056387435131734,0.04550279444704912,completed,2048,3,0.05678902842765555,0.013163742669837315,0.003224592181956455,0.14668394569555246,0.014113614902805938,20.0,0.1501396791590861,0.0140032133047279
4,264,906,1.0,8,0.5,learned,64,0.06799540522381314,paper_anchor,87.82367022326362,0.014347660854902026,full,32768,confirmation,0.0025996888561030246,20260921,0,6.076533950865269,6.076533950865269,21049070,full,0.015970877018527226,32768,0.017634466850648,0.045783481995281546,completed,2048,3,0.0640163143357763,0.013673947938381533,0.006838017322426088,0.17254594040312773,0.016177665428673174,20.0,0.17329725789558828,0.017378227810950053
4,265,906,1.0,8,0.5,learned,64,0.05025315849931091,paper_anchor,96.75574053735801,0.011541890030158318,factorized_full,32768,confirmation,0.0016374967774041987,20260921,0,6.124101869761944,6.124101869761944,21049070,factorized_full,0.009631705947532737,32768,0.016652637386914818,0.01799063477112039,completed,2048,3,0.04341009934382755,0.009554039931856169,0.0029143739116324063,0.12120740776030474,0.011857618937048488,20.0,0.12250606466894878,0.014258191339347605
8,266,906,1.0,8,0.5,learned,64,0.07482212508061216,paper_anchor,87.81229878985017,0.015613929296007668,tail_anchored,8192,confirmation,0.0029115893369571198,20260921,0,1.222426313906908,1.222426313906908,21049070,anchor_n8192_k1024_m8,0.022814652272160896,32768,0.016439405803214575,0.04021561259800601,completed,1024,3,0.0910214307700595,0.020765564979361592,0.007033074868051286,0.180093840373223,0.0220613378430721,20.0,0.18070730056057613,0.01790339496001201
4,267,906,1.0,8,0.5,learned,64,0.07201255739121562,paper_anchor,91.28495781133518,0.01566565266189245,tail_anchored,32768,confirmation,0.006569482402826517,20260921,0,3.823249898850918,3.823249898850918,21049070,anchor_n32768_k2048_m4,0.04592404882773686,32768,0.018287652427326145,0.027169339489895368,completed,2048,3,0.06358904695366623,0.013330184753527246,0.0037624258533588903,0.18275283298404782,0.016368818440968897,20.0,0.18358405302517097,0.017563192279504976
4,268,907,1.0,8,0.5,learned,64,0.14200477708192719,paper_anchor,137.19362470102965,0.037824235654343834,full,32768,confirmation,0.0018511772167887097,20260921,0,6.076716631650925,6.076716631650925,21049080,full,0.01480941765216393,32768,0.0344941415164753,0.18768572147881732,completed,2048,3,0.1349015104412974,0.03566461873817198,0.001518295903689989,0.13624757832485654,0.03595244131352916,20.0,0.13683196533410663,0.037980184994991374
4,269,907,1.0,8,0.5,learned,64,0.0650919554172482,paper_anchor,160.1038046189562,0.016561176372951403,factorized_full,32768,confirmation,0.001242557310431977,20260921,0,6.119563229382038,6.119563229382038,21049080,factorized_full,0.00994045840131574,32768,0.019328999869655576,0.029079150191823777,completed,2048,3,0.06809710523572382,0.017639048745970103,0.0009096759973332563,0.1460090205695532,0.019108148635533225,20.0,0.14597794520255036,0.01827532709426752
8,270,907,1.0,8,0.5,learned,64,0.0652176861076083,paper_anchor,141.7873494203897,0.013220985082489464,tail_anchored,8192,confirmation,0.001628420210678883,20260921,0,1.259453445672989,1.259453445672989,21049080,anchor_n8192_k1024_m8,0.013027361603292487,32768,0.016306617689561192,0.037145340245061775,completed,1024,3,0.05911045536233101,0.010728207624179857,0.0012955388975801623,0.2133462286225035,0.014711068797457,20.0,0.2140484880553591,0.015690320609593654
4,271,907,1.0,8,0.5,learned,64,0.19353357215290581,paper_anchor,140.85981959077154,0.053060180678295585,tail_anchored,32768,confirmation,0.0022316666722034728,20260921,0,3.901166185736656,3.901166185736656,21049080,anchor_n32768_k2048_m4,0.01785333329548241,32768,0.057299671375765276,0.3316590065735038,completed,2048,3,0.19759406814768432,0.05429666121293144,0.001898785359104752,0.17866638768242077,0.054431444211725605,20.0,0.17906585755082557,0.05315818240259702
4,272,908,1.0,8,0.5,learned,64,0.05532017541689717,paper_anchor,66.33394865284566,0.010756112264814044,full,32768,confirmation,0.003603237880407668,20260921,0,6.077846318483353,6.077846318483353,21049090,full,0.0279174547275496,32768,0.015781020317593188,0.033337865283404544,completed,2048,3,0.047673281133385134,0.007708801162190988,0.005036462643069168,0.1788942045196063,0.012046476797976954,20.0,0.1814015397365935,0.013532610835168012
4,273,908,1.0,8,0.5,learned,64,0.054581820279196495,paper_anchor,77.02645453099014,0.012704829452932071,factorized_full,32768,confirmation,0.002343512773623796,20260921,0,6.11762336269021,6.11762336269021,21049090,factorized_full,0.018783333245097636,32768,0.01773955537269067,0.019291680180013364,completed,2048,3,0.05219610637535911,0.011475458576928776,0.003776737536285296,0.11482567136259139,0.01319978403926583,20.0,0.11758530413252011,0.01436178505361244
8,274,908,1.0,8,0.5,learned,64,0.06463798192380599,paper_anchor,80.10783664648865,0.014319052016806232,tail_anchored,8192,confirmation,0.004733691130645574,20260921,0,1.2972767278552055,1.2972767278552055,21049090,anchor_n8192_k1024_m8,0.03696108072944987,32768,0.020351348610763507,0.11940335981843245,completed,1024,3,0.06553737464313773,0.014182998021221978,0.006166915893307074,0.22306266056382412,0.01824643450248291,20.0,0.22520800957618675,0.017677677085273166
4,275,908,1.0,8,0.5,learned,64,0.045292555583356923,paper_anchor,71.23251900398733,0.008113905451534714,tail_anchored,32768,confirmation,0.0028508599778231717,20260921,0,3.905350111424923,3.905350111424923,21049090,anchor_n32768_k2048_m4,0.02218947921003276,32768,0.012045814021637447,0.04190786771648413,completed,2048,3,0.05893030684958014,0.012821970253641242,0.004284084740484672,0.15315333319449,0.014348066947799087,20.0,0.15580585491387997,0.011577583990444434
4,276,909,1.0,8,0.5,learned,64,0.07224501102137104,paper_anchor,145.3744571537278,0.016395572080141203,full,32768,confirmation,0.00011785853348139522,20260921,0,6.094344638288021,6.094344638288021,21049100,full,0.0009428682678280635,32768,0.016888256070472223,0.08244506707722667,completed,2048,3,0.08647530915767979,0.01993349949468671,2.3290042121383776e-05,0.13286857672492822,0.021552265310320083,20.0,0.13478184018859085,0.017641151435336976
4,277,909,1.0,8,0.5,learned,64,0.07651381728968569,paper_anchor,167.37922912025516,0.018954896025012442,factorized_full,32768,confirmation,0.00010562231117591803,20260921,0,6.154911760240793,6.154911760240793,21049100,factorized_full,0.0008449784854824938,32768,0.019017230140796,0.0317879807816341,completed,2048,3,0.08792101055170262,0.022058680543833066,0.0002001908027813165,0.12890056444303266,0.022551731530243417,20.0,0.13073647951316725,0.019334597919597022
8,278,909,1.0,8,0.5,learned,64,0.0645335940679014,paper_anchor,147.4023934289042,0.011290633785431069,tail_anchored,8192,confirmation,0.00041014448030433627,20260921,0,1.2234310545027256,1.2234310545027256,21049100,anchor_n8192_k1024_m8,0.003281155842415429,32768,0.015089987762155884,0.03562172500435979,completed,1024,3,0.07032379270992947,0.013000696425218984,0.00031557598894432483,0.20544938292195725,0.016468542011601913,20.0,0.20714628839043167,0.015055217513114977
4,279,909,1.0,8,0.5,learned,64,0.06795804197894403,paper_anchor,148.88298403272532,0.013903652307576682,tail_anchored,32768,confirmation,0.00034842695209000925,20260921,0,3.8269214034080505,3.8269214034080505,21049100,anchor_n32768_k2048_m4,0.00278741561670555,32768,0.0161379862033234,0.04576099542250697,completed,2048,3,0.07500496776585155,0.01575405206977063,0.0002538584607299978,0.17784766118696166,0.017355384067081432,20.0,0.17947586319090358,0.01600400041038894
4,280,910,1.0,8,0.5,learned,64,0.10544064227052077,paper_anchor,147.15626257810513,0.02580759833821064,full,32768,confirmation,1.0671070252987747e-06,20260921,0,6.138305176049471,6.138305176049471,21049110,full,8.536855731276022e-06,32768,0.027409908280431,0.07200844667015044,completed,2048,3,0.11255949419291052,0.027543259723333338,1.0173187068307499e-06,0.19527196535965563,0.02899323721996923,20.0,0.19802008086728798,0.026964903119567153
4,281,910,1.0,8,0.5,learned,64,0.05956606442246955,paper_anchor,165.6028412178659,0.013729484635632616,factorized_full,32768,confirmation,1.0671070251877524e-06,20260921,0,6.123561315238476,6.123561315238476,21049110,factorized_full,8.536855728167397e-06,32768,0.014835027905598461,0.01749671494649386,completed,2048,3,0.05333163012943926,0.010965008537977036,1.0173187067197276e-06,0.1424612277497997,0.014283666861244982,20.0,0.14537771136605243,0.01523265868699695
8,282,910,1.0,8,0.5,learned,64,0.07503023220642152,paper_anchor,146.4077710995096,0.0148328546388313,tail_anchored,8192,confirmation,1.0671070252432635e-06,20260921,0,1.312614694237709,1.312614694237709,21049110,anchor_n8192_k1024_m8,8.536855729499665e-06,32768,0.026845128255295538,0.04510972100326803,completed,1024,3,0.08844958890478569,0.018706377243310826,1.0173187067752387e-06,0.21345574348541005,0.02275677367358485,20.0,0.21629498887906948,0.020434812010328655
4,283,910,1.0,8,0.5,learned,64,0.06296278734111076,paper_anchor,138.8475144268285,0.014093230374874324,tail_anchored,32768,confirmation,1.0671070253265302e-06,20260921,0,3.829195022583008,3.829195022583008,21049110,anchor_n32768_k2048_m4,8.536855724836728e-06,32768,0.01503644671825204,0.042270910222839624,completed,2048,3,0.05702979019015962,0.01251340199243825,1.0173187068585055e-06,0.1616971577859699,0.01461093502686988,20.0,0.16440946678777435,0.01575712132532298
4,284,911,1.0,8,0.5,learned,64,0.05407254025143812,paper_anchor,124.00769128867057,0.01037085832140413,full,32768,confirmation,0.005813530947525396,20260921,0,6.068223174661398,6.068223174661398,21049120,full,0.04377047785279266,32768,0.014008861424797707,0.033531859695990304,completed,2048,3,0.05619669370966357,0.011809152817543394,0.00590999781869949,0.16295467874714373,0.014577735439822694,20.0,0.16506953198048602,0.01420616397671571
4,285,911,1.0,8,0.5,learned,64,0.05573702587766578,paper_anchor,136.1803838215552,0.01345762243159835,factorized_full,32768,confirmation,0.001960190116517588,20260921,0,6.131212648004293,6.131212648004293,21049120,factorized_full,0.014582869476664807,32768,0.013896328792234333,0.021739297037127913,completed,2048,3,0.045638290743929,0.010550171525468204,0.002531055483404418,0.10640848988677684,0.012043465414441106,20.0,0.10862356427516476,0.014651687218248763
8,286,911,1.0,8,0.5,learned,64,0.07909086437618457,paper_anchor,129.36400400218952,0.016569018604561416,tail_anchored,8192,confirmation,0.0031349657044896667,20260921,0,1.281144417822361,1.281144417822361,21049120,anchor_n8192_k1024_m8,0.02173482416642076,32768,0.021607044148448874,0.06762741108994814,completed,1024,3,0.0736198400684091,0.015005941907418621,0.0032314325756637612,0.19340608345869145,0.01818569511474545,20.0,0.19559041183676615,0.0198188770279107
4,287,911,1.0,8,0.5,learned,64,0.0764584824828162,paper_anchor,130.84607308299496,0.017288483971707805,tail_anchored,32768,confirmation,0.007119317295728895,20260921,0,3.9026260264217854,3.9026260264217854,21049120,anchor_n32768_k2048_m4,0.054552237948800514,32768,0.01994286745239096,0.05332852243852881,completed,2048,3,0.07586895386431827,0.016678180066182925,0.00721578416690299,0.1751859726615072,0.019783298651190353,20.0,0.1774435824987955,0.018902691983896047
4,288,912,1.0,8,0.5,learned,64,0.05901455896442299,paper_anchor,145.81173629603998,0.013485653305976461,full,32768,confirmation,0.0037871703046758187,20260921,0,6.077221624553204,6.077221624553204,21049130,full,0.030286704618573614,32768,0.015498153636508305,0.05661100642719891,completed,2048,3,0.05841684310907544,0.01260924392058647,0.003572657669707116,0.13204817040637495,0.014555333796847772,20.0,0.13655595245333293,0.014617755571799597
4,289,912,1.0,8,0.5,learned,64,0.05735495497259304,paper_anchor,156.21079235336393,0.013351780853432554,factorized_full,32768,confirmation,0.0015827633959400594,20260921,0,6.1273850202560425,6.1273850202560425,21049130,factorized_full,0.012651449348689815,32768,0.015753248615777895,0.0191472543974415,completed,2048,3,0.0604217350575295,0.014131841682782784,0.0013682507609713568,0.14288103581389444,0.016153303187331026,20.0,0.1451660128708325,0.014419554165532242
8,290,912,1.0,8,0.5,learned,64,0.14838855890235159,paper_anchor,149.2188756172056,0.03439980624513351,tail_anchored,8192,confirmation,0.00040952376790524825,20260921,0,1.2866889908909798,1.2866889908909798,21049130,anchor_n8192_k1024_m8,0.003270443750031388,32768,0.0388182752997242,0.2018578876326137,completed,1024,3,0.1432528576324988,0.0329104965218953,0.0006231446966488696,0.21444655918002614,0.0357814146630786,20.0,0.21712937735799775,0.0365768248125456
4,291,912,1.0,8,0.5,learned,64,0.06325381268981804,paper_anchor,149.9992386043128,0.014926856938201817,tail_anchored,32768,confirmation,0.006730243314018072,20260921,0,3.871239513158798,3.871239513158798,21049130,anchor_n32768_k2048_m4,0.05383620011893092,32768,0.01531144018361945,0.07447142203181556,completed,2048,3,0.0694688343378049,0.01703250500249121,0.006943864242761694,0.12161471291910958,0.018587414428825597,20.0,0.12623951431301791,0.01629983181802737
4,292,913,1.0,8,0.5,learned,64,0.07807174525897119,paper_anchor,110.83661926668823,0.01903572692845433,full,32768,confirmation,0.008134093729497178,20260921,0,6.077090367674828,6.077090367674828,21049140,full,0.061456642176341766,32768,0.019724864450788995,0.07867741215135085,completed,2048,3,0.09126688667644038,0.02299839519321501,0.007360580643301484,0.15710907325301943,0.023353466471118998,20.0,0.16393065782974803,0.02030825960516143
4,293,913,1.0,8,0.5,learned,64,0.05653378706205726,paper_anchor,125.54563325081637,0.013896953175721215,factorized_full,32768,confirmation,0.001790153115209983,20260921,0,6.124317716807127,6.124317716807127,21049140,factorized_full,0.01049493309613845,32768,0.013434025720282433,0.016696599983941914,completed,2048,3,0.06858429647692228,0.017111551198751178,0.0010166400290142902,0.10232273374042442,0.018450584317049802,20.0,0.10983220239604918,0.015047774526126129
8,294,913,1.0,8,0.5,learned,64,0.0829016485481433,paper_anchor,115.42560475599882,0.018815437240181712,tail_anchored,8192,confirmation,0.004938269442414947,20260921,0,1.2618348933756351,1.2618348933756351,21049140,anchor_n8192_k1024_m8,0.036294783485130766,32768,0.018962081592560368,0.041043773248569476,completed,1024,3,0.08956150055264472,0.020514547084416936,0.004164756356219254,0.180042932730258,0.02227545890464079,20.0,0.1867852305481424,0.02096417876327129
4,295,913,1.0,8,0.5,learned,64,0.052099267343640565,paper_anchor,114.71234681718295,0.01098177145069433,tail_anchored,32768,confirmation,0.0028490099234605706,20260921,0,3.835349638015032,3.835349638015032,21049140,anchor_n32768_k2048_m4,0.01895322516578253,32768,0.013375691517966654,0.03063278147727231,completed,2048,3,0.06557636634705276,0.014690926712489498,0.0037529205249648414,0.16556066825514487,0.01707548887579701,20.0,0.17245284250585446,0.013215404718634572
4,296,914,1.0,8,0.5,learned,64,0.1009489687077259,paper_anchor,154.60293239567116,0.024291425509558765,full,32768,confirmation,0.0028291402170986524,20260921,0,6.098068650811911,6.098068650811911,21049150,full,0.022611921631412082,32768,0.02761995317658336,0.0858665891760195,completed,2048,3,0.0936490438382488,0.0214339971117599,0.0033598322618643844,0.14329797841259972,0.023387165812765648,20.0,0.14229755224942656,0.02534566809882399
4,297,914,1.0,8,0.5,learned,64,0.0684703515075697,paper_anchor,164.81558519451318,0.016712490746642654,factorized_full,32768,confirmation,0.0007986405447415745,20260921,0,6.129027530550957,6.129027530550957,21049150,factorized_full,0.006367924252558065,32768,0.018021872741783972,0.03387571026281076,completed,2048,3,0.05428770840910069,0.013074306871318053,0.0013293325895073066,0.10660597928318198,0.014066915606759206,20.0,0.10552787748769724,0.018229393740328982
8,298,914,1.0,8,0.5,learned,64,0.10898895285702503,paper_anchor,154.11775639353655,0.024676329857669342,tail_anchored,8192,confirmation,0.0038133759959557145,20260921,0,1.3036244735121727,1.3036244735121727,21049150,anchor_n8192_k1024_m8,0.030485807862271952,32768,0.02458412834480651,0.09242503174686777,completed,1024,3,0.09530499692556857,0.02112391475966334,0.004344068040721447,0.21909429624865817,0.022544201193299654,20.0,0.21820510472506405,0.027001051562359882
4,299,914,1.0,8,0.5,learned,64,0.10165366378902346,paper_anchor,161.27727056660405,0.023688015025194374,tail_anchored,32768,confirmation,0.0011016831118774995,20260921,0,3.9004996083676815,3.9004996083676815,21049150,anchor_n32768_k2048_m4,0.008792264789641987,32768,0.02054150293617347,0.06527560029168074,completed,2048,3,0.07779582838658042,0.016684023469880405,0.0016323751566432315,0.19039286607334432,0.01834031557616418,20.0,0.18969883270761806,0.024682704666869146
4,300,915,1.0,8,0.5,learned,64,0.07461247742961553,paper_anchor,90.71540671158657,0.01727804748574107,full,32768,confirmation,0.004260684166579584,20260921,0,6.078337103128433,6.078337103128433,21049160,full,0.03407567385582029,32768,0.017168124500167196,0.06937555175967779,completed,2048,3,0.0733135763984295,0.01739055564514668,0.006115217020945446,0.14541572795690327,0.01797947222505911,20.0,0.14621058884141502,0.017943317919045233
4,301,915,1.0,8,0.5,learned,64,0.045012436843372264,paper_anchor,98.09057379065753,0.00929967046295032,factorized_full,32768,confirmation,0.0004752535033411692,20260921,0,6.1252750903368,6.1252750903368,21049160,factorized_full,0.0036954514533981244,32768,0.010681993011341952,0.009667768842262649,completed,2048,3,0.040409754883121124,0.00736116864775261,0.0014083733531424503,0.1360598677659386,0.009964939471771746,20.0,0.13677193684611544,0.010890588205316215
8,302,915,1.0,8,0.5,learned,64,0.058591918961028604,paper_anchor,87.56007619487276,0.011473688584675769,tail_anchored,8192,confirmation,0.003483464129496114,20260921,0,1.2246428430080414,1.2246428430080414,21049160,anchor_n8192_k1024_m8,0.027857913559154537,32768,0.015140644575396184,0.07472866879581566,completed,1024,3,0.07213643752001225,0.01575744451757683,0.005337996983861976,0.17359419517994867,0.017979653193152072,20.0,0.17425704567046518,0.014946854665728995
4,303,915,1.0,8,0.5,learned,64,0.1265652441875867,paper_anchor,95.59432762580252,0.030076207332416064,tail_anchored,32768,confirmation,0.004416824106048239,20260921,0,3.829178251326084,3.829178251326084,21049160,anchor_n32768_k2048_m4,0.03527957890723993,32768,0.03271600644274689,0.11939639832686871,completed,2048,3,0.12407427691155747,0.02937993737423378,0.0025679727253425516,0.1998868092797768,0.03110472845869918,20.0,0.200339012360718,0.03219505134976768
4,304,916,1.0,8,0.5,learned,64,0.05816529156931671,paper_anchor,174.6826329055658,0.012523586682759703,full,32768,confirmation,0.01354340556407025,20260921,0,6.0885171219706535,6.0885171219706535,21049170,full,0.07610450544106712,32768,0.019002566015008517,0.07943716463374828,completed,2048,3,0.07952728184444183,0.018717012367103374,0.018462512938018517,0.10862081755495835,0.019856079967386916,20.0,0.10697876652416721,0.014115734595383098
4,305,916,1.0,8,0.5,learned,64,0.06925814704018284,paper_anchor,188.03815041606168,0.016433278018354827,factorized_full,32768,confirmation,0.00954055915493135,20260921,0,6.242473490536213,6.242473490536213,21049170,factorized_full,0.05188630608169186,32768,0.021476040416410172,0.029739467068869607,completed,2048,3,0.08147167215695006,0.020069690260752063,0.008018263935280462,0.12690439569427003,0.020945373841483463,20.0,0.1260994838461946,0.017502000614670624
8,306,916,1.0,8,0.5,learned,64,0.08218003406345425,paper_anchor,187.40786655220955,0.017594966374355203,tail_anchored,8192,confirmation,0.00875829993622759,20260921,0,1.230502650141716,1.230502650141716,21049170,anchor_n8192_k1024_m8,0.04724638560828797,32768,0.01830259665490524,0.06726164882189864,completed,1024,3,0.09636805411519878,0.021184628849187072,0.013341038131983615,0.17095642531289268,0.023859152192156778,20.0,0.16973260309592292,0.020015160547229252
4,307,916,1.0,8,0.5,learned,64,0.10078132729768766,paper_anchor,178.21869768647818,0.02381127997526577,tail_anchored,32768,confirmation,0.021229397131959878,20260921,0,3.8191388323903084,3.8191388323903084,21049170,anchor_n32768_k2048_m4,0.12891904062847298,32768,0.025315732176858983,0.12624483850114163,completed,2048,3,0.11630665650864591,0.027937640919342713,0.020098628387910024,0.15809357136348517,0.029217648310461763,20.0,0.15770414151486048,0.024719595635765708
4,308,917,1.0,8,0.5,learned,64,0.04347808988298013,paper_anchor,69.868988365971,0.008093164754439993,full,32768,confirmation,0.0030940677981389844,20260921,0,6.076301321387291,6.076301321387291,21049180,full,0.02244971845639112,32768,0.01026981473520476,0.04072429769992585,completed,2048,3,0.0476992082073582,0.009541072569711182,0.006576538333246361,0.15934345572717354,0.011471398022094454,20.0,0.16419713491483529,0.010185894090116707
4,309,917,1.0,8,0.5,learned,64,0.04099289957056865,paper_anchor,74.42802467270802,0.008499849217027353,factorized_full,32768,confirmation,0.0031215732081512487,20260921,0,6.262946363538504,6.262946363538504,21049180,factorized_full,0.01938058066320456,32768,0.012089813392315997,0.01250615303861526,completed,2048,3,0.04348442693642601,0.009732514413870044,0.006604043743258625,0.10302531558382029,0.011278337046404291,20.0,0.10820500690728987,0.010900342965516781
8,310,917,1.0,8,0.5,learned,64,0.061956486192516244,paper_anchor,75.6384684163478,0.011881942001544792,tail_anchored,8192,confirmation,0.006169799680155271,20260921,0,1.2218692414462566,1.2218692414462566,21049180,anchor_n8192_k1024_m8,0.030897623303026592,32768,0.014492433334417687,0.05069439717994877,completed,1024,3,0.06776970989878658,0.014122724522949492,0.009653643995629334,0.16950447405849411,0.01601991593012942,20.0,0.17420098957847718,0.014920398020643794
4,311,917,1.0,8,0.5,learned,64,0.08531295523110673,paper_anchor,73.1383222250324,0.02013858557987914,tail_anchored,32768,confirmation,0.007124370590661899,20260921,0,3.822939269244671,3.822939269244671,21049180,anchor_n32768_k2048_m4,0.04373253750916929,32768,0.02035633505589193,0.061356263909568005,completed,2048,3,0.0860901631532692,0.020520607743300653,0.010606841125769276,0.17256624974102958,0.022278904939727867,20.0,0.17734631435176326,0.021841138388257464
4,312,918,1.0,8,0.5,learned,64,0.054815122706551964,paper_anchor,148.15241659338017,0.010758510140197006,full,32768,confirmation,0.0010361371294482812,20260921,0,6.0752427987754345,6.0752427987754345,21049190,full,0.008275167689689328,32768,0.012881504305996454,0.050978330128642176,completed,2048,3,0.06567724790448386,0.01492435179814168,0.001267453907783062,0.17846055592274251,0.01681036974002064,20.0,0.1789068413124052,0.014098246365728422
4,313,918,1.0,8,0.5,learned,64,0.03738663022265001,paper_anchor,157.9528241386256,0.007184573988430337,factorized_full,32768,confirmation,0.0008886227798881041,20260921,0,6.121752601116896,6.121752601116896,21049190,factorized_full,0.007095052893204962,32768,0.008876159887529692,0.006807881089741867,completed,2048,3,0.050103389615913166,0.011354652756201344,0.001121067656157812,0.14232951024318502,0.012930906105223365,20.0,0.14167623001260995,0.009473764723691852
8,314,918,1.0,8,0.5,learned,64,0.08158662772842787,paper_anchor,144.7812074685637,0.01787848489685199,tail_anchored,8192,confirmation,0.0009963156586192956,20260921,0,1.2215321771800518,1.2215321771800518,21049190,anchor_n8192_k1024_m8,0.00795659592305294,32768,0.01872772078554023,0.04887905117468749,completed,1024,3,0.05884296611485569,0.010724361625534161,0.0012276324369540764,0.18729476209208,0.013585468603582961,20.0,0.18666413571036933,0.01958131623012987
4,315,918,1.0,8,0.5,learned,64,0.05395862105024297,paper_anchor,147.27269495633686,0.010546116120927089,tail_anchored,32768,confirmation,0.000790205496339317,20260921,0,3.9103114791214466,3.9103114791214466,21049190,anchor_n32768_k2048_m4,0.0063077146248091895,32768,0.01584034466122217,0.04371479514208661,completed,2048,3,0.05512856600192883,0.010796911014180323,0.0010215222746740977,0.17057789132048748,0.013330814457102535,20.0,0.1698311615104453,0.013157523477587125
4,316,919,1.0,8,0.5,learned,64,0.05356325431698343,paper_anchor,101.4796790413779,0.010610067453820054,full,32768,confirmation,0.0034401435004943644,20260921,0,6.212120097130537,6.212120097130537,21049200,full,0.02518078909224635,32768,0.01337747130471216,0.04621064453975056,completed,2048,3,0.05443785204263772,0.011000595011045885,0.005622763722208452,0.1528682866014417,0.013498573735638493,20.0,0.15375607416109643,0.013423753912279016
4,317,919,1.0,8,0.5,learned,64,0.052679393392703604,paper_anchor,122.79511083774703,0.01202372557846989,factorized_full,32768,confirmation,0.003236820913429528,20260921,0,6.152441173791885,6.152441173791885,21049200,factorized_full,0.02396331605154401,32768,0.01254667995057859,0.015314630876900218,completed,2048,3,0.04810676652301805,0.010443749493554779,0.0054124854240860665,0.13202466601151136,0.012553592199971337,20.0,0.1327870986353415,0.013605946482472918
8,318,919,1.0,8,0.5,learned,64,0.08475994633368138,paper_anchor,107.98686148267672,0.018060597035385907,tail_anchored,8192,confirmation,0.009743051407524494,20260921,0,1.2284400314092636,1.2284400314092636,21049200,anchor_n8192_k1024_m8,0.07406725055560812,32768,0.01973422734063954,0.05920442961515257,completed,1024,3,0.07625030707185675,0.015548825867878528,0.011918715918181033,0.19414749975651976,0.017716314558208004,20.0,0.1949535320940502,0.019707150434755738
4,319,919,1.0,8,0.5,learned,64,0.05683113641885615,paper_anchor,102.82468537053937,0.011085328748836071,tail_anchored,32768,confirmation,0.004019554080285371,20260921,0,3.902712345123291,3.902712345123291,21049200,anchor_n32768_k2048_m4,0.031249084818778663,32768,0.015895215411027015,0.03683828742970538,completed,2048,3,0.05781411321783657,0.011488122109851751,0.0073950999897969836,0.15434026116600918,0.014345626846991415,20.0,0.1550813083969398,0.014407665822322837
4,320,900,1.0,8,0.5,learned,64,0.043679525665392335,paper_anchor,84.04844115350126,0.0073082781479398016,full,32768,confirmation,0.0021347528760706632,20260921,0,6.066671773791313,6.066671773791313,21059010,full,0.017360202034154535,32768,0.010879934568215344,0.02316544915116894,completed,2048,4,0.05700027160816041,0.011331318358576026,0.0033701445875081995,0.17487034978545163,0.013984538018178356,20.0,0.1716745359889728,0.01073699223087398
4,321,900,1.0,8,0.5,learned,64,0.054998285499190405,paper_anchor,100.56705705886553,0.012533949148779266,factorized_full,32768,confirmation,0.001734205586091997,20260921,0,6.1290227845311165,6.1290227845311165,21059010,factorized_full,0.010665384933037819,32768,0.012538300188333157,0.020290797320943084,completed,2048,4,0.0670769151006036,0.01616643688539906,0.0008863484546206418,0.09962693684958181,0.01866638187812556,20.0,0.09716176459220975,0.014786305154468153
8,322,900,1.0,8,0.5,learned,64,0.06176545001490809,paper_anchor,94.91530657220083,0.010524326644416163,tail_anchored,8192,confirmation,0.0027717992271461683,20260921,0,1.3078818805515766,1.3078818805515766,21059010,anchor_n8192_k1024_m8,0.019928630458797995,32768,0.017242928046329556,0.03565558924713212,completed,1024,4,0.07306991332720948,0.014160201934372472,0.004007190938583732,0.213324320820734,0.017642524894721512,20.0,0.21033642161046898,0.015624453653640579
4,323,900,1.0,8,0.5,learned,64,0.054638760315785205,paper_anchor,96.74410128430145,0.01126561087670842,tail_anchored,32768,confirmation,0.011588158103627498,20260921,0,3.825206071138382,3.825206071138382,21059010,anchor_n32768_k2048_m4,0.08941940883126391,32768,0.014475137752291875,0.05066793165780188,completed,2048,4,0.05703012012102453,0.012218277167280057,0.010470636036551047,0.1605087146189839,0.014068504419868604,20.0,0.15717085130560976,0.013670186680324685
4,324,901,1.0,8,0.5,learned,64,0.04470847872412333,paper_anchor,79.02186563900673,0.008830766888269672,full,32768,confirmation,0.00783066909464022,20260921,0,6.1405139453709126,6.1405139453709126,21059020,full,0.05671179391916359,32768,0.010545419572718621,0.04943851424843395,completed,2048,4,0.0583272428030165,0.013067154874803994,0.008061832923260915,0.1542318322505095,0.013952684143436346,20.0,0.15343194192419954,0.01039039367560329
4,325,901,1.0,8,0.5,learned,64,0.0486092674875388,paper_anchor,93.2330860475409,0.010490578611073779,factorized_full,32768,confirmation,0.008833934808321398,20260921,0,6.125001039355993,6.125001039355993,21059020,factorized_full,0.052998352146062896,32768,0.010602807393610676,0.013579421188248939,completed,2048,4,0.06373183282077127,0.014701605677461017,0.00969337253667886,0.12697330932933554,0.0163962246223293,20.0,0.12621103608700585,0.012302118165841834
8,326,901,1.0,8,0.5,learned,64,0.05935124317271448,paper_anchor,84.79903185241099,0.011885627161391875,tail_anchored,8192,confirmation,0.014918588721875493,20260921,0,1.2274993658065796,1.2274993658065796,21059020,anchor_n8192_k1024_m8,0.08665796417252743,32768,0.014071875086268854,0.052438209312261966,completed,1024,4,0.0725920588442821,0.015606114741499425,0.01577136228600364,0.1815521938254041,0.01749350277086053,20.0,0.18158566147572086,0.014369822754678768
4,327,901,1.0,8,0.5,learned,64,0.22273389139774466,paper_anchor,87.86439126125563,0.054623084427677986,tail_anchored,32768,confirmation,0.04135948378896351,20260921,0,3.960087399929762,3.960087399929762,21059020,anchor_n32768_k2048_m4,0.25636895215251443,32768,0.04754010537878846,0.3406945293258145,completed,2048,4,0.23728981156857937,0.05886522655847763,0.041199849317990964,0.2108598680585368,0.059166525882731955,20.0,0.21017623254861495,0.054916157210421285
4,328,902,1.0,8,0.5,learned,64,0.14119127240083973,paper_anchor,146.34990420355018,0.03445795123831187,full,32768,confirmation,4.645078754994165e-05,20260921,0,6.086249474436045,6.086249474436045,21059030,full,0.0003716062727225145,32768,0.030827875224801078,0.17984735282367717,completed,2048,4,0.1730543221611519,0.043826817096265916,4.439980392489568e-05,0.18345252290424963,0.04423179032809403,20.0,0.18474552469926225,0.03574180509355575
4,329,902,1.0,8,0.5,learned,64,0.06394998311487034,paper_anchor,160.04201296882673,0.015915086294146646,factorized_full,32768,confirmation,6.82783574956769e-06,20260921,0,6.128005217760801,6.128005217760801,21059030,factorized_full,5.462268598910923e-05,32768,0.013074365294875497,0.02430161606525175,completed,2048,4,0.09509233989903018,0.023823127782120895,8.878824988373113e-06,0.11937481286773695,0.02403046256541272,20.0,0.12102804211539349,0.016259046570075125
8,330,902,1.0,8,0.5,learned,64,0.06502463229398203,paper_anchor,144.62526474168519,0.012989587658965657,tail_anchored,8192,confirmation,3.188694930210562e-05,20260921,0,1.2253560088574886,1.2253560088574886,21059030,anchor_n8192_k1024_m8,0.00025509556673736244,32768,0.01711564327903079,0.06349287185151338,completed,1024,4,0.09486306767508987,0.02236408352165825,2.9835965677059653e-05,0.1871036248607395,0.024384649975712203,20.0,0.18927939785709957,0.01636163737024749
4,331,902,1.0,8,0.5,learned,64,0.07725071276200976,paper_anchor,146.8600908904578,0.018536108294885778,tail_anchored,32768,confirmation,2.403823157328823e-05,20260921,0,3.8162095956504345,3.8162095956504345,21059030,anchor_n32768_k2048_m4,0.00019230585258055526,32768,0.028042130944986848,0.09928690009295325,completed,2048,4,0.10666617814960193,0.027964976462267976,2.6089220812093654e-05,0.14157331811388751,0.029316925249250156,20.0,0.14325922537770033,0.021200938968877158
4,332,903,1.0,8,0.5,learned,64,0.08035870306066756,paper_anchor,156.48142436161027,0.017654836455219862,full,32768,confirmation,0.012485725286813224,20260921,0,6.082162749022245,6.082162749022245,21059040,full,0.07398153483985453,32768,0.020682756490595176,0.05856307899421844,completed,2048,4,0.1044144103354321,0.02383526374777232,0.015458433297878669,0.1846192197849566,0.026752629558898608,20.0,0.18564901429515765,0.019938170001640686
4,333,903,1.0,8,0.5,learned,64,0.06095492379738562,paper_anchor,178.11884140056742,0.014969174155912375,factorized_full,32768,confirmation,0.012288991947380798,20260921,0,6.1322474628686905,6.1322474628686905,21059040,factorized_full,0.06862867427426211,32768,0.0149008478510161,0.020755836197073017,completed,2048,4,0.0943585030854426,0.02428428698723711,0.015261699958446243,0.1082772394415131,0.024651066720274367,20.0,0.10642901282533031,0.015837543474711634
8,334,903,1.0,8,0.5,learned,64,0.08978533947033965,paper_anchor,157.23568947150872,0.01874335767589966,tail_anchored,8192,confirmation,0.021636986544857986,20260921,0,1.2713318318128586,1.2713318318128586,21059040,anchor_n8192_k1024_m8,0.10817067769606695,32768,0.022551746069887243,0.056368355410656434,completed,1024,4,0.12040633521683741,0.02745118779943228,0.024628553419818257,0.2178713991939122,0.02969288382343775,20.0,0.21871350103057874,0.02227252997890273
4,335,903,1.0,8,0.5,learned,64,0.06794588499709268,paper_anchor,171.30823780177838,0.014342916786669529,tail_anchored,32768,confirmation,0.008264134176853013,20260921,0,3.8902204670011997,3.8902204670011997,21059040,anchor_n32768_k2048_m4,0.06300955103405899,32768,0.014391589492830256,0.04594855333112539,completed,2048,4,0.09174921667406664,0.02097614516451842,0.010772768889955956,0.17637405422480198,0.022768948968226,20.0,0.1770628166165231,0.016432988282127525
4,336,904,1.0,8,0.5,learned,64,0.10087773136229383,paper_anchor,116.0993654513209,0.023432877810049144,full,32768,confirmation,0.04558990877907681,20260921,0,6.105117868632078,6.105117868632078,21059050,full,0.17892194717133988,32768,0.020484067946846513,0.06909341161529779,completed,2048,4,0.11253981003101858,0.026810496386387387,0.04370635374407001,0.19989741229455305,0.028744547554722034,20.0,0.20115678768499773,0.025347616664156664
4,337,904,1.0,8,0.5,learned,64,0.07079418310957969,paper_anchor,127.20147833476463,0.017002495390770776,factorized_full,32768,confirmation,0.012565543710015725,20260921,0,6.172709655016661,6.172709655016661,21059050,factorized_full,0.07258505738617596,32768,0.02016382958626066,0.0334218710930164,completed,2048,4,0.08093790341192682,0.019985243824751163,0.011526798930616686,0.09201226307619462,0.021862107741402105,20.0,0.09696979993089595,0.018139535889968653
8,338,904,1.0,8,0.5,learned,64,0.07286921392366166,paper_anchor,116.82570454340149,0.013969038288130016,tail_anchored,8192,confirmation,0.02066376907838073,20260921,0,1.3024353571236134,1.3024353571236134,21059050,anchor_n8192_k1024_m8,0.09119718353627501,32768,0.017704333096458143,0.047834937582322,completed,1024,4,0.09791886868490815,0.021566072414797913,0.021679751574685907,0.2274491138686421,0.02363000208946174,20.0,0.22822023481864256,0.01713440778355792
4,339,904,1.0,8,0.5,learned,64,0.0609450639595204,paper_anchor,116.82663508895622,0.014446862631728483,tail_anchored,32768,confirmation,0.017990501552143184,20260921,0,3.9038174860179424,3.9038174860179424,21059050,anchor_n32768_k2048_m4,0.0825516487911355,32768,0.018456331102945374,0.06613007123657448,completed,2048,4,0.08344151828971537,0.02072457601919222,0.01759157128426471,0.1178859067159207,0.022485157859939972,20.0,0.11901035563871794,0.01633106262914888
4,340,905,1.0,8,0.5,learned,64,0.15650748991900643,paper_anchor,61.24866261828865,0.03553786947502124,full,32768,confirmation,0.018037418197285417,20260921,0,6.1538455337285995,6.1538455337285995,21059060,full,0.1394090055538772,32768,0.03848652023497287,0.1849189046220029,completed,2048,4,0.16450923664763212,0.038135460587310765,0.018273304237234382,0.24305921283252846,0.04020622254879282,20.0,0.2400674532953832,0.03888079428320605
4,341,905,1.0,8,0.5,learned,64,0.02988492448680994,paper_anchor,68.8077419880662,0.004712776985865341,factorized_full,32768,confirmation,0.004587571209649324,20260921,0,6.1279852241277695,6.1279852241277695,21059060,factorized_full,0.03463130911959966,32768,0.006785650236523442,0.004714746793925166,completed,2048,4,0.03678815802881323,0.006307833658925942,0.00482345724959829,0.1200565163096353,0.008599417561114217,20.0,0.11861749157783763,0.0074155353860292875
8,342,905,1.0,8,0.5,learned,64,0.13028262743160554,paper_anchor,67.27261882252596,0.026926113513669546,tail_anchored,8192,confirmation,0.009597933392837332,20260921,0,1.223294734954834,1.223294734954834,21059060,anchor_n8192_k1024_m8,0.07318167740736599,32768,0.03552009119869658,0.1288505655395935,completed,1024,4,0.13741895556453904,0.029172801698741008,0.009833819432786297,0.2543908998494532,0.03186910862706299,20.0,0.2512931494313292,0.03045846662480329
4,343,905,1.0,8,0.5,learned,64,0.04472826472204829,paper_anchor,66.31337716725294,0.007647024476698733,tail_anchored,32768,confirmation,0.006786045776316835,20260921,0,3.904133342206478,3.904133342206478,21059060,anchor_n32768_k2048_m4,0.05118148009482172,32768,0.011689490630596834,0.0610133660192501,completed,2048,4,0.05805178707149675,0.011844482708835443,0.0070219318162658,0.16267571905674771,0.013508661767028272,20.0,0.15926542463039783,0.010843196271773107
4,344,906,1.0,8,0.5,learned,64,0.09195581724811372,paper_anchor,87.6384904003194,0.021591969433097685,full,32768,confirmation,0.01062300074042128,20260921,0,6.0968951135873795,6.0968951135873795,21059070,full,0.07080317978465636,32768,0.02280227943661638,0.08848531249942061,completed,2048,4,0.10851667280596754,0.02649444972841888,0.010947139146391845,0.23631546999782382,0.028969774303334757,20.0,0.2317621761668786,0.024082029816118226
4,345,906,1.0,8,0.5,learned,64,0.05359015912595956,paper_anchor,94.14977808981456,0.012240629690433168,factorized_full,32768,confirmation,0.013995001423528441,20260921,0,6.120104055851698,6.120104055851698,21059070,factorized_full,0.10135200999902115,32768,0.016638164636220563,0.022066309798154635,completed,2048,4,0.07092169373178123,0.017674720917175656,0.014319139829499006,0.14642020265893735,0.019161308890362244,20.0,0.14186955948650004,0.01441747330223513
8,346,906,1.0,8,0.5,learned,64,0.08587046355040079,paper_anchor,93.74424527312135,0.01772639968264744,tail_anchored,8192,confirmation,0.008907115041904633,20260921,0,1.2336754016578197,1.2336754016578197,21059070,anchor_n8192_k1024_m8,0.05802104452274329,32768,0.02334183948866968,0.13143316583183093,completed,1024,4,0.09124801314102497,0.018472150048564503,0.009218997480172679,0.20208931158258286,0.021975199571755536,20.0,0.19730723209973144,0.02115592943883837
4,347,906,1.0,8,0.5,learned,64,0.08597029155194354,paper_anchor,86.56346101122135,0.0189752585515416,tail_anchored,32768,confirmation,0.008590094625901202,20260921,0,3.9506786726415157,3.9506786726415157,21059070,anchor_n32768_k2048_m4,0.05409344401067062,32768,0.018116706394330138,0.05615248985409882,completed,2048,4,0.10353721579676431,0.024152209391390213,0.008901977064169248,0.18556726185232159,0.025908128845756724,20.0,0.17987192349544198,0.02161202053974863
4,348,907,1.0,8,0.5,learned,64,0.0846861764157179,paper_anchor,140.4496731241003,0.02239118703739438,full,32768,confirmation,0.000889532945396758,20260921,0,6.0814115181565285,6.0814115181565285,21059080,full,0.0071162635081869945,32768,0.026314126359641796,0.08673980364862316,completed,2048,4,0.1025782011857517,0.02755101789512169,0.00100622789051162,0.11201310649898835,0.02809133617452029,20.0,0.11011897205129419,0.023127379168299322
4,349,907,1.0,8,0.5,learned,64,0.04985951821972695,paper_anchor,154.69555228566034,0.010643355506814486,factorized_full,32768,confirmation,0.0007929810522183944,20260921,0,6.129633639007807,6.129633639007807,21059080,factorized_full,0.0063438483627623575,32768,0.013781692937696304,0.014320905512985137,completed,2048,4,0.07649091438607088,0.01824859407932504,0.0009096759973332563,0.13761861668250136,0.019734363793954084,20.0,0.13590045424448405,0.012753725524625757
8,350,907,1.0,8,0.5,learned,64,0.08361873587488763,paper_anchor,137.78880994775952,0.018721901455125284,tail_anchored,8192,confirmation,0.001356194284358155,20260921,0,1.2233977615833282,1.2233977615833282,21059080,anchor_n8192_k1024_m8,0.010849554219878547,32768,0.02343536080044984,0.05267260344804707,completed,1024,4,0.1084082347023044,0.025557527023000376,0.001472889229473017,0.19803745749821028,0.027296318407208052,20.0,0.1965752140386952,0.020648236368768398
4,351,907,1.0,8,0.5,learned,64,0.11265710881532623,paper_anchor,149.2912477804614,0.028131831244288905,tail_anchored,32768,confirmation,7.469862895062573e-05,20260921,0,3.8193063102662563,3.8193063102662563,21059080,anchor_n32768_k2048_m4,0.0005975889766224318,32768,0.029587693369295995,0.09432960078879442,completed,2048,4,0.12808885611686716,0.032449911461440786,0.00019139357406548763,0.1904302472773308,0.033596479482378906,20.0,0.18842687451369447,0.028984795914441686
4,352,908,1.0,8,0.5,learned,64,0.04781842734781511,paper_anchor,63.37394829214562,0.008069595805829537,full,32768,confirmation,0.004380107195997942,20260921,0,6.080544702708721,6.080544702708721,21059090,full,0.034518094288274966,32768,0.01169612725157694,0.02577611914660893,completed,2048,4,0.054450081229407046,0.010476159480273403,0.00480267829192891,0.1812810453369681,0.012984575765221733,20.0,0.17810664148763644,0.011666218826705422
4,353,908,1.0,8,0.5,learned,64,0.04458287909102595,paper_anchor,71.62010723549513,0.010477130376061666,factorized_full,32768,confirmation,0.004197881233093476,20260921,0,6.117101978510618,6.117101978510618,21059090,factorized_full,0.03196396015862714,32768,0.012373948049178601,0.01185588050486443,completed,2048,4,0.05813653925428936,0.014565475251988029,0.0043356810013504,0.10767351603685385,0.015186587676054103,20.0,0.10410235713213217,0.011717545106157124
8,354,908,1.0,8,0.5,learned,64,0.05720180214302524,paper_anchor,67.62357142160285,0.009991097387895779,tail_anchored,8192,confirmation,0.003040295257334256,20260921,0,1.3072480037808418,1.3072480037808418,21059090,anchor_n8192_k1024_m8,0.020339294353682882,32768,0.014498864809441167,0.03692114812291753,completed,1024,4,0.06233679472062791,0.011730550049392538,0.003422843892746156,0.20155216009597587,0.014530568149918188,20.0,0.19849221007226575,0.013554682898842551
4,355,908,1.0,8,0.5,learned,64,0.06074781445551993,paper_anchor,75.4912210095864,0.013391060129241412,tail_anchored,32768,confirmation,0.004660076383562348,20260921,0,3.823440231382847,3.823440231382847,21059090,anchor_n32768_k2048_m4,0.03623291737682829,32768,0.015101381772779317,0.04786386965983516,completed,2048,4,0.07248490043872866,0.01643777697615682,0.005082647479493316,0.15449622947070285,0.018189726071582743,20.0,0.15136523776876382,0.015207644068149853
4,356,909,1.0,8,0.5,learned,64,0.06964868664815506,paper_anchor,146.0691668120964,0.01468460308958091,full,32768,confirmation,7.657163171647296e-05,20260921,0,6.076990578323603,6.076990578323603,21059100,full,0.0006125730537171129,32768,0.016178698455376516,0.03488246330341489,completed,2048,4,0.1025293427693059,0.023972201532743848,0.00013060417469632401,0.15252137833614593,0.02473388846310267,20.0,0.15212473421204248,0.016365302673758464
4,357,909,1.0,8,0.5,learned,64,0.061466789202746244,paper_anchor,163.80013596787117,0.014285867088875429,factorized_full,32768,confirmation,5.20443902466694e-05,20260921,0,6.135567240417004,6.135567240417004,21059100,factorized_full,0.0004163551188051085,32768,0.015422076816171658,0.02030558195241286,completed,2048,4,0.09537370553582239,0.02358033569551885,1.9881535280180662e-06,0.115155596680318,0.023804187613638294,20.0,0.11487776964165838,0.014914521726244273
8,358,909,1.0,8,0.5,learned,64,0.11311448492250246,paper_anchor,149.92310868362426,0.024077103538015912,tail_anchored,8192,confirmation,7.5118886104531e-05,20260921,0,1.22373803332448,1.22373803332448,21059100,anchor_n8192_k1024_m8,0.0006009510856670776,32768,0.026335128507012764,0.1143571871709091,completed,1024,4,0.1183721156290343,0.026111365702307147,2.108634356105311e-05,0.21384470646972792,0.027644801137584083,20.0,0.21390485849139262,0.026871890710899515
4,359,909,1.0,8,0.5,learned,64,0.05735403928667235,paper_anchor,149.15202657968257,0.012067992705753414,tail_anchored,32768,confirmation,4.584494312456089e-05,20260921,0,3.8709524907171726,3.8709524907171726,21059100,anchor_n32768_k2048_m4,0.00036675954182577015,32768,0.01515480618494378,0.054048385772426426,completed,2048,4,0.08064063254921054,0.01935834634816385,8.187600650459649e-06,0.14727941570045872,0.02005155210259933,20.0,0.14707485524969255,0.013753182949653123
4,360,910,1.0,8,0.5,learned,64,0.08058990037936731,paper_anchor,147.9077670546644,0.018362612339067344,full,32768,confirmation,7.092239328321259e-07,20260921,0,6.0891607739031315,6.0891607739031315,21059110,full,5.673791295894567e-06,32768,0.018636204788268537,0.05215270715466261,completed,2048,4,0.11316011480943992,0.027984185205000123,1.0173187068307499e-06,0.1804982067958241,0.029348931184972553,20.0,0.17905756110426882,0.02112835574966739
4,361,910,1.0,8,0.5,learned,64,0.06991508175013468,paper_anchor,167.7515909113883,0.017851619770352545,factorized_full,32768,confirmation,7.092239327211036e-07,20260921,0,6.179141711443663,6.179141711443663,21059110,factorized_full,5.673791292896965e-06,32768,0.019246302618088913,0.03244179735172159,completed,2048,4,0.10401778219603627,0.02775567645672254,1.0173187067197276e-06,0.09708958048802738,0.028408008696738235,20.0,0.09847495554213662,0.018944580786706668
8,362,910,1.0,8,0.5,learned,64,0.10307190250667324,paper_anchor,146.09438457503123,0.02373762929741058,tail_anchored,8192,confirmation,7.092239327766148e-07,20260921,0,1.222825314849615,1.222825314849615,21059110,anchor_n8192_k1024_m8,5.673791293119009e-06,32768,0.02317028317716999,0.09610329658789794,completed,1024,4,0.12648083801236784,0.030620870563500255,1.0173187067752387e-06,0.20713924609158346,0.03186768121057702,20.0,0.20600653058898263,0.026187946298386368
4,363,910,1.0,8,0.5,learned,64,0.07783486447613965,paper_anchor,150.61197147691328,0.017997433050536235,tail_anchored,32768,confirmation,7.092239327766148e-07,20260921,0,3.838729400187731,3.838729400187731,21059110,anchor_n32768_k2048_m4,5.673791295894567e-06,32768,0.018939897947917016,0.059195867697313366,completed,2048,4,0.09826817394599333,0.02359850580339226,1.0173187067752387e-06,0.16624112639876246,0.025882347396089075,20.0,0.16463944621769377,0.020524661694185656
4,364,911,1.0,8,0.5,learned,64,0.0746920816968154,paper_anchor,132.63555935549354,0.016552238934590197,full,32768,confirmation,0.007116995072730644,20260921,0,6.078689895570278,6.078689895570278,21059120,full,0.053503544635491014,32768,0.0162698646622902,0.07636490618967502,completed,2048,4,0.08965438966525649,0.02156853715715736,0.008439146804289395,0.15277148292249348,0.022434832658814532,20.0,0.14924643469583027,0.018070178019659273
4,365,911,1.0,8,0.5,learned,64,0.10613042355106816,paper_anchor,137.6190857939382,0.027371247620783506,factorized_full,32768,confirmation,0.008867391543858114,20260921,0,6.184494763612747,6.184494763612747,21059120,factorized_full,0.06445402036614586,32768,0.026884228747915743,0.07210940111079608,completed,2048,4,0.12836804555039916,0.03364451956762722,0.010050615736196963,0.09009988849041865,0.03383402629030426,20.0,0.08738666502739699,0.027806969659830295
8,366,911,1.0,8,0.5,learned,64,0.07812007029934814,paper_anchor,121.54585758886446,0.01578130400079455,tail_anchored,8192,confirmation,0.006039070490053393,20260921,0,1.2323010936379433,1.2323010936379433,21059120,anchor_n8192_k1024_m8,0.0455208648055906,32768,0.017138728739858795,0.05149943197828372,completed,1024,4,0.09664851367573926,0.021878977362133203,0.007361222221612145,0.1978902792775643,0.023234949642965456,20.0,0.1953948630189888,0.01931168864659791
4,367,911,1.0,8,0.5,learned,64,0.06784843671359034,paper_anchor,124.5074542674455,0.01567840493782386,tail_anchored,32768,confirmation,0.002240282058015403,20260921,0,3.9057049266994,3.9057049266994,21059120,anchor_n32768_k2048_m4,0.010605152746775304,32768,0.016258867649469173,0.056584933879689714,completed,2048,4,0.0869825917393314,0.020967053136068496,0.003461055435890892,0.12720354292695035,0.021962692442421466,20.0,0.12475660718059502,0.016454070180399055
4,368,912,1.0,8,0.5,learned,64,0.07291514304634292,paper_anchor,137.00202830880076,0.016534361813631666,full,32768,confirmation,0.0012682088515132833,20260921,0,6.080074306577444,6.080074306577444,21059130,full,0.010141888072656535,32768,0.018840085681697406,0.044177561617841074,completed,2048,4,0.1046191046519522,0.025409900985823776,0.00043387838792961764,0.1683504731386889,0.026989752656433268,20.0,0.16731823532864756,0.01843756400381983
4,369,912,1.0,8,0.5,learned,64,0.04453675720904805,paper_anchor,151.55439801423438,0.00986155246762134,factorized_full,32768,confirmation,0.003279929483147148,20260921,0,6.18025916069746,6.18025916069746,21059130,factorized_full,0.02623267259965764,32768,0.011518875539950197,0.00926088585570832,completed,2048,4,0.07561887141132152,0.01908258624899536,0.004114832792221357,0.1352281463024341,0.019408283698276834,20.0,0.13416080495941635,0.010754544179950705
8,370,912,1.0,8,0.5,learned,64,0.07680361527798493,paper_anchor,138.5467060716538,0.016256729390976735,tail_anchored,8192,confirmation,0.0034904970439969263,20260921,0,1.2288861274719238,1.2288861274719238,21059130,anchor_n8192_k1024_m8,0.027917213086454007,32768,0.019053668226891748,0.041691343257069635,completed,1024,4,0.10663569992536982,0.024758828121245673,0.004325400353071135,0.20062271687697641,0.026256077094347102,20.0,0.19988009546429059,0.018148533915323242
4,371,912,1.0,8,0.5,learned,64,0.05413420691604427,paper_anchor,144.57958032166968,0.010133991902679914,tail_anchored,32768,confirmation,0.0028495219716933584,20260921,0,3.896890241652727,3.896890241652727,21059130,anchor_n32768_k2048_m4,0.022792393034097136,32768,0.013507276370083102,0.0357257487932398,completed,2048,4,0.08539948253360133,0.019119872096282534,0.0020151915081096927,0.17364426611848938,0.021413166192833538,20.0,0.17312625658804157,0.013401408730555375
4,372,913,1.0,8,0.5,learned,64,0.0731942122684949,paper_anchor,106.16449779174874,0.017131728660160415,full,32768,confirmation,0.007339801158330081,20260921,0,6.081703312695026,6.081703312695026,21059140,full,0.05639305164692229,32768,0.017520527020215955,0.04009351541477037,completed,2048,4,0.10743202847743996,0.0268229240601347,0.009906040676775214,0.1639235807676641,0.027648103751215868,20.0,0.16266066707108862,0.018034237802920627
4,373,913,1.0,8,0.5,learned,64,0.06230882151794883,paper_anchor,124.53664603340029,0.014304215994736948,factorized_full,32768,confirmation,0.004321219602366033,20260921,0,6.120412919670343,6.120412919670343,21059140,factorized_full,0.03210096380241577,32768,0.015030051726509938,0.020428564798668034,completed,2048,4,0.10010364226997472,0.025316142628043145,0.006887459120811165,0.12086398011925002,0.025608665572170328,20.0,0.11954275494242919,0.015190307049380932
8,374,913,1.0,8,0.5,learned,64,0.0773338823768707,paper_anchor,112.52384995009571,0.01571657102203948,tail_anchored,8192,confirmation,0.006670094092907988,20260921,0,1.2326824590563774,1.2326824590563774,21059140,anchor_n8192_k1024_m8,0.0495048226360508,32768,0.019646349976387527,0.03843462041137018,completed,1024,4,0.10791679845631794,0.024531350189233726,0.00923633361135312,0.20190718605695335,0.026551352589621185,20.0,0.20088124369514773,0.018127781587308715
4,375,913,1.0,8,0.5,learned,64,0.06516968833862273,paper_anchor,113.33482657851003,0.013849378136383997,tail_anchored,32768,confirmation,0.0023811145220591383,20260921,0,3.9550618194043636,3.9550618194043636,21059140,anchor_n32768_k2048_m4,0.01604716857528961,32768,0.01659274887588021,0.02293675736527856,completed,2048,4,0.09961448031754669,0.023795183739371596,0.0017284459931613146,0.18826053420818,0.02536615113329873,20.0,0.18707698879194207,0.01608611785752166
4,376,914,1.0,8,0.5,learned,64,0.096781852816261,paper_anchor,156.4670251283707,0.024417111868011213,full,32768,confirmation,0.0006119212495509646,20260921,0,6.074912756681442,6.074912756681442,21059150,full,0.004302544056206128,32768,0.025437288366871917,0.10816494540155036,completed,2048,4,0.11633605561969947,0.030451206124762476,0.00037989038466923475,0.11369483279341014,0.030591392303874032,20.0,0.11121657105580574,0.025313118585880402
4,377,914,1.0,8,0.5,learned,64,0.07046250017271807,paper_anchor,174.0247107416815,0.017844737248613414,factorized_full,32768,confirmation,0.0020456269401723237,20260921,0,6.128119759261608,6.128119759261608,21059150,factorized_full,0.016339338220522467,32768,0.017786442285289503,0.03271578928935723,completed,2048,4,0.09392362796705733,0.02459967914264056,0.0022830069059135566,0.07766554720236267,0.0254713450254046,20.0,0.07510887170373881,0.018949634914442924
8,378,914,1.0,8,0.5,learned,64,0.06357368167502905,paper_anchor,154.07306564210427,0.013282037108676592,tail_anchored,8192,confirmation,0.002036189625647694,20260921,0,1.228897750377655,1.228897750377655,21059150,anchor_n8192_k1024_m8,0.016263839704326155,32768,0.017684572226963034,0.08395308312967292,completed,1024,4,0.07073686465304785,0.015945804478923617,0.002273569591388927,0.13817572427216612,0.017932626876654305,20.0,0.13867869317054643,0.015634031759065473
4,379,914,1.0,8,0.5,learned,64,0.09083953626935587,paper_anchor,161.0374376155011,0.022071342205067578,tail_anchored,32768,confirmation,0.0030529220242097865,20260921,0,3.8307809978723526,3.8307809978723526,21059150,anchor_n32768_k2048_m4,0.024397698892822513,32768,0.024353392771742102,0.07915933274263914,completed,2048,4,0.11301839833620901,0.028823705230780147,0.0032903019899510194,0.1562902287754093,0.030328752913148533,20.0,0.153701927619537,0.02400232216003273
4,380,915,1.0,8,0.5,learned,64,0.09700992427850494,paper_anchor,88.76268741640207,0.02226753921261265,full,32768,confirmation,0.005723062684301089,20260921,0,6.072148710489273,6.072148710489273,21059160,full,0.04577169811168661,32768,0.02075506132871757,0.060369960171150004,completed,2048,4,0.10840618912869884,0.02550342866309255,0.0060598639659923265,0.17473653732312272,0.02649862421828967,20.0,0.1714101312481403,0.023410140388737233
4,381,915,1.0,8,0.5,learned,64,0.06876685493675881,paper_anchor,98.91834323961373,0.01689506899943912,factorized_full,32768,confirmation,0.0012775657237949628,20260921,0,6.1316690891981125,6.1316690891981125,21059160,factorized_full,0.01020772242763581,32768,0.019088983361720713,0.03154513396867427,completed,2048,4,0.08436159757472828,0.021389429087695935,0.0016143670054862003,0.11302872269839064,0.022321482832484023,20.0,0.11059111819755534,0.018040084269388176
8,382,915,1.0,8,0.5,learned,64,0.058745948681023466,paper_anchor,92.9160869209391,0.009492170165002783,tail_anchored,8192,confirmation,0.003431409693234161,20260921,0,1.2245365418493748,1.2245365418493748,21059160,anchor_n8192_k1024_m8,0.027438474183148827,32768,0.014615889006694562,0.03344863620025842,completed,1024,4,0.07347421276705372,0.014013196579324184,0.0037682109749253984,0.21057371271388603,0.01768626194337492,20.0,0.20748271143284316,0.014450612856430955
4,383,915,1.0,8,0.5,learned,64,0.04792858813513791,paper_anchor,91.18252041348804,0.007390048144490312,tail_anchored,32768,confirmation,0.0036157962022694695,20260921,0,3.8136836886405945,3.8136836886405945,21059160,anchor_n32768_k2048_m4,0.028913566255430408,32768,0.013382352804324642,0.029483071828313393,completed,2048,4,0.05988822095881215,0.010923701694427856,0.003952597483960707,0.18271018076006357,0.015102184673358453,20.0,0.17935988595509383,0.012598993396249238
4,384,916,1.0,8,0.5,learned,64,0.06313596721334662,paper_anchor,170.8153001927268,0.014088371537121445,full,32768,confirmation,0.009631866150902472,20260921,0,6.081395234912634,6.081395234912634,21059170,full,0.06468295664863696,32768,0.018676812943648997,0.04769574011701006,completed,2048,4,0.0953327783715992,0.02332308760621548,0.009606472367439054,0.14455274066845542,0.024601485134195324,20.0,0.14348891211040576,0.015476025484270656
4,385,916,1.0,8,0.5,learned,64,0.07722063109458807,paper_anchor,187.0866333515365,0.018044766952848672,factorized_full,32768,confirmation,0.010003549814984941,20260921,0,6.11999673768878,6.11999673768878,21059170,factorized_full,0.06897386029308392,32768,0.025381041598352465,0.03865561773728488,completed,2048,4,0.11112476492684947,0.02777131816522873,0.010290093552236257,0.11843996684766028,0.029123870354890842,20.0,0.11766719691504532,0.019517061603544057
8,386,916,1.0,8,0.5,learned,64,0.07158647991076106,paper_anchor,184.1791420739121,0.014955363675033022,tail_anchored,8192,confirmation,0.019351022783634455,20260921,0,1.2227286286652088,1.2227286286652088,21059170,anchor_n8192_k1024_m8,0.1270986067525386,32768,0.022370689010819397,0.06387451945177958,completed,1024,4,0.10182218064373541,0.023978944178275726,0.01963756652088577,0.17753035018119506,0.02605914184315101,20.0,0.17441098498603755,0.017595058878612648
4,387,916,1.0,8,0.5,learned,64,0.06814087285677473,paper_anchor,170.2511839239318,0.014688003283363619,tail_anchored,32768,confirmation,0.010768466815506484,20260921,0,3.82124175876379,3.82124175876379,21059170,anchor_n32768_k2048_m4,0.06884214883498693,32768,0.019523286873712756,0.04220035517132656,completed,2048,4,0.1000369232341843,0.02392930386532302,0.0110550105527578,0.1648129065609036,0.0259323381194718,20.0,0.16475380304297108,0.01728500203630686
4,388,917,1.0,8,0.5,learned,64,0.043124826476812955,paper_anchor,65.78727892343416,0.007782903282065795,full,32768,confirmation,0.010850586303207663,20260921,0,6.0787569880485535,6.0787569880485535,21059180,full,0.07422061574740367,32768,0.010723139892062993,0.05493593173869757,completed,2048,4,0.052704826074752464,0.010570636479185894,0.012167096454784962,0.13703470794823983,0.012924978620789236,20.0,0.13725162282599696,0.010709367899235822
4,389,917,1.0,8,0.5,learned,64,0.06313649651353856,paper_anchor,72.93665754153787,0.014206445446373218,factorized_full,32768,confirmation,0.005077307945604959,20260921,0,6.1279390305280685,6.1279390305280685,21059180,factorized_full,0.031018221407312214,32768,0.016490464886304096,0.021100161974035806,completed,2048,4,0.07794838235610066,0.01846547339935196,0.004311410686618,0.15291722191959756,0.020015881069457807,20.0,0.15294667854048788,0.016228662947282133
8,390,917,1.0,8,0.5,learned,64,0.0721526624382354,paper_anchor,70.39103519745926,0.014110059648279582,tail_anchored,8192,confirmation,0.013124175141806721,20260921,0,1.2233590930700302,1.2233590930700302,21059180,anchor_n8192_k1024_m8,0.08648548741407382,32768,0.01516745411748668,0.06086904328048276,completed,1024,4,0.08824195823279772,0.019068135567529343,0.01444068529338402,0.1978676084763507,0.021417641427946565,20.0,0.19780298174457683,0.01798824034039801
4,391,917,1.0,8,0.5,learned,64,0.1131324750926839,paper_anchor,70.80017418639117,0.026359762197082436,tail_anchored,32768,confirmation,0.008402191759988145,20260921,0,3.8190637305378914,3.8190637305378914,21059180,anchor_n32768_k2048_m4,0.0478977260259354,32768,0.03620114547184012,0.12792777924331022,completed,2048,4,0.12189660694626031,0.02916510286768053,0.009718701911565444,0.19862431055611401,0.031622735880079716,20.0,0.19842870000314555,0.029723857028687968
4,392,918,1.0,8,0.5,learned,64,0.07793290262392713,paper_anchor,140.48485961330246,0.01804643576190859,full,32768,confirmation,0.0010931299972717033,20260921,0,6.09197049215436,6.09197049215436,21059190,full,0.00873470529155816,32768,0.01858947711902971,0.04862399759232068,completed,2048,4,0.10613186877856969,0.025916684036464417,0.001260065412916923,0.155062963166342,0.02732552642470502,20.0,0.14977796382331218,0.019454343986174936
4,393,918,1.0,8,0.5,learned,64,0.07891965115528907,paper_anchor,156.33545924575185,0.020102191702410094,factorized_full,32768,confirmation,0.0011055920332026653,20260921,0,6.180403251200914,6.180403251200914,21059190,factorized_full,0.008834401579007306,32768,0.017721498773736057,0.03976076349334633,completed,2048,4,0.1039951528160099,0.027217071464361704,0.001272527448847885,0.0996108553811206,0.027932549071032306,20.0,0.09862727445598066,0.020795052486315253
8,394,918,1.0,8,0.5,learned,64,0.11343201362509073,paper_anchor,144.8811283460253,0.02626429113324532,tail_anchored,8192,confirmation,0.0011839817000116881,20260921,0,1.2299867235124111,1.2299867235124111,21059190,anchor_n8192_k1024_m8,0.009461518913480032,32768,0.035488518391989354,0.130921306328662,completed,1024,4,0.13713239834670546,0.0334076843405689,0.0013509171156569078,0.1804113632018021,0.035374649175229284,20.0,0.17858980609413344,0.029744807325060782
4,395,918,1.0,8,0.5,learned,64,0.05337193519512341,paper_anchor,150.5797732530684,0.00998096682860957,tail_anchored,32768,confirmation,0.000761133954814645,20260921,0,3.822805117815733,3.822805117815733,21059190,anchor_n32768_k2048_m4,0.006078736951905094,32768,0.01392204539952116,0.03380192847567936,completed,2048,4,0.07535208682704114,0.016012187113774168,0.0009280693704598646,0.170591458053109,0.01866741578203688,20.0,0.1672033660410241,0.01281246097893535
4,396,919,1.0,8,0.5,learned,64,0.05533489923640729,paper_anchor,103.12863919811913,0.012213221487093777,full,32768,confirmation,0.005443477407433318,20260921,0,6.140116363763809,6.140116363763809,21059200,full,0.03452851602762336,32768,0.012755971570813294,0.03214673051349427,completed,2048,4,0.07236311737952478,0.017208696487476707,0.0053591888220566805,0.14669123419249125,0.017931480810091438,20.0,0.14378191776657084,0.013501962655269904
4,397,919,1.0,8,0.5,learned,64,0.048092542001505534,paper_anchor,115.00194035779427,0.010930472740999201,factorized_full,32768,confirmation,0.004897188089675944,20260921,0,6.129320032894611,6.129320032894611,21059200,factorized_full,0.035816141900642265,32768,0.012001412646489382,0.013159893074985286,completed,2048,4,0.06709550538441031,0.016427956747765468,0.0054315589104141915,0.12985140502475567,0.017537433436962374,20.0,0.12768925538062395,0.012524724044508714
8,398,919,1.0,8,0.5,learned,64,0.07925063634209174,paper_anchor,105.46668371219937,0.016833305432494436,tail_anchored,8192,confirmation,0.012108048713441986,20260921,0,1.2301374524831772,1.2301374524831772,21059200,anchor_n8192_k1024_m8,0.09044345982758156,32768,0.019555619395532534,0.09002339399197996,completed,1024,4,0.0945186964132338,0.021055329469868114,0.012642419534180233,0.19033941031036733,0.023325781826902234,20.0,0.18746041117183915,0.019476547544294044
4,399,919,1.0,8,0.5,learned,64,0.057821949994725716,paper_anchor,105.49161525478885,0.010827076327656953,tail_anchored,32768,confirmation,0.004513937385843622,20260921,0,3.8349541798233986,3.8349541798233986,21059200,anchor_n32768_k2048_m4,0.0318483219636761,32768,0.014146345432832748,0.034271650379147846,completed,2048,4,0.07187704632842734,0.014530128131559189,0.005048308206581869,0.1631635459108728,0.017760508353059888,20.0,0.16032767281967414,0.013981269967517692
