batch,cell_id,dataset_seed,diffusion,dimension,ess_fraction,family,groups,ks_mean,line,log_normalizer,mean_absolute_error,method,particles,phase,positive_mass_error,projection_seed,repeat,seconds,seconds_including_preparation,seed,setting_id,sign_joint_tv,sliced_reference_samples,sliced_w1_32,standardized_offdiagonal_second_rms,status,steps,training_seed,true_ks_mean,true_mean_absolute_error,true_positive_mass_error,true_variance_relative_error,true_w1_mean,u_max,variance_relative_error,w1_mean
8,0,900,1.0,8,0.5,learned,64,0.0656121155892452,matched_anchor,89.26312557596373,0.014041213091002515,full,8192,confirmation,0.005093166377130942,20260921,0,1.4039318785071373,1.4039318785071373,21019010,full,0.03863846771443431,32768,0.013813117752855996,0.03498910010925211,completed,1024,0,0.06343940071453763,0.013087527043855598,0.0021833271031698265,0.1837369736132215,0.015930162120223947,20.0,0.18380094796547536,0.016231502578545193
8,1,900,1.0,8,0.5,learned,64,0.050512293125224095,matched_anchor,102.89555903345568,0.009842221757714894,factorized_full,8192,confirmation,0.0037447552242789173,20260921,0,1.5036715380847454,1.5036715380847454,21019010,factorized_full,0.027226733643482798,32768,0.011259648043953407,0.010679805365106113,completed,1024,0,0.046949665706099396,0.008690130277528723,0.006789421971869228,0.15838468585155446,0.011681399553718632,20.0,0.1587824332622071,0.012382481157078618
8,2,900,1.0,8,0.5,learned,64,0.05863538139157494,matched_anchor,92.45654007473966,0.01195820061062898,tail_anchored,8192,confirmation,0.002059367380799704,20260921,0,1.224971130490303,1.224971130490303,21019010,anchor_n8192_k1024_m8,0.014255978802530071,32768,0.014954184055521859,0.06311860628429308,completed,1024,0,0.05323753873720269,0.009827874553771463,0.0023494051019226224,0.15213099798650864,0.0126694876016286,20.0,0.15254955065738462,0.013912311275369594
8,3,901,1.0,8,0.5,learned,64,0.10503853525491696,matched_anchor,84.22894464221662,0.023389617107504986,full,8192,confirmation,0.02685450959319562,20260921,0,1.4032141529023647,1.4032141529023647,21019020,full,0.1212748818352547,32768,0.025362020199128102,0.08319176569387875,completed,1024,0,0.09645939241029351,0.02068297760641306,0.02202369681656616,0.1947644523080897,0.02331496487396629,20.0,0.19553158829556508,0.02600537352279972
8,4,901,1.0,8,0.5,learned,64,0.04874892507754931,matched_anchor,96.65812339946031,0.009332557673885935,factorized_full,8192,confirmation,0.008187973155105194,20260921,0,1.50369381159544,1.50369381159544,21019020,factorized_full,0.045245727278051255,32768,0.011749229648404025,0.01584222093991167,completed,1024,0,0.048885845524220456,0.00906428231621113,0.0073933910742111225,0.13744098472107036,0.012284102117880513,20.0,0.13827332302340942,0.011817900954147474
8,5,901,1.0,8,0.5,learned,64,0.05253691001774651,matched_anchor,86.5518377225271,0.007960222257868393,tail_anchored,8192,confirmation,0.011167082271266391,20260921,0,1.204020418226719,1.204020418226719,21019020,anchor_n8192_k1024_m8,0.08059342569239589,32768,0.011472480493284691,0.04182335317134478,completed,1024,0,0.06527583106618212,0.012028099712340003,0.01339121947848197,0.19781998081746544,0.014998678708713485,20.0,0.1985887345122091,0.012614657483223875
8,6,902,1.0,8,0.5,learned,64,0.16422758043248237,matched_anchor,144.83877359364132,0.037319310691639476,full,8192,confirmation,4.486215815451e-05,20260921,0,1.529631346464157,1.529631346464157,21019030,full,0.0003588972652114261,32768,0.04281691438349632,0.18597043875661742,completed,1024,0,0.16853708107033225,0.039116139382211604,3.558170584797016e-05,0.2419865047439099,0.04092309280385707,20.0,0.24455741912851414,0.03976766447511535
8,7,902,1.0,8,0.5,learned,64,0.08476824523937923,matched_anchor,157.203446448904,0.020915419509332248,factorized_full,8192,confirmation,4.486215815428796e-05,20260921,0,1.4415024556219578,1.4415024556219578,21019030,factorized_full,0.000358897265210871,32768,0.026395565908526236,0.050011617532982895,completed,1024,0,0.09344649904802887,0.023412687180724465,3.558170584774811e-05,0.12126061916347307,0.02481556970146055,20.0,0.12398403437204314,0.02244631720592102
8,8,902,1.0,8,0.5,learned,64,0.06391451424983884,matched_anchor,144.36233688183083,0.010542916844734636,tail_anchored,8192,confirmation,4.486215815451e-05,20260921,0,1.2255174666643143,1.2255174666643143,21019030,anchor_n8192_k1024_m8,0.0003588972652093722,32768,0.01742754574284379,0.038264794224272855,completed,1024,0,0.09107131913166189,0.019753133801523597,3.558170584797016e-05,0.20769032518938974,0.02198841330841797,20.0,0.2103881198647673,0.016199315401743464
8,9,903,1.0,8,0.5,learned,64,0.06961599245988784,matched_anchor,167.9044398815366,0.013645026783232393,full,8192,confirmation,0.015296497831180679,20260921,0,1.3648809641599655,1.3648809641599655,21019040,full,0.08618386758377786,32768,0.017989168071924563,0.05504049626437334,completed,1024,0,0.0709233063634675,0.014012230337180728,0.013469197887935554,0.17386807203695542,0.01714961725473296,20.0,0.1752957881149994,0.016908510041020917
8,10,903,1.0,8,0.5,learned,64,0.07081467496877408,matched_anchor,182.36236689110328,0.015610613019251198,factorized_full,8192,confirmation,0.016230693016925743,20260921,0,1.498100209981203,1.498100209981203,21019040,factorized_full,0.08870949344497836,32768,0.017220674908762758,0.02980783024130475,completed,1024,0,0.07540779961607477,0.016647592841332277,0.014403393073680618,0.16047269990630203,0.018750997023743055,20.0,0.16216939034510086,0.018424280543555244
8,11,903,1.0,8,0.5,learned,64,0.14174398034328264,matched_anchor,162.73898577512102,0.03378167442265085,tail_anchored,8192,confirmation,0.023411325849575212,20260921,0,1.201700795441866,1.201700795441866,21019040,anchor_n8192_k1024_m8,0.13738873240133082,32768,0.030740072172087154,0.13397148010940507,completed,1024,0,0.14294366964618327,0.033935170934983536,0.025543963334750217,0.21858956787880182,0.035489242015773165,20.0,0.22008538425439367,0.03513136127478626
8,12,904,1.0,8,0.5,learned,64,0.0652327770765367,matched_anchor,118.85769707027941,0.013535875605832887,full,8192,confirmation,0.0062275006807723104,20260921,0,1.4050212278962135,1.4050212278962135,21019050,full,0.03846797847725235,32768,0.015031432785037518,0.050796981915421646,completed,1024,0,0.08215661464555923,0.018727169159393077,0.009441030769982067,0.17369752816710116,0.02025376911906401,20.0,0.17559463185878016,0.015733537082454768
8,13,904,1.0,8,0.5,learned,64,0.0578098998512591,matched_anchor,126.82270622280218,0.011395698664139614,factorized_full,8192,confirmation,0.012238440088903707,20260921,0,1.4963242560625076,1.4963242560625076,21019050,factorized_full,0.06535217141193546,32768,0.015055453312965924,0.017194608941999687,completed,1024,0,0.07293991017605796,0.015760219241278704,0.016152966789666975,0.17170603410035415,0.018251901209601757,20.0,0.1737460905748211,0.014073280611239474
8,14,904,1.0,8,0.5,learned,64,0.05314817387536996,matched_anchor,118.55445141536812,0.010322749288114493,tail_anchored,8192,confirmation,0.01959424403040004,20260921,0,1.2285464815795422,1.2285464815795422,21019050,anchor_n8192_k1024_m8,0.08730365188213515,32768,0.012488460033655321,0.06589344775446518,completed,1024,0,0.053688725700777,0.010022342346362585,0.012146649340993715,0.14607133256382332,0.013055992629934898,20.0,0.1421626294439528,0.01283504240727592
8,15,905,1.0,8,0.5,learned,64,0.097080642554367,matched_anchor,62.782505963166166,0.02089588255518339,full,8192,confirmation,0.017401694061743512,20260921,0,1.4038727581501007,1.4038727581501007,21019060,full,0.11748925001593721,32768,0.024923255584704998,0.10625765607466339,completed,1024,0,0.10846075819805227,0.02404870204133166,0.019455259016505373,0.16908749541945822,0.026061645760542505,20.0,0.16788591228899324,0.022815278490289564
8,16,905,1.0,8,0.5,learned,64,0.06559103378897138,matched_anchor,71.23517560338047,0.015614921226698782,factorized_full,8192,confirmation,0.006184413423422297,20260921,0,1.497178353369236,1.497178353369236,21019060,factorized_full,0.03393131677711482,32768,0.016618264463082018,0.026069618984006764,completed,1024,0,0.07056208268578415,0.01722126518270145,0.004130981777615561,0.08071977881203299,0.017536767155943565,20.0,0.07963875796204514,0.016185458880198858
8,17,905,1.0,8,0.5,learned,64,0.05022866025102618,matched_anchor,65.28920107768923,0.007836623491028778,tail_anchored,8192,confirmation,0.005133823351943536,20260921,0,1.2233336009085178,1.2233336009085178,21019060,anchor_n8192_k1024_m8,0.03998899004419997,32768,0.011648245603440674,0.04101144460287339,completed,1024,0,0.06548886656494513,0.01236125931407907,0.004721509748505517,0.18433967076137636,0.01565728790571011,20.0,0.1831596574752615,0.012066119496594963
8,18,906,1.0,8,0.5,learned,64,0.09757279227960486,matched_anchor,88.97382571451404,0.0220425967842846,full,8192,confirmation,0.015192259326215901,20260921,0,1.4002108573913574,1.4002108573913574,21019070,full,0.1036115713834472,32768,0.025790226149740438,0.06026440504533143,completed,1024,0,0.11242775721301268,0.02649546559196004,0.013742903202236673,0.2197528925425063,0.0285464086707561,20.0,0.21567232939076586,0.024704567589055027
8,19,906,1.0,8,0.5,learned,64,0.05700737326845452,matched_anchor,98.32589948071885,0.01244048269441981,factorized_full,8192,confirmation,0.005629030621446984,20260921,0,1.4926796481013298,1.4926796481013298,21019070,factorized_full,0.036704725308424446,32768,0.013477271860330384,0.01516778114385463,completed,1024,0,0.062322413558878444,0.013743591432906758,0.004179674497467756,0.15329602066054665,0.017044409145102205,20.0,0.14903756612426017,0.014128633661220236
8,20,906,1.0,8,0.5,learned,64,0.044563274365404165,matched_anchor,91.18899192675309,0.006534206258759929,tail_anchored,8192,confirmation,0.0067458263092116805,20260921,0,1.223361574113369,1.223361574113369,21019070,anchor_n8192_k1024_m8,0.04565111206016615,32768,0.011041469847248542,0.044283725491752524,completed,1024,0,0.051277256461287016,0.009549177527879014,0.005296470185232452,0.18126629389501855,0.012677481764791068,20.0,0.1772238714838405,0.010520644910809996
8,21,907,1.0,8,0.5,learned,64,0.06646188099664213,matched_anchor,135.43938665305942,0.013815949805300438,full,8192,confirmation,0.0012676738556840783,20260921,0,1.4008815214037895,1.4008815214037895,21019080,full,0.010141390775343033,32768,0.015769999743934556,0.07127660474037571,completed,1024,0,0.06328307666925036,0.013298163848673432,0.0007686389586647629,0.14397820857259458,0.016042868987013174,20.0,0.14632308579850722,0.0174108761182036
8,22,907,1.0,8,0.5,learned,64,0.09770589988953947,matched_anchor,150.78228637179484,0.023341882776829914,factorized_full,8192,confirmation,0.0015765575740400717,20260921,0,1.4997479245066643,1.4997479245066643,21019080,factorized_full,0.012612460522189712,32768,0.026790655397796487,0.08233390207717847,completed,1024,0,0.09892567037637866,0.023824620318306303,0.0010775226770207563,0.11784074689212029,0.02611178758923568,20.0,0.11698516269441114,0.02598252422088168
8,23,907,1.0,8,0.5,learned,64,0.06297961265615849,matched_anchor,141.27771445732247,0.012865341935136769,tail_anchored,8192,confirmation,0.0013348006764504182,20260921,0,1.2241961732506752,1.2241961732506752,21019080,anchor_n8192_k1024_m8,0.010678405341471773,32768,0.0160703349518563,0.05869015724202778,completed,1024,0,0.06582942087491717,0.014198991208211033,0.0008357657794311028,0.18092394412155277,0.017501039118432052,20.0,0.18306051860963957,0.016411787364933934
8,24,908,1.0,8,0.5,learned,64,0.050728750775181394,matched_anchor,68.93031698588298,0.008262832718219683,full,8192,confirmation,0.004420645899198417,20260921,0,1.406447660177946,1.406447660177946,21019090,full,0.03447257693821124,32768,0.011121760881731148,0.061778769095808046,completed,1024,0,0.04957220513881884,0.00806480603932368,0.005798251724067608,0.15136586960252377,0.011660450242925599,20.0,0.15315970402440465,0.011885281219105464
8,25,908,1.0,8,0.5,learned,64,0.04786191939667251,matched_anchor,79.40570376956401,0.009383484212681491,factorized_full,8192,confirmation,0.004428550656728605,20260921,0,1.5070377327501774,1.5070377327501774,21019090,factorized_full,0.03453581499845314,32768,0.012723885105602979,0.013038787824730702,completed,1024,0,0.052065191370881544,0.010311657685079044,0.005806156481597796,0.1546614840213369,0.013391904811149387,20.0,0.15636173788683044,0.011630260439601333
8,26,908,1.0,8,0.5,learned,64,0.09199769762763763,matched_anchor,68.72710557585106,0.01957589984377652,tail_anchored,8192,confirmation,0.0057522848707807425,20260921,0,1.20353939011693,1.20353939011693,21019090,anchor_n8192_k1024_m8,0.037710232777615066,32768,0.022896736653867746,0.06285341855178839,completed,1024,0,0.09294448264279642,0.020064664796029592,0.004948914655343313,0.2256021650661196,0.022116707441965915,20.0,0.22726705484474083,0.02204050286343061
8,27,909,1.0,8,0.5,learned,64,0.08645233896139165,matched_anchor,144.40199333962815,0.01738259840774073,full,8192,confirmation,0.0003836779702053741,20260921,0,1.4010026678442955,1.4010026678442955,21019100,full,0.0030694237616240077,32768,0.02017405217714513,0.04905594618412935,completed,1024,0,0.0955223778470232,0.020244305531602703,0.00031971046016612907,0.20992942091256517,0.0227324179444262,20.0,0.2091433069407633,0.021309184227501027
8,28,909,1.0,8,0.5,learned,64,0.0577445111936655,matched_anchor,162.85476228771753,0.012542919989924864,factorized_full,8192,confirmation,0.00020870254042756886,20260921,0,1.4977841340005398,1.4977841340005398,21019100,factorized_full,0.0016696203199566525,32768,0.01635499859101023,0.017869062304251452,completed,1024,0,0.06824466526553309,0.015831364768548344,0.0002726700508281915,0.13085707295343474,0.016460161211834686,20.0,0.13008639996700855,0.013641218637674575
8,29,909,1.0,8,0.5,learned,64,0.09874686715952424,matched_anchor,153.95495037719638,0.021629987360397798,tail_anchored,8192,confirmation,0.000437260701811424,20260921,0,1.2024779431521893,1.2024779431521893,21019100,anchor_n8192_k1024_m8,0.0034980856144755153,32768,0.025517969596104844,0.10958325893950373,completed,1024,0,0.09916845018841355,0.021642294841646183,0.00037329319177217894,0.20566216056316058,0.024558853758268818,20.0,0.20429449329823857,0.023956402365002745
8,30,910,1.0,8,0.5,learned,64,0.06096278170740427,matched_anchor,142.37009987468628,0.011475171485820487,full,8192,confirmation,1.181581932060971e-06,20260921,0,1.3443854413926601,1.3443854413926601,21019110,full,9.45265490542486e-06,32768,0.014752103514255007,0.0526730258772625,completed,1024,0,0.06867566303706721,0.013147375913553916,1.0173187067752387e-06,0.18517301443157827,0.016259512816105014,20.0,0.1869548724790081,0.014141809649994067
8,31,910,1.0,8,0.5,learned,64,0.07931194141086959,matched_anchor,160.1483668621762,0.01882931251533565,factorized_full,8192,confirmation,1.18158193200546e-06,20260921,0,1.5116695500910282,1.5116695500910282,21019110,factorized_full,9.452654903648503e-06,32768,0.018994252090884674,0.03649288691027647,completed,1024,0,0.07212459529390798,0.016089170493903196,1.0173187067197276e-06,0.16643965184788934,0.018054186526283156,20.0,0.16809372753420704,0.02001076963534267
8,32,910,1.0,8,0.5,learned,64,0.05787393968257583,matched_anchor,143.33946031870934,0.01141665290856872,tail_anchored,8192,confirmation,1.1815819321719934e-06,20260921,0,1.2281182892620564,1.2281182892620564,21019110,anchor_n8192_k1024_m8,9.452654903537481e-06,32768,0.016369444232948335,0.03745986712690911,completed,1024,0,0.0776135898836635,0.01750398582178704,1.017318706886261e-06,0.17845995518773997,0.01978002445880158,20.0,0.18019609784557483,0.015225742826536014
8,33,911,1.0,8,0.5,learned,64,0.05816761058452123,matched_anchor,120.59513905696846,0.010241392195344243,full,8192,confirmation,0.004956451522800092,20260921,0,1.406289853155613,1.406289853155613,21019120,full,0.03857392047533274,32768,0.01458811652180935,0.0422433270647572,completed,1024,0,0.055481045441618214,0.00928589491254525,0.005433952457018176,0.19210910051861702,0.013788728008500974,20.0,0.19278380537809137,0.014154058142293759
8,34,911,1.0,8,0.5,learned,64,0.056023820505491574,matched_anchor,135.22387234450738,0.010806430995747993,factorized_full,8192,confirmation,0.0035322810534735988,20260921,0,1.501892264932394,1.501892264932394,21019120,factorized_full,0.02591396582277918,32768,0.014404431260528561,0.017622866661607912,completed,1024,0,0.06398228298141576,0.01367599242392135,0.004009781987691682,0.1466620137940592,0.015283018406636548,20.0,0.14769623675428675,0.013948611412745464
8,35,911,1.0,8,0.5,learned,64,0.08389234770414461,matched_anchor,135.31266844892414,0.017807299534359704,tail_anchored,8192,confirmation,0.0009223686341119107,20260921,0,1.2175759114325047,1.2175759114325047,21019120,anchor_n8192_k1024_m8,0.007283168594450926,32768,0.018653054830989037,0.0445760036207309,completed,1024,0,0.0721487983776576,0.01432703321323366,0.0014763830874285227,0.183889108959227,0.017024132033943887,20.0,0.18509919883288733,0.0197922969523301
8,36,912,1.0,8,0.5,learned,64,0.057930533124956274,matched_anchor,135.1430340798798,0.010786996590992288,full,8192,confirmation,0.003146362492128643,20260921,0,1.3505209274590015,1.3505209274590015,21019130,full,0.025165485896845082,32768,0.01393241136643724,0.038084072835577916,completed,1024,0,0.07152165506332725,0.014466011674409668,0.004783444069135098,0.18500946868938362,0.016762950976942765,20.0,0.1838439252037015,0.013746665288689112
8,37,912,1.0,8,0.5,learned,64,0.0623744845046912,matched_anchor,158.64492718603674,0.013942128955535038,factorized_full,8192,confirmation,0.0023614328379122085,20260921,0,1.499501310288906,1.499501310288906,21019130,factorized_full,0.01888090200514064,32768,0.01363627796289819,0.023920240424476887,completed,1024,0,0.06148456285109442,0.014152335869630368,0.0007235669230807318,0.1529102260241053,0.016125773921307426,20.0,0.15349313374161827,0.015282732201735719
8,38,912,1.0,8,0.5,learned,64,0.06683963660695938,matched_anchor,140.0362472685868,0.012292063251632871,tail_anchored,8192,confirmation,0.0010396855078609324,20260921,0,1.2479097805917263,1.2479097805917263,21019130,anchor_n8192_k1024_m8,0.008312070022703172,32768,0.016582795122298273,0.04134013639597256,completed,1024,0,0.07377310062658592,0.013759963448762829,0.0026767670848673875,0.20519697303870676,0.017911949955470623,20.0,0.2038672128743877,0.015600627653994116
8,39,913,1.0,8,0.5,learned,64,0.10249560373926857,matched_anchor,109.86140327005008,0.024176072264913615,full,8192,confirmation,0.004054080602798143,20260921,0,1.4692074209451675,1.4692074209451675,21019140,full,0.028675671464120853,32768,0.024562223812740445,0.11490056415072722,completed,1024,0,0.11006830792153065,0.026246483236570927,0.006007278696373238,0.21380558771990224,0.028766506332843597,20.0,0.21678477541164368,0.027174569472168536
8,40,913,1.0,8,0.5,learned,64,0.055861521885019444,matched_anchor,128.92356215378277,0.011931110800696865,factorized_full,8192,confirmation,0.010185675553433776,20260921,0,1.498864784836769,1.498864784836769,21019140,factorized_full,0.07674868490575652,32768,0.0140004586644901,0.017102012864876105,completed,1024,0,0.06552534942806235,0.015082801243853229,0.008314155898154915,0.15150895555254967,0.01661039072615128,20.0,0.15639589083103084,0.014408500058287043
8,41,913,1.0,8,0.5,learned,64,0.1040622811605588,matched_anchor,113.85929761491474,0.026509541652074843,tail_anchored,8192,confirmation,0.02425616681989978,20260921,0,1.349403202533722,1.349403202533722,21019140,anchor_n8192_k1024_m8,0.19204899470861692,32768,0.025833383700027045,0.086580915627607,completed,1024,0,0.10189421314122715,0.025931750537856763,0.026209364913474874,0.16725752293434387,0.026817871080708024,20.0,0.17202909329362415,0.02727191819525008
8,42,914,1.0,8,0.5,learned,64,0.08819323122613959,matched_anchor,153.35490975563954,0.019629839448237894,full,8192,confirmation,0.0028489077374080074,20260921,0,1.411576647311449,1.411576647311449,21019150,full,0.02277113618841651,32768,0.021196209721768354,0.05594256383584206,completed,1024,0,0.09020494076237096,0.020119247969034623,0.0034529449482849223,0.20780946632650993,0.02203631405845858,20.0,0.20750995294942984,0.02115518229835211
8,43,914,1.0,8,0.5,learned,64,0.08252702581161422,matched_anchor,176.70338016717966,0.0205354271490146,factorized_full,8192,confirmation,0.0020299218434741417,20260921,0,1.5046507306396961,1.5046507306396961,21019150,factorized_full,0.016219249036946846,32768,0.019436846815092515,0.04078218336469328,completed,1024,0,0.07506542992934068,0.01859501345932079,0.0026339590543510566,0.1376541384098537,0.019525427347815927,20.0,0.13697319251915135,0.021507645220206068
8,44,914,1.0,8,0.5,learned,64,0.10772895047032563,matched_anchor,148.2759980408012,0.023557260669769008,tail_anchored,8192,confirmation,0.0023266513679214007,20260921,0,1.2237393893301487,1.2237393893301487,21019150,anchor_n8192_k1024_m8,0.018593085232523298,32768,0.020773932994372767,0.10252295558551237,completed,1024,0,0.09490618383108398,0.01999930128304518,0.0029306885787983156,0.19184257757201653,0.022137179862482127,20.0,0.18928875576904636,0.025227713914646586
8,45,915,1.0,8,0.5,learned,64,0.05009946120836775,matched_anchor,86.59072803127296,0.006748913560489626,full,8192,confirmation,0.004888327370518072,20260921,0,1.4222466573119164,1.4222466573119164,21019160,full,0.0390970401266035,32768,0.012022131242099453,0.031231465529550993,completed,1024,0,0.06012283792039989,0.010274019014781512,0.006508468370380105,0.206582298663944,0.013300353741283081,20.0,0.20487641591449682,0.011636834578389208
8,46,915,1.0,8,0.5,learned,64,0.061456261176293256,matched_anchor,100.2750879899824,0.014713614677387844,factorized_full,8192,confirmation,0.004777856376717918,20260921,0,1.5032812543213367,1.5032812543213367,21019160,factorized_full,0.03821327217619934,32768,0.016743740092972532,0.02767915712073282,completed,1024,0,0.05420185075554189,0.0128364198257142,0.00639799737657995,0.13671970048700127,0.0142390013337509,20.0,0.13565123966544326,0.016610442606474454
8,47,915,1.0,8,0.5,learned,64,0.06327990635077609,matched_anchor,88.94905953153904,0.013372600369010633,tail_anchored,8192,confirmation,0.004910549984815604,20260921,0,1.2010238505899906,1.2010238505899906,21019160,anchor_n8192_k1024_m8,0.03927482104098078,32768,0.014222365656863547,0.09771451264078854,completed,1024,0,0.07156728298479578,0.015550919409902577,0.006530690984677637,0.14798808216170978,0.01769782143041497,20.0,0.14623589814466356,0.016016405153391845
8,48,916,1.0,8,0.5,learned,64,0.08140890685002503,matched_anchor,170.20467186513577,0.01687548434612037,full,8192,confirmation,0.003245910537128578,20260921,0,1.4013591036200523,1.4013591036200523,21019170,full,0.022311776049106044,32768,0.01806255701709799,0.05082794512224831,completed,1024,0,0.08625203795467228,0.01819223687955067,0.007085580246675309,0.1924023992531165,0.02047252534951318,20.0,0.1880631892571839,0.019020525545704187
8,49,916,1.0,8,0.5,learned,64,0.057836742387348386,matched_anchor,182.21154377509305,0.012570186593935221,factorized_full,8192,confirmation,0.006069415538816833,20260921,0,1.5446963720023632,1.5446963720023632,21019170,factorized_full,0.03862460446213147,32768,0.01795403891102696,0.02006904799167527,completed,1024,0,0.06703023044585248,0.014756928917350023,0.006013926224995081,0.14499935941439318,0.016714199877027467,20.0,0.1411771291869372,0.014253346174659117
8,50,916,1.0,8,0.5,learned,64,0.07663097122659765,matched_anchor,179.67013414224223,0.01621399492856624,tail_anchored,8192,confirmation,0.011043115040384558,20260921,0,1.2230952270328999,1.2230952270328999,21019170,anchor_n8192_k1024_m8,0.08234971524679506,32768,0.02691016215834656,0.07681109069466771,completed,1024,0,0.093067028476228,0.02081755044607694,0.015064347380428578,0.15409649229203243,0.023258122739705196,20.0,0.14977363546875805,0.018892047950116293
8,51,917,1.0,8,0.5,learned,64,0.06491072541596557,matched_anchor,69.8504355892587,0.012134647130594294,full,8192,confirmation,0.005994386557244581,20260921,0,1.402841854840517,1.402841854840517,21019180,full,0.027121735723480925,32768,0.016849188881666546,0.05902918272250363,completed,1024,0,0.06025800357912223,0.011450679183668757,0.009858464654731135,0.1811701447231411,0.015036069206486454,20.0,0.1840821192122747,0.01588380142490657
8,52,917,1.0,8,0.5,learned,64,0.06959747364757969,matched_anchor,77.342662746058,0.016938481834271973,factorized_full,8192,confirmation,0.004719449813796614,20260921,0,1.4968915209174156,1.4968915209174156,21019180,factorized_full,0.029339978412465606,32768,0.015719239832035863,0.03136778523637775,completed,1024,0,0.06819968256254053,0.016575885001017882,0.009457437297946125,0.11581227863396935,0.018007283538462517,20.0,0.12408363353763865,0.017810738043069846
8,53,917,1.0,8,0.5,learned,64,0.05184703965477633,matched_anchor,67.5929131423719,0.0092352857945769,tail_anchored,8192,confirmation,0.006215953463575244,20260921,0,1.228689767420292,1.228689767420292,21019180,anchor_n8192_k1024_m8,0.03618529840718561,32768,0.013684250346011596,0.04845479778009213,completed,1024,0,0.05903661148808013,0.012313894807588337,0.00436413144028433,0.180678324884534,0.014884710054982743,20.0,0.18528599127555223,0.01263592860185712
8,54,918,1.0,8,0.5,learned,64,0.19517101330994563,matched_anchor,145.4413721333354,0.04675953209528815,full,8192,confirmation,0.0013153847583749875,20260921,0,1.4120604656636715,1.4120604656636715,21019190,full,0.010509821294771,32768,0.029629989389414475,0.21804896585199313,completed,1024,0,0.19991293120246278,0.04797953625991321,0.0016019912649648219,0.28679278618944093,0.04924834800241683,20.0,0.2861217463257638,0.047737692606082
8,55,918,1.0,8,0.5,learned,64,0.05656598546160023,matched_anchor,156.8388601856759,0.011305965309906942,factorized_full,8192,confirmation,0.0007036333446018006,20260921,0,1.5038903467357159,1.5038903467357159,21019190,factorized_full,0.005615809984587218,32768,0.014902633375356196,0.01820520134518436,completed,1024,0,0.060813079847489404,0.012663938094709677,0.000990239851191635,0.16745847046913181,0.015095531609841853,20.0,0.16664011007359364,0.013964379257170815
8,56,918,1.0,8,0.5,learned,64,0.10973703305385984,matched_anchor,152.53016680686994,0.024935773986145215,tail_anchored,8192,confirmation,0.001039277591144569,20260921,0,1.223785974085331,1.223785974085331,21019190,anchor_n8192_k1024_m8,0.008300963956930554,32768,0.03267574066288355,0.11275477816437722,completed,1024,0,0.11876396908528279,0.02809471194405405,0.0013258840977344033,0.19911219649854367,0.02988445059992141,20.0,0.19845781749880065,0.027767905320687764
8,57,919,1.0,8,0.5,learned,64,0.07857529588556626,matched_anchor,110.6650877073014,0.01502175370856688,full,8192,confirmation,0.011419448371145485,20260921,0,1.4160004444420338,1.4160004444420338,21019200,full,0.08538605488936434,32768,0.019900278115179276,0.033198771022327794,completed,1024,0,0.08124446330973242,0.015519979924192115,0.01429653580544862,0.23161214114804912,0.018898635959196823,20.0,0.23106573620159848,0.01843257259942741
8,58,919,1.0,8,0.5,learned,64,0.059049977779795204,matched_anchor,114.62222765837367,0.011898582063146972,factorized_full,8192,confirmation,0.0011387947323606845,20260921,0,1.5300007686018944,1.5300007686018944,21019200,factorized_full,0.009103771865342997,32768,0.013136838234806578,0.01770508254156798,completed,1024,0,0.04825431012721138,0.008059945581311878,0.0039361975822891915,0.15285169413920022,0.011366486215659312,20.0,0.152124604827349,0.013309990844995416
8,59,919,1.0,8,0.5,learned,64,0.10829901511805202,matched_anchor,103.5572853291609,0.024109722754454596,tail_anchored,8192,confirmation,0.006411403670575249,20260921,0,1.2262025028467178,1.2262025028467178,21019200,anchor_n8192_k1024_m8,0.03366254150938197,32768,0.02025167976154301,0.08449249432016263,completed,1024,0,0.1202298240997233,0.02725806592059843,0.0032139063662216995,0.17519256878427064,0.02874691419084103,20.0,0.1746081808838,0.025128477855829636
8,60,900,1.0,8,0.5,learned,64,0.06774984522381325,matched_anchor,88.270698938466,0.01590515421362091,full,8192,confirmation,0.008732137705565184,20260921,0,1.3989416882395744,1.3989416882395744,21029010,full,0.07039506607526624,32768,0.014033037494596267,0.08835520531665225,completed,1024,1,0.06612700163349367,0.014855513846655094,0.009741480400743179,0.14652619220034396,0.01663584450157551,20.0,0.15430708939374543,0.01743786878701909
8,61,900,1.0,8,0.5,learned,64,0.05761907733915115,matched_anchor,100.17516590269739,0.012933614812844232,factorized_full,8192,confirmation,0.004669602015026711,20260921,0,1.4942020066082478,1.4942020066082478,21029010,factorized_full,0.03473769651135897,32768,0.01297257397325077,0.019401523940086287,completed,1024,1,0.056876117179074356,0.012957117247250079,0.00568975355023317,0.13187471711974474,0.01420862910520175,20.0,0.13698234602169435,0.014502440012671272
8,62,900,1.0,8,0.5,learned,64,0.048637515898588744,matched_anchor,90.20586709332231,0.006850466056431558,tail_anchored,8192,confirmation,0.003767645828227792,20260921,0,1.2217491492629051,1.2217491492629051,21029010,anchor_n8192_k1024_m8,0.02667134636275858,32768,0.012582208370080035,0.03350745737077196,completed,1024,1,0.050633790211269805,0.007727478605511078,0.004787797363434251,0.18951149369781184,0.01268289544846236,20.0,0.1941855450216881,0.012253042492886553
8,63,901,1.0,8,0.5,learned,64,0.164018738900424,matched_anchor,87.32390761830642,0.04008077117997105,full,8192,confirmation,0.034960805133054954,20260921,0,1.4093739986419678,1.4093739986419678,21029020,full,0.21384684309778723,32768,0.04074555997667402,0.26505462793692236,completed,1024,1,0.15862433700446757,0.03829590223701618,0.03408284835989927,0.17438763235240992,0.03908635816482897,20.0,0.17902704680176573,0.0406289261218646
8,64,901,1.0,8,0.5,learned,64,0.044635938061104455,matched_anchor,91.74946571811034,0.007723389320227811,factorized_full,8192,confirmation,0.0083586825961105,20260921,0,1.5503303483128548,1.5503303483128548,21029020,factorized_full,0.0476358423845733,32768,0.011103712067296892,0.011325567838593382,completed,1024,1,0.03912196748229296,0.006103214695893826,0.0076680492773361225,0.14658456413447815,0.00981045057246953,20.0,0.14981935412016795,0.010981882417304831
8,65,901,1.0,8,0.5,learned,64,0.06224882396827648,matched_anchor,88.1234603702994,0.010927799312120318,tail_anchored,8192,confirmation,0.01316949201029545,20260921,0,1.2232172936201096,1.2232172936201096,21029020,anchor_n8192_k1024_m8,0.07931482402513904,32768,0.015137418969972739,0.04182508759205613,completed,1024,1,0.05676009404831327,0.009565137902390131,0.012478858691521072,0.1966248940787185,0.013926454055061939,20.0,0.19974201443390488,0.015118555488599058
8,66,902,1.0,8,0.5,learned,64,0.07779513335896326,matched_anchor,148.38497108645964,0.016212293250765557,full,8192,confirmation,3.616424033098253e-05,20260921,0,1.518334060907364,1.518334060907364,21029030,full,0.0002893139226333853,32768,0.019579321469351117,0.04165261703314783,completed,1024,1,0.07323941812216837,0.01508576748863441,3.558170584774811e-05,0.17917949631687896,0.017446148759079325,20.0,0.18484464033599685,0.018750302246643244
8,67,902,1.0,8,0.5,learned,64,0.08292440473305888,matched_anchor,163.96862930671324,0.02020755340287516,factorized_full,8192,confirmation,3.616424033098253e-05,20260921,0,1.5039144679903984,1.5039144679903984,21029030,factorized_full,0.00028931392263366286,32768,0.02291846318348543,0.04371663618353479,completed,1024,1,0.07901168791338381,0.019081027640744014,3.558170584774811e-05,0.12918125080071818,0.020355725115129675,20.0,0.13346420815593138,0.021208403322282434
8,68,902,1.0,8,0.5,learned,64,0.10512535896714387,matched_anchor,147.4733486463639,0.025789255020209033,tail_anchored,8192,confirmation,3.6164240331093556e-05,20260921,0,1.2000619024038315,1.2000619024038315,21029030,anchor_n8192_k1024_m8,0.00028931392263410695,32768,0.03732935989329393,0.20337894864512485,completed,1024,1,0.102207871936543,0.025061801896657854,3.5581705847859135e-05,0.23406911915187706,0.028669897885349578,20.0,0.2334113224158157,0.02982447491030387
8,69,903,1.0,8,0.5,learned,64,0.06943425819150717,matched_anchor,158.56726997189497,0.01354549043357242,full,8192,confirmation,0.010416015929637062,20260921,0,1.409572895616293,1.409572895616293,21029040,full,0.06371115640046694,32768,0.018423074634428122,0.06342971454752688,completed,1024,1,0.06627517388723951,0.013743301143719012,0.011363880925686978,0.15466681813139754,0.017015158654142392,20.0,0.15857981102542706,0.017988568917225715
8,70,903,1.0,8,0.5,learned,64,0.0575981519226992,matched_anchor,179.57375114299265,0.012539646108796062,factorized_full,8192,confirmation,0.015835899171380702,20260921,0,1.4990840032696724,1.4990840032696724,21029040,factorized_full,0.08875898802997065,32768,0.014104483869872723,0.022759973850437057,completed,1024,1,0.055854183099378375,0.01250097034481398,0.016783764167430618,0.1253897459064923,0.014034096714508993,20.0,0.13060260653025885,0.014551611497742313
8,71,903,1.0,8,0.5,learned,64,0.08812030614476482,matched_anchor,164.39526401806188,0.01841784403540533,tail_anchored,8192,confirmation,0.01212584371463708,20260921,0,1.259488895535469,1.259488895535469,21029040,anchor_n8192_k1024_m8,0.07403663950190545,32768,0.02039140440794149,0.05620746381556461,completed,1024,1,0.08542148046448522,0.01749408322928528,0.013073708710686995,0.20893202054203597,0.021462393011858823,20.0,0.21340150676828984,0.02197917522080671
8,72,904,1.0,8,0.5,learned,64,0.1369838941991758,matched_anchor,115.12779738327657,0.030275462213820357,full,8192,confirmation,0.023757433873963667,20260921,0,1.4020359367132187,1.4020359367132187,21029050,full,0.12481599395938281,32768,0.03572251675979672,0.19778150735001945,completed,1024,1,0.1346372456749923,0.02968150806425583,0.022192146106961068,0.2291551193494341,0.034300751299849795,20.0,0.2316747447553146,0.03582381176197852
8,73,904,1.0,8,0.5,learned,64,0.052062263851006756,matched_anchor,127.8161586474882,0.010334296548539117,factorized_full,8192,confirmation,0.007554494434940481,20260921,0,1.4999948926270008,1.4999948926270008,21029050,factorized_full,0.04274799383160231,32768,0.014155056259129252,0.015189325350074692,completed,1024,1,0.05088367659627422,0.010146410073431998,0.006995739396778791,0.13623775991458237,0.012683348791118664,20.0,0.13999520550301453,0.013275483034702197
8,74,904,1.0,8,0.5,learned,64,0.09801943471433616,matched_anchor,119.50332438290364,0.021327020455143213,tail_anchored,8192,confirmation,0.02008386375977752,20260921,0,1.2236835025250912,1.2236835025250912,21029050,anchor_n8192_k1024_m8,0.12787483743062178,32768,0.029347974019862,0.07736111038997923,completed,1024,1,0.09478496205197001,0.020562310479075155,0.02030824445138906,0.19736189097130807,0.024128860325989432,20.0,0.20085040930435094,0.025335527932068343
8,75,905,1.0,8,0.5,learned,64,0.045353416677653524,matched_anchor,65.3593557192626,0.006775545010386529,full,8192,confirmation,0.005391463520877986,20260921,0,1.4081879779696465,1.4081879779696465,21029060,full,0.04210182857398599,32768,0.011044785687086209,0.03145005584244145,completed,1024,1,0.04622812125280282,0.007202289955103686,0.005816960462538344,0.1752224328951362,0.01106730336370619,20.0,0.17957370001895226,0.010615052657746607
8,76,905,1.0,8,0.5,learned,64,0.042231558248553375,matched_anchor,71.65132059471117,0.007418745778869508,factorized_full,8192,confirmation,0.0050617176321566815,20260921,0,1.4983950592577457,1.4983950592577457,21029060,factorized_full,0.03857169769742874,32768,0.010825223373913125,0.012607990867491,completed,1024,1,0.04659958709310846,0.008827446451915471,0.00548721457381704,0.15119641341333054,0.011844853615767233,20.0,0.15574005145645364,0.010661660225067706
8,77,905,1.0,8,0.5,learned,64,0.06194679162352628,matched_anchor,62.58976759285169,0.012729013054869513,tail_anchored,8192,confirmation,0.004909595887900967,20260921,0,1.2235850356519222,1.2235850356519222,21029060,anchor_n8192_k1024_m8,0.0380349185638812,32768,0.013485588300356344,0.05341169663844191,completed,1024,1,0.06408714053073011,0.013676492980313275,0.0053350928295613255,0.1555322666635463,0.015869376964053623,20.0,0.1598508503749313,0.015328973057683982
8,78,906,1.0,8,0.5,learned,64,0.04740114728858824,matched_anchor,87.75464998500696,0.007454708323142982,full,8192,confirmation,0.007819331817262928,20260921,0,1.3763583078980446,1.3763583078980446,21029070,full,0.05739468317935992,32768,0.012676716756035232,0.026702868667218674,completed,1024,1,0.052466560304525824,0.00915601921648402,0.008977781451988914,0.1681506389481684,0.012258645174410415,20.0,0.1703014781874339,0.011290518621601927
8,79,906,1.0,8,0.5,learned,64,0.07407435039758806,matched_anchor,102.36836569838131,0.018024236874987866,factorized_full,8192,confirmation,0.00358580005805427,20260921,0,1.5003874115645885,1.5003874115645885,21029070,factorized_full,0.025937900619745116,32768,0.024855134842906093,0.04036791419176604,completed,1024,1,0.07761256816617373,0.01921851674967083,0.004744249692780256,0.24188325133076344,0.021974683026348918,20.0,0.24257698474997413,0.021024638721904285
8,80,906,1.0,8,0.5,learned,64,0.07371043205007852,matched_anchor,97.12659542757872,0.015437521049248686,tail_anchored,8192,confirmation,0.014060377481648949,20260921,0,1.2356322593986988,1.2356322593986988,21029070,anchor_n8192_k1024_m8,0.06364629543498082,32768,0.01935573746546823,0.10500698519579249,completed,1024,1,0.07727557335869206,0.016635764454199994,0.012887487221670248,0.18252823936282944,0.020342525192425496,20.0,0.18284853802748974,0.019560864414620203
8,81,907,1.0,8,0.5,learned,64,0.1094388546046842,matched_anchor,140.04040095413134,0.024895099481978017,full,8192,confirmation,0.0015872636732339857,20260921,0,1.4023400358855724,1.4023400358855724,21029080,full,0.012698109288623194,32768,0.023690830010955344,0.084563961403738,completed,1024,1,0.11235904838052349,0.025629820761964794,0.0015523342972078003,0.19482014026787103,0.02753128858381096,20.0,0.20067158586966463,0.02714578049530242
8,82,907,1.0,8,0.5,learned,64,0.08992558968006999,matched_anchor,153.12291041903677,0.02299498263478656,factorized_full,8192,confirmation,0.0014786629905469417,20260921,0,1.4988574422895908,1.4988574422895908,21029080,factorized_full,0.011829303827127,32768,0.021218991421851043,0.058068501753954706,completed,1024,1,0.09352333046274076,0.02356902132603956,0.0014437336145207563,0.10500339505146349,0.025551234383710163,20.0,0.11376072238138617,0.024078914891139724
8,83,907,1.0,8,0.5,learned,64,0.0981949636189227,matched_anchor,139.6414571712677,0.021853555061413676,tail_anchored,8192,confirmation,0.0014185857277580504,20260921,0,1.2227251157164574,1.2227251157164574,21029080,anchor_n8192_k1024_m8,0.011348685724816138,32768,0.023679209441733715,0.07769669298979903,completed,1024,1,0.10680749644365019,0.024181501291016178,0.001383656351731865,0.1971156088705841,0.026153206844064327,20.0,0.2028760821414941,0.024391728364685457
8,84,908,1.0,8,0.5,learned,64,0.057494720341687955,matched_anchor,67.59551503397715,0.009288204748444946,full,8192,confirmation,0.003658426271679463,20260921,0,1.408176675438881,1.408176675438881,21029090,full,0.02810501378718208,32768,0.016179300738316756,0.04218946127908725,completed,1024,1,0.06028840619434136,0.010279232031672605,0.0036303819868971215,0.18587780254828984,0.015077814480716739,20.0,0.19239557187983297,0.014486575209710905
8,85,908,1.0,8,0.5,learned,64,0.056321850321373344,matched_anchor,80.13677154433182,0.012977285342761609,factorized_full,8192,confirmation,0.0014701870945051376,20260921,0,1.4453213065862656,1.4453213065862656,21029090,factorized_full,0.011331522244785348,32768,0.012821485490784365,0.01656587699825821,completed,1024,1,0.0646880125866621,0.015632830741134803,0.0014421428097227962,0.11672596742049464,0.01682986651814042,20.0,0.12375474103832125,0.014591206323079503
8,86,908,1.0,8,0.5,learned,64,0.061745789479142,matched_anchor,72.20704207986658,0.011537470774361975,tail_anchored,8192,confirmation,0.002698632393313923,20260921,0,1.222355917096138,1.222355917096138,21029090,anchor_n8192_k1024_m8,0.017871526001403522,32768,0.015281744707362026,0.057254323844439875,completed,1024,1,0.06806043403424027,0.013621883096410242,0.0026753805430227225,0.18769609780726626,0.01692302190719543,20.0,0.1907447557705101,0.01571344673518134
8,87,909,1.0,8,0.5,learned,64,0.06502502319169781,matched_anchor,150.72611465373927,0.013356560983645134,full,8192,confirmation,0.00037495912509116064,20260921,0,1.4132712632417679,1.4132712632417679,21029100,full,0.0029996730007035757,32768,0.016021143072492715,0.037411005698006816,completed,1024,1,0.06382818719740777,0.012880670203825148,0.00041801512334892893,0.18234209693326892,0.015530904614443494,20.0,0.1847331154031417,0.015272563952015514
8,88,909,1.0,8,0.5,learned,64,0.06664160947344644,matched_anchor,164.48962923887194,0.014841237341435581,factorized_full,8192,confirmation,0.0004014370380827498,20260921,0,1.49973189458251,1.49973189458251,21029100,factorized_full,0.0032114963046383695,32768,0.014577929915476705,0.023114996373634875,completed,1024,1,0.0588552199988232,0.012772782269391707,0.00044449303634051807,0.145451111335678,0.014358432262262405,20.0,0.14765998386040513,0.01625673391120308
8,89,909,1.0,8,0.5,learned,64,0.06236078448215432,matched_anchor,151.81391937562518,0.011220249719534475,tail_anchored,8192,confirmation,0.0001790111785416202,20260921,0,1.2630413509905338,1.2630413509905338,21029100,anchor_n8192_k1024_m8,0.0014320894283059967,32768,0.013387020137882264,0.06908282176539486,completed,1024,1,0.06573829159618375,0.012164922342256988,0.0002220671767993885,0.199850445820614,0.016172757949010165,20.0,0.20183285284898506,0.015165401042139393
8,90,910,1.0,8,0.5,learned,64,0.07124804033610763,matched_anchor,138.87835351368088,0.014227790011382788,full,8192,confirmation,8.892246181058105e-07,20260921,0,1.3551270328462124,1.3551270328462124,21029110,full,7.113796659982679e-06,32768,0.017428538270191866,0.029222522678521826,completed,1024,1,0.06837213512001095,0.013722155740676145,1.0173187068307499e-06,0.20532206571439784,0.015905679566495433,20.0,0.2093262144140906,0.016568126887043507
8,91,910,1.0,8,0.5,learned,64,0.07860753975895562,matched_anchor,154.8589851455419,0.020328656693603855,factorized_full,8192,confirmation,8.892246179947882e-07,20260921,0,1.4955649673938751,1.4955649673938751,21029110,factorized_full,7.1137966595385895e-06,32768,0.025143564101056313,0.04142543066202183,completed,1024,1,0.07650029800181804,0.01979719530944596,1.0173187067197276e-06,0.09815824858069722,0.021270381396961267,20.0,0.10139477109809615,0.022027616604842815
8,92,910,1.0,8,0.5,learned,64,0.08248155574662679,matched_anchor,139.0453092800055,0.017744439820545813,tail_anchored,8192,confirmation,8.892246181613217e-07,20260921,0,1.2814765237271786,1.2814765237271786,21029110,anchor_n8192_k1024_m8,7.113796660204723e-06,32768,0.022768258769000557,0.04234756027880796,completed,1024,1,0.07795171961721342,0.016594474460418868,1.017318706886261e-06,0.18659363588218617,0.019498912137171767,20.0,0.19046148730681142,0.020712396419437114
8,93,911,1.0,8,0.5,learned,64,0.0778712531159019,matched_anchor,117.24113399438293,0.016010281767731383,full,8192,confirmation,0.007403420490305512,20260921,0,1.4051381312310696,1.4051381312310696,21029120,full,0.056587231324505875,32768,0.018820346246420733,0.03727120413421804,completed,1024,1,0.08344890465633212,0.017918034686360124,0.008019259317713315,0.20446855833210187,0.01966267358428309,20.0,0.21013939004185994,0.018781299812527092
8,94,911,1.0,8,0.5,learned,64,0.06635223941995241,matched_anchor,137.52595752668452,0.01543883824613582,factorized_full,8192,confirmation,0.00701027616809638,20260921,0,1.4442875236272812,1.4442875236272812,21029120,factorized_full,0.05461097465459069,32768,0.01524116495562563,0.027052677840086217,completed,1024,1,0.07290889444773986,0.01742066672389039,0.007626114995504182,0.14631622092912383,0.018837367067938947,20.0,0.15479963253887152,0.017137936671067187
8,95,911,1.0,8,0.5,learned,64,0.056092966695808585,matched_anchor,124.76574635513109,0.010692018139388283,tail_anchored,8192,confirmation,0.0076010659067814925,20260921,0,1.2232314608991146,1.2232314608991146,21029120,anchor_n8192_k1024_m8,0.057076948537250254,32768,0.018222656406040972,0.12110697500944234,completed,1024,1,0.06166947340229862,0.012933083296376907,0.008216904734189295,0.15736364370051834,0.016124420430062927,20.0,0.15930450925875028,0.015132036223373412
8,96,912,1.0,8,0.5,learned,64,0.06656261628239674,matched_anchor,136.09189565759533,0.011475834897774827,full,8192,confirmation,0.003693041908253633,20260921,0,1.4017112106084824,1.4017112106084824,21029130,full,0.029536838606959825,32768,0.015825333825916096,0.042539374960953544,completed,1024,1,0.075238297545304,0.014148126896562575,0.0058211831876376074,0.19614459951280871,0.017008906496883455,20.0,0.19622319162035287,0.015338200685685137
8,97,912,1.0,8,0.5,learned,64,0.06311236456110537,matched_anchor,157.81095718549747,0.0134268250048797,factorized_full,8192,confirmation,0.0009757967374467574,20260921,0,1.5009953416883945,1.5009953416883945,21029130,factorized_full,0.00779887724050432,32768,0.017019473119782424,0.029565195707863638,completed,1024,1,0.06150659322758252,0.01332314722600791,0.0031039380168307318,0.133922719870038,0.015363451820616467,20.0,0.1366229712947063,0.0160644269455524
8,98,912,1.0,8,0.5,learned,64,0.06530828802989644,matched_anchor,145.93077842456103,0.012323336927368585,tail_anchored,8192,confirmation,0.002469235413423712,20260921,0,1.2201107405126095,1.2201107405126095,21029130,anchor_n8192_k1024_m8,0.019749498677095773,32768,0.016849795433212716,0.03449491206597904,completed,1024,1,0.05831254046697339,0.010186047387721548,0.0003413331584820045,0.2008552874419417,0.013209517981876032,20.0,0.20334280179442898,0.015036829727411404
8,99,913,1.0,8,0.5,learned,64,0.0656981557457061,matched_anchor,110.465808223511,0.013627170824805367,full,8192,confirmation,0.0016169590208062468,20260921,0,1.40562279894948,1.40562279894948,21029140,full,0.008471085234929418,32768,0.017654118036145305,0.03409274054013374,completed,1024,1,0.06854481790332997,0.014703042370339524,0.002784362407841648,0.18744042980993583,0.017127541721387595,20.0,0.19502744663637808,0.016163015174492378
8,100,913,1.0,8,0.5,learned,64,0.061999104377200326,matched_anchor,122.95555005162572,0.014622142289144234,factorized_full,8192,confirmation,0.0009591528113081227,20260921,0,1.5030686482787132,1.5030686482787132,21029140,factorized_full,0.007601068331215969,32768,0.020111946852475318,0.02733958493441607,completed,1024,1,0.06705836499246412,0.016257392369363334,0.003400825820029915,0.1159644625119403,0.018317773401503038,20.0,0.12429505150485277,0.01690586075559173
8,101,913,1.0,8,0.5,learned,64,0.07025080797707511,matched_anchor,112.25133505606566,0.013314832881433463,tail_anchored,8192,confirmation,0.006919641686884831,20260921,0,1.22270467877388,1.22270467877388,21029140,anchor_n8192_k1024_m8,0.0541609326463101,32768,0.01729131756196477,0.03712741606799391,completed,1024,1,0.07324820240067248,0.014578911454395573,0.009361314695606623,0.21071452449232198,0.018347868760099882,20.0,0.2181149956166914,0.017457141503978216
8,102,914,1.0,8,0.5,learned,64,0.09794168432958719,matched_anchor,154.02372751280967,0.021884231680458378,full,8192,confirmation,0.0028428095043750434,20260921,0,1.4062496423721313,1.4062496423721313,21029150,full,0.022710044731831053,32768,0.01965832558762832,0.07618369133477866,completed,1024,1,0.10071066357074075,0.022648335242095665,0.002344326062598087,0.18950415912596208,0.02552465166891292,20.0,0.19353190061437872,0.02432318305247158
8,103,914,1.0,8,0.5,learned,64,0.06294342991028028,matched_anchor,166.24809050362705,0.013120268738876839,factorized_full,8192,confirmation,0.002583126089878013,20260921,0,1.4431171976029873,1.4431171976029873,21029150,factorized_full,0.020632577415856092,32768,0.013651098705875511,0.020205746718620514,completed,1024,1,0.06587694386540009,0.013884372300514126,0.0020846426481010566,0.16275113126896001,0.01635383842335022,20.0,0.1670752041334546,0.015207384102428691
8,104,914,1.0,8,0.5,learned,64,0.06285942302878973,matched_anchor,158.19653026996323,0.012871064257253623,tail_anchored,8192,confirmation,0.00013076720052306035,20260921,0,1.2046943195164204,1.2046943195164204,21029150,anchor_n8192_k1024_m8,0.000598545407588118,32768,0.01496518009852213,0.05922946807647113,completed,1024,1,0.06643765706586408,0.013901695286276085,0.0004836148224047765,0.1617455757959711,0.01649744273563508,20.0,0.16588195919368925,0.015130202907013631
8,105,915,1.0,8,0.5,learned,64,0.056830815405144536,matched_anchor,89.37214114833161,0.011125038957452038,full,8192,confirmation,0.003222409428012482,20260921,0,1.4238431565463543,1.4238431565463543,21029160,full,0.025762883182010005,32768,0.012971869958720548,0.0485055004415667,completed,1024,1,0.05604888503457231,0.011085960148792186,0.0030506978475079854,0.16114257603160959,0.013384504586105666,20.0,0.1637653616256578,0.0136934574046125
8,106,915,1.0,8,0.5,learned,64,0.0513916335465176,matched_anchor,98.09658516732114,0.01021672694537061,factorized_full,8192,confirmation,0.003624762668021947,20260921,0,1.4996434450149536,1.4996434450149536,21029160,factorized_full,0.028981709102085723,32768,0.011949294808884006,0.017505736660329292,completed,1024,1,0.051094270298557884,0.01013311279687381,0.0034530510875174503,0.14191400276962268,0.012413730218704774,20.0,0.14457476651202406,0.011950602207853704
8,107,915,1.0,8,0.5,learned,64,0.11974835961388684,matched_anchor,89.23908371471774,0.026253178688125156,tail_anchored,8192,confirmation,0.0027467601493555843,20260921,0,1.223932635039091,1.223932635039091,21029160,anchor_n8192_k1024_m8,0.02182715253337541,32768,0.031017377610396257,0.14415087576547403,completed,1024,1,0.12207554355659789,0.026750463318541702,0.0029124169961116525,0.19100817953994237,0.028923396593900936,20.0,0.1937806491911322,0.027904539050181188
8,108,916,1.0,8,0.5,learned,64,0.12531760845016024,matched_anchor,170.85894285178725,0.0302787074999641,full,8192,confirmation,0.018133073205290735,20260921,0,1.34837082400918,1.34837082400918,21029170,full,0.08692770523854879,32768,0.03757299868826523,0.2612343255066,completed,1024,1,0.11013427649921645,0.025324396069447443,0.01931438163276545,0.1841298374232656,0.02796572372408339,20.0,0.19590576202656113,0.03273717011127293
8,109,916,1.0,8,0.5,learned,64,0.05629682708593041,matched_anchor,185.49092925845494,0.01223527325755981,factorized_full,8192,confirmation,0.013504436079345261,20260921,0,1.5597289986908436,1.5597289986908436,21029170,factorized_full,0.08675448792948004,32768,0.017978489486977528,0.024829422648976206,completed,1024,1,0.041371506018686825,0.00720928044355138,0.012407358842182581,0.13128430869315372,0.010230683713323072,20.0,0.12897121296074857,0.014316126309185538
8,110,916,1.0,8,0.5,learned,64,0.09604478140024844,matched_anchor,176.97950018856375,0.020184525334371418,tail_anchored,8192,confirmation,0.008502132578859076,20260921,0,1.2270066812634468,1.2270066812634468,21029170,anchor_n8192_k1024_m8,0.05314497283244697,32768,0.02533760727066233,0.05261431977836282,completed,1024,1,0.07799318090153515,0.014045015933140611,0.007305764905265696,0.22459291822612107,0.019531751591939997,20.0,0.22241748515974374,0.022912560209936473
8,111,917,1.0,8,0.5,learned,64,0.12562580215472943,matched_anchor,70.58768066626811,0.03024094584815445,full,8192,confirmation,0.021831547266422308,20260921,0,1.360877387225628,1.360877387225628,21029180,full,0.14876410773939436,32768,0.030839616072460916,0.18346661649294763,completed,1024,1,0.12962665593566178,0.03155883520769136,0.02085643620074494,0.14958504924367932,0.03206093629905532,20.0,0.15718890600652208,0.030941187873870138
8,112,917,1.0,8,0.5,learned,64,0.048885703452956834,matched_anchor,72.48813318650916,0.009416789291431558,factorized_full,8192,confirmation,0.0038359077361015542,20260921,0,1.4983448423445225,1.4983448423445225,21029180,factorized_full,0.02603727360653599,32768,0.011350933746281284,0.01251669154919005,completed,1024,1,0.0548648710029552,0.011661702068918312,0.00481116334191109,0.1516888101323936,0.01437648438521744,20.0,0.1612666939567846,0.012516556571514233
8,113,917,1.0,8,0.5,learned,64,0.05142182415414791,matched_anchor,70.19576107158824,0.007573324737868972,tail_anchored,8192,confirmation,0.0034637439946770265,20260921,0,1.2041333317756653,1.2041333317756653,21029180,anchor_n8192_k1024_m8,0.024666121012772324,32768,0.013373694721611283,0.03212720659606062,completed,1024,1,0.056123527027885686,0.009458052935856793,0.0038208408777419406,0.2093330990675515,0.013692354311039915,20.0,0.21838968316892596,0.01299590882274518
8,114,918,1.0,8,0.5,learned,64,0.054988378098198884,matched_anchor,139.8500161444452,0.011104878997725762,full,8192,confirmation,0.0016146017033572962,20260921,0,1.4066275656223297,1.4066275656223297,21029190,full,0.010409944205373542,32768,0.01298115803661513,0.07452914545599255,completed,1024,1,0.06515893668280857,0.014230622127160149,0.001587927251813337,0.1911908170930972,0.017493847845105274,20.0,0.19760436978277268,0.01455582439565106
8,115,918,1.0,8,0.5,learned,64,0.05774416464974154,matched_anchor,157.69120157374607,0.013701876569400029,factorized_full,8192,confirmation,0.0003569861235301064,20260921,0,1.6478800661861897,1.6478800661861897,21029190,factorized_full,0.0028419010933681517,32768,0.014773949518414419,0.021717056050881475,completed,1024,1,0.0595181036320406,0.013975530664804038,0.00031885313244163493,0.12447830555159749,0.01591654846125344,20.0,0.12862125696380647,0.015332422950811726
8,116,918,1.0,8,0.5,learned,64,0.09505360993272947,matched_anchor,144.93507200878565,0.020980243848369724,tail_anchored,8192,confirmation,0.001171388188904823,20260921,0,1.2212579809129238,1.2212579809129238,21029190,anchor_n8192_k1024_m8,0.00935711761636492,32768,0.022285701422388615,0.16675142964606282,completed,1024,1,0.09538951638578975,0.021504976445489196,0.0011332551978163515,0.17885338676150703,0.026524082899273254,20.0,0.1819480615019713,0.026627832413699364
8,117,919,1.0,8,0.5,learned,64,0.0845805124741537,matched_anchor,108.36615941848356,0.018497735883603494,full,8192,confirmation,0.011688073248371046,20260921,0,1.4040334150195122,1.4040334150195122,21029200,full,0.08914174655960701,32768,0.01923140449910528,0.08437874150437741,completed,1024,1,0.07492673779124662,0.015574272673141014,0.011950665212136703,0.197552726155729,0.017902286363805107,20.0,0.20094194772997712,0.01995428106432185
8,118,919,1.0,8,0.5,learned,64,0.04243756577608773,matched_anchor,115.76328836542018,0.007874805198880942,factorized_full,8192,confirmation,0.0035057589388360344,20260921,0,1.4952405206859112,1.4952405206859112,21029200,factorized_full,0.026228384888463685,32768,0.009734543465247308,0.011299405521984723,completed,1024,1,0.04790337981460484,0.009439005802885802,0.0037683509026016915,0.14094892986126872,0.011553994683733557,20.0,0.14481185518927772,0.010371049323715058
8,119,919,1.0,8,0.5,learned,64,0.051095607171499344,matched_anchor,109.00048950585851,0.009000339349475563,tail_anchored,8192,confirmation,0.005124488727535749,20260921,0,1.3053367510437965,1.3053367510437965,21029200,anchor_n8192_k1024_m8,0.0356767844600038,32768,0.013942356136057545,0.059697438285761045,completed,1024,1,0.05727431810968142,0.011343411197126693,0.005387080691301406,0.1699255638870963,0.014140609465523942,20.0,0.1736360622730289,0.012474853493788112
8,120,900,1.0,8,0.5,learned,64,0.048184128226743964,matched_anchor,88.34953365213391,0.008685721214283487,full,8192,confirmation,0.0022208218479235903,20260921,0,1.472293734550476,1.472293734550476,21039010,full,0.015408129088343846,32768,0.010417223945268946,0.03899782524253991,completed,1024,2,0.05863570078679051,0.011035590134651475,0.005979036228394491,0.1840637325066602,0.014018435083293203,20.0,0.17168384221892308,0.011407416127653294
8,121,900,1.0,8,0.5,learned,64,0.04875541647931967,matched_anchor,104.6279689493765,0.009369934570423295,factorized_full,8192,confirmation,0.0022043183238273645,20260921,0,1.5054734386503696,1.5054734386503696,21039010,factorized_full,0.013532296282460297,32768,0.010233879035779382,0.012480694253609072,completed,1024,2,0.05179197079296011,0.00987810537244653,0.003087428776886267,0.1533715172513331,0.012690831842886385,20.0,0.1402060758340392,0.011557192067588616
8,122,900,1.0,8,0.5,learned,64,0.04598204456080911,matched_anchor,90.31531809543793,0.006463692661084987,tail_anchored,8192,confirmation,0.004017635867665958,20260921,0,1.2223997935652733,1.2223997935652733,21039010,anchor_n8192_k1024_m8,0.032564157439185726,32768,0.01148210983970512,0.040275182668851404,completed,1024,2,0.046589844511937505,0.006473318075808608,0.0006333814134051312,0.19598961326993003,0.010969690344828236,20.0,0.1840421873107686,0.01078723266510569
8,123,901,1.0,8,0.5,learned,64,0.09749720215857799,matched_anchor,84.0903644236315,0.021595181281155673,full,8192,confirmation,0.020286321684019084,20260921,0,1.4031821861863136,1.4031821861863136,21039020,full,0.1160663133115474,32768,0.025812972720681053,0.10123031576523572,completed,1024,2,0.07628522905607833,0.014932950066794924,0.015323108670191179,0.20636356240418244,0.019163165323397697,20.0,0.19198970975134977,0.023605024910081034
8,124,901,1.0,8,0.5,learned,64,0.05238120210045483,matched_anchor,95.00001437122998,0.00983355004760697,factorized_full,8192,confirmation,0.013634987642801674,20260921,0,1.495588306337595,1.495588306337595,21039020,factorized_full,0.07431310296549964,32768,0.011074113928628249,0.012807825854068743,completed,1024,2,0.06353184698804108,0.012910948296776189,0.011292985105637157,0.16911727690345746,0.014985249233577302,20.0,0.15386092632565612,0.012121982033546641
8,125,901,1.0,8,0.5,learned,64,0.10969873076296494,matched_anchor,86.64505926494391,0.025216491924000717,tail_anchored,8192,confirmation,0.035968172245422286,20260921,0,1.2242103964090347,1.2242103964090347,21039020,anchor_n8192_k1024_m8,0.22050891217531288,32768,0.022509488915312167,0.17035392201340574,completed,1024,2,0.11327134934882405,0.025616823626841798,0.038117099622151984,0.1558920834349135,0.029118097151249727,20.0,0.14729531260711792,0.027225392894164698
8,126,902,1.0,8,0.5,learned,64,0.2297894775899957,matched_anchor,146.3599238809201,0.05708474689989518,full,8192,confirmation,2.639540088288095e-05,20260921,0,1.4118224792182446,1.4118224792182446,21039030,full,0.00021116320705681153,32768,0.07396571196781374,0.4140092410903978,completed,1024,2,0.21987282607953762,0.05399514225096819,3.5581705847803624e-05,0.2552977066097589,0.05589052431298494,20.0,0.24416597550239375,0.05893091632602085
8,127,902,1.0,8,0.5,learned,64,0.07117499217770076,matched_anchor,157.33554089279477,0.01543002323408104,factorized_full,8192,confirmation,2.6395400882825437e-05,20260921,0,1.4967918135225773,1.4967918135225773,21039030,factorized_full,0.00021116320705636744,32768,0.0179710194682526,0.02814529077532427,completed,1024,2,0.05781868508706832,0.011051063430167617,3.558170584774811e-05,0.18738451426800545,0.013022452952079516,20.0,0.17531424056962097,0.017041778018463016
8,128,902,1.0,8,0.5,learned,64,0.0813887071226368,matched_anchor,148.13660079656722,0.018038426559909386,tail_anchored,8192,confirmation,2.6395400883269526e-05,20260921,0,1.2211195826530457,1.2211195826530457,21039030,anchor_n8192_k1024_m8,0.00021116320705592335,32768,0.02266764468829061,0.07145375230107794,completed,1024,2,0.08497761275401972,0.018847707840917653,3.55817058481922e-05,0.20599998910530382,0.020370851087627123,20.0,0.1943364847094808,0.01975736759030923
8,129,903,1.0,8,0.5,learned,64,0.11630493365366915,matched_anchor,162.7298408801759,0.025676586621027557,full,8192,confirmation,0.01989446846730327,20260921,0,1.4131009355187416,1.4131009355187416,21039040,full,0.1328295352257608,32768,0.026108335069786215,0.09287061695034447,completed,1024,2,0.09881210891940831,0.020266376088389257,0.02139086262108853,0.21680980024338287,0.024253376971443766,20.0,0.20393875349146062,0.027484413273593692
8,130,903,1.0,8,0.5,learned,64,0.09295556849194749,matched_anchor,177.50944034607346,0.02201398462617628,factorized_full,8192,confirmation,0.012662858294895357,20260921,0,1.4977946989238262,1.4977946989238262,21039040,factorized_full,0.07369654774103757,32768,0.023395553346091592,0.06080368389661615,completed,1024,2,0.072445310860186,0.015922521125255322,0.014159252448680618,0.1414514488797523,0.01809457679888924,20.0,0.1275706722070351,0.023159281822206917
8,131,903,1.0,8,0.5,learned,64,0.09594053277278355,matched_anchor,166.41699556829545,0.020663058537295914,tail_anchored,8192,confirmation,0.02802315738357107,20260921,0,1.3216708861291409,1.3216708861291409,21039040,anchor_n8192_k1024_m8,0.16698531275610323,32768,0.022216102103702437,0.06810718901011027,completed,1024,2,0.07493092339475672,0.01381712674450342,0.02951955153735633,0.2160796242101578,0.018317616842511382,20.0,0.20342132921599687,0.022383920036100645
8,132,904,1.0,8,0.5,learned,64,0.08315212856381782,matched_anchor,113.24893276092465,0.016906859874184298,full,8192,confirmation,0.00894054421421693,20260921,0,1.3478671349585056,1.3478671349585056,21039050,full,0.056617168537320635,32768,0.023989789656706895,0.06447633447675317,completed,1024,2,0.07940711166727078,0.015586515582967784,0.014983264088299225,0.1982018137889197,0.018030127257962433,20.0,0.18581308362505228,0.019855516589063933
8,133,904,1.0,8,0.5,learned,64,0.1106448018416693,matched_anchor,133.2409868900916,0.027720078282103072,factorized_full,8192,confirmation,0.042939788522379924,20260921,0,1.443142019212246,1.443142019212246,21039050,factorized_full,0.25588060384824224,32768,0.033327224550778536,0.09629905770176497,completed,1024,2,0.10050037280198088,0.024323896377285374,0.04228931849834129,0.15920371774356826,0.026489988575794893,20.0,0.14635304497087673,0.02975281583713123
8,134,904,1.0,8,0.5,learned,64,0.0760167274749568,matched_anchor,122.89979066326136,0.01572565497019969,tail_anchored,8192,confirmation,0.022299897936392088,20260921,0,1.311647530645132,1.311647530645132,21039050,anchor_n8192_k1024_m8,0.11358200538829066,32768,0.01829851928510274,0.05241540505173184,completed,1024,2,0.0701453891951194,0.012731717235738422,0.02126013474051229,0.20541380696540684,0.018318061026602914,20.0,0.1929967331314248,0.018630174842027634
8,135,905,1.0,8,0.5,learned,64,0.0667382972097367,matched_anchor,60.85801091063532,0.012587308469794032,full,8192,confirmation,0.004355365303989042,20260921,0,1.4174391254782677,1.4174391254782677,21039060,full,0.02309888080541182,32768,0.014249028429689994,0.052067540084966314,completed,1024,2,0.06637833629180588,0.01181084030586012,0.0027826007184822282,0.20556648201522923,0.014704554796236405,20.0,0.18943086155794733,0.014996800376833562
8,136,905,1.0,8,0.5,learned,64,0.09664099373986704,matched_anchor,77.45611076358293,0.0245537870491497,factorized_full,8192,confirmation,0.005988653646093134,20260921,0,1.5013017915189266,1.5013017915189266,21039060,factorized_full,0.030929005220166415,32768,0.02845420253876848,0.07512500615639164,completed,1024,2,0.08841715080606757,0.022361220945175016,0.0035903890060129673,0.11101880503397525,0.024358362514404513,20.0,0.10680956976232275,0.02524280805475889
8,137,905,1.0,8,0.5,learned,64,0.06019849587215143,matched_anchor,66.13226033475254,0.011115335298887124,tail_anchored,8192,confirmation,0.005217141583185075,20260921,0,1.2276199385523796,1.2276199385523796,21039060,anchor_n8192_k1024_m8,0.04314451750649545,32768,0.013238960215476117,0.04452921103659044,completed,1024,2,0.054094445728937075,0.008534453165731133,0.00658036669975685,0.21324978006009634,0.013324022419810982,20.0,0.19721461810344043,0.01403599237509939
8,138,906,1.0,8,0.5,learned,64,0.07636242120002171,matched_anchor,88.44207106289893,0.01592517731927713,full,8192,confirmation,0.008598427899239022,20260921,0,1.3454550355672836,1.3454550355672836,21039070,full,0.05686247577617171,32768,0.01886207129890442,0.052485218726671334,completed,1024,2,0.07825980543363374,0.01607960032297441,0.012162225107665126,0.20862429302663205,0.018776452179928356,20.0,0.1931990377176264,0.019189421056062295
8,139,906,1.0,8,0.5,learned,64,0.04759637944187449,matched_anchor,93.84465119504156,0.010879737362088342,factorized_full,8192,confirmation,0.008273792292574175,20260921,0,1.5129303894937038,1.5129303894937038,21039070,factorized_full,0.0492896853154387,32768,0.012560416394596182,0.0150966909710167,completed,1024,2,0.048195201769908255,0.010128637039785917,0.004138446599122131,0.1305163281248603,0.013232361831182328,20.0,0.12026422435977377,0.012366528811846474
8,140,906,1.0,8,0.5,learned,64,0.07406737536501307,matched_anchor,92.20436447843956,0.014971175874333227,tail_anchored,8192,confirmation,0.025541742420653005,20260921,0,1.2209492474794388,1.2209492474794388,21039070,anchor_n8192_k1024_m8,0.17164450576253076,32768,0.016906011916776587,0.05623516266997741,completed,1024,2,0.06954816740760295,0.01297537734980996,0.02140639672720096,0.2045916814973091,0.018001594417192103,20.0,0.18905250348744645,0.018859090960781498
8,141,907,1.0,8,0.5,learned,64,0.08756980243025435,matched_anchor,140.41766029508295,0.020659265964046755,full,8192,confirmation,0.0010595106168441522,20260921,0,1.4314019307494164,1.4314019307494164,21039080,full,0.008476084842295778,32768,0.021852178030630536,0.07799142359250127,completed,1024,2,0.09344516069019941,0.021630664049511528,0.0013358618469796403,0.18944572218890227,0.024178870536524684,20.0,0.17963879347547818,0.02211216919893115
8,142,907,1.0,8,0.5,learned,64,0.0669034259334235,matched_anchor,153.98712062295567,0.014259920247607964,factorized_full,8192,confirmation,0.0001603023062602682,20260921,0,1.4469727985560894,1.4469727985560894,21039080,factorized_full,0.0012824183576256804,32768,0.015403499308514836,0.019887316432011328,completed,1024,2,0.060435140371910764,0.011464496819168203,0.0004366535363957563,0.1713230166455509,0.014357147956936791,20.0,0.16117254187745855,0.01598361456714239
8,143,907,1.0,8,0.5,learned,64,0.062487774106613034,matched_anchor,138.56151161618433,0.013547887167657813,tail_anchored,8192,confirmation,0.0015592417045802989,20260921,0,1.2202080972492695,1.2202080972492695,21039080,anchor_n8192_k1024_m8,0.012473933544185542,32768,0.0173032201985421,0.052631320013030815,completed,1024,2,0.07069412502533184,0.014853845505622701,0.001835592934715787,0.19691480114760912,0.017978766607917432,20.0,0.18695080961114213,0.016329284839715283
8,144,908,1.0,8,0.5,learned,64,0.05880225992591066,matched_anchor,76.46198466425616,0.012907486792174676,full,8192,confirmation,0.0030221693659141097,20260921,0,1.404016386717558,1.404016386717558,21039090,full,0.023016442086531502,32768,0.013550907995486038,0.04179523036911496,completed,1024,2,0.06661933219842556,0.015089443371607985,0.002065325960324854,0.17453297479559865,0.016092034818229066,20.0,0.16426803215138733,0.01406280448483523
8,145,908,1.0,8,0.5,learned,64,0.05544788175299351,matched_anchor,86.11194551921564,0.011046334049199746,factorized_full,8192,confirmation,0.0022006219574995517,20260921,0,1.4379533678293228,1.4379533678293228,21039090,factorized_full,0.016890738038164647,32768,0.013601464969425785,0.015301058517353137,completed,1024,2,0.06623114774620859,0.014499659692300316,0.0012437785519102962,0.16634392147268595,0.016184222185095368,20.0,0.15554621166376553,0.013817616946467125
8,146,908,1.0,8,0.5,learned,64,0.08117335136188357,matched_anchor,72.05188625122706,0.01712488625643293,tail_anchored,8192,confirmation,0.004456719637064167,20260921,0,1.2704037204384804,1.2704037204384804,21039090,anchor_n8192_k1024_m8,0.03222957538817466,32768,0.020023727636893682,0.06954677501767986,completed,1024,2,0.08619756441800916,0.01801273167736409,0.0036865074183583288,0.19398481079676935,0.02154192164510086,20.0,0.1834723629430124,0.019431948714155305
8,147,909,1.0,8,0.5,learned,64,0.0773076631891666,matched_anchor,148.2506348821544,0.01596773614583393,full,8192,confirmation,0.00032408726009457357,20260921,0,1.41078669577837,1.41078669577837,21039100,full,0.0025926980807368894,32768,0.020713796962872056,0.04251583519506384,completed,1024,2,0.05715621487020302,0.00916080457017196,0.00044904737184917255,0.2085376405520709,0.014090867892134025,20.0,0.19386981230551797,0.01800235055003966
8,148,909,1.0,8,0.5,learned,64,0.07164670230224597,matched_anchor,163.98751076464595,0.015472709281098715,factorized_full,8192,confirmation,0.0003653092917734191,20260921,0,1.539865143597126,1.539865143597126,21039100,factorized_full,0.002922474334168605,32768,0.017015850691739276,0.030811126583047566,completed,1024,2,0.06382092736241596,0.011995299202042627,0.0004902694035280181,0.16514395267852458,0.015232678657191674,20.0,0.14962814895196563,0.017323070771769488
8,149,909,1.0,8,0.5,learned,64,0.0689729188203591,matched_anchor,153.47359811681974,0.013120318599359984,tail_anchored,8192,confirmation,0.0001926044726074603,20260921,0,1.3019919469952583,1.3019919469952583,21039100,anchor_n8192_k1024_m8,0.0015408357808380157,32768,0.01763328508508488,0.032877482325807464,completed,1024,2,0.08161255044153128,0.016552636031358293,0.0003175645843620593,0.2137137926902054,0.01936880479235462,20.0,0.19929026109334425,0.01626209828211414
8,150,910,1.0,8,0.5,learned,64,0.1626963525043094,matched_anchor,135.62980291517457,0.04098140743846214,full,8192,confirmation,7.305606514601548e-07,20260921,0,1.5316834039986134,1.5316834039986134,21039110,full,5.844485029575786e-06,32768,0.04487129210146244,0.2201622901691714,completed,1024,2,0.14799150115954754,0.03671301970158061,1.0173187067197276e-06,0.20419537339594823,0.03926243363713154,20.0,0.19413705115436186,0.043283159180701775
8,151,910,1.0,8,0.5,learned,64,0.10255375752416723,matched_anchor,157.09775193258204,0.02452997032889924,factorized_full,8192,confirmation,7.305606514601548e-07,20260921,0,1.5027884021401405,1.5027884021401405,21039110,factorized_full,5.844485029853342e-06,32768,0.028623396670284885,0.07194792615046086,completed,1024,2,0.09281490216522609,0.02178739740336766,1.0173187067197276e-06,0.16031877155103347,0.023680542712494805,20.0,0.14965226402858237,0.02643903045547598
8,152,910,1.0,8,0.5,learned,64,0.07692877002455153,matched_anchor,146.4553731023737,0.016475974204109012,tail_anchored,8192,confirmation,7.305606515434215e-07,20260921,0,1.2234510965645313,1.2234510965645313,21039110,anchor_n8192_k1024_m8,5.844485031074587e-06,32768,0.020874858170204062,0.04425360099659964,completed,1024,2,0.06601995987633669,0.012789277890879289,1.0173187068029943e-06,0.21154464986996535,0.016571993562027793,20.0,0.20150821450384088,0.019635949709681005
8,153,911,1.0,8,0.5,learned,64,0.07881095238610113,matched_anchor,121.04598808150017,0.015932378612742333,full,8192,confirmation,0.0062464688642383925,20260921,0,1.415197841823101,1.415197841823101,21039120,full,0.04783753573751487,32768,0.020309596252168237,0.0644731529898925,completed,1024,2,0.07889703525723608,0.015698989965217517,0.00783477979558536,0.2118742657592259,0.01904889524883225,20.0,0.20208396620692867,0.019621860683253195
8,154,911,1.0,8,0.5,learned,64,0.08768689506928048,matched_anchor,133.311524818914,0.02083501164077521,factorized_full,8192,confirmation,0.005244347032907215,20260921,0,1.493649035692215,1.493649035692215,21039120,factorized_full,0.03921782114641935,32768,0.02561289100203552,0.05069853485895078,completed,1024,2,0.09836727399934736,0.02385557431181681,0.006832657964254182,0.16724100945221687,0.025270051299463168,20.0,0.15897112591892074,0.022679554332767825
8,155,911,1.0,8,0.5,learned,64,0.07230001577778032,matched_anchor,134.2803902529931,0.01581022216086849,tail_anchored,8192,confirmation,0.008182644261069974,20260921,0,1.3024593815207481,1.3024593815207481,21039120,anchor_n8192_k1024_m8,0.06169286141226587,32768,0.018068781237592407,0.07280882080901295,completed,1024,2,0.07771243206565495,0.016841425863625557,0.009770955192416941,0.1795487168929799,0.019571492009226164,20.0,0.1695354365183135,0.01817658048771116
8,156,912,1.0,8,0.5,learned,64,0.1364983687539219,matched_anchor,137.70296534630063,0.031229169634850465,full,8192,confirmation,0.015840460183549954,20260921,0,1.404168888926506,1.404168888926506,21039130,full,0.1267185338670229,32768,0.03381545988216715,0.2199279553111916,completed,1024,2,0.12263914694456582,0.027171766988748635,0.019859007087369138,0.16508871387584434,0.02975655570945994,20.0,0.15488808886762256,0.03232935190991667
8,157,912,1.0,8,0.5,learned,64,0.05082844529001114,matched_anchor,153.9721217965036,0.011059708983787784,factorized_full,8192,confirmation,0.0006572991269755829,20260921,0,1.457590140402317,1.457590140402317,21039130,factorized_full,0.0052551820006725095,32768,0.014192600112674293,0.017519557915035754,completed,1024,2,0.04268211270484578,0.00801004844200412,0.0033633374308932318,0.12678687570603692,0.010023977781520381,20.0,0.12129853299848942,0.013044086854057387
8,158,912,1.0,8,0.5,learned,64,0.06147032156507709,matched_anchor,146.10805364118232,0.012102349624578856,tail_anchored,8192,confirmation,0.0012313229890662386,20260921,0,1.2198921367526054,1.2198921367526054,21039130,anchor_n8192_k1024_m8,0.009847372897397006,32768,0.013617844359901099,0.05267268567641952,completed,1024,2,0.05654058486987069,0.010321989280818294,0.0027893135688026316,0.1705512650253731,0.013465128776735374,20.0,0.15267521608147658,0.014662461570575862
8,159,913,1.0,8,0.5,learned,64,0.07154947037704662,matched_anchor,106.37418487677355,0.016259137564053457,full,8192,confirmation,0.004000729789970903,20260921,0,1.4038907811045647,1.4038907811045647,21039140,full,0.028552382169772905,32768,0.0190064865903765,0.07600554171873801,completed,1024,2,0.06532148785695538,0.013649237205545223,0.0019737860229653292,0.18663051727736696,0.018042853880281706,20.0,0.17447381118327854,0.019502241298589653
8,160,913,1.0,8,0.5,learned,64,0.09267984322147715,matched_anchor,125.99903995757022,0.022333639066918032,factorized_full,8192,confirmation,0.0026299701572743833,20260921,0,1.496083177626133,1.496083177626133,21039140,factorized_full,0.016713887287458797,32768,0.02425422680529712,0.05492004647963221,completed,1024,2,0.091127810262458,0.021864990257465494,0.006727241835654915,0.1658733640332306,0.024465711513490147,20.0,0.15317211646434226,0.02437635736872294
8,161,913,1.0,8,0.5,learned,64,0.056262065131927434,matched_anchor,114.12457196514754,0.00823307601149834,tail_anchored,8192,confirmation,0.0045705451854643996,20260921,0,1.2247295677661896,1.2247295677661896,21039140,anchor_n8192_k1024_m8,0.032356968878128084,32768,0.013009037285804017,0.07596715528678594,completed,1024,2,0.06064009869015377,0.009386101696309608,0.008667816863844931,0.2363744158309674,0.01549883628195939,20.0,0.22551035623065804,0.014133895742980733
8,162,914,1.0,8,0.5,learned,64,0.07423582251619074,matched_anchor,156.66098227557524,0.017217993626107306,full,8192,confirmation,0.0012268167595722856,20260921,0,1.3460369668900967,1.3460369668900967,21039150,full,0.00977680884827291,32768,0.01816874050162621,0.057609133649095666,completed,1024,2,0.06963997994176142,0.015803516086402396,0.0003044949214047188,0.18040442138986734,0.01792190744621297,20.0,0.16756371214821092,0.019043788612324572
8,163,914,1.0,8,0.5,learned,64,0.056010614844284885,matched_anchor,171.37923295532846,0.011690085832278214,factorized_full,8192,confirmation,0.0013437564784561234,20260921,0,1.4998831562697887,1.4998831562697887,21039150,factorized_full,0.010712326599344192,32768,0.011858145228998553,0.018257670709550342,completed,1024,2,0.061097316034284824,0.013200922943759297,0.0004214346402885566,0.13260243889223652,0.015162598339024686,20.0,0.11965985785780597,0.013808385172347518
8,164,914,1.0,8,0.5,learned,64,0.07989814172118173,matched_anchor,153.68548689496814,0.01667998743176701,tail_anchored,8192,confirmation,0.0027315336765510595,20260921,0,1.208290223032236,1.208290223032236,21039150,anchor_n8192_k1024_m8,0.021814544184101708,32768,0.022108888749440538,0.06234578924980334,completed,1024,2,0.08059718284299389,0.016648189744086397,0.0018092118383834926,0.21046430625168894,0.020332198794326344,20.0,0.19838686031515113,0.02051367258987112
8,165,915,1.0,8,0.5,learned,64,0.0686486108645641,matched_anchor,87.49281311248885,0.014322538219749468,full,8192,confirmation,0.004633055456884194,20260921,0,1.4078445099294186,1.4078445099294186,21039160,full,0.03704401074445457,32768,0.014193274379373573,0.04179996378189683,completed,1024,2,0.05777984210120639,0.010802396704446902,0.00338798423099447,0.17936910105307674,0.01344342064357407,20.0,0.1660096690866255,0.015655048443696824
8,166,915,1.0,8,0.5,learned,64,0.047219939308109096,matched_anchor,100.10936593274737,0.009159114215453526,factorized_full,8192,confirmation,0.004103029539969674,20260921,0,1.446887332946062,1.446887332946062,21039160,factorized_full,0.032803803409138035,32768,0.010551387109413316,0.01323268052205939,completed,1024,2,0.04268759435315324,0.007000349055252503,0.0028579583140799503,0.1496861621033122,0.010276406072433313,20.0,0.13566048990315005,0.011508125999541824
8,167,915,1.0,8,0.5,learned,64,0.0877780528987839,matched_anchor,92.64248786045732,0.019896755933011732,tail_anchored,8192,confirmation,0.0009413693294917785,20260921,0,1.3102627992630005,1.3102627992630005,21039160,anchor_n8192_k1024_m8,0.0075105217253144275,32768,0.022999272013674518,0.0773938187750212,completed,1024,2,0.08835929282196343,0.01997885783873979,0.0003384773721760992,0.1762125040789445,0.021397138277370997,20.0,0.1627564430971815,0.02206963614531972
8,168,916,1.0,8,0.5,learned,64,0.1841528599915273,matched_anchor,171.51425292071377,0.042788929580213644,full,8192,confirmation,0.04831687374196318,20260921,0,1.4096805304288864,1.4096805304288864,21039170,full,0.2116917112657808,32768,0.051422754496867465,0.26079398545045973,completed,1024,2,0.2194563745198389,0.05343464336004458,0.043217515694900205,0.26963499339873864,0.05603318202668729,20.0,0.24847136140050735,0.046819032127524064
8,169,916,1.0,8,0.5,learned,64,0.053334717065603165,matched_anchor,182.72672238957534,0.011904860698818376,factorized_full,8192,confirmation,0.007634884044256288,20260921,0,1.4403168261051178,1.4403168261051178,21039170,factorized_full,0.0438453763670095,32768,0.012736577888010208,0.021331913995645945,completed,1024,2,0.04921314511591474,0.01066098734548417,0.004488047318745081,0.12952192958655068,0.013573300999446845,20.0,0.10570202480486639,0.013425375078824294
8,170,916,1.0,8,0.5,learned,64,0.06681082220668089,matched_anchor,177.51645049785438,0.012486511068506725,tail_anchored,8192,confirmation,0.008424730740906255,20260921,0,1.3150214403867722,1.3150214403867722,21039170,anchor_n8192_k1024_m8,0.03810431829485957,32768,0.016504890379341317,0.04659679829124925,completed,1024,2,0.06382525017277389,0.010783549118750447,0.0020041002666927278,0.20838203451089934,0.014975216025578109,20.0,0.18726389632892487,0.015754485987360158
8,171,917,1.0,8,0.5,learned,64,0.054881465916938606,matched_anchor,69.2146270588018,0.009699289639379636,full,8192,confirmation,0.006785029383688204,20260921,0,1.4063167534768581,1.4063167534768581,21039180,full,0.03765749448936942,32768,0.013960584433167821,0.05011664635202321,completed,1024,2,0.05675149596689061,0.010368655615846286,0.0039221954001969345,0.1738272136245637,0.013364366336023812,20.0,0.1673855973624836,0.01342432755354408
8,172,917,1.0,8,0.5,learned,64,0.06867465039194749,matched_anchor,77.86799370696181,0.015641052891789617,factorized_full,8192,confirmation,0.028952351359562395,20260921,0,1.500042725354433,1.500042725354433,21039180,factorized_full,0.20924015695598105,32768,0.021808554367635645,0.02451715433022524,completed,1024,2,0.06809206978587423,0.014902945950217131,0.026089517376071125,0.15479574114768094,0.01781000140241563,20.0,0.15016071092378652,0.017451793037321063
8,173,917,1.0,8,0.5,learned,64,0.06639316763688383,matched_anchor,73.55303887527155,0.013154244193789978,tail_anchored,8192,confirmation,0.008990970384195135,20260921,0,1.222412683069706,1.222412683069706,21039180,anchor_n8192_k1024_m8,0.06468182664292428,32768,0.015266785289071716,0.09546835319115077,completed,1024,2,0.062177647841677355,0.011475540114110942,0.006128136400703865,0.18626573354762868,0.013869793139433848,20.0,0.1804667958146396,0.015377713273505482
8,174,918,1.0,8,0.5,learned,64,0.13121660833333576,matched_anchor,143.6550641445752,0.029544557145413305,full,8192,confirmation,0.0010577249100549053,20260921,0,1.4045343957841396,1.4045343957841396,21039190,full,0.006912083262619245,32768,0.03589067136708754,0.1907396018430027,completed,1024,2,0.12157843245334435,0.026569501586548395,0.0008703419372172617,0.21919205351700552,0.03005378480934557,20.0,0.21237940361215824,0.03314893856418753
8,175,918,1.0,8,0.5,learned,64,0.058986315780898524,matched_anchor,159.7797513135135,0.01263991320330899,factorized_full,8192,confirmation,0.0009572284293684341,20260921,0,1.5065682977437973,1.5065682977437973,21039190,factorized_full,0.007644409902937115,32768,0.013680143880256398,0.02027455626391583,completed,1024,2,0.051151381293719586,0.009347169227398977,0.0008071343824416349,0.17969244766054399,0.012749202923965582,20.0,0.16635330182855773,0.01417263331866319
8,176,918,1.0,8,0.5,learned,64,0.07840087526811051,matched_anchor,140.87675921881714,0.018748623851999553,tail_anchored,8192,confirmation,0.001228336998697871,20260921,0,1.2209166958928108,1.2209166958928108,21039190,anchor_n8192_k1024_m8,0.00981327845757432,32768,0.020142228149240916,0.07419901132171516,completed,1024,2,0.07456239659752756,0.017425109302167924,0.0010782429517710718,0.17844548134564792,0.018977667556010675,20.0,0.16495193833850338,0.01980312377370265
8,177,919,1.0,8,0.5,learned,64,0.048485250846574374,matched_anchor,103.36910020160713,0.006745057309094875,full,8192,confirmation,0.003619093479933398,20260921,0,1.4150727018713951,1.4150727018713951,21039200,full,0.025902484015220533,32768,0.01194196562329209,0.03687867129212121,completed,1024,2,0.054911118166693536,0.00892898016373315,0.0038983122440871777,0.21902533215537312,0.013273956970484023,20.0,0.2058742739457784,0.011768040180131289
8,178,919,1.0,8,0.5,learned,64,0.10164629646934294,matched_anchor,117.82712192660001,0.025657166734660633,factorized_full,8192,confirmation,0.0034413740144556976,20260921,0,1.508306596428156,1.508306596428156,21039200,factorized_full,0.024705928350485316,32768,0.029509937485889592,0.07787784095306167,completed,1024,2,0.08423706033415831,0.01961560892938881,0.0030511878166641915,0.1998720713365581,0.02218464204777482,20.0,0.19334746692199617,0.026750205295779705
8,179,919,1.0,8,0.5,learned,64,0.0651581433197179,matched_anchor,107.60832649261229,0.013542759629063797,tail_anchored,8192,confirmation,0.00193100917186799,20260921,0,1.223178718239069,1.223178718239069,21039200,anchor_n8192_k1024_m8,0.012699954410210709,32768,0.014560263341336262,0.061438550337148574,completed,1024,2,0.060772171101482114,0.011452494527478646,0.004531663664513824,0.18484869217839192,0.015292934461348984,20.0,0.17123086125483938,0.016033285261748763
8,180,900,1.0,8,0.5,learned,64,0.06135253922557225,matched_anchor,91.66012999599246,0.01300609830463923,full,8192,confirmation,0.0023832987958896466,20260921,0,1.406995065510273,1.406995065510273,21049010,full,0.015759784716358024,32768,0.0166992386287839,0.0535668310481384,completed,1024,3,0.05608780162502642,0.01116447791982379,0.002791301947815303,0.15616149419691533,0.014085681576089276,20.0,0.155856378754706,0.015456969757924027
8,181,900,1.0,8,0.5,learned,64,0.08075760987190665,matched_anchor,100.30479491561658,0.02074422639860659,factorized_full,8192,confirmation,0.004923213059823364,20260921,0,1.4416457563638687,1.4416457563638687,21049010,factorized_full,0.03823860868256855,32768,0.020507146302105376,0.046715814632399044,completed,1024,3,0.07676734492506374,0.01947505144993468,0.0008527174174206703,0.08754134449489005,0.02048923305305487,20.0,0.0910309716220158,0.021111823647150765
8,182,900,1.0,8,0.5,learned,64,0.05031316418453525,matched_anchor,88.2850866518132,0.011427774753328557,tail_anchored,8192,confirmation,0.004044005534732778,20260921,0,1.2325114868581295,1.2325114868581295,21049010,anchor_n8192_k1024_m8,0.02948302701970018,32768,0.014299950282423438,0.11644025102108554,completed,1024,3,0.05599649746313473,0.01251861984102048,0.00817967893990937,0.1463992370870025,0.014909286378578896,20.0,0.14939419002764331,0.012830053053212172
8,183,901,1.0,8,0.5,learned,64,0.06194324865261656,matched_anchor,90.24611871152568,0.011737318641058848,full,8192,confirmation,0.010723436893773024,20260921,0,1.4031156115233898,1.4031156115233898,21049020,full,0.08080854699096252,32768,0.015353002805938676,0.057911636306324,completed,1024,3,0.05773368496421029,0.011365035770852225,0.012482956625749893,0.16078095387036428,0.013372356266977171,20.0,0.1649807226138999,0.01482795342605557
8,184,901,1.0,8,0.5,learned,64,0.05084627439539717,matched_anchor,94.33945680559961,0.01113054081858961,factorized_full,8192,confirmation,0.006809435209003123,20260921,0,1.4430080354213715,1.4430080354213715,21049020,factorized_full,0.0352955969870083,32768,0.013849527130306825,0.020182404120497537,completed,1024,3,0.05801336769742308,0.012656742325840433,0.007114195772864942,0.15872727912873622,0.014850841339428267,20.0,0.1599066968056354,0.013401461203099574
8,185,901,1.0,8,0.5,learned,64,0.06249657165787939,matched_anchor,86.80738065481131,0.01164875719449688,tail_anchored,8192,confirmation,0.010750120715861431,20260921,0,1.2222619503736496,1.2222619503736496,21049020,anchor_n8192_k1024_m8,0.06671314582167068,32768,0.014283472679377953,0.0497034545449727,completed,1024,3,0.0521360646582668,0.008120803547913065,0.008439902306303055,0.20219911323907286,0.0127212391100907,20.0,0.20553365758063358,0.015086118641484205
8,186,902,1.0,8,0.5,learned,64,0.08296837009614677,matched_anchor,152.52791211213386,0.019096331602161544,full,8192,confirmation,4.981540164371301e-05,20260921,0,1.4072358198463917,1.4072358198463917,21049030,full,0.000398523213117944,32768,0.023765065823982696,0.10043856601319733,completed,1024,3,0.08622416951111636,0.01972400051053727,3.558170584808118e-05,0.1818671500063494,0.02295694337116829,20.0,0.1798754510191058,0.021442131477793
8,187,902,1.0,8,0.5,learned,64,0.058670782459262515,matched_anchor,159.77442383537112,0.013012055552627702,factorized_full,8192,confirmation,4.981540164337994e-05,20260921,0,1.6259919255971909,1.6259919255971909,21049030,factorized_full,0.00039852321311883217,32768,0.014316594145748991,0.016217054538249686,completed,1024,3,0.06880079661054975,0.016111093191852353,3.558170584774811e-05,0.12084973548556704,0.01827616773791453,20.0,0.12672368649735422,0.014708733224941952
8,188,902,1.0,8,0.5,learned,64,0.06411305142760813,matched_anchor,144.00885764727147,0.01168216013819149,tail_anchored,8192,confirmation,4.981540164343545e-05,20260921,0,1.2242121957242489,1.2242121957242489,21049030,anchor_n8192_k1024_m8,0.0003985232131199424,32768,0.014011618287274178,0.05680391270376343,completed,1024,3,0.061739380228253614,0.011971316483655084,3.5581705847803624e-05,0.1641640239337669,0.015439286813440365,20.0,0.1698247234381836,0.014011117093035702
8,189,903,1.0,8,0.5,learned,64,0.0802936020860662,matched_anchor,154.37084564477183,0.01767039022158748,full,8192,confirmation,0.014588683418397886,20260921,0,1.4058890491724014,1.4058890491724014,21049040,full,0.0882702442496783,32768,0.02197027894457394,0.07190864201923013,completed,1024,3,0.07200562674609083,0.014362850440219656,0.01268925546785544,0.20022477523016058,0.01789691682850491,20.0,0.20218241331754255,0.020481578470137308
8,190,903,1.0,8,0.5,learned,64,0.07294853978943755,matched_anchor,183.03907675579734,0.01555856429666218,factorized_full,8192,confirmation,0.009955164774223063,20260921,0,1.5004951506853104,1.5004951506853104,21049040,factorized_full,0.05596978307321008,32768,0.019102114807191973,0.0351564540234232,completed,1024,3,0.0698586606015186,0.014903252860416352,0.009474900056177557,0.14708939986455763,0.016905129824615797,20.0,0.14895911228224817,0.01774664540463857
8,191,903,1.0,8,0.5,learned,64,0.11874927335252076,matched_anchor,159.22655915566295,0.028282301461277082,tail_anchored,8192,confirmation,0.015680566222485173,20260921,0,1.2503022961318493,1.2503022961318493,21049040,anchor_n8192_k1024_m8,0.09133484967625931,32768,0.03106870301627029,0.1345968226330466,completed,1024,3,0.11116397854178234,0.02544091387334739,0.01296394258982057,0.18350432088736077,0.02769371058500971,20.0,0.18548558526535458,0.02910700559233853
8,192,904,1.0,8,0.5,learned,64,0.09009974636211862,matched_anchor,112.82300965140178,0.02039285554945323,full,8192,confirmation,0.01689398834148169,20260921,0,1.40354448184371,1.40354448184371,21049050,full,0.06947829643423215,32768,0.025829336117056415,0.08862702067716453,completed,1024,3,0.10046324640813287,0.023452521258622197,0.013760956368780872,0.15945850776162573,0.025808857596149298,20.0,0.16290685837524424,0.0224116283007819
8,193,904,1.0,8,0.5,learned,64,0.04911896741713992,matched_anchor,124.73472544052544,0.010501494039830778,factorized_full,8192,confirmation,0.007539618643168336,20260921,0,1.4932445846498013,1.4932445846498013,21049050,factorized_full,0.03963551932836379,32768,0.011635603818637869,0.01380983489808211,completed,1024,3,0.05146814641204879,0.010606084507151899,0.00945267927778519,0.13508775333002448,0.012899446377837576,20.0,0.13783474570424165,0.01196036078441879
8,194,904,1.0,8,0.5,learned,64,0.07954264143279023,matched_anchor,117.13895404276688,0.016078563931530388,tail_anchored,8192,confirmation,0.011622371257162034,20260921,0,1.3420304507017136,1.3420304507017136,21049050,anchor_n8192_k1024_m8,0.04916704143645258,32768,0.026115923048699943,0.07208056922702402,completed,1024,3,0.09745259295090736,0.021379690203064843,0.011405480264742834,0.19876462561481703,0.024811236547671547,20.0,0.20112241258137115,0.021564211181949306
8,195,905,1.0,8,0.5,learned,64,0.07046811815748338,matched_anchor,63.654862091348996,0.013171120941597354,full,8192,confirmation,0.007458379229535609,20260921,0,1.4082104340195656,1.4082104340195656,21049060,full,0.05529785715591408,32768,0.01839840705266388,0.0493252197397595,completed,1024,3,0.08768828999912955,0.01831488620665675,0.006710238207027841,0.1874721554369309,0.020804018320213676,20.0,0.19071772295182393,0.01688465041659508
8,196,905,1.0,8,0.5,learned,64,0.03770008215985504,matched_anchor,73.82667979464004,0.006429904394019387,factorized_full,8192,confirmation,0.004423812646332806,20260921,0,1.5050019659101963,1.5050019659101963,21049060,factorized_full,0.029924432640450294,32768,0.010256127946810661,0.009479634874930415,completed,1024,3,0.0542148834781595,0.011238004272236328,0.006932063810700467,0.13002938933780428,0.013262966996155996,20.0,0.1334677149180032,0.009679703234710242
8,197,905,1.0,8,0.5,learned,64,0.08113787852512351,matched_anchor,69.93239490922524,0.017154629927467434,tail_anchored,8192,confirmation,0.008922815594716296,20260921,0,1.22070137783885,1.22070137783885,21049060,anchor_n8192_k1024_m8,0.06695865800233215,32768,0.02117018476557209,0.09091331007508593,completed,1024,3,0.09535515518305879,0.020970888014244543,0.008174674572208529,0.18853523280828832,0.023800252872383364,20.0,0.1890278547247945,0.019916294286469682
8,198,906,1.0,8,0.5,learned,64,0.06450844822134771,matched_anchor,84.75754195041233,0.012309362745898146,full,8192,confirmation,0.0022404012346563824,20260921,0,1.406606126576662,1.406606126576662,21049070,full,0.014604913022060226,32768,0.016905319503068263,0.04479509509412378,completed,1024,3,0.08312888828480422,0.01816360547112752,0.0056518281578268725,0.18861634716436115,0.02127113091140476,20.0,0.18930230089694722,0.017192697950885086
8,199,906,1.0,8,0.5,learned,64,0.06856407476224136,matched_anchor,101.55284127744574,0.015227767087858137,factorized_full,8192,confirmation,0.002103918546935382,20260921,0,1.5005644150078297,1.5005644150078297,21049070,factorized_full,0.013749511766995483,32768,0.028002145895248704,0.030130165959771974,completed,1024,3,0.07153985357324587,0.016723869109480184,0.004718280583497131,0.1519718361820438,0.01881796217796278,20.0,0.15233898165327803,0.018451768672599688
8,200,906,1.0,8,0.5,learned,64,0.07482212508061216,matched_anchor,87.81229878985017,0.015613929296007668,tail_anchored,8192,confirmation,0.0029115893369571198,20260921,0,1.2016427032649517,1.2016427032649517,21049070,anchor_n8192_k1024_m8,0.022814652272160896,32768,0.016439405803214575,0.04021561259800601,completed,1024,3,0.0910214307700595,0.020765564979361592,0.007033074868051286,0.180093840373223,0.0220613378430721,20.0,0.18070730056057613,0.01790339496001201
8,201,907,1.0,8,0.5,learned,64,0.08930427493613402,matched_anchor,136.20177705332492,0.019997266567378755,full,8192,confirmation,0.0013899699806920124,20260921,0,1.4042255468666553,1.4042255468666553,21049080,full,0.011119759763396603,32768,0.020203191823988085,0.050564450913810406,completed,1024,3,0.0873415166649393,0.019598960152231622,0.0010570886675932917,0.2091704071048057,0.021495241543739847,20.0,0.20963442357944106,0.02263819959964108
8,202,907,1.0,8,0.5,learned,64,0.05877610728686044,matched_anchor,157.27120388306088,0.013420205305171712,factorized_full,8192,confirmation,0.001273074888556977,20260921,0,1.4513537473976612,1.4513537473976612,21049080,factorized_full,0.01018459902631574,32768,0.01580401048333778,0.018114349843208418,completed,1024,3,0.051686567888802895,0.011864714541086098,0.0009401935754582563,0.1367227476905097,0.013350211954998196,20.0,0.1371858641545014,0.015314917672421881
8,203,907,1.0,8,0.5,learned,64,0.0652176861076083,matched_anchor,141.7873494203897,0.013220985082489464,tail_anchored,8192,confirmation,0.001628420210678883,20260921,0,1.2232766412198544,1.2232766412198544,21049080,anchor_n8192_k1024_m8,0.013027361603292487,32768,0.016306617689561192,0.037145340245061775,completed,1024,3,0.05911045536233101,0.010728207624179857,0.0012955388975801623,0.2133462286225035,0.014711068797457,20.0,0.2140484880553591,0.015690320609593654
8,204,908,1.0,8,0.5,learned,64,0.059170961587672787,matched_anchor,70.51046893155679,0.012098478936657307,full,8192,confirmation,0.0020676428761629423,20260921,0,1.4015189819037914,1.4015189819037914,21049090,full,0.01635232169350534,32768,0.015268874516717724,0.04949896246895263,completed,1024,3,0.05401789154852561,0.010057659232964346,0.0035008676388244425,0.1859046602236117,0.013556895702756911,20.0,0.18850974886073077,0.014809784446382101
8,205,908,1.0,8,0.5,learned,64,0.07015087605403023,matched_anchor,80.10354956224818,0.015962894698269364,factorized_full,8192,confirmation,0.004479743242373796,20260921,0,1.497034963220358,1.497034963220358,21049090,factorized_full,0.034929497623275976,32768,0.018728879764468406,0.027808140479086838,completed,1024,3,0.06628985706661594,0.014512342577256376,0.005912968005035296,0.11582560351555646,0.016584227272525558,20.0,0.11853834613239615,0.01728750836569555
8,206,908,1.0,8,0.5,learned,64,0.06463798192380599,matched_anchor,80.10783664648865,0.014319052016806232,tail_anchored,8192,confirmation,0.004733691130645574,20260921,0,1.2594570182263851,1.2594570182263851,21049090,anchor_n8192_k1024_m8,0.03696108072944987,32768,0.020351348610763507,0.11940335981843245,completed,1024,3,0.06553737464313773,0.014182998021221978,0.006166915893307074,0.22306266056382412,0.01824643450248291,20.0,0.22520800957618675,0.017677677085273166
8,207,909,1.0,8,0.5,learned,64,0.07740725672480685,matched_anchor,143.80243944993623,0.015437610928391347,full,8192,confirmation,0.0005031290209981872,20260921,0,1.4082223251461983,1.4082223251461983,21049100,full,0.0040250321679648655,32768,0.0191647290996576,0.03823916039365371,completed,1024,3,0.08712406093841893,0.01854139544721197,0.00040856052963817574,0.2096501009258115,0.020539565371854102,20.0,0.21109374142183046,0.018856260953491848
8,208,909,1.0,8,0.5,learned,64,0.05957815879849661,matched_anchor,169.92587513372405,0.013009405944285311,factorized_full,8192,confirmation,0.0005390615277005295,20260921,0,1.5010493993759155,1.5010493993759155,21049100,factorized_full,0.004312492221585796,32768,0.013506822967739564,0.019983383447807403,completed,1024,3,0.06173922842146462,0.014009594549798117,0.00044449303634051807,0.13194161135598423,0.01488985393158387,20.0,0.13307475275721353,0.01459323748188314
8,209,909,1.0,8,0.5,learned,64,0.0645335940679014,matched_anchor,147.4023934289042,0.011290633785431069,tail_anchored,8192,confirmation,0.00041014448030433627,20260921,0,1.2036659494042397,1.2036659494042397,21049100,anchor_n8192_k1024_m8,0.003281155842415429,32768,0.015089987762155884,0.03562172500435979,completed,1024,3,0.07032379270992947,0.013000696425218984,0.00031557598894432483,0.20544938292195725,0.016468542011601913,20.0,0.20714628839043167,0.015055217513114977
8,210,910,1.0,8,0.5,learned,64,0.057142844972850736,matched_anchor,134.04163330417114,0.010095023839517242,full,8192,confirmation,1.0671070252432635e-06,20260921,0,1.3574506640434265,1.3574506640434265,21049110,full,8.536855731165e-06,32768,0.013874262623453912,0.039185199810056456,completed,1024,3,0.057264872921057766,0.009554295918111952,1.0173187067752387e-06,0.1853102662372001,0.014462587505846964,20.0,0.18806546667508714,0.013584276562530327
8,211,910,1.0,8,0.5,learned,64,0.0883239335254753,matched_anchor,157.15689760650844,0.022987057328085037,factorized_full,8192,confirmation,1.0671070251877524e-06,20260921,0,1.4403994977474213,1.4403994977474213,21049110,factorized_full,8.536855728167397e-06,32768,0.02825655672761129,0.07377063231806674,completed,1024,3,0.08307670439832067,0.02016375150938375,1.0173187067197276e-06,0.18986453057112102,0.023243362432242478,20.0,0.1848469938219045,0.024828762508271932
8,212,910,1.0,8,0.5,learned,64,0.07503023220642152,matched_anchor,146.4077710995096,0.0148328546388313,tail_anchored,8192,confirmation,1.0671070252432635e-06,20260921,0,1.2988110929727554,1.2988110929727554,21049110,anchor_n8192_k1024_m8,8.536855729499665e-06,32768,0.026845128255295538,0.04510972100326803,completed,1024,3,0.08844958890478569,0.018706377243310826,1.0173187067752387e-06,0.21345574348541005,0.02275677367358485,20.0,0.21629498887906948,0.020434812010328655
8,213,911,1.0,8,0.5,learned,64,0.08002759643786297,matched_anchor,128.67871925063176,0.017646066188405023,full,8192,confirmation,0.009693085448829703,20260921,0,1.3983769342303276,1.3983769342303276,21049120,full,0.07459780718013777,32768,0.021800927711074513,0.055130226226883586,completed,1024,3,0.07117294207472646,0.014302723297962564,0.009789552320003798,0.18898143740047696,0.017966852886813645,20.0,0.19127848147626347,0.019854024050190214
8,214,911,1.0,8,0.5,learned,64,0.0624702381193543,matched_anchor,133.14759020460951,0.013111730693481982,factorized_full,8192,confirmation,0.007544906913392588,20260921,0,1.4836196601390839,1.4836196601390839,21049120,factorized_full,0.057025902644427154,32768,0.016751155938481276,0.01982466937325528,completed,1024,3,0.057577579613547904,0.012263337495953038,0.007641373784566682,0.16719613163473493,0.014202313315543502,20.0,0.1691723104332059,0.015485050797364114
8,215,911,1.0,8,0.5,learned,64,0.07909086437618457,matched_anchor,129.36400400218952,0.016569018604561416,tail_anchored,8192,confirmation,0.0031349657044896667,20260921,0,1.2034285701811314,1.2034285701811314,21049120,anchor_n8192_k1024_m8,0.02173482416642076,32768,0.021607044148448874,0.06762741108994814,completed,1024,3,0.0736198400684091,0.015005941907418621,0.0032314325756637612,0.19340608345869145,0.01818569511474545,20.0,0.19559041183676615,0.0198188770279107
8,216,912,1.0,8,0.5,learned,64,0.12389958051037882,matched_anchor,147.84863172764528,0.02932608025295931,full,8192,confirmation,0.002977104915411935,20260921,0,1.4027327597141266,1.4027327597141266,21049130,full,0.02380618150446382,32768,0.032506796723595195,0.15269165286634687,completed,1024,3,0.14673381094950294,0.03580379341976479,0.0027625922804432324,0.18620193186267459,0.036672355988900555,20.0,0.19045000491273176,0.0308614213172648
8,217,912,1.0,8,0.5,learned,64,0.062405434569835314,matched_anchor,157.51238655736324,0.01319413349398014,factorized_full,8192,confirmation,0.0010143735033619344,20260921,0,1.6135874465107918,1.6135874465107918,21049130,factorized_full,0.008104330208064815,32768,0.013662670759735766,0.017513070203558162,completed,1024,3,0.07399487072877312,0.016499443816858955,0.0007998608683932318,0.16724903234729355,0.018564041483717333,20.0,0.17030324804775093,0.014993009259562925
8,218,912,1.0,8,0.5,learned,64,0.14838855890235159,matched_anchor,149.2188756172056,0.03439980624513351,tail_anchored,8192,confirmation,0.00040952376790524825,20260921,0,1.2219186425209045,1.2219186425209045,21049130,anchor_n8192_k1024_m8,0.003270443750031388,32768,0.0388182752997242,0.2018578876326137,completed,1024,3,0.1432528576324988,0.0329104965218953,0.0006231446966488696,0.21444655918002614,0.0357814146630786,20.0,0.21712937735799775,0.0365768248125456
8,219,913,1.0,8,0.5,learned,64,0.06730232023751241,matched_anchor,112.39826197603315,0.012820028530649914,full,8192,confirmation,0.002628300748796615,20260921,0,1.4005402512848377,1.4005402512848377,21049140,full,0.017829848086215416,32768,0.01684164555794234,0.026085370340351466,completed,1024,3,0.0828481637736813,0.017435687268786842,0.003532211350300886,0.19782583213566066,0.020381389084156737,20.0,0.2043913551060639,0.0166370936206704
8,220,913,1.0,8,0.5,learned,64,0.07766737809006577,matched_anchor,126.39161052056585,0.02053109137014851,factorized_full,8192,confirmation,0.007470237343725608,20260921,0,1.5046182572841644,1.5046182572841644,21049140,factorized_full,0.05642388817426345,32768,0.018357177125743272,0.03715680599506448,completed,1024,3,0.08030417134407744,0.020532116836925816,0.006696724257529915,0.09500490664875293,0.021420678918125297,20.0,0.09674932199970825,0.02086604570029043
8,221,913,1.0,8,0.5,learned,64,0.0829016485481433,matched_anchor,115.42560475599882,0.018815437240181712,tail_anchored,8192,confirmation,0.004938269442414947,20260921,0,1.2256656512618065,1.2256656512618065,21049140,anchor_n8192_k1024_m8,0.036294783485130766,32768,0.018962081592560368,0.041043773248569476,completed,1024,3,0.08956150055264472,0.020514547084416936,0.004164756356219254,0.180042932730258,0.02227545890464079,20.0,0.1867852305481424,0.02096417876327129
8,222,914,1.0,8,0.5,learned,64,0.09719067219721875,matched_anchor,150.40742849652227,0.02361735143603578,full,8192,confirmation,0.0028863259898473798,20260921,0,1.4028146378695965,1.4028146378695965,21049150,full,0.022008348114200278,32768,0.023740701520907466,0.10063341367427679,completed,1024,3,0.09884816917952155,0.023496071907550722,0.003390078024370191,0.16523831528829946,0.02539671505427028,20.0,0.16326446599780037,0.024588134328985142
8,223,914,1.0,8,0.5,learned,64,0.08023313156501205,matched_anchor,169.45358360168217,0.018326274573280583,factorized_full,8192,confirmation,0.0012335160330228245,20260921,0,1.505477711558342,1.505477711558342,21049150,factorized_full,0.009846928158808064,32768,0.01910605196975009,0.035868424247542594,completed,1024,3,0.06909464151385275,0.014778245060202078,0.0017642080777885566,0.17229507461631333,0.01744350448659176,20.0,0.17140627600318387,0.020770433503349957
8,224,914,1.0,8,0.5,learned,64,0.10898895285702503,matched_anchor,154.11775639353655,0.024676329857669342,tail_anchored,8192,confirmation,0.0038133759959557145,20260921,0,1.203410442918539,1.203410442918539,21049150,anchor_n8192_k1024_m8,0.030485807862271952,32768,0.02458412834480651,0.09242503174686777,completed,1024,3,0.09530499692556857,0.02112391475966334,0.004344068040721447,0.21909429624865817,0.022544201193299654,20.0,0.21820510472506405,0.027001051562359882
8,225,915,1.0,8,0.5,learned,64,0.08102639024747502,matched_anchor,88.19573174726023,0.016739871900790463,full,8192,confirmation,0.00245726105778038,20260921,0,1.403701450675726,1.403701450675726,21049160,full,0.01964828898542938,32768,0.019576712866354935,0.12707917202219235,completed,1024,3,0.09473300455278846,0.02095223528784063,0.004311793912146242,0.17238815325524554,0.022454103654343947,20.0,0.17224717116507124,0.019134900814107344
8,226,915,1.0,8,0.5,learned,64,0.06807515493158701,matched_anchor,98.05881176942381,0.014974657676527788,factorized_full,8192,confirmation,0.0038720778034640885,20260921,0,1.498988937586546,1.498988937586546,21049160,factorized_full,0.030966822950898237,32768,0.015720726724842083,0.022413071886796018,completed,1024,3,0.06280793729689808,0.01335000695260239,0.00572661065782995,0.1493012816226008,0.016074484675036346,20.0,0.1496961325291234,0.0173909465008463
8,227,915,1.0,8,0.5,learned,64,0.058591918961028604,matched_anchor,87.56007619487276,0.011473688584675769,tail_anchored,8192,confirmation,0.003483464129496114,20260921,0,1.2188486717641354,1.2188486717641354,21049160,anchor_n8192_k1024_m8,0.027857913559154537,32768,0.015140644575396184,0.07472866879581566,completed,1024,3,0.07213643752001225,0.01575744451757683,0.005337996983861976,0.17359419517994867,0.017979653193152072,20.0,0.17425704567046518,0.014946854665728995
8,228,916,1.0,8,0.5,learned,64,0.08956984749184642,matched_anchor,171.3674202487526,0.020812151618457397,full,8192,confirmation,0.013514457098996319,20260921,0,1.4029267504811287,1.4029267504811287,21049170,full,0.08114590365886466,32768,0.026786198292689863,0.0783079597770418,completed,1024,3,0.10430620676050514,0.024659658197736942,0.015952685430832697,0.15612069581089658,0.026708318143881624,20.0,0.15545348113717783,0.022339386773596093
8,229,916,1.0,8,0.5,learned,64,0.07444359849594645,matched_anchor,185.05923337577542,0.015624425091483424,factorized_full,8192,confirmation,0.010614833263800721,20260921,0,1.4446447752416134,1.4446447752416134,21049170,factorized_full,0.07424618338232683,32768,0.024583470617611295,0.029639182863953034,completed,1024,3,0.08584262092892948,0.019184549720529014,0.009683556687001882,0.18009916528160194,0.021973344716314496,20.0,0.17927160374957007,0.0188108509976095
8,230,916,1.0,8,0.5,learned,64,0.08218003406345425,matched_anchor,187.40786655220955,0.017594966374355203,tail_anchored,8192,confirmation,0.00875829993622759,20260921,0,1.2567458003759384,1.2567458003759384,21049170,anchor_n8192_k1024_m8,0.04724638560828797,32768,0.01830259665490524,0.06726164882189864,completed,1024,3,0.09636805411519878,0.021184628849187072,0.013341038131983615,0.17095642531289268,0.023859152192156778,20.0,0.16973260309592292,0.020015160547229252
8,231,917,1.0,8,0.5,learned,64,0.08555178295803359,matched_anchor,71.06087178510839,0.018896938572956767,full,8192,confirmation,0.009957672938775447,20260921,0,1.391255971044302,1.391255971044302,21049180,full,0.0681455682066106,32768,0.022515658351538625,0.06876364729257083,completed,1024,3,0.08387784046169958,0.01841861643558823,0.012908713783958872,0.1696741689000807,0.02130728683053436,20.0,0.1743861986837472,0.020698448524626628
8,232,917,1.0,8,0.5,learned,64,0.07689818020997208,matched_anchor,83.78077785771633,0.018413095975582112,factorized_full,8192,confirmation,0.011162852291518435,20260921,0,1.508241094648838,1.508241094648838,21049180,factorized_full,0.07514077181964306,32768,0.023503599551352772,0.039384921364344655,completed,1024,3,0.07738043220089696,0.0180874229360145,0.013109818846971877,0.1001745824216583,0.02016149958412907,20.0,0.10328524564040754,0.020330231214369533
8,233,917,1.0,8,0.5,learned,64,0.061956486192516244,matched_anchor,75.6384684163478,0.011881942001544792,tail_anchored,8192,confirmation,0.006169799680155271,20260921,0,1.2303944267332554,1.2303944267332554,21049180,anchor_n8192_k1024_m8,0.030897623303026592,32768,0.014492433334417687,0.05069439717994877,completed,1024,3,0.06776970989878658,0.014122724522949492,0.009653643995629334,0.16950447405849411,0.01601991593012942,20.0,0.17420098957847718,0.014920398020643794
8,234,918,1.0,8,0.5,learned,64,0.08479806695172142,matched_anchor,140.20018481976336,0.019018489032251742,full,8192,confirmation,0.0013055852107461269,20260921,0,1.3459529653191566,1.3459529653191566,21049190,full,0.010430752340068652,32768,0.020005615258782486,0.0553325638575771,completed,1024,3,0.07693807309610132,0.017064899609833747,0.0015369019890809077,0.18649464513521513,0.02036756286924853,20.0,0.18591111721272044,0.021663287254398707
8,235,918,1.0,8,0.5,learned,64,0.05511254033602832,matched_anchor,161.38382853078602,0.01121171131380442,factorized_full,8192,confirmation,0.0005453000259818541,20260921,0,1.5040286183357239,1.5040286183357239,21049190,factorized_full,0.004348470861954962,32768,0.012544021424066742,0.016701661207574863,completed,1024,3,0.0456185590057442,0.008443201130771565,0.0007766168043166349,0.10906145647680422,0.011032848215618575,20.0,0.10977396072550319,0.013736800215817644
8,236,918,1.0,8,0.5,learned,64,0.08158662772842787,matched_anchor,144.7812074685637,0.01787848489685199,tail_anchored,8192,confirmation,0.0009963156586192956,20260921,0,1.2238962538540363,1.2238962538540363,21049190,anchor_n8192_k1024_m8,0.00795659592305294,32768,0.01872772078554023,0.04887905117468749,completed,1024,3,0.05884296611485569,0.010724361625534161,0.0012276324369540764,0.18729476209208,0.013585468603582961,20.0,0.18666413571036933,0.01958131623012987
8,237,919,1.0,8,0.5,learned,64,0.06180530324288332,matched_anchor,98.26722749687423,0.010123222201046084,full,8192,confirmation,0.0056537322107873544,20260921,0,1.4098314940929413,1.4098314940929413,21049200,full,0.04114015275979187,32768,0.013794739894450275,0.02984344018387224,completed,1024,3,0.057195076392225944,0.008941567824229049,0.007829396721443893,0.2227501894939054,0.013471002365813601,20.0,0.22353202171500178,0.014106566138787914
8,238,919,1.0,8,0.5,learned,64,0.0705706964220009,matched_anchor,121.43142916130432,0.01621928288938867,factorized_full,8192,confirmation,0.017525309782279147,20260921,0,1.443355243653059,1.443355243653059,21049200,factorized_full,0.1255574672034338,32768,0.018809539654714207,0.03003972959140151,completed,1024,3,0.062370102517316325,0.012656382772095656,0.014122542446807829,0.13721441390121497,0.015247723498949,20.0,0.13797374074460017,0.017861744453445558
8,239,919,1.0,8,0.5,learned,64,0.08475994633368138,matched_anchor,107.98686148267672,0.018060597035385907,tail_anchored,8192,confirmation,0.009743051407524494,20260921,0,1.299060296267271,1.299060296267271,21049200,anchor_n8192_k1024_m8,0.07406725055560812,32768,0.01973422734063954,0.05920442961515257,completed,1024,3,0.07625030707185675,0.015548825867878528,0.011918715918181033,0.19414749975651976,0.017716314558208004,20.0,0.1949535320940502,0.019707150434755738
8,240,900,1.0,8,0.5,learned,64,0.0844365036392116,matched_anchor,89.91483601096961,0.017674075212595876,full,8192,confirmation,0.01088142040305639,20260921,0,1.4097394794225693,1.4097394794225693,21059010,full,0.08414434147947122,32768,0.02070067261936933,0.09684065313872876,completed,1024,4,0.08669355380270186,0.01843905482867906,0.012116812114493926,0.19883026836941808,0.020596910794778024,20.0,0.19544543525057273,0.019874431795038162
8,241,900,1.0,8,0.5,learned,64,0.0490371840064264,matched_anchor,100.0970087266681,0.008439271079692903,factorized_full,8192,confirmation,0.0011279458231706063,20260921,0,1.5056365206837654,1.5056365206837654,21059010,factorized_full,0.007016629921707268,32768,0.014529144855289024,0.011421245311890482,completed,1024,4,0.0581988801748008,0.011248660367846167,0.0023633375346081703,0.17941232166529714,0.015369675013911009,20.0,0.1762704176264719,0.013359398618640371
8,242,900,1.0,8,0.5,learned,64,0.06176545001490809,matched_anchor,94.91530657220083,0.010524326644416163,tail_anchored,8192,confirmation,0.0027717992271461683,20260921,0,1.2118805274367332,1.2118805274367332,21059010,anchor_n8192_k1024_m8,0.019928630458797995,32768,0.017242928046329556,0.03565558924713212,completed,1024,4,0.07306991332720948,0.014160201934372472,0.004007190938583732,0.213324320820734,0.017642524894721512,20.0,0.21033642161046898,0.015624453653640579
8,243,901,1.0,8,0.5,learned,64,0.06961742374812518,matched_anchor,84.46572571357684,0.013468756859816293,full,8192,confirmation,0.008415221395486009,20260921,0,1.363344494253397,1.363344494253397,21059020,full,0.05687116921440566,32768,0.014460048877996385,0.04752084580545843,completed,1024,4,0.0829218633500613,0.017367981272718557,0.008299377895899091,0.1860594436468586,0.01913316829770266,20.0,0.1853954812961889,0.015820964966960196
8,244,901,1.0,8,0.5,learned,64,0.06836440004874862,matched_anchor,95.0503862846613,0.015082596162825347,factorized_full,8192,confirmation,0.010522724163381902,20260921,0,1.444295734167099,1.444295734167099,21059020,factorized_full,0.04989718134939436,32768,0.015477109606705307,0.024292497412361294,completed,1024,4,0.08194602088188478,0.018994241626282844,0.01030325886190929,0.1504112559077808,0.02005826595403272,20.0,0.14879722133618606,0.016425133218237537
8,245,901,1.0,8,0.5,learned,64,0.05935124317271448,matched_anchor,84.79903185241099,0.011885627161391875,tail_anchored,8192,confirmation,0.014918588721875493,20260921,0,1.2031904570758343,1.2031904570758343,21059020,anchor_n8192_k1024_m8,0.08665796417252743,32768,0.014071875086268854,0.052438209312261966,completed,1024,4,0.0725920588442821,0.015606114741499425,0.01577136228600364,0.1815521938254041,0.01749350277086053,20.0,0.18158566147572086,0.014369822754678768
8,246,902,1.0,8,0.5,learned,64,0.1225570814028862,matched_anchor,147.3155999838827,0.02872730607714674,full,8192,confirmation,3.353071660905371e-05,20260921,0,1.4024356976151466,1.4024356976151466,21059030,full,0.0002682457328661076,32768,0.02397765013250392,0.14671791994291053,completed,1024,4,0.1419242482234917,0.0344042637832605,3.5581705847859135e-05,0.1829984647450807,0.035520234458309076,20.0,0.1852825509533972,0.03071125767493186
8,247,902,1.0,8,0.5,learned,64,0.12125739072220076,matched_anchor,179.90378811587792,0.030401781677147535,factorized_full,8192,confirmation,3.353071660894269e-05,20260921,0,1.4524820037186146,1.4524820037186146,21059030,factorized_full,0.0002682457328641092,32768,0.03144133068130258,0.098509757539357,completed,1024,4,0.15980154443408806,0.04129588549365444,3.558170584774811e-05,0.13261272728105877,0.041451623556957376,20.0,0.13484383658406157,0.030908250901746
8,248,902,1.0,8,0.5,learned,64,0.06502463229398203,matched_anchor,144.62526474168519,0.012989587658965657,tail_anchored,8192,confirmation,3.188694930210562e-05,20260921,0,1.3085157684981823,1.3085157684981823,21059030,anchor_n8192_k1024_m8,0.00025509556673736244,32768,0.01711564327903079,0.06349287185151338,completed,1024,4,0.09486306767508987,0.02236408352165825,2.9835965677059653e-05,0.1871036248607395,0.024384649975712203,20.0,0.18927939785709957,0.01636163737024749
8,249,903,1.0,8,0.5,learned,64,0.06038265098003887,matched_anchor,159.23121939986476,0.011442205360824837,full,8192,confirmation,0.009107535968612437,20260921,0,1.4046240076422691,1.4046240076422691,21059040,full,0.05423249686983618,32768,0.015512339165700061,0.0787490812464079,completed,1024,4,0.08138658454579063,0.017487656052283453,0.012080243979677881,0.1901158861186987,0.021188985017418217,20.0,0.19300146695387932,0.015438963465632026
8,250,903,1.0,8,0.5,learned,64,0.059832293729082706,matched_anchor,179.50976989046978,0.013466769593197024,factorized_full,8192,confirmation,0.0044825347448828184,20260921,0,1.5002972558140755,1.5002972558140755,21059040,factorized_full,0.02532926386430654,32768,0.01643181503239986,0.023901381375503516,completed,1024,4,0.08760841221158636,0.02116335809356825,0.006606151862743118,0.13251652088006596,0.022222115296858205,20.0,0.13303671190107583,0.014616452297473489
8,251,903,1.0,8,0.5,learned,64,0.08978533947033965,matched_anchor,157.23568947150872,0.01874335767589966,tail_anchored,8192,confirmation,0.021636986544857986,20260921,0,1.327555026859045,1.327555026859045,21059040,anchor_n8192_k1024_m8,0.10817067769606695,32768,0.022551746069887243,0.056368355410656434,completed,1024,4,0.12040633521683741,0.02745118779943228,0.024628553419818257,0.2178713991939122,0.02969288382343775,20.0,0.21871350103057874,0.02227252997890273
8,252,904,1.0,8,0.5,learned,64,0.04833988327213881,matched_anchor,118.43958591891932,0.008287253838823422,full,8192,confirmation,0.011780448791695458,20260921,0,1.4132469929754734,1.4132469929754734,21059050,full,0.07581893105277838,32768,0.012249776227948754,0.07843839109836657,completed,1024,4,0.06967404592765629,0.01404119096093295,0.011351005116057702,0.15831585461911007,0.017249756107337127,20.0,0.15997176090449364,0.011632080857089944
8,253,904,1.0,8,0.5,learned,64,0.05748519746682805,matched_anchor,123.56387498899817,0.01202588106620072,factorized_full,8192,confirmation,0.016829394204926185,20260921,0,1.4971641339361668,1.4971641339361668,21059050,factorized_full,0.09339961599257574,32768,0.014486219025960954,0.02306969891146965,completed,1024,4,0.08017777092395648,0.01898567518169355,0.01491532576216019,0.17965091413504541,0.021344115381956266,20.0,0.1845583458027253,0.015221227374342533
8,254,904,1.0,8,0.5,learned,64,0.07286921392366166,matched_anchor,116.82570454340149,0.013969038288130016,tail_anchored,8192,confirmation,0.02066376907838073,20260921,0,1.2432056404650211,1.2432056404650211,21059050,anchor_n8192_k1024_m8,0.09119718353627501,32768,0.017704333096458143,0.047834937582322,completed,1024,4,0.09791886868490815,0.021566072414797913,0.021679751574685907,0.2274491138686421,0.02363000208946174,20.0,0.22822023481864256,0.01713440778355792
8,255,905,1.0,8,0.5,learned,64,0.05458453365372948,matched_anchor,62.06794566877974,0.009065178107621951,full,8192,confirmation,0.0033723723455681455,20260921,0,1.4065535366535187,1.4065535366535187,21059060,full,0.026737139546299728,32768,0.013755248742332077,0.035177902223942174,completed,1024,4,0.06712528776475724,0.012689910263926673,0.003608258385517111,0.17438035945500652,0.015443500345516701,20.0,0.17103214594911081,0.013075042049436231
8,256,905,1.0,8,0.5,learned,64,0.05637967448823374,matched_anchor,67.91197846407633,0.010006797830463507,factorized_full,8192,confirmation,0.0012527473495141245,20260921,0,1.4970172718167305,1.4970172718167305,21059060,factorized_full,0.009780898618548332,32768,0.014740566256934403,0.016682244455670844,completed,1024,4,0.06940015365991192,0.014009086023578166,0.0016982991622629673,0.16026994255586535,0.016110879663385355,20.0,0.1567783135010584,0.01340177196618264
8,257,905,1.0,8,0.5,learned,64,0.13028262743160554,matched_anchor,67.27261882252596,0.026926113513669546,tail_anchored,8192,confirmation,0.009597933392837332,20260921,0,1.2219399772584438,1.2219399772584438,21059060,anchor_n8192_k1024_m8,0.07318167740736599,32768,0.03552009119869658,0.1288505655395935,completed,1024,4,0.13741895556453904,0.029172801698741008,0.009833819432786297,0.2543908998494532,0.03186910862706299,20.0,0.2512931494313292,0.03045846662480329
8,258,906,1.0,8,0.5,learned,64,0.13556482766342637,matched_anchor,86.97720835839662,0.0323743131987837,full,8192,confirmation,0.005491966890805382,20260921,0,1.4227517917752266,1.4227517917752266,21059070,full,0.038703588611926784,32768,0.033741138125795725,0.22900452972596047,completed,1024,4,0.1410865432487767,0.03385929979795317,0.005816105296775946,0.18723215980719232,0.036134403558832295,20.0,0.18467577716098144,0.03415086414072839
8,259,906,1.0,8,0.5,learned,64,0.04309456707372395,matched_anchor,101.99134738781147,0.008190635516956259,factorized_full,8192,confirmation,0.004242346756151788,20260921,0,1.4985779859125614,1.4985779859125614,21059070,factorized_full,0.028583345289183694,32768,0.010067857005987137,0.013775775517052502,completed,1024,4,0.058141026954462806,0.012573485924656947,0.004504369062315355,0.14385289594616302,0.014817057356789017,20.0,0.13796564926628663,0.010950041234858519
8,260,906,1.0,8,0.5,learned,64,0.08587046355040079,matched_anchor,93.74424527312135,0.01772639968264744,tail_anchored,8192,confirmation,0.008907115041904633,20260921,0,1.223585743457079,1.223585743457079,21059070,anchor_n8192_k1024_m8,0.05802104452274329,32768,0.02334183948866968,0.13143316583183093,completed,1024,4,0.09124801314102497,0.018472150048564503,0.009218997480172679,0.20208931158258286,0.021975199571755536,20.0,0.19730723209973144,0.02115592943883837
8,261,907,1.0,8,0.5,learned,64,0.08012436033139311,matched_anchor,149.19327036835205,0.016916866340964398,full,8192,confirmation,0.0009875067459397817,20260921,0,1.4028204381465912,1.4028204381465912,21059080,full,0.007900053912532842,32768,0.021087322395727442,0.031424922955893386,completed,1024,4,0.10618563963722678,0.024567723480457354,0.0011042016910546436,0.22200337563128025,0.026894572921550855,20.0,0.22059078797667186,0.020046382043223406
8,262,907,1.0,8,0.5,learned,64,0.06989702154110009,matched_anchor,152.77363929634998,0.015376744712391754,factorized_full,8192,confirmation,0.0014185914037808944,20260921,0,1.502132598310709,1.502132598310709,21059080,factorized_full,0.011348731175262358,32768,0.0159102073474232,0.02672332781641613,completed,1024,4,0.09133102359268808,0.021676788396329943,0.0015352863488957563,0.17020914257184028,0.023180783643192954,20.0,0.16749768311101743,0.017751595705917327
8,263,907,1.0,8,0.5,learned,64,0.08361873587488763,matched_anchor,137.78880994775952,0.018721901455125284,tail_anchored,8192,confirmation,0.001356194284358155,20260921,0,1.2232666425406933,1.2232666425406933,21059080,anchor_n8192_k1024_m8,0.010849554219878547,32768,0.02343536080044984,0.05267260344804707,completed,1024,4,0.1084082347023044,0.025557527023000376,0.001472889229473017,0.19803745749821028,0.027296318407208052,20.0,0.1965752140386952,0.020648236368768398
8,264,908,1.0,8,0.5,learned,64,0.052365121121039124,matched_anchor,70.04908610595393,0.009396983624998554,full,8192,confirmation,0.0015991872993562084,20260921,0,1.3704784326255322,1.3704784326255322,21059090,full,0.011581945967809124,32768,0.014260746716877198,0.04948611683794296,completed,1024,4,0.057068465147992145,0.011073714120637526,0.0017415062914580282,0.18926277530131608,0.014016415814879859,20.0,0.1858846441697073,0.012580847478757498
8,265,908,1.0,8,0.5,learned,64,0.07710295013761269,matched_anchor,75.60828507262147,0.019967627630728294,factorized_full,8192,confirmation,0.0038339368950172092,20260921,0,1.4948593489825726,1.4948593489825726,21059090,factorized_full,0.030086273584065695,32768,0.02331395150832894,0.05579051856799582,completed,1024,4,0.09253866903511565,0.02451027544945996,0.004219242419097796,0.13832257062099107,0.026199494882823884,20.0,0.134285315021892,0.02191322823647419
8,266,908,1.0,8,0.5,learned,64,0.05720180214302524,matched_anchor,67.62357142160285,0.009991097387895779,tail_anchored,8192,confirmation,0.003040295257334256,20260921,0,1.2227620519697666,1.2227620519697666,21059090,anchor_n8192_k1024_m8,0.020339294353682882,32768,0.014498864809441167,0.03692114812291753,completed,1024,4,0.06233679472062791,0.011730550049392538,0.003422843892746156,0.20155216009597587,0.014530568149918188,20.0,0.19849221007226575,0.013554682898842551
8,267,909,1.0,8,0.5,learned,64,0.08378668547996851,matched_anchor,149.69733685718174,0.018607371832398564,full,8192,confirmation,0.0003140549757624072,20260921,0,1.4053176939487457,1.4053176939487457,21059100,full,0.002512439806088112,32768,0.020357948899886305,0.09171391732857412,completed,1024,4,0.10137085568039697,0.024084002200099507,0.00036808751874225826,0.14227406369717555,0.02565673945044194,20.0,0.14198599396319028,0.02025061883753137
8,268,909,1.0,8,0.5,learned,64,0.06537568562275436,matched_anchor,172.04805113594205,0.014085836907686791,factorized_full,8192,confirmation,0.0005861020074341694,20260921,0,1.499773945659399,1.499773945659399,21059100,factorized_full,0.004688816056305108,32768,0.015738182221536157,0.023189460080479205,completed,1024,4,0.09717661791703563,0.022910980528281992,0.0005320694648906915,0.1538973575186894,0.023440915688047695,20.0,0.15367145175922764,0.015554955778140004
8,269,909,1.0,8,0.5,learned,64,0.11311448492250246,matched_anchor,149.92310868362426,0.024077103538015912,tail_anchored,8192,confirmation,7.5118886104531e-05,20260921,0,1.2046498991549015,1.2046498991549015,21059100,anchor_n8192_k1024_m8,0.0006009510856670776,32768,0.026335128507012764,0.1143571871709091,completed,1024,4,0.1183721156290343,0.026111365702307147,2.108634356105311e-05,0.21384470646972792,0.027644801137584083,20.0,0.21390485849139262,0.026871890710899515
8,270,910,1.0,8,0.5,learned,64,0.08544325543190284,matched_anchor,138.9324300277605,0.02056591646310467,full,8192,confirmation,7.092239328321259e-07,20260921,0,1.4114962443709373,1.4114962443709373,21059110,full,5.673791292230831e-06,32768,0.02318492180221371,0.08238212749706467,completed,1024,4,0.12211551779768631,0.03127604245074039,1.0173187068307499e-06,0.18655688240946003,0.032839079377468036,20.0,0.18422433301930766,0.023011271918045174
8,271,910,1.0,8,0.5,learned,64,0.06390405802926835,matched_anchor,156.40477029669177,0.014601976353589577,factorized_full,8192,confirmation,7.092239327211036e-07,20260921,0,1.504491426050663,1.504491426050663,21059110,factorized_full,5.673791292896965e-06,32768,0.02008573421110424,0.03247464286565289,completed,1024,4,0.10040969523060544,0.0253121023412253,1.0173187067197276e-06,0.12433400253268075,0.026388226288326388,20.0,0.12308843079029162,0.016776557589621113
8,272,910,1.0,8,0.5,learned,64,0.10307190250667324,matched_anchor,146.09438457503123,0.02373762929741058,tail_anchored,8192,confirmation,7.092239327766148e-07,20260921,0,1.2219226248562336,1.2219226248562336,21059110,anchor_n8192_k1024_m8,5.673791293119009e-06,32768,0.02317028317716999,0.09610329658789794,completed,1024,4,0.12648083801236784,0.030620870563500255,1.0173187067752387e-06,0.20713924609158346,0.03186768121057702,20.0,0.20600653058898263,0.026187946298386368
8,273,911,1.0,8,0.5,learned,64,0.08962993229585386,matched_anchor,121.7619368436452,0.01973080461243771,full,8192,confirmation,0.010053987680247069,20260921,0,1.4015546031296253,1.4015546031296253,21059120,full,0.07673753816858983,32768,0.02451434980024677,0.0965950268960528,completed,1024,4,0.10298504384553678,0.02305766405953647,0.011376139411805819,0.19036081733924787,0.02600196063580304,20.0,0.18787590945926955,0.022220966211643566
8,274,911,1.0,8,0.5,learned,64,0.057149130144284,matched_anchor,133.23902957445262,0.011495377009861505,factorized_full,8192,confirmation,0.002235247343033611,20260921,0,1.4979014582931995,1.4979014582931995,21059120,factorized_full,0.017083726412598615,32768,0.01343688247411778,0.015540548765202142,completed,1024,4,0.07855154549451951,0.01766701005305037,0.0035275816420627243,0.1586003896887469,0.019446120836518945,20.0,0.15620092724189882,0.013583017026345325
8,275,911,1.0,8,0.5,learned,64,0.07812007029934814,matched_anchor,121.54585758886446,0.01578130400079455,tail_anchored,8192,confirmation,0.006039070490053393,20260921,0,1.2246526069939137,1.2246526069939137,21059120,anchor_n8192_k1024_m8,0.0455208648055906,32768,0.017138728739858795,0.05149943197828372,completed,1024,4,0.09664851367573926,0.021878977362133203,0.007361222221612145,0.1978902792775643,0.023234949642965456,20.0,0.1953948630189888,0.01931168864659791
8,276,912,1.0,8,0.5,learned,64,0.07002663516032796,matched_anchor,144.0324823092556,0.013750407900203989,full,8192,confirmation,0.004471667365663817,20260921,0,1.4111148230731487,1.4111148230731487,21059130,full,0.035769556185861584,32768,0.017938315665899013,0.04098176820497331,completed,1024,4,0.10013796242094646,0.022447849730691808,0.0036373369020801516,0.18136914368645474,0.024128286349055457,20.0,0.18070193977857069,0.016167457122945025
8,277,912,1.0,8,0.5,learned,64,0.07508524654491862,matched_anchor,154.30103556434923,0.01606637128113832,factorized_full,8192,confirmation,0.0006938068715522938,20260921,0,1.5005752593278885,1.5005752593278885,21059130,factorized_full,0.00554667223297009,32768,0.024114580205665904,0.03736030409295196,completed,1024,4,0.09446915507954881,0.021793608130328088,0.00014373293870573178,0.14297673158294683,0.02347111485122025,20.0,0.14200885675460698,0.01831589960126143
8,278,912,1.0,8,0.5,learned,64,0.07680361527798493,matched_anchor,138.5467060716538,0.016256729390976735,tail_anchored,8192,confirmation,0.0034904970439969263,20260921,0,1.222820233553648,1.222820233553648,21059130,anchor_n8192_k1024_m8,0.027917213086454007,32768,0.019053668226891748,0.041691343257069635,completed,1024,4,0.10663569992536982,0.024758828121245673,0.004325400353071135,0.20062271687697641,0.026256077094347102,20.0,0.19988009546429059,0.018148533915323242
8,279,913,1.0,8,0.5,learned,64,0.06866966935472198,matched_anchor,110.30303499030481,0.015561581783639844,full,8192,confirmation,0.013037599135000952,20260921,0,1.4253892824053764,1.4253892824053764,21059140,full,0.10047550513082583,32768,0.016318808151001615,0.07980037789320917,completed,1024,4,0.10199460062087128,0.02530248241984688,0.015603838653446084,0.16180305825665614,0.026702644401085218,20.0,0.16069069087036508,0.017592470522379167
8,280,913,1.0,8,0.5,learned,64,0.07764630863653862,matched_anchor,124.54939172255018,0.018892075257697215,factorized_full,8192,confirmation,0.006068350950022283,20260921,0,1.4962725602090359,1.4962725602090359,21059140,factorized_full,0.04641370794304077,32768,0.015711603743405786,0.03444229863568843,completed,1024,4,0.1141317489806698,0.029301639435180205,0.008634590468467415,0.12972703981364384,0.029642021032452323,20.0,0.12857050265508074,0.019542623321787897
8,281,913,1.0,8,0.5,learned,64,0.0773338823768707,matched_anchor,112.52384995009571,0.01571657102203948,tail_anchored,8192,confirmation,0.006670094092907988,20260921,0,1.205654576420784,1.205654576420784,21059140,anchor_n8192_k1024_m8,0.0495048226360508,32768,0.019646349976387527,0.03843462041137018,completed,1024,4,0.10791679845631794,0.024531350189233726,0.00923633361135312,0.20190718605695335,0.026551352589621185,20.0,0.20088124369514773,0.018127781587308715
8,282,914,1.0,8,0.5,learned,64,0.06820814477274598,matched_anchor,150.649487928244,0.011983831103881782,full,8192,confirmation,0.002721416899430562,20260921,0,1.4172722660005093,1.4172722660005093,21059150,full,0.02174565789458846,32768,0.015558010597259538,0.037427710122737684,completed,1024,4,0.08691341075124398,0.0180329695447352,0.002958796865171795,0.22585843767758737,0.020249882180095352,20.0,0.22377573584452623,0.016262552003081618
8,283,914,1.0,8,0.5,learned,64,0.0672176489747324,matched_anchor,169.07412224919506,0.014736243783085506,factorized_full,8192,confirmation,0.0023368143848126466,20260921,0,1.497018028050661,1.497018028050661,21059150,factorized_full,0.0179564624917418,32768,0.015965981290757283,0.02378074525581083,completed,1024,4,0.0867825172295223,0.02050736425669598,0.0025697366992557397,0.13867514050073482,0.02209054652380138,20.0,0.13627752748205238,0.016325940900132774
8,284,914,1.0,8,0.5,learned,64,0.06357368167502905,matched_anchor,154.07306564210427,0.013282037108676592,tail_anchored,8192,confirmation,0.002036189625647694,20260921,0,1.2019073814153671,1.2019073814153671,21059150,anchor_n8192_k1024_m8,0.016263839704326155,32768,0.017684572226963034,0.08395308312967292,completed,1024,4,0.07073686465304785,0.015945804478923617,0.002273569591388927,0.13817572427216612,0.017932626876654305,20.0,0.13867869317054643,0.015634031759065473
8,285,915,1.0,8,0.5,learned,64,0.07560628031596581,matched_anchor,91.9275767391818,0.01507643568996992,full,8192,confirmation,0.003363368730513211,20260921,0,1.3522011302411556,1.3522011302411556,21059160,full,0.026786842499949108,32768,0.019320544596844177,0.06676042174625878,completed,1024,4,0.08767275867504132,0.019018463430861138,0.0030281152589244215,0.19339931180859887,0.020807059333295602,20.0,0.19001309854548734,0.018049574025973462
8,286,915,1.0,8,0.5,learned,64,0.06449620061214092,matched_anchor,95.97364252580438,0.013631250000275826,factorized_full,8192,confirmation,0.003741860157388713,20260921,0,1.5008088946342468,1.5008088946342468,21059160,factorized_full,0.02992207789638581,32768,0.019018205460224057,0.022167427161508553,completed,1024,4,0.07974408003248912,0.01817940773023473,0.00407866143907995,0.17874092749821135,0.019998110780577463,20.0,0.175849470606823,0.016204190246549798
8,287,915,1.0,8,0.5,learned,64,0.058745948681023466,matched_anchor,92.9160869209391,0.009492170165002783,tail_anchored,8192,confirmation,0.003431409693234161,20260921,0,1.2198428325355053,1.2198428325355053,21059160,anchor_n8192_k1024_m8,0.027438474183148827,32768,0.014615889006694562,0.03344863620025842,completed,1024,4,0.07347421276705372,0.014013196579324184,0.0037682109749253984,0.21057371271388603,0.01768626194337492,20.0,0.20748271143284316,0.014450612856430955
8,288,916,1.0,8,0.5,learned,64,0.06945033038093652,matched_anchor,174.45596838581926,0.012655433768820274,full,8192,confirmation,0.014422397138222567,20260921,0,1.4028767757117748,1.4028767757117748,21059170,full,0.08572671133714235,32768,0.022828968055473322,0.039039936867681826,completed,1024,4,0.1037864082283644,0.02272161516260003,0.014708940875473883,0.22050705496536738,0.026847979150062033,20.0,0.21965735192387767,0.017670585682246612
8,289,916,1.0,8,0.5,learned,64,0.08242839110228814,matched_anchor,183.0190195549552,0.019536149642419676,factorized_full,8192,confirmation,0.008771402598188066,20260921,0,1.5009370930492878,1.5009370930492878,21059170,factorized_full,0.052585617653328975,32768,0.020463138510726158,0.04657670154244962,completed,1024,4,0.11695242310863205,0.02960233103619943,0.009057946335439382,0.10213557223168175,0.03083351014420775,20.0,0.09624091016028288,0.020701888355157846
8,290,916,1.0,8,0.5,learned,64,0.07158647991076106,matched_anchor,184.1791420739121,0.014955363675033022,tail_anchored,8192,confirmation,0.019351022783634455,20260921,0,1.224040262401104,1.224040262401104,21059170,anchor_n8192_k1024_m8,0.1270986067525386,32768,0.022370689010819397,0.06387451945177958,completed,1024,4,0.10182218064373541,0.023978944178275726,0.01963756652088577,0.17753035018119506,0.02605914184315101,20.0,0.17441098498603755,0.017595058878612648
8,291,917,1.0,8,0.5,learned,64,0.05428237970196763,matched_anchor,65.84183302346214,0.010690688968116455,full,8192,confirmation,0.01050386317849672,20260921,0,1.4056130424141884,1.4056130424141884,21059180,full,0.0626739227465194,32768,0.010026244171899363,0.06655459180192758,completed,1024,4,0.059136859669660216,0.012642498751042331,0.009737965919509761,0.13707951074286745,0.014426088478218182,20.0,0.1373983515296079,0.013889793153467025
8,292,917,1.0,8,0.5,learned,64,0.05306139028421882,matched_anchor,75.16615634414362,0.011453151497979312,factorized_full,8192,confirmation,0.015172126411460235,20260921,0,1.6133476570248604,1.6133476570248604,21059180,factorized_full,0.07646545090044236,32768,0.013958045495859845,0.015484907859018595,completed,1024,4,0.0688882283630697,0.016292937297069064,0.015979408450813498,0.14022317184296304,0.01724544875686523,20.0,0.142212057450379,0.013417873167642546
8,293,917,1.0,8,0.5,learned,64,0.0721526624382354,matched_anchor,70.39103519745926,0.014110059648279582,tail_anchored,8192,confirmation,0.013124175141806721,20260921,0,1.2228466421365738,1.2228466421365738,21059180,anchor_n8192_k1024_m8,0.08648548741407382,32768,0.01516745411748668,0.06086904328048276,completed,1024,4,0.08824195823279772,0.019068135567529343,0.01444068529338402,0.1978676084763507,0.021417641427946565,20.0,0.19780298174457683,0.01798824034039801
8,294,918,1.0,8,0.5,learned,64,0.06490173742324089,matched_anchor,141.87182459743593,0.013379271307814154,full,8192,confirmation,0.0006454858839493594,20260921,0,1.4088109619915485,1.4088109619915485,21059190,full,0.0051535523849784454,32768,0.017854086948759906,0.04593453295608625,completed,1024,4,0.09213316258876453,0.020743107338517627,0.000812421299594579,0.17886251293878958,0.02251161023804952,20.0,0.17565577715292496,0.015909649273262307
8,295,918,1.0,8,0.5,learned,64,0.05852981494950447,matched_anchor,155.09314018455092,0.01337694024475946,factorized_full,8192,confirmation,0.0011284802167964153,20260921,0,1.5115329809486866,1.5115329809486866,21059190,factorized_full,0.009017507047757306,32768,0.01566765323863842,0.020142461824704916,completed,1024,4,0.0817753727482264,0.01990455648231565,0.001295415632441635,0.13539491819604554,0.021565453039237247,20.0,0.13173266894058444,0.015113299533238825
8,296,918,1.0,8,0.5,learned,64,0.11343201362509073,matched_anchor,144.8811283460253,0.02626429113324532,tail_anchored,8192,confirmation,0.0011839817000116881,20260921,0,1.2446882240474224,1.2446882240474224,21059190,anchor_n8192_k1024_m8,0.009461518913480032,32768,0.035488518391989354,0.130921306328662,completed,1024,4,0.13713239834670546,0.0334076843405689,0.0013509171156569078,0.1804113632018021,0.035374649175229284,20.0,0.17858980609413344,0.029744807325060782
8,297,919,1.0,8,0.5,learned,64,0.07678749008650651,matched_anchor,102.17819693077634,0.019304869956312073,full,8192,confirmation,0.012655651134341746,20260921,0,1.4082411862909794,1.4082411862909794,21059200,full,0.09533072649091237,32768,0.023177479815108825,0.15665490612428676,completed,1024,4,0.08783642890523294,0.022446737561576835,0.013190021955079994,0.1265361299437276,0.023173388097887288,20.0,0.12610595297942995,0.020724339578058717
8,298,919,1.0,8,0.5,learned,64,0.046553181378945235,matched_anchor,113.7951917222853,0.008494566829058125,factorized_full,8192,confirmation,0.006133150003738444,20260921,0,1.4971482418477535,1.4971482418477535,21059200,factorized_full,0.04603953057251726,32768,0.011403340922221176,0.011996335416945463,completed,1024,4,0.05718457380828479,0.011208066658870102,0.0066675208244766915,0.15866913854855313,0.014075829413160898,20.0,0.15576302012757134,0.011161224362550586
8,299,919,1.0,8,0.5,learned,64,0.07925063634209174,matched_anchor,105.46668371219937,0.016833305432494436,tail_anchored,8192,confirmation,0.012108048713441986,20260921,0,1.2244152687489986,1.2244152687489986,21059200,anchor_n8192_k1024_m8,0.09044345982758156,32768,0.019555619395532534,0.09002339399197996,completed,1024,4,0.0945186964132338,0.021055329469868114,0.012642419534180233,0.19033941031036733,0.023325781826902234,20.0,0.18746041117183915,0.019476547544294044
