batch,cell_id,covariance_error,coverage90,coverage95,dataset_seed,dimension,groups,line,log_normalizer,mean_error,method,particles,phase,proposal_scale,regime,seconds,seconds_including_preparation,seed,setting_id,sliced_w1_32,stages,state_mse,status,steps,w1_mean,width90,width95
4,0,0.005913630766759575,1.0,1.0,1200,2,12,sensor,1.1987835846384058,0.02339233680130538,full,16384,confirmation,,ambiguous,1.4155077822506428,1.4155077822506428,5101400,full_n16384_k2048_m4,0.024425970772160098,,0.048706708594434926,completed,2048,0.023013691903686063,1.4380913193409974,1.6934837595835333
8,1,0.004748133242048955,1.0,1.0,1200,2,12,sensor,1.174282186986379,0.0073675741738125355,tail_anchored,16384,confirmation,,ambiguous,2.2304054610431194,2.2304054610431194,5101400,tail_anchored_n16384_k2048_m8,0.010616169818090368,,0.05212675060180919,completed,2048,0.010226215794706731,1.4248479998761738,1.6826598469144534
4,2,0.006118357272356057,1.0,1.0,1200,2,12,sensor,1.1666480125765064,0.0060099724550250295,tail_fixed,16384,confirmation,,ambiguous,1.9319625236093998,1.9319625236093998,5101400,tail_fixed,0.010151267707053872,,0.05174909059981668,completed,2048,0.010696933926274601,1.4156452927960552,1.6901470845243387
4,3,0.0031217827260089084,1.0,1.0,1200,2,12,sensor,1.19386196483892,0.013242148628612657,unbiased,16384,confirmation,,ambiguous,1.4778738841414452,1.4778738841414452,5101400,unbiased,0.013479476655930148,,0.05276054476045615,completed,2048,0.013059627053779133,1.4197720909700418,1.6685093470770398
,4,0.0010726421746286062,1.0,1.0,1200,2,12,sensor,-14.989790484273431,0.0019620664040834535,annealed_smc,16384,confirmation,0.15,ambiguous,0.10123804956674576,0.10123804956674576,5101400,smc_k64_scale0.15,0.00427602757394391,64,0.05359336545234775,completed,,0.004105581502291879,1.4355044460373128,1.6892629338824086
,5,0.0009666504372444533,1.0,1.0,1200,2,12,sensor,,0.005067562550856272,exact,16384,confirmation,,ambiguous,0.004939001053571701,0.004939001053571701,5101400,exact,0.0061431163496700825,,0.05423221580070879,completed,,0.006023135721007308,1.443429503329477,1.7026903980021277
4,6,0.0069567255378583225,1.0,1.0,1201,2,12,sensor,0.3490962452630688,0.010984285185730356,full,16384,confirmation,,ambiguous,1.3572774678468704,1.3572774678468704,5101401,full_n16384_k2048_m4,0.015819481309946246,,0.06563935426861219,completed,2048,0.01566644247111466,1.8983862993718172,2.2199422902299553
8,7,0.0024858732005461743,1.0,1.0,1201,2,12,sensor,0.368257846624104,0.01592948625266818,tail_anchored,16384,confirmation,,ambiguous,2.2245081067085266,2.2245081067085266,5101401,tail_anchored_n16384_k2048_m8,0.019544672580486,,0.06308624237303133,completed,2048,0.017617109462894413,1.8981300090055229,2.210490571966974
4,8,0.007663448855050331,1.0,1.0,1201,2,12,sensor,0.37440110515476643,0.011309076963862004,tail_fixed,16384,confirmation,,ambiguous,1.9261615984141827,1.9261615984141827,5101401,tail_fixed,0.015908196198127465,,0.06509867097199377,completed,2048,0.01512122204700075,1.904631591737347,2.2082434180207615
4,9,0.00522926099949123,1.0,1.0,1201,2,12,sensor,0.37352329298434217,0.008508415872910879,unbiased,16384,confirmation,,ambiguous,1.5502203814685345,1.5502203814685345,5101401,unbiased,0.013740374611596851,,0.06682289752187236,completed,2048,0.011766472480572315,1.9008275780780373,2.2047855261694242
,10,0.001423693876499542,1.0,1.0,1201,2,12,sensor,-17.936982800167854,0.005641997041964354,annealed_smc,16384,confirmation,0.15,ambiguous,0.10162513703107834,0.10162513703107834,5101401,smc_k64_scale0.15,0.006640897150595627,64,0.07328577725617072,completed,,0.006504233891015593,1.8952857473173534,2.207949467554114
,11,0.002524800504610434,1.0,1.0,1201,2,12,sensor,,0.006227038396952866,exact,16384,confirmation,,ambiguous,0.00484054908156395,0.00484054908156395,5101401,exact,0.006827493676324131,,0.07252344025874426,completed,,0.007326344017884068,1.9076162945169748,2.2286712299155065
4,12,0.008295131982961793,1.0,1.0,1202,2,12,sensor,-0.5303065091614121,0.008358442893659473,full,16384,confirmation,,ambiguous,1.3601789809763432,1.3601789809763432,5101402,full_n16384_k2048_m4,0.010785148689869867,,0.06356511352697787,completed,2048,0.011229470748388433,2.394186421336629,2.7439415885797325
8,13,0.002145499501769782,1.0,1.0,1202,2,12,sensor,-0.5260400933976932,0.0055393434736511595,tail_anchored,16384,confirmation,,ambiguous,2.3431032858788967,2.3431032858788967,5101402,tail_anchored_n16384_k2048_m8,0.008501170402308052,,0.062430610933086925,completed,2048,0.009386106836201865,2.378190787563246,2.707519633940209
4,14,0.029134653629925535,1.0,1.0,1202,2,12,sensor,-0.4858491013837165,0.03451146455710472,tail_fixed,16384,confirmation,,ambiguous,1.9185993075370789,1.9185993075370789,5101402,tail_fixed,0.0290144074126504,,0.07759800876034302,completed,2048,0.03030263673801339,2.425503141028935,2.762011592748062
4,15,0.00539729099583113,1.0,1.0,1202,2,12,sensor,-0.5049623250220225,0.0052207198853621945,unbiased,16384,confirmation,,ambiguous,1.4816210716962814,1.4816210716962814,5101402,unbiased,0.00900660688028737,,0.062076216741296715,completed,2048,0.010194025121782198,2.3795191516820156,2.726861438413732
,16,0.0035361426730670205,1.0,1.0,1202,2,12,sensor,-20.286847047845104,0.009386347856687564,annealed_smc,16384,confirmation,0.15,ambiguous,0.10130956396460533,0.10130956396460533,5101402,smc_k64_scale0.15,0.009124420059713197,64,0.06367180541506909,completed,,0.010077562169297258,2.387543710629055,2.717958850195823
,17,0.011221993948802873,1.0,1.0,1202,2,12,sensor,,0.003433427382884525,exact,16384,confirmation,,ambiguous,0.004575200378894806,0.004575200378894806,5101402,exact,0.0077055311169184374,,0.06123664535893571,completed,,0.008285426313276747,2.396101167746623,2.7283415707018177
4,18,0.0037040472360192547,1.0,1.0,1203,2,12,sensor,-0.08201124228031897,0.0061930870094047685,full,16384,confirmation,,ambiguous,1.3994826339185238,1.3994826339185238,5101403,full_n16384_k2048_m4,0.008767391421292202,,0.28322211328088576,completed,2048,0.008401563495728702,1.732815528695645,2.047314822314119
8,19,0.00896521257904982,1.0,1.0,1203,2,12,sensor,-0.07493997411556563,0.006527024972116426,tail_anchored,16384,confirmation,,ambiguous,2.224597405642271,2.224597405642271,5101403,tail_anchored_n16384_k2048_m8,0.01043801304090769,,0.28252707642667657,completed,2048,0.009473770845070914,1.750554682145015,2.0751700400165243
4,20,0.010191885907647738,1.0,1.0,1203,2,12,sensor,-0.06319888789532957,0.006607828296306672,tail_fixed,16384,confirmation,,ambiguous,2.033141430467367,2.033141430467367,5101403,tail_fixed,0.010711993776997712,,0.28240660182452765,completed,2048,0.011027262049172114,1.7504093059216903,2.0645587699925967
4,21,0.007136287205241891,1.0,1.0,1203,2,12,sensor,-0.061559022486220805,0.00325210017483427,unbiased,16384,confirmation,,ambiguous,1.4674204215407372,1.4674204215407372,5101403,unbiased,0.00868681321133893,,0.2757796202632276,completed,2048,0.009215997282516666,1.7028712729348503,2.0133528963994287
,22,0.002279435932546392,1.0,1.0,1203,2,12,sensor,-18.143191806682857,0.004970262275790257,annealed_smc,16384,confirmation,0.15,ambiguous,0.10182273015379906,0.10182273015379906,5101403,smc_k64_scale0.15,0.0038978446135816093,64,0.28350258201287987,completed,,0.004377791839733818,1.7122961081758141,2.0335270666975567
,23,0.0028642029811237345,1.0,1.0,1203,2,12,sensor,,0.004187022973675119,exact,16384,confirmation,,ambiguous,0.004741262644529343,0.004741262644529343,5101403,exact,0.006033766302596393,,0.2799250964827689,completed,,0.006264047516509401,1.7321212349468256,2.0544454533050303
4,24,0.0051700911615342885,1.0,1.0,1204,2,12,sensor,-0.766162075416899,0.013720822201450147,full,16384,confirmation,,ambiguous,1.355614248663187,1.355614248663187,5101404,full_n16384_k2048_m4,0.011512239862529566,,0.1731820268219885,completed,2048,0.010655196616411101,2.078814646738169,2.4206656598686047
8,25,0.0072542791208479035,1.0,1.0,1204,2,12,sensor,-0.754204563305584,0.017040538791212055,tail_anchored,16384,confirmation,,ambiguous,2.2234958969056606,2.2234958969056606,5101404,tail_anchored_n16384_k2048_m8,0.012903201958581762,,0.17154982257072454,completed,2048,0.013628454712857318,2.0943193380090634,2.4450756699401976
4,26,0.011196137826716555,1.0,1.0,1204,2,12,sensor,-0.7249820520733516,0.014412974221411827,tail_fixed,16384,confirmation,,ambiguous,1.926332525908947,1.926332525908947,5101404,tail_fixed,0.010760696450946945,,0.16894796852289073,completed,2048,0.011382174578602685,2.0942943756635213,2.46391751235098
4,27,0.009126689532030654,1.0,1.0,1204,2,12,sensor,-0.724717961376685,0.01614712118988852,unbiased,16384,confirmation,,ambiguous,1.6032461859285831,1.6032461859285831,5101404,unbiased,0.01219440010352099,,0.16925944861134526,completed,2048,0.013338895092242335,2.0831265898767195,2.4424413875534134
,28,0.0045519545397590564,1.0,1.0,1204,2,12,sensor,-19.975615822596005,0.001781124646845424,annealed_smc,16384,confirmation,0.15,ambiguous,0.10127673298120499,0.10127673298120499,5101404,smc_k64_scale0.15,0.006665115281493324,64,0.17559165070081004,completed,,0.007399284272041833,2.057975496366206,2.4252934218148656
,29,0.004798343768540313,1.0,1.0,1204,2,12,sensor,,0.0016177917233851924,exact,16384,confirmation,,ambiguous,0.0047593750059604645,0.0047593750059604645,5101404,exact,0.006298329102513554,,0.17614923451812795,completed,,0.005842248551197216,2.081829528268764,2.45874704047955
4,30,0.008583633331883507,1.0,1.0,1205,2,12,sensor,3.123397456536666,0.024089592019251947,full,16384,confirmation,,ambiguous,1.350270789116621,1.350270789116621,5101405,full_n16384_k2048_m4,0.025583495991325422,,0.017396859395817338,completed,2048,0.023594662500682085,1.25896668056793,1.503688234224936
8,31,0.005243631847274675,1.0,1.0,1205,2,12,sensor,3.243651541048278,0.0291130492912511,tail_anchored,16384,confirmation,,ambiguous,2.380965068936348,2.380965068936348,5101405,tail_anchored_n16384_k2048_m8,0.027499976337893875,,0.024714418848606277,completed,2048,0.027187829869741588,1.3213248744119932,1.5900409289785744
4,32,0.007943865511469016,1.0,1.0,1205,2,12,sensor,3.3119606732580085,0.02179300829106043,tail_fixed,16384,confirmation,,ambiguous,2.033658381551504,2.033658381551504,5101405,tail_fixed,0.02277133700761715,,0.023233356283507325,completed,2048,0.023138686232976814,1.2974755970051028,1.5567127898684259
4,33,0.0045322693098529135,1.0,1.0,1205,2,12,sensor,3.2232016054301598,0.023233503699043766,unbiased,16384,confirmation,,ambiguous,1.4742643013596535,1.4742643013596535,5101405,unbiased,0.024377318570630982,,0.02099951528000158,completed,2048,0.023607072307909968,1.2827395808305542,1.535587542143289
,34,0.003854270011410804,1.0,1.0,1205,2,12,sensor,-20.72808269623198,0.003512334893169914,annealed_smc,16384,confirmation,0.15,ambiguous,0.10097386687994003,0.10097386687994003,5101405,smc_k64_scale0.15,0.006503398115063775,64,0.020385342473869184,completed,,0.006932967682065431,1.3095933829559947,1.5791189843927267
,35,0.0011861373423087465,1.0,1.0,1205,2,12,sensor,,0.0014552016704468898,exact,16384,confirmation,,ambiguous,0.004232820123434067,0.004232820123434067,5101405,exact,0.00535687353605663,,0.02123566564612788,completed,,0.0056798476550063625,1.2979134335279312,1.5681482442905939
4,36,0.009522406456870216,1.0,1.0,1206,2,12,sensor,0.6564462090935095,0.005895038576015451,full,16384,confirmation,,ambiguous,1.3571675196290016,1.3571675196290016,5101406,full_n16384_k2048_m4,0.00779193731377082,,0.09335867095134445,completed,2048,0.008132340804730881,1.4517672537517983,2.8696998760072985
8,37,0.04091766384980015,1.0,1.0,1206,2,12,sensor,0.6517758417427135,0.014928663590782919,tail_anchored,16384,confirmation,,ambiguous,2.2767767012119293,2.2767767012119293,5101406,tail_anchored_n16384_k2048_m8,0.017264206322072595,,0.0995355531432652,completed,2048,0.01645501460889437,1.514531656162285,2.9605061239512573
4,38,0.011905336622836183,1.0,1.0,1206,2,12,sensor,1.008874655121807,0.012500651967902265,tail_fixed,16384,confirmation,,ambiguous,1.9215390756726265,1.9215390756726265,5101406,tail_fixed,0.012099753126074605,,0.10259683665660335,completed,2048,0.013124116046577202,1.4886459073365539,2.9311019314064577
4,39,0.013154399233122845,1.0,1.0,1206,2,12,sensor,0.7415660070486103,0.006586433602006524,unbiased,16384,confirmation,,ambiguous,1.467243880033493,1.467243880033493,5101406,unbiased,0.013763119958351503,,0.09636730329299836,completed,2048,0.012990124968655963,1.4926686260241013,2.925400955909304
,40,0.0057699650047956606,1.0,1.0,1206,2,12,sensor,-24.195286422739088,0.0034702782852478846,annealed_smc,16384,confirmation,0.15,ambiguous,0.10091105848550797,0.10091105848550797,5101406,smc_k64_scale0.15,0.005977372939982902,64,0.09286360840542582,completed,,0.005609902011643129,1.4532464759102555,2.8588678682800053
,41,0.0015586631197574508,1.0,1.0,1206,2,12,sensor,,0.0031685644017737558,exact,16384,confirmation,,ambiguous,0.004573367536067963,0.004573367536067963,5101406,exact,0.005682909186551797,,0.09460665772506124,completed,,0.005447022068266973,1.4483655299856268,2.881456875126153
4,42,0.0062399385135690506,1.0,1.0,1207,2,12,sensor,1.009490130005231,0.0031676753890894733,full,16384,confirmation,,ambiguous,1.3583346381783485,1.3583346381783485,5101407,full_n16384_k2048_m4,0.008519951412863155,,0.045774649719876166,completed,2048,0.00856746858776282,1.5433676382031132,1.8328632961209692
8,43,0.0035416179591987347,1.0,1.0,1207,2,12,sensor,1.0086210625661112,0.008930355689679063,tail_anchored,16384,confirmation,,ambiguous,2.4142962768673897,2.4142962768673897,5101407,tail_anchored_n16384_k2048_m8,0.010760792379163598,,0.048184315248933775,completed,2048,0.009981979527176311,1.5206486913031982,1.8273001215867228
4,44,0.00746120730978028,1.0,1.0,1207,2,12,sensor,1.0220847539982998,0.004162596820667714,tail_fixed,16384,confirmation,,ambiguous,1.9246625863015652,1.9246625863015652,5101407,tail_fixed,0.009919090764696189,,0.04666831704510517,completed,2048,0.010358444557524242,1.543052073186395,1.8554368430041752
4,45,0.010548829910876273,1.0,1.0,1207,2,12,sensor,1.0254185689004514,0.013355327427886,unbiased,16384,confirmation,,ambiguous,1.4761452302336693,1.4761452302336693,5101407,unbiased,0.015242566703910533,,0.05012707886682111,completed,2048,0.01573806478360919,1.565273115134704,1.8893967360591073
,46,0.0026550898584843355,1.0,1.0,1207,2,12,sensor,-16.34786655379824,0.0029431115947372256,annealed_smc,16384,confirmation,0.15,ambiguous,0.10375900939106941,0.10375900939106941,5101407,smc_k64_scale0.15,0.0044572582495837525,64,0.04436067194119593,completed,,0.004673270716201904,1.51853117329114,1.8079828380744076
,47,0.001163181108353061,1.0,1.0,1207,2,12,sensor,,0.0016536577693639222,exact,16384,confirmation,,ambiguous,0.004742365330457687,0.004742365330457687,5101407,exact,0.0039543672361063474,,0.04631239835773961,completed,,0.004359411182391674,1.5149118541680564,1.8104816764709613
4,48,0.011470869955194193,1.0,1.0,1208,2,12,sensor,-1.2872013390122463,0.014842329659185064,full,16384,confirmation,,ambiguous,1.415555253624916,1.415555253624916,5101408,full_n16384_k2048_m4,0.019296005495855858,,0.6716661436395167,completed,2048,0.01838187415588911,2.3035447825936544,2.5858612387713253
8,49,0.03677849049341599,1.0,1.0,1208,2,12,sensor,-1.2369338819863351,0.053907335624326674,tail_anchored,16384,confirmation,,ambiguous,2.231104537844658,2.231104537844658,5101408,tail_anchored_n16384_k2048_m8,0.05546512978912772,,0.7429015112439441,completed,2048,0.048429208012656946,2.330738379386713,2.5983355594099935
4,50,0.036426835152765256,1.0,1.0,1208,2,12,sensor,-1.1761315441272062,0.0563155493115766,tail_fixed,16384,confirmation,,ambiguous,2.0233605429530144,2.0233605429530144,5101408,tail_fixed,0.058533501715805195,,0.7473744575912894,completed,2048,0.05235913813944001,2.306322120650682,2.5813150968533463
4,51,0.006438422188993255,1.0,1.0,1208,2,12,sensor,-1.155310993374993,0.004410285348160731,unbiased,16384,confirmation,,ambiguous,1.4929064996540546,1.4929064996540546,5101408,unbiased,0.006886190225271479,,0.6475313486365408,completed,2048,0.005878485277708979,2.296319811628587,2.5670324623656438
,52,0.002157471157227386,1.0,1.0,1208,2,12,sensor,-21.095528284505455,0.003757393273680134,annealed_smc,16384,confirmation,0.15,ambiguous,0.10162859410047531,0.10162859410047531,5101408,smc_k64_scale0.15,0.00869419390890263,64,0.6585821522022886,completed,,0.008788935677458611,2.309597892516607,2.588864381299935
,53,0.002219682613588044,1.0,1.0,1208,2,12,sensor,,0.003566357417406332,exact,16384,confirmation,,ambiguous,0.004978843033313751,0.004978843033313751,5101408,exact,0.004555660559642122,,0.6476610042098948,completed,,0.004717617097138757,2.304691714442887,2.587739650837163
4,54,0.010998386388308464,1.0,1.0,1209,2,12,sensor,-1.793999628270881,0.002834724487151869,full,16384,confirmation,,ambiguous,1.3971722312271595,1.3971722312271595,5101409,full_n16384_k2048_m4,0.00914486224453676,,0.155907805842107,completed,2048,0.008281662430763052,2.9600216919068494,3.47549756035101
8,55,0.0077001882709696766,1.0,1.0,1209,2,12,sensor,-1.7750024663019364,0.010929589634042756,tail_anchored,16384,confirmation,,ambiguous,2.480010535567999,2.480010535567999,5101409,tail_anchored_n16384_k2048_m8,0.01456763944068926,,0.16448327513616548,completed,2048,0.014685062199067702,2.977491728849581,3.503533998882096
4,56,0.10359050720943985,1.0,1.0,1209,2,12,sensor,-1.6905415221957005,0.08955661189073467,tail_fixed,16384,confirmation,,ambiguous,1.927892416715622,1.927892416715622,5101409,tail_fixed,0.08875079949054884,,0.23000437934303722,completed,2048,0.07983338656667266,3.1214580800487077,3.6060570410024706
4,57,0.012447164577384507,1.0,1.0,1209,2,12,sensor,-1.724730069572865,0.009247332254261546,unbiased,16384,confirmation,,ambiguous,1.472720317542553,1.472720317542553,5101409,unbiased,0.010585130001722504,,0.14958119001071038,completed,2048,0.010458552913521189,2.9615970076136677,3.4978594241619008
,58,0.010861910873237077,1.0,1.0,1209,2,12,sensor,-24.517824439675643,0.00368199248709702,annealed_smc,16384,confirmation,0.15,ambiguous,0.10142786055803299,0.10142786055803299,5101409,smc_k64_scale0.15,0.00806590880590163,64,0.15489296311897463,completed,,0.008484573341377801,2.9581424933838925,3.496595563630265
,59,0.010156570344127732,1.0,1.0,1209,2,12,sensor,,0.007620029375299719,exact,16384,confirmation,,ambiguous,0.004652008414268494,0.004652008414268494,5101409,exact,0.011939371879592825,,0.16233278658028874,completed,,0.01157106480286955,3.0007342752036053,3.5372246642648855
4,60,0.004293033702501961,0.0,0.5,1210,2,12,sensor,-0.1311062023298355,0.008231931569496581,full,16384,confirmation,,ambiguous,1.3542349115014076,1.3542349115014076,5101410,full_n16384_k2048_m4,0.010013157301880297,,0.8698519386092368,completed,2048,0.009184937694409909,1.46739866940264,2.379812536979842
8,61,0.01958117887360373,0.0,0.5,1210,2,12,sensor,-0.11426784193678596,0.015354857786335026,tail_anchored,16384,confirmation,,ambiguous,2.2350234985351562,2.2350234985351562,5101410,tail_anchored_n16384_k2048_m8,0.015563015730537397,,0.8797292156760295,completed,2048,0.015406120260207157,1.4856530789008393,2.426257829363771
4,62,0.01612577954560314,0.0,0.5,1210,2,12,sensor,0.07137443564189727,0.013534644757121517,tail_fixed,16384,confirmation,,ambiguous,2.0680330470204353,2.0680330470204353,5101410,tail_fixed,0.012672568257372717,,0.8925475035631233,completed,2048,0.013085764074476196,1.4971120180250233,2.4178239223888403
4,63,0.004811669568820643,0.0,0.5,1210,2,12,sensor,-0.03963356636176485,0.007828998892256035,unbiased,16384,confirmation,,ambiguous,1.468410313129425,1.468410313129425,5101410,unbiased,0.008266980503711831,,0.8794971471431364,completed,2048,0.007630502140906591,1.4786345560762988,2.3804974627151814
,64,0.008953258603164291,0.0,0.5,1210,2,12,sensor,-21.6475691291567,0.0032229200921930806,annealed_smc,16384,confirmation,0.15,ambiguous,0.10068874061107635,0.10068874061107635,5101410,smc_k64_scale0.15,0.006546023992038836,64,0.8737211704263821,completed,,0.005935663969627349,1.4565404967311295,2.3952705390669786
,65,0.0032360396426571523,0.0,0.5,1210,2,12,sensor,,0.004237341304717234,exact,16384,confirmation,,ambiguous,0.0044484809041023254,0.0044484809041023254,5101410,exact,0.005487901364319591,,0.8664554122623671,completed,,0.0054289930898090795,1.4472163234382074,2.3170485267976373
4,66,0.017555262977824077,1.0,1.0,1211,2,12,sensor,0.6433538187117662,0.024433799762554043,full,16384,confirmation,,ambiguous,1.3560936525464058,1.3560936525464058,5101411,full_n16384_k2048_m4,0.02156012232006193,,0.5899154540389453,completed,2048,0.024898126677226295,1.7114555030154508,1.9924589831202533
8,67,0.030895128081678196,1.0,1.0,1211,2,12,sensor,0.6614571103740285,0.04170744072353049,tail_anchored,16384,confirmation,,ambiguous,2.2405685149133205,2.2405685149133205,5101411,tail_anchored_n16384_k2048_m8,0.03616935046460793,,0.5721102069204284,completed,2048,0.04142177655581792,1.7558845211465275,2.0448857234506157
4,68,0.016662835047152578,1.0,1.0,1211,2,12,sensor,0.6495229546576855,0.025616331733022146,tail_fixed,16384,confirmation,,ambiguous,1.9183431193232536,1.9183431193232536,5101411,tail_fixed,0.023334699715837223,,0.5936304621959974,completed,2048,0.02686753988462013,1.6978994541351025,1.970373297669905
4,69,0.012548003607633373,1.0,1.0,1211,2,12,sensor,0.648537573698218,0.01085803287838973,unbiased,16384,confirmation,,ambiguous,1.5585102289915085,1.5585102289915085,5101411,unbiased,0.012791432515214354,,0.602400278890852,completed,2048,0.013182751629660677,1.694501335851855,2.000657560802498
,70,0.004245987586440194,0.5,1.0,1211,2,12,sensor,-16.708234653789496,0.003647450703175282,annealed_smc,16384,confirmation,0.15,ambiguous,0.10146602615714073,0.10146602615714073,5101411,smc_k64_scale0.15,0.0060488885337533615,64,0.6182752200921587,completed,,0.0054941297518602255,1.6409690166899376,1.9374585239760034
,71,0.0015781511898597291,0.5,1.0,1211,2,12,sensor,,0.004168765828321551,exact,16384,confirmation,,ambiguous,0.004865951836109161,0.004865951836109161,5101411,exact,0.005695432226439592,,0.6152302602523836,completed,,0.005529677439596483,1.662592410046365,1.9625126349291193
4,72,0.005522281430692632,0.5,0.5,1212,2,12,sensor,0.6082788792413307,0.010665156638854322,full,16384,confirmation,,ambiguous,1.3574306555092335,1.3574306555092335,5101412,full_n16384_k2048_m4,0.012559845919723563,,0.6725539871789287,completed,2048,0.011226214617197933,1.485307328081217,1.7555520938916809
8,73,0.00956427164061444,0.5,0.5,1212,2,12,sensor,0.6051116161930921,0.00673520525939119,tail_anchored,16384,confirmation,,ambiguous,2.247511226683855,2.247511226683855,5101412,tail_anchored_n16384_k2048_m8,0.01120130294384502,,0.6645200429031103,completed,2048,0.01074023486263883,1.4651207200088456,1.717855553512091
4,74,0.009466619296948585,0.5,0.5,1212,2,12,sensor,0.6142207659056744,0.010568145246215051,tail_fixed,16384,confirmation,,ambiguous,2.129082780331373,2.129082780331373,5101412,tail_fixed,0.011893202463887441,,0.6714291485528341,completed,2048,0.012273531259368219,1.4800229470823172,1.7449340881176862
4,75,0.009167711265724464,0.5,0.5,1212,2,12,sensor,0.6176268134052973,0.011504531337910264,unbiased,16384,confirmation,,ambiguous,1.5193377174437046,1.5193377174437046,5101412,unbiased,0.011780224106505536,,0.6735543103658971,completed,2048,0.011215835097414303,1.4731164447231215,1.7369881563210283
,76,0.0030194049988525036,0.5,0.5,1212,2,12,sensor,-16.32913269525592,0.0043576547449342565,annealed_smc,16384,confirmation,0.15,ambiguous,0.10798176005482674,0.10798176005482674,5101412,smc_k64_scale0.15,0.005861604181016105,64,0.659973148627687,completed,,0.005714564030157475,1.4953611290893711,1.7691824119051904
,77,0.0005231995120932832,0.5,0.5,1212,2,12,sensor,,0.0018366927301833628,exact,16384,confirmation,,ambiguous,0.004915650933980942,0.004915650933980942,5101412,exact,0.004178072070916719,,0.6547292369753136,completed,,0.004415418256430159,1.513942307634069,1.7760160502395963
4,78,0.0026346249344832845,1.0,1.0,1213,2,12,sensor,-0.34985332027587024,0.007589143118909243,full,16384,confirmation,,ambiguous,1.457059919834137,1.457059919834137,5101413,full_n16384_k2048_m4,0.007464161364510203,,0.32057903518997927,completed,2048,0.006887994356073195,1.7290747963626822,2.225771149924567
8,79,0.0035855336388610727,1.0,1.0,1213,2,12,sensor,-0.34749417252444825,0.008161633101011161,tail_anchored,16384,confirmation,,ambiguous,2.2232341952621937,2.2232341952621937,5101413,tail_anchored_n16384_k2048_m8,0.007626423348925038,,0.31988553682528487,completed,2048,0.007202928206334251,1.7387065877695447,2.2279075974229223
4,80,0.005690088888477115,1.0,1.0,1213,2,12,sensor,-0.32107074667584357,0.011165779475859205,tail_fixed,16384,confirmation,,ambiguous,1.921309471130371,1.921309471130371,5101413,tail_fixed,0.01018891780429319,,0.3201726653693386,completed,2048,0.009437148887956574,1.7571313007104576,2.2505957139435524
4,81,0.003088457047529684,1.0,1.0,1213,2,12,sensor,-0.3193717668587208,0.006815471176326311,unbiased,16384,confirmation,,ambiguous,1.539029847830534,1.539029847830534,5101413,unbiased,0.006891010033122343,,0.3218093837650554,completed,2048,0.006804390400995064,1.7429636285406502,2.2109792691094063
,82,0.0014234217653680652,1.0,1.0,1213,2,12,sensor,-20.77018637639825,0.00238028051044974,annealed_smc,16384,confirmation,0.15,ambiguous,0.1016758568584919,0.1016758568584919,5101413,smc_k64_scale0.15,0.005438812126433355,64,0.32850329576455356,completed,,0.004920038118917485,1.726884741427269,2.2372708842431077
,83,0.00486940219644648,1.0,1.0,1213,2,12,sensor,,0.005474372672847767,exact,16384,confirmation,,ambiguous,0.004568569362163544,0.004568569362163544,5101413,exact,0.006932752164607409,,0.32175152152489933,completed,,0.006907614791017393,1.7313923542481198,2.236336347421374
4,84,0.014640799337485222,1.0,1.0,1214,2,12,sensor,1.7159865892345731,0.005759970680255215,full,16384,confirmation,,ambiguous,1.3601919114589691,1.3601919114589691,5101414,full_n16384_k2048_m4,0.009777576730498214,,0.2924247869317823,completed,2048,0.010411303907155492,2.8242464779873586,3.4431548386179593
8,85,0.08493294559264072,1.0,1.0,1214,2,12,sensor,1.733910041217067,0.033125573674735606,tail_anchored,16384,confirmation,,ambiguous,2.2261375784873962,2.2261375784873962,5101414,tail_anchored_n16384_k2048_m8,0.03363143152594661,,0.30284616891697375,completed,2048,0.03139334447972181,3.025576746236346,3.500251340891293
4,86,0.17843396680506127,1.0,1.0,1214,2,12,sensor,1.973481238877464,0.06048415720402482,tail_fixed,16384,confirmation,,ambiguous,2.074147552251816,2.074147552251816,5101414,tail_fixed,0.05349116607728478,,0.3075206219886396,completed,2048,0.05309050966445364,3.10599226635657,3.528744612247011
4,87,0.004892753624856287,1.0,1.0,1214,2,12,sensor,1.773552283659651,0.003714710210734144,unbiased,16384,confirmation,,ambiguous,1.4685848131775856,1.4685848131775856,5101414,unbiased,0.00649231579817192,,0.29370176556322597,completed,2048,0.0070366047252709224,2.7857496065404086,3.4061245163131835
,88,0.005295826096918809,1.0,1.0,1214,2,12,sensor,-23.648570184899512,0.005356173793877892,annealed_smc,16384,confirmation,0.15,ambiguous,0.10119099542498589,0.10119099542498589,5101414,smc_k64_scale0.15,0.005794599067439233,64,0.291234815173283,completed,,0.005383545458432288,2.768802088526165,3.4128366167636024
,89,0.008220437551954953,1.0,1.0,1214,2,12,sensor,,0.0029558696199139633,exact,16384,confirmation,,ambiguous,0.00413169339299202,0.00413169339299202,5101414,exact,0.00594885977139538,,0.2939051328366112,completed,,0.004466371120910376,2.7423161097966027,3.4175422028021183
4,90,0.005197990819911641,1.0,1.0,1215,2,12,sensor,-0.6681907933052011,0.01787283511652769,full,16384,confirmation,,ambiguous,1.3496619053184986,1.3496619053184986,5101415,full_n16384_k2048_m4,0.015541576290992409,,0.10132893151183799,completed,2048,0.014943608206575582,1.9133172277990875,2.3428461090534487
8,91,0.0015002049503519464,1.0,1.0,1215,2,12,sensor,-0.657771215482347,0.01493617183185601,tail_anchored,16384,confirmation,,ambiguous,2.24326753243804,2.24326753243804,5101415,tail_anchored_n16384_k2048_m8,0.012987875451138761,,0.09992090337174477,completed,2048,0.012453239598423097,1.929116355630652,2.371059870776206
4,92,0.005310214779585389,1.0,1.0,1215,2,12,sensor,-0.6230212781138009,0.007545132389814994,tail_fixed,16384,confirmation,,ambiguous,2.09805379062891,2.09805379062891,5101415,tail_fixed,0.010006980326666897,,0.0963361433523796,completed,2048,0.009631185540671296,1.9312046071651507,2.373139757602643
4,93,0.014388562094671278,1.0,1.0,1215,2,12,sensor,-0.6213380887475903,0.02092119736401988,unbiased,16384,confirmation,,ambiguous,1.4726823307573795,1.4726823307573795,5101415,unbiased,0.018162874470964,,0.10236248830645972,completed,2048,0.017512570808181492,1.8760332449479655,2.294538827589304
,94,0.0028869498516986567,1.0,1.0,1215,2,12,sensor,-21.98277249547384,0.0013554930420668653,annealed_smc,16384,confirmation,0.15,ambiguous,0.10089057311415672,0.10089057311415672,5101415,smc_k64_scale0.15,0.007486885043680364,64,0.09140550276000069,completed,,0.007648109577529414,1.9373214151110152,2.3590029732405906
,95,0.005142877671612894,1.0,1.0,1215,2,12,sensor,,0.004612462297347514,exact,16384,confirmation,,ambiguous,0.004393376410007477,0.004393376410007477,5101415,exact,0.006602728778038983,,0.0946818248759462,completed,,0.007058325738905739,1.9000089732359653,2.326566525150611
4,96,0.004164062558939123,1.0,1.0,1216,2,12,sensor,2.088581788031898,0.009880090720331304,full,16384,confirmation,,ambiguous,1.3640231154859066,1.3640231154859066,5101416,full_n16384_k2048_m4,0.0100314635006544,,0.08720760449640683,completed,2048,0.008806782697060991,1.2770444717053686,1.5207588432919377
8,97,0.0028095437073391368,1.0,1.0,1216,2,12,sensor,2.072136847268774,0.012879410910644403,tail_anchored,16384,confirmation,,ambiguous,2.377069629728794,2.377069629728794,5101416,tail_anchored_n16384_k2048_m8,0.012854281184590536,,0.08473837282005406,completed,2048,0.01425047711752252,1.27740505024827,1.5324318089251714
4,98,0.0057926112819407,1.0,1.0,1216,2,12,sensor,2.086768177718053,0.006476309011978177,tail_fixed,16384,confirmation,,ambiguous,1.9446587227284908,1.9446587227284908,5101416,tail_fixed,0.009784761538253906,,0.08124747187234665,completed,2048,0.010506716029891238,1.2967008552637425,1.5577912977443473
4,99,0.0057381921616933874,1.0,1.0,1216,2,12,sensor,2.067963407200109,0.017004266871175507,unbiased,16384,confirmation,,ambiguous,1.5323170498013496,1.5323170498013496,5101416,unbiased,0.016926257951499088,,0.08771614157267098,completed,2048,0.01880382058025819,1.2628542502928546,1.4840069517243901
,100,0.0018704136462735675,1.0,1.0,1216,2,12,sensor,-13.393244573774,0.0016365919074844504,annealed_smc,16384,confirmation,0.15,ambiguous,0.10428443923592567,0.10428443923592567,5101416,smc_k64_scale0.15,0.004234623473349301,64,0.08217342702632259,completed,,0.004030853739451453,1.286093834891644,1.5400354753909344
,101,0.0009174673517733458,1.0,1.0,1216,2,12,sensor,,0.001079701325883326,exact,16384,confirmation,,ambiguous,0.004723943769931793,0.004723943769931793,5101416,exact,0.0036727613578117916,,0.0815650115330914,completed,,0.003403889711856172,1.2753097724056146,1.5236912544324839
4,102,0.0048098654885257545,0.5,1.0,1217,2,12,sensor,0.7889491796491592,0.0015973193206833913,full,16384,confirmation,,ambiguous,1.3505402468144894,1.3505402468144894,5101417,full_n16384_k2048_m4,0.004971755708820571,,0.40357698829790056,completed,2048,0.004899514616712267,1.3487234267051798,1.6845913417586342
8,103,0.0034227639273487235,0.5,1.0,1217,2,12,sensor,0.7758556485070045,0.0017386227072470528,tail_anchored,16384,confirmation,,ambiguous,2.216572228819132,2.216572228819132,5101417,tail_anchored_n16384_k2048_m8,0.00580225010148248,,0.40370257399438536,completed,2048,0.0057997257713052015,1.3434686912037346,1.7197150679207782
4,104,0.03352691778657475,0.5,1.0,1217,2,12,sensor,0.8380029714180157,0.01811292506738303,tail_fixed,16384,confirmation,,ambiguous,1.9821349531412125,1.9821349531412125,5101417,tail_fixed,0.017782057700452793,,0.4244287101400337,completed,2048,0.017269819379614783,1.3987821989121234,2.0026162286313105
4,105,0.0037425762605921816,0.5,1.0,1217,2,12,sensor,0.8715826390566717,0.0023843683138580294,unbiased,16384,confirmation,,ambiguous,1.4725463651120663,1.4725463651120663,5101417,unbiased,0.005376133302110957,,0.4040652603975956,completed,2048,0.004772906188735085,1.360175351577632,1.7471739200138898
,106,0.005445152431995524,0.5,1.0,1217,2,12,sensor,-23.455050382316095,0.005538305715591797,annealed_smc,16384,confirmation,0.15,ambiguous,0.10126589611172676,0.10126589611172676,5101417,smc_k64_scale0.15,0.007550986186474264,64,0.3948316060450701,completed,,0.007242764715884242,1.3469907289866203,1.7270408293859156
,107,0.008989980312915438,0.5,1.0,1217,2,12,sensor,,0.0012926438538664337,exact,16384,confirmation,,ambiguous,0.0042116679251194,0.0042116679251194,5101417,exact,0.007266996982266112,,0.401269003219506,completed,,0.007038085678268227,1.3620900499406954,1.7737148836928451
4,108,0.00256112850787629,0.5,1.0,1218,2,12,sensor,0.033239895821513876,0.017894397440142852,full,16384,confirmation,,ambiguous,1.3599794954061508,1.3599794954061508,5101418,full_n16384_k2048_m4,0.01786866772382595,,0.4613826999849982,completed,2048,0.01698318920288405,1.8082146640965777,2.0950099008440706
8,109,0.011556811744702779,0.5,1.0,1218,2,12,sensor,0.0258815698327739,0.015743135017175836,tail_anchored,16384,confirmation,,ambiguous,2.2257608249783516,2.2257608249783516,5101418,tail_anchored_n16384_k2048_m8,0.016800631661981466,,0.46329477167820243,completed,2048,0.017512008430310567,1.7833824987649982,2.075045247257026
4,110,0.015147693685882231,0.5,1.0,1218,2,12,sensor,0.05994725266364931,0.026804170257325566,tail_fixed,16384,confirmation,,ambiguous,2.01734122633934,2.01734122633934,5101418,tail_fixed,0.026427447257759366,,0.47717809729801614,completed,2048,0.024948808312534716,1.809626987138821,2.1231340164186636
4,111,0.005181930791405893,0.5,1.0,1218,2,12,sensor,0.05653298339171009,0.010611732615433085,unbiased,16384,confirmation,,ambiguous,1.4707839637994766,1.4707839637994766,5101418,unbiased,0.013007270041069486,,0.4559104704182688,completed,2048,0.014004865167435404,1.8332169795801514,2.1130414946359077
,112,0.0012109164359683999,0.5,1.0,1218,2,12,sensor,-17.883493464019125,0.0038029836850576914,annealed_smc,16384,confirmation,0.15,ambiguous,0.10123437270522118,0.10123437270522118,5101418,smc_k64_scale0.15,0.004456367858390745,64,0.4456557459945766,completed,,0.0044315307401198295,1.8118399791299225,2.114856531466483
,113,0.0018021106532922402,0.5,1.0,1218,2,12,sensor,,0.006100555578293499,exact,16384,confirmation,,ambiguous,0.004707805812358856,0.004707805812358856,5101418,exact,0.008142859229078318,,0.43723403789664433,completed,,0.008002109674040976,1.8147007377937285,2.1145858043993364
4,114,0.002185588482741271,0.5,0.5,1219,2,12,sensor,0.8553786294985155,0.01408191213456734,full,16384,confirmation,,ambiguous,1.3478855602443218,1.3478855602443218,5101419,full_n16384_k2048_m4,0.01223465671075223,,0.6786775091790747,completed,2048,0.010863621093349714,1.7410041142265702,2.0767037634251935
8,115,0.010764430938056515,0.5,0.5,1219,2,12,sensor,0.8615990653525909,0.009130231543733125,tail_anchored,16384,confirmation,,ambiguous,2.2381270825862885,2.2381270825862885,5101419,tail_anchored_n16384_k2048_m8,0.011182747147054608,,0.6921761815272214,completed,2048,0.008585946585539374,1.7594731786209592,2.0900927947732377
4,116,0.0030394357019427384,0.5,0.5,1219,2,12,sensor,0.85827861447728,0.0074955533997731645,tail_fixed,16384,confirmation,,ambiguous,2.008196584880352,2.008196584880352,5101419,tail_fixed,0.007258621782230681,,0.6977337815971659,completed,2048,0.0073237316648542446,1.7272301390105644,2.049032758442957
4,117,0.006459414174153988,0.5,0.5,1219,2,12,sensor,0.8880214753062399,0.01154693272918952,unbiased,16384,confirmation,,ambiguous,1.4722461700439453,1.4722461700439453,5101419,unbiased,0.010677573531364119,,0.6839785908965135,completed,2048,0.010613389119234,1.747247058292384,2.042647047498993
,118,0.0016320581255173233,0.5,0.5,1219,2,12,sensor,-16.44697070204594,0.004369945136894127,annealed_smc,16384,confirmation,0.15,ambiguous,0.10147425532341003,0.10147425532341003,5101419,smc_k64_scale0.15,0.004670761803936499,64,0.6966716261377407,completed,,0.004617542675438353,1.7543535240179717,2.0740374817548863
,119,0.00461935094683141,0.5,0.5,1219,2,12,sensor,,0.0054997446181334975,exact,16384,confirmation,,ambiguous,0.004626858979463577,0.004626858979463577,5101419,exact,0.007736871137725018,,0.7091408029098186,completed,,0.007286250706272069,1.75951034007047,2.0728290404302925
4,120,0.024136477506524073,0.5,1.0,1200,2,12,sensor,17.322381050918185,0.033310489070686525,full,16384,confirmation,,regular,1.3544330261647701,1.3544330261647701,5101400,full_n16384_k2048_m4,0.02778700746946936,,0.05260623643241581,completed,2048,0.031423631547051835,0.47867097731309166,0.5708479685741673
8,121,0.023712468744301825,0.0,0.0,1200,2,12,sensor,47.57802030178651,3.9695814533796843,tail_anchored,16384,confirmation,,regular,2.4022002443671227,2.4022002443671227,5101400,tail_anchored_n16384_k2048_m8,3.2309695748632876,,14.819883301048474,completed,2048,3.5356042552934763,0.49510113790430305,0.5859400471827274
4,122,0.0245823697258907,0.0,0.0,1200,2,12,sensor,203.37235479396355,3.9897115602053557,tail_fixed,16384,confirmation,,regular,1.9433234967291355,1.9433234967291355,5101400,tail_fixed,3.2497983939698267,,14.981759356839413,completed,2048,3.544294793798512,0.4654369148452704,0.5574780078635082
4,123,0.0234510018969507,0.5,1.0,1200,2,12,sensor,17.541555182195495,0.046841057485936886,unbiased,16384,confirmation,,regular,1.4788578525185585,1.4788578525185585,5101400,unbiased,0.040891145348467633,,0.04982837464001705,completed,2048,0.037624725000912414,0.49634936601426044,0.5922129219406126
,124,0.0041077088888172774,0.5,1.0,1200,2,12,sensor,-16.322873286115033,0.001167429726914554,annealed_smc,16384,confirmation,0.15,regular,0.098006222397089,0.098006222397089,5101400,smc_k64_scale0.15,0.003262760565057563,64,0.042413644525254736,completed,,0.003482987599896135,0.5094056715642343,0.6078533232847325
,125,0.003515827812372969,0.5,1.0,1200,2,12,sensor,,0.000509074485103287,exact,16384,confirmation,,regular,0.0039451271295547485,0.0039451271295547485,5101400,exact,0.0028475966921602627,,0.04174273952155238,completed,,0.002865890141068429,0.5077853907750309,0.6074459054677848
4,126,0.0012317285338521123,1.0,1.0,1201,2,12,sensor,3.1172258192269178,0.018002802603197653,full,16384,confirmation,,regular,1.511747159063816,1.511747159063816,5101401,full_n16384_k2048_m4,0.018855688739753518,,0.03596535463144314,completed,2048,0.01877146014457942,0.5447850487264052,0.6603407078137163
8,127,0.0020876772905721454,1.0,1.0,1201,2,12,sensor,2.8116208639355342,0.010222501250181256,tail_anchored,16384,confirmation,,regular,2.3553083650767803,2.3553083650767803,5101401,tail_anchored_n16384_k2048_m8,0.011050802308310258,,0.04268627737993248,completed,2048,0.01110799003821867,0.5269359706818411,0.6343542339800105
4,128,0.022822286255406377,1.0,1.0,1201,2,12,sensor,3.1607606464447384,0.036383461970397095,tail_fixed,16384,confirmation,,regular,1.9221519827842712,1.9221519827842712,5101401,tail_fixed,0.030435384523828914,,0.03870894385741216,completed,2048,0.03526188728445776,0.6172957290861467,1.1109203004801955
4,129,0.003052659325644213,1.0,1.0,1201,2,12,sensor,3.372898701684008,0.021652819070468128,unbiased,16384,confirmation,,regular,1.4795792736113071,1.4795792736113071,5101401,unbiased,0.02293533731852997,,0.03445695562888325,completed,2048,0.022726043531082863,0.5608400274198103,0.6702146843277366
,130,0.00017186187756136427,1.0,1.0,1201,2,12,sensor,-10.97584447883173,0.00027764950043086877,annealed_smc,16384,confirmation,0.15,regular,0.10413806512951851,0.10413806512951851,5101401,smc_k64_scale0.15,0.0016053134598691793,64,0.04295961676240745,completed,,0.0016347362188287458,0.546118229358738,0.6608878990741784
,131,0.0006980549902391009,1.0,1.0,1201,2,12,sensor,,0.0013573432842444435,exact,16384,confirmation,,regular,0.004488993436098099,0.004488993436098099,5101401,exact,0.0023722805670065537,,0.04304588933311344,completed,,0.002479709142163732,0.558578526406464,0.6713761572973145
4,132,0.0016748204933038483,1.0,1.0,1202,2,12,sensor,3.5991009888053904,0.010901927289257521,full,16384,confirmation,,regular,1.3489073514938354,1.3489073514938354,5101402,full_n16384_k2048_m4,0.012154465760019648,,0.0073980350508607295,completed,2048,0.011829644241998977,0.5470995126234994,0.6538643337194299
8,133,0.0019732630823994703,1.0,1.0,1202,2,12,sensor,3.9782549886869445,0.025803610573842145,tail_anchored,16384,confirmation,,regular,2.2284605614840984,2.2284605614840984,5101402,tail_anchored_n16384_k2048_m8,0.022620420699397764,,0.011200616939234999,completed,2048,0.024104542681566914,0.5751892851527748,0.6957299730298423
4,134,0.5751949553660042,1.0,1.0,1202,2,12,sensor,4.502835721007956,0.5377665700789651,tail_fixed,16384,confirmation,,regular,1.9220057651400566,1.9220057651400566,5101402,tail_fixed,0.5274807558657046,,0.29668555992101053,completed,2048,0.5020623685591605,1.9334573866471645,2.055545350828037
4,135,0.0015881544656415074,1.0,1.0,1202,2,12,sensor,4.00576904527151,0.004940736946549187,unbiased,16384,confirmation,,regular,1.5095313899219036,1.5095313899219036,5101402,unbiased,0.006708437727339436,,0.006675228423043661,completed,2048,0.005964254634204408,0.5657844176226868,0.6741168035944297
,136,0.00033900505085639854,1.0,1.0,1202,2,12,sensor,-12.06999675155591,0.0014811655931029366,annealed_smc,16384,confirmation,0.15,regular,0.10187942907214165,0.10187942907214165,5101402,smc_k64_scale0.15,0.0017528966138837918,64,0.007370162619335035,completed,,0.0016643087912199689,0.5710402861509972,0.6815573850829014
,137,0.00018674499206607407,1.0,1.0,1202,2,12,sensor,,0.001775305659972544,exact,16384,confirmation,,regular,0.004268348217010498,0.004268348217010498,5101402,exact,0.0025825983280437573,,0.006827366270467934,completed,,0.0027141252018930487,0.573734497402657,0.681236208040717
4,138,0.011974899272086979,1.0,1.0,1203,2,12,sensor,7.187773516962772,0.020302812404571123,full,16384,confirmation,,regular,1.4182496592402458,1.4182496592402458,5101403,full_n16384_k2048_m4,0.02639013536763153,,0.0025435845012651945,completed,2048,0.02325638886813717,0.5060504912007736,0.6065095579444306
8,139,0.45395112413908845,0.5,1.0,1203,2,12,sensor,9.872336698890145,2.4334323509964078,tail_anchored,16384,confirmation,,regular,2.2552701719105244,2.2552701719105244,5101403,tail_anchored_n16384_k2048_m8,2.181509177302138,,5.785251171463308,completed,2048,1.8702642531890616,2.2357638748704174,2.4053904984152767
4,140,0.01845300840071514,0.0,0.0,1203,2,12,sensor,33.53757674597994,2.6703261909194422,tail_fixed,16384,confirmation,,regular,2.0273718759417534,2.0273718759417534,5101403,tail_fixed,2.393204240393974,,6.980810022151732,completed,2048,2.054709175930698,0.5254296505423903,0.6262300492100642
4,141,0.005005642760703774,1.0,1.0,1203,2,12,sensor,7.818990386073943,0.008562075935838883,unbiased,16384,confirmation,,regular,1.5264715291559696,1.5264715291559696,5101403,unbiased,0.013304528631225361,,0.0012230591860023818,completed,2048,0.013142820640329542,0.5013677502880693,0.5992282214413729
,142,0.0032374605816548794,1.0,1.0,1203,2,12,sensor,-13.011666885459144,0.0007824341076785274,annealed_smc,16384,confirmation,0.15,regular,0.10054986551404,0.10054986551404,5101403,smc_k64_scale0.15,0.0025386643031823407,64,0.0010380500305854344,completed,,0.0023598058699930424,0.5199233707260964,0.6221364468878826
,143,0.0045660318295495965,1.0,1.0,1203,2,12,sensor,,0.002903511371889595,exact,16384,confirmation,,regular,0.004340164363384247,0.004340164363384247,5101403,exact,0.002825217284612782,,0.0008822938933184393,completed,,0.0028198079739292763,0.5235581242313707,0.628224688658683
4,144,0.0077754486867429124,1.0,1.0,1204,2,12,sensor,3.7965010989896673,0.022124683412083478,full,16384,confirmation,,regular,1.4026861377060413,1.4026861377060413,5101404,full_n16384_k2048_m4,0.019575496615064268,,3.7350309085819724,completed,2048,0.020178507003414614,2.662402810298763,2.7960605587555927
8,145,0.7834285981369804,0.0,0.0,1204,2,12,sensor,11.71762711258718,0.4649491433210919,tail_anchored,16384,confirmation,,regular,2.3628295995295048,2.3628295995295048,5101404,tail_anchored_n16384_k2048_m8,0.3796743018919525,,5.653272279161221,completed,2048,0.4551498573690187,0.5542842523748323,0.6596129369125858
4,146,0.7835881488839723,0.0,0.0,1204,2,12,sensor,26.39238089040207,0.48412772665468473,tail_fixed,16384,confirmation,,regular,1.9323732182383537,1.9323732182383537,5101404,tail_fixed,0.39811345404321197,,5.745504585543308,completed,2048,0.4774101558022178,0.525381518961693,0.6236467590663024
4,147,0.07248847861296173,1.0,1.0,1204,2,12,sensor,4.3709367386973215,0.008093549947388933,unbiased,16384,confirmation,,regular,1.4804327636957169,1.4804327636957169,5101404,unbiased,0.03996133646274942,,3.6283841724878676,completed,2048,0.04815803449014111,2.7125585148610587,2.8518984914445693
,148,0.010846433936210893,1.0,1.0,1204,2,12,sensor,-16.55611928403887,0.007478530415571178,annealed_smc,16384,confirmation,0.15,regular,0.11406944319605827,0.11406944319605827,5101404,smc_k64_scale0.15,0.005771102626509363,64,3.687771878886342,completed,,0.006770790045032943,2.6528105543783163,2.787837534511841
,149,0.010233095384881995,1.0,1.0,1204,2,12,sensor,,0.00550681485535421,exact,16384,confirmation,,regular,0.0041186995804309845,0.0041186995804309845,5101404,exact,0.006950437804530671,,3.6381254845674347,completed,,0.00820142043163924,2.6600267311753147,2.7981410541254528
4,150,0.0015836290521762538,1.0,1.0,1205,2,12,sensor,4.266825242126396,0.005068841029230354,full,16384,confirmation,,regular,1.4523705914616585,1.4523705914616585,5101405,full_n16384_k2048_m4,0.009498806092049741,,0.008557651554541018,completed,2048,0.010139307595159196,0.5003266462197635,0.596024754561997
8,151,0.09786045615801112,1.0,1.0,1205,2,12,sensor,4.327148177924134,0.05424708085120928,tail_anchored,16384,confirmation,,regular,2.4206556603312492,2.4206556603312492,5101405,tail_anchored_n16384_k2048_m8,0.054079226771622774,,0.017292683496708733,completed,2048,0.05399476705680249,0.5766792196932651,2.0425274136138434
4,152,0.861484687337397,1.0,1.0,1205,2,12,sensor,7.039731108803058,1.1153217516182226,tail_fixed,16384,confirmation,,regular,1.9293264746665955,1.9293264746665955,5101405,tail_fixed,1.1257652429066596,,1.3310984149907137,completed,2048,1.1142970989722554,2.295272270477154,2.410570886950817
4,153,0.008182993716581478,1.0,1.0,1205,2,12,sensor,5.121750328712309,0.006866195344508056,unbiased,16384,confirmation,,regular,1.473534107208252,1.473534107208252,5101405,unbiased,0.015005488829738766,,0.010629689383091102,completed,2048,0.016263616569286342,0.5619524886721515,0.6690797113536944
,154,0.0005049299514716465,1.0,1.0,1205,2,12,sensor,-12.370777829752274,0.002207245328227268,annealed_smc,16384,confirmation,0.15,regular,0.09923839569091797,0.09923839569091797,5101405,smc_k64_scale0.15,0.0029506335066857552,64,0.008985857585348141,completed,,0.0031728209865610705,0.5303052378723494,0.6329513274204799
,155,0.0006234399826993421,1.0,1.0,1205,2,12,sensor,,0.0009117666583104844,exact,16384,confirmation,,regular,0.003985591232776642,0.003985591232776642,5101405,exact,0.0019709463328804137,,0.009573011942965538,completed,,0.001924373126573805,0.5286687298458473,0.6330647867661485
4,156,0.006301249508709576,1.0,1.0,1206,2,12,sensor,5.344182880211931,0.00447689114666089,full,16384,confirmation,,regular,1.4366172663867474,1.4366172663867474,5101406,full_n16384_k2048_m4,0.01078863833377693,,0.015654362208225574,completed,2048,0.01050768247318162,0.5379801443013419,0.6373633391353761
8,157,1.5771307371916603,1.0,1.0,1206,2,12,sensor,5.519265869996229,1.0233796584617374,tail_anchored,16384,confirmation,,regular,2.231646813452244,2.231646813452244,5101406,tail_anchored_n16384_k2048_m8,1.0339838319972063,,0.804159367890499,completed,2048,1.0208315937782684,2.998917676603379,3.1131279378718846
4,158,0.011080594168312911,0.0,0.0,1206,2,12,sensor,26.603736211615466,2.480763010046553,tail_fixed,16384,confirmation,,regular,1.9575499072670937,1.9575499072670937,5101406,tail_fixed,2.5010888633304282,,5.545055695719893,completed,2048,2.4651651643011023,0.5717679455850245,0.6811232167964318
4,159,0.005767849997658686,1.0,1.0,1206,2,12,sensor,5.766507962755798,0.005259644772849249,unbiased,16384,confirmation,,regular,1.4700697734951973,1.4700697734951973,5101406,unbiased,0.008968326230297488,,0.017382085314345003,completed,2048,0.009058889444113667,0.5369906511026168,0.6342335496137572
,160,0.0021210880820395264,1.0,1.0,1206,2,12,sensor,-14.845737357564616,0.0023812898971646655,annealed_smc,16384,confirmation,0.15,regular,0.10055289044976234,0.10055289044976234,5101406,smc_k64_scale0.15,0.003394760551591625,64,0.016715514436493113,completed,,0.00346225387735158,0.5760045404106765,0.6879517048757657
,161,0.003018001685318054,1.0,1.0,1206,2,12,sensor,,0.001895783637369772,exact,16384,confirmation,,regular,0.0044335126876831055,0.0044335126876831055,5101406,exact,0.0025996780972185416,,0.016739139269618234,completed,,0.0025876668690527392,0.5659682974220958,0.674203646644269
4,162,0.04653669880352378,1.0,1.0,1207,2,12,sensor,2.0307637836790358,0.0239667710920995,full,16384,confirmation,,regular,1.35536415502429,1.35536415502429,5101407,full_n16384_k2048_m4,0.027757510687436676,,0.015325071257293578,completed,2048,0.023545018927475916,1.6402547541628272,1.802643499333879
8,163,0.5662769021196454,1.0,1.0,1207,2,12,sensor,2.496724702618061,0.7484109710332574,tail_anchored,16384,confirmation,,regular,2.2299391329288483,2.2299391329288483,5101407,tail_anchored_n16384_k2048_m8,0.6892055946190907,,0.6636693272834568,completed,2048,0.5648382853250531,1.7886794142886207,1.913628952226683
4,164,0.45099998744676817,1.0,1.0,1207,2,12,sensor,5.418929426973892,0.36049637507517607,tail_fixed,16384,confirmation,,regular,1.921846255660057,1.921846255660057,5101407,tail_fixed,0.33264338072064215,,0.19201715129014355,completed,2048,0.2642546328368811,1.820198957668091,1.9412488515273865
4,165,0.07037721360696746,1.0,1.0,1207,2,12,sensor,2.2340848030097957,0.05416163828621137,unbiased,16384,confirmation,,regular,1.5281937941908836,1.5281937941908836,5101407,unbiased,0.0489979431023124,,0.026706361646361258,completed,2048,0.039980326319262086,1.699936656989805,1.825647069895128
,166,0.0051732657553452115,1.0,1.0,1207,2,12,sensor,-14.399102659383177,0.002266808584920171,annealed_smc,16384,confirmation,0.15,regular,0.10106679052114487,0.10106679052114487,5101407,smc_k64_scale0.15,0.004322320453250511,64,0.017246020477753775,completed,,0.0039237835000800435,1.675706718702279,1.8227101013396654
,167,0.001437488106003734,1.0,1.0,1207,2,12,sensor,,0.0008211515262443287,exact,16384,confirmation,,regular,0.004239998757839203,0.004239998757839203,5101407,exact,0.0017234828587733373,,0.017373112392103096,completed,,0.0016929811247652516,1.679465090266452,1.824073634604439
4,168,0.029063637101544488,1.0,1.0,1208,2,12,sensor,1.4954889389575676,0.004945498659788094,full,16384,confirmation,,regular,1.3573171012103558,1.3573171012103558,5101408,full_n16384_k2048_m4,0.021034745637824953,,0.005691434297800912,completed,2048,0.020284405548206007,0.5835267267240434,2.1854991008279203
8,169,0.22098961486519775,1.0,1.0,1208,2,12,sensor,3.3641224261290334,1.7831216371648415,tail_anchored,16384,confirmation,,regular,2.233276665210724,2.233276665210724,5101408,tail_anchored_n16384_k2048_m8,1.7901061768734776,,2.9673495706555917,completed,2048,1.7760442281810453,2.3205361235829063,2.473585220916798
4,170,0.638364264538516,1.0,1.0,1208,2,12,sensor,10.816059218810867,1.4977543105894995,tail_fixed,16384,confirmation,,regular,1.926447194069624,1.926447194069624,5101408,tail_fixed,1.5028500659330564,,2.067088237523123,completed,2048,1.490206880552584,2.4367526351659023,2.5670974238326156
4,171,0.05570247489551484,1.0,1.0,1208,2,12,sensor,1.7924554114086533,0.023526157037369027,unbiased,16384,confirmation,,regular,1.6849399842321873,1.6849399842321873,5101408,unbiased,0.031585956391396816,,0.0032348117082105303,completed,2048,0.030949094966285555,2.036883142425149,2.332455877637843
,172,0.0030066982153790596,1.0,1.0,1208,2,12,sensor,-16.922041482670785,0.0021860923503795406,annealed_smc,16384,confirmation,0.15,regular,0.10016640275716782,0.10016640275716782,5101408,smc_k64_scale0.15,0.00413529267335995,64,0.004901066946521629,completed,,0.004285291966723462,0.630915953361942,2.2777689172052566
,173,0.005121607075942247,1.0,1.0,1208,2,12,sensor,,0.0033630201685047514,exact,16384,confirmation,,regular,0.004204690456390381,0.004204690456390381,5101408,exact,0.0034522068088193476,,0.005406695833074524,completed,,0.0034564637026210767,0.6263270377129132,2.2665945565919605
4,174,0.0023272227711755656,0.5,0.5,1209,2,12,sensor,1.2977402874107327,0.005980956098317607,full,16384,confirmation,,regular,1.355863317847252,1.355863317847252,5101409,full_n16384_k2048_m4,0.008225543830802666,,0.16158730562709256,completed,2048,0.0083130912784325,0.6108859884269539,0.7272968432168594
8,175,0.0022769348523967235,0.5,0.5,1209,2,12,sensor,1.576324657715464,0.015084474229595414,tail_anchored,16384,confirmation,,regular,2.2275419645011425,2.2275419645011425,5101409,tail_anchored_n16384_k2048_m8,0.0154554318612072,,0.1685733204664538,completed,2048,0.01492699311665523,0.6154468405063975,0.735429489356321
4,176,0.00844312424445653,0.5,0.5,1209,2,12,sensor,1.7199057721788362,0.024828715975184854,tail_fixed,16384,confirmation,,regular,1.9287616349756718,1.9287616349756718,5101409,tail_fixed,0.021872074140793462,,0.18317360525422285,completed,2048,0.025113586717318493,0.6824180253562242,0.8631704532166541
4,177,0.0017898193650880566,0.5,0.5,1209,2,12,sensor,1.6765397872398724,0.003363612632185647,unbiased,16384,confirmation,,regular,1.4724374301731586,1.4724374301731586,5101409,unbiased,0.005070751411159867,,0.16808005621766126,completed,2048,0.005331545420177155,0.6416717344379321,0.7650353255661784
,178,0.0010431959729566619,0.5,0.5,1209,2,12,sensor,-13.410779879496976,0.0012355549756841533,annealed_smc,16384,confirmation,0.15,regular,0.10082054883241653,0.10082054883241653,5101409,smc_k64_scale0.15,0.002356580584400706,64,0.1671877335903491,completed,,0.0023232365622295583,0.6327442130515004,0.7585104191588445
,179,0.0003949019099181367,0.5,0.5,1209,2,12,sensor,,0.0013426353970321663,exact,16384,confirmation,,regular,0.004187949001789093,0.004187949001789093,5101409,exact,0.0022963571173344978,,0.16530276242461792,completed,,0.0018109903077029527,0.6392651212647458,0.7689026409745552
4,180,0.02032487575203401,1.0,1.0,1210,2,12,sensor,3.5424759994517867,0.04264020012414735,full,16384,confirmation,,regular,1.3514922820031643,1.3514922820031643,5101410,full_n16384_k2048_m4,0.038714668683780075,,0.004408612618551616,completed,2048,0.03884888964161807,1.1170442197395483,1.260754566173642
8,181,0.01263695803194503,1.0,1.0,1210,2,12,sensor,3.313241682230556,0.027740115107871704,tail_anchored,16384,confirmation,,regular,2.226507641375065,2.226507641375065,5101410,tail_anchored_n16384_k2048_m8,0.02565590140879484,,0.0028832687068155835,completed,2048,0.026862043843057144,1.1040320893715094,1.2679015842007626
4,182,0.02803866786724405,1.0,1.0,1210,2,12,sensor,4.184659512568148,0.05060468554258524,tail_fixed,16384,confirmation,,regular,1.923179853707552,1.923179853707552,5101410,tail_fixed,0.04786964981610237,,0.002037598402519102,completed,2048,0.043596615123248396,0.9927808103151282,1.1733166070276078
4,183,0.010613021553148274,1.0,1.0,1210,2,12,sensor,3.2956558730979015,0.036700983265294404,unbiased,16384,confirmation,,regular,1.4879163540899754,1.4879163540899754,5101410,unbiased,0.0351796267541913,,0.004403650963396845,completed,2048,0.029807035223195638,1.0901036267036313,1.2343032095624085
,184,0.0026166492743344752,1.0,1.0,1210,2,12,sensor,-9.784550144999514,0.0031259567638591717,annealed_smc,16384,confirmation,0.15,regular,0.10111301392316818,0.10111301392316818,5101410,smc_k64_scale0.15,0.004930997209756475,64,0.0017601445074594832,completed,,0.0049902785799832245,1.0993415753165607,1.2509203873145767
,185,0.0010967182358760847,1.0,1.0,1210,2,12,sensor,,0.00202376800522129,exact,16384,confirmation,,regular,0.004782523959875107,0.004782523959875107,5101410,exact,0.002548711579724538,,0.00158199213933538,completed,,0.0028754410650354456,1.094034678309411,1.2620570837455631
4,186,0.005772088360990858,0.5,1.0,1211,2,12,sensor,-2.47745058811586,0.014305105174418738,full,16384,confirmation,,regular,1.3577594347298145,1.3577594347298145,5101411,full_n16384_k2048_m4,0.013473572920811944,,0.060660222387957576,completed,2048,0.014337967650356274,0.6268750545005708,0.8365726991936497
8,187,0.015157503298151569,0.5,1.0,1211,2,12,sensor,-2.3055922121300796,0.010657661274011757,tail_anchored,16384,confirmation,,regular,2.231136441230774,2.231136441230774,5101411,tail_anchored_n16384_k2048_m8,0.017796720792735504,,0.06917860683648129,completed,2048,0.019084440558780086,0.6903215522843449,1.0807633825819694
4,188,0.02075265976659509,0.5,1.0,1211,2,12,sensor,-0.0027097262732427296,0.04018196772910605,tail_fixed,16384,confirmation,,regular,1.9278513602912426,1.9278513602912426,5101411,tail_fixed,0.03631091443670194,,0.049818175473154584,completed,2048,0.039799762910142006,0.5572855617157142,0.6917843405887576
4,189,0.031352456280311365,0.5,0.5,1211,2,12,sensor,-2.078301160513476,0.058880659958254096,unbiased,16384,confirmation,,regular,1.46794855594635,1.46794855594635,5101411,unbiased,0.05107580407721395,,0.09924273663496795,completed,2048,0.059769540858093995,0.9696574593250912,1.258495267742337
,190,0.001562605164449861,0.5,1.0,1211,2,12,sensor,-18.495327594519633,0.00271600976075223,annealed_smc,16384,confirmation,0.15,regular,0.10313467681407928,0.10313467681407928,5101411,smc_k64_scale0.15,0.0029316988334532695,64,0.06651965215807229,completed,,0.002804252933532111,0.6376868806087214,0.8566123864414632
,191,0.0011237741919399842,0.5,1.0,1211,2,12,sensor,,0.0027512119838536595,exact,16384,confirmation,,regular,0.004171948879957199,0.004171948879957199,5101411,exact,0.0036974963137677676,,0.0667692541305722,completed,,0.0037918973764569566,0.6417195066648606,0.8724597284026349
4,192,0.0038082136218719367,0.5,0.5,1212,2,12,sensor,2.970225645869748,0.006681586415192047,full,16384,confirmation,,regular,1.440010379999876,1.440010379999876,5101412,full_n16384_k2048_m4,0.010565173102100438,,0.08083329435632895,completed,2048,0.01185873646022717,0.6369718250765619,0.7847054856769495
8,193,0.004207111412505268,0.5,0.5,1212,2,12,sensor,3.035581627809206,0.009696261707523681,tail_anchored,16384,confirmation,,regular,2.4442238360643387,2.4442238360643387,5101412,tail_anchored_n16384_k2048_m8,0.012165278519876616,,0.08626524965663787,completed,2048,0.010934361158335425,0.6399749386313207,0.7830450815544769
4,194,0.0011490666667647099,0.5,1.0,1212,2,12,sensor,3.3787581180457504,0.017302710610697696,tail_fixed,16384,confirmation,,regular,1.9285950511693954,1.9285950511693954,5101412,tail_fixed,0.017624165489207186,,0.08863754916002749,completed,2048,0.017047722632001563,0.661691377505376,0.8248187540959329
4,195,0.002652120250304135,0.5,0.5,1212,2,12,sensor,3.2256340609388623,0.013542282026001296,unbiased,16384,confirmation,,regular,1.4748969189822674,1.4748969189822674,5101412,unbiased,0.01389321826895545,,0.08583859956246193,completed,2048,0.011866489449794657,0.655384344147897,0.7921515219582648
,196,0.0005696300821775686,0.5,1.0,1212,2,12,sensor,-10.179785026363312,0.001262492550700193,annealed_smc,16384,confirmation,0.15,regular,0.10155391693115234,0.10155391693115234,5101412,smc_k64_scale0.15,0.001977518847479574,64,0.08376105436166831,completed,,0.0020857549524867236,0.6649698984851877,0.8378602433501414
,197,0.000350759088108688,0.5,1.0,1212,2,12,sensor,,0.001573005142781288,exact,16384,confirmation,,regular,0.004525758326053619,0.004525758326053619,5101412,exact,0.0023188789369876645,,0.08344894934983657,completed,,0.002105283621365466,0.6651095405131644,0.8332503502948279
4,198,0.004770397244566139,1.0,1.0,1213,2,12,sensor,0.5734994886808611,0.009083429645820425,full,16384,confirmation,,regular,1.3573920875787735,1.3573920875787735,5101413,full_n16384_k2048_m4,0.009651710011749744,,0.005608676952323177,completed,2048,0.01008335568467681,0.6308863377837974,0.7693242139133387
8,199,0.09820276098825198,1.0,1.0,1213,2,12,sensor,0.6100856068160176,0.0805702904171947,tail_anchored,16384,confirmation,,regular,2.327451441437006,2.327451441437006,5101413,tail_anchored_n16384_k2048_m8,0.08049527003668888,,0.018540684342143454,completed,2048,0.07728156664492676,1.4899688068331962,1.7097541702956716
4,200,0.05760496379056034,0.0,0.5,1213,2,12,sensor,4.021411753608321,1.267851196326025,tail_fixed,16384,confirmation,,regular,1.9981356859207153,1.9981356859207153,5101413,tail_fixed,1.2743541168459391,,1.661466946197229,completed,2048,1.243619655219646,0.7559472423165097,1.618981499809439
4,201,0.010430829571622278,1.0,1.0,1213,2,12,sensor,1.165082030068402,0.015828437723360036,unbiased,16384,confirmation,,regular,1.471827033907175,1.471827033907175,5101413,unbiased,0.019864803599974126,,0.009306900174544682,completed,2048,0.022254638338005846,0.6197813820414236,0.7409868824877852
,202,0.0006360200719632913,1.0,1.0,1213,2,12,sensor,-14.35561988540585,0.0009617566935080008,annealed_smc,16384,confirmation,0.15,regular,0.10088522732257843,0.10088522732257843,5101413,smc_k64_scale0.15,0.002912835858205734,64,0.007068244957869652,completed,,0.0029540811947907433,0.6604595657254302,0.8122717939135915
,203,0.0008226108988878296,1.0,1.0,1213,2,12,sensor,,0.0008765143484600693,exact,16384,confirmation,,regular,0.004523381590843201,0.004523381590843201,5101413,exact,0.001989687904091946,,0.006791288188035115,completed,,0.0018618447731680978,0.6610930776458095,0.8156156379542064
4,204,0.020718427705873958,1.0,1.0,1214,2,12,sensor,0.9494409796962904,0.031093078322934797,full,16384,confirmation,,regular,1.3555515706539154,1.3555515706539154,5101414,full_n16384_k2048_m4,0.031435149611301415,,1.5548315803610675,completed,2048,0.027437897612858198,1.9379818822063388,2.0614153196052314
8,205,0.27308031685075124,1.0,1.0,1214,2,12,sensor,2.4408677402902983,0.8651486345060542,tail_anchored,16384,confirmation,,regular,2.2406346388161182,2.2406346388161182,5101414,tail_anchored_n16384_k2048_m8,0.8316524620282033,,0.12493558722812464,completed,2048,0.7565927049450589,1.9172360513691509,2.0628589582962427
4,206,0.562542156838341,1.0,1.0,1214,2,12,sensor,8.138695419043797,1.0726720701049965,tail_fixed,16384,confirmation,,regular,1.9292486943304539,1.9292486943304539,5101414,tail_fixed,1.0274539347229807,,0.02105153032362353,completed,2048,0.9258223699676874,0.7364295774371463,1.9386907867066543
4,207,0.06591691767090178,1.0,1.0,1214,2,12,sensor,1.4874472318370664,0.10619580069728583,unbiased,16384,confirmation,,regular,1.4805280379951,1.4805280379951,5101414,unbiased,0.10349774040834749,,1.746042944111687,completed,2048,0.09592608406857188,1.9541763667267111,2.0883263385858655
,208,0.001518137130318611,1.0,1.0,1214,2,12,sensor,-15.613163287862227,0.0022394239094632278,annealed_smc,16384,confirmation,0.15,regular,0.10110456869006157,0.10110456869006157,5101414,smc_k64_scale0.15,0.0026103548363074773,64,1.4840641256848626,completed,,0.002714569157072175,1.9560219120810787,2.0856030986124465
,209,0.003329661846579469,1.0,1.0,1214,2,12,sensor,,0.0068052179732731805,exact,16384,confirmation,,regular,0.004630792886018753,0.004630792886018753,5101414,exact,0.00500124631605455,,1.4946464025168351,completed,,0.004901130909801068,1.9571818171025637,2.0847915775329433
4,210,0.06417598529748865,1.0,1.0,1215,2,12,sensor,4.973606155557652,0.1814095284723222,full,16384,confirmation,,regular,1.3564629293978214,1.3564629293978214,5101415,full_n16384_k2048_m4,0.16363698836944998,,1.3370772713947159,completed,2048,0.16503558825675185,2.688210789174865,2.805388689639962
8,211,1.7083629622122394,0.0,0.0,1215,2,12,sensor,12.667876705437607,1.4564239576257054,tail_anchored,16384,confirmation,,regular,2.3356347270309925,2.3356347270309925,5101415,tail_anchored_n16384_k2048_m8,1.2665343791522572,,7.794310583873632,completed,2048,1.2421039636529005,0.5472978820636334,0.6581958587066858
4,212,1.7089091499542888,0.0,0.0,1215,2,12,sensor,31.691904734107375,1.4342107998273574,tail_fixed,16384,confirmation,,regular,1.931379545480013,1.931379545480013,5101415,tail_fixed,1.254039863384543,,7.674294545854937,completed,2048,1.2070147993371378,0.543676560114389,0.6451965641131203
4,213,0.12612026596125167,1.0,1.0,1215,2,12,sensor,5.529077696565753,0.31585584516570675,unbiased,16384,confirmation,,regular,1.565057072788477,1.565057072788477,5101415,unbiased,0.28105748294617533,,1.0417064299097354,completed,2048,0.2684053936815673,2.6732513927051547,2.7904150426178123
,214,0.0017606545297866236,1.0,1.0,1215,2,12,sensor,-16.24200503622923,0.006619242260164855,annealed_smc,16384,confirmation,0.15,regular,0.09982414916157722,0.09982414916157722,5101415,smc_k64_scale0.15,0.00990969243379042,64,1.768280186015209,completed,,0.009081761541052231,2.6677692425335158,2.794544242351616
,215,0.0025332974652354577,1.0,1.0,1215,2,12,sensor,,0.0013429451364767107,exact,16384,confirmation,,regular,0.004380423575639725,0.004380423575639725,5101415,exact,0.003921954877311148,,1.789253355697881,completed,,0.003893365885381918,2.665667310549142,2.7885696178350705
4,216,0.02217706928440758,1.0,1.0,1216,2,12,sensor,0.9398726704499998,0.016073712557878032,full,16384,confirmation,,regular,1.3617757260799408,1.3617757260799408,5101416,full_n16384_k2048_m4,0.020302524819636122,,0.027421685990545883,completed,2048,0.017858127524324884,1.9083729724264278,2.0752316337160255
8,217,0.2784120631555604,1.0,1.0,1216,2,12,sensor,2.4376058463297197,1.2148322168476102,tail_anchored,16384,confirmation,,regular,2.260640688240528,2.260640688240528,5101416,tail_anchored_n16384_k2048_m8,1.0487348553974198,,1.8598372401019292,completed,2048,1.0709102079536146,2.0484166311268908,2.1786563510560706
4,218,0.5260236202427107,1.0,1.0,1216,2,12,sensor,6.335127677954627,0.8628021102011717,tail_fixed,16384,confirmation,,regular,1.9200082793831825,1.9200082793831825,5101416,tail_fixed,0.7460790502326181,,1.023493507070634,completed,2048,0.7578386083079092,2.0783271900992597,2.208718161701639
4,219,0.0793549885251021,1.0,1.0,1216,2,12,sensor,1.4419368813068383,0.04779667095018921,unbiased,16384,confirmation,,regular,1.4737944900989532,1.4737944900989532,5101416,unbiased,0.04642311009819231,,0.012453526549224905,completed,2048,0.04326676598195327,1.8417816883777984,2.0347722561914963
,220,0.007648765313886815,1.0,1.0,1216,2,12,sensor,-15.948956497460154,0.0060375749122879,annealed_smc,16384,confirmation,0.15,regular,0.10095641762018204,0.10095641762018204,5101416,smc_k64_scale0.15,0.007039467262640903,64,0.025213719773234482,completed,,0.0071194771896065205,1.9244185198645365,2.1001044184905995
,221,0.0009819342847519953,1.0,1.0,1216,2,12,sensor,,0.002162050051833511,exact,16384,confirmation,,regular,0.00407974049448967,0.00407974049448967,5101416,exact,0.0035174371231325684,,0.02395998680771549,completed,,0.003476195744737354,1.91597169089541,2.0890689087165946
4,222,0.011053775884750388,1.0,1.0,1217,2,12,sensor,0.1118858559943634,0.08651818257422925,full,16384,confirmation,,regular,1.3625410050153732,1.3625410050153732,5101417,full_n16384_k2048_m4,0.07503975936221717,,0.9552402985244504,completed,2048,0.07904806251811075,2.1510732790208764,2.265083730262256
8,223,0.7952409658986794,1.0,1.0,1217,2,12,sensor,2.9091747689317895,0.8572602412471372,tail_anchored,16384,confirmation,,regular,2.219394952058792,2.219394952058792,5101417,tail_anchored_n16384_k2048_m8,0.7295166585365938,,0.01848132725054812,completed,2048,0.7792692164084821,0.6548308456524541,1.9054121286032688
4,224,0.8780290984872525,1.0,1.0,1217,2,12,sensor,9.661313362361053,0.9071021178913713,tail_fixed,16384,confirmation,,regular,1.9181182272732258,1.9181182272732258,5101417,tail_fixed,0.7716212987301385,,0.018229523157017154,completed,2048,0.8250305953479325,0.5738438806818178,0.6887707209533435
4,225,0.11310111318200203,1.0,1.0,1217,2,12,sensor,1.190469486454166,0.433364609582719,unbiased,16384,confirmation,,regular,1.4784180633723736,1.4784180633723736,5101417,unbiased,0.3761511195892293,,1.7350056702049617,completed,2048,0.37835574527254673,2.1367782139932894,2.257384041171042
,226,0.002687782478122417,1.0,1.0,1217,2,12,sensor,-17.095715595106235,0.0026605497270287136,annealed_smc,16384,confirmation,0.15,regular,0.10628780350089073,0.10628780350089073,5101417,smc_k64_scale0.15,0.003443069283045017,64,0.7909368809274294,completed,,0.003619483742836364,2.158748355035377,2.2851090655891135
,227,0.004418742425695665,1.0,1.0,1217,2,12,sensor,,0.006882648561798201,exact,16384,confirmation,,regular,0.004445463418960571,0.004445463418960571,5101417,exact,0.006669421600600224,,0.7838011388516741,completed,,0.006666082897167682,2.150383852354884,2.2743096619342578
4,228,0.034705071247491885,1.0,1.0,1218,2,12,sensor,1.1116725128568907,0.02242936522973343,full,16384,confirmation,,regular,1.349728811532259,1.349728811532259,5101418,full_n16384_k2048_m4,0.020404241670468056,,0.0656445481506456,completed,2048,0.01983295640543362,1.6089959175493584,1.8010732852287816
8,229,0.4176450730871283,1.0,1.0,1218,2,12,sensor,1.4765137146169955,0.46913802947089467,tail_anchored,16384,confirmation,,regular,2.345379553735256,2.345379553735256,5101418,tail_anchored_n16384_k2048_m8,0.3883105835308652,,0.30275989749688514,completed,2048,0.39132696193768823,1.8196952452370942,1.9590159269754555
4,230,0.47530964393880926,1.0,1.0,1218,2,12,sensor,3.890688536911937,0.7756847498823755,tail_fixed,16384,confirmation,,regular,1.9262804836034775,1.9262804836034775,5101418,tail_fixed,0.6404223316808079,,0.6867874692761211,completed,2048,0.6551097585703265,1.8747010528215462,2.012868462810392
4,231,0.0056313495777927875,1.0,1.0,1218,2,12,sensor,1.4829914257937702,0.010701427446860427,unbiased,16384,confirmation,,regular,1.4748548604547977,1.4748548604547977,5101418,unbiased,0.010349153463807744,,0.06309747308405594,completed,2048,0.009905553840352717,1.6316645146019817,1.809560348614949
,232,0.003597315113536387,1.0,1.0,1218,2,12,sensor,-15.297219585681326,0.00248873003966887,annealed_smc,16384,confirmation,0.15,regular,0.10040424391627312,0.10040424391627312,5101418,smc_k64_scale0.15,0.0031033825342442773,64,0.0660043024172298,completed,,0.002957709068698059,1.6434642708522644,1.8360382774233202
,233,0.0007234316718487857,1.0,1.0,1218,2,12,sensor,,0.0010858669201440378,exact,16384,confirmation,,regular,0.003927193582057953,0.003927193582057953,5101418,exact,0.002299173178093138,,0.06680273398461146,completed,,0.0025029629491559627,1.655276007686561,1.8376116527952013
4,234,0.011555196960070742,0.5,0.5,1219,2,12,sensor,9.543556013196275,0.019610960748626706,full,16384,confirmation,,regular,1.3563893772661686,1.3563893772661686,5101419,full_n16384_k2048_m4,0.018075462992323356,,0.0574299160233251,completed,2048,0.018011253470476468,0.5046986763416701,0.6024022568030251
8,235,0.024403783992601052,0.0,0.0,1219,2,12,sensor,19.736132127476605,3.1947079055855765,tail_anchored,16384,confirmation,,regular,2.231319021433592,2.231319021433592,5101419,tail_anchored_n16384_k2048_m8,2.6538811271474727,,10.24490560225177,completed,2048,2.430704913437811,0.5308630512860506,0.6248714462241645
4,236,0.026372690628678745,0.0,0.0,1219,2,12,sensor,79.2381923254804,3.182899343918032,tail_fixed,16384,confirmation,,regular,2.1190576814115047,2.1190576814115047,5101419,tail_fixed,2.6383929704374673,,10.190334488017038,completed,2048,2.4495187919049033,0.5086109453626929,0.6083306088111251
4,237,0.08315440996598904,0.5,0.5,1219,2,12,sensor,10.049093845494587,0.02906744600300791,unbiased,16384,confirmation,,regular,1.4708127491176128,1.4708127491176128,5101419,unbiased,0.028703147186822257,,0.05876713684824193,completed,2048,0.02886299246753263,0.5643003929461143,0.6731552919116528
,238,0.01021372666871866,0.5,0.5,1219,2,12,sensor,-16.782577315284517,0.002300565733690936,annealed_smc,16384,confirmation,0.15,regular,0.10300809890031815,0.10300809890031815,5101419,smc_k64_scale0.15,0.003633523120810396,64,0.05745219395270849,completed,,0.0032836044714476447,0.5232532181879044,0.6248775271304647
,239,0.0011808992768209772,0.5,0.5,1219,2,12,sensor,,0.00014046164133802596,exact,16384,confirmation,,regular,0.004044339060783386,0.004044339060783386,5101419,exact,0.0017408953354490862,,0.05730279455062146,completed,,0.0016389485182413007,0.5262075195458195,0.6254885458880843
4,240,0.00560270443415479,0.875,1.0,1200,8,12,sensor,0.494782976522929,0.005395820643986854,full,16384,confirmation,,ambiguous,1.588355515152216,1.588355515152216,5102000,full_n16384_k2048_m4,0.009689256025332285,,0.49518560996127164,completed,2048,0.008712084011536888,2.6130010416667107,3.133054289526874
8,241,0.0057072405415640294,0.875,1.0,1200,8,12,sensor,0.49616316634238,0.005645920526194941,tail_anchored,16384,confirmation,,ambiguous,2.857466012239456,2.857466012239456,5102000,tail_anchored_n16384_k2048_m8,0.009810683665798398,,0.4946181684261425,completed,2048,0.008816825712877325,2.616954472362421,3.132352311986791
4,242,0.005742277234923002,0.875,1.0,1200,8,12,sensor,0.4994830351322843,0.005467152525834101,tail_fixed,16384,confirmation,,ambiguous,2.1363511234521866,2.1363511234521866,5102000,tail_fixed,0.009598965651495532,,0.4955576367120064,completed,2048,0.008660313957548274,2.6154499978933377,3.133149079700273
4,243,0.005517098339553122,0.875,1.0,1200,8,12,sensor,0.5009048772563718,0.00534642826352766,unbiased,16384,confirmation,,ambiguous,1.632805548608303,1.632805548608303,5102000,unbiased,0.00975672786301805,,0.49669785756991114,completed,2048,0.008708232873637128,2.612946135322545,3.1346948298028634
,244,0.005813593878712377,0.875,1.0,1200,8,12,sensor,-19.091662315667506,0.009202537552094553,annealed_smc,16384,confirmation,0.15,ambiguous,0.10202980786561966,0.10202980786561966,5102000,smc_k64_scale0.15,0.011725267350176101,64,0.4881520321739829,completed,,0.01130666624347274,2.5928476603440784,3.112905635194137
,245,0.006401820933556402,0.875,1.0,1200,8,12,sensor,,0.00640307198795171,exact,16384,confirmation,,ambiguous,0.006635997444391251,0.006635997444391251,5102000,exact,0.009539560037938485,,0.4991146570048694,completed,,0.009379187261444202,2.613029440651048,3.1285571237046064
4,246,0.0069904546781196526,1.0,1.0,1201,8,12,sensor,0.1020939699900465,0.006812622102115484,full,16384,confirmation,,ambiguous,1.5900286138057709,1.5900286138057709,5102001,full_n16384_k2048_m4,0.010157987637957406,,0.68902495978064,completed,2048,0.010464687279764287,2.675261799270326,3.185013501074057
8,247,0.006891012121410082,1.0,1.0,1201,8,12,sensor,0.10441018398354984,0.006960546669399099,tail_anchored,16384,confirmation,,ambiguous,2.852583721280098,2.852583721280098,5102001,tail_anchored_n16384_k2048_m8,0.010241593336361062,,0.6891963775545964,completed,2048,0.01052305516541864,2.675899018513409,3.184694174581479
4,248,0.0069310309271404524,1.0,1.0,1201,8,12,sensor,0.10834498204242049,0.006982992164234187,tail_fixed,16384,confirmation,,ambiguous,2.131357792764902,2.131357792764902,5102001,tail_fixed,0.010341175163273396,,0.6900862572471442,completed,2048,0.010662240559543817,2.6772147290417925,3.186611915681647
4,249,0.006897957002708292,1.0,1.0,1201,8,12,sensor,0.1092930264212919,0.007397290101150062,unbiased,16384,confirmation,,ambiguous,1.6354320496320724,1.6354320496320724,5102001,unbiased,0.010773284129735756,,0.6899873396451167,completed,2048,0.010728960131690928,2.677743904659768,3.185645285396026
,250,0.0046676223557735146,0.875,1.0,1201,8,12,sensor,-18.353428195756727,0.0077070290455991545,annealed_smc,16384,confirmation,0.15,ambiguous,0.1021166704595089,0.1021166704595089,5102001,smc_k64_scale0.15,0.009326152404729261,64,0.695797248630254,completed,,0.009832745994249796,2.663495533803188,3.1638755405999266
,251,0.005715502216009094,0.875,1.0,1201,8,12,sensor,,0.006702886625750398,exact,16384,confirmation,,ambiguous,0.006448555737733841,0.006448555737733841,5102001,exact,0.008328370047830758,,0.6915220621671243,completed,,0.009772761814560015,2.6748946417789274,3.1919026199779026
4,252,0.016155807410430167,1.0,1.0,1202,8,12,sensor,-0.26791142907458454,0.013942972190762019,full,16384,confirmation,,ambiguous,1.6028901785612106,1.6028901785612106,5102002,full_n16384_k2048_m4,0.017517494563657532,,0.7446980324893948,completed,2048,0.01954120306393204,3.437477509314826,4.049505898056626
8,253,0.017837883227519634,1.0,1.0,1202,8,12,sensor,-0.2239636238240026,0.015739223665644023,tail_anchored,16384,confirmation,,ambiguous,2.850685451179743,2.850685451179743,5102002,tail_anchored_n16384_k2048_m8,0.01810337627356427,,0.7434589693612711,completed,2048,0.01789305312554631,3.435835860403564,4.045195491865933
4,254,0.01342864349672183,1.0,1.0,1202,8,12,sensor,-0.1407341515805003,0.023060179323298555,tail_fixed,16384,confirmation,,ambiguous,2.124107025563717,2.124107025563717,5102002,tail_fixed,0.021163625947753714,,0.7452518436023459,completed,2048,0.023623997925168894,3.422478537949631,4.034150556280759
4,255,0.014435166085306343,1.0,1.0,1202,8,12,sensor,-0.2463337018214764,0.01925152688877667,unbiased,16384,confirmation,,ambiguous,1.6361684240400791,1.6361684240400791,5102002,unbiased,0.020074278137291957,,0.7416611737935946,completed,2048,0.021329620340395903,3.428649951337463,4.022307573432119
,256,0.009591268335455492,1.0,1.0,1202,8,12,sensor,-23.841322647574323,0.006890047353934688,annealed_smc,16384,confirmation,0.15,ambiguous,0.10162113979458809,0.10162113979458809,5102002,smc_k64_scale0.15,0.009057846638895787,64,0.7574547045370738,completed,,0.010056934706152447,3.411147019545796,4.0220957633728505
,257,0.009510396506340084,1.0,1.0,1202,8,12,sensor,,0.009011480355818021,exact,16384,confirmation,,ambiguous,0.006568048149347305,0.006568048149347305,5102002,exact,0.010682172641525402,,0.7533012316338323,completed,,0.011828915175769781,3.425290905642842,4.03567549436231
4,258,0.00823942942853054,1.0,1.0,1203,8,12,sensor,-0.6089500922288655,0.011412875392943465,full,16384,confirmation,,ambiguous,1.6200107410550117,1.6200107410550117,5102003,full_n16384_k2048_m4,0.012196529267086498,,1.4527059714590478,completed,2048,0.013388268483713679,3.020106031524608,3.586683129361163
8,259,0.008667953340825128,1.0,1.0,1203,8,12,sensor,-0.6019101989320355,0.012217130856233927,tail_anchored,16384,confirmation,,ambiguous,2.888516515493393,2.888516515493393,5102003,tail_anchored_n16384_k2048_m8,0.012731375058608257,,1.450113224607935,completed,2048,0.013662577283059682,3.025399622274019,3.583795377995472
4,260,0.014401107672412585,1.0,1.0,1203,8,12,sensor,-0.5742400281128894,0.022399456482853217,tail_fixed,16384,confirmation,,ambiguous,2.140557464212179,2.140557464212179,5102003,tail_fixed,0.020461027038792587,,1.4253825150426278,completed,2048,0.020313417930756906,3.0444709009126463,3.5927809755655344
4,261,0.007697297802391999,1.0,1.0,1203,8,12,sensor,-0.5912706403502739,0.00878317432831188,unbiased,16384,confirmation,,ambiguous,1.6272532939910889,1.6272532939910889,5102003,unbiased,0.011476489134459953,,1.460759424611444,completed,2048,0.010997074946185511,3.022254684053091,3.584401848819966
,262,0.007533585828122542,1.0,1.0,1203,8,12,sensor,-22.576928152926964,0.005185148756565474,annealed_smc,16384,confirmation,0.15,ambiguous,0.10338666290044785,0.10338666290044785,5102003,smc_k64_scale0.15,0.010683280136456537,64,1.4833619269736515,completed,,0.009880054507083343,3.0298163666243725,3.5847128908614945
,263,0.005721618703104506,1.0,1.0,1203,8,12,sensor,,0.0050385110074486796,exact,16384,confirmation,,ambiguous,0.006612297147512436,0.006612297147512436,5102003,exact,0.009298008726024763,,1.4803389771850997,completed,,0.008978853754844324,3.0239552470240048,3.581420075601022
4,264,0.0069697223695601995,1.0,1.0,1204,8,12,sensor,-0.9238359795766939,0.004055054959965414,full,16384,confirmation,,ambiguous,1.598283413797617,1.598283413797617,5102004,full_n16384_k2048_m4,0.01005019453543778,,0.4789801059902002,completed,2048,0.010112189840089901,2.9431310345248223,3.4831368676002477
8,265,0.00688114237373939,1.0,1.0,1204,8,12,sensor,-0.919030726648244,0.003637758816176126,tail_anchored,16384,confirmation,,ambiguous,2.8450901471078396,2.8450901471078396,5102004,tail_anchored_n16384_k2048_m8,0.009934672987948576,,0.4812611813055292,completed,2048,0.010230826496353523,2.946754602636412,3.486269240104095
4,266,0.008516250835985112,1.0,1.0,1204,8,12,sensor,-0.9038983959941165,0.0065618698933943755,tail_fixed,16384,confirmation,,ambiguous,2.230467740446329,2.230467740446329,5102004,tail_fixed,0.01249643723250061,,0.48714646525932004,completed,2048,0.012453983533326864,2.9540170724173156,3.488532868402894
4,267,0.007467961783172063,1.0,1.0,1204,8,12,sensor,-0.9098177397278242,0.005007640138666459,unbiased,16384,confirmation,,ambiguous,1.6347730793058872,1.6347730793058872,5102004,unbiased,0.010596533454008183,,0.4789346167716884,completed,2048,0.010660713978857308,2.947418041124277,3.4830780972232755
,268,0.010492720828822166,1.0,1.0,1204,8,12,sensor,-21.32148000661422,0.0048336882964904095,annealed_smc,16384,confirmation,0.15,ambiguous,0.10526202619075775,0.10526202619075775,5102004,smc_k64_scale0.15,0.009255591786288998,64,0.4833484588715008,completed,,0.009627190637465038,2.9368238595791585,3.480454910844399
,269,0.006014679660752519,1.0,1.0,1204,8,12,sensor,,0.01003008524851008,exact,16384,confirmation,,ambiguous,0.006577160209417343,0.006577160209417343,5102004,exact,0.01140633114386681,,0.4744653600402796,completed,,0.012091009583879297,2.9373228687302095,3.4621703598190816
4,270,0.009548191130104319,0.875,0.875,1205,8,12,sensor,0.5299239301439327,0.01390911741441528,full,16384,confirmation,,ambiguous,1.6007672622799873,1.6007672622799873,5102005,full_n16384_k2048_m4,0.01472979411013718,,0.5443251984551727,completed,2048,0.014599866528747635,2.5254688464902797,3.087426344791109
8,271,0.009980562808374978,0.875,0.875,1205,8,12,sensor,0.5297801961973141,0.013750688221074508,tail_anchored,16384,confirmation,,ambiguous,2.8595026209950447,2.8595026209950447,5102005,tail_anchored_n16384_k2048_m8,0.014769041347055846,,0.5447648721391262,completed,2048,0.01461095608013019,2.52742494246875,3.0914895559702464
4,272,0.012249993225496032,0.875,0.875,1205,8,12,sensor,0.5431676259410834,0.014857207302001183,tail_fixed,16384,confirmation,,ambiguous,2.1317052356898785,2.1317052356898785,5102005,tail_fixed,0.015473065913878236,,0.5485278177111225,completed,2048,0.015441975140434282,2.533616460666954,3.1192049920930702
4,273,0.009817509739787258,0.875,0.875,1205,8,12,sensor,0.5428777198800674,0.014106918508280993,unbiased,16384,confirmation,,ambiguous,1.6912390887737274,1.6912390887737274,5102005,unbiased,0.015177852846316122,,0.5445213006021979,completed,2048,0.014905726289985897,2.525116327339961,3.082051145233831
,274,0.0067769773465522,0.875,0.875,1205,8,12,sensor,-20.60181867913141,0.005510995673965501,annealed_smc,16384,confirmation,0.15,ambiguous,0.10166005417704582,0.10166005417704582,5102005,smc_k64_scale0.15,0.00866982434087183,64,0.5411466859991411,completed,,0.00820238880913713,2.541625088437396,3.101262450706873
,275,0.005002338338786191,0.875,0.875,1205,8,12,sensor,,0.005151988582040772,exact,16384,confirmation,,ambiguous,0.006752476096153259,0.006752476096153259,5102005,exact,0.007925432633915045,,0.5397325374263854,completed,,0.008665369885554275,2.5199508355870255,3.0875292167020376
4,276,0.009773895367302294,1.0,1.0,1206,8,12,sensor,1.1503754767565137,0.009065992451830603,full,16384,confirmation,,ambiguous,1.5986758470535278,1.5986758470535278,5102006,full_n16384_k2048_m4,0.009714118346467737,,0.34911176085139317,completed,2048,0.011134295270921864,2.6287545644576626,3.2339979342410556
8,277,0.007523267005337447,1.0,1.0,1206,8,12,sensor,1.1576595559072667,0.0068941960890074455,tail_anchored,16384,confirmation,,ambiguous,2.9635172225534916,2.9635172225534916,5102006,tail_anchored_n16384_k2048_m8,0.008582847435126545,,0.35156573059608276,completed,2048,0.009241789448918382,2.6551119437532202,3.2484470356892925
4,278,0.01762898726233153,1.0,1.0,1206,8,12,sensor,1.182000240389538,0.012242829756585909,tail_fixed,16384,confirmation,,ambiguous,2.1325065568089485,2.1325065568089485,5102006,tail_fixed,0.015883798452469088,,0.3537480999806507,completed,2048,0.01471143283566998,2.705878332860425,3.3021912544753693
4,279,0.008060211203810811,1.0,1.0,1206,8,12,sensor,1.159017635529647,0.006828255997563039,unbiased,16384,confirmation,,ambiguous,1.6247652731835842,1.6247652731835842,5102006,unbiased,0.009163830323521055,,0.3532826765097294,completed,2048,0.010287581027554442,2.6622967026342303,3.262681405917284
,280,0.006927424958790197,1.0,1.0,1206,8,12,sensor,-20.151233739899393,0.006021254022853566,annealed_smc,16384,confirmation,0.15,ambiguous,0.10160106420516968,0.10160106420516968,5102006,smc_k64_scale0.15,0.008848307336394917,64,0.34898531983974557,completed,,0.009974476279970699,2.643725281521636,3.2475088927295994
,281,0.0067261458051946586,1.0,1.0,1206,8,12,sensor,,0.006551956774206434,exact,16384,confirmation,,ambiguous,0.006598718464374542,0.006598718464374542,5102006,exact,0.008450642114240346,,0.3534688892783458,completed,,0.008631639163636115,2.631257369888755,3.225755126325703
4,282,0.008673064374213656,0.875,1.0,1207,8,12,sensor,-0.588216658504261,0.013361147163786937,full,16384,confirmation,,ambiguous,1.6472463011741638,1.6472463011741638,5102007,full_n16384_k2048_m4,0.014008138945902224,,0.540880891100401,completed,2048,0.014019082118691507,3.040971436340222,3.5582755968356103
8,283,0.009250158428821433,0.875,1.0,1207,8,12,sensor,-0.5811795256858518,0.013655084764362013,tail_anchored,16384,confirmation,,ambiguous,2.8562963232398033,2.8562963232398033,5102007,tail_anchored_n16384_k2048_m8,0.0143157735103784,,0.5406918940603105,completed,2048,0.014492581213019095,3.0419797005861273,3.5565678096049305
4,284,0.009111219787612805,0.875,1.0,1207,8,12,sensor,-0.5688788392596829,0.01190853443762323,tail_fixed,16384,confirmation,,ambiguous,2.2448278702795506,2.2448278702795506,5102007,tail_fixed,0.012933903589004463,,0.5386501703561416,completed,2048,0.013365387171869497,3.0406039682936936,3.5627538431858707
4,285,0.009315523513567653,0.875,1.0,1207,8,12,sensor,-0.5760446604736016,0.012017250148342757,unbiased,16384,confirmation,,ambiguous,1.6306179091334343,1.6306179091334343,5102007,unbiased,0.013253496231022639,,0.5389677611297267,completed,2048,0.013505182354328755,3.0446135610972607,3.560128605544612
,286,0.006222419584933355,0.875,1.0,1207,8,12,sensor,-21.63017334745625,0.004844407272225183,annealed_smc,16384,confirmation,0.15,ambiguous,0.103132214397192,0.103132214397192,5102007,smc_k64_scale0.15,0.009062483271429653,64,0.5290771045573116,completed,,0.008110144510333421,3.047962678912361,3.5742968348330186
,287,0.007642556227690845,0.875,1.0,1207,8,12,sensor,,0.007947469832009087,exact,16384,confirmation,,ambiguous,0.006517879664897919,0.006517879664897919,5102007,exact,0.010273790830758519,,0.5299349674962942,completed,,0.010503538399298774,3.035696505158652,3.5623761677287074
4,288,0.007715616138735954,1.0,1.0,1208,8,12,sensor,-0.002545779273704696,0.005938962175205934,full,16384,confirmation,,ambiguous,1.5929236859083176,1.5929236859083176,5102008,full_n16384_k2048_m4,0.011015653159494095,,0.24936792266088845,completed,2048,0.011640038966751708,3.2079828693049808,3.8111123720594833
8,289,0.007824811612495717,1.0,1.0,1208,8,12,sensor,0.004663488331805965,0.006184270605148705,tail_anchored,16384,confirmation,,ambiguous,2.8706851564347744,2.8706851564347744,5102008,tail_anchored_n16384_k2048_m8,0.01103047850140815,,0.2499577052415598,completed,2048,0.01184923088833319,3.208847404516079,3.811969558534925
4,290,0.018003492393700648,1.0,1.0,1208,8,12,sensor,0.04008771788790089,0.015779042639892805,tail_fixed,16384,confirmation,,ambiguous,2.1818614937365055,2.1818614937365055,5102008,tail_fixed,0.01554664699947047,,0.25983034528888904,completed,2048,0.0184680598397929,3.248086336249706,3.833523800664212
4,291,0.00821127171295346,1.0,1.0,1208,8,12,sensor,0.011860914336714323,0.005594833946261224,unbiased,16384,confirmation,,ambiguous,1.7234522700309753,1.7234522700309753,5102008,unbiased,0.01117954016935108,,0.24945150067427502,completed,2048,0.011685877222835912,3.2127738540110085,3.803990146516309
,292,0.00933897091771268,1.0,1.0,1208,8,12,sensor,-23.335491864453125,0.00643448010029314,annealed_smc,16384,confirmation,0.15,ambiguous,0.10743933171033859,0.10743933171033859,5102008,smc_k64_scale0.15,0.010681289411447959,64,0.2469276845714361,completed,,0.010726046703959866,3.193147609411626,3.7836134962877903
,293,0.008743244729031752,1.0,1.0,1208,8,12,sensor,,0.007252305481297302,exact,16384,confirmation,,ambiguous,0.006628986448049545,0.006628986448049545,5102008,exact,0.009558883558082237,,0.24863594286019883,completed,,0.010928200846880546,3.185695760039012,3.7974775623546133
4,294,0.007780183101028254,0.875,1.0,1209,8,12,sensor,-0.4247939730600221,0.004429871222743005,full,16384,confirmation,,ambiguous,1.5897212699055672,1.5897212699055672,5102009,full_n16384_k2048_m4,0.009890984753666815,,0.5141054493733818,completed,2048,0.009645753550227088,2.8710385582063944,3.402745206939213
8,295,0.007819105880614446,0.875,1.0,1209,8,12,sensor,-0.4209280589766209,0.003891506129236546,tail_anchored,16384,confirmation,,ambiguous,2.8472938016057014,2.8472938016057014,5102009,tail_anchored_n16384_k2048_m8,0.009809820667876943,,0.51364359226471,completed,2048,0.009710484534248985,2.8698392310196708,3.40215025582846
4,296,0.008642558437431336,0.875,1.0,1209,8,12,sensor,-0.4070624307936912,0.004619853608873807,tail_fixed,16384,confirmation,,ambiguous,2.1344418190419674,2.1344418190419674,5102009,tail_fixed,0.011019663009920182,,0.5124778191774592,completed,2048,0.010642296748559366,2.8752257888327355,3.4168036611962376
4,297,0.007475918625157292,0.875,1.0,1209,8,12,sensor,-0.4169320949375237,0.005084992427566185,unbiased,16384,confirmation,,ambiguous,1.6890452653169632,1.6890452653169632,5102009,unbiased,0.01011339945407047,,0.514265110882806,completed,2048,0.01006316090025601,2.8734181026233188,3.4056943002428977
,298,0.0073073649053201845,0.875,1.0,1209,8,12,sensor,-20.628050753660023,0.0068974001800223145,annealed_smc,16384,confirmation,0.15,ambiguous,0.1018756665289402,0.1018756665289402,5102009,smc_k64_scale0.15,0.009182149813438234,64,0.5133903066336563,completed,,0.008205111591579363,2.8666575437196484,3.40492488825567
,299,0.00657755434449367,0.875,1.0,1209,8,12,sensor,,0.00414763028319062,exact,16384,confirmation,,ambiguous,0.006735663861036301,0.006735663861036301,5102009,exact,0.008370077208751412,,0.5129542666138813,completed,,0.008147927561162845,2.8689003939401774,3.405342029779649
4,300,0.010944207746444803,0.875,1.0,1210,8,12,sensor,2.0905907498417236,0.01341471297041998,full,16384,confirmation,,ambiguous,1.5979063622653484,1.5979063622653484,5102010,full_n16384_k2048_m4,0.014229313383464753,,0.49059436360712194,completed,2048,0.013279195851326132,2.4008567362366224,3.02093756788152
8,301,0.00781167713661191,0.875,1.0,1210,8,12,sensor,2.23072894135965,0.01007608396476776,tail_anchored,16384,confirmation,,ambiguous,2.8475702814757824,2.8475702814757824,5102010,tail_anchored_n16384_k2048_m8,0.012563468589922784,,0.48525647445075504,completed,2048,0.014080157581331066,2.413035875307072,3.022834074724237
4,302,0.014218019889692967,0.875,1.0,1210,8,12,sensor,2.5451014984290365,0.024447257558911056,tail_fixed,16384,confirmation,,ambiguous,2.223285496234894,2.223285496234894,5102010,tail_fixed,0.024505052243240143,,0.485292763063691,completed,2048,0.025010051848865303,2.35927362496348,2.9282961295009597
4,303,0.009942458004467506,0.875,1.0,1210,8,12,sensor,2.133213457534933,0.008577226453001982,unbiased,16384,confirmation,,ambiguous,1.632087279111147,1.632087279111147,5102010,unbiased,0.012939603903533492,,0.47213588484509067,completed,2048,0.012641549511466914,2.3748304991579197,2.959099089756388
,304,0.006578688955036432,0.875,1.0,1210,8,12,sensor,-24.74620477091664,0.007614338400710366,annealed_smc,16384,confirmation,0.15,ambiguous,0.10158584266901016,0.10158584266901016,5102010,smc_k64_scale0.15,0.01042851560714822,64,0.48211213292101723,completed,,0.01087172503741724,2.401171600690501,3.0183331590716325
,305,0.007067799902341284,1.0,1.0,1210,8,12,sensor,,0.008179906001172152,exact,16384,confirmation,,ambiguous,0.0063029080629348755,0.0063029080629348755,5102010,exact,0.011052136026481287,,0.4737802815454071,completed,,0.012122726579837446,2.4039538494449855,3.025517355495757
4,306,0.012018401795072842,1.0,1.0,1211,8,12,sensor,0.1555544919592906,0.008406224186831625,full,16384,confirmation,,ambiguous,1.594288233667612,1.594288233667612,5102011,full_n16384_k2048_m4,0.012091588969205477,,0.4241036835166443,completed,2048,0.013004673755802776,2.9463474001229173,3.509876890916918
8,307,0.012500101370808986,1.0,1.0,1211,8,12,sensor,0.15792881330293795,0.008012861464541034,tail_anchored,16384,confirmation,,ambiguous,2.862737726420164,2.862737726420164,5102011,tail_anchored_n16384_k2048_m8,0.011995260808414437,,0.4237459858796233,completed,2048,0.013041279423392185,2.946960562122206,3.512110184507728
4,308,0.014261477854874763,1.0,1.0,1211,8,12,sensor,0.17145616609972958,0.009421993568858608,tail_fixed,16384,confirmation,,ambiguous,2.135024268180132,2.135024268180132,5102011,tail_fixed,0.013350528688626222,,0.4235320962177734,completed,2048,0.0144593099919547,2.9521978364142396,3.5269705477358113
4,309,0.012104959308885947,1.0,1.0,1211,8,12,sensor,0.1666892787743457,0.008365824824641991,unbiased,16384,confirmation,,ambiguous,1.6323117911815643,1.6323117911815643,5102011,unbiased,0.01206046502187395,,0.4249979017178273,completed,2048,0.012861143563406393,2.943653476526014,3.51008715597039
,310,0.009141451802689948,1.0,1.0,1211,8,12,sensor,-21.550116386364934,0.009106931939129165,annealed_smc,16384,confirmation,0.15,ambiguous,0.10152097046375275,0.10152097046375275,5102011,smc_k64_scale0.15,0.011305152731819984,64,0.41831169895840264,completed,,0.012377534257254467,2.918625813369238,3.4755661106779234
,311,0.008828329172192381,1.0,1.0,1211,8,12,sensor,,0.007318784856767998,exact,16384,confirmation,,ambiguous,0.006465613842010498,0.006465613842010498,5102011,exact,0.009344474613312774,,0.4259781672899444,completed,,0.009557279619543523,2.9145847097528375,3.4742710020859904
4,312,0.010946914695868512,1.0,1.0,1212,8,12,sensor,2.4914425768649,0.012774248943956115,full,16384,confirmation,,ambiguous,1.5952035076916218,1.5952035076916218,5102012,full_n16384_k2048_m4,0.0129197501694655,,0.40385542430133586,completed,2048,0.014242757937894174,2.467409750661595,2.978261219914436
8,313,0.009768890256072726,1.0,1.0,1212,8,12,sensor,2.4974860185779724,0.013108331665794424,tail_anchored,16384,confirmation,,ambiguous,2.9488893188536167,2.9488893188536167,5102012,tail_anchored_n16384_k2048_m8,0.013548843924364277,,0.40227648633539737,completed,2048,0.014274886950844723,2.476310323488136,2.9856336208378265
4,314,0.014083613223127314,1.0,1.0,1212,8,12,sensor,2.5215896149773265,0.017004031339360733,tail_fixed,16384,confirmation,,ambiguous,2.1335288137197495,2.1335288137197495,5102012,tail_fixed,0.015995027231849715,,0.39834567860493464,completed,2048,0.01674279253613934,2.4756168032061305,2.9920755704084505
4,315,0.01054567202861845,1.0,1.0,1212,8,12,sensor,2.520717949884962,0.015660257281681935,unbiased,16384,confirmation,,ambiguous,1.6332349702715874,1.6332349702715874,5102012,unbiased,0.015285360926692134,,0.3988384792695398,completed,2048,0.015140178743664402,2.4712986450458594,2.975728232666152
,316,0.006294655094625155,1.0,1.0,1212,8,12,sensor,-24.120493902757268,0.007696027089986471,annealed_smc,16384,confirmation,0.15,ambiguous,0.10155967250466347,0.10155967250466347,5102012,smc_k64_scale0.15,0.009877802184822086,64,0.40760683363387207,completed,,0.010970426941831368,2.4253751898781726,2.908812871337915
,317,0.005463229244023863,1.0,1.0,1212,8,12,sensor,,0.005175362973926051,exact,16384,confirmation,,ambiguous,0.0062259770929813385,0.0062259770929813385,5102012,exact,0.009334189165677529,,0.4060748828434565,completed,,0.008986171058362302,2.448669435759811,2.9437940436889867
4,318,0.007401860265963128,0.75,0.75,1213,8,12,sensor,0.20528316165763272,0.009411773576804804,full,16384,confirmation,,ambiguous,1.65123638138175,1.65123638138175,5102013,full_n16384_k2048_m4,0.010350116991379688,,0.9410240639979596,completed,2048,0.011006403722453907,2.85824790061237,3.4161284853343146
8,319,0.008031246976049702,0.75,0.75,1213,8,12,sensor,0.20685114213211087,0.009356410297899246,tail_anchored,16384,confirmation,,ambiguous,2.862282983958721,2.862282983958721,5102013,tail_anchored_n16384_k2048_m8,0.010309121200711133,,0.9410994463081149,completed,2048,0.010937928720535929,2.8603121001605034,3.4166754520149456
4,320,0.009681587981553339,0.75,0.75,1213,8,12,sensor,0.2146254019534828,0.009533026016566696,tail_fixed,16384,confirmation,,ambiguous,2.1309959031641483,2.1309959031641483,5102013,tail_fixed,0.010696384722222691,,0.9407789213803348,completed,2048,0.010963375931731977,2.868663994658611,3.426040975404612
4,321,0.007431337003060947,0.75,0.75,1213,8,12,sensor,0.21161746431013118,0.00909019274028821,unbiased,16384,confirmation,,ambiguous,1.632173791527748,1.632173791527748,5102013,unbiased,0.010145368762116918,,0.9402132019274672,completed,2048,0.011038025913647494,2.859186659785273,3.421273709405925
,322,0.0063225880370095565,0.75,0.75,1213,8,12,sensor,-19.80728910467854,0.007044803049621276,annealed_smc,16384,confirmation,0.15,ambiguous,0.10195017606019974,0.10195017606019974,5102013,smc_k64_scale0.15,0.012881921014503207,64,0.9288370745977025,completed,,0.010508979107245959,2.8428177906182963,3.397129007654044
,323,0.0061728583939163134,0.75,0.75,1213,8,12,sensor,,0.00821401446285597,exact,16384,confirmation,,ambiguous,0.006738491356372833,0.006738491356372833,5102013,exact,0.009727223696068803,,0.9315210736271652,completed,,0.008864231547939439,2.8479554476604854,3.4011260071399905
4,324,0.008280490912972331,1.0,1.0,1214,8,12,sensor,0.7246580195586843,0.008737439747791146,full,16384,confirmation,,ambiguous,1.59781613945961,1.59781613945961,5102014,full_n16384_k2048_m4,0.010635091722528328,,0.38126498047545243,completed,2048,0.010863142162795075,2.4214857564805383,2.890223678436533
8,325,0.00823727182744612,1.0,1.0,1214,8,12,sensor,0.725255914428713,0.008763786159118492,tail_anchored,16384,confirmation,,ambiguous,2.8407277427613735,2.8407277427613735,5102014,tail_anchored_n16384_k2048_m8,0.01066648245526772,,0.38105075980893804,completed,2048,0.010954142983363049,2.423553598253928,2.8905510803239043
4,326,0.008255220994535477,1.0,1.0,1214,8,12,sensor,0.7259897202728984,0.008717294558500826,tail_fixed,16384,confirmation,,ambiguous,2.1356473192572594,2.1356473192572594,5102014,tail_fixed,0.010645693349146274,,0.3810005429872203,completed,2048,0.010919408068987209,2.4213210049834517,2.891353240594113
4,327,0.008186289376620151,1.0,1.0,1214,8,12,sensor,0.7300056132490447,0.00974708468971199,unbiased,16384,confirmation,,ambiguous,1.6334438621997833,1.6334438621997833,5102014,unbiased,0.011232592677672919,,0.3812865778502704,completed,2048,0.011208004934918796,2.42225087811443,2.8907194749031424
,328,0.004279136321152015,1.0,1.0,1214,8,12,sensor,-15.427742624320791,0.009430951101266604,annealed_smc,16384,confirmation,0.15,ambiguous,0.10447413846850395,0.10447413846850395,5102014,smc_k64_scale0.15,0.011550363024967817,64,0.3727350029243436,completed,,0.01140867492231888,2.4165830631376695,2.891624318999895
,329,0.00375140052764864,1.0,1.0,1214,8,12,sensor,,0.004882738654157549,exact,16384,confirmation,,ambiguous,0.006814796477556229,0.006814796477556229,5102014,exact,0.007804327805274453,,0.37703368066107124,completed,,0.00776436304970064,2.4180305832148408,2.8827126258809903
4,330,0.00901129659720925,0.875,0.875,1215,8,12,sensor,-0.8792718344993604,0.01279124562320395,full,16384,confirmation,,ambiguous,1.598506085574627,1.598506085574627,5102015,full_n16384_k2048_m4,0.014691293917852611,,0.9253199159287608,completed,2048,0.014016370376919118,2.9171267065404445,3.4378445520870033
8,331,0.00935516465455807,0.875,0.875,1215,8,12,sensor,-0.8759990974594007,0.013764048228467371,tail_anchored,16384,confirmation,,ambiguous,2.8539162948727608,2.8539162948727608,5102015,tail_anchored_n16384_k2048_m8,0.015417970371203647,,0.9261719716590917,completed,2048,0.014664849489853589,2.923310411180018,3.446512265632334
4,332,0.008939234467753406,0.875,0.875,1215,8,12,sensor,-0.8646956794737317,0.011724389109110417,tail_fixed,16384,confirmation,,ambiguous,2.2176026850938797,2.2176026850938797,5102015,tail_fixed,0.014045864045883392,,0.924407582549326,completed,2048,0.013556996013793149,2.9223116188188034,3.4488514689396226
4,333,0.009582764238570636,0.875,0.875,1215,8,12,sensor,-0.8649160679263304,0.014514778369279226,unbiased,16384,confirmation,,ambiguous,1.6287547014653683,1.6287547014653683,5102015,unbiased,0.01643051711369636,,0.9264642112562345,completed,2048,0.014865431203676106,2.924247205555531,3.4455592715209753
,334,0.00982528137052865,0.875,0.875,1215,8,12,sensor,-20.98647623972522,0.006766143197889916,annealed_smc,16384,confirmation,0.15,ambiguous,0.10592817142605782,0.10592817142605782,5102015,smc_k64_scale0.15,0.01052163808470848,64,0.9212431614179344,completed,,0.009791648535285287,2.9249064599512113,3.4462913927077468
,335,0.0072224834870790715,0.875,0.875,1215,8,12,sensor,,0.005888626589318947,exact,16384,confirmation,,ambiguous,0.006675712764263153,0.006675712764263153,5102015,exact,0.010015324727984755,,0.9181642773931104,completed,,0.00926887705860588,2.9070294258290783,3.4214044437525164
4,336,0.005788021228373217,1.0,1.0,1216,8,12,sensor,0.17013002197360017,0.0045875913728998805,full,16384,confirmation,,ambiguous,1.6018239594995975,1.6018239594995975,5102016,full_n16384_k2048_m4,0.008973541294255136,,0.4194445204576363,completed,2048,0.01009551181701743,2.6911606115523634,3.1954912262247976
8,337,0.005857447211526825,1.0,1.0,1216,8,12,sensor,0.16998744169137936,0.004623489120556623,tail_anchored,16384,confirmation,,ambiguous,2.862720400094986,2.862720400094986,5102016,tail_anchored_n16384_k2048_m8,0.009000373980078743,,0.4195857477441069,completed,2048,0.010134664945061364,2.690737606576036,3.195457727219744
4,338,0.005929110337090511,1.0,1.0,1216,8,12,sensor,0.1742478459700454,0.00398243035057113,tail_fixed,16384,confirmation,,ambiguous,2.13740361854434,2.13740361854434,5102016,tail_fixed,0.008831426297134272,,0.4201717737754383,completed,2048,0.00963934827885091,2.6921814849735175,3.20113520685321
4,339,0.005850856232339975,1.0,1.0,1216,8,12,sensor,0.17544551946511167,0.004923944752535561,unbiased,16384,confirmation,,ambiguous,1.6307665444910526,1.6307665444910526,5102016,unbiased,0.00907396835712664,,0.41965953416408186,completed,2048,0.010218225230521441,2.6907803132425068,3.192366478022895
,340,0.006584862893880612,1.0,1.0,1216,8,12,sensor,-17.9205733079882,0.007547038239523906,annealed_smc,16384,confirmation,0.15,ambiguous,0.10197308659553528,0.10197308659553528,5102016,smc_k64_scale0.15,0.009242076193494188,64,0.4172303885222385,completed,,0.009717419644394092,2.681139499759061,3.180300984635275
,341,0.004928109687774779,1.0,1.0,1216,8,12,sensor,,0.005214835581844116,exact,16384,confirmation,,ambiguous,0.00676678866147995,0.00676678866147995,5102016,exact,0.007976925395744223,,0.4228158147674018,completed,,0.007768656367239375,2.684552217314029,3.187564412609561
4,342,0.010278845520112094,1.0,1.0,1217,8,12,sensor,-0.33837174747238485,0.011510976417952042,full,16384,confirmation,,ambiguous,1.6205286011099815,1.6205286011099815,5102017,full_n16384_k2048_m4,0.013233481816050472,,0.5935887542606115,completed,2048,0.014031128916853708,3.1420153173450167,3.70416670652299
8,343,0.009737162058007934,1.0,1.0,1217,8,12,sensor,-0.33637012956101753,0.011948740907997826,tail_anchored,16384,confirmation,,ambiguous,2.944025292992592,2.944025292992592,5102017,tail_anchored_n16384_k2048_m8,0.013640008207181302,,0.5938867319765354,completed,2048,0.013845171075928041,3.136244213310851,3.7071908283735406
4,344,0.009564310478253867,1.0,1.0,1217,8,12,sensor,-0.3233467414797824,0.011254039305981258,tail_fixed,16384,confirmation,,ambiguous,2.1265838742256165,2.1265838742256165,5102017,tail_fixed,0.013097267428799879,,0.5946294188232821,completed,2048,0.013619061443235294,3.1367964199314815,3.711396708251203
4,345,0.010274666326066481,1.0,1.0,1217,8,12,sensor,-0.3305956365067235,0.011460662917977977,unbiased,16384,confirmation,,ambiguous,1.6260668709874153,1.6260668709874153,5102017,unbiased,0.013265318639845612,,0.5933047068527051,completed,2048,0.014208532536440319,3.1358450443503845,3.708964972211963
,346,0.008224857450056926,0.875,1.0,1217,8,12,sensor,-21.24147843873053,0.012984075035615241,annealed_smc,16384,confirmation,0.15,ambiguous,0.10202820226550102,0.10202820226550102,5102017,smc_k64_scale0.15,0.015900547500197672,64,0.5818009657016594,completed,,0.01559834426668516,3.127830871464665,3.690177084865539
,347,0.00796359125240826,1.0,1.0,1217,8,12,sensor,,0.006517360088027012,exact,16384,confirmation,,ambiguous,0.006958466023206711,0.006958466023206711,5102017,exact,0.0098241696683824,,0.5893181536797232,completed,,0.010565699770654201,3.1350721902560057,3.698472975810354
4,348,0.009061060734958097,0.875,1.0,1218,8,12,sensor,-0.021309814754974177,0.011989823654982064,full,16384,confirmation,,ambiguous,1.597648561000824,1.597648561000824,5102018,full_n16384_k2048_m4,0.013279471830945591,,0.4042806098018156,completed,2048,0.01402780921693529,2.677120968997712,3.1986655196998477
8,349,0.008255921808150418,0.875,1.0,1218,8,12,sensor,-0.01763319187125756,0.009195839287948595,tail_anchored,16384,confirmation,,ambiguous,2.9064669460058212,2.9064669460058212,5102018,tail_anchored_n16384_k2048_m8,0.012077281771901927,,0.4068897961068638,completed,2048,0.012213729376203145,2.659795007689556,3.180857724126437
4,350,0.008664993295810068,0.875,1.0,1218,8,12,sensor,-0.008081607088727516,0.012382233356635667,tail_fixed,16384,confirmation,,ambiguous,2.199262175709009,2.199262175709009,5102018,tail_fixed,0.013536808173714217,,0.4055431633875538,completed,2048,0.014980868050267507,2.6732131116251496,3.1919434405159546
4,351,0.00940410336302062,0.875,1.0,1218,8,12,sensor,-0.004308832222895909,0.009894825430815702,unbiased,16384,confirmation,,ambiguous,1.629764799028635,1.629764799028635,5102018,unbiased,0.01287410504240287,,0.4067804809543034,completed,2048,0.011875814837174828,2.668025142562592,3.1971560909515495
,352,0.004428742251618245,0.875,1.0,1218,8,12,sensor,-21.02436605447611,0.010463620188993869,annealed_smc,16384,confirmation,0.15,ambiguous,0.10182787477970123,0.10182787477970123,5102018,smc_k64_scale0.15,0.01162708654339311,64,0.4143865650521848,completed,,0.012549724345566088,2.669927887952821,3.199516228891823
,353,0.005470773362336305,0.875,1.0,1218,8,12,sensor,,0.0034430822166866735,exact,16384,confirmation,,ambiguous,0.006671831011772156,0.006671831011772156,5102018,exact,0.007726925106476031,,0.4117259700251598,completed,,0.007162775033122804,2.6713293055538805,3.2016732033883324
4,354,0.00802716786516552,0.875,0.875,1219,8,12,sensor,-0.3959996160230359,0.008040958252409037,full,16384,confirmation,,ambiguous,1.5953761041164398,1.5953761041164398,5102019,full_n16384_k2048_m4,0.012016017161744583,,0.7434042452047035,completed,2048,0.011691976090296066,2.8918604828091237,3.4213295431842212
8,355,0.007571330783244038,0.875,0.875,1219,8,12,sensor,-0.39183718236799603,0.008340156850303086,tail_anchored,16384,confirmation,,ambiguous,2.8464899584650993,2.8464899584650993,5102019,tail_anchored_n16384_k2048_m8,0.011966929773711912,,0.7430132973485297,completed,2048,0.01172733431595617,2.8928975488907915,3.42277191888443
4,356,0.008360440891316614,0.875,0.875,1219,8,12,sensor,-0.37975242621669736,0.007857977999495265,tail_fixed,16384,confirmation,,ambiguous,2.1298571452498436,2.1298571452498436,5102019,tail_fixed,0.01209168324829209,,0.7435254083179219,completed,2048,0.012173832467215498,2.8976459177765217,3.426413469104036
4,357,0.008311244818788978,0.875,0.875,1219,8,12,sensor,-0.38906454201799345,0.008290857523523014,unbiased,16384,confirmation,,ambiguous,1.6332965642213821,1.6332965642213821,5102019,unbiased,0.012340863849981685,,0.7428969025540303,completed,2048,0.012005874086053981,2.901897708640187,3.4275215689976193
,358,0.005559800201817092,0.875,0.875,1219,8,12,sensor,-20.555934858977654,0.010811170717505241,annealed_smc,16384,confirmation,0.15,ambiguous,0.10304820537567139,0.10304820537567139,5102019,smc_k64_scale0.15,0.012883667168570288,64,0.746603319770606,completed,,0.012181139617981881,2.8723925181239602,3.415047845080982
,359,0.007578517378343759,0.875,0.875,1219,8,12,sensor,,0.007945740204768442,exact,16384,confirmation,,ambiguous,0.006658528000116348,0.006658528000116348,5102019,exact,0.010256677563495095,,0.7388788695567768,completed,,0.010258758003782995,2.8759629463527907,3.41331669376579
4,360,0.005866057587823432,1.0,1.0,1200,8,12,sensor,1.3822533000918593,0.006438729422766754,full,16384,confirmation,,regular,1.6050237081944942,1.6050237081944942,5102000,full_n16384_k2048_m4,0.009421072003009814,,0.17576335697924086,completed,2048,0.0088506955646744,1.7178694243876786,2.1049110427055124
8,361,0.009000356001520639,1.0,1.0,1200,8,12,sensor,1.4231859724121483,0.010004379299606363,tail_anchored,16384,confirmation,,regular,2.9816240407526493,2.9816240407526493,5102000,tail_anchored_n16384_k2048_m8,0.010617956166044195,,0.17879582747265615,completed,2048,0.010928592968273997,1.7556747979446548,2.253475311748205
4,362,0.15556981465388006,0.875,1.0,1200,8,12,sensor,1.711392173207651,0.19112424104252268,tail_fixed,16384,confirmation,,regular,2.19576870277524,2.19576870277524,5102000,tail_fixed,0.164761917489062,,0.22431561679436499,completed,2048,0.14917775320000312,2.234537492716076,2.6349608923586
4,363,0.006753397508448451,1.0,1.0,1200,8,12,sensor,1.476454359478053,0.003290613081096556,unbiased,16384,confirmation,,regular,1.627695631235838,1.627695631235838,5102000,unbiased,0.008233281351004144,,0.17752945953114724,completed,2048,0.008055724873858281,1.7200482427351522,2.0897050488827347
,364,0.0030282656759697633,1.0,1.0,1200,8,12,sensor,-13.612093204420953,0.00426621051449406,annealed_smc,16384,confirmation,0.15,regular,0.10179243609309196,0.10179243609309196,5102000,smc_k64_scale0.15,0.0057814381209781735,64,0.17986378246400372,completed,,0.0061402898106684735,1.728917303534209,2.1239668217374694
,365,0.002600148280265382,1.0,1.0,1200,8,12,sensor,,0.004518059021390044,exact,16384,confirmation,,regular,0.006379183381795883,0.006379183381795883,5102000,exact,0.006587138170029483,,0.1789171162048838,completed,,0.00694098298240018,1.7350358897433078,2.1143569919899363
4,366,0.02657720846453152,1.0,1.0,1201,8,12,sensor,-0.5191830419545758,0.026078532734393856,full,16384,confirmation,,regular,1.5973583683371544,1.5973583683371544,5102001,full_n16384_k2048_m4,0.02594368576214345,,0.13597095671898785,completed,2048,0.028592254743807125,2.6048029139070468,3.0018230604916916
8,367,0.06774647733634495,1.0,1.0,1201,8,12,sensor,-0.3494769686385375,0.07443779909934187,tail_anchored,16384,confirmation,,regular,2.8540628850460052,2.8540628850460052,5102001,tail_anchored_n16384_k2048_m8,0.06035081881621726,,0.16991875005461332,completed,2048,0.06965042339899255,2.6381258411530175,3.0372305903369634
4,368,0.13808118996225616,1.0,1.0,1201,8,12,sensor,0.32676441593176175,0.1498050350033777,tail_fixed,16384,confirmation,,regular,2.146718841046095,2.146718841046095,5102001,tail_fixed,0.11315458582768981,,0.21532696437493326,completed,2048,0.1340261744957677,2.6623109684069215,3.0498218386752054
4,369,0.015083023527480408,1.0,1.0,1201,8,12,sensor,-0.3514377167063554,0.023457068614776137,unbiased,16384,confirmation,,regular,1.6328126452863216,1.6328126452863216,5102001,unbiased,0.02902910408144752,,0.1269209468602362,completed,2048,0.024792404153719253,2.5602352652275906,2.9689081705162716
,370,0.004835345152538236,1.0,1.0,1201,8,12,sensor,-16.410098096697013,0.004204482646064155,annealed_smc,16384,confirmation,0.15,regular,0.1015864834189415,0.1015864834189415,5102001,smc_k64_scale0.15,0.007863006002129856,64,0.1311583681312414,completed,,0.007877349060423639,2.558308159144541,2.9675671998897823
,371,0.00621669052568108,1.0,1.0,1201,8,12,sensor,,0.004921955154596161,exact,16384,confirmation,,regular,0.006710164248943329,0.006710164248943329,5102001,exact,0.00680962036811761,,0.12905919053125198,completed,,0.006737748190171032,2.564876721022558,2.9648886604112024
4,372,0.008292016598288822,0.625,1.0,1202,8,12,sensor,0.47819334739381336,0.020041215619747695,full,16384,confirmation,,regular,1.6818559058010578,1.6818559058010578,5102002,full_n16384_k2048_m4,0.022099195553858884,,0.44893187413798097,completed,2048,0.021142466528180647,1.835021811444006,2.2183361038320566
8,373,0.017264725079058272,0.75,1.0,1202,8,12,sensor,0.5602015276499523,0.057043025572715386,tail_anchored,16384,confirmation,,regular,2.841585699468851,2.841585699468851,5102002,tail_anchored_n16384_k2048_m8,0.05049804245930003,,0.4871261003687339,completed,2048,0.048034185215406144,1.8733200604659033,2.2720159464394207
4,374,0.02674352428155292,0.75,1.0,1202,8,12,sensor,0.5485689397391225,0.03847063834723864,tail_fixed,16384,confirmation,,regular,2.1828357577323914,2.1828357577323914,5102002,tail_fixed,0.03615450499078525,,0.4820937956463841,completed,2048,0.03554809601298995,1.9365399606791385,2.3375609552964125
4,375,0.009951164234845511,0.875,1.0,1202,8,12,sensor,0.6408965590131768,0.013491585459014301,unbiased,16384,confirmation,,regular,1.7189997024834156,1.7189997024834156,5102002,unbiased,0.01804964137629228,,0.45025123640232984,completed,2048,0.01719211234725327,1.8734540683722674,2.2767446077143023
,376,0.003025301998094186,0.75,1.0,1202,8,12,sensor,-13.533189142247947,0.005823867497115834,annealed_smc,16384,confirmation,0.15,regular,0.10173413157463074,0.10173413157463074,5102002,smc_k64_scale0.15,0.005500886692463422,64,0.44091596558153656,completed,,0.006575733461336003,1.8329857052504623,2.23575147215492
,377,0.003266354437159544,0.75,1.0,1202,8,12,sensor,,0.0032424359748155092,exact,16384,confirmation,,regular,0.00661671906709671,0.00661671906709671,5102002,exact,0.005449327033158374,,0.4417594751151896,completed,,0.0058090936524509956,1.8402132036224097,2.2372327937850573
4,378,0.013877777188818295,0.5,0.875,1203,8,12,sensor,0.6730607048966446,0.012658287207642354,full,16384,confirmation,,regular,1.5979709699749947,1.5979709699749947,5102003,full_n16384_k2048_m4,0.01895831010368208,,2.350472924789315,completed,2048,0.016252251159697337,2.4540416516327728,2.957660355574532
8,379,0.1047194048298786,0.875,0.875,1203,8,12,sensor,0.7489290897513392,0.10533761637527951,tail_anchored,16384,confirmation,,regular,2.8444192446768284,2.8444192446768284,5102003,tail_anchored_n16384_k2048_m8,0.10457854877558723,,2.072326122075536,completed,2048,0.09637663624124561,2.6934239127568045,3.1246735166270514
4,380,0.33502286418813154,0.875,0.875,1203,8,12,sensor,1.497395064418968,0.5494913332186122,tail_fixed,16384,confirmation,,regular,2.1329716444015503,2.1329716444015503,5102003,tail_fixed,0.5549432604969273,,1.0888787999899727,completed,2048,0.5015193438234493,2.869836737721309,3.248845250911423
4,381,0.01422430854184321,0.625,0.875,1203,8,12,sensor,0.7550306737532821,0.014841447171446743,unbiased,16384,confirmation,,regular,1.6380898021161556,1.6380898021161556,5102003,unbiased,0.019483582978636765,,2.348886088445634,completed,2048,0.0180002671457139,2.470787745298656,2.953615519641787
,382,0.004442343221056132,0.625,0.875,1203,8,12,sensor,-15.633363478968018,0.004839450177138413,annealed_smc,16384,confirmation,0.15,regular,0.10180719569325447,0.10180719569325447,5102003,smc_k64_scale0.15,0.00765147150381801,64,2.35923788290406,completed,,0.007564307497706822,2.490767615671987,2.9801185091740576
,383,0.006754452159699945,0.5,0.875,1203,8,12,sensor,,0.009229603675106715,exact,16384,confirmation,,regular,0.006712187081575394,0.006712187081575394,5102003,exact,0.012830822688730217,,2.3828762205366445,completed,,0.011500576014454558,2.468851589977259,2.97064104306005
4,384,0.015099962097959267,1.0,1.0,1204,8,12,sensor,0.6056639765066008,0.02536484350280977,full,16384,confirmation,,regular,1.5967716500163078,1.5967716500163078,5102004,full_n16384_k2048_m4,0.021207477137211474,,0.5606530580802259,completed,2048,0.02551123481915011,2.27933173235609,2.678840754043942
8,385,0.010335142303843288,1.0,1.0,1204,8,12,sensor,0.7133714169987826,0.024886476759700696,tail_anchored,16384,confirmation,,regular,2.840244945138693,2.840244945138693,5102004,tail_anchored_n16384_k2048_m8,0.01956224303989557,,0.5580237881222739,completed,2048,0.02353331286406441,2.281968198475936,2.6794331124062687
4,386,0.037120037540925396,1.0,1.0,1204,8,12,sensor,0.8988944914028769,0.045011102006949556,tail_fixed,16384,confirmation,,regular,2.198930162936449,2.198930162936449,5102004,tail_fixed,0.03658383517923196,,0.5874305496945282,completed,2048,0.043382423676304016,2.332101196829732,2.724513477462982
4,387,0.025329602624101305,1.0,1.0,1204,8,12,sensor,0.7126878376970538,0.034433183256226275,unbiased,16384,confirmation,,regular,1.6300984919071198,1.6300984919071198,5102004,unbiased,0.02815748797495895,,0.5449423810918921,completed,2048,0.035129110064442595,2.301623721101371,2.695944158852023
,388,0.0030586551323442384,1.0,1.0,1204,8,12,sensor,-13.51525206160852,0.0026208805848962928,annealed_smc,16384,confirmation,0.15,regular,0.10218405351042747,0.10218405351042747,5102004,smc_k64_scale0.15,0.006778018860754982,64,0.579637881972497,completed,,0.006489904011249985,2.301737646219949,2.699498423077454
,389,0.0032702417551902117,1.0,1.0,1204,8,12,sensor,,0.002978968811158903,exact,16384,confirmation,,regular,0.0066488273441791534,0.0066488273441791534,5102004,exact,0.006412225551748907,,0.5757674908266495,completed,,0.006989759846670204,2.2974889694674623,2.690073022013543
4,390,0.013629981906118822,0.75,1.0,1205,8,12,sensor,0.2060956666595528,0.012927225359673005,full,16384,confirmation,,regular,1.6327347196638584,1.6327347196638584,5102005,full_n16384_k2048_m4,0.014894843119779198,,0.38016799778419375,completed,2048,0.017719730841467485,2.4263929554906922,2.7988927378050614
8,391,0.014653906645945607,0.75,1.0,1205,8,12,sensor,0.283722039624994,0.027166227393186096,tail_anchored,16384,confirmation,,regular,2.855199620127678,2.855199620127678,5102005,tail_anchored_n16384_k2048_m8,0.02742367995473946,,0.38470812465233706,completed,2048,0.026503249210969648,2.4067014356420686,2.798351107500389
4,392,0.02234761339422813,0.75,1.0,1205,8,12,sensor,0.6003391758365,0.09076353064702475,tail_fixed,16384,confirmation,,regular,2.127358812838793,2.127358812838793,5102005,tail_fixed,0.08749564957257017,,0.419897511275993,completed,2048,0.07439240609926617,2.4368080569012864,2.830122334692052
4,393,0.04204300671613873,0.75,1.0,1205,8,12,sensor,0.33581249020930404,0.04858187880133383,unbiased,16384,confirmation,,regular,1.6266090981662273,1.6266090981662273,5102005,unbiased,0.04830617095770192,,0.39077343445080415,completed,2048,0.04082657578725227,2.4402693688405854,2.8205863957612696
,394,0.005981993651598512,0.75,1.0,1205,8,12,sensor,-14.888840457787104,0.006490246718648369,annealed_smc,16384,confirmation,0.15,regular,0.10484533756971359,0.10484533756971359,5102005,smc_k64_scale0.15,0.009305724447764275,64,0.3729776726296511,completed,,0.008851661893571599,2.422750062932531,2.822285718434409
,395,0.00660712419798401,0.75,1.0,1205,8,12,sensor,,0.003016623048902008,exact,16384,confirmation,,regular,0.006871912628412247,0.006871912628412247,5102005,exact,0.006517724140916197,,0.37443250315722454,completed,,0.006428388700678085,2.4153202088274552,2.810320823616168
4,396,0.004091012185719807,0.75,0.75,1206,8,12,sensor,1.3953939112704443,0.006765742844142594,full,16384,confirmation,,regular,1.593028511852026,1.593028511852026,5102006,full_n16384_k2048_m4,0.008179481390117881,,1.0262572280939781,completed,2048,0.00784260659435801,2.0472808264931937,2.3974216594198383
8,397,0.008901723232829893,0.75,0.75,1206,8,12,sensor,1.4392808305490226,0.010841339202496324,tail_anchored,16384,confirmation,,regular,2.8709136322140694,2.8709136322140694,5102006,tail_anchored_n16384_k2048_m8,0.012403434592613408,,1.0213370006590843,completed,2048,0.012392341158428218,2.0713578614328814,2.427082714569679
4,398,0.014413166592301446,0.75,0.75,1206,8,12,sensor,1.474593152585852,0.014688819101121691,tail_fixed,16384,confirmation,,regular,2.1302312910556793,2.1302312910556793,5102006,tail_fixed,0.014805676131534325,,1.0247730864149414,completed,2048,0.01644980275282979,2.100135069944097,2.457572498280161
4,399,0.006651869062791014,0.75,0.75,1206,8,12,sensor,1.4745647600610345,0.008865312387127297,unbiased,16384,confirmation,,regular,1.7030254118144512,1.7030254118144512,5102006,unbiased,0.011534916966854393,,1.0287515503792026,completed,2048,0.011350605179645883,2.0654057789303213,2.4017775247367448
,400,0.002735176158736573,0.75,0.75,1206,8,12,sensor,-11.928194602695678,0.009477917310523392,annealed_smc,16384,confirmation,0.15,regular,0.10152528807520866,0.10152528807520866,5102006,smc_k64_scale0.15,0.009453076929422813,64,1.0251907991738547,completed,,0.010125090711036015,2.055473891057958,2.405262392080373
,401,0.0026946307162797668,0.75,0.75,1206,8,12,sensor,,0.004365923555309498,exact,16384,confirmation,,regular,0.0067250169813632965,0.0067250169813632965,5102006,exact,0.006032593064874401,,1.0302086308317393,completed,,0.006154388568236704,2.0528030090907485,2.3943765163357096
4,402,0.0051880776655195745,1.0,1.0,1207,8,12,sensor,0.9699774347664016,0.013774757869002617,full,16384,confirmation,,regular,1.5974469222128391,1.5974469222128391,5102007,full_n16384_k2048_m4,0.016386043151926932,,0.24238823855526137,completed,2048,0.01490567953078559,2.0397302039341207,2.4799034417769086
8,403,0.03359144852031108,1.0,1.0,1207,8,12,sensor,1.537029978586232,0.045879299590111576,tail_anchored,16384,confirmation,,regular,2.8544343933463097,2.8544343933463097,5102007,tail_anchored_n16384_k2048_m8,0.03665882088881609,,0.2343176437572861,completed,2048,0.04276238600067441,1.8850977334796746,2.368585594542554
4,404,0.013424660268210403,1.0,1.0,1207,8,12,sensor,2.1225341407086393,0.031120126030340017,tail_fixed,16384,confirmation,,regular,2.1375400237739086,2.1375400237739086,5102007,tail_fixed,0.03060696957196133,,0.2367921353649055,completed,2048,0.031350826913435915,2.0535416103344795,2.523551293894641
4,405,0.01983327152529535,1.0,1.0,1207,8,12,sensor,1.1024413140532188,0.019475319943190558,unbiased,16384,confirmation,,regular,1.6336525529623032,1.6336525529623032,5102007,unbiased,0.027061018171647185,,0.2440521354450665,completed,2048,0.03052218932404621,2.0797657238310956,2.5439517092671777
,406,0.0034363650510921186,1.0,1.0,1207,8,12,sensor,-14.79667416587962,0.006261052318851069,annealed_smc,16384,confirmation,0.15,regular,0.10187603533267975,0.10187603533267975,5102007,smc_k64_scale0.15,0.00887943045494003,64,0.22757556781545152,completed,,0.008284973265639484,2.0267793909345033,2.472657501263347
,407,0.0029074596873509026,1.0,1.0,1207,8,12,sensor,,0.006383124533868823,exact,16384,confirmation,,regular,0.006293699145317078,0.006293699145317078,5102007,exact,0.007187948206187094,,0.22745920422942992,completed,,0.0071321592808262484,2.0189261588070013,2.472108135760025
4,408,0.0068473180980755995,1.0,1.0,1208,8,12,sensor,1.7127533837369882,0.011255793680859714,full,16384,confirmation,,regular,1.5930164158344269,1.5930164158344269,5102008,full_n16384_k2048_m4,0.011890824293077622,,0.05977357886073726,completed,2048,0.0131685671515188,1.6490771291965207,1.9726520912606729
8,409,0.01028872825339481,1.0,1.0,1208,8,12,sensor,1.7512193574202533,0.008796340664836063,tail_anchored,16384,confirmation,,regular,2.8654231801629066,2.8654231801629066,5102008,tail_anchored_n16384_k2048_m8,0.012123303212838171,,0.06319802236862303,completed,2048,0.0124136772139469,1.6611853555242284,1.9841534628747337
4,410,0.7146315883771175,1.0,1.0,1208,8,12,sensor,2.744129642463653,0.8493579153681952,tail_fixed,16384,confirmation,,regular,2.134296290576458,2.134296290576458,5102008,tail_fixed,0.6804928393644776,,1.0914124901430005,completed,2048,0.7405167135444204,2.8492015424286237,3.186543437027199
4,411,0.016725510207739346,1.0,1.0,1208,8,12,sensor,1.8689012112552117,0.022652121338211772,unbiased,16384,confirmation,,regular,1.6368039287626743,1.6368039287626743,5102008,unbiased,0.02465941140711609,,0.06019286858975104,completed,2048,0.026834607386333625,1.6807408228906167,1.999046095831099
,412,0.002332557807000081,1.0,1.0,1208,8,12,sensor,-16.268089282657286,0.004282853462584598,annealed_smc,16384,confirmation,0.15,regular,0.1034524105489254,0.1034524105489254,5102008,smc_k64_scale0.15,0.005949385289020155,64,0.06099484480594217,completed,,0.0062479432579759615,1.6371133182286588,1.9409620352859194
,413,0.0020034056251725866,1.0,1.0,1208,8,12,sensor,,0.004343543339903074,exact,16384,confirmation,,regular,0.006259031593799591,0.006259031593799591,5102008,exact,0.005789522955218838,,0.06403945525579204,completed,,0.006092152778279335,1.6443498988696486,1.9540180187219658
4,414,0.0059032025299954076,0.875,0.875,1209,8,12,sensor,1.8145171218267393,0.012081378439794425,full,16384,confirmation,,regular,1.5932385325431824,1.5932385325431824,5102009,full_n16384_k2048_m4,0.01303354237080437,,0.20677024521754467,completed,2048,0.013021771140104024,1.4782598879869933,1.7710191295235416
8,415,0.7700423396999353,0.875,0.875,1209,8,12,sensor,2.0020944759257535,0.3162403474861251,tail_anchored,16384,confirmation,,regular,2.9137469679117203,2.9137469679117203,5102009,tail_anchored_n16384_k2048_m8,0.22920279913815425,,0.4053103194383587,completed,2048,0.26553963526115354,3.202665076521627,3.5530737435429423
4,416,0.25432261421248553,0.375,0.375,1209,8,12,sensor,21.64037935466371,2.663763166118775,tail_fixed,16384,confirmation,,regular,2.207832757383585,2.207832757383585,5102009,tail_fixed,1.905167132612985,,8.097184799973222,completed,2048,2.2693798641895375,2.1565214901777123,2.4426126481216537
4,417,0.009471987636432437,0.875,0.875,1209,8,12,sensor,2.0445254067437153,0.024216660712911797,unbiased,16384,confirmation,,regular,1.6345001384615898,1.6345001384615898,5102009,unbiased,0.025809842590017194,,0.1987774674693702,completed,2048,0.021344242806524562,1.5281927598528258,1.8190830334082186
,418,0.002630306924497688,0.875,0.875,1209,8,12,sensor,-21.051530774501515,0.005607678842393131,annealed_smc,16384,confirmation,0.15,regular,0.10050934925675392,0.10050934925675392,5102009,smc_k64_scale0.15,0.0072878146659378015,64,0.2055503708829736,completed,,0.0057904983748702,1.487000069552689,1.775982405367115
,419,0.0022081287559055085,0.875,0.875,1209,8,12,sensor,,0.0020446665534423866,exact,16384,confirmation,,regular,0.006147198379039764,0.006147198379039764,5102009,exact,0.004874650089914737,,0.20804451893883472,completed,,0.00471651077736535,1.4948811694310606,1.7942342012517822
4,420,0.00616010838276199,0.75,0.875,1210,8,12,sensor,2.2642281456089437,0.013138534200192247,full,16384,confirmation,,regular,1.6193714551627636,1.6193714551627636,5102010,full_n16384_k2048_m4,0.015629648839678156,,0.48448386117868264,completed,2048,0.015283857238433653,1.9261202671335786,2.305548048127641
8,421,0.01214695144688053,0.75,0.875,1210,8,12,sensor,2.295589991005004,0.017306899521968896,tail_anchored,16384,confirmation,,regular,2.936747632920742,2.936747632920742,5102010,tail_anchored_n16384_k2048_m8,0.019433662877312474,,0.47971766882000116,completed,2048,0.01769221600178881,1.9334132665749946,2.3259256980785894
4,422,0.020475417272342623,0.75,1.0,1210,8,12,sensor,2.412074627966372,0.035531142657220356,tail_fixed,16384,confirmation,,regular,2.1323556303977966,2.1323556303977966,5102010,tail_fixed,0.03496518915530074,,0.4836104701511885,completed,2048,0.031891073991083846,1.9570529364507379,2.335059010530343
4,423,0.0092844763589767,0.75,0.875,1210,8,12,sensor,2.3398061734469886,0.01660929462746313,unbiased,16384,confirmation,,regular,1.632718212902546,1.632718212902546,5102010,unbiased,0.015764770400226474,,0.4887705369819144,completed,2048,0.01662710193157732,1.9176794051876058,2.29805120954474
,424,0.0020209254437470923,0.75,0.875,1210,8,12,sensor,-11.154468861798327,0.004278379825091659,annealed_smc,16384,confirmation,0.15,regular,0.10316206887364388,0.10316206887364388,5102010,smc_k64_scale0.15,0.007153110799608468,64,0.4762827378365886,completed,,0.007546279347592114,1.9223414426961054,2.303486840170031
,425,0.0026868749377192435,0.75,0.875,1210,8,12,sensor,,0.007252583706435878,exact,16384,confirmation,,regular,0.006612833589315414,0.006612833589315414,5102010,exact,0.00992256907376667,,0.48014087506726105,completed,,0.009352994013156994,1.9233119507202658,2.301807960643648
4,426,0.013524276593347193,0.875,0.875,1211,8,12,sensor,-0.4718726990400173,0.020505011837519748,full,16384,confirmation,,regular,1.5906323082745075,1.5906323082745075,5102011,full_n16384_k2048_m4,0.017987792596577602,,0.6852821310533337,completed,2048,0.02137471128826545,2.7212619782871297,3.1608963364953793
8,427,0.022357009893533904,0.875,0.875,1211,8,12,sensor,-0.27523272120059783,0.05611051232145918,tail_anchored,16384,confirmation,,regular,2.85676746070385,2.85676746070385,5102011,tail_anchored_n16384_k2048_m8,0.052194627780186284,,0.7064916200785447,completed,2048,0.05154993362889165,2.7685051871045965,3.2231957319521145
4,428,0.06310432785029171,0.875,1.0,1211,8,12,sensor,0.7007662764108602,0.1432164731539927,tail_fixed,16384,confirmation,,regular,2.1275707706809044,2.1275707706809044,5102011,tail_fixed,0.13772056395952095,,0.6017360602743046,completed,2048,0.1340766607847333,2.826498395879835,3.2895440057464143
4,429,0.025314599252601554,0.875,0.875,1211,8,12,sensor,-0.34393826195471267,0.029185265277479434,unbiased,16384,confirmation,,regular,1.6318253390491009,1.6318253390491009,5102011,unbiased,0.029823777183234625,,0.6946940845310615,completed,2048,0.031440179709407365,2.739863532523186,3.2071557650630313
,430,0.005830730110356821,0.875,0.875,1211,8,12,sensor,-16.614539228188498,0.007537376667123278,annealed_smc,16384,confirmation,0.15,regular,0.10374929755926132,0.10374929755926132,5102011,smc_k64_scale0.15,0.007451808286443377,64,0.6663084637409141,completed,,0.0076216178751143185,2.723248351226321,3.182620273838084
,431,0.004888732905863162,0.875,0.875,1211,8,12,sensor,,0.009243050442722384,exact,16384,confirmation,,regular,0.0066163502633571625,0.0066163502633571625,5102011,exact,0.007994170012908686,,0.6699660229733315,completed,,0.007893499235276486,2.7236586729389107,3.1964548387588563
4,432,0.01763589286265944,0.875,1.0,1212,8,12,sensor,6.175309896630667,0.1255255645780898,full,16384,confirmation,,regular,1.5975561030209064,1.5975561030209064,5102012,full_n16384_k2048_m4,0.11615048610701911,,0.12150568694923232,completed,2048,0.11550471587203705,1.1773203443981282,1.408572462273884
8,433,0.08531224838157293,1.0,1.0,1212,8,12,sensor,5.195635702557509,0.04377390172238202,tail_anchored,16384,confirmation,,regular,2.8575656972825527,2.8575656972825527,5102012,tail_anchored_n16384_k2048_m8,0.04810512758664377,,0.06316977576936636,completed,2048,0.04633462339001846,1.2952931166660826,1.5878253873174237
4,434,0.03723857413808605,0.25,0.25,1212,8,12,sensor,24.23244418737901,2.446390686721558,tail_fixed,16384,confirmation,,regular,2.1416889540851116,2.1416889540851116,5102012,tail_fixed,1.6946671607066155,,6.172466472423279,completed,2048,1.9998323243900404,1.0361100561283134,1.236498917317301
4,435,0.013422502059428387,1.0,1.0,1212,8,12,sensor,5.9099743153350595,0.09955592694196824,unbiased,16384,confirmation,,regular,1.6375390999019146,1.6375390999019146,5102012,unbiased,0.08961776071266014,,0.07304818274162882,completed,2048,0.07369381514021339,1.2281893736075562,1.4671512315511728
,436,0.0014471077895249612,1.0,1.0,1212,8,12,sensor,-19.19182485446767,0.0039478141104873415,annealed_smc,16384,confirmation,0.15,regular,0.09945546835660934,0.09945546835660934,5102012,smc_k64_scale0.15,0.005092498286999911,64,0.055539669665787356,completed,,0.005056153346200628,1.2643318959331467,1.507865631065155
,437,0.0014814785544200165,1.0,1.0,1212,8,12,sensor,,0.003295436051548944,exact,16384,confirmation,,regular,0.005861569195985794,0.005861569195985794,5102012,exact,0.005229968513570095,,0.056368234354063504,completed,,0.0052770208255246975,1.263489417712742,1.5066550052446215
4,438,0.042999311638029135,1.0,1.0,1213,8,12,sensor,1.7836693937325974,0.030458175953561227,full,16384,confirmation,,regular,1.6727809086441994,1.6727809086441994,5102013,full_n16384_k2048_m4,0.028271709030678584,,0.125855481431013,completed,2048,0.029510216818229604,1.8142186095288095,2.3372232808081628
8,439,0.05670005463707261,1.0,1.0,1213,8,12,sensor,1.8153087742574945,0.03736565341327422,tail_anchored,16384,confirmation,,regular,2.8456135876476765,2.8456135876476765,5102013,tail_anchored_n16384_k2048_m8,0.03675731620378417,,0.13186368585675423,completed,2048,0.04156434010956176,1.9106736448031916,2.4212087710863033
4,440,0.24922777273300892,1.0,1.0,1213,8,12,sensor,2.1149045635039982,0.31057299303142544,tail_fixed,16384,confirmation,,regular,2.131645143032074,2.131645143032074,5102013,tail_fixed,0.22838819933184532,,0.19108440649883704,completed,2048,0.2718478263047875,2.4199923538700916,2.801220843769231
4,441,0.03167460343699957,1.0,1.0,1213,8,12,sensor,1.8665675703519344,0.023127639808435664,unbiased,16384,confirmation,,regular,1.6927001252770424,1.6927001252770424,5102013,unbiased,0.025727206669993615,,0.12589591041358839,completed,2048,0.027389452444302347,1.7889217284731456,2.302589964744897
,442,0.003627228680948873,1.0,1.0,1213,8,12,sensor,-13.527861078291252,0.0038622130967791274,annealed_smc,16384,confirmation,0.15,regular,0.10326002165675163,0.10326002165675163,5102013,smc_k64_scale0.15,0.005669237137568514,64,0.13245018712871603,completed,,0.0059724841569157505,1.670710942402728,2.091090373281562
,443,0.0025758182982864425,1.0,1.0,1213,8,12,sensor,,0.0032647281649890282,exact,16384,confirmation,,regular,0.006370231509208679,0.006370231509208679,5102013,exact,0.005402462142704,,0.13221196758455386,completed,,0.005748394855174293,1.672448313327891,2.110531176961576
4,444,0.01636813194894804,0.625,0.75,1214,8,12,sensor,2.1875030027349016,0.020033944809644724,full,16384,confirmation,,regular,1.5874927304685116,1.5874927304685116,5102014,full_n16384_k2048_m4,0.023811896124146137,,1.8895284761805105,completed,2048,0.022424598614087438,1.9469127573342409,2.486901371867483
8,445,0.15309816593794842,0.875,1.0,1214,8,12,sensor,2.2525210087923995,0.14122791619796804,tail_anchored,16384,confirmation,,regular,2.8417163640260696,2.8417163640260696,5102014,tail_anchored_n16384_k2048_m8,0.12847071056469664,,1.5527564390754653,completed,2048,0.11270597633371246,2.3861063617861005,2.8293141616971056
4,446,0.40172394805718736,1.0,1.0,1214,8,12,sensor,3.7944362812891637,0.4755834167880715,tail_fixed,16384,confirmation,,regular,2.3521898947656155,2.3521898947656155,5102014,tail_fixed,0.4372481128744351,,0.8633582353361422,completed,2048,0.3849986773290258,2.824609102394386,3.2568533964391255
4,447,0.01767583504022187,0.625,0.625,1214,8,12,sensor,2.2713869541410787,0.020954291708301303,unbiased,16384,confirmation,,regular,1.6362931802868843,1.6362931802868843,5102014,unbiased,0.023874721432162436,,1.9118327819872496,completed,2048,0.025672742425735647,1.9003692460687163,2.3950427279928626
,448,0.00343787050117384,0.625,0.625,1214,8,12,sensor,-14.990688676711091,0.006555836401752449,annealed_smc,16384,confirmation,0.15,regular,0.10427671670913696,0.10427671670913696,5102014,smc_k64_scale0.15,0.006471494257612112,64,1.9059415927982486,completed,,0.006267158588139134,1.9499031446683057,2.4767581017945646
,449,0.005171401213111535,0.625,0.625,1214,8,12,sensor,,0.00514238623447787,exact,16384,confirmation,,regular,0.006395556032657623,0.006395556032657623,5102014,exact,0.0075773479767919216,,1.8953033759873126,completed,,0.007314144261269742,1.9554227590120496,2.5026449400183584
4,450,0.01720332152435587,1.0,1.0,1215,8,12,sensor,2.0703563259423445,0.029903097070180695,full,16384,confirmation,,regular,1.5962230078876019,1.5962230078876019,5102015,full_n16384_k2048_m4,0.04172814181622099,,0.12281581490556495,completed,2048,0.037540243126307896,1.4424586011363112,1.7521278410293037
8,451,0.029167163966395716,1.0,1.0,1215,8,12,sensor,2.5966237549220104,0.0684304315674564,tail_anchored,16384,confirmation,,regular,2.8617966435849667,2.8617966435849667,5102015,tail_anchored_n16384_k2048_m8,0.0755772851376676,,0.10850638746964904,completed,2048,0.0714823363852578,1.395113600148977,1.6931952894874116
4,452,0.891282359193674,0.75,0.875,1215,8,12,sensor,8.677929340115805,1.6126821602549883,tail_fixed,16384,confirmation,,regular,2.129475098103285,2.129475098103285,5102015,tail_fixed,1.4677646212940725,,2.673832303081813,completed,2048,1.4003174328935128,3.051992470675894,3.392121218463305
4,453,0.010230929061640213,1.0,1.0,1215,8,12,sensor,1.9323295485121719,0.023726527770085853,unbiased,16384,confirmation,,regular,1.7164113409817219,1.7164113409817219,5102015,unbiased,0.027198882760981556,,0.12644932950961374,completed,2048,0.024355660605478634,1.5304836187591158,1.8361615189478613
,454,0.002157701843278609,1.0,1.0,1215,8,12,sensor,-20.97357914334804,0.0029015703504767444,annealed_smc,16384,confirmation,0.15,regular,0.10048921778798103,0.10048921778798103,5102015,smc_k64_scale0.15,0.004762533965153033,64,0.11951997111612646,completed,,0.0047721281619352235,1.532576749695032,1.844194750281356
,455,0.0026347973791490753,1.0,1.0,1215,8,12,sensor,,0.004178807376980751,exact,16384,confirmation,,regular,0.005807612091302872,0.005807612091302872,5102015,exact,0.005450589947278041,,0.11863636256003254,completed,,0.005335752531906393,1.5275404448897425,1.833990516477661
4,456,0.02901223704404346,1.0,1.0,1216,8,12,sensor,0.7036604872069576,0.03340651133565382,full,16384,confirmation,,regular,1.5970416106283665,1.5970416106283665,5102016,full_n16384_k2048_m4,0.04081890998176935,,0.24579016159784842,completed,2048,0.045752045461611844,2.390789011821286,2.861524020580118
8,457,0.17199403665088248,1.0,1.0,1216,8,12,sensor,0.7712939158339056,0.13351533513308309,tail_anchored,16384,confirmation,,regular,2.8509571999311447,2.8509571999311447,5102016,tail_anchored_n16384_k2048_m8,0.11700143612073831,,0.3470137351132998,completed,2048,0.11022833608153437,3.0284731814297117,3.547784393159763
4,458,0.2935961035603708,0.625,0.625,1216,8,12,sensor,14.570573049031166,1.7999746202222613,tail_fixed,16384,confirmation,,regular,2.189521264284849,2.189521264284849,5102016,tail_fixed,1.3869713707067808,,4.102440726856509,completed,2048,1.6245579913580142,2.198008336438031,2.6501988358022976
4,459,0.021747203503112766,1.0,1.0,1216,8,12,sensor,0.7589781356368519,0.028884266038623,unbiased,16384,confirmation,,regular,1.634397055953741,1.634397055953741,5102016,unbiased,0.024886264595614254,,0.22152388477948687,completed,2048,0.027769991075949435,2.4891813761742547,2.928185375115631
,460,0.01047689770353413,1.0,1.0,1216,8,12,sensor,-19.99274651298326,0.038253143077285855,annealed_smc,16384,confirmation,0.15,regular,0.10036613419651985,0.10036613419651985,5102016,smc_k64_scale0.15,0.02734510409912609,64,0.20522206257777825,completed,,0.032384027797223255,2.516940013825958,2.9859216297338316
,461,0.004190135871606396,1.0,1.0,1216,8,12,sensor,,0.006466018066413253,exact,16384,confirmation,,regular,0.006247498095035553,0.006247498095035553,5102016,exact,0.007711222181847713,,0.22955499590743436,completed,,0.008075285519705145,2.537896320215074,2.9930509510323975
4,462,0.07762719703383408,1.0,1.0,1217,8,12,sensor,1.1153686688151003,0.046842830037413526,full,16384,confirmation,,regular,1.5980019457638264,1.5980019457638264,5102017,full_n16384_k2048_m4,0.04523385881719688,,3.115245589418225,completed,2048,0.0473735599764449,3.489321278285238,3.8422005035857394
8,463,0.662757388940168,1.0,1.0,1217,8,12,sensor,2.9430732994956728,0.7168711306835464,tail_anchored,16384,confirmation,,regular,2.8609805032610893,2.8609805032610893,5102017,tail_anchored_n16384_k2048_m8,0.6959015481084949,,1.5343435002070036,completed,2048,0.7410507004651792,3.9544387200836604,4.328633495473562
4,464,1.0152949802082398,0.375,0.375,1217,8,12,sensor,14.44722927818691,1.152554901919078,tail_fixed,16384,confirmation,,regular,2.129928406327963,2.129928406327963,5102017,tail_fixed,0.9623294951822663,,6.005224685340554,completed,2048,1.1215822405683133,2.7922068771794493,3.291477424844418
4,465,0.08171610059698126,1.0,1.0,1217,8,12,sensor,1.278714216162463,0.06558508121613321,unbiased,16384,confirmation,,regular,1.756699401885271,1.756699401885271,5102017,unbiased,0.05768024976741344,,3.034204962962484,completed,2048,0.06607668957683299,3.447780423297912,3.832089214198499
,466,0.010631906702590272,1.0,1.0,1217,8,12,sensor,-24.3640866308031,0.004179764094307838,annealed_smc,16384,confirmation,0.15,regular,0.09930715709924698,0.09930715709924698,5102017,smc_k64_scale0.15,0.007401064744204997,64,3.2597000545991746,completed,,0.00670346182939322,3.4546433035736803,3.838855574186612
,467,0.013696511412404558,1.0,1.0,1217,8,12,sensor,,0.01245899599372919,exact,16384,confirmation,,regular,0.006037022918462753,0.006037022918462753,5102017,exact,0.01246281368771798,,3.205217509280833,completed,,0.014508937487558327,3.4566372405823067,3.8393153321368225
4,468,0.011462391466974487,0.75,0.875,1218,8,12,sensor,-0.20857424507198896,0.011998182028151522,full,16384,confirmation,,regular,1.5893410369753838,1.5893410369753838,5102018,full_n16384_k2048_m4,0.013693506604933871,,0.808757230897616,completed,2048,0.016392751121739112,2.3860440877642093,2.835601225677312
8,469,0.021181441704070218,0.75,0.875,1218,8,12,sensor,0.00993612465916538,0.03155113602735637,tail_anchored,16384,confirmation,,regular,2.8502781242132187,2.8502781242132187,5102018,tail_anchored_n16384_k2048_m8,0.02929096033666557,,0.8437971072012684,completed,2048,0.02905502901349455,2.3878511317391102,2.828546324207539
4,470,0.08010649307693567,0.875,0.875,1218,8,12,sensor,0.6194713038900783,0.13865988448523214,tail_fixed,16384,confirmation,,regular,2.1291940063238144,2.1291940063238144,5102018,tail_fixed,0.1109721041507831,,0.7291391494331514,completed,2048,0.1216001216705599,2.5842817914760428,3.0274592934097875
4,471,0.014006731898877193,0.75,0.875,1218,8,12,sensor,-0.11872977450910938,0.016453608197469754,unbiased,16384,confirmation,,regular,1.6341769509017467,1.6341769509017467,5102018,unbiased,0.015858274164127082,,0.7869474592195855,completed,2048,0.017083769224790615,2.389265003511647,2.8286381305192423
,472,0.0036414008712698214,0.75,0.875,1218,8,12,sensor,-16.21800998335669,0.004064911492048732,annealed_smc,16384,confirmation,0.15,regular,0.10134058073163033,0.10134058073163033,5102018,smc_k64_scale0.15,0.006863441568892773,64,0.810779949950903,completed,,0.007849964089213526,2.3812797327010555,2.8219545068324248
,473,0.0037449814417911966,0.75,0.875,1218,8,12,sensor,,0.005083652516598197,exact,16384,confirmation,,regular,0.006470058113336563,0.006470058113336563,5102018,exact,0.0063059780359836755,,0.8087373974451504,completed,,0.0059669426478670025,2.3857554635520666,2.823647395303384
4,474,0.0083571048058676,1.0,1.0,1219,8,12,sensor,0.6752130426391201,0.014575538782784846,full,16384,confirmation,,regular,1.6033953689038754,1.6033953689038754,5102019,full_n16384_k2048_m4,0.015344411574287389,,0.4289216074786115,completed,2048,0.01813326463246119,2.199241727385811,2.7763926893560535
8,475,0.07187159415753677,1.0,1.0,1219,8,12,sensor,0.7187160489290028,0.07866657763056634,tail_anchored,16384,confirmation,,regular,2.8561494201421738,2.8561494201421738,5102019,tail_anchored_n16384_k2048_m8,0.07704722785037543,,0.37007773885558914,completed,2048,0.07001252707110964,2.4380014154636047,2.9852591266726334
4,476,0.23175610725166346,1.0,1.0,1219,8,12,sensor,1.3265463398000898,0.26771990442682586,tail_fixed,16384,confirmation,,regular,2.1329105868935585,2.1329105868935585,5102019,tail_fixed,0.24500571422111267,,0.24303748843464795,completed,2048,0.22437601333617987,2.693330026800644,3.1467505679136183
4,477,0.019345590129166427,1.0,1.0,1219,8,12,sensor,0.770019660291763,0.019106010395146193,unbiased,16384,confirmation,,regular,1.6418019160628319,1.6418019160628319,5102019,unbiased,0.025638109058368844,,0.4231938059410584,completed,2048,0.02556926324830955,2.28312515661053,2.864163394029167
,478,0.0077006269040771295,1.0,1.0,1219,8,12,sensor,-15.360648106475706,0.006760374425873705,annealed_smc,16384,confirmation,0.15,regular,0.10163470730185509,0.10163470730185509,5102019,smc_k64_scale0.15,0.009606955962375409,64,0.43309944327166755,completed,,0.010011332047993782,2.2253133967335557,2.783268961767737
,479,0.005143154804920064,1.0,1.0,1219,8,12,sensor,,0.004654091296150397,exact,16384,confirmation,,regular,0.006590448319911957,0.006590448319911957,5102019,exact,0.006947663797208407,,0.43821818157298054,completed,,0.00737730971288291,2.1979866029304396,2.7741210995351593
