batch,cell_id,cell_wall_seconds,checkpoint_sha256,commit,condition,control_delta,critical_batch,dataset_seed,device,diffusion,dimension,ess_threshold,family,final_ess_fraction,finite_normalizer,groups,initialization,ks_mean,learning_w1,mean_absolute_error,method,minimum_ess_fraction,particles,peak_gpu_bytes,positive_mass_error,resampling_count,sampling,score_evaluations,seconds,seed,status,steps,suite,training_seed,true_ks_mean,true_mean_absolute_error,true_positive_mass_error,true_variance_relative_error,true_w1_mean,u_max,variance_relative_error,w1_mean
4,0,14.796246752142906,ce9344dce5f56b4cda176bcdb36371f48911618aa600da1465617419b4995b69,324a2d406707f9daea94ae5b41dbad7950efa93d,full,,,100,cuda,1.0,8,0.5,learned_mixture,0.9799166110945443,True,64,standard normal at finite u_max,0.10403871495853703,0.006815676602960452,0.02442726835809779,full,0.32908922646634375,32768,1383796224,0.0020782631450773654,98,with_replacement,4294967296,14.035669352859259,9000100,completed,2048,heldout,0,0.10605355350743084,0.02488877855053705,0.0004300809142049873,0.1954147274097506,0.026461953168782186,20.0,0.19841659521686777,0.02584772683186544
4,1,3.709017124027014,ce9344dce5f56b4cda176bcdb36371f48911618aa600da1465617419b4995b69,324a2d406707f9daea94ae5b41dbad7950efa93d,unbiased,,,100,cuda,1.0,8,0.5,learned_mixture,0.8645052438973875,False,64,standard normal at finite u_max,0.23526265399716162,0.006815676602960452,0.0513673403284141,unbiased,3.0987757602409884e-05,32768,202038784,0.008543598204228321,642,without_replacement,268435456,2.960830606520176,9000100,completed,2048,heldout,0,0.23566048433521797,0.05142965044569902,0.010029320069611304,0.40553828753988097,0.05480739163894933,20.0,0.407648252940941,0.05413714289890925
4,2,13.55153838172555,ce9344dce5f56b4cda176bcdb36371f48911618aa600da1465617419b4995b69,324a2d406707f9daea94ae5b41dbad7950efa93d,tail,,,100,cuda,1.0,8,0.5,learned_mixture,0.7643732573490326,True,64,standard normal at finite u_max,0.24112896402718478,0.006815676602960452,0.0627817968603681,tail,4.352793025860089e-05,32768,202038784,0.007105314720334418,409,without_replacement,268435456,3.384868960827589,9000100,completed,2048,heldout,0,0.24249874950173744,0.06289800162616524,0.008591036585717401,0.3095888084962323,0.06574747047919835,20.0,0.31236675391224755,0.06648924293489963
4,3,14.835442766547203,ce9344dce5f56b4cda176bcdb36371f48911618aa600da1465617419b4995b69,324a2d406707f9daea94ae5b41dbad7950efa93d,full,,,101,cuda,1.0,8,0.5,learned_mixture,0.8834589692370192,True,64,standard normal at finite u_max,0.061864442360455005,0.00823034533095888,0.013326302045700955,full,0.36307356835719484,32768,1383796224,0.0008238622238993041,97,with_replacement,4294967296,14.07684238255024,9000101,completed,2048,heldout,0,0.06189796162428632,0.0134608397106941,0.0007408249792478026,0.15692455827195062,0.016061070426590617,20.0,0.15837197626535723,0.015699772933221983
4,4,13.129546880722046,ce9344dce5f56b4cda176bcdb36371f48911618aa600da1465617419b4995b69,324a2d406707f9daea94ae5b41dbad7950efa93d,unbiased,,,101,cuda,1.0,8,0.5,learned_mixture,0.6420523479784519,False,64,standard normal at finite u_max,0.21287453338093065,0.00823034533095888,0.04600150437813218,unbiased,3.0677360506816265e-05,32768,202038784,0.0012890071399559286,642,without_replacement,268435456,2.9575190879404545,9000101,completed,2048,heldout,0,0.21540920899387556,0.04712128718143517,0.001205969895304427,0.4362776165053237,0.050402852123026864,20.0,0.4374122127780399,0.05136232511336171
4,5,4.1469120644032955,ce9344dce5f56b4cda176bcdb36371f48911618aa600da1465617419b4995b69,324a2d406707f9daea94ae5b41dbad7950efa93d,tail,,,101,cuda,1.0,8,0.5,learned_mixture,0.6306147259452872,True,64,standard normal at finite u_max,0.41757106415161327,0.00823034533095888,0.11304491671506083,tail,3.12307624969118e-05,32768,202038784,0.0015484006623142366,443,without_replacement,268435456,3.3928135968744755,9000101,completed,2048,heldout,0,0.39991446152081045,0.10837759748939783,0.001465363417662735,0.4445712752127188,0.11061570407606268,20.0,0.44534549559265957,0.11459994355825975
4,6,24.26069424301386,ce9344dce5f56b4cda176bcdb36371f48911618aa600da1465617419b4995b69,324a2d406707f9daea94ae5b41dbad7950efa93d,full,,,102,cuda,1.0,8,0.5,learned_mixture,0.9185280541249896,True,64,standard normal at finite u_max,0.0627873426094439,0.007354978389386077,0.014294459201115231,full,0.37524567747909215,32768,1383796224,0.0009997817209333182,98,with_replacement,4294967296,14.0598818436265,9000102,completed,2048,heldout,0,0.07032950393833473,0.0161132001023667,0.001184155736232026,0.1453635648414025,0.017890540216218616,20.0,0.14560837181484987,0.01566579073554358
4,7,3.720855750143528,ce9344dce5f56b4cda176bcdb36371f48911618aa600da1465617419b4995b69,324a2d406707f9daea94ae5b41dbad7950efa93d,unbiased,,,102,cuda,1.0,8,0.5,learned_mixture,0.5914386005639749,False,64,standard normal at finite u_max,0.15059591244792003,0.007354978389386077,0.03080215678864847,unbiased,3.277239328613833e-05,32768,202038784,0.0012153745958047857,641,without_replacement,268435456,2.9680849760770798,9000102,completed,2048,heldout,0,0.14862846805693763,0.030487461297847865,0.0013997486111034935,0.3361556289921739,0.033683143379052524,20.0,0.33683784047218746,0.034735700127294426
4,8,4.152016445994377,ce9344dce5f56b4cda176bcdb36371f48911618aa600da1465617419b4995b69,324a2d406707f9daea94ae5b41dbad7950efa93d,tail,,,102,cuda,1.0,8,0.5,learned_mixture,0.6001718852862595,True,64,standard normal at finite u_max,0.41972407486202484,0.007354978389386077,0.1087782521624241,tail,5.842475084610625e-05,32768,202038784,0.0010488016943824702,488,without_replacement,268435456,3.4024387411773205,9000102,completed,2048,heldout,0,0.42553495589298007,0.11095645156110072,0.001233175709681178,0.408324052018443,0.11307010531867245,20.0,0.4087351458381299,0.11045532818256945
4,9,14.821778111159801,ce9344dce5f56b4cda176bcdb36371f48911618aa600da1465617419b4995b69,324a2d406707f9daea94ae5b41dbad7950efa93d,full,,,103,cuda,1.0,8,0.5,learned_mixture,0.5113039308108404,True,64,standard normal at finite u_max,0.0778713154672007,0.00842585355481298,0.01856936368628894,full,0.38274964854925314,32768,1383796224,0.0013199037869032057,91,with_replacement,4294967296,14.065217941999435,9000103,completed,2048,heldout,0,0.08711956762923981,0.020967289705079682,0.0015586333525686438,0.14558095026005724,0.02263635041847329,20.0,0.1497872756593802,0.019731619018633025
4,10,13.124900463968515,ce9344dce5f56b4cda176bcdb36371f48911618aa600da1465617419b4995b69,324a2d406707f9daea94ae5b41dbad7950efa93d,unbiased,,,103,cuda,1.0,8,0.5,learned_mixture,0.8409342350131283,False,64,standard normal at finite u_max,0.17076805566238684,0.00842585355481298,0.03588359646537377,unbiased,3.2419573574661185e-05,32768,202038784,0.0012034016617179259,652,without_replacement,268435456,2.9617917761206627,9000103,completed,2048,heldout,0,0.17012236274633966,0.0356852010037471,0.001442131227383364,0.373090961308358,0.03896809017463436,20.0,0.37532115323368165,0.03938647996380971
4,11,4.183993477374315,ce9344dce5f56b4cda176bcdb36371f48911618aa600da1465617419b4995b69,324a2d406707f9daea94ae5b41dbad7950efa93d,tail,,,103,cuda,1.0,8,0.5,learned_mixture,0.7986806516702585,True,64,standard normal at finite u_max,0.39573480871641775,0.00842585355481298,0.10500270348230792,tail,5.015564754729633e-05,32768,202038784,0.0021157238636765746,462,without_replacement,268435456,3.405618339776993,9000103,completed,2048,heldout,0,0.40071315983111727,0.10703078133135574,0.0023544534293420127,0.42418091137161545,0.11047981689090924,20.0,0.4264912965644879,0.10917582984085963
4,12,24.20574851706624,ce9344dce5f56b4cda176bcdb36371f48911618aa600da1465617419b4995b69,324a2d406707f9daea94ae5b41dbad7950efa93d,full,,,104,cuda,1.0,8,0.5,learned_mixture,0.9971254386182322,True,64,standard normal at finite u_max,0.06702200847161474,0.007892751039686806,0.01471433623099215,full,0.3439051599020023,32768,1383796224,0.010933122608911314,97,with_replacement,4294967296,14.040502540767193,9000104,completed,2048,heldout,0,0.07164540023546748,0.016643310010130953,0.009170042835343659,0.15076540687592033,0.01803002888534672,20.0,0.15544553392974914,0.016304713283292204
4,13,3.7048027217388153,ce9344dce5f56b4cda176bcdb36371f48911618aa600da1465617419b4995b69,324a2d406707f9daea94ae5b41dbad7950efa93d,unbiased,,,104,cuda,1.0,8,0.5,learned_mixture,0.8494902206222964,False,64,standard normal at finite u_max,0.16482430484870234,0.007892751039686806,0.035509754471230136,unbiased,3.2342887115398186e-05,32768,202038784,0.010960638193883154,629,without_replacement,268435456,2.9542747251689434,9000104,completed,2048,heldout,0,0.17346828818764798,0.038346844874111975,0.013542271398956723,0.33649065587827814,0.041049541272650536,20.0,0.3398778431525451,0.038904437731548724
4,14,4.150865141302347,ce9344dce5f56b4cda176bcdb36371f48911618aa600da1465617419b4995b69,324a2d406707f9daea94ae5b41dbad7950efa93d,tail,,,104,cuda,1.0,8,0.5,learned_mixture,0.8188557177859693,True,64,standard normal at finite u_max,0.5134064349601873,0.007892751039686806,0.15498165679628093,tail,3.4891133104690114e-05,32768,202038784,0.018962015048573033,461,without_replacement,268435456,3.3957842141389847,9000104,completed,2048,heldout,0,0.5123237029214753,0.15578138530686428,0.017225354378701735,0.5671997908524548,0.15772532122803962,20.0,0.5696088072224905,0.15682834015975727
4,15,24.215540412813425,ce9344dce5f56b4cda176bcdb36371f48911618aa600da1465617419b4995b69,324a2d406707f9daea94ae5b41dbad7950efa93d,full,,,105,cuda,1.0,8,0.5,learned_mixture,0.7533024856460214,True,64,standard normal at finite u_max,0.0458684112399774,0.008218340858992226,0.00839180027065691,full,0.2415461004771522,32768,1383796224,0.007552254392106175,95,with_replacement,4294967296,14.055741030722857,9000105,completed,2048,heldout,0,0.04410165861826523,0.007831860710596987,0.0054529147117897275,0.16119047377616835,0.011104378783733649,20.0,0.1591731511961324,0.010948383339016245
4,16,3.7080877982079983,ce9344dce5f56b4cda176bcdb36371f48911618aa600da1465617419b4995b69,324a2d406707f9daea94ae5b41dbad7950efa93d,unbiased,,,105,cuda,1.0,8,0.5,learned_mixture,0.6768454024801348,False,64,standard normal at finite u_max,0.12049926939722862,0.008218340858992226,0.018918242276793187,unbiased,3.175232116063838e-05,32768,202038784,0.0384402411517281,645,without_replacement,268435456,2.9615015611052513,9000105,completed,2048,heldout,0,0.11767052376571684,0.018249146834637173,0.032957979464105405,0.4072421800097499,0.026875445790919814,20.0,0.4059829197572622,0.02823621438263472
4,17,4.109709896147251,ce9344dce5f56b4cda176bcdb36371f48911618aa600da1465617419b4995b69,324a2d406707f9daea94ae5b41dbad7950efa93d,tail,,,105,cuda,1.0,8,0.5,learned_mixture,0.824086379398566,True,64,standard normal at finite u_max,0.15127051428495228,0.008218340858992226,0.037061532930253195,tail,0.011469290452186634,32768,202038784,0.007159830172475507,294,without_replacement,268435456,3.361254680901766,9000105,completed,2048,heldout,0,0.1453516310126054,0.035514165329066906,0.0027938855642364335,0.17338971504434547,0.03592050755531815,20.0,0.17153328237904206,0.03837622421550828
4,18,14.797969959676266,ce9344dce5f56b4cda176bcdb36371f48911618aa600da1465617419b4995b69,324a2d406707f9daea94ae5b41dbad7950efa93d,full,,,106,cuda,1.0,8,0.5,learned_mixture,0.752694558003669,True,64,standard normal at finite u_max,0.09914904534761157,0.006517938486731832,0.02190742964561423,full,0.35760392021053594,32768,1383796224,0.006423498008385518,100,with_replacement,4294967296,14.044633511453867,9000106,completed,2048,heldout,0,0.10618097893930986,0.02402132805150689,0.0062151136117016455,0.18291149209298627,0.02589994421450056,20.0,0.18160486594102343,0.024488565249836825
4,19,13.143839936703444,ce9344dce5f56b4cda176bcdb36371f48911618aa600da1465617419b4995b69,324a2d406707f9daea94ae5b41dbad7950efa93d,unbiased,,,106,cuda,1.0,8,0.5,learned_mixture,0.509296704293018,False,64,standard normal at finite u_max,0.22907838133868164,0.006517938486731832,0.046984826019658414,unbiased,3.094494335690098e-05,32768,202038784,0.011672318821741946,694,without_replacement,268435456,2.9716296046972275,9000106,completed,2048,heldout,0,0.22613200602566746,0.04595668479767552,0.011463934425058074,0.46932708131740397,0.05035612759188119,20.0,0.4683919485137801,0.05021239047820258
4,20,4.178290374577045,ce9344dce5f56b4cda176bcdb36371f48911618aa600da1465617419b4995b69,324a2d406707f9daea94ae5b41dbad7950efa93d,tail,,,106,cuda,1.0,8,0.5,learned_mixture,0.7554703265504228,True,64,standard normal at finite u_max,0.40406411188838337,0.006517938486731832,0.09206004418142767,tail,3.074756551268523e-05,32768,202038784,0.011386823393331955,499,without_replacement,268435456,3.409647338092327,9000106,completed,2048,heldout,0,0.40208207208834923,0.09215782244976446,0.011178438996648082,0.5604982690956402,0.1001785024092259,20.0,0.559517806479793,0.10027362179679089
4,21,24.434459012001753,ce9344dce5f56b4cda176bcdb36371f48911618aa600da1465617419b4995b69,324a2d406707f9daea94ae5b41dbad7950efa93d,full,,,107,cuda,1.0,8,0.5,learned_mixture,0.9904635421010153,True,64,standard normal at finite u_max,0.0708524929482844,0.005696470676880979,0.01642449518459816,full,0.35556933820303904,32768,1383796224,0.0079421471053192,97,with_replacement,4294967296,14.069949306547642,9000107,completed,2048,heldout,0,0.07051608015515623,0.0161219739904571,0.005240852927232994,0.13951257562194405,0.018529918326102512,20.0,0.14117961537478957,0.017876558712126414
4,22,3.712860617786646,ce9344dce5f56b4cda176bcdb36371f48911618aa600da1465617419b4995b69,324a2d406707f9daea94ae5b41dbad7950efa93d,unbiased,,,107,cuda,1.0,8,0.5,learned_mixture,0.5665397759448036,False,64,standard normal at finite u_max,0.1872358716162475,0.005696470676880979,0.041460625615503385,unbiased,3.06176832691621e-05,32768,202038784,0.012274063393944724,652,without_replacement,268435456,2.961604628711939,9000107,completed,2048,heldout,0,0.19308018250549092,0.043317180260721275,0.009572769215858519,0.37609547820156963,0.04903846399768143,20.0,0.3755036697688323,0.047617133982845505
4,23,4.1558542512357235,ce9344dce5f56b4cda176bcdb36371f48911618aa600da1465617419b4995b69,324a2d406707f9daea94ae5b41dbad7950efa93d,tail,,,107,cuda,1.0,8,0.5,learned_mixture,0.5461051696024543,True,64,standard normal at finite u_max,0.47462610081249573,0.005696470676880979,0.12736213142137118,tail,0.00010665187497050164,32768,202038784,0.011989787821481444,424,without_replacement,268435456,3.3924658000469208,9000107,completed,2048,heldout,0,0.47781965814280825,0.12844169557471938,0.014653041354912081,0.5309688776783064,0.13140131366556673,20.0,0.5306123359172954,0.13004866194425224
4,24,24.248261030763388,ce9344dce5f56b4cda176bcdb36371f48911618aa600da1465617419b4995b69,324a2d406707f9daea94ae5b41dbad7950efa93d,full,,,108,cuda,1.0,8,0.5,learned_mixture,0.9348179077019266,True,64,standard normal at finite u_max,0.06192388639852622,0.009687235518436197,0.01176666543033246,full,0.3498118050408041,32768,1383796224,0.0038727215272794796,94,with_replacement,4294967296,14.051350474357605,9000108,completed,2048,heldout,0,0.06073347323481769,0.012300542992064909,0.006158064902255483,0.1848539766347627,0.014592967106491739,20.0,0.18699419259349348,0.01524252391684733
4,25,3.713742960244417,ce9344dce5f56b4cda176bcdb36371f48911618aa600da1465617419b4995b69,324a2d406707f9daea94ae5b41dbad7950efa93d,unbiased,,,108,cuda,1.0,8,0.5,learned_mixture,0.5409994004866114,False,64,standard normal at finite u_max,0.20563623466282271,0.009687235518436197,0.04485176517954353,unbiased,3.058056388536829e-05,32768,202038784,0.03108140857257774,630,without_replacement,268435456,2.9597701653838158,9000108,completed,2048,heldout,0,0.20116687087244606,0.044331432714486765,0.028794406817351806,0.36282671176784914,0.04862372546663516,20.0,0.3640902241550994,0.050669251837776125
4,26,4.152834489941597,ce9344dce5f56b4cda176bcdb36371f48911618aa600da1465617419b4995b69,324a2d406707f9daea94ae5b41dbad7950efa93d,tail,,,108,cuda,1.0,8,0.5,learned_mixture,0.7693616834576876,True,64,standard normal at finite u_max,0.4296902717193245,0.009687235518436197,0.11251146374787557,tail,5.6910919760706015e-05,32768,202038784,0.015253103531677678,460,without_replacement,268435456,3.3969681188464165,9000108,completed,2048,heldout,0,0.4353800424956481,0.11446376759089942,0.012966101776451744,0.3868542755688219,0.11457934202882286,20.0,0.38822933052957287,0.11262423384011719
4,27,24.129776272922754,ce9344dce5f56b4cda176bcdb36371f48911618aa600da1465617419b4995b69,324a2d406707f9daea94ae5b41dbad7950efa93d,full,,,109,cuda,1.0,8,0.5,learned_mixture,0.9674378767313145,True,64,standard normal at finite u_max,0.10577668900833449,0.008487360464951636,0.024620103610755627,full,0.33983295033475946,32768,1383796224,0.014031592090962029,96,with_replacement,4294967296,14.046653490513563,9000109,completed,2048,heldout,0,0.09934349519413341,0.0225779834633956,0.018848423006797666,0.1386875997338266,0.023743528271097658,20.0,0.13585496876389822,0.025348761888727776
4,28,3.7108740508556366,ce9344dce5f56b4cda176bcdb36371f48911618aa600da1465617419b4995b69,324a2d406707f9daea94ae5b41dbad7950efa93d,unbiased,,,109,cuda,1.0,8,0.5,learned_mixture,0.5344980284780292,False,64,standard normal at finite u_max,0.18056979939777223,0.008487360464951636,0.036297033405198756,unbiased,3.0648668114707434e-05,32768,202038784,0.04269810342118798,644,without_replacement,268435456,2.9611977264285088,9000109,completed,2048,heldout,0,0.15945097990551085,0.029823251738474867,0.04327673354668566,0.39745939733871705,0.036108903170210684,20.0,0.3951734137036033,0.040455437106723786
4,29,4.177187971770763,ce9344dce5f56b4cda176bcdb36371f48911618aa600da1465617419b4995b69,324a2d406707f9daea94ae5b41dbad7950efa93d,tail,,,109,cuda,1.0,8,0.5,learned_mixture,0.551272926294497,True,64,standard normal at finite u_max,0.2441368361746961,0.008487360464951636,0.06513513556107452,tail,0.0003372013795764903,32768,202038784,0.015983531448961127,414,without_replacement,268435456,3.403560783714056,9000109,completed,2048,heldout,0,0.24756448566986392,0.06470254719088954,0.020800362364796765,0.26465584036072753,0.06684713594736522,20.0,0.2621139238159683,0.06605400762639864
4,30,14.829614318907261,ce9344dce5f56b4cda176bcdb36371f48911618aa600da1465617419b4995b69,324a2d406707f9daea94ae5b41dbad7950efa93d,full,,,110,cuda,1.0,8,0.5,learned_mixture,0.9908848010907673,True,64,standard normal at finite u_max,0.05264025451495995,0.006100948461764814,0.01059146833132492,full,0.3441950956103506,32768,1383796224,0.003693526581245105,98,with_replacement,4294967296,14.067322727292776,9000110,completed,2048,heldout,0,0.0665885248148764,0.014389708808696654,0.005069539898742878,0.14891107302075401,0.016372088552254416,20.0,0.149692430797331,0.012248873570713638
4,31,3.7048649713397026,ce9344dce5f56b4cda176bcdb36371f48911618aa600da1465617419b4995b69,324a2d406707f9daea94ae5b41dbad7950efa93d,unbiased,,,110,cuda,1.0,8,0.5,learned_mixture,0.6101687524294847,False,64,standard normal at finite u_max,0.1378861670169942,0.006100948461764814,0.02726762117701263,unbiased,3.0546600560265345e-05,32768,202038784,0.013030641952898759,647,without_replacement,268435456,2.958187174052,9000110,completed,2048,heldout,0,0.13802776553670326,0.027532886527022633,0.013172850826860486,0.30286832321659085,0.03087568294619916,20.0,0.30485484145884795,0.031416862128450004
4,32,13.544807080179453,ce9344dce5f56b4cda176bcdb36371f48911618aa600da1465617419b4995b69,324a2d406707f9daea94ae5b41dbad7950efa93d,tail,,,110,cuda,1.0,8,0.5,learned_mixture,0.576206598934394,True,64,standard normal at finite u_max,0.28120062259626993,0.006100948461764814,0.06820796349698666,tail,0.0001742012216199675,32768,202038784,0.01084611802744911,415,without_replacement,268435456,3.389404099434614,9000110,completed,2048,heldout,0,0.30263071717633316,0.07430891195875121,0.010988326901410838,0.3168609632833802,0.07464636398858543,20.0,0.31747882372345104,0.06888892011683447
4,33,24.25277891010046,ce9344dce5f56b4cda176bcdb36371f48911618aa600da1465617419b4995b69,324a2d406707f9daea94ae5b41dbad7950efa93d,full,,,111,cuda,1.0,8,0.5,learned_mixture,0.9997479613348356,True,64,standard normal at finite u_max,0.09222432090199739,0.009129255316782851,0.02206621244040779,full,0.38239324409617,32768,1383796224,5.366164995067313e-05,93,with_replacement,4294967296,14.033414009958506,9000111,completed,2048,heldout,0,0.10966336428615404,0.027402501075787136,6.526334311947324e-05,0.1583017060337589,0.028204997655573848,20.0,0.1531482615920178,0.023096056263910057
4,34,3.7083420008420944,ce9344dce5f56b4cda176bcdb36371f48911618aa600da1465617419b4995b69,324a2d406707f9daea94ae5b41dbad7950efa93d,unbiased,,,111,cuda,1.0,8,0.5,learned_mixture,0.5209526712630916,False,64,standard normal at finite u_max,0.16595317067932164,0.009129255316782851,0.03626233328388181,unbiased,3.090148768721543e-05,32768,202038784,5.763546237157191e-05,644,without_replacement,268435456,2.9589466340839863,9000111,completed,2048,heldout,0,0.176947979076987,0.039374168619976516,6.923715554037202e-05,0.3598614631935879,0.04425950387061462,20.0,0.3572245012583686,0.04085024008920907
4,35,4.155262921005487,ce9344dce5f56b4cda176bcdb36371f48911618aa600da1465617419b4995b69,324a2d406707f9daea94ae5b41dbad7950efa93d,tail,,,111,cuda,1.0,8,0.5,learned_mixture,0.8270092127001046,True,64,standard normal at finite u_max,0.41301555556977765,0.009129255316782851,0.11883118680564653,tail,3.9922115302672495e-05,32768,202038784,5.763546237157191e-05,480,without_replacement,268435456,3.4017109274864197,9000111,completed,2048,heldout,0,0.4226513515012168,0.12148849771859394,6.923715554037202e-05,0.42110867294266363,0.12436441106355972,20.0,0.4191466023572664,0.12098072773681703
4,36,14.798340406268835,ce9344dce5f56b4cda176bcdb36371f48911618aa600da1465617419b4995b69,324a2d406707f9daea94ae5b41dbad7950efa93d,full,,,112,cuda,1.0,8,0.5,learned_mixture,0.6714739684742526,True,64,standard normal at finite u_max,0.07757928670987024,0.006414772872959372,0.01622305376627968,full,0.32117214354837115,32768,1383796224,6.741639508034414e-07,96,with_replacement,4294967296,14.042502544820309,9000112,completed,2048,heldout,0,0.08684005690445742,0.01915265110712796,7.688728954902135e-07,0.19212005943919264,0.02111911743202726,20.0,0.19521988924247993,0.018952124788982165
4,37,3.7156550399959087,ce9344dce5f56b4cda176bcdb36371f48911618aa600da1465617419b4995b69,324a2d406707f9daea94ae5b41dbad7950efa93d,unbiased,,,112,cuda,1.0,8,0.5,learned_mixture,0.8704466597571674,False,64,standard normal at finite u_max,0.22529805177558077,0.006414772872959372,0.04713388778618923,unbiased,3.294928854470224e-05,32768,202038784,6.741639508034414e-07,641,without_replacement,268435456,2.9661080799996853,9000112,completed,2048,heldout,0,0.24278026547446263,0.05199653092189953,7.688728954902135e-07,0.4269829171678085,0.05336374463852686,20.0,0.4292163910150997,0.04927528854460218
4,38,13.574996713548899,ce9344dce5f56b4cda176bcdb36371f48911618aa600da1465617419b4995b69,324a2d406707f9daea94ae5b41dbad7950efa93d,tail,,,112,cuda,1.0,8,0.5,learned_mixture,0.8321117938168364,True,64,standard normal at finite u_max,0.3656822531766769,0.006414772872959372,0.10450592657413517,tail,0.00010526960743823884,32768,202038784,6.741639508034414e-07,459,without_replacement,268435456,3.3969395235180855,9000112,completed,2048,heldout,0,0.3807734511612602,0.1093716814248695,7.688728954902135e-07,0.3948452161747904,0.11054697518951856,20.0,0.3971867002087913,0.1059305675925675
4,39,14.828846465796232,ce9344dce5f56b4cda176bcdb36371f48911618aa600da1465617419b4995b69,324a2d406707f9daea94ae5b41dbad7950efa93d,full,,,113,cuda,1.0,8,0.5,learned_mixture,0.9374427188832161,True,64,standard normal at finite u_max,0.053712708720694655,0.007100713358415708,0.013282628344589417,full,0.3760583429378255,32768,1383796224,3.120904021325366e-09,91,with_replacement,4294967296,14.068154964596033,9000113,completed,2048,heldout,0,0.06909297482348407,0.017999613057498712,4.4079475347569286e-09,0.12221609340271745,0.018629688920213883,20.0,0.11965818842875643,0.014729954743293666
4,40,13.133883856236935,ce9344dce5f56b4cda176bcdb36371f48911618aa600da1465617419b4995b69,324a2d406707f9daea94ae5b41dbad7950efa93d,unbiased,,,113,cuda,1.0,8,0.5,learned_mixture,0.692060149743701,False,64,standard normal at finite u_max,0.0805698548550212,0.007100713358415708,0.01288188637842734,unbiased,3.311712715610448e-05,32768,202038784,3.120904021325366e-09,634,without_replacement,268435456,2.9702743887901306,9000113,completed,2048,heldout,0,0.08409137772038586,0.013971975813599172,4.4079475347569286e-09,0.300265559897454,0.02093307586630224,20.0,0.30202231341833863,0.019875113095736044
4,41,4.151241596788168,ce9344dce5f56b4cda176bcdb36371f48911618aa600da1465617419b4995b69,324a2d406707f9daea94ae5b41dbad7950efa93d,tail,,,113,cuda,1.0,8,0.5,learned_mixture,0.9338509708585454,True,64,standard normal at finite u_max,0.3480381996655945,0.007100713358415708,0.09832029944554292,tail,0.00020626222644147383,32768,202038784,3.120904021325366e-09,431,without_replacement,268435456,3.3918640203773975,9000113,completed,2048,heldout,0,0.359179669628298,0.10160942782136058,4.4079475347569286e-09,0.4115738658234933,0.10393777818546404,20.0,0.4132505240822977,0.1009906432035666
4,42,14.79747749492526,ce9344dce5f56b4cda176bcdb36371f48911618aa600da1465617419b4995b69,324a2d406707f9daea94ae5b41dbad7950efa93d,full,,,114,cuda,1.0,8,0.5,learned_mixture,0.5692615928016024,True,64,standard normal at finite u_max,0.07726229758327655,0.005335906576531032,0.019455659063587386,full,0.36593008151083,32768,1383796224,0.01714738731006546,92,with_replacement,4294967296,14.043482527136803,9000114,completed,2048,heldout,0,0.07557668980019422,0.019051610725670076,0.01583212407931993,0.11098561892231829,0.019438375965511828,20.0,0.11393942257854964,0.020298629556773928
4,43,13.127752367407084,ce9344dce5f56b4cda176bcdb36371f48911618aa600da1465617419b4995b69,324a2d406707f9daea94ae5b41dbad7950efa93d,unbiased,,,114,cuda,1.0,8,0.5,learned_mixture,0.6679798128303739,False,64,standard normal at finite u_max,0.2362547497680417,0.005335906576531032,0.053000592902253944,unbiased,3.052719315312097e-05,32768,201628672,0.06492105855965415,626,without_replacement,268435456,2.951437082141638,9000114,completed,2048,heldout,0,0.24417236961379304,0.05526759374552657,0.06360579532890862,0.4211102387872807,0.06142545117311897,20.0,0.4230421402410577,0.059143674407167335
4,44,4.153538789600134,ce9344dce5f56b4cda176bcdb36371f48911618aa600da1465617419b4995b69,324a2d406707f9daea94ae5b41dbad7950efa93d,tail,,,114,cuda,1.0,8,0.5,learned_mixture,0.9464798908179497,True,64,standard normal at finite u_max,0.33836495088327806,0.005335906576531032,0.09267242597432167,tail,0.0003307084642780554,32768,202038784,0.03845715913928694,374,without_replacement,268435456,3.3851487562060356,9000114,completed,2048,heldout,0,0.34674514761426434,0.09422430899788212,0.03728503749176281,0.36617405498632105,0.09452169443051646,20.0,0.3678784790010624,0.0930892595140174
4,45,24.220314513891935,ce9344dce5f56b4cda176bcdb36371f48911618aa600da1465617419b4995b69,324a2d406707f9daea94ae5b41dbad7950efa93d,full,,,115,cuda,1.0,8,0.5,learned_mixture,0.9997285318595774,True,64,standard normal at finite u_max,0.06715540951036177,0.00934055870292731,0.014018085337078039,full,0.3019906060192595,32768,1383796224,0.007224442942566793,100,with_replacement,4294967296,14.04432775080204,9000115,completed,2048,heldout,0,0.08239151712366447,0.018218195705853375,0.009785996479959168,0.1686634823878841,0.019156526670716892,20.0,0.16661777558322333,0.015705004716234046
4,46,3.709061712026596,ce9344dce5f56b4cda176bcdb36371f48911618aa600da1465617419b4995b69,324a2d406707f9daea94ae5b41dbad7950efa93d,unbiased,,,115,cuda,1.0,8,0.5,learned_mixture,0.6213468790407999,False,64,standard normal at finite u_max,0.15211912420054602,0.00934055870292731,0.031406159002587045,unbiased,3.12316324329111e-05,32768,202038784,0.035462331999638816,669,without_replacement,268435456,2.963771816343069,9000115,completed,2048,heldout,0,0.14796641108990422,0.029729052669755694,0.029654335840194307,0.33168237766646713,0.03324190841673949,20.0,0.3299100043641253,0.03375976024378369
4,47,4.27430285513401,ce9344dce5f56b4cda176bcdb36371f48911618aa600da1465617419b4995b69,324a2d406707f9daea94ae5b41dbad7950efa93d,tail,,,115,cuda,1.0,8,0.5,learned_mixture,0.5118295646883307,True,64,standard normal at finite u_max,0.3841305219910754,0.00934055870292731,0.09388767646015635,tail,3.5804074880895895e-05,32768,202038784,0.04849269063624617,487,without_replacement,268435456,3.507189769297838,9000115,completed,2048,heldout,0,0.3845411999627668,0.0943426154968476,0.04268469447680166,0.39985730688322285,0.09693189592985532,20.0,0.3968616524528457,0.09600119033213789
4,48,14.943765569478273,ce9344dce5f56b4cda176bcdb36371f48911618aa600da1465617419b4995b69,324a2d406707f9daea94ae5b41dbad7950efa93d,full,,,116,cuda,1.0,8,0.5,learned_mixture,0.7508114568864498,True,64,standard normal at finite u_max,0.09365411799650622,0.004589868908196154,0.022388488147853318,full,0.38132425601923386,32768,1383796224,0.01685869524333221,99,with_replacement,4294967296,14.164597854018211,9000116,completed,2048,heldout,0,0.09536643999204249,0.02296469516596171,0.012684769563189912,0.18380557937357644,0.0239583334713566,20.0,0.1851019818442815,0.02377816080511395
4,49,3.740191765129566,ce9344dce5f56b4cda176bcdb36371f48911618aa600da1465617419b4995b69,324a2d406707f9daea94ae5b41dbad7950efa93d,unbiased,,,116,cuda,1.0,8,0.5,learned_mixture,0.672297032828673,False,64,standard normal at finite u_max,0.23756509293529537,0.004589868908196154,0.05376303777928399,unbiased,3.083885924586071e-05,32768,202038784,0.02011924990973448,662,without_replacement,268435456,2.9850622043013573,9000116,completed,2048,heldout,0,0.2326153688808677,0.05215098461382102,0.015945324229592182,0.41078478922942674,0.05775343809680112,20.0,0.411786521468666,0.05908931908424732
4,50,13.56982372328639,ce9344dce5f56b4cda176bcdb36371f48911618aa600da1465617419b4995b69,324a2d406707f9daea94ae5b41dbad7950efa93d,tail,,,116,cuda,1.0,8,0.5,learned_mixture,0.9378245662515442,True,64,standard normal at finite u_max,0.38244060622287845,0.004589868908196154,0.10499517268224517,tail,7.094662296185109e-05,32768,202038784,0.030807768482132097,484,without_replacement,268435456,3.4003733955323696,9000116,completed,2048,heldout,0,0.3814975109384113,0.10443860196146254,0.02660344461990552,0.4063908356341356,0.1062509614816658,20.0,0.40746925518964616,0.10718689321675996
4,51,14.887485712766647,ce9344dce5f56b4cda176bcdb36371f48911618aa600da1465617419b4995b69,324a2d406707f9daea94ae5b41dbad7950efa93d,full,,,117,cuda,1.0,8,0.5,learned_mixture,0.9962280338198307,True,64,standard normal at finite u_max,0.10405967379082565,0.007085265720649818,0.02435144866806032,full,0.3139237416190212,32768,1383796224,0.02124003396318956,106,with_replacement,4294967296,14.112911760807037,9000117,completed,2048,heldout,0,0.114630059870827,0.027341069144953465,0.025444610022283154,0.19564080278900486,0.029481264456168662,20.0,0.19543665823372525,0.02724249432114317
4,52,3.800576377660036,ce9344dce5f56b4cda176bcdb36371f48911618aa600da1465617419b4995b69,324a2d406707f9daea94ae5b41dbad7950efa93d,unbiased,,,117,cuda,1.0,8,0.5,learned_mixture,0.6579087428264963,False,64,standard normal at finite u_max,0.2218438899971828,0.007085265720649818,0.046506644320501736,unbiased,3.0522238767791275e-05,32768,202038784,0.02738464943651199,650,without_replacement,268435456,3.0548369996249676,9000117,completed,2048,heldout,0,0.20641283256266546,0.042309443022993005,0.03158922549560558,0.38794558509055066,0.047597898863653926,20.0,0.3871266348164438,0.05091691703960029
4,53,13.670171950012445,ce9344dce5f56b4cda176bcdb36371f48911618aa600da1465617419b4995b69,324a2d406707f9daea94ae5b41dbad7950efa93d,tail,,,117,cuda,1.0,8,0.5,learned_mixture,0.6022512095627425,True,64,standard normal at finite u_max,0.307062832048703,0.007085265720649818,0.08169122570092202,tail,3.472315389284988e-05,32768,202038784,0.018153629988686387,459,without_replacement,268435456,3.402774151414633,9000117,completed,2048,heldout,0,0.31231943549904645,0.08291180790605833,0.02235820604777998,0.28438777142334903,0.08477894740040509,20.0,0.28411573341668933,0.08396354368552962
4,54,24.202040813863277,ce9344dce5f56b4cda176bcdb36371f48911618aa600da1465617419b4995b69,324a2d406707f9daea94ae5b41dbad7950efa93d,full,,,118,cuda,1.0,8,0.5,learned_mixture,0.5025836463292573,True,64,standard normal at finite u_max,0.07663603932717467,0.008324668856995163,0.016355524113740298,full,0.3412066566046373,32768,1383796224,0.013739010979983854,105,with_replacement,4294967296,14.028319850564003,9000118,completed,2048,heldout,0,0.08805099747443215,0.019368378856215823,0.01800979577018448,0.1627619219875549,0.02074493223757972,20.0,0.16264055626718182,0.017510257114745686
4,55,3.709157958626747,ce9344dce5f56b4cda176bcdb36371f48911618aa600da1465617419b4995b69,324a2d406707f9daea94ae5b41dbad7950efa93d,unbiased,,,118,cuda,1.0,8,0.5,learned_mixture,0.5228632828114766,False,64,standard normal at finite u_max,0.18744727492796176,0.008324668856995163,0.035941565014021806,unbiased,3.054151007341313e-05,32768,202038784,0.014210394988018654,668,without_replacement,268435456,2.963239688426256,9000118,completed,2048,heldout,0,0.19313285331281058,0.03746407377022184,0.012309647807697471,0.4192371566183361,0.04534880256647373,20.0,0.4190036464155366,0.0439451228159373
4,56,4.151133857667446,ce9344dce5f56b4cda176bcdb36371f48911618aa600da1465617419b4995b69,324a2d406707f9daea94ae5b41dbad7950efa93d,tail,,,118,cuda,1.0,8,0.5,learned_mixture,0.763310244789319,True,64,standard normal at finite u_max,0.4255708678344561,0.008324668856995163,0.10999601886598943,tail,3.5642507000881106e-05,32768,202038784,0.06019663697817191,434,without_replacement,268435456,3.3978049270808697,9000118,completed,2048,heldout,0,0.4220751780096835,0.10857109336425913,0.056855783313969906,0.45799267306063474,0.11369968397029956,20.0,0.4579521446923853,0.11497330250088458
4,57,14.82015099748969,ce9344dce5f56b4cda176bcdb36371f48911618aa600da1465617419b4995b69,324a2d406707f9daea94ae5b41dbad7950efa93d,full,,,119,cuda,1.0,8,0.5,learned_mixture,0.7663457004331203,True,64,standard normal at finite u_max,0.08394314537907191,0.006917066174204074,0.020029197675189018,full,0.34979121597397034,32768,1383796224,0.004552434366602756,93,with_replacement,4294967296,14.065457239747047,9000119,completed,2048,heldout,0,0.08738151304741917,0.021053883989065714,0.007036437268686205,0.16461625478276623,0.02193900677652561,20.0,0.16736135706905542,0.021714823632973543
4,58,13.112096767872572,ce9344dce5f56b4cda176bcdb36371f48911618aa600da1465617419b4995b69,324a2d406707f9daea94ae5b41dbad7950efa93d,unbiased,,,119,cuda,1.0,8,0.5,learned_mixture,0.7751877628293696,False,64,standard normal at finite u_max,0.20542123906534548,0.006917066174204074,0.04283468244485414,unbiased,3.096400510583717e-05,32768,202038784,0.005022194211038111,631,without_replacement,268435456,2.958577636629343,9000119,completed,2048,heldout,0,0.20402143120536145,0.04248607576796296,0.002533314475085896,0.4269180470949767,0.047524664863609616,20.0,0.4288674749781224,0.04744764570709446
4,59,4.1323323510587215,ce9344dce5f56b4cda176bcdb36371f48911618aa600da1465617419b4995b69,324a2d406707f9daea94ae5b41dbad7950efa93d,tail,,,119,cuda,1.0,8,0.5,learned_mixture,0.6736357206881888,True,64,standard normal at finite u_max,0.2636509546056778,0.006917066174204074,0.0707429555194807,tail,0.0024984820786585166,32768,202038784,0.012131505851651112,350,without_replacement,268435456,3.377801574766636,9000119,completed,2048,heldout,0,0.264695566219665,0.07040197677404807,0.01461550875373456,0.25185405119560134,0.07218045304748238,20.0,0.2544639428364731,0.07152306026494493
4,60,14.804966323077679,642c9ac8b37cc879a46c5dc332c9d99eb4ae9d0bd2c4b38a1ce3bbe1af22951a,324a2d406707f9daea94ae5b41dbad7950efa93d,full,,,100,cuda,1.0,8,0.5,learned_mixture,0.8059732110115012,True,64,standard normal at finite u_max,0.05976021012987612,0.003859117095899903,0.013826793191123184,full,0.3680516722789772,32768,1383796224,0.0023662632374353053,88,with_replacement,4294967296,14.05574444681406,9001100,completed,2048,heldout,1,0.05838634646061584,0.013556039447871072,0.0026495881635085526,0.10594407928386076,0.015395464878813622,20.0,0.11174005191687988,0.01604223960262632
4,61,13.129465654492378,642c9ac8b37cc879a46c5dc332c9d99eb4ae9d0bd2c4b38a1ce3bbe1af22951a,324a2d406707f9daea94ae5b41dbad7950efa93d,unbiased,,,100,cuda,1.0,8,0.5,learned_mixture,0.6759733121692606,False,64,standard normal at finite u_max,0.16613866506414401,0.003859117095899903,0.03252353955829442,unbiased,3.1267646259246574e-05,32768,202038784,0.012545608015466312,635,without_replacement,268435456,2.9575790725648403,9001100,completed,2048,heldout,1,0.16340466952453547,0.03153940408647086,0.01282893294153956,0.36883662179695054,0.0382486253366506,20.0,0.37318751096982405,0.03871894362163736
4,62,4.143135901540518,642c9ac8b37cc879a46c5dc332c9d99eb4ae9d0bd2c4b38a1ce3bbe1af22951a,324a2d406707f9daea94ae5b41dbad7950efa93d,tail,,,100,cuda,1.0,8,0.5,learned_mixture,0.8198765262662906,True,64,standard normal at finite u_max,0.2985405963404757,0.003859117095899903,0.07916054423882447,tail,5.369291073216755e-05,32768,202038784,0.006760438374357192,404,without_replacement,268435456,3.3884158357977867,9001100,completed,2048,heldout,1,0.297515535006207,0.07908447183131155,0.007043763300430439,0.3147487823734836,0.08137824477252936,20.0,0.31918410119512186,0.081361469098794
4,63,14.810549732297659,642c9ac8b37cc879a46c5dc332c9d99eb4ae9d0bd2c4b38a1ce3bbe1af22951a,324a2d406707f9daea94ae5b41dbad7950efa93d,full,,,101,cuda,1.0,8,0.5,learned_mixture,0.8230484697045853,True,64,standard normal at finite u_max,0.05670743629720312,0.004582094078559887,0.012425367297279055,full,0.37149918621709327,32768,1383796224,0.002188962651860442,92,with_replacement,4294967296,14.044920552521944,9001101,completed,2048,heldout,1,0.06190376362595629,0.013658950691217336,0.002543429434434237,0.13321176654300126,0.016927260120079477,20.0,0.14037226083928328,0.014710115969408383
4,64,3.7054134272038937,642c9ac8b37cc879a46c5dc332c9d99eb4ae9d0bd2c4b38a1ce3bbe1af22951a,324a2d406707f9daea94ae5b41dbad7950efa93d,unbiased,,,101,cuda,1.0,8,0.5,learned_mixture,0.9016290824817915,False,64,standard normal at finite u_max,0.17193342241851606,0.004582094078559887,0.037752482744916195,unbiased,3.06408302915173e-05,32768,202038784,0.001028050503908584,641,without_replacement,268435456,2.9575185254216194,9001101,completed,2048,heldout,1,0.1725265268515894,0.037820372317203706,0.0006987159631906686,0.3684648404227312,0.04219525205588604,20.0,0.37420091376710934,0.04189614647007683
4,65,13.548276506364346,642c9ac8b37cc879a46c5dc332c9d99eb4ae9d0bd2c4b38a1ce3bbe1af22951a,324a2d406707f9daea94ae5b41dbad7950efa93d,tail,,,101,cuda,1.0,8,0.5,learned_mixture,0.7950661379812658,True,64,standard normal at finite u_max,0.42280910741589706,0.004582094078559887,0.11435737247338167,tail,3.387245286207526e-05,32768,201902080,0.0021628180262453084,449,without_replacement,268435456,3.3979375436902046,9001101,completed,2048,heldout,1,0.42746232267417944,0.11594852653286393,0.001833483485527393,0.4381746941535577,0.11850709788128941,20.0,0.44332989243859694,0.1179502478866167
4,66,24.245190359652042,642c9ac8b37cc879a46c5dc332c9d99eb4ae9d0bd2c4b38a1ce3bbe1af22951a,324a2d406707f9daea94ae5b41dbad7950efa93d,full,,,102,cuda,1.0,8,0.5,learned_mixture,0.5288917782276216,True,64,standard normal at finite u_max,0.07255129428949791,0.005068022337764737,0.015574489719790908,full,0.3638910962193755,32768,1383796224,0.0009186794322730701,98,with_replacement,4294967296,14.042448312044144,9001102,completed,2048,heldout,1,0.07424078982392611,0.016335282574611042,0.0008044841822854726,0.16903084023412132,0.01795148132898335,20.0,0.17348343111575837,0.01740796559647234
4,67,3.7011020965874195,642c9ac8b37cc879a46c5dc332c9d99eb4ae9d0bd2c4b38a1ce3bbe1af22951a,324a2d406707f9daea94ae5b41dbad7950efa93d,unbiased,,,102,cuda,1.0,8,0.5,learned_mixture,0.7533409121350635,False,64,standard normal at finite u_max,0.17401302877637723,0.005068022337764737,0.03586175137454882,unbiased,3.1053638486716245e-05,32768,202038784,0.0015289206905442776,638,without_replacement,268435456,2.958230335265398,9001102,completed,2048,heldout,1,0.17312860022402907,0.03555955953177738,0.00141472544055668,0.39306661746716787,0.0399805161604901,20.0,0.3965227138945379,0.040013878678629364
4,68,4.1546808406710625,642c9ac8b37cc879a46c5dc332c9d99eb4ae9d0bd2c4b38a1ce3bbe1af22951a,324a2d406707f9daea94ae5b41dbad7950efa93d,tail,,,102,cuda,1.0,8,0.5,learned_mixture,0.5405378949262473,True,64,standard normal at finite u_max,0.38566448584560076,0.005068022337764737,0.10287606776345058,tail,7.205669828772189e-05,32768,202038784,0.0015309516423433478,485,without_replacement,268435456,3.4024731032550335,9001102,completed,2048,heldout,1,0.3885348436834737,0.10385314171041564,0.0014167563923557502,0.33912616152861225,0.10441914913463879,20.0,0.339817063408929,0.10364765779339602
4,69,14.823502123355865,642c9ac8b37cc879a46c5dc332c9d99eb4ae9d0bd2c4b38a1ce3bbe1af22951a,324a2d406707f9daea94ae5b41dbad7950efa93d,full,,,103,cuda,1.0,8,0.5,learned_mixture,0.6521973910373766,True,64,standard normal at finite u_max,0.051537808151973286,0.0036684018930524176,0.011774799772538216,full,0.3457435379035455,32768,1383796224,0.0016673042757863218,96,with_replacement,4294967296,14.06847296282649,9001103,completed,2048,heldout,1,0.04558635551680571,0.010263916053776731,0.0015088398464038646,0.10999630775610297,0.011243584366804804,20.0,0.11513356086649831,0.01304707008893955
4,70,3.7243195846676826,642c9ac8b37cc879a46c5dc332c9d99eb4ae9d0bd2c4b38a1ce3bbe1af22951a,324a2d406707f9daea94ae5b41dbad7950efa93d,unbiased,,,103,cuda,1.0,8,0.5,learned_mixture,0.7864773948745963,False,64,standard normal at finite u_max,0.1586274848289352,0.0036684018930524176,0.034016181848898486,unbiased,3.3819637704381417e-05,32768,202038784,0.0016810154185034334,647,without_replacement,268435456,2.970348421484232,9001103,completed,2048,heldout,1,0.15199629202898585,0.03193969084249199,0.0015225509891209762,0.33179570342869635,0.0368396533940169,20.0,0.33585687144137444,0.03778510058565336
4,71,13.574377670884132,642c9ac8b37cc879a46c5dc332c9d99eb4ae9d0bd2c4b38a1ce3bbe1af22951a,324a2d406707f9daea94ae5b41dbad7950efa93d,tail,,,103,cuda,1.0,8,0.5,learned_mixture,0.7506480098356079,True,64,standard normal at finite u_max,0.3996383976735101,0.0036684018930524176,0.1084165821012337,tail,5.504327645142418e-05,32768,202038784,0.0025383334866825942,457,without_replacement,268435456,3.398675959557295,9001103,completed,2048,heldout,1,0.39504188386881806,0.10714768752193113,0.00237875280789842,0.36865655335268643,0.10888911390849923,20.0,0.3731141815789528,0.11040113389148724
4,72,14.826658938080072,642c9ac8b37cc879a46c5dc332c9d99eb4ae9d0bd2c4b38a1ce3bbe1af22951a,324a2d406707f9daea94ae5b41dbad7950efa93d,full,,,104,cuda,1.0,8,0.5,learned_mixture,0.714461447260825,True,64,standard normal at finite u_max,0.06416280117791578,0.004086803438536802,0.014042424383695793,full,0.35281182994325977,32768,1383796224,0.002114707751868422,97,with_replacement,4294967296,14.070199687033892,9001104,completed,2048,heldout,1,0.07207156624940897,0.01673946647260769,0.0031776306873620014,0.1636227067858762,0.018270331089418158,20.0,0.17183569415214414,0.016870375495409335
4,73,13.07766206562519,642c9ac8b37cc879a46c5dc332c9d99eb4ae9d0bd2c4b38a1ce3bbe1af22951a,324a2d406707f9daea94ae5b41dbad7950efa93d,unbiased,,,104,cuda,1.0,8,0.5,learned_mixture,0.80064783997254,False,64,standard normal at finite u_max,0.11378344384020761,0.004086803438536802,0.023640579664310813,unbiased,3.103076010472991e-05,32768,202038784,0.012211419870406498,631,without_replacement,268435456,2.95613182336092,9001104,completed,2048,heldout,1,0.11122354300086429,0.02286276896436372,0.013274342805900077,0.2869064897436459,0.026565200825573808,20.0,0.2936627014328885,0.027045975975250488
4,74,4.149436559528112,642c9ac8b37cc879a46c5dc332c9d99eb4ae9d0bd2c4b38a1ce3bbe1af22951a,324a2d406707f9daea94ae5b41dbad7950efa93d,tail,,,104,cuda,1.0,8,0.5,learned_mixture,0.8908339930813431,True,64,standard normal at finite u_max,0.5782415406051392,0.004086803438536802,0.16629565839428584,tail,3.7846681314014534e-05,32768,202038784,0.03314925116988986,457,without_replacement,268435456,3.395374935120344,9001104,completed,2048,heldout,1,0.5840245868732074,0.16750034498629088,0.034212174105383436,0.5848038094068693,0.1684291221031922,20.0,0.5888032238873584,0.16749230462077286
4,75,14.834358535706997,642c9ac8b37cc879a46c5dc332c9d99eb4ae9d0bd2c4b38a1ce3bbe1af22951a,324a2d406707f9daea94ae5b41dbad7950efa93d,full,,,105,cuda,1.0,8,0.5,learned_mixture,0.9962416288178868,True,64,standard normal at finite u_max,0.04927391016610174,0.001379085863234898,0.008739899155789226,full,0.3667433464554868,32768,1383796224,0.008636972104476717,91,with_replacement,4294967296,14.079559713602066,9001105,completed,2048,heldout,1,0.050069618888226655,0.009020847334486102,0.008159520829570699,0.16955802074034226,0.011951030167875689,20.0,0.17286123234162365,0.011725566090990305
4,76,3.7111153453588486,642c9ac8b37cc879a46c5dc332c9d99eb4ae9d0bd2c4b38a1ce3bbe1af22951a,324a2d406707f9daea94ae5b41dbad7950efa93d,unbiased,,,105,cuda,1.0,8,0.5,learned_mixture,0.8250935171672643,False,64,standard normal at finite u_max,0.19730855276728673,0.001379085863234898,0.037954939023223326,unbiased,3.058039959736525e-05,32768,202038784,0.04874111379153119,645,without_replacement,268435456,2.9652532674372196,9001105,completed,2048,heldout,1,0.19663588073804156,0.03767399084452645,0.049381188686791866,0.4162744954705637,0.04478358452348878,20.0,0.4184638577275606,0.044862074342737555
4,77,13.524997975677252,642c9ac8b37cc879a46c5dc332c9d99eb4ae9d0bd2c4b38a1ce3bbe1af22951a,324a2d406707f9daea94ae5b41dbad7950efa93d,tail,,,105,cuda,1.0,8,0.5,learned_mixture,0.6605239288360557,True,64,standard normal at finite u_max,0.15168149343416223,0.001379085863234898,0.03807938958335283,tail,0.016860176172102625,32768,202038784,0.02627888991743436,282,without_replacement,268435456,3.359988819807768,9001105,completed,2048,heldout,1,0.1554194080320997,0.039261434114821754,0.026918964812695036,0.14541372347239717,0.039679409313296096,20.0,0.14888699799128996,0.038702358096241236
4,78,24.20270584523678,642c9ac8b37cc879a46c5dc332c9d99eb4ae9d0bd2c4b38a1ce3bbe1af22951a,324a2d406707f9daea94ae5b41dbad7950efa93d,full,,,106,cuda,1.0,8,0.5,learned_mixture,0.5656316951899922,True,64,standard normal at finite u_max,0.0665049771945132,0.0057604279083224574,0.014942414423849783,full,0.3574697489421824,32768,1383796224,0.0019178899210414149,96,with_replacement,4294967296,14.044766958802938,9001106,completed,2048,heldout,1,0.07569219254173488,0.017579171414795803,0.0014507630088015358,0.14952864374225708,0.019085268790040258,20.0,0.15553530769857157,0.016529980801308176
4,79,3.7231358028948307,642c9ac8b37cc879a46c5dc332c9d99eb4ae9d0bd2c4b38a1ce3bbe1af22951a,324a2d406707f9daea94ae5b41dbad7950efa93d,unbiased,,,106,cuda,1.0,8,0.5,learned_mixture,0.7066538933377954,False,64,standard normal at finite u_max,0.33318545639847297,0.0057604279083224574,0.06998221982563162,unbiased,3.071442885433115e-05,32768,202038784,0.011570233668650396,694,without_replacement,268435456,2.9800024665892124,9001106,completed,2048,heldout,1,0.3170566223372246,0.06563079007693207,0.01166892954582782,0.5491069337059653,0.06860921395912606,20.0,0.5517206790590704,0.07235448019211632
4,80,4.157204627990723,642c9ac8b37cc879a46c5dc332c9d99eb4ae9d0bd2c4b38a1ce3bbe1af22951a,324a2d406707f9daea94ae5b41dbad7950efa93d,tail,,,106,cuda,1.0,8,0.5,learned_mixture,0.6257121867854462,True,64,standard normal at finite u_max,0.44329111586993053,0.0057604279083224574,0.1097116990866128,tail,3.0645032524956546e-05,32768,202038784,0.01066018625219951,499,without_replacement,268435456,3.405003387480974,9001106,completed,2048,heldout,1,0.4471224651262946,0.11182759287313326,0.011127159593114593,0.46588200144467995,0.11298466700016516,20.0,0.46949957978027973,0.11103132232131604
4,81,14.804469466209412,642c9ac8b37cc879a46c5dc332c9d99eb4ae9d0bd2c4b38a1ce3bbe1af22951a,324a2d406707f9daea94ae5b41dbad7950efa93d,full,,,107,cuda,1.0,8,0.5,learned_mixture,0.8002632027331051,True,64,standard normal at finite u_max,0.05324361186057671,0.005590222926321918,0.01062466161105936,full,0.3065446726460363,32768,1383796224,0.0026968594438792383,96,with_replacement,4294967296,14.049522638320923,9001107,completed,2048,heldout,1,0.06140334377454225,0.013150940789708673,0.003803347014414416,0.16284926975744873,0.015382662840955711,20.0,0.16798590701897645,0.012753323549289099
4,82,3.7123259603977203,642c9ac8b37cc879a46c5dc332c9d99eb4ae9d0bd2c4b38a1ce3bbe1af22951a,324a2d406707f9daea94ae5b41dbad7950efa93d,unbiased,,,107,cuda,1.0,8,0.5,learned_mixture,0.788985351820167,False,64,standard normal at finite u_max,0.2342044806072084,0.005590222926321918,0.05858232366617648,unbiased,3.3621647809452344e-05,32768,202038784,0.013588526622449547,651,without_replacement,268435456,2.9607557617127895,9001107,completed,2048,heldout,1,0.23419864386864014,0.058471301256872554,0.012563162773123894,0.38960596975018114,0.062248852918800134,20.0,0.3933595251306967,0.06317587864395978
4,83,13.564395025372505,642c9ac8b37cc879a46c5dc332c9d99eb4ae9d0bd2c4b38a1ce3bbe1af22951a,324a2d406707f9daea94ae5b41dbad7950efa93d,tail,,,107,cuda,1.0,8,0.5,learned_mixture,0.546317359175384,True,64,standard normal at finite u_max,0.4037646736854132,0.005590222926321918,0.1027680092265584,tail,0.0001371961827081519,32768,202038784,0.012578188171863796,416,without_replacement,268435456,3.3869628086686134,9001107,completed,2048,heldout,1,0.41160391205906083,0.1045150037738929,0.011552824322538143,0.3883125513648538,0.10699366478903613,20.0,0.3919714297649433,0.10493943250919481
4,84,14.81627931073308,642c9ac8b37cc879a46c5dc332c9d99eb4ae9d0bd2c4b38a1ce3bbe1af22951a,324a2d406707f9daea94ae5b41dbad7950efa93d,full,,,108,cuda,1.0,8,0.5,learned_mixture,0.9317182030542085,True,64,standard normal at finite u_max,0.0602384907521291,0.002951317937016403,0.012991243651920776,full,0.36076702049956144,32768,1383796224,0.0020138804248447523,93,with_replacement,4294967296,14.061903417110443,9001108,completed,2048,heldout,1,0.0614589864473768,0.013811006344356452,0.001579572639508503,0.12744120743002035,0.016248820411857604,20.0,0.1360574358737675,0.01591953545174327
4,85,13.141260839998722,642c9ac8b37cc879a46c5dc332c9d99eb4ae9d0bd2c4b38a1ce3bbe1af22951a,324a2d406707f9daea94ae5b41dbad7950efa93d,unbiased,,,108,cuda,1.0,8,0.5,learned_mixture,0.9476912501004359,False,64,standard normal at finite u_max,0.28808949061279554,0.002951317937016403,0.06700411387331869,unbiased,3.059919269191971e-05,32768,202038784,0.05628984329245463,633,without_replacement,268435456,2.969925608485937,9001108,completed,2048,heldout,1,0.2890297490832774,0.06716857223518768,0.056723956338818736,0.42790161760226575,0.06901085855046396,20.0,0.43239146182965355,0.06870417271778857
4,86,4.155945248901844,642c9ac8b37cc879a46c5dc332c9d99eb4ae9d0bd2c4b38a1ce3bbe1af22951a,324a2d406707f9daea94ae5b41dbad7950efa93d,tail,,,108,cuda,1.0,8,0.5,learned_mixture,0.7013078452891429,True,64,standard normal at finite u_max,0.4919511921802487,0.002951317937016403,0.13170589626337373,tail,4.343345545184397e-05,32768,202038784,0.028023240390576354,449,without_replacement,268435456,3.4004069603979588,9001108,completed,2048,heldout,1,0.4886713619639706,0.1304432949356264,0.02845735343694046,0.3776245755182961,0.1304655725624315,20.0,0.3828525708848515,0.13173226177173156
4,87,14.815004125237465,642c9ac8b37cc879a46c5dc332c9d99eb4ae9d0bd2c4b38a1ce3bbe1af22951a,324a2d406707f9daea94ae5b41dbad7950efa93d,full,,,109,cuda,1.0,8,0.5,learned_mixture,0.8929884942173316,True,64,standard normal at finite u_max,0.07021408126735032,0.0030208418024110476,0.01544859180162234,full,0.35468781008413597,32768,1383796224,0.01843788463735927,96,with_replacement,4294967296,14.056009337306023,9001109,completed,2048,heldout,1,0.07580819827131859,0.017205308895173237,0.01891551715391477,0.1346642603670538,0.01863508895135753,20.0,0.13760712032266348,0.01749787175624025
4,88,3.703525088727474,642c9ac8b37cc879a46c5dc332c9d99eb4ae9d0bd2c4b38a1ce3bbe1af22951a,324a2d406707f9daea94ae5b41dbad7950efa93d,unbiased,,,109,cuda,1.0,8,0.5,learned_mixture,0.525781002666386,False,64,standard normal at finite u_max,0.24919122216251316,0.0030208418024110476,0.05529843639672325,unbiased,3.1638792072568325e-05,32768,202038784,0.06718794565614224,649,without_replacement,268435456,2.960401639342308,9001109,completed,2048,heldout,1,0.2484473709004965,0.05497952798667573,0.06919975252582865,0.3970010757756922,0.058539401694072214,20.0,0.39866198631455096,0.05808610708998394
4,89,13.553793545812368,642c9ac8b37cc879a46c5dc332c9d99eb4ae9d0bd2c4b38a1ce3bbe1af22951a,324a2d406707f9daea94ae5b41dbad7950efa93d,tail,,,109,cuda,1.0,8,0.5,learned_mixture,0.8291991351790708,True,64,standard normal at finite u_max,0.28685721917932466,0.0030208418024110476,0.07406104515636881,tail,0.00015133972170114322,32768,202038784,0.021120603101940714,404,without_replacement,268435456,3.390709973871708,9001109,completed,2048,heldout,1,0.2885807740388495,0.07516889662286516,0.021598235618496213,0.3244764492263777,0.07793482307607333,20.0,0.3267715242551324,0.07703460744194082
4,90,24.207744974642992,642c9ac8b37cc879a46c5dc332c9d99eb4ae9d0bd2c4b38a1ce3bbe1af22951a,324a2d406707f9daea94ae5b41dbad7950efa93d,full,,,110,cuda,1.0,8,0.5,learned_mixture,0.9997781078369419,True,64,standard normal at finite u_max,0.05412916087615044,0.004302813488830395,0.009444497559675344,full,0.3645374806586735,32768,1383796224,0.003920841308975964,95,with_replacement,4294967296,14.05018788203597,9001110,completed,2048,heldout,1,0.052999245006411094,0.009694243220480814,0.0039012942565506553,0.19780739657930899,0.012407185109814079,20.0,0.20198295906269506,0.012853223364174106
4,91,3.7111782021820545,642c9ac8b37cc879a46c5dc332c9d99eb4ae9d0bd2c4b38a1ce3bbe1af22951a,324a2d406707f9daea94ae5b41dbad7950efa93d,unbiased,,,110,cuda,1.0,8,0.5,learned_mixture,0.8962446263313921,False,64,standard normal at finite u_max,0.20064748700299212,0.004302813488830395,0.04375304265551427,unbiased,3.205417748203279e-05,32768,202038784,0.009378217815596113,647,without_replacement,268435456,2.960400026291609,9001110,completed,2048,heldout,1,0.19313715177390323,0.041920527553843775,0.008465160723919604,0.3805073678254399,0.04398971933751843,20.0,0.38348665368065404,0.04613559651056594
4,92,4.135076351463795,642c9ac8b37cc879a46c5dc332c9d99eb4ae9d0bd2c4b38a1ce3bbe1af22951a,324a2d406707f9daea94ae5b41dbad7950efa93d,tail,,,110,cuda,1.0,8,0.5,learned_mixture,0.8225140983115822,True,64,standard normal at finite u_max,0.31705448046462303,0.004302813488830395,0.08005071278954272,tail,0.00011107391525607577,32768,202038784,0.035044753713902685,407,without_replacement,268435456,3.384268030524254,9001110,completed,2048,heldout,1,0.30225783666312045,0.07577250337933347,0.03378845782405693,0.2637528499460521,0.07578168443998543,20.0,0.2673268408545645,0.080056776960824
4,93,14.805251091718674,642c9ac8b37cc879a46c5dc332c9d99eb4ae9d0bd2c4b38a1ce3bbe1af22951a,324a2d406707f9daea94ae5b41dbad7950efa93d,full,,,111,cuda,1.0,8,0.5,learned_mixture,0.6834993808461501,True,64,standard normal at finite u_max,0.10020946808544867,0.0032393428692206834,0.024497012115848024,full,0.3676651856804367,32768,1383796224,5.3062795652217276e-05,93,with_replacement,4294967296,14.052780732512474,9001111,completed,2048,heldout,1,0.092638965428055,0.022109947349506193,4.207946116695227e-05,0.14359134320302008,0.023376650737671638,20.0,0.14590564749070445,0.025291927292998156
4,94,3.7084418945014477,642c9ac8b37cc879a46c5dc332c9d99eb4ae9d0bd2c4b38a1ce3bbe1af22951a,324a2d406707f9daea94ae5b41dbad7950efa93d,unbiased,,,111,cuda,1.0,8,0.5,learned_mixture,0.6973967657158366,False,64,standard normal at finite u_max,0.18193123467831954,0.0032393428692206834,0.040481450217849824,unbiased,3.089378844992511e-05,32768,202038784,8.022049002563703e-05,649,without_replacement,268435456,2.961480401456356,9001111,completed,2048,heldout,1,0.17990121191949324,0.03995111374526428,6.923715554037202e-05,0.36782598689658985,0.04427773922330074,20.0,0.36919622569810584,0.04494711004472324
4,95,14.037396259605885,642c9ac8b37cc879a46c5dc332c9d99eb4ae9d0bd2c4b38a1ce3bbe1af22951a,324a2d406707f9daea94ae5b41dbad7950efa93d,tail,,,111,cuda,1.0,8,0.5,learned_mixture,0.9344246154989398,True,64,standard normal at finite u_max,0.43150472220565655,0.0032393428692206834,0.12132674880666103,tail,7.368829637189895e-05,32768,202038784,8.022049002563703e-05,472,without_replacement,268435456,3.4162277691066265,9001111,completed,2048,heldout,1,0.430444718309299,0.12107034979311916,6.923715554037202e-05,0.5104242175600887,0.12435965285969551,20.0,0.5116731923034993,0.12425744387997116
4,96,14.79755436629057,642c9ac8b37cc879a46c5dc332c9d99eb4ae9d0bd2c4b38a1ce3bbe1af22951a,324a2d406707f9daea94ae5b41dbad7950efa93d,full,,,112,cuda,1.0,8,0.5,learned_mixture,0.8037226513837825,True,64,standard normal at finite u_max,0.06689017784294843,0.004996151629202323,0.01434805420135829,full,0.3436134734210191,32768,1383796224,9.869090451808393e-07,96,with_replacement,4294967296,14.041756443679333,9001112,completed,2048,heldout,1,0.0566042149835952,0.011211065501344764,7.688728954902135e-07,0.17772633572863206,0.013674636353475945,20.0,0.18270046746069818,0.01559869267901034
4,97,13.131550811231136,642c9ac8b37cc879a46c5dc332c9d99eb4ae9d0bd2c4b38a1ce3bbe1af22951a,324a2d406707f9daea94ae5b41dbad7950efa93d,unbiased,,,112,cuda,1.0,8,0.5,learned_mixture,0.8675027329169858,False,64,standard normal at finite u_max,0.1140321540534782,0.004996151629202323,0.024610535351161172,unbiased,3.222273192052673e-05,32768,202038784,9.869090451808393e-07,638,without_replacement,268435456,2.962032839655876,9001112,completed,2048,heldout,1,0.10331075831009344,0.021662169066525017,7.688728954902135e-07,0.29968297398375354,0.025698008202709927,20.0,0.30385595257563536,0.02841874512318106
4,98,4.153092637658119,642c9ac8b37cc879a46c5dc332c9d99eb4ae9d0bd2c4b38a1ce3bbe1af22951a,324a2d406707f9daea94ae5b41dbad7950efa93d,tail,,,112,cuda,1.0,8,0.5,learned_mixture,0.6419268577746262,True,64,standard normal at finite u_max,0.39236064014329947,0.004996151629202323,0.10783660347518745,tail,0.00011347205853995431,32768,202038784,9.869090451808393e-07,455,without_replacement,268435456,3.3983547128736973,9001112,completed,2048,heldout,1,0.3935645595667794,0.10719000917168259,7.688728954902135e-07,0.4281621440443878,0.10889572182092075,20.0,0.43164739819020076,0.11001451137313144
4,99,14.799694702029228,642c9ac8b37cc879a46c5dc332c9d99eb4ae9d0bd2c4b38a1ce3bbe1af22951a,324a2d406707f9daea94ae5b41dbad7950efa93d,full,,,113,cuda,1.0,8,0.5,learned_mixture,0.9246385447519353,True,64,standard normal at finite u_max,0.062038556985482995,0.0041974428288792465,0.014977172781321046,full,0.3371025185533638,32768,1383796224,5.392636129308848e-09,96,with_replacement,4294967296,14.046248212456703,9001113,completed,2048,heldout,1,0.07379969197021871,0.018853922248039362,4.4079475347569286e-09,0.12596800941316832,0.019645245355869423,20.0,0.13300452663727225,0.016335151564308096
4,100,3.7100846245884895,642c9ac8b37cc879a46c5dc332c9d99eb4ae9d0bd2c4b38a1ce3bbe1af22951a,324a2d406707f9daea94ae5b41dbad7950efa93d,unbiased,,,113,cuda,1.0,8,0.5,learned_mixture,0.6965486528910694,False,64,standard normal at finite u_max,0.10076106022303719,0.0041974428288792465,0.022334328748442364,unbiased,3.1496147567482056e-05,32768,202038784,5.392636129308848e-09,632,without_replacement,268435456,2.956627231091261,9001113,completed,2048,heldout,1,0.09348744132571336,0.019719195846116574,4.4079475347569286e-09,0.21438117314570693,0.023094363786741266,20.0,0.2149307813314767,0.02521579070110414
4,101,13.552135929465294,642c9ac8b37cc879a46c5dc332c9d99eb4ae9d0bd2c4b38a1ce3bbe1af22951a,324a2d406707f9daea94ae5b41dbad7950efa93d,tail,,,113,cuda,1.0,8,0.5,learned_mixture,0.9614094742277934,True,64,standard normal at finite u_max,0.362902029813646,0.0041974428288792465,0.10387679347488829,tail,0.00045530556540366224,32768,202038784,5.392636129308848e-09,421,without_replacement,268435456,3.3904156014323235,9001113,completed,2048,heldout,1,0.36585059599092384,0.1052165883106399,4.4079475347569286e-09,0.38119271302078844,0.1058289599398424,20.0,0.3864498667435161,0.10460098833244799
4,102,24.201223254203796,642c9ac8b37cc879a46c5dc332c9d99eb4ae9d0bd2c4b38a1ce3bbe1af22951a,324a2d406707f9daea94ae5b41dbad7950efa93d,full,,,114,cuda,1.0,8,0.5,learned_mixture,0.9989314388624682,True,64,standard normal at finite u_max,0.04946448280459665,0.0041316548044599,0.011178187214614898,full,0.3680285644317962,32768,1383796224,0.009679887250041999,91,with_replacement,4294967296,14.040121238678694,9001114,completed,2048,heldout,1,0.05348277756549517,0.012781179272201038,0.009588456023704103,0.14312614092129666,0.013778600501471238,20.0,0.14455727133603274,0.01270287687022849
4,103,3.7485570423305035,642c9ac8b37cc879a46c5dc332c9d99eb4ae9d0bd2c4b38a1ce3bbe1af22951a,324a2d406707f9daea94ae5b41dbad7950efa93d,unbiased,,,114,cuda,1.0,8,0.5,learned_mixture,0.5980414929132319,False,64,standard normal at finite u_max,0.13824029957755868,0.0041316548044599,0.028513541036373095,unbiased,3.055068085870343e-05,32768,202038784,0.015224871685855543,627,without_replacement,268435456,2.984574731439352,9001114,completed,2048,heldout,1,0.13228281516815485,0.026989746562679322,0.015132103954819013,0.3434387722583515,0.031869832187304645,20.0,0.34716027418026685,0.03350616731846106
4,104,4.141980029642582,642c9ac8b37cc879a46c5dc332c9d99eb4ae9d0bd2c4b38a1ce3bbe1af22951a,324a2d406707f9daea94ae5b41dbad7950efa93d,tail,,,114,cuda,1.0,8,0.5,learned_mixture,0.8585216191230912,True,64,standard normal at finite u_max,0.2901764144989366,0.0041316548044599,0.07837394404261366,tail,0.00039803740180862295,32768,202038784,0.048272124202128494,375,without_replacement,268435456,3.378888513892889,9001114,completed,2048,heldout,1,0.2867795090306122,0.07742368954473858,0.048179356471091964,0.36787187888082706,0.08009166272760802,20.0,0.3715674038935395,0.08055652892789243
4,105,24.209034636616707,642c9ac8b37cc879a46c5dc332c9d99eb4ae9d0bd2c4b38a1ce3bbe1af22951a,324a2d406707f9daea94ae5b41dbad7950efa93d,full,,,115,cuda,1.0,8,0.5,learned_mixture,0.8825861754641587,True,64,standard normal at finite u_max,0.06827989400169622,0.002943053184124719,0.013846496523376352,full,0.2996749037436224,32768,1383796224,0.008408684396415712,101,with_replacement,4294967296,14.027297373861074,9001115,completed,2048,heldout,1,0.06228473841484347,0.011999271605764633,0.0072557245991151445,0.17987875461718972,0.015316756377186703,20.0,0.18131319461180978,0.016548813379202654
4,106,3.712479803711176,642c9ac8b37cc879a46c5dc332c9d99eb4ae9d0bd2c4b38a1ce3bbe1af22951a,324a2d406707f9daea94ae5b41dbad7950efa93d,unbiased,,,115,cuda,1.0,8,0.5,learned_mixture,0.9976849710025477,False,64,standard normal at finite u_max,0.19611102014723858,0.002943053184124719,0.044551499919440095,unbiased,3.0761419093778486e-05,32768,202038784,0.054172055544894966,662,without_replacement,268435456,2.963314063847065,9001115,completed,2048,heldout,1,0.20473035238876947,0.046899327510274466,0.05527852548275342,0.32425135634707813,0.04955564117773138,20.0,0.3254251647208283,0.047473422268629675
4,107,4.173047333955765,642c9ac8b37cc879a46c5dc332c9d99eb4ae9d0bd2c4b38a1ce3bbe1af22951a,324a2d406707f9daea94ae5b41dbad7950efa93d,tail,,,115,cuda,1.0,8,0.5,learned_mixture,0.5786388052792165,True,64,standard normal at finite u_max,0.2904400216594705,0.002943053184124719,0.0742319341977448,tail,3.234229800082016e-05,32768,202038784,0.027650475559345696,479,without_replacement,268435456,3.421874266117811,9001115,completed,2048,heldout,1,0.28800090226644015,0.07324268677763397,0.028756945497204152,0.2804670911738246,0.07590434037298711,20.0,0.281245274516342,0.07669624569559692
4,108,14.819008402526379,642c9ac8b37cc879a46c5dc332c9d99eb4ae9d0bd2c4b38a1ce3bbe1af22951a,324a2d406707f9daea94ae5b41dbad7950efa93d,full,,,116,cuda,1.0,8,0.5,learned_mixture,0.9984308448532028,True,64,standard normal at finite u_max,0.06746597084545126,0.006689241642823522,0.016264409392041004,full,0.2647663161215508,32768,1383796224,0.001772867231609436,99,with_replacement,4294967296,14.058326665312052,9001116,completed,2048,heldout,1,0.0647363566884431,0.015077741895551867,0.0017240723610432566,0.14908387911123844,0.017469224511819873,20.0,0.15118507842920392,0.017676891950459697
4,109,13.108117282390594,642c9ac8b37cc879a46c5dc332c9d99eb4ae9d0bd2c4b38a1ce3bbe1af22951a,324a2d406707f9daea94ae5b41dbad7950efa93d,unbiased,,,116,cuda,1.0,8,0.5,learned_mixture,0.6145698441794433,False,64,standard normal at finite u_max,0.31242554836912306,0.006689241642823522,0.07669952768561053,unbiased,3.052175277876946e-05,32768,202038784,0.00955737576309355,659,without_replacement,268435456,2.9605081491172314,9001116,completed,2048,heldout,1,0.3044469111881125,0.07475805061602295,0.009588435983972462,0.38177517196030986,0.07711589911970218,20.0,0.38208617024256175,0.07899442733569977
4,110,4.152334660291672,642c9ac8b37cc879a46c5dc332c9d99eb4ae9d0bd2c4b38a1ce3bbe1af22951a,324a2d406707f9daea94ae5b41dbad7950efa93d,tail,,,116,cuda,1.0,8,0.5,learned_mixture,0.5964646073088906,True,64,standard normal at finite u_max,0.3477318837119464,0.006689241642823522,0.09656193047813506,tail,7.057112083490149e-05,32768,202038784,0.04415501000981363,475,without_replacement,268435456,3.3994954228401184,9001116,completed,2048,heldout,1,0.34403833589652477,0.09631901302468532,0.0447356583080461,0.3955897439525832,0.09952978346194774,20.0,0.3960907772095566,0.09930382814856788
4,111,14.823047410696745,642c9ac8b37cc879a46c5dc332c9d99eb4ae9d0bd2c4b38a1ce3bbe1af22951a,324a2d406707f9daea94ae5b41dbad7950efa93d,full,,,117,cuda,1.0,8,0.5,learned_mixture,0.6536915319371674,True,64,standard normal at finite u_max,0.11847639640564403,0.00498881130759613,0.029025379444327107,full,0.3675586909684774,32768,1383796224,0.023616757819920182,96,with_replacement,4294967296,14.071084637194872,9001117,completed,2048,heldout,1,0.11967802107931041,0.029450276192621336,0.02406882535586364,0.15916708054691575,0.029986176374287975,20.0,0.16267177735142324,0.02952963084579246
4,112,13.133835103362799,642c9ac8b37cc879a46c5dc332c9d99eb4ae9d0bd2c4b38a1ce3bbe1af22951a,324a2d406707f9daea94ae5b41dbad7950efa93d,unbiased,,,117,cuda,1.0,8,0.5,learned_mixture,0.9441402771804195,False,64,standard normal at finite u_max,0.24159909511672958,0.00498881130759613,0.054302323935652284,unbiased,3.084477907362384e-05,32768,202038784,0.04905981464631978,656,without_replacement,268435456,2.9647502452135086,9001117,completed,2048,heldout,1,0.2506287652769372,0.05689085803740472,0.04951188218226324,0.4314245673851333,0.06149980728758625,20.0,0.4334747657518725,0.058767887544504196
4,113,4.153870306909084,642c9ac8b37cc879a46c5dc332c9d99eb4ae9d0bd2c4b38a1ce3bbe1af22951a,324a2d406707f9daea94ae5b41dbad7950efa93d,tail,,,117,cuda,1.0,8,0.5,learned_mixture,0.8470211877547502,True,64,standard normal at finite u_max,0.3167558255945092,0.00498881130759613,0.08938645336618009,tail,3.851746788277126e-05,32768,202038784,0.03667793092232002,460,without_replacement,268435456,3.3961338251829147,9001117,completed,2048,heldout,1,0.3102352629178915,0.08796354655181404,0.0356898229735613,0.2797754596237929,0.09026227107044034,20.0,0.2825234468665229,0.09100266060912734
4,114,14.819180760532618,642c9ac8b37cc879a46c5dc332c9d99eb4ae9d0bd2c4b38a1ce3bbe1af22951a,324a2d406707f9daea94ae5b41dbad7950efa93d,full,,,118,cuda,1.0,8,0.5,learned_mixture,0.7201624879459917,True,64,standard normal at finite u_max,0.10619362198552149,0.0034861899111410773,0.024917514099497797,full,0.30563705542675745,32768,1383796224,0.030481003423433857,101,with_replacement,4294967296,14.060990530997515,9001118,completed,2048,heldout,1,0.11090824008162073,0.026288953246055093,0.0306108049173451,0.16338963498741507,0.02708130742953227,20.0,0.16899734505384736,0.02579804123972609
4,115,13.115666721016169,642c9ac8b37cc879a46c5dc332c9d99eb4ae9d0bd2c4b38a1ce3bbe1af22951a,324a2d406707f9daea94ae5b41dbad7950efa93d,unbiased,,,118,cuda,1.0,8,0.5,learned_mixture,0.6253018404041204,False,64,standard normal at finite u_max,0.2479370049714001,0.0034861899111410773,0.05205419963784967,unbiased,3.052188321939038e-05,32768,202038784,0.027210149761181083,667,without_replacement,268435456,2.9745497219264507,9001118,completed,2048,heldout,1,0.24952376330476153,0.052628471625402795,0.02685161580134653,0.40819455191081133,0.05876781361131749,20.0,0.41221623116960526,0.058715038545621684
4,116,4.1637465581297874,642c9ac8b37cc879a46c5dc332c9d99eb4ae9d0bd2c4b38a1ce3bbe1af22951a,324a2d406707f9daea94ae5b41dbad7950efa93d,tail,,,118,cuda,1.0,8,0.5,learned_mixture,0.7336286055878348,True,64,standard normal at finite u_max,0.46013445166199585,0.0034861899111410773,0.1166933757485426,tail,3.68338651608592e-05,32768,202038784,0.06109106157122562,432,without_replacement,268435456,3.3972628004848957,9001118,completed,2048,heldout,1,0.4579426921325866,0.116384361214464,0.06096040710109469,0.4006180516610298,0.11730582300588432,20.0,0.4045618626696226,0.11769150341812018
4,117,14.877163901925087,642c9ac8b37cc879a46c5dc332c9d99eb4ae9d0bd2c4b38a1ce3bbe1af22951a,324a2d406707f9daea94ae5b41dbad7950efa93d,full,,,119,cuda,1.0,8,0.5,learned_mixture,0.7313576943871162,True,64,standard normal at finite u_max,0.06957444171816804,0.004468826552550038,0.014494803599459663,full,0.3524392406533011,32768,1383796224,0.0067512895221672475,94,with_replacement,4294967296,14.0752689614892,9001119,completed,2048,heldout,1,0.07235415180861815,0.015467805239146554,0.008578219774929396,0.16437780018401985,0.018948217949749907,20.0,0.16926824291570713,0.017852105092434383
4,118,13.34613410755992,642c9ac8b37cc879a46c5dc332c9d99eb4ae9d0bd2c4b38a1ce3bbe1af22951a,324a2d406707f9daea94ae5b41dbad7950efa93d,unbiased,,,119,cuda,1.0,8,0.5,learned_mixture,0.6135615608502217,False,64,standard normal at finite u_max,0.21298788600517632,0.004468826552550038,0.05109853237372581,unbiased,3.0551300287027875e-05,32768,202038784,0.010296317582993124,633,without_replacement,268435456,2.9633523747324944,9001119,completed,2048,heldout,1,0.20772693391194008,0.04968020021239619,0.008467599201167684,0.3513150756919333,0.05452678233090335,20.0,0.3548297033690842,0.05518586435332558
4,119,4.13023529201746,642c9ac8b37cc879a46c5dc332c9d99eb4ae9d0bd2c4b38a1ce3bbe1af22951a,324a2d406707f9daea94ae5b41dbad7950efa93d,tail,,,119,cuda,1.0,8,0.5,learned_mixture,0.6625884590742407,True,64,standard normal at finite u_max,0.33304707171037023,0.004468826552550038,0.09220680304287147,tail,0.001382770738974429,32768,202038784,0.025278034465224183,351,without_replacement,268435456,3.3761553913354874,9001119,completed,2048,heldout,1,0.32075655325972735,0.08876657953939555,0.023448553342205622,0.2557058088668525,0.08877048006031182,20.0,0.2594879638861824,0.09221004221958769
4,120,14.83119523897767,4ad56f1f2de8ac7e99a997dc798fcc9a82d5e41bcaa01483fa8161ba24fa2737,324a2d406707f9daea94ae5b41dbad7950efa93d,full,,,100,cuda,1.0,8,0.5,learned_mixture,0.9977152043860738,True,64,standard normal at finite u_max,0.053447644546401246,0.007143256457492633,0.009871480748959615,full,0.35969036474155897,32768,1383796224,0.003910299571240087,95,with_replacement,4294967296,14.076262421905994,9002100,completed,2048,heldout,2,0.047426717861316914,0.007720826423236196,0.0036419972091086953,0.20235081308356034,0.01221930915661951,20.0,0.19163885853239462,0.013187412892375325
4,121,3.7075604535639286,4ad56f1f2de8ac7e99a997dc798fcc9a82d5e41bcaa01483fa8161ba24fa2737,324a2d406707f9daea94ae5b41dbad7950efa93d,unbiased,,,100,cuda,1.0,8,0.5,learned_mixture,0.6381930883435929,False,64,standard normal at finite u_max,0.17106276818518398,0.007143256457492633,0.03214671489957714,unbiased,3.1627983777386696e-05,32768,202038784,0.0077627047540797,636,without_replacement,268435456,2.9624562077224255,9002100,completed,2048,heldout,2,0.17912887212004217,0.034165235305040384,0.007494402391948308,0.43210526529416554,0.041999158279257015,20.0,0.4244870282536229,0.03907206640654699
4,122,13.54331661015749,4ad56f1f2de8ac7e99a997dc798fcc9a82d5e41bcaa01483fa8161ba24fa2737,324a2d406707f9daea94ae5b41dbad7950efa93d,tail,,,100,cuda,1.0,8,0.5,learned_mixture,0.9676688965888373,True,64,standard normal at finite u_max,0.3035164998987996,0.007143256457492633,0.08020903359606796,tail,4.93503752102175e-05,32768,202038784,0.011870288716854156,411,without_replacement,268435456,3.394471138715744,9002100,completed,2048,heldout,2,0.29109796856208103,0.07599101677409253,0.011601986354722763,0.35070701322611814,0.07779336427586957,20.0,0.3421243458510239,0.08099597786074302
4,123,14.786850191652775,4ad56f1f2de8ac7e99a997dc798fcc9a82d5e41bcaa01483fa8161ba24fa2737,324a2d406707f9daea94ae5b41dbad7950efa93d,full,,,101,cuda,1.0,8,0.5,learned_mixture,0.5686095239787265,True,64,standard normal at finite u_max,0.08723285276284834,0.007214935048627894,0.02127618496244185,full,0.35333811084106737,32768,1383796224,0.000882362547090733,95,with_replacement,4294967296,14.026875868439674,9002101,completed,2048,heldout,2,0.10766620295457321,0.027353439340809922,0.0003746722789709932,0.17081186977613982,0.028470922409302386,20.0,0.16048616983675779,0.02302268317916236
4,124,13.126487627625465,4ad56f1f2de8ac7e99a997dc798fcc9a82d5e41bcaa01483fa8161ba24fa2737,324a2d406707f9daea94ae5b41dbad7950efa93d,unbiased,,,101,cuda,1.0,8,0.5,learned_mixture,0.6845578518944208,False,64,standard normal at finite u_max,0.22121367339789394,0.007214935048627894,0.04630800908747988,unbiased,3.097041666296859e-05,32768,202038784,0.000553334833457042,645,without_replacement,268435456,2.967240110039711,9002101,completed,2048,heldout,2,0.22908353769945528,0.047937100878599564,0.0012471055477488863,0.46026403184405495,0.05493341186313895,20.0,0.4536280386849764,0.052645587387817924
4,125,4.1524518467485905,4ad56f1f2de8ac7e99a997dc798fcc9a82d5e41bcaa01483fa8161ba24fa2737,324a2d406707f9daea94ae5b41dbad7950efa93d,tail,,,101,cuda,1.0,8,0.5,learned_mixture,0.6242483183709986,True,64,standard normal at finite u_max,0.3791283306328041,0.007214935048627894,0.10425628179926434,tail,3.821882965859259e-05,32768,202038784,0.0017326476396318552,450,without_replacement,268435456,3.394610196352005,9002101,completed,2048,heldout,2,0.38099139494252554,0.10423616334387624,0.0024264183539236994,0.42042354186549136,0.1078605992087649,20.0,0.41318025284500415,0.10728745841267914
4,126,14.830926857888699,4ad56f1f2de8ac7e99a997dc798fcc9a82d5e41bcaa01483fa8161ba24fa2737,324a2d406707f9daea94ae5b41dbad7950efa93d,full,,,102,cuda,1.0,8,0.5,learned_mixture,0.9381156252242694,True,64,standard normal at finite u_max,0.06343283225026691,0.009191998680324033,0.012860053992986186,full,0.3560763817235328,32768,1383796224,0.0008473032089503924,102,with_replacement,4294967296,14.074188277125359,9002102,completed,2048,heldout,2,0.054674638059229945,0.010158324192740455,0.0005803968637366763,0.18426137564832115,0.013375475883988104,20.0,0.17091139283632112,0.015712801925765765
4,127,13.120649307966232,4ad56f1f2de8ac7e99a997dc798fcc9a82d5e41bcaa01483fa8161ba24fa2737,324a2d406707f9daea94ae5b41dbad7950efa93d,unbiased,,,102,cuda,1.0,8,0.5,learned_mixture,0.997981122615971,False,64,standard normal at finite u_max,0.19382000410771136,0.009191998680324033,0.039954871134748174,unbiased,3.0876814256029675e-05,32768,202038784,0.0014478260348630978,643,without_replacement,268435456,2.9611224345862865,9002102,completed,2048,heldout,2,0.21263615293817725,0.04559296347729901,0.0011809196896493818,0.3889980169923807,0.049957076107233885,20.0,0.37893510528291563,0.04582339838043671
4,128,4.154378212988377,4ad56f1f2de8ac7e99a997dc798fcc9a82d5e41bcaa01483fa8161ba24fa2737,324a2d406707f9daea94ae5b41dbad7950efa93d,tail,,,102,cuda,1.0,8,0.5,learned_mixture,0.6005028025190317,True,64,standard normal at finite u_max,0.4042334218233997,0.009191998680324033,0.10336994291147901,tail,7.883157647723157e-05,32768,202038784,0.001523655639882035,484,without_replacement,268435456,3.40060243755579,9002102,completed,2048,heldout,2,0.4036556773298647,0.10292735270903088,0.001256749294668319,0.39084258997090143,0.10542064608978724,20.0,0.38077952236237567,0.10647492410491026
4,129,14.786732908338308,4ad56f1f2de8ac7e99a997dc798fcc9a82d5e41bcaa01483fa8161ba24fa2737,324a2d406707f9daea94ae5b41dbad7950efa93d,full,,,103,cuda,1.0,8,0.5,learned_mixture,0.6168654723508207,True,64,standard normal at finite u_max,0.058893527283453165,0.008396449332283708,0.011480963134335522,full,0.33549706068921364,32768,1383796224,0.0017199440206334756,94,with_replacement,4294967296,14.031349811702967,9002103,completed,2048,heldout,2,0.05582980372977808,0.009781352545048305,0.0014033190929409263,0.1964164587755946,0.013731073114946854,20.0,0.18419280793205522,0.01407085013032811
4,130,3.706368464976549,4ad56f1f2de8ac7e99a997dc798fcc9a82d5e41bcaa01483fa8161ba24fa2737,324a2d406707f9daea94ae5b41dbad7950efa93d,unbiased,,,103,cuda,1.0,8,0.5,learned_mixture,0.6381649182760167,False,64,standard normal at finite u_max,0.13489583127853974,0.008396449332283708,0.02891434082643625,unbiased,3.126494546571779e-05,32768,202038784,0.0015003386180790501,646,without_replacement,268435456,2.959260728210211,9002103,completed,2048,heldout,2,0.138525692812148,0.02976753778949914,0.0011837136903865009,0.33403952250889,0.032423748683582936,20.0,0.3240645660086993,0.03172622863546641
4,131,13.57123813778162,4ad56f1f2de8ac7e99a997dc798fcc9a82d5e41bcaa01483fa8161ba24fa2737,324a2d406707f9daea94ae5b41dbad7950efa93d,tail,,,103,cuda,1.0,8,0.5,learned_mixture,0.8176797565553737,True,64,standard normal at finite u_max,0.43515490718322997,0.008396449332283708,0.12461120274015863,tail,3.7581421274386453e-05,32768,202038784,0.002651995783042052,460,without_replacement,268435456,3.3968386836349964,9002103,completed,2048,heldout,2,0.4235199824903606,0.12080971728755185,0.002335370855349503,0.40382876666835427,0.12550251084246597,20.0,0.3983643295230386,0.12827244434038154
4,132,14.848672319203615,4ad56f1f2de8ac7e99a997dc798fcc9a82d5e41bcaa01483fa8161ba24fa2737,324a2d406707f9daea94ae5b41dbad7950efa93d,full,,,104,cuda,1.0,8,0.5,learned_mixture,0.8271282086357947,True,64,standard normal at finite u_max,0.042657884882550096,0.00786038839673026,0.006735113236480465,full,0.3572968632281511,32768,1383796224,0.003236234414768349,98,with_replacement,4294967296,14.095675818622112,9002104,completed,2048,heldout,2,0.053844653426060825,0.010770471653389263,0.0010536903560509764,0.17507545803426589,0.01269644234252828,20.0,0.1671958813702843,0.010617349384465158
4,133,3.705078396946192,4ad56f1f2de8ac7e99a997dc798fcc9a82d5e41bcaa01483fa8161ba24fa2737,324a2d406707f9daea94ae5b41dbad7950efa93d,unbiased,,,104,cuda,1.0,8,0.5,learned_mixture,0.7314672044435133,False,64,standard normal at finite u_max,0.10542582675194556,0.00786038839673026,0.020520927464186964,unbiased,3.313569847326343e-05,32768,202038784,0.008047167285321233,628,without_replacement,268435456,2.956538274884224,9002104,completed,2048,heldout,2,0.11600310510291319,0.02348866194890671,0.004271061063541276,0.28548666847128173,0.029377370318782594,20.0,0.27897636757747507,0.026141100645193732
4,134,13.574718154966831,4ad56f1f2de8ac7e99a997dc798fcc9a82d5e41bcaa01483fa8161ba24fa2737,324a2d406707f9daea94ae5b41dbad7950efa93d,tail,,,104,cuda,1.0,8,0.5,learned_mixture,0.9222586822043248,True,64,standard normal at finite u_max,0.4886540082261126,0.00786038839673026,0.15067953250832405,tail,6.723276048932319e-05,32768,202038784,0.05474786240191486,462,without_replacement,268435456,3.396085299551487,9002104,completed,2048,heldout,2,0.4833704066599868,0.14693615090787657,0.05674148489618748,0.4980130747215635,0.15127464008481079,20.0,0.4934787077160568,0.15420018938656643
4,135,24.195447575300932,4ad56f1f2de8ac7e99a997dc798fcc9a82d5e41bcaa01483fa8161ba24fa2737,324a2d406707f9daea94ae5b41dbad7950efa93d,full,,,105,cuda,1.0,8,0.5,learned_mixture,0.7780209878814931,True,64,standard normal at finite u_max,0.14309178969220526,0.004669996538538659,0.03159061260149551,full,0.3710783501935754,32768,1383659520,0.019441675243235597,95,with_replacement,4294967296,14.034469168633223,9002105,completed,2048,heldout,2,0.14736253331538318,0.033259792329808954,0.021848549015820944,0.18442151610447519,0.0354736620510411,20.0,0.1708054723990473,0.03498929006871893
4,136,3.7104868553578854,4ad56f1f2de8ac7e99a997dc798fcc9a82d5e41bcaa01483fa8161ba24fa2737,324a2d406707f9daea94ae5b41dbad7950efa93d,unbiased,,,105,cuda,1.0,8,0.5,learned_mixture,0.8131144166032805,False,64,standard normal at finite u_max,0.20291215455114942,0.004669996538538659,0.03844922931502845,unbiased,3.0582202608521783e-05,32768,202038784,0.05289454322833827,646,without_replacement,268435456,2.959125842899084,9002105,completed,2048,heldout,2,0.20836088832061822,0.039825809132457216,0.05760355024262995,0.4347704668679774,0.046577732957451476,20.0,0.42784284551815244,0.045049433893204316
4,137,4.125843483954668,4ad56f1f2de8ac7e99a997dc798fcc9a82d5e41bcaa01483fa8161ba24fa2737,324a2d406707f9daea94ae5b41dbad7950efa93d,tail,,,105,cuda,1.0,8,0.5,learned_mixture,0.7731353080117735,True,64,standard normal at finite u_max,0.20551525812877378,0.004669996538538659,0.052470992441526185,tail,0.005651188651905883,32768,202038784,0.048675423772771086,296,without_replacement,268435456,3.3694242648780346,9002105,completed,2048,heldout,2,0.20316881049708213,0.051691765603103526,0.04661169099565705,0.17891453987466893,0.052104744069689055,20.0,0.1685999303154364,0.052831668033544776
4,138,24.22927537932992,4ad56f1f2de8ac7e99a997dc798fcc9a82d5e41bcaa01483fa8161ba24fa2737,324a2d406707f9daea94ae5b41dbad7950efa93d,full,,,106,cuda,1.0,8,0.5,learned_mixture,0.7117204636058831,True,64,standard normal at finite u_max,0.05585102786660191,0.008370047869447938,0.010245456379000921,full,0.36624893978890244,32768,1383796224,0.002874002073276474,100,with_replacement,4294967296,14.065097086131573,9002106,completed,2048,heldout,2,0.0655450076315083,0.012430774577738446,0.0033383262354001377,0.1947242212947523,0.01596272667693245,20.0,0.18042725491213543,0.01406642185885948
4,139,3.7177669554948807,4ad56f1f2de8ac7e99a997dc798fcc9a82d5e41bcaa01483fa8161ba24fa2737,324a2d406707f9daea94ae5b41dbad7950efa93d,unbiased,,,106,cuda,1.0,8,0.5,learned_mixture,0.7579989866944614,False,64,standard normal at finite u_max,0.31613008243792545,0.008370047869447938,0.06343882057797307,unbiased,3.061366251050524e-05,32768,202038784,0.011231777610708926,695,without_replacement,268435456,2.96923740580678,9002106,completed,2048,heldout,2,0.3010696042640057,0.05910924097880695,0.01169610177283259,0.5716611167798573,0.06803366133574346,20.0,0.5634103381685844,0.07059483518647143
4,140,4.1606831550598145,4ad56f1f2de8ac7e99a997dc798fcc9a82d5e41bcaa01483fa8161ba24fa2737,324a2d406707f9daea94ae5b41dbad7950efa93d,tail,,,106,cuda,1.0,8,0.5,learned_mixture,0.9057693514163643,True,64,standard normal at finite u_max,0.44502406434568575,0.008370047869447938,0.11482936318470932,tail,3.052731143603119e-05,32768,202038784,0.005305469576409677,495,without_replacement,268435456,3.4065285846590996,9002106,completed,2048,heldout,2,0.4405996804250478,0.11343743331718852,0.0067506905353465485,0.4852880102906799,0.11624066641219924,20.0,0.475913236375506,0.11704413753674497
4,141,24.222079001367092,4ad56f1f2de8ac7e99a997dc798fcc9a82d5e41bcaa01483fa8161ba24fa2737,324a2d406707f9daea94ae5b41dbad7950efa93d,full,,,107,cuda,1.0,8,0.5,learned_mixture,0.973269374342839,True,64,standard normal at finite u_max,0.06448118499432268,0.007359790557780636,0.013518551501095835,full,0.3031251496267436,32768,1383796224,0.004616094572281912,99,with_replacement,4294967296,14.05520036071539,9002107,completed,2048,heldout,2,0.0638031254875861,0.012713430413194532,0.004483998685056523,0.19066941384431757,0.015105846015771052,20.0,0.17897390792779916,0.015707432122022767
4,142,3.7151987105607986,4ad56f1f2de8ac7e99a997dc798fcc9a82d5e41bcaa01483fa8161ba24fa2737,324a2d406707f9daea94ae5b41dbad7950efa93d,unbiased,,,107,cuda,1.0,8,0.5,learned_mixture,0.9330489567164681,False,64,standard normal at finite u_max,0.26271672311131156,0.007359790557780636,0.05928808078940075,unbiased,3.0656463429724906e-05,32768,202038784,0.011292987872585817,654,without_replacement,268435456,2.9647453874349594,9002107,completed,2048,heldout,2,0.24166481551779,0.05292589999151877,0.011160891985360428,0.4508792869153565,0.058139662164989475,20.0,0.4429585219786707,0.06274406161163505
4,143,4.151242449879646,4ad56f1f2de8ac7e99a997dc798fcc9a82d5e41bcaa01483fa8161ba24fa2737,324a2d406707f9daea94ae5b41dbad7950efa93d,tail,,,107,cuda,1.0,8,0.5,learned_mixture,0.6669497191338953,True,64,standard normal at finite u_max,0.3905561609921829,0.007359790557780636,0.10221333561343846,tail,0.00011160888009417638,32768,202038784,0.014204945471531982,419,without_replacement,268435456,3.388828307390213,9002107,completed,2048,heldout,2,0.3920655438352617,0.1016832154801719,0.014072849584306593,0.3608981893845331,0.10202396047446677,20.0,0.3515301529358017,0.10274971969158252
4,144,24.241474397480488,4ad56f1f2de8ac7e99a997dc798fcc9a82d5e41bcaa01483fa8161ba24fa2737,324a2d406707f9daea94ae5b41dbad7950efa93d,full,,,108,cuda,1.0,8,0.5,learned_mixture,0.7930494451134337,True,64,standard normal at finite u_max,0.07371712604655106,0.008944523847946282,0.01781354666701021,full,0.34514278394289855,32768,1383796224,0.004566168882962823,94,with_replacement,4294967296,14.071207992732525,9002108,completed,2048,heldout,2,0.05523670718543887,0.011933414503064408,0.0022946127264539817,0.1349623497229687,0.014238698944959155,20.0,0.12343799574594402,0.018574592509957404
4,145,3.707650449126959,4ad56f1f2de8ac7e99a997dc798fcc9a82d5e41bcaa01483fa8161ba24fa2737,324a2d406707f9daea94ae5b41dbad7950efa93d,unbiased,,,108,cuda,1.0,8,0.5,learned_mixture,0.966776630039835,False,64,standard normal at finite u_max,0.2458456904510262,0.008944523847946282,0.05661395428568329,unbiased,3.0518353360914275e-05,32768,202038784,0.011239091008251517,632,without_replacement,268435456,2.9561710245907307,9002108,completed,2048,heldout,2,0.259881706826227,0.06019438237833644,0.013511857854160814,0.4056140374650446,0.062011481844935185,20.0,0.39758754472561664,0.058191572567648515
4,146,4.148307658731937,4ad56f1f2de8ac7e99a997dc798fcc9a82d5e41bcaa01483fa8161ba24fa2737,324a2d406707f9daea94ae5b41dbad7950efa93d,tail,,,108,cuda,1.0,8,0.5,learned_mixture,0.5861020932011369,True,64,standard normal at finite u_max,0.4200258846909391,0.008944523847946282,0.1059464285640868,tail,4.4608488032602195e-05,32768,202038784,0.008213130726883677,450,without_replacement,268435456,3.39336946234107,9002108,completed,2048,heldout,2,0.4043140132045705,0.10057917923285346,0.005941574570374836,0.4437614716164246,0.10499454370431699,20.0,0.4362874600959433,0.11012841973768464
4,147,14.823594130575657,4ad56f1f2de8ac7e99a997dc798fcc9a82d5e41bcaa01483fa8161ba24fa2737,324a2d406707f9daea94ae5b41dbad7950efa93d,full,,,109,cuda,1.0,8,0.5,learned_mixture,0.9150371116547309,True,64,standard normal at finite u_max,0.04484610446021768,0.006575228127115497,0.006959002824092935,full,0.3637046870218645,32768,1383796224,0.009645692407385636,99,with_replacement,4294967296,14.07374507561326,9002109,completed,2048,heldout,2,0.052819982993219466,0.008594221893204688,0.008296028508667092,0.19202488135686147,0.012361561331582194,20.0,0.17698252265040515,0.010736458771332742
4,148,3.7372596710920334,4ad56f1f2de8ac7e99a997dc798fcc9a82d5e41bcaa01483fa8161ba24fa2737,324a2d406707f9daea94ae5b41dbad7950efa93d,unbiased,,,109,cuda,1.0,8,0.5,learned_mixture,0.6863452591911522,False,64,standard normal at finite u_max,0.204465463795331,0.006575228127115497,0.03895299575942499,unbiased,3.0977302935303895e-05,32768,202038784,0.03456432114224043,648,without_replacement,268435456,2.9729170203208923,9002109,completed,2048,heldout,2,0.22352715011249605,0.04424931988671002,0.03819829713909657,0.4553621863264552,0.048787266168543036,20.0,0.44498354663374395,0.04427918365342468
4,149,13.524881724268198,4ad56f1f2de8ac7e99a997dc798fcc9a82d5e41bcaa01483fa8161ba24fa2737,324a2d406707f9daea94ae5b41dbad7950efa93d,tail,,,109,cuda,1.0,8,0.5,learned_mixture,0.8169863678002715,True,64,standard normal at finite u_max,0.2389366973439072,0.006575228127115497,0.06039710325191181,tail,0.0003627861976934713,32768,202038784,0.016271294736173603,396,without_replacement,268435456,3.386250626295805,9002109,completed,2048,heldout,2,0.22272580419908347,0.055014137541150684,0.014921630837455058,0.29172267232270555,0.06006848613499868,20.0,0.28138968751135474,0.06348966886329481
4,150,24.237647894769907,4ad56f1f2de8ac7e99a997dc798fcc9a82d5e41bcaa01483fa8161ba24fa2737,324a2d406707f9daea94ae5b41dbad7950efa93d,full,,,110,cuda,1.0,8,0.5,learned_mixture,0.9806346913814027,True,64,standard normal at finite u_max,0.048340719362071766,0.00953268125015727,0.009396005629072082,full,0.35727647674782237,32768,1383522816,0.007391088920662464,100,with_replacement,4294967296,14.025882218033075,9002110,completed,2048,heldout,2,0.0533046307355884,0.010368150950982442,0.004686339061487088,0.10252386135859898,0.012145081545381324,20.0,0.09420462990758938,0.01069137890917634
4,151,3.7071405090391636,4ad56f1f2de8ac7e99a997dc798fcc9a82d5e41bcaa01483fa8161ba24fa2737,324a2d406707f9daea94ae5b41dbad7950efa93d,unbiased,,,110,cuda,1.0,8,0.5,learned_mixture,0.5169494939740945,False,64,standard normal at finite u_max,0.1319408911372884,0.00953268125015727,0.025650586125824628,unbiased,3.093986221501152e-05,32768,202038784,0.01542431116477687,650,without_replacement,268435456,2.958669174462557,9002110,completed,2048,heldout,2,0.12498315319189476,0.0232589603400157,0.0142593869464802,0.35463790329438094,0.028444565454519545,20.0,0.34404042045940464,0.028948743344558003
4,152,4.140416882932186,4ad56f1f2de8ac7e99a997dc798fcc9a82d5e41bcaa01483fa8161ba24fa2737,324a2d406707f9daea94ae5b41dbad7950efa93d,tail,,,110,cuda,1.0,8,0.5,learned_mixture,0.6297621898259236,True,64,standard normal at finite u_max,0.32445956999207637,0.00953268125015727,0.08157669626479669,tail,5.567350143523394e-05,32768,202038784,0.01952094034084011,404,without_replacement,268435456,3.387549962848425,9002110,completed,2048,heldout,2,0.29065225451108734,0.07204401501468977,0.01678769985995281,0.2989848659323132,0.0729916388479418,20.0,0.2869439227967455,0.0819352774338676
4,153,14.826236668974161,4ad56f1f2de8ac7e99a997dc798fcc9a82d5e41bcaa01483fa8161ba24fa2737,324a2d406707f9daea94ae5b41dbad7950efa93d,full,,,111,cuda,1.0,8,0.5,learned_mixture,0.6771217249356115,True,64,standard normal at finite u_max,0.06355365771883026,0.008983405688172021,0.013586756647789959,full,0.34208885695838614,32768,1383796224,8.41759480627452e-05,96,with_replacement,4294967296,14.073387082666159,9002111,completed,2048,heldout,2,0.06352057434861016,0.013352189989643791,6.923715554037202e-05,0.16632154298452223,0.016146860210216493,20.0,0.1483133344026005,0.01612157398248006
4,154,13.128271482884884,4ad56f1f2de8ac7e99a997dc798fcc9a82d5e41bcaa01483fa8161ba24fa2737,324a2d406707f9daea94ae5b41dbad7950efa93d,unbiased,,,111,cuda,1.0,8,0.5,learned_mixture,0.5855943954668306,False,64,standard normal at finite u_max,0.19467578076966688,0.008983405688172021,0.043574112340530394,unbiased,3.113502928550534e-05,32768,202038784,5.9074654870053256e-05,642,without_replacement,268435456,2.960291378200054,9002111,completed,2048,heldout,2,0.20864494315679416,0.04753768162405517,4.413586234768008e-05,0.36305089307396465,0.051585438587763724,20.0,0.34950319228267057,0.04784963132203636
4,155,4.1572947688400745,4ad56f1f2de8ac7e99a997dc798fcc9a82d5e41bcaa01483fa8161ba24fa2737,324a2d406707f9daea94ae5b41dbad7950efa93d,tail,,,111,cuda,1.0,8,0.5,learned_mixture,0.6882504491637425,True,64,standard normal at finite u_max,0.40442408833370236,0.008983405688172021,0.11309371757474095,tail,4.4150860929585654e-05,32768,202038784,8.41759480627452e-05,471,without_replacement,268435456,3.4007958732545376,9002111,completed,2048,heldout,2,0.40140943961983305,0.11220085805482055,6.923715554037202e-05,0.41458175168965333,0.1161373495139371,20.0,0.4017418111185853,0.11801913605752361
4,156,14.821581475436687,4ad56f1f2de8ac7e99a997dc798fcc9a82d5e41bcaa01483fa8161ba24fa2737,324a2d406707f9daea94ae5b41dbad7950efa93d,full,,,112,cuda,1.0,8,0.5,learned_mixture,0.5399884048521499,True,64,standard normal at finite u_max,0.08275933143139186,0.01131460338903378,0.01795464306898078,full,0.3547704369478064,32768,1383796224,9.547852534153023e-07,97,with_replacement,4294967296,14.064330078661442,9002112,completed,2048,heldout,2,0.08684505826647179,0.019513361849732652,7.688728954902135e-07,0.1854752750041644,0.021203371330478133,20.0,0.17342140606846848,0.019979876269057905
4,157,13.137515157461166,4ad56f1f2de8ac7e99a997dc798fcc9a82d5e41bcaa01483fa8161ba24fa2737,324a2d406707f9daea94ae5b41dbad7950efa93d,unbiased,,,112,cuda,1.0,8,0.5,learned_mixture,0.8677425515345779,False,64,standard normal at finite u_max,0.1329285831755763,0.01131460338903378,0.025065170957396785,unbiased,3.2159028268236806e-05,32768,202038784,9.547852534153023e-07,639,without_replacement,268435456,2.9588712006807327,9002112,completed,2048,heldout,2,0.14580605724653445,0.028270219452637448,7.688728954902135e-07,0.369492770848757,0.035932792897934746,20.0,0.3601166304524025,0.03212600781952011
4,158,4.156772688031197,4ad56f1f2de8ac7e99a997dc798fcc9a82d5e41bcaa01483fa8161ba24fa2737,324a2d406707f9daea94ae5b41dbad7950efa93d,tail,,,112,cuda,1.0,8,0.5,learned_mixture,0.6156554605171946,True,64,standard normal at finite u_max,0.40081056279272054,0.01131460338903378,0.10596069842529293,tail,9.321006591999658e-05,32768,202038784,9.547852534153023e-07,453,without_replacement,268435456,3.3994085676968098,9002112,completed,2048,heldout,2,0.381278129605889,0.09897487019723344,7.688728954902135e-07,0.41395718917400204,0.099624244642671,20.0,0.4052070877696695,0.10631865497538787
4,159,14.828949350863695,4ad56f1f2de8ac7e99a997dc798fcc9a82d5e41bcaa01483fa8161ba24fa2737,324a2d406707f9daea94ae5b41dbad7950efa93d,full,,,113,cuda,1.0,8,0.5,learned_mixture,0.9387565354320007,True,64,standard normal at finite u_max,0.051830016988317955,0.008467081376546145,0.009840525911995246,full,0.33074696376897783,32768,1383796224,5.236326094948396e-09,94,with_replacement,4294967296,14.066638670861721,9002113,completed,2048,heldout,2,0.05629053132332135,0.011281383271123893,4.4079475347569286e-09,0.17636887895599837,0.013592719866930194,20.0,0.16485037900396565,0.012838780828930882
4,160,3.7087253965437412,4ad56f1f2de8ac7e99a997dc798fcc9a82d5e41bcaa01483fa8161ba24fa2737,324a2d406707f9daea94ae5b41dbad7950efa93d,unbiased,,,113,cuda,1.0,8,0.5,learned_mixture,0.6674479773775653,False,64,standard normal at finite u_max,0.1642681805759442,0.008467081376546145,0.03493318197623201,unbiased,3.402818654140652e-05,32768,202038784,5.236326094948396e-09,629,without_replacement,268435456,2.9625664837658405,9002113,completed,2048,heldout,2,0.18028250306068053,0.03934459047957085,4.4079475347569286e-09,0.33742912716126117,0.04423612091465958,20.0,0.32741698314318124,0.040963656770377777
4,161,13.545898616313934,4ad56f1f2de8ac7e99a997dc798fcc9a82d5e41bcaa01483fa8161ba24fa2737,324a2d406707f9daea94ae5b41dbad7950efa93d,tail,,,113,cuda,1.0,8,0.5,learned_mixture,0.6734467981811788,True,64,standard normal at finite u_max,0.3323528558421769,0.008467081376546145,0.09427608090955762,tail,7.659267170770639e-05,32768,202038784,5.236326094948396e-09,427,without_replacement,268435456,3.3936264887452126,9002113,completed,2048,heldout,2,0.3204772727278665,0.09030676854132585,4.4079475347569286e-09,0.40064062296176367,0.09347034953989726,20.0,0.3918004453257937,0.09619803289706248
4,162,14.818765010684729,4ad56f1f2de8ac7e99a997dc798fcc9a82d5e41bcaa01483fa8161ba24fa2737,324a2d406707f9daea94ae5b41dbad7950efa93d,full,,,114,cuda,1.0,8,0.5,learned_mixture,0.8995860506903584,True,64,standard normal at finite u_max,0.06412450505592623,0.009020524381211936,0.014700830163945747,full,0.316815301923076,32768,1383796224,0.009631515921305107,96,with_replacement,4294967296,14.067941956222057,9002114,completed,2048,heldout,2,0.055143357441982455,0.011362386489123745,0.014189231680567236,0.16718051399599906,0.014015131579282348,20.0,0.15694355361965556,0.01593530160239529
4,163,3.7044676430523396,4ad56f1f2de8ac7e99a997dc798fcc9a82d5e41bcaa01483fa8161ba24fa2737,324a2d406707f9daea94ae5b41dbad7950efa93d,unbiased,,,114,cuda,1.0,8,0.5,learned_mixture,0.6542801593497914,False,64,standard normal at finite u_max,0.17489996413298117,0.009020524381211936,0.033855781015649886,unbiased,3.058017873844878e-05,32768,202038784,0.030660267108350587,630,without_replacement,268435456,2.956946536898613,9002114,completed,2048,heldout,2,0.18004025706232807,0.03479630086394103,0.03876220746424601,0.4488216083814425,0.041900902986396975,20.0,0.4418813795625485,0.039782451470445915
4,164,13.539445262402296,4ad56f1f2de8ac7e99a997dc798fcc9a82d5e41bcaa01483fa8161ba24fa2737,324a2d406707f9daea94ae5b41dbad7950efa93d,tail,,,114,cuda,1.0,8,0.5,learned_mixture,0.948532165343708,True,64,standard normal at finite u_max,0.28052327240548797,0.009020524381211936,0.07682295522565208,tail,5.034127593988431e-05,32768,202038784,0.03837866383359071,371,without_replacement,268435456,3.3765791058540344,9002114,completed,2048,heldout,2,0.2709713351745907,0.07419123176549543,0.04548002421503413,0.36079749831219465,0.07493736762733458,20.0,0.3521558225359619,0.07782843778489705
4,165,14.8134168908,4ad56f1f2de8ac7e99a997dc798fcc9a82d5e41bcaa01483fa8161ba24fa2737,324a2d406707f9daea94ae5b41dbad7950efa93d,full,,,115,cuda,1.0,8,0.5,learned_mixture,0.9313089465164499,True,64,standard normal at finite u_max,0.09402493249901861,0.0073439724920733715,0.02249371512944616,full,0.3311651067550158,32768,1383796224,0.01113933117621135,106,with_replacement,4294967296,14.060423638671637,9002115,completed,2048,heldout,2,0.08414500664935827,0.019248224181507727,0.01588168836481099,0.15738652910680584,0.020964776214939286,20.0,0.13908437184989408,0.02342759054174833
4,166,13.097744885832071,4ad56f1f2de8ac7e99a997dc798fcc9a82d5e41bcaa01483fa8161ba24fa2737,324a2d406707f9daea94ae5b41dbad7950efa93d,unbiased,,,115,cuda,1.0,8,0.5,learned_mixture,0.5095686967756742,False,64,standard normal at finite u_max,0.1380978205308781,0.0073439724920733715,0.02524164171362761,unbiased,3.0684033809929655e-05,32768,202038784,0.03132610771373118,664,without_replacement,268435456,2.965431984513998,9002115,completed,2048,heldout,2,0.14681223509429753,0.02684730490707582,0.036068464902330816,0.377322755899961,0.03373413674553535,20.0,0.3635667071686144,0.031138069597921595
4,167,4.157892279326916,4ad56f1f2de8ac7e99a997dc798fcc9a82d5e41bcaa01483fa8161ba24fa2737,324a2d406707f9daea94ae5b41dbad7950efa93d,tail,,,115,cuda,1.0,8,0.5,learned_mixture,0.7227965331211612,True,64,standard normal at finite u_max,0.4590759022548836,0.0073439724920733715,0.1118475324830887,tail,3.527985942185024e-05,32768,202038784,0.04063727819170346,483,without_replacement,268435456,3.4007953703403473,9002115,completed,2048,heldout,2,0.44702945686926104,0.10788664525670168,0.04044656463064652,0.40975655278950357,0.110453992732194,20.0,0.39980336694865,0.11505704904441852
4,168,14.819110132753849,4ad56f1f2de8ac7e99a997dc798fcc9a82d5e41bcaa01483fa8161ba24fa2737,324a2d406707f9daea94ae5b41dbad7950efa93d,full,,,116,cuda,1.0,8,0.5,learned_mixture,0.6277031054590405,True,64,standard normal at finite u_max,0.09231933003394296,0.01142316122137631,0.02225745821505501,full,0.3588238291460367,32768,1383796224,0.014030728694408062,100,with_replacement,4294967296,14.067600540816784,9002116,completed,2048,heldout,2,0.06950742905218206,0.015800302327894315,0.017146719203716448,0.15534910094293208,0.017873400081219282,20.0,0.1381290403276571,0.02369382212952883
4,169,13.22551205381751,4ad56f1f2de8ac7e99a997dc798fcc9a82d5e41bcaa01483fa8161ba24fa2737,324a2d406707f9daea94ae5b41dbad7950efa93d,unbiased,,,116,cuda,1.0,8,0.5,learned_mixture,0.5067665694858928,False,64,standard normal at finite u_max,0.26261375775782175,0.01142316122137631,0.062106943559418065,unbiased,3.062990271248637e-05,32768,202038784,0.01373180475538864,663,without_replacement,268435456,3.072147488594055,9002116,completed,2048,heldout,2,0.24966714236419757,0.05897224060516029,0.01205298649013474,0.3922741908646886,0.06485480472310604,20.0,0.3800669493960085,0.06716634102009536
4,170,4.148524675518274,4ad56f1f2de8ac7e99a997dc798fcc9a82d5e41bcaa01483fa8161ba24fa2737,324a2d406707f9daea94ae5b41dbad7950efa93d,tail,,,116,cuda,1.0,8,0.5,learned_mixture,0.7967998240693357,True,64,standard normal at finite u_max,0.4233545478800783,0.01142316122137631,0.11414123092504319,tail,0.00010382024693764572,32768,202038784,0.043896004684796416,472,without_replacement,268435456,3.398879673331976,9002116,completed,2048,heldout,2,0.4167046296530664,0.11264386238508367,0.045577998805434686,0.46281258176904305,0.11425146560647519,20.0,0.4510912683942045,0.11495865704869378
4,171,14.874663915485144,4ad56f1f2de8ac7e99a997dc798fcc9a82d5e41bcaa01483fa8161ba24fa2737,324a2d406707f9daea94ae5b41dbad7950efa93d,full,,,117,cuda,1.0,8,0.5,learned_mixture,0.9730730801183688,True,64,standard normal at finite u_max,0.07371697348919103,0.009415541627387846,0.01616741289469076,full,0.3360911775153464,32768,1383796224,0.008659164347415302,101,with_replacement,4294967296,14.079935409128666,9002117,completed,2048,heldout,2,0.08302067713579932,0.019295228058590623,0.013540220835859332,0.17879646951467487,0.020484388450124666,20.0,0.1631007543645699,0.018111124954042716
4,172,3.8047377318143845,4ad56f1f2de8ac7e99a997dc798fcc9a82d5e41bcaa01483fa8161ba24fa2737,324a2d406707f9daea94ae5b41dbad7950efa93d,unbiased,,,117,cuda,1.0,8,0.5,learned_mixture,0.6445387589457106,False,64,standard normal at finite u_max,0.1927552928818202,0.009415541627387846,0.04110701710865553,unbiased,3.1376641221480995e-05,32768,202038784,0.023161965813494972,655,without_replacement,268435456,3.060029000043869,9002117,completed,2048,heldout,2,0.19064058614142312,0.040348198044572785,0.018280909320578714,0.38447050220651613,0.04657027968005955,20.0,0.37270663499253287,0.04819962045089783
4,173,13.685182258486748,4ad56f1f2de8ac7e99a997dc798fcc9a82d5e41bcaa01483fa8161ba24fa2737,324a2d406707f9daea94ae5b41dbad7950efa93d,tail,,,117,cuda,1.0,8,0.5,learned_mixture,0.6497598722041601,True,64,standard normal at finite u_max,0.31194685718767295,0.009415541627387846,0.08495972032172272,tail,4.484282062861925e-05,32768,202038784,0.026628020763537014,456,without_replacement,268435456,3.5015012100338936,9002117,completed,2048,heldout,2,0.29706366326854855,0.08016993195009191,0.021746964270620756,0.26360313480982106,0.08216831162437244,20.0,0.24985296621097583,0.0865300937870213
4,174,14.81051192432642,4ad56f1f2de8ac7e99a997dc798fcc9a82d5e41bcaa01483fa8161ba24fa2737,324a2d406707f9daea94ae5b41dbad7950efa93d,full,,,118,cuda,1.0,8,0.5,learned_mixture,0.5258439081735049,True,64,standard normal at finite u_max,0.04885322433121449,0.007230076901904187,0.009385703883542977,full,0.32210957959549646,32768,1383796224,0.01256342480165458,102,with_replacement,4294967296,14.053869642317295,9002118,completed,2048,heldout,2,0.05258770893282898,0.010132952682108903,0.01307392182228799,0.1708049298965913,0.012637380181615948,20.0,0.15663064215303552,0.011569605621249151
4,175,3.709894958883524,4ad56f1f2de8ac7e99a997dc798fcc9a82d5e41bcaa01483fa8161ba24fa2737,324a2d406707f9daea94ae5b41dbad7950efa93d,unbiased,,,118,cuda,1.0,8,0.5,learned_mixture,0.522553657383424,False,64,standard normal at finite u_max,0.20505729821955404,0.007230076901904187,0.04284780063312298,unbiased,3.104239360673636e-05,32768,202038784,0.038116650155328204,657,without_replacement,268435456,2.9632854349911213,9002118,completed,2048,heldout,2,0.19345482061940453,0.03901954834148726,0.038627147175961614,0.3949014838264338,0.04407130040821699,20.0,0.38465481259997875,0.04611925188080947
4,176,13.523069322109222,4ad56f1f2de8ac7e99a997dc798fcc9a82d5e41bcaa01483fa8161ba24fa2737,324a2d406707f9daea94ae5b41dbad7950efa93d,tail,,,118,cuda,1.0,8,0.5,learned_mixture,0.7082730111620138,True,64,standard normal at finite u_max,0.38000239078093007,0.007230076901904187,0.09672615766818067,tail,4.945809576329434e-05,32768,202038784,0.04499831187900395,433,without_replacement,268435456,3.389889072626829,9002118,completed,2048,heldout,2,0.36701211938612666,0.09282432003328758,0.04611852043295099,0.39423987135236166,0.09649625877166045,20.0,0.3839260319311538,0.09902148477938222
4,177,14.817993320524693,4ad56f1f2de8ac7e99a997dc798fcc9a82d5e41bcaa01483fa8161ba24fa2737,324a2d406707f9daea94ae5b41dbad7950efa93d,full,,,119,cuda,1.0,8,0.5,learned_mixture,0.5495793117389327,True,64,standard normal at finite u_max,0.05634611268409959,0.009561242700681934,0.012768088627349808,full,0.3426089855685961,32768,1383796224,0.0059815776786715374,96,with_replacement,4294967296,14.064335707575083,9002119,completed,2048,heldout,2,0.05563923526972325,0.011924549153970693,0.00979891255899358,0.1499985430925815,0.014768657697530944,20.0,0.1392494848797845,0.01410595016387006
4,178,13.10153067857027,4ad56f1f2de8ac7e99a997dc798fcc9a82d5e41bcaa01483fa8161ba24fa2737,324a2d406707f9daea94ae5b41dbad7950efa93d,unbiased,,,119,cuda,1.0,8,0.5,learned_mixture,0.8613709488354856,False,64,standard normal at finite u_max,0.2931970022235808,0.009561242700681934,0.07145693528095004,unbiased,3.09184090533413e-05,32768,202038784,0.01968903037511813,634,without_replacement,268435456,2.955671187490225,9002119,completed,2048,heldout,2,0.29367109553875126,0.0720061719144092,0.01586861509719534,0.47431887169553316,0.07577912063123025,20.0,0.4704513674038326,0.07548384183594763
4,179,4.126294776797295,4ad56f1f2de8ac7e99a997dc798fcc9a82d5e41bcaa01483fa8161ba24fa2737,324a2d406707f9daea94ae5b41dbad7950efa93d,tail,,,119,cuda,1.0,8,0.5,learned_mixture,0.5491733775697403,True,64,standard normal at finite u_max,0.28723129090470123,0.009561242700681934,0.07570357810399904,tail,0.005378109983930052,32768,202038784,0.0221483190428068,344,without_replacement,268435456,3.371888067573309,9002119,completed,2048,heldout,2,0.259978501527312,0.0680031733859727,0.0183288118363807,0.2979853559909285,0.06868935190467967,20.0,0.28890208524147326,0.0758553560970911
4,180,14.82605504989624,40d2f60f7b01b721909df18cdd26cc0bda1e28ef62dd47bb3bc9b7acfaa1fbc4,324a2d406707f9daea94ae5b41dbad7950efa93d,full,,,100,cuda,1.0,8,0.5,learned_mixture,0.9628031398250484,True,64,standard normal at finite u_max,0.06090942579452732,0.007066637551908762,0.013489703598269225,full,0.31701516851147754,32768,1383796224,0.0007302584171450727,95,with_replacement,4294967296,14.071897398680449,9003100,completed,2048,heldout,3,0.06260042418526848,0.014466608689347807,0.001720825157444088,0.10458531941195255,0.016211199394483185,20.0,0.10718690482829794,0.015022511169095058
4,181,13.100310567766428,40d2f60f7b01b721909df18cdd26cc0bda1e28ef62dd47bb3bc9b7acfaa1fbc4,324a2d406707f9daea94ae5b41dbad7950efa93d,unbiased,,,100,cuda,1.0,8,0.5,learned_mixture,0.9667130879085195,False,64,standard normal at finite u_max,0.19979613058179083,0.007066637551908762,0.04449243631729016,unbiased,3.057721973760129e-05,32768,202038784,0.010707157298718186,638,without_replacement,268435456,2.958092298358679,9003100,completed,2048,heldout,3,0.1950774043313616,0.04289078651545826,0.011237833845736471,0.37379290059827275,0.04803878606080647,20.0,0.3761115858529912,0.049224877171700994
4,182,4.139127999544144,40d2f60f7b01b721909df18cdd26cc0bda1e28ef62dd47bb3bc9b7acfaa1fbc4,324a2d406707f9daea94ae5b41dbad7950efa93d,tail,,,100,cuda,1.0,8,0.5,learned_mixture,0.5663996568915898,True,64,standard normal at finite u_max,0.2763630857709751,0.007066637551908762,0.07516048164710529,tail,0.00013040023902192576,32768,202038784,0.009891605365259256,406,without_replacement,268435456,3.3874931782484055,9003100,completed,2048,heldout,3,0.2729261911864735,0.07382355896804212,0.010421237399627725,0.27418837592303924,0.07454278891121159,20.0,0.2770405062404228,0.07673506451218531
4,183,24.55636502429843,40d2f60f7b01b721909df18cdd26cc0bda1e28ef62dd47bb3bc9b7acfaa1fbc4,324a2d406707f9daea94ae5b41dbad7950efa93d,full,,,101,cuda,1.0,8,0.5,learned_mixture,0.5902687669176926,True,64,standard normal at finite u_max,0.10083235301087926,0.007984573709162154,0.023595817335620214,full,0.34735594094426325,32768,1383796224,0.0010673397876932935,96,with_replacement,4294967296,14.070975672453642,9003101,completed,2048,heldout,3,0.09387964324214759,0.02169656623919169,0.001121652926261992,0.18528487629952067,0.02420743435644995,20.0,0.18810899078508575,0.02656878504978807
4,184,3.805145386606455,40d2f60f7b01b721909df18cdd26cc0bda1e28ef62dd47bb3bc9b7acfaa1fbc4,324a2d406707f9daea94ae5b41dbad7950efa93d,unbiased,,,101,cuda,1.0,8,0.5,learned_mixture,0.9647010661188653,False,64,standard normal at finite u_max,0.17071243983595463,0.007984573709162154,0.032971035030301965,unbiased,3.108282814522387e-05,32768,202038784,0.0015979880631258848,641,without_replacement,268435456,3.057392429560423,9003101,completed,2048,heldout,3,0.1628415533413861,0.03093492847424725,0.0016523012016945832,0.4188644096226511,0.037386870331908385,20.0,0.4208964261514348,0.039236761203698636
4,185,4.155761048197746,40d2f60f7b01b721909df18cdd26cc0bda1e28ef62dd47bb3bc9b7acfaa1fbc4,324a2d406707f9daea94ae5b41dbad7950efa93d,tail,,,101,cuda,1.0,8,0.5,learned_mixture,0.986238807121733,True,64,standard normal at finite u_max,0.43804874556536993,0.007984573709162154,0.11941413939122912,tail,3.156692341726826e-05,32768,202038784,0.0015185554363553895,435,without_replacement,268435456,3.3936865851283073,9003101,completed,2048,heldout,3,0.44347638813880785,0.1199176074575654,0.001572868574924088,0.495615520533299,0.12471860795424054,20.0,0.49714091225818274,0.12345333155652667
4,186,14.887212377041578,40d2f60f7b01b721909df18cdd26cc0bda1e28ef62dd47bb3bc9b7acfaa1fbc4,324a2d406707f9daea94ae5b41dbad7950efa93d,full,,,102,cuda,1.0,8,0.5,learned_mixture,0.9864885778637774,True,64,standard normal at finite u_max,0.05044395670201656,0.007219499228051522,0.008045685946337602,full,0.34666916316620117,32768,1383796224,0.0005352036387406695,97,with_replacement,4294967296,14.096780393272638,9003102,completed,2048,heldout,3,0.06197453418029423,0.01122707544548094,0.0006423285618856744,0.1771995711342197,0.015277573620023875,20.0,0.18032278363409565,0.012595429766555238
4,187,3.7033493481576443,40d2f60f7b01b721909df18cdd26cc0bda1e28ef62dd47bb3bc9b7acfaa1fbc4,324a2d406707f9daea94ae5b41dbad7950efa93d,unbiased,,,102,cuda,1.0,8,0.5,learned_mixture,0.5148953079030087,False,64,standard normal at finite u_max,0.14922941118801386,0.007219499228051522,0.030139538866522327,unbiased,3.10251823173384e-05,32768,202038784,0.0010960921565802278,637,without_replacement,268435456,2.9581865444779396,9003102,completed,2048,heldout,3,0.14801285438590037,0.029802522242796406,0.0012032170797252328,0.3539460187125365,0.03345556614557564,20.0,0.3563566130554111,0.033658882402159175
4,188,13.568784546107054,40d2f60f7b01b721909df18cdd26cc0bda1e28ef62dd47bb3bc9b7acfaa1fbc4,324a2d406707f9daea94ae5b41dbad7950efa93d,tail,,,102,cuda,1.0,8,0.5,learned_mixture,0.7081298614893857,True,64,standard normal at finite u_max,0.373611527903947,0.007219499228051522,0.09450118962730526,tail,7.931587093727554e-05,32768,202038784,0.0013164724173624492,483,without_replacement,268435456,3.408003568649292,9003102,completed,2048,heldout,3,0.37820164679948465,0.09592067789026162,0.0014235973405074542,0.4093847838742328,0.09725107326855735,20.0,0.41156207162646125,0.09573299741663646
4,189,24.23812221735716,40d2f60f7b01b721909df18cdd26cc0bda1e28ef62dd47bb3bc9b7acfaa1fbc4,324a2d406707f9daea94ae5b41dbad7950efa93d,full,,,103,cuda,1.0,8,0.5,learned_mixture,0.5460655245531881,True,64,standard normal at finite u_max,0.07203687411048246,0.007758602766802434,0.016261859801932142,full,0.3236469658024392,32768,1383796224,0.0006550566711110808,97,with_replacement,4294967296,14.059334486722946,9003103,completed,2048,heldout,3,0.06485099550530664,0.013979243945249943,0.0007544210803694838,0.16000840455094859,0.016513377918425196,20.0,0.16482002463470974,0.01784255456509193
4,190,3.714509181678295,40d2f60f7b01b721909df18cdd26cc0bda1e28ef62dd47bb3bc9b7acfaa1fbc4,324a2d406707f9daea94ae5b41dbad7950efa93d,unbiased,,,103,cuda,1.0,8,0.5,learned_mixture,0.9717214781407182,False,64,standard normal at finite u_max,0.1906697629924065,0.007758602766802434,0.04416614131860322,unbiased,3.094620158882011e-05,32768,202038784,0.0014234524574323862,654,without_replacement,268435456,2.962881237268448,9003103,completed,2048,heldout,3,0.18910798311042906,0.04412060736595387,0.001398876920410516,0.3190167225055193,0.04732514326140377,20.0,0.3226860001424575,0.04844323409207564
4,191,4.151771351695061,40d2f60f7b01b721909df18cdd26cc0bda1e28ef62dd47bb3bc9b7acfaa1fbc4,324a2d406707f9daea94ae5b41dbad7950efa93d,tail,,,103,cuda,1.0,8,0.5,learned_mixture,0.5317475004658557,True,64,standard normal at finite u_max,0.39406625677828455,0.007758602766802434,0.10540328960059822,tail,6.413244762721237e-05,32768,202038784,0.002281902746479214,457,without_replacement,268435456,3.3957606069743633,9003103,completed,2048,heldout,3,0.39353668243160295,0.10557774317283042,0.002441496971068241,0.3708986182748635,0.10732649340676202,20.0,0.3743800492144688,0.10644084159013106
4,192,14.803714402019978,40d2f60f7b01b721909df18cdd26cc0bda1e28ef62dd47bb3bc9b7acfaa1fbc4,324a2d406707f9daea94ae5b41dbad7950efa93d,full,,,104,cuda,1.0,8,0.5,learned_mixture,0.9279418794602838,True,64,standard normal at finite u_max,0.1111325107018771,0.007829782301014094,0.028649253317146996,full,0.35726859692513663,32768,1383796224,0.0033459961618566153,100,with_replacement,4294967296,14.049432646483183,9003104,completed,2048,heldout,3,0.11414359564116727,0.029969537708459847,0.005718135465432567,0.1892147714741037,0.0316632478436973,20.0,0.1927120405983196,0.031038117380401797
4,193,13.807608123868704,40d2f60f7b01b721909df18cdd26cc0bda1e28ef62dd47bb3bc9b7acfaa1fbc4,324a2d406707f9daea94ae5b41dbad7950efa93d,unbiased,,,104,cuda,1.0,8,0.5,learned_mixture,0.594756145867685,False,64,standard normal at finite u_max,0.1373336935851232,0.007829782301014094,0.02879890443346918,unbiased,3.204502614320307e-05,32768,201491968,0.01548181388470661,629,without_replacement,268435456,3.1790293343365192,9003104,completed,2048,heldout,3,0.14216101520986124,0.030334164991545842,0.017853953188282562,0.30340574979942314,0.03401153132467962,20.0,0.30638460491160235,0.032807333523834636
4,194,4.151476368308067,40d2f60f7b01b721909df18cdd26cc0bda1e28ef62dd47bb3bc9b7acfaa1fbc4,324a2d406707f9daea94ae5b41dbad7950efa93d,tail,,,104,cuda,1.0,8,0.5,learned_mixture,0.8870143059300917,True,64,standard normal at finite u_max,0.5014206218499315,0.007829782301014094,0.15311226250323978,tail,3.83899328142633e-05,32768,202038784,0.019106888156362634,453,without_replacement,268435456,3.397684134542942,9003104,completed,2048,heldout,3,0.5059062029526938,0.15387070579829581,0.021479027459938585,0.5408374060747191,0.15714582862119236,20.0,0.54284355787882,0.15828670873731404
4,195,14.82010954990983,40d2f60f7b01b721909df18cdd26cc0bda1e28ef62dd47bb3bc9b7acfaa1fbc4,324a2d406707f9daea94ae5b41dbad7950efa93d,full,,,105,cuda,1.0,8,0.5,learned_mixture,0.9972731013369519,True,64,standard normal at finite u_max,0.041019353181469084,0.007213980803435027,0.006876201981171982,full,0.3499053830912019,32768,1383796224,0.005429378855847793,88,with_replacement,4294967296,14.063450936228037,9003105,completed,2048,heldout,3,0.050897750245397305,0.010599543234907685,0.003835717534407686,0.15398521121571543,0.012453236309238338,20.0,0.156055250376505,0.01026090906967486
4,196,13.113274347037077,40d2f60f7b01b721909df18cdd26cc0bda1e28ef62dd47bb3bc9b7acfaa1fbc4,324a2d406707f9daea94ae5b41dbad7950efa93d,unbiased,,,105,cuda,1.0,8,0.5,learned_mixture,0.6770362291395593,False,64,standard normal at finite u_max,0.28695740017670934,0.007213980803435027,0.056926810154433315,unbiased,3.112194862178037e-05,32768,202038784,0.10110945870505066,646,without_replacement,268435456,2.959723487496376,9003105,completed,2048,heldout,3,0.2884502755810724,0.05759378354738411,0.10026132796641932,0.5379610789385503,0.06723922491778231,20.0,0.5389626790425607,0.06677413851066562
4,197,4.118273597210646,40d2f60f7b01b721909df18cdd26cc0bda1e28ef62dd47bb3bc9b7acfaa1fbc4,324a2d406707f9daea94ae5b41dbad7950efa93d,tail,,,105,cuda,1.0,8,0.5,learned_mixture,0.7189947271007977,True,64,standard normal at finite u_max,0.13860495454682786,0.007213980803435027,0.03395611860678216,tail,0.012795057473710916,32768,202038784,0.00933974743798192,275,without_replacement,268435456,3.358656406402588,9003105,completed,2048,heldout,3,0.13185165289742334,0.03209003743808034,0.008491616699350581,0.15250904538203872,0.03347635877269216,20.0,0.15315708214574278,0.03564782645313406
4,198,14.78783879056573,40d2f60f7b01b721909df18cdd26cc0bda1e28ef62dd47bb3bc9b7acfaa1fbc4,324a2d406707f9daea94ae5b41dbad7950efa93d,full,,,106,cuda,1.0,8,0.5,learned_mixture,0.6159886308016713,True,64,standard normal at finite u_max,0.0651349310788261,0.005639628339648011,0.01290718258845152,full,0.3412886254445049,32768,1383796224,0.0033582331303681125,104,with_replacement,4294967296,14.035215388983488,9003106,completed,2048,heldout,3,0.06429498378790796,0.01259138698422603,0.003348117469339376,0.1827070130808665,0.014757573419566114,20.0,0.18605462775418702,0.015189884859641192
4,199,13.1388352625072,40d2f60f7b01b721909df18cdd26cc0bda1e28ef62dd47bb3bc9b7acfaa1fbc4,324a2d406707f9daea94ae5b41dbad7950efa93d,unbiased,,,106,cuda,1.0,8,0.5,learned_mixture,0.9996938674065369,False,64,standard normal at finite u_max,0.2956746215687395,0.005639628339648011,0.06449732332124705,unbiased,3.0528015573681806e-05,32768,202038784,0.011393111980562955,694,without_replacement,268435456,2.9704857245087624,9003106,completed,2048,heldout,3,0.29862164305467503,0.0650750133872904,0.011382996319534218,0.4756891583563245,0.06972393988883462,20.0,0.4778700331225806,0.06885921401776919
4,200,4.156916420906782,40d2f60f7b01b721909df18cdd26cc0bda1e28ef62dd47bb3bc9b7acfaa1fbc4,324a2d406707f9daea94ae5b41dbad7950efa93d,tail,,,106,cuda,1.0,8,0.5,learned_mixture,0.5932007787734791,True,64,standard normal at finite u_max,0.3505196376823453,0.005639628339648011,0.09067499541346752,tail,3.054863582991047e-05,32768,202038784,0.008764611238944883,492,without_replacement,268435456,3.4029474332928658,9003106,completed,2048,heldout,3,0.345809486664227,0.08941368444210394,0.008754495577916147,0.4034800841960867,0.09187957912198415,20.0,0.40534008212635947,0.09323090139423543
4,201,24.230117600411177,40d2f60f7b01b721909df18cdd26cc0bda1e28ef62dd47bb3bc9b7acfaa1fbc4,324a2d406707f9daea94ae5b41dbad7950efa93d,full,,,107,cuda,1.0,8,0.5,learned_mixture,0.9790061476083393,True,64,standard normal at finite u_max,0.06034357524122083,0.006165578326117891,0.012204029058856397,full,0.3563842444967766,32768,1383796224,0.0041394804812093615,96,with_replacement,4294967296,14.04317370057106,9003107,completed,2048,heldout,3,0.06401657917504436,0.013382147049801545,0.0019029743869457098,0.1679082396080986,0.01610290104911278,20.0,0.16748736391894672,0.015549157592104682
4,202,3.7101926878094673,40d2f60f7b01b721909df18cdd26cc0bda1e28ef62dd47bb3bc9b7acfaa1fbc4,324a2d406707f9daea94ae5b41dbad7950efa93d,unbiased,,,107,cuda,1.0,8,0.5,learned_mixture,0.653350187702873,False,64,standard normal at finite u_max,0.18813542194023436,0.006165578326117891,0.039740594468153326,unbiased,3.165905016894636e-05,32768,202038784,0.009452348765220157,650,without_replacement,268435456,2.9596442952752113,9003107,completed,2048,heldout,3,0.1921499672244713,0.04100849369678095,0.007215842670956507,0.3605865790521141,0.047985597061486016,20.0,0.3601656687160927,0.04692261463657019
4,203,4.162857487797737,40d2f60f7b01b721909df18cdd26cc0bda1e28ef62dd47bb3bc9b7acfaa1fbc4,324a2d406707f9daea94ae5b41dbad7950efa93d,tail,,,107,cuda,1.0,8,0.5,learned_mixture,0.6919417640376836,True,64,standard normal at finite u_max,0.38444698029693014,0.006165578326117891,0.1014725847035153,tail,0.0003530599229190346,32768,202038784,0.0027941367076791124,412,without_replacement,268435456,3.3894021436572075,9003107,completed,2048,heldout,3,0.3803242926545165,0.10091805806108174,0.0005576306134154607,0.34417447885684954,0.10225236155307652,20.0,0.34588335517081553,0.10306130365414023
4,204,14.796731792390347,40d2f60f7b01b721909df18cdd26cc0bda1e28ef62dd47bb3bc9b7acfaa1fbc4,324a2d406707f9daea94ae5b41dbad7950efa93d,full,,,108,cuda,1.0,8,0.5,learned_mixture,0.953359240619518,True,64,standard normal at finite u_max,0.06648038317698295,0.008642838122504914,0.015744757785859924,full,0.3890914555374352,32768,1383796224,0.0035884684445606635,95,with_replacement,4294967296,14.041430927813053,9003108,completed,2048,heldout,3,0.06772587256929949,0.016787520913526498,0.006811777128728463,0.13035189348076537,0.017546591402490715,20.0,0.13438970672795422,0.017390205658803205
4,205,3.7102270647883415,40d2f60f7b01b721909df18cdd26cc0bda1e28ef62dd47bb3bc9b7acfaa1fbc4,324a2d406707f9daea94ae5b41dbad7950efa93d,unbiased,,,108,cuda,1.0,8,0.5,learned_mixture,0.6820266376552193,False,64,standard normal at finite u_max,0.2621886425868628,0.008642838122504914,0.06075155654002348,unbiased,3.059279498363003e-05,32768,202038784,0.041364871483909396,633,without_replacement,268435456,2.960803370922804,9003108,completed,2048,heldout,3,0.2504875109979084,0.05704692112085853,0.03813935773867999,0.40532091958164335,0.06233961134066685,20.0,0.40770970724852124,0.0651233321105474
4,206,13.578834634274244,40d2f60f7b01b721909df18cdd26cc0bda1e28ef62dd47bb3bc9b7acfaa1fbc4,324a2d406707f9daea94ae5b41dbad7950efa93d,tail,,,108,cuda,1.0,8,0.5,learned_mixture,0.7031554898244441,True,64,standard normal at finite u_max,0.4127149184168173,0.008642838122504914,0.11029677493128814,tail,4.945477627451664e-05,32768,202038784,0.005428028511930541,450,without_replacement,268435456,3.393603004515171,9003108,completed,2048,heldout,3,0.4033090781396104,0.10808335951252825,0.0022025147667011358,0.34655483392368613,0.10970344674950702,20.0,0.3492340584177979,0.11139087224075192
4,207,14.792910870164633,40d2f60f7b01b721909df18cdd26cc0bda1e28ef62dd47bb3bc9b7acfaa1fbc4,324a2d406707f9daea94ae5b41dbad7950efa93d,full,,,109,cuda,1.0,8,0.5,learned_mixture,0.6825782010867719,True,64,standard normal at finite u_max,0.04237819924787827,0.009187272668688372,0.007355181259807428,full,0.3538272474120873,32768,1383796224,0.014990069005760526,95,with_replacement,4294967296,14.039893016219139,9003109,completed,2048,heldout,3,0.051556768080871944,0.010419686483084773,0.017025762921683882,0.1529240347121617,0.012573734593341285,20.0,0.15609181245774498,0.010483065696270959
4,208,3.7119047045707703,40d2f60f7b01b721909df18cdd26cc0bda1e28ef62dd47bb3bc9b7acfaa1fbc4,324a2d406707f9daea94ae5b41dbad7950efa93d,unbiased,,,109,cuda,1.0,8,0.5,learned_mixture,0.9362557530343201,False,64,standard normal at finite u_max,0.1958757023842041,0.009187272668688372,0.04121192990801775,unbiased,3.0546258513756336e-05,32768,202038784,0.037560338182704996,650,without_replacement,268435456,2.9591308310627937,9003109,completed,2048,heldout,3,0.17142850996605258,0.034981935242215156,0.028096911651934335,0.38001062591452955,0.03727983012958373,20.0,0.38217247152272205,0.04366907625464405
4,209,13.523144111037254,40d2f60f7b01b721909df18cdd26cc0bda1e28ef62dd47bb3bc9b7acfaa1fbc4,324a2d406707f9daea94ae5b41dbad7950efa93d,tail,,,109,cuda,1.0,8,0.5,learned_mixture,0.7877662683559636,True,64,standard normal at finite u_max,0.33280312247788296,0.009187272668688372,0.08795795369419526,tail,0.00021026584512275615,32768,202038784,0.03088021081803853,398,without_replacement,268435456,3.3826439902186394,9003109,completed,2048,heldout,3,0.32111353213178545,0.08378620866195656,0.028854139905669818,0.23830284517330844,0.08602435669629356,20.0,0.24181576734340204,0.08894118470391636
4,210,24.271250896155834,40d2f60f7b01b721909df18cdd26cc0bda1e28ef62dd47bb3bc9b7acfaa1fbc4,324a2d406707f9daea94ae5b41dbad7950efa93d,full,,,110,cuda,1.0,8,0.5,learned_mixture,0.8084280292140071,True,64,standard normal at finite u_max,0.06569420551212618,0.005532084114013271,0.013596735798484659,full,0.3743955173508941,32768,1383796224,0.0022421101503186432,96,with_replacement,4294967296,14.079755768179893,9003110,completed,2048,heldout,3,0.07420480489412887,0.016095404099271467,0.0028033449625027105,0.1797897985478833,0.01776465653516295,20.0,0.1845389105564268,0.015495565185578845
4,211,3.708502061665058,40d2f60f7b01b721909df18cdd26cc0bda1e28ef62dd47bb3bc9b7acfaa1fbc4,324a2d406707f9daea94ae5b41dbad7950efa93d,unbiased,,,110,cuda,1.0,8,0.5,learned_mixture,0.504844477733427,False,64,standard normal at finite u_max,0.19446308211796504,0.005532084114013271,0.04190742296889968,unbiased,3.0620820094091074e-05,32768,202038784,0.01509146369192535,649,without_replacement,268435456,2.9594045132398605,9003110,completed,2048,heldout,3,0.1948092822012425,0.04202474879647295,0.013365237007382388,0.34613040865245465,0.045858976629057635,20.0,0.34947377032578886,0.045729625447736684
4,212,4.1387369856238365,40d2f60f7b01b721909df18cdd26cc0bda1e28ef62dd47bb3bc9b7acfaa1fbc4,324a2d406707f9daea94ae5b41dbad7950efa93d,tail,,,110,cuda,1.0,8,0.5,learned_mixture,0.5720083962034752,True,64,standard normal at finite u_max,0.2802046138893222,0.005532084114013271,0.07007357702075093,tail,7.389992669847259e-05,32768,202038784,0.013771142982613775,408,without_replacement,268435456,3.3855779878795147,9003110,completed,2048,heldout,3,0.29252582647683945,0.07314961133059766,0.015500755521472766,0.2683792104078792,0.07461995411860552,20.0,0.27257926407858246,0.07098977300679697
4,213,14.84302893280983,40d2f60f7b01b721909df18cdd26cc0bda1e28ef62dd47bb3bc9b7acfaa1fbc4,324a2d406707f9daea94ae5b41dbad7950efa93d,full,,,111,cuda,1.0,8,0.5,learned_mixture,0.9976161384528763,True,64,standard normal at finite u_max,0.08979263399392859,0.007526656129565245,0.021620053326787805,full,0.37466082980693954,32768,1383796224,3.712720097487354e-05,96,with_replacement,4294967296,14.08171895891428,9003111,completed,2048,heldout,3,0.09573102397825214,0.02336880447548021,3.986843896122694e-05,0.15850606734752415,0.025001726608330582,20.0,0.16167281184120263,0.02348454659615058
4,214,3.7151182927191257,40d2f60f7b01b721909df18cdd26cc0bda1e28ef62dd47bb3bc9b7acfaa1fbc4,324a2d406707f9daea94ae5b41dbad7950efa93d,unbiased,,,111,cuda,1.0,8,0.5,learned_mixture,0.9502161332772391,False,64,standard normal at finite u_max,0.18658458209762624,0.007526656129565245,0.041289992059360445,unbiased,3.1490167692742435e-05,32768,202038784,6.649591755401862e-05,645,without_replacement,268435456,2.9598138481378555,9003111,completed,2048,heldout,3,0.18947450098193253,0.042062906976629004,6.923715554037202e-05,0.37229993927245975,0.04649452693635414,20.0,0.37420890488994507,0.04590788080164589
4,215,13.575273256748915,40d2f60f7b01b721909df18cdd26cc0bda1e28ef62dd47bb3bc9b7acfaa1fbc4,324a2d406707f9daea94ae5b41dbad7950efa93d,tail,,,111,cuda,1.0,8,0.5,learned_mixture,0.6353620633438126,True,64,standard normal at finite u_max,0.43018298168255265,0.007526656129565245,0.11824890283136706,tail,3.842862577034924e-05,32768,202038784,6.649591755401862e-05,468,without_replacement,268435456,3.396637476980686,9003111,completed,2048,heldout,3,0.4410351399367389,0.12037334773583568,6.923715554037202e-05,0.4905820790459988,0.12169972004435149,20.0,0.49203227773829594,0.11989731782766144
4,216,24.21618677675724,40d2f60f7b01b721909df18cdd26cc0bda1e28ef62dd47bb3bc9b7acfaa1fbc4,324a2d406707f9daea94ae5b41dbad7950efa93d,full,,,112,cuda,1.0,8,0.5,learned_mixture,0.9917719539632025,True,64,standard normal at finite u_max,0.06142409686673767,0.006019243214862004,0.013356372481159076,full,0.3155404576578472,32768,1383796224,6.872701992649555e-07,96,with_replacement,4294967296,14.039709910750389,9003112,completed,2048,heldout,3,0.07363007177470633,0.016521245014880337,7.688728954902135e-07,0.14377974265492777,0.018526507510785203,20.0,0.14774965381025035,0.014914280822987507
4,217,3.712861090898514,40d2f60f7b01b721909df18cdd26cc0bda1e28ef62dd47bb3bc9b7acfaa1fbc4,324a2d406707f9daea94ae5b41dbad7950efa93d,unbiased,,,112,cuda,1.0,8,0.5,learned_mixture,0.9125272398180024,False,64,standard normal at finite u_max,0.17729981140449624,0.006019243214862004,0.035288198413891386,unbiased,3.135016020582605e-05,32768,202038784,6.872701992649555e-07,642,without_replacement,268435456,2.9591518975794315,9003112,completed,2048,heldout,3,0.17624882854160545,0.03499620045030098,7.688728954902135e-07,0.3970431960820284,0.03909622732353173,20.0,0.39978771834989935,0.039273061946470705
4,218,4.159441113471985,40d2f60f7b01b721909df18cdd26cc0bda1e28ef62dd47bb3bc9b7acfaa1fbc4,324a2d406707f9daea94ae5b41dbad7950efa93d,tail,,,112,cuda,1.0,8,0.5,learned_mixture,0.6979498448019152,True,64,standard normal at finite u_max,0.3906266883787482,0.006019243214862004,0.11080425071814282,tail,0.00014430651481735031,32768,202038784,6.872701992649555e-07,456,without_replacement,268435456,3.3951537795364857,9003112,completed,2048,heldout,3,0.3921939840550569,0.11182998534937276,7.688728954902135e-07,0.3184937751560446,0.1121460215967317,20.0,0.32170443035263896,0.11098530815987724
4,219,14.828268550336361,40d2f60f7b01b721909df18cdd26cc0bda1e28ef62dd47bb3bc9b7acfaa1fbc4,324a2d406707f9daea94ae5b41dbad7950efa93d,full,,,113,cuda,1.0,8,0.5,learned_mixture,0.7262951335775193,True,64,standard normal at finite u_max,0.06047696271022635,0.006243854068329307,0.013035750431538942,full,0.37811039904046795,32768,1383796224,4.002300574290629e-09,92,with_replacement,4294967296,14.074622265994549,9003113,completed,2048,heldout,3,0.06596224815618082,0.014665276308870615,4.4079475347569286e-09,0.17168989939994805,0.01731667123507087,20.0,0.17559924314546071,0.01533354198713581
4,220,3.7025095485150814,40d2f60f7b01b721909df18cdd26cc0bda1e28ef62dd47bb3bc9b7acfaa1fbc4,324a2d406707f9daea94ae5b41dbad7950efa93d,unbiased,,,113,cuda,1.0,8,0.5,learned_mixture,0.5170413573765954,False,64,standard normal at finite u_max,0.22292220497208107,0.006243854068329307,0.05383574267345205,unbiased,3.2840851905111434e-05,32768,202038784,4.002300574290629e-09,629,without_replacement,268435456,2.956688307225704,9003113,completed,2048,heldout,3,0.22337402713613658,0.05387004017768683,4.4079475347569286e-09,0.3088123508037183,0.05572600018445831,20.0,0.3121240338319902,0.05567645896784111
4,221,13.570339865982533,40d2f60f7b01b721909df18cdd26cc0bda1e28ef62dd47bb3bc9b7acfaa1fbc4,324a2d406707f9daea94ae5b41dbad7950efa93d,tail,,,113,cuda,1.0,8,0.5,learned_mixture,0.5576135937826755,True,64,standard normal at finite u_max,0.34284780495405104,0.006243854068329307,0.09649732967552399,tail,0.00014096807125938047,32768,202038784,4.002300574290629e-09,421,without_replacement,268435456,3.3874614350497723,9003113,completed,2048,heldout,3,0.34505720114337646,0.09782572503269224,4.4079475347569286e-09,0.39111096892881114,0.10081599042205697,20.0,0.39417387705490237,0.1005894946128581
4,222,14.88394732028246,40d2f60f7b01b721909df18cdd26cc0bda1e28ef62dd47bb3bc9b7acfaa1fbc4,324a2d406707f9daea94ae5b41dbad7950efa93d,full,,,114,cuda,1.0,8,0.5,learned_mixture,0.9777220121435564,True,64,standard normal at finite u_max,0.10578662973077241,0.005654568808303827,0.025423599551593595,full,0.3530475864432961,32768,1383796224,0.013604926264792032,96,with_replacement,4294967296,14.087305344641209,9003114,completed,2048,heldout,3,0.1211440016623256,0.029893626491590386,0.015332312510368089,0.16835189433958142,0.030629003277687313,20.0,0.17025415198739613,0.026508603901898364
4,223,3.706557959318161,40d2f60f7b01b721909df18cdd26cc0bda1e28ef62dd47bb3bc9b7acfaa1fbc4,324a2d406707f9daea94ae5b41dbad7950efa93d,unbiased,,,114,cuda,1.0,8,0.5,learned_mixture,0.9676162803816315,False,64,standard normal at finite u_max,0.21918286466003434,0.005654568808303827,0.04972238097849328,unbiased,3.0636354393173e-05,32768,202038784,0.011489910427578034,631,without_replacement,268435456,2.95936606451869,9003114,completed,2048,heldout,3,0.22807500307303252,0.05279299991741035,0.009292117235049205,0.42429449991746604,0.057299647157809996,20.0,0.4254424461877394,0.054401219192106415
4,224,13.53658751025796,40d2f60f7b01b721909df18cdd26cc0bda1e28ef62dd47bb3bc9b7acfaa1fbc4,324a2d406707f9daea94ae5b41dbad7950efa93d,tail,,,114,cuda,1.0,8,0.5,learned_mixture,0.8962814827651386,True,64,standard normal at finite u_max,0.26747284987567227,0.005654568808303827,0.07485696306967564,tail,7.85574495593983e-05,32768,202038784,0.03108057829734145,372,without_replacement,268435456,3.3794959038496017,9003114,completed,2048,heldout,3,0.26579936724677256,0.0733335131212299,0.02979270210487955,0.3224139358765106,0.0738343006647272,20.0,0.3238621455823273,0.07498581011477613
4,225,14.809443019330502,40d2f60f7b01b721909df18cdd26cc0bda1e28ef62dd47bb3bc9b7acfaa1fbc4,324a2d406707f9daea94ae5b41dbad7950efa93d,full,,,115,cuda,1.0,8,0.5,learned_mixture,0.8822420709566902,True,64,standard normal at finite u_max,0.0645573631655712,0.010636818836456398,0.013456896237892733,full,0.34242500854914626,32768,1383796224,0.004731448576647271,96,with_replacement,4294967296,14.051548164337873,9003115,completed,2048,heldout,3,0.08844259398862592,0.019634727774841754,0.011515892206683559,0.16968823232099667,0.02085285457950815,20.0,0.17147931811176764,0.014861871034534246
4,226,13.10707613825798,40d2f60f7b01b721909df18cdd26cc0bda1e28ef62dd47bb3bc9b7acfaa1fbc4,324a2d406707f9daea94ae5b41dbad7950efa93d,unbiased,,,115,cuda,1.0,8,0.5,learned_mixture,0.8887395737584848,False,64,standard normal at finite u_max,0.17694351260244418,0.010636818836456398,0.03250823965157125,unbiased,3.126467076318397e-05,32768,202038784,0.023848693440879032,672,without_replacement,268435456,2.96688536927104,9003115,completed,2048,heldout,3,0.17978445678081129,0.03351786247020204,0.016298168289841944,0.4303604088020136,0.03914717508095581,20.0,0.4317041370783926,0.03891112376167219
4,227,4.234222523868084,40d2f60f7b01b721909df18cdd26cc0bda1e28ef62dd47bb3bc9b7acfaa1fbc4,324a2d406707f9daea94ae5b41dbad7950efa93d,tail,,,115,cuda,1.0,8,0.5,learned_mixture,0.5730933159428302,True,64,standard normal at finite u_max,0.34905620602573845,0.010636818836456398,0.08739751051332773,tail,3.088591698617562e-05,32768,202038784,0.03348424750872908,481,without_replacement,268435456,3.479049637913704,9003115,completed,2048,heldout,3,0.3464919964121826,0.08733211379223835,0.026448678904390104,0.3443963403067762,0.0886844255294142,20.0,0.34603285891696534,0.08883028808707255
4,228,14.795045539736748,40d2f60f7b01b721909df18cdd26cc0bda1e28ef62dd47bb3bc9b7acfaa1fbc4,324a2d406707f9daea94ae5b41dbad7950efa93d,full,,,116,cuda,1.0,8,0.5,learned_mixture,0.5079096723918072,True,64,standard normal at finite u_max,0.11865501516992072,0.006835984726154569,0.027534879786494992,full,0.31806819981765494,32768,1383796224,0.023820870781185523,100,with_replacement,4294967296,14.04406924918294,9003116,completed,2048,heldout,3,0.12012427294387498,0.027311636003215792,0.020222812662183533,0.1886806507769871,0.03143891186000546,20.0,0.1868394748583936,0.030659703248073076
4,229,3.792300634086132,40d2f60f7b01b721909df18cdd26cc0bda1e28ef62dd47bb3bc9b7acfaa1fbc4,324a2d406707f9daea94ae5b41dbad7950efa93d,unbiased,,,116,cuda,1.0,8,0.5,learned_mixture,0.7498997163880103,False,64,standard normal at finite u_max,0.32687863237752285,0.006835984726154569,0.07723667916362702,unbiased,3.113757323343513e-05,32768,202038784,0.006568866091527003,661,without_replacement,268435456,2.992090918123722,9003116,completed,2048,heldout,3,0.3319424511433906,0.07876816070467618,0.009837736734897977,0.452223062011856,0.08198443446962772,20.0,0.45066717009638235,0.08160506571630138
4,230,13.56022010371089,40d2f60f7b01b721909df18cdd26cc0bda1e28ef62dd47bb3bc9b7acfaa1fbc4,324a2d406707f9daea94ae5b41dbad7950efa93d,tail,,,116,cuda,1.0,8,0.5,learned_mixture,0.7455585101469743,True,64,standard normal at finite u_max,0.33162146837477424,0.006835984726154569,0.09101457886633109,tail,0.00017512254318179798,32768,202038784,0.021364144763061386,482,without_replacement,268435456,3.4009062722325325,9003116,completed,2048,heldout,3,0.33315389829750164,0.09061737650433598,0.018177291915354964,0.39046318792311646,0.09322789775115989,20.0,0.38879344978341945,0.09325015579851566
4,231,14.81814244389534,40d2f60f7b01b721909df18cdd26cc0bda1e28ef62dd47bb3bc9b7acfaa1fbc4,324a2d406707f9daea94ae5b41dbad7950efa93d,full,,,117,cuda,1.0,8,0.5,learned_mixture,0.715028506241356,True,64,standard normal at finite u_max,0.058084645370301724,0.008444479287434725,0.012206693357554078,full,0.33152944506085674,32768,1383796224,0.007150109604789373,98,with_replacement,4294967296,14.066827952861786,9003117,completed,2048,heldout,3,0.05707251073293131,0.011584678786364148,0.010499109101936507,0.16953977086727845,0.014069746814572796,20.0,0.1710548097358529,0.014075771221185555
4,232,13.306312266737223,40d2f60f7b01b721909df18cdd26cc0bda1e28ef62dd47bb3bc9b7acfaa1fbc4,324a2d406707f9daea94ae5b41dbad7950efa93d,unbiased,,,117,cuda,1.0,8,0.5,learned_mixture,0.9666498663667821,False,64,standard normal at finite u_max,0.17674222007270374,0.008444479287434725,0.04121539324451422,unbiased,3.3127220103667825e-05,32768,202038784,0.01399040842202462,656,without_replacement,268435456,2.971555668860674,9003117,completed,2048,heldout,3,0.1777881013003676,0.041368446249049055,0.01611500514645868,0.30436049063822695,0.0429626315730073,20.0,0.305580147540701,0.04297688559865904
4,233,4.155075661838055,40d2f60f7b01b721909df18cdd26cc0bda1e28ef62dd47bb3bc9b7acfaa1fbc4,324a2d406707f9daea94ae5b41dbad7950efa93d,tail,,,117,cuda,1.0,8,0.5,learned_mixture,0.852013080387308,True,64,standard normal at finite u_max,0.31242331465963435,0.008444479287434725,0.0849902914771841,tail,4.381800033297487e-05,32768,202038784,0.05032624062890664,458,without_replacement,268435456,3.4004625603556633,9003117,completed,2048,heldout,3,0.32398745774533483,0.08696550195361576,0.05367524012605378,0.37020847492085357,0.08744971920492553,20.0,0.371313997773173,0.08585724411434917
4,234,24.215214304625988,40d2f60f7b01b721909df18cdd26cc0bda1e28ef62dd47bb3bc9b7acfaa1fbc4,324a2d406707f9daea94ae5b41dbad7950efa93d,full,,,118,cuda,1.0,8,0.5,learned_mixture,0.8201571217138551,True,64,standard normal at finite u_max,0.10680950160566195,0.007617703429836023,0.02484021895077565,full,0.3367357666312957,32768,1383796224,0.024036203496616518,101,with_replacement,4294967296,14.044401943683624,9003118,completed,2048,heldout,3,0.09768596416571461,0.021818789526501854,0.026993733089505756,0.15507158944086805,0.02363637153923074,20.0,0.1608673978996224,0.025795376739399703
4,235,3.7254901118576527,40d2f60f7b01b721909df18cdd26cc0bda1e28ef62dd47bb3bc9b7acfaa1fbc4,324a2d406707f9daea94ae5b41dbad7950efa93d,unbiased,,,118,cuda,1.0,8,0.5,learned_mixture,0.8975227546653587,False,64,standard normal at finite u_max,0.14712714680474495,0.007617703429836023,0.0263964201174582,unbiased,3.0524508388996294e-05,32768,202038784,0.02967597049459817,659,without_replacement,268435456,2.970901571214199,9003118,completed,2048,heldout,3,0.153300687736015,0.028396268789802857,0.028319302593659716,0.371834317474958,0.034227996671150604,20.0,0.3762679996003486,0.03223911377617504
4,236,4.151082497090101,40d2f60f7b01b721909df18cdd26cc0bda1e28ef62dd47bb3bc9b7acfaa1fbc4,324a2d406707f9daea94ae5b41dbad7950efa93d,tail,,,118,cuda,1.0,8,0.5,learned_mixture,0.6564636342042474,True,64,standard normal at finite u_max,0.3893596106566439,0.007617703429836023,0.09791689971144663,tail,4.8894689856094344e-05,32768,202038784,0.04365701088850818,430,without_replacement,268435456,3.397884741425514,9003118,completed,2048,heldout,3,0.39429238138478945,0.09854568878869961,0.04098694701170304,0.40249959872482494,0.1000380422831196,20.0,0.4064307614101269,0.09949756549614976
4,237,14.804029826074839,40d2f60f7b01b721909df18cdd26cc0bda1e28ef62dd47bb3bc9b7acfaa1fbc4,324a2d406707f9daea94ae5b41dbad7950efa93d,full,,,119,cuda,1.0,8,0.5,learned_mixture,0.8916899958681235,True,64,standard normal at finite u_max,0.04446747599597079,0.005368732334382459,0.009780572476481245,full,0.3514237682017149,32768,1383796224,0.0035929915445923333,93,with_replacement,4294967296,14.048969198018312,9003119,completed,2048,heldout,3,0.043008944004475844,0.009082577147557443,0.0010598646999692707,0.13434830609711998,0.011132642164282539,20.0,0.13917945771922008,0.011046585202222748
4,238,3.7368132323026657,40d2f60f7b01b721909df18cdd26cc0bda1e28ef62dd47bb3bc9b7acfaa1fbc4,324a2d406707f9daea94ae5b41dbad7950efa93d,unbiased,,,119,cuda,1.0,8,0.5,learned_mixture,0.6290212557666789,False,64,standard normal at finite u_max,0.18699891646578587,0.005368732334382459,0.03933011571028406,unbiased,3.0645683109545196e-05,32768,202038784,0.02838875605855471,632,without_replacement,268435456,2.9894173443317413,9003119,completed,2048,heldout,3,0.19056274180633065,0.040422235104763345,0.030922120473741384,0.4042377977656932,0.04827767258792401,20.0,0.40743620473883396,0.04674956359993243
4,239,13.535977728664875,40d2f60f7b01b721909df18cdd26cc0bda1e28ef62dd47bb3bc9b7acfaa1fbc4,324a2d406707f9daea94ae5b41dbad7950efa93d,tail,,,119,cuda,1.0,8,0.5,learned_mixture,0.630082516622472,True,64,standard normal at finite u_max,0.29913394111148506,0.005368732334382459,0.07695981683352962,tail,0.007434862862964599,32768,202038784,0.00113022973469587,342,without_replacement,268435456,3.3714960366487503,9003119,completed,2048,heldout,3,0.2940905270425034,0.07532231988197548,0.0014192184274871011,0.3118524451650008,0.07709067392898697,20.0,0.3157849746727016,0.07817554682002632
4,240,14.80516304820776,4f8f7d024dee2ba1d205fcf59f39c4f32d87524ab703a9051d4ad4e7ca38f59f,324a2d406707f9daea94ae5b41dbad7950efa93d,full,,,100,cuda,1.0,8,0.5,learned_mixture,0.9997705748658945,True,64,standard normal at finite u_max,0.07659450703320943,0.0050079756669616825,0.017851107260920564,full,0.3115727132817976,32768,1383796224,0.004735284738572959,93,with_replacement,4294967296,14.039964701980352,9004100,completed,2048,heldout,4,0.09180845683389022,0.02219901202824792,0.005451251099488921,0.16686001834221048,0.0239580798970705,20.0,0.16519915011781494,0.01944970463415019
4,241,13.101796381175518,4f8f7d024dee2ba1d205fcf59f39c4f32d87524ab703a9051d4ad4e7ca38f59f,324a2d406707f9daea94ae5b41dbad7950efa93d,unbiased,,,100,cuda,1.0,8,0.5,learned_mixture,0.9650883684829639,False,64,standard normal at finite u_max,0.229276134196989,0.0050079756669616825,0.04984381542051923,unbiased,3.543558877615391e-05,32768,202038784,0.0119727944674149,640,without_replacement,268435456,2.95684452727437,9004100,completed,2048,heldout,4,0.23984868354960565,0.052903183610898144,0.012688760828330863,0.43225475345967435,0.05728855556464503,20.0,0.4309399799510211,0.05463915804121449
4,242,4.140365470200777,4f8f7d024dee2ba1d205fcf59f39c4f32d87524ab703a9051d4ad4e7ca38f59f,324a2d406707f9daea94ae5b41dbad7950efa93d,tail,,,100,cuda,1.0,8,0.5,learned_mixture,0.8712846703646663,True,64,standard normal at finite u_max,0.2933965174550422,0.0050079756669616825,0.07428561020333824,tail,0.000584783638242666,32768,202038784,0.0017855135565548635,404,without_replacement,268435456,3.3832530602812767,9004100,completed,2048,heldout,4,0.30484785525629265,0.0783744761966367,0.0015291333097309544,0.3625785696966133,0.07968178511015792,20.0,0.36139639196329804,0.07616053870091476
4,243,14.813292093575,4f8f7d024dee2ba1d205fcf59f39c4f32d87524ab703a9051d4ad4e7ca38f59f,324a2d406707f9daea94ae5b41dbad7950efa93d,full,,,101,cuda,1.0,8,0.5,learned_mixture,0.985088402093269,True,64,standard normal at finite u_max,0.11460026015976471,0.009098848186578004,0.030790338262113096,full,0.36835716835219595,32768,1383796224,0.0014071380344408378,96,with_replacement,4294967296,14.053079724311829,9004101,completed,2048,heldout,4,0.13871649817208997,0.0379186612378216,0.0014346408828510675,0.12473650989095433,0.038824119112255195,20.0,0.12390453175941041,0.03176781194390877
4,244,3.7131850197911263,4f8f7d024dee2ba1d205fcf59f39c4f32d87524ab703a9051d4ad4e7ca38f59f,324a2d406707f9daea94ae5b41dbad7950efa93d,unbiased,,,101,cuda,1.0,8,0.5,learned_mixture,0.7008618348503836,False,64,standard normal at finite u_max,0.27824917070462585,0.009098848186578004,0.062297060688431966,unbiased,3.054714966709202e-05,32768,202038784,0.0013682211088950624,648,without_replacement,268435456,2.9587761610746384,9004101,completed,2048,heldout,4,0.2755176076253098,0.06149592964419898,0.001395723957305292,0.4683452229182743,0.06423460127624724,20.0,0.46788395910801595,0.06516075403900294
4,245,13.655339784920216,4f8f7d024dee2ba1d205fcf59f39c4f32d87524ab703a9051d4ad4e7ca38f59f,324a2d406707f9daea94ae5b41dbad7950efa93d,tail,,,101,cuda,1.0,8,0.5,learned_mixture,0.7108432353046139,True,64,standard normal at finite u_max,0.40844415508166354,0.009098848186578004,0.11297043962091534,tail,3.105287262738398e-05,32768,202038784,0.000856294463303389,431,without_replacement,268435456,3.3981895744800568,9004101,completed,2048,heldout,4,0.4144342670602515,0.11561330820316658,0.0009228287071626204,0.35369744010606,0.11823170368389913,20.0,0.3503636821126034,0.11410588858026367
4,246,14.82734402269125,4f8f7d024dee2ba1d205fcf59f39c4f32d87524ab703a9051d4ad4e7ca38f59f,324a2d406707f9daea94ae5b41dbad7950efa93d,full,,,102,cuda,1.0,8,0.5,learned_mixture,0.9830401598376524,True,64,standard normal at finite u_max,0.05826671391464337,0.010108916165600284,0.011908818828017108,full,0.34124621517344267,32768,1383796224,0.0007233067467138782,102,with_replacement,4294967296,14.072764810174704,9004102,completed,2048,heldout,4,0.09302375625932323,0.021754300613720495,0.0007362864693464394,0.15477791534688484,0.02371297007655003,20.0,0.1543478195940774,0.01453471827278895
4,247,3.71804741024971,4f8f7d024dee2ba1d205fcf59f39c4f32d87524ab703a9051d4ad4e7ca38f59f,324a2d406707f9daea94ae5b41dbad7950efa93d,unbiased,,,102,cuda,1.0,8,0.5,learned_mixture,0.803628184331637,False,64,standard normal at finite u_max,0.16759801760759488,0.010108916165600284,0.03487373698491475,unbiased,3.145112532633644e-05,32768,202038784,0.0013951790561128052,646,without_replacement,268435456,2.9659639187157154,9004102,completed,2048,heldout,4,0.1835588546909595,0.03933870093793077,0.0014081587787453664,0.3745174349565346,0.04275541039760955,20.0,0.3744956866588736,0.03797124950355755
4,248,13.54167789593339,4f8f7d024dee2ba1d205fcf59f39c4f32d87524ab703a9051d4ad4e7ca38f59f,324a2d406707f9daea94ae5b41dbad7950efa93d,tail,,,102,cuda,1.0,8,0.5,learned_mixture,0.564475525081838,True,64,standard normal at finite u_max,0.371723423790009,0.010108916165600284,0.09314029684678501,tail,4.688247549001829e-05,32768,202038784,0.0012861434784008502,483,without_replacement,268435456,3.39962225407362,9004102,completed,2048,heldout,4,0.39752553421565645,0.10289890881662311,0.0012991232010334114,0.4108062612964477,0.10576855313557154,20.0,0.41083116220740423,0.0960582876039395
4,249,14.808939103037119,4f8f7d024dee2ba1d205fcf59f39c4f32d87524ab703a9051d4ad4e7ca38f59f,324a2d406707f9daea94ae5b41dbad7950efa93d,full,,,103,cuda,1.0,8,0.5,learned_mixture,0.8771497370526965,True,64,standard normal at finite u_max,0.13201821483602416,0.007795695898983995,0.033358583573391734,full,0.376330348758272,32768,1383796224,0.0016100265422384799,96,with_replacement,4294967296,14.047967702150345,9004103,completed,2048,heldout,4,0.15645434002278535,0.04044825935824217,0.001685980043142871,0.15104628832503553,0.040850116145705696,20.0,0.15204733394413783,0.03395006905214962
4,250,3.7110362090170383,4f8f7d024dee2ba1d205fcf59f39c4f32d87524ab703a9051d4ad4e7ca38f59f,324a2d406707f9daea94ae5b41dbad7950efa93d,unbiased,,,103,cuda,1.0,8,0.5,learned_mixture,0.538176965029002,False,64,standard normal at finite u_max,0.25495930285773855,0.007795695898983995,0.05521667596338463,unbiased,3.099461032984199e-05,32768,202038784,0.001264435348586404,659,without_replacement,268435456,2.963555980473757,9004103,completed,2048,heldout,4,0.27752707722331016,0.06197735204370148,0.001188982907535538,0.4640813466222816,0.0645577854798163,20.0,0.46408184622763377,0.059434637556031955
4,251,13.58906777203083,4f8f7d024dee2ba1d205fcf59f39c4f32d87524ab703a9051d4ad4e7ca38f59f,324a2d406707f9daea94ae5b41dbad7950efa93d,tail,,,103,cuda,1.0,8,0.5,learned_mixture,0.6020992386150125,True,64,standard normal at finite u_max,0.36934500079850974,0.007795695898983995,0.09938672690671285,tail,5.197525490737784e-05,32768,202038784,0.0018503173348645152,460,without_replacement,268435456,3.404529206454754,9004103,completed,2048,heldout,4,0.3880997354707592,0.10605787459066988,0.0019601575544450356,0.34385198064960876,0.10820094451383115,20.0,0.34519103267459395,0.10137256032768478
4,252,14.806943066418171,4f8f7d024dee2ba1d205fcf59f39c4f32d87524ab703a9051d4ad4e7ca38f59f,324a2d406707f9daea94ae5b41dbad7950efa93d,full,,,104,cuda,1.0,8,0.5,learned_mixture,0.9976742767156143,True,64,standard normal at finite u_max,0.055143543360823985,0.007955445513451315,0.011247979190746977,full,0.35632429394929,32768,1383796224,0.006735553844959441,95,with_replacement,4294967296,14.049677737057209,9004104,completed,2048,heldout,4,0.06922747458582702,0.01558315026129907,0.007049407685849968,0.18359945849009263,0.018427524144978575,20.0,0.18591500636915675,0.013871369163862966
4,253,3.7133494690060616,4f8f7d024dee2ba1d205fcf59f39c4f32d87524ab703a9051d4ad4e7ca38f59f,324a2d406707f9daea94ae5b41dbad7950efa93d,unbiased,,,104,cuda,1.0,8,0.5,learned_mixture,0.7169815978443025,False,64,standard normal at finite u_max,0.2086707179785672,0.007955445513451315,0.04639902513116333,unbiased,3.182116977944447e-05,32768,202038784,0.014321100543670529,633,without_replacement,268435456,2.962051548063755,9004104,completed,2048,heldout,4,0.21336513326759565,0.04857951721529598,0.014634954384561055,0.371120774109731,0.052745083154331754,20.0,0.3727301151554755,0.05144840957457306
4,254,13.559127386659384,4f8f7d024dee2ba1d205fcf59f39c4f32d87524ab703a9051d4ad4e7ca38f59f,324a2d406707f9daea94ae5b41dbad7950efa93d,tail,,,104,cuda,1.0,8,0.5,learned_mixture,0.6326415768243339,True,64,standard normal at finite u_max,0.47135960353137096,0.007955445513451315,0.14128252778812178,tail,3.786145604650627e-05,32768,202038784,0.022546313283723807,458,without_replacement,268435456,3.3939984403550625,9004104,completed,2048,heldout,4,0.47618105296279883,0.14555726617847065,0.022696077485522853,0.4918026453612674,0.1479614490593744,20.0,0.49328208846979216,0.14287046636846135
4,255,24.251501813530922,4f8f7d024dee2ba1d205fcf59f39c4f32d87524ab703a9051d4ad4e7ca38f59f,324a2d406707f9daea94ae5b41dbad7950efa93d,full,,,105,cuda,1.0,8,0.5,learned_mixture,0.8199403167489557,True,64,standard normal at finite u_max,0.04474583908843156,0.003239421531041878,0.0077911638021632475,full,0.369684545386356,32768,1383796224,0.007401834967700679,92,with_replacement,4294967296,14.045189462602139,9004105,completed,2048,heldout,4,0.05138051425129189,0.009483853885499442,0.008043867229223886,0.1700814519378834,0.012047178066456499,20.0,0.16517890694360546,0.010550341734100957
4,256,3.709269892424345,4f8f7d024dee2ba1d205fcf59f39c4f32d87524ab703a9051d4ad4e7ca38f59f,324a2d406707f9daea94ae5b41dbad7950efa93d,unbiased,,,105,cuda,1.0,8,0.5,learned_mixture,0.9202342430246343,False,64,standard normal at finite u_max,0.17731219876048743,0.003239421531041878,0.03433622548491018,unbiased,3.0754798903637266e-05,32768,202038784,0.05579060989573983,651,without_replacement,268435456,2.9604214169085026,9004105,completed,2048,heldout,4,0.17919170249172908,0.03459172866591402,0.056133936021913154,0.4227655064822866,0.04237903170336276,20.0,0.41939106846855256,0.04159078676680649
4,257,4.11669298261404,4f8f7d024dee2ba1d205fcf59f39c4f32d87524ab703a9051d4ad4e7ca38f59f,324a2d406707f9daea94ae5b41dbad7950efa93d,tail,,,105,cuda,1.0,8,0.5,learned_mixture,0.7362118020237948,True,64,standard normal at finite u_max,0.19051808417526686,0.003239421531041878,0.046348370212493814,tail,0.012469777218782207,32768,202038784,0.03259275111892563,278,without_replacement,268435456,3.3639638386666775,9004105,completed,2048,heldout,4,0.19202653902157163,0.04701197843334241,0.03287169118732309,0.2497615846474288,0.04960885545802636,20.0,0.24524081479502177,0.04894578465385528
4,258,14.798998966813087,4f8f7d024dee2ba1d205fcf59f39c4f32d87524ab703a9051d4ad4e7ca38f59f,324a2d406707f9daea94ae5b41dbad7950efa93d,full,,,106,cuda,1.0,8,0.5,learned_mixture,0.843096813862105,True,64,standard normal at finite u_max,0.12400867018826861,0.009720703121853892,0.027877812677890287,full,0.36034891181556006,32768,1383796224,0.006561131285345682,99,with_replacement,4294967296,14.04577874392271,9004106,completed,2048,heldout,4,0.14998888486870154,0.03544864230854617,0.007081548869264036,0.2125275783515323,0.0377681690918298,20.0,0.2141811235587464,0.03146763768566977
4,259,13.089398097246885,4f8f7d024dee2ba1d205fcf59f39c4f32d87524ab703a9051d4ad4e7ca38f59f,324a2d406707f9daea94ae5b41dbad7950efa93d,unbiased,,,106,cuda,1.0,8,0.5,learned_mixture,0.7791632423941647,False,64,standard normal at finite u_max,0.2808231791262873,0.009720703121853892,0.05954792122416764,unbiased,3.067521114588798e-05,32768,202038784,0.009680342438336955,701,without_replacement,268435456,2.969927243888378,9004106,completed,2048,heldout,4,0.2694350139493068,0.056240259188980984,0.010200760022255308,0.45950678566529796,0.06308131375548577,20.0,0.45841076597068486,0.06454228986385441
4,260,4.168202072381973,4f8f7d024dee2ba1d205fcf59f39c4f32d87524ab703a9051d4ad4e7ca38f59f,324a2d406707f9daea94ae5b41dbad7950efa93d,tail,,,106,cuda,1.0,8,0.5,learned_mixture,0.5275824536287378,True,64,standard normal at finite u_max,0.4135316887636925,0.009720703121853892,0.10906554233549316,tail,3.0549874213065594e-05,32768,202038784,0.007431053062133976,487,without_replacement,268435456,3.4116659462451935,9004106,completed,2048,heldout,4,0.4298742186030588,0.11669014463694422,0.007887924221885823,0.36956421128019623,0.1171798097049834,20.0,0.367620946781037,0.10941968792646366
4,261,24.22024854645133,4f8f7d024dee2ba1d205fcf59f39c4f32d87524ab703a9051d4ad4e7ca38f59f,324a2d406707f9daea94ae5b41dbad7950efa93d,full,,,107,cuda,1.0,8,0.5,learned_mixture,0.9589931280258929,True,64,standard normal at finite u_max,0.05912941399980642,0.00770150168053455,0.011558415933444796,full,0.29580529673905276,32768,1383796224,0.0026932764585357928,103,with_replacement,4294967296,14.052488565444946,9004107,completed,2048,heldout,4,0.0853000000973957,0.019254103707433613,0.0026050257517380494,0.18182722408741347,0.02056750937087562,20.0,0.17878895770886694,0.013989554402097853
4,262,3.716595124453306,4f8f7d024dee2ba1d205fcf59f39c4f32d87524ab703a9051d4ad4e7ca38f59f,324a2d406707f9daea94ae5b41dbad7950efa93d,unbiased,,,107,cuda,1.0,8,0.5,learned_mixture,0.6282404645290973,False,64,standard normal at finite u_max,0.2521864068809745,0.00770150168053455,0.058981495092554195,unbiased,3.1697911109772357e-05,32768,202038784,0.009125636614054508,662,without_replacement,268435456,2.9643813632428646,9004107,completed,2048,heldout,4,0.2560396805815015,0.05984482145840987,0.009037385907256765,0.3875806359207019,0.06324623515365538,20.0,0.38496946115307173,0.06178142371600002
4,263,4.154873743653297,4f8f7d024dee2ba1d205fcf59f39c4f32d87524ab703a9051d4ad4e7ca38f59f,324a2d406707f9daea94ae5b41dbad7950efa93d,tail,,,107,cuda,1.0,8,0.5,learned_mixture,0.5282032398378723,True,64,standard normal at finite u_max,0.4020235951891984,0.00770150168053455,0.10772920565653867,tail,0.0001676305600245658,32768,202038784,0.0107676831209088,423,without_replacement,268435456,3.390435166656971,9004107,completed,2048,heldout,4,0.42516678590533985,0.11509238909235146,0.010679432414111057,0.3007397265933692,0.1156260391365472,20.0,0.29781204545185713,0.10840414640142236
4,264,24.213296867907047,4f8f7d024dee2ba1d205fcf59f39c4f32d87524ab703a9051d4ad4e7ca38f59f,324a2d406707f9daea94ae5b41dbad7950efa93d,full,,,108,cuda,1.0,8,0.5,learned_mixture,0.9933521815935915,True,64,standard normal at finite u_max,0.06917881710352972,0.007739576444682574,0.014483384844840424,full,0.3726708523201316,32768,1383796224,0.0047635464070956285,94,with_replacement,4294967296,14.037531964480877,9004108,completed,2048,heldout,4,0.09475820614312362,0.022222959885398196,0.00544665523440728,0.200929491086401,0.023751408143620686,20.0,0.20141095172124882,0.016872567181339705
4,265,3.710605837404728,4f8f7d024dee2ba1d205fcf59f39c4f32d87524ab703a9051d4ad4e7ca38f59f,324a2d406707f9daea94ae5b41dbad7950efa93d,unbiased,,,108,cuda,1.0,8,0.5,learned_mixture,0.9077591721250163,False,64,standard normal at finite u_max,0.1932551893707296,0.007739576444682574,0.04220117380765915,unbiased,3.0897107575631995e-05,32768,202038784,0.011633879004548348,635,without_replacement,268435456,2.9627767875790596,9004108,completed,2048,heldout,4,0.20682000637900147,0.04649160617950701,0.010951644464437804,0.3948739560746701,0.048583337688746654,20.0,0.39511511540557104,0.04599892317679158
4,266,4.181333903223276,4f8f7d024dee2ba1d205fcf59f39c4f32d87524ab703a9051d4ad4e7ca38f59f,324a2d406707f9daea94ae5b41dbad7950efa93d,tail,,,108,cuda,1.0,8,0.5,learned_mixture,0.5491778815372537,True,64,standard normal at finite u_max,0.4079021978023799,0.007739576444682574,0.10649667836055626,tail,3.53448737171718e-05,32768,202038784,0.0030504248237770704,451,without_replacement,268435456,3.4039975740015507,9004108,completed,2048,heldout,4,0.4281231643365765,0.11375838250246709,0.003733533651088722,0.3804070296845479,0.11807081764525769,20.0,0.380901449733706,0.11120496054313349
4,267,14.80935975164175,4f8f7d024dee2ba1d205fcf59f39c4f32d87524ab703a9051d4ad4e7ca38f59f,324a2d406707f9daea94ae5b41dbad7950efa93d,full,,,109,cuda,1.0,8,0.5,learned_mixture,0.7899998982009041,True,64,standard normal at finite u_max,0.06099669405027279,0.006593892137921133,0.011920696342688563,full,0.31808187404698485,32768,1383796224,0.01176636656068519,97,with_replacement,4294967296,14.056555580347776,9004109,completed,2048,heldout,4,0.08284031501803973,0.01846912964206013,0.015439054379012562,0.18200167381872887,0.019967187870737407,20.0,0.18124366284118615,0.014273568094828867
4,268,13.117292366921902,4f8f7d024dee2ba1d205fcf59f39c4f32d87524ab703a9051d4ad4e7ca38f59f,324a2d406707f9daea94ae5b41dbad7950efa93d,unbiased,,,109,cuda,1.0,8,0.5,learned_mixture,0.5252635022145218,False,64,standard normal at finite u_max,0.17355159853043986,0.006593892137921133,0.03301668727765588,unbiased,3.058752546445679e-05,32768,202038784,0.03657760485183713,650,without_replacement,268435456,2.961791031062603,9004109,completed,2048,heldout,4,0.1758874595901949,0.03358162240328089,0.03493916802747732,0.4170665728299341,0.038112856653766625,20.0,0.41562124795911115,0.038018575184982285
4,269,4.145442850887775,4f8f7d024dee2ba1d205fcf59f39c4f32d87524ab703a9051d4ad4e7ca38f59f,324a2d406707f9daea94ae5b41dbad7950efa93d,tail,,,109,cuda,1.0,8,0.5,learned_mixture,0.8709523728276498,True,64,standard normal at finite u_max,0.2957442193588013,0.006593892137921133,0.0777694747527128,tail,0.00012219849164236775,32768,202038784,0.028572408951456393,396,without_replacement,268435456,3.381756726652384,9004109,completed,2048,heldout,4,0.30367021873558,0.08134546706872582,0.031116514638216908,0.321394446086234,0.08344308095058008,20.0,0.32008706705123746,0.07997428890364047
4,270,24.207266736775637,4f8f7d024dee2ba1d205fcf59f39c4f32d87524ab703a9051d4ad4e7ca38f59f,324a2d406707f9daea94ae5b41dbad7950efa93d,full,,,110,cuda,1.0,8,0.5,learned_mixture,0.6734536434850643,True,64,standard normal at finite u_max,0.052936799756868304,0.00527781286273175,0.010170355392157772,full,0.2724734469927702,32768,1383796224,0.0033581412724526206,92,with_replacement,4294967296,14.037819135934114,9004110,completed,2048,heldout,4,0.0664940653165719,0.01408505859110516,0.003768341751824884,0.16921140817768354,0.015496476109283463,20.0,0.1702710142178009,0.012237227495556769
4,271,3.7198178991675377,4f8f7d024dee2ba1d205fcf59f39c4f32d87524ab703a9051d4ad4e7ca38f59f,324a2d406707f9daea94ae5b41dbad7950efa93d,unbiased,,,110,cuda,1.0,8,0.5,learned_mixture,0.8878800728581073,False,64,standard normal at finite u_max,0.17420701385121398,0.00527781286273175,0.03442348332215532,unbiased,3.052479625054873e-05,32768,202038784,0.013947937531215402,652,without_replacement,268435456,2.9711782336235046,9004110,completed,2048,heldout,4,0.1842986211033955,0.036909151827996596,0.014358138010587666,0.3653768410063953,0.04291038386030002,20.0,0.3653061124972753,0.03969446882103049
4,272,4.141519587486982,4f8f7d024dee2ba1d205fcf59f39c4f32d87524ab703a9051d4ad4e7ca38f59f,324a2d406707f9daea94ae5b41dbad7950efa93d,tail,,,110,cuda,1.0,8,0.5,learned_mixture,0.9564919516810476,True,64,standard normal at finite u_max,0.3219850366392131,0.00527781286273175,0.07986530476300774,tail,7.282866745082278e-05,32768,202038784,0.021605003243985392,406,without_replacement,268435456,3.384277906268835,9004110,completed,2048,heldout,4,0.3362775482317363,0.08397918235136889,0.021370871472048712,0.29457911024782807,0.08400532878672495,20.0,0.29549958032559653,0.07990290897222097
4,273,24.235845036804676,4f8f7d024dee2ba1d205fcf59f39c4f32d87524ab703a9051d4ad4e7ca38f59f,324a2d406707f9daea94ae5b41dbad7950efa93d,full,,,111,cuda,1.0,8,0.5,learned_mixture,0.7586021610462781,True,64,standard normal at finite u_max,0.052012151118030904,0.006436725691858784,0.009474922193681817,full,0.37495842989655653,32768,1383796224,6.737950599880471e-05,90,with_replacement,4294967296,14.054219864308834,9004111,completed,2048,heldout,4,0.06456474177280316,0.013621125721234945,6.923715554037202e-05,0.16991907417743968,0.016541235943647276,20.0,0.1670638683407108,0.013036102893209443
4,274,3.7085788547992706,4f8f7d024dee2ba1d205fcf59f39c4f32d87524ab703a9051d4ad4e7ca38f59f,324a2d406707f9daea94ae5b41dbad7950efa93d,unbiased,,,111,cuda,1.0,8,0.5,learned_mixture,0.7619156210825626,False,64,standard normal at finite u_max,0.160816331638027,0.006436725691858784,0.0349406002354782,unbiased,3.097992788763203e-05,32768,202038784,6.603241897480683e-05,653,without_replacement,268435456,2.960050605237484,9004111,completed,2048,heldout,4,0.16579440880438406,0.036416364892470444,6.789006851637414e-05,0.3381639852221857,0.04111300793196404,20.0,0.33573738284586874,0.03991456757026519
4,275,4.154201444238424,4f8f7d024dee2ba1d205fcf59f39c4f32d87524ab703a9051d4ad4e7ca38f59f,324a2d406707f9daea94ae5b41dbad7950efa93d,tail,,,111,cuda,1.0,8,0.5,learned_mixture,0.7934842797686326,True,64,standard normal at finite u_max,0.3774703190715682,0.006436725691858784,0.10531727696761148,tail,0.00010596962791279405,32768,202038784,6.737950599880471e-05,469,without_replacement,268435456,3.399184964597225,9004111,completed,2048,heldout,4,0.3898587215194786,0.11082483932556877,6.923715554037202e-05,0.47156459467348516,0.11707664697746571,20.0,0.4695044125498541,0.11158450749603203
4,276,14.801459554582834,4f8f7d024dee2ba1d205fcf59f39c4f32d87524ab703a9051d4ad4e7ca38f59f,324a2d406707f9daea94ae5b41dbad7950efa93d,full,,,112,cuda,1.0,8,0.5,learned_mixture,0.9949915331418221,True,64,standard normal at finite u_max,0.05494807630409951,0.007463934397075562,0.010218313603873909,full,0.33906784610211743,32768,1383796224,6.843449634474918e-07,96,with_replacement,4294967296,14.044726550579071,9004112,completed,2048,heldout,4,0.07911364792119754,0.017682247998302154,7.688728954902135e-07,0.19352834402293786,0.01905387662052322,20.0,0.1958958066538706,0.013184075857038641
4,277,13.108272463083267,4f8f7d024dee2ba1d205fcf59f39c4f32d87524ab703a9051d4ad4e7ca38f59f,324a2d406707f9daea94ae5b41dbad7950efa93d,unbiased,,,112,cuda,1.0,8,0.5,learned_mixture,0.8111554345053174,False,64,standard normal at finite u_max,0.15258840938875368,0.007463934397075562,0.0318390604153988,unbiased,3.0738269200484125e-05,32768,202038784,6.843449634474918e-07,642,without_replacement,268435456,2.9575812704861164,9004112,completed,2048,heldout,4,0.16045135731757576,0.034556038325299604,7.688728954902135e-07,0.32653932918087913,0.03712905204456101,20.0,0.3284973753838895,0.03542318918892188
4,278,4.173190105706453,4f8f7d024dee2ba1d205fcf59f39c4f32d87524ab703a9051d4ad4e7ca38f59f,324a2d406707f9daea94ae5b41dbad7950efa93d,tail,,,112,cuda,1.0,8,0.5,learned_mixture,0.7152999647592696,True,64,standard normal at finite u_max,0.3466270214233004,0.007463934397075562,0.09951873560029437,tail,8.598212099747234e-05,32768,202038784,6.843449634474918e-07,456,without_replacement,268435456,3.4050439596176147,9004112,completed,2048,heldout,4,0.3627809609453966,0.10559874733934996,7.688728954902135e-07,0.36599263018397266,0.10997234189642219,20.0,0.3680052834945768,0.10471876741945457
4,279,24.437158815562725,4f8f7d024dee2ba1d205fcf59f39c4f32d87524ab703a9051d4ad4e7ca38f59f,324a2d406707f9daea94ae5b41dbad7950efa93d,full,,,113,cuda,1.0,8,0.5,learned_mixture,0.5827287137818861,True,64,standard normal at finite u_max,0.05497183691471838,0.00739696811704176,0.011813937583635775,full,0.3374707201670357,32768,1383796224,3.672405032850712e-09,94,with_replacement,4294967296,14.069782178848982,9004113,completed,2048,heldout,4,0.07902631567149247,0.019210905700677183,4.4079475347569286e-09,0.1677918844728411,0.02000054199161248,20.0,0.16621111850204223,0.013566535004603378
4,280,3.786949161440134,4f8f7d024dee2ba1d205fcf59f39c4f32d87524ab703a9051d4ad4e7ca38f59f,324a2d406707f9daea94ae5b41dbad7950efa93d,unbiased,,,113,cuda,1.0,8,0.5,learned_mixture,0.8035083080147905,False,64,standard normal at finite u_max,0.09010291088045556,0.00739696811704176,0.013695021961291312,unbiased,3.10826829617225e-05,32768,202038784,3.672405032850712e-09,636,without_replacement,268435456,3.038954809308052,9004113,completed,2048,heldout,4,0.09866353199986078,0.01682514959172117,4.4079475347569286e-09,0.33725226509069917,0.023793866534297443,20.0,0.33596338832443023,0.0217626828435563
4,281,4.14267510920763,4f8f7d024dee2ba1d205fcf59f39c4f32d87524ab703a9051d4ad4e7ca38f59f,324a2d406707f9daea94ae5b41dbad7950efa93d,tail,,,113,cuda,1.0,8,0.5,learned_mixture,0.9625675976654394,True,64,standard normal at finite u_max,0.3508950266592537,0.00739696811704176,0.10175858427742479,tail,0.00026868322399201084,32768,202038784,3.672405032850712e-09,427,without_replacement,268435456,3.3893005214631557,9004113,completed,2048,heldout,4,0.3640641784697328,0.10692946712310328,4.4079475347569286e-09,0.35424282883382535,0.1078235654409018,20.0,0.353374614561226,0.10248456627489377
4,282,24.216843206435442,4f8f7d024dee2ba1d205fcf59f39c4f32d87524ab703a9051d4ad4e7ca38f59f,324a2d406707f9daea94ae5b41dbad7950efa93d,full,,,114,cuda,1.0,8,0.5,learned_mixture,0.9337503688488088,True,64,standard normal at finite u_max,0.0971737403764402,0.003913109282774658,0.022701274831211333,full,0.37838899784041113,32768,1383796224,0.021149362073900127,94,with_replacement,4294967296,14.04061670601368,9004114,completed,2048,heldout,4,0.10535735362187129,0.024744748445770025,0.024206525257623054,0.16239738469951953,0.02618357660438996,20.0,0.16000137610441673,0.024108866085616274
4,283,3.6999630853533745,4f8f7d024dee2ba1d205fcf59f39c4f32d87524ab703a9051d4ad4e7ca38f59f,324a2d406707f9daea94ae5b41dbad7950efa93d,unbiased,,,114,cuda,1.0,8,0.5,learned_mixture,0.5002402018311948,False,64,standard normal at finite u_max,0.19579359250959041,0.003913109282774658,0.040188416991408085,unbiased,3.141378218640093e-05,32768,202038784,0.015495551335405006,633,without_replacement,268435456,2.956418205052614,9004114,completed,2048,heldout,4,0.19416736272528357,0.03985225292816752,0.017356513194819928,0.43168320593980264,0.04518618421844163,20.0,0.4300943033518912,0.046289535340017784
4,284,4.141396168619394,4f8f7d024dee2ba1d205fcf59f39c4f32d87524ab703a9051d4ad4e7ca38f59f,324a2d406707f9daea94ae5b41dbad7950efa93d,tail,,,114,cuda,1.0,8,0.5,learned_mixture,0.8546492683978162,True,64,standard normal at finite u_max,0.27681673157261666,0.003913109282774658,0.07710639415577371,tail,0.0005357572255956488,32768,202038784,0.04400990264852952,369,without_replacement,268435456,3.384457964450121,9004114,completed,2048,heldout,4,0.2791753364805898,0.07803071920029508,0.04450224566400598,0.3485463734017965,0.08057185304688204,20.0,0.3469015685675261,0.07922951848886849
4,285,24.22973883897066,4f8f7d024dee2ba1d205fcf59f39c4f32d87524ab703a9051d4ad4e7ca38f59f,324a2d406707f9daea94ae5b41dbad7950efa93d,full,,,115,cuda,1.0,8,0.5,learned_mixture,0.5781234081298856,True,64,standard normal at finite u_max,0.06389232660898962,0.007736060758814449,0.012789959079917042,full,0.35919196092673233,32768,1383796224,0.008657414522279784,99,with_replacement,4294967296,14.05723586305976,9004115,completed,2048,heldout,4,0.08681887000318292,0.01892523417475082,0.008749926573536508,0.1770209184936971,0.021222691109258802,20.0,0.17615119703169257,0.015060172439857727
4,286,3.711946740746498,4f8f7d024dee2ba1d205fcf59f39c4f32d87524ab703a9051d4ad4e7ca38f59f,324a2d406707f9daea94ae5b41dbad7950efa93d,unbiased,,,115,cuda,1.0,8,0.5,learned_mixture,0.507334106796552,False,64,standard normal at finite u_max,0.1725181756639405,0.007736060758814449,0.03586795050349736,unbiased,3.2095504875757734e-05,32768,202038784,0.031239963279869366,672,without_replacement,268435456,2.964236479252577,9004115,completed,2048,heldout,4,0.16164361440783687,0.03296784980900555,0.031225841816689796,0.34423893545245793,0.03696955126105805,20.0,0.34353924490843407,0.039048976624618814
4,287,4.157055452466011,4f8f7d024dee2ba1d205fcf59f39c4f32d87524ab703a9051d4ad4e7ca38f59f,324a2d406707f9daea94ae5b41dbad7950efa93d,tail,,,115,cuda,1.0,8,0.5,learned_mixture,0.5387248639920051,True,64,standard normal at finite u_max,0.3378447892526485,0.007736060758814449,0.08158440309976196,tail,3.920032143750157e-05,32768,202038784,0.01730570228984639,482,without_replacement,268435456,3.4041819609701633,9004115,completed,2048,heldout,4,0.3532940807906056,0.08769677517248599,0.017398214341103113,0.40839008748958655,0.09522378322594244,20.0,0.40886723622586846,0.08869488128193663
4,288,24.212207816541195,4f8f7d024dee2ba1d205fcf59f39c4f32d87524ab703a9051d4ad4e7ca38f59f,324a2d406707f9daea94ae5b41dbad7950efa93d,full,,,116,cuda,1.0,8,0.5,learned_mixture,0.999968994751546,True,64,standard normal at finite u_max,0.10566935069225494,0.00835958140983726,0.025131397055972837,full,0.3560895685350997,32768,1383796224,0.02135739780353556,103,with_replacement,4294967296,14.061540953814983,9004116,completed,2048,heldout,4,0.11508692628947287,0.02727464556620576,0.021097035110834193,0.18887110760279255,0.02947027710610763,20.0,0.18691532132857996,0.026973916126059642
4,289,3.7079596035182476,4f8f7d024dee2ba1d205fcf59f39c4f32d87524ab703a9051d4ad4e7ca38f59f,324a2d406707f9daea94ae5b41dbad7950efa93d,unbiased,,,116,cuda,1.0,8,0.5,learned_mixture,0.6425271386629375,False,64,standard normal at finite u_max,0.2650426237724812,0.00835958140983726,0.06441403621179735,unbiased,3.068377184075143e-05,32768,202038784,0.0031366530492996925,670,without_replacement,268435456,2.9645019248127937,9004116,completed,2048,heldout,4,0.2772937844643171,0.06811204591398776,0.004001584498004154,0.3770085614569144,0.07112347740478085,20.0,0.3751513900506925,0.06734160990187571
4,290,4.217361733317375,4f8f7d024dee2ba1d205fcf59f39c4f32d87524ab703a9051d4ad4e7ca38f59f,324a2d406707f9daea94ae5b41dbad7950efa93d,tail,,,116,cuda,1.0,8,0.5,learned_mixture,0.8006531481913741,True,64,standard normal at finite u_max,0.48429548761548713,0.00835958140983726,0.1352500627332776,tail,8.936675677639825e-05,32768,202038784,0.03842136102604933,477,without_replacement,268435456,3.4324058927595615,9004116,completed,2048,heldout,4,0.5077665669425901,0.14329710337343635,0.03816099833334796,0.427558285282506,0.14370599739890122,20.0,0.42653146670194814,0.13602461295351995
4,291,14.794723577797413,4f8f7d024dee2ba1d205fcf59f39c4f32d87524ab703a9051d4ad4e7ca38f59f,324a2d406707f9daea94ae5b41dbad7950efa93d,full,,,117,cuda,1.0,8,0.5,learned_mixture,0.9547038879569673,True,64,standard normal at finite u_max,0.16718860173565525,0.008652446247406909,0.04172622181758215,full,0.3634018098737334,32768,1383796224,0.02267179548528312,103,with_replacement,4294967296,14.044657532125711,9004117,completed,2048,heldout,4,0.19044268439259548,0.04776788271414086,0.02181342354620861,0.23638141743516497,0.048571796002706266,20.0,0.2341636353897198,0.04235755106333011
4,292,13.124866474419832,4f8f7d024dee2ba1d205fcf59f39c4f32d87524ab703a9051d4ad4e7ca38f59f,324a2d406707f9daea94ae5b41dbad7950efa93d,unbiased,,,117,cuda,1.0,8,0.5,learned_mixture,0.9652082528297881,False,64,standard normal at finite u_max,0.17949451451715104,0.008652446247406909,0.03901004625854135,unbiased,3.1455310522513576e-05,32768,202038784,0.008476626020358383,658,without_replacement,268435456,2.9648177437484264,9004117,completed,2048,heldout,4,0.20689208988801827,0.046172887456622215,0.009334997983169294,0.3535879161103762,0.05011263261159877,20.0,0.3513361910195589,0.04346573720122756
4,293,4.147568698972464,4f8f7d024dee2ba1d205fcf59f39c4f32d87524ab703a9051d4ad4e7ca38f59f,324a2d406707f9daea94ae5b41dbad7950efa93d,tail,,,117,cuda,1.0,8,0.5,learned_mixture,0.896638410918286,True,64,standard normal at finite u_max,0.3289272584607704,0.008652446247406909,0.08764769893720674,tail,3.4479917211829335e-05,32768,202038784,0.04760781572557191,457,without_replacement,268435456,3.3966282941401005,9004117,completed,2048,heldout,4,0.3453841408095806,0.09284320626632894,0.046749443786497404,0.31461315957048464,0.09314406934510165,20.0,0.3122180793659086,0.08771586944334016
4,294,24.211980797350407,4f8f7d024dee2ba1d205fcf59f39c4f32d87524ab703a9051d4ad4e7ca38f59f,324a2d406707f9daea94ae5b41dbad7950efa93d,full,,,118,cuda,1.0,8,0.5,learned_mixture,0.5507854729671688,True,64,standard normal at finite u_max,0.0599370651229387,0.007881850996745873,0.011311274336800087,full,0.3348212191856698,32768,1383796224,0.006206762207856958,102,with_replacement,4294967296,14.04497566446662,9004118,completed,2048,heldout,4,0.08348099172672284,0.017597059623959,0.0045512163914702,0.18814034322632822,0.01990689897042075,20.0,0.18904658636580673,0.014122666917596456
4,295,3.711461763828993,4f8f7d024dee2ba1d205fcf59f39c4f32d87524ab703a9051d4ad4e7ca38f59f,324a2d406707f9daea94ae5b41dbad7950efa93d,unbiased,,,118,cuda,1.0,8,0.5,learned_mixture,0.8405470349777442,False,64,standard normal at finite u_max,0.27455735269178283,0.007881850996745873,0.06057385787666051,unbiased,3.051818663229696e-05,32768,202038784,0.040431699594919615,665,without_replacement,268435456,2.9640824273228645,9004118,completed,2048,heldout,4,0.3010441037498236,0.06783056344888053,0.04180815893984069,0.41484279725474615,0.06893229630201644,20.0,0.4155856535226263,0.061893528381364915
4,296,4.154963504523039,4f8f7d024dee2ba1d205fcf59f39c4f32d87524ab703a9051d4ad4e7ca38f59f,324a2d406707f9daea94ae5b41dbad7950efa93d,tail,,,118,cuda,1.0,8,0.5,learned_mixture,0.8484677042655756,True,64,standard normal at finite u_max,0.43329369743288415,0.007881850996745873,0.10886501922599882,tail,4.5135443537765354e-05,32768,202038784,0.051098609165644564,435,without_replacement,268435456,3.397163100540638,9004118,completed,2048,heldout,4,0.45007818769743013,0.11528537674954481,0.052075113550764975,0.41668793029780093,0.11596946992137813,20.0,0.41769786229512496,0.1106151891650099
4,297,14.802382111549377,4f8f7d024dee2ba1d205fcf59f39c4f32d87524ab703a9051d4ad4e7ca38f59f,324a2d406707f9daea94ae5b41dbad7950efa93d,full,,,119,cuda,1.0,8,0.5,learned_mixture,0.6530178104964296,True,64,standard normal at finite u_max,0.059750980565736814,0.003879548558241714,0.012365353380188359,full,0.34889308666863295,32768,1383796224,0.0028501200151962724,91,with_replacement,4294967296,14.048219300806522,9004119,completed,2048,heldout,4,0.06637378119131222,0.014299305236756692,0.0037781551682130182,0.18138586358218295,0.017237851770134486,20.0,0.1799634644696962,0.01538145180615843
4,298,3.719086464494467,4f8f7d024dee2ba1d205fcf59f39c4f32d87524ab703a9051d4ad4e7ca38f59f,324a2d406707f9daea94ae5b41dbad7950efa93d,unbiased,,,119,cuda,1.0,8,0.5,learned_mixture,0.7590887035544904,False,64,standard normal at finite u_max,0.2042346110042035,0.003879548558241714,0.051078907153719925,unbiased,3.0595471802383465e-05,32768,202038784,0.009493286536545444,640,without_replacement,268435456,2.9650363251566887,9004119,completed,2048,heldout,4,0.21075909555787714,0.05312938236017944,0.008565312259165035,0.31512838844873403,0.057191156774729385,20.0,0.31372654805572664,0.05555684792260201
4,299,13.552760165184736,4f8f7d024dee2ba1d205fcf59f39c4f32d87524ab703a9051d4ad4e7ca38f59f,324a2d406707f9daea94ae5b41dbad7950efa93d,tail,,,119,cuda,1.0,8,0.5,learned_mixture,0.5889586336763662,True,64,standard normal at finite u_max,0.26473095074036535,0.003879548558241714,0.0688405565645995,tail,0.006143732473511483,32768,202038784,0.017200235213647316,340,without_replacement,268435456,3.370118610560894,9004119,completed,2048,heldout,4,0.27398959194932937,0.07166493691896156,0.01627409555735579,0.24636435741054286,0.07170550097481851,20.0,0.24501475768985984,0.06886990410092746
4,300,1.3124147057533264,,324a2d406707f9daea94ae5b41dbad7950efa93d,full,,60,,cuda,1.0,8,0.5,gaussian,0.7309895918673145,True,64,standard normal at finite u_max,0.06805489138660763,,0.01393516807783668,full,0.07005532105052457,8192,371658240,1.3000539089702556e-08,86,with_replacement,268435456,1.0451079159975052,20,completed,512,boundary,,,,,,,20.0,0.18512753596342982,0.01726993466021709
59,301,2.175263226032257,,324a2d406707f9daea94ae5b41dbad7950efa93d,below,,60,,cuda,1.0,8,0.5,gaussian,0.9761677387977014,False,64,standard normal at finite u_max,0.07539922932223213,,0.01568036089060748,unbiased,0.08923126123629928,8192,578936320,1.3000539089702556e-08,88,without_replacement,247463936,1.6234367042779922,20,completed,512,boundary,,,,,,,20.0,0.22352337712865067,0.01998702886556599
60,302,2.232078328728676,,324a2d406707f9daea94ae5b41dbad7950efa93d,at,,60,,cuda,1.0,8,0.5,gaussian,0.9999295875436545,True,64,standard normal at finite u_max,0.05250679662914024,,0.009121957092939822,unbiased,0.043053631323662446,8192,579001856,1.3000539089702556e-08,85,without_replacement,251658240,1.6429460979998112,20,completed,512,boundary,,,,,,,20.0,0.18895725548451697,0.01353120948153368
4,303,0.6865117996931076,,324a2d406707f9daea94ae5b41dbad7950efa93d,tail,,60,,cuda,1.0,8,0.5,gaussian,0.9007128394641749,True,64,standard normal at finite u_max,0.0718826774577181,,0.01620112987960752,tail,0.019014229735748178,8192,76209664,1.3000539089702556e-08,87,without_replacement,16777216,0.42578693106770515,20,completed,512,boundary,,,,,,,20.0,0.1799110521588652,0.018449943123839258
4,304,1.306270495057106,,324a2d406707f9daea94ae5b41dbad7950efa93d,full,,60,,cuda,1.0,8,0.5,gaussian,0.9988503578609015,True,64,standard normal at finite u_max,0.05906055491117237,,0.011550906645875797,full,0.04424184833359242,8192,371658240,1.3000539089702556e-08,85,with_replacement,268435456,1.0432215072214603,21,completed,512,boundary,,,,,,,20.0,0.17491694635644323,0.015157625535625323
59,305,2.1890356056392193,,324a2d406707f9daea94ae5b41dbad7950efa93d,below,,60,,cuda,1.0,8,0.5,gaussian,0.9999325023252055,False,64,standard normal at finite u_max,0.07419289708153727,,0.015592044651132439,unbiased,0.07466999182277612,8192,578799616,1.3000539089702556e-08,92,without_replacement,247463936,1.633860819041729,21,completed,512,boundary,,,,,,,20.0,0.2013946795987255,0.018686821116986618
60,306,2.2270199805498123,,324a2d406707f9daea94ae5b41dbad7950efa93d,at,,60,,cuda,1.0,8,0.5,gaussian,0.675851602468814,True,64,standard normal at finite u_max,0.056825614964169116,,0.011435976444580609,unbiased,0.09346112116244697,8192,579001856,1.3000539089702556e-08,83,without_replacement,251658240,1.642633356153965,21,completed,512,boundary,,,,,,,20.0,0.13517173659144904,0.014380254144386378
4,307,0.6864549741148949,,324a2d406707f9daea94ae5b41dbad7950efa93d,tail,,60,,cuda,1.0,8,0.5,gaussian,0.7358790406276265,True,64,standard normal at finite u_max,0.05595032596466439,,0.011326739113641668,tail,0.08864137812254076,8192,76209664,1.3000539089702556e-08,83,without_replacement,16777216,0.4267598018050194,21,completed,512,boundary,,,,,,,20.0,0.1693979040925847,0.013830830513876692
4,308,1.3051050081849098,,324a2d406707f9daea94ae5b41dbad7950efa93d,full,,60,,cuda,1.0,8,0.5,gaussian,0.9987705756284228,True,64,standard normal at finite u_max,0.08523322412843119,,0.018333172324146052,full,0.0493547268508335,8192,371658240,1.3000539089702556e-08,84,with_replacement,268435456,1.0430046655237675,22,completed,512,boundary,,,,,,,20.0,0.18400986573607975,0.022152578650070753
59,309,2.1742127127945423,,324a2d406707f9daea94ae5b41dbad7950efa93d,below,,60,,cuda,1.0,8,0.5,gaussian,0.9835339484562637,False,64,standard normal at finite u_max,0.0784766484508452,,0.01781867181749204,unbiased,0.06198088866367437,8192,578936320,1.3000539089702556e-08,83,without_replacement,247463936,1.6211647540330887,22,completed,512,boundary,,,,,,,20.0,0.2043550325122795,0.02097557071141266
60,310,2.2251469418406487,,324a2d406707f9daea94ae5b41dbad7950efa93d,at,,60,,cuda,1.0,8,0.5,gaussian,0.6300150571364067,True,64,standard normal at finite u_max,0.0621227851828125,,0.01242739547034126,unbiased,0.022431822359143105,8192,579001856,1.3000539089702556e-08,81,without_replacement,251658240,1.6426528804004192,22,completed,512,boundary,,,,,,,20.0,0.19429817808932043,0.01593636655964687
4,311,0.6860074363648891,,324a2d406707f9daea94ae5b41dbad7950efa93d,tail,,60,,cuda,1.0,8,0.5,gaussian,0.9070284153123065,True,64,standard normal at finite u_max,0.05979441501887041,,0.011346162532068188,tail,0.0431158468907512,8192,76209664,1.3000539089702556e-08,80,without_replacement,16777216,0.4252462685108185,22,completed,512,boundary,,,,,,,20.0,0.18521659095884463,0.015352730985807526
4,312,1.3054542355239391,,324a2d406707f9daea94ae5b41dbad7950efa93d,full,,60,,cuda,1.0,8,0.5,gaussian,0.9941755818558033,True,64,standard normal at finite u_max,0.08518523038450872,,0.02125086715827053,full,0.08959242133946992,8192,371658240,1.3000539089702556e-08,80,with_replacement,268435456,1.0432696007192135,23,completed,512,boundary,,,,,,,20.0,0.14421781634464062,0.022644606425367978
59,313,2.1738339588046074,,324a2d406707f9daea94ae5b41dbad7950efa93d,below,,60,,cuda,1.0,8,0.5,gaussian,0.8844303782331158,False,64,standard normal at finite u_max,0.19161260175582387,,0.049999096345928334,unbiased,0.10222670243897963,8192,578936320,1.3000539089702556e-08,87,without_replacement,247463936,1.6230481788516045,23,completed,512,boundary,,,,,,,20.0,0.2565642692363617,0.05277731519335595
60,314,2.226204738020897,,324a2d406707f9daea94ae5b41dbad7950efa93d,at,,60,,cuda,1.0,8,0.5,gaussian,0.6102601134503368,True,64,standard normal at finite u_max,0.07065923264899554,,0.013918809674596591,unbiased,0.08185461811356778,8192,579001856,1.3000539089702556e-08,86,without_replacement,251658240,1.6420698165893555,23,completed,512,boundary,,,,,,,20.0,0.20561938258024784,0.016873751010511674
4,315,0.6895889304578304,,324a2d406707f9daea94ae5b41dbad7950efa93d,tail,,60,,cuda,1.0,8,0.5,gaussian,0.9524008348377454,True,64,standard normal at finite u_max,0.11123012834932983,,0.02696480425972346,tail,0.06062070411266352,8192,76209664,1.3000539089702556e-08,85,without_replacement,16777216,0.4277529940009117,23,completed,512,boundary,,,,,,,20.0,0.19651928251453576,0.029791098141823298
4,316,1.3051493242383003,,324a2d406707f9daea94ae5b41dbad7950efa93d,full,,60,,cuda,1.0,8,0.5,gaussian,0.6273493899349396,True,64,standard normal at finite u_max,0.10028754652095345,,0.02346022617008539,full,0.03382580628840801,8192,371658240,1.3000539089702556e-08,87,with_replacement,268435456,1.043175995349884,24,completed,512,boundary,,,,,,,20.0,0.20051420657144614,0.026168635339874177
59,317,2.170301180332899,,324a2d406707f9daea94ae5b41dbad7950efa93d,below,,60,,cuda,1.0,8,0.5,gaussian,0.816087790784007,False,64,standard normal at finite u_max,0.09381796991625581,,0.023502313687700213,unbiased,0.07395259220043737,8192,578936320,1.3000539089702556e-08,89,without_replacement,247463936,1.6220389902591705,24,completed,512,boundary,,,,,,,20.0,0.16437882758384198,0.024531373333254256
60,318,2.229378152638674,,324a2d406707f9daea94ae5b41dbad7950efa93d,at,,60,,cuda,1.0,8,0.5,gaussian,0.9999260843604033,True,64,standard normal at finite u_max,0.09722571584979155,,0.023515247111673077,unbiased,0.044857448223670146,8192,579001856,1.3000539089702556e-08,84,without_replacement,251658240,1.6426550410687923,24,completed,512,boundary,,,,,,,20.0,0.19890129420660885,0.02539313422203899
4,319,0.6887519769370556,,324a2d406707f9daea94ae5b41dbad7950efa93d,tail,,60,,cuda,1.0,8,0.5,gaussian,0.9776494849353367,True,64,standard normal at finite u_max,0.09013576010280877,,0.02300645011628208,tail,0.098765011453994,8192,76209664,1.3000539089702556e-08,89,without_replacement,16777216,0.4275539331138134,24,completed,512,boundary,,,,,,,20.0,0.17479870718789317,0.025174632540214466
4,320,1.3040862046182156,,324a2d406707f9daea94ae5b41dbad7950efa93d,full,,60,,cuda,1.0,8,0.5,gaussian,0.6642943097780998,True,64,standard normal at finite u_max,0.06077014529570152,,0.01164231362440718,full,0.08401185605619826,8192,371658240,1.3000539089702556e-08,80,with_replacement,268435456,1.0415427461266518,25,completed,512,boundary,,,,,,,20.0,0.19785801788770346,0.01533940190525559
59,321,2.172352697700262,,324a2d406707f9daea94ae5b41dbad7950efa93d,below,,60,,cuda,1.0,8,0.5,gaussian,0.9558079821974135,False,64,standard normal at finite u_max,0.0972798561194346,,0.022644590210048277,unbiased,0.06446116637113994,8192,578936320,1.3000539089702556e-08,83,without_replacement,247463936,1.6212896220386028,25,completed,512,boundary,,,,,,,20.0,0.20007445680291686,0.025506733667788217
60,322,2.2284667380154133,,324a2d406707f9daea94ae5b41dbad7950efa93d,at,,60,,cuda,1.0,8,0.5,gaussian,0.6575886350983164,True,64,standard normal at finite u_max,0.045645157892984636,,0.00886795799750191,unbiased,0.06470947550891998,8192,579001856,1.3000539089702556e-08,82,without_replacement,251658240,1.6413400657474995,25,completed,512,boundary,,,,,,,20.0,0.14842916531282993,0.011713660378136644
4,323,0.7053034082055092,,324a2d406707f9daea94ae5b41dbad7950efa93d,tail,,60,,cuda,1.0,8,0.5,gaussian,0.9174264269657968,True,64,standard normal at finite u_max,0.06942773099557233,,0.014608152104558944,tail,0.07772643008902523,8192,76209664,1.3000539089702556e-08,83,without_replacement,16777216,0.4384840503334999,25,completed,512,boundary,,,,,,,20.0,0.2103327821555493,0.018787674922225363
4,324,1.3050503470003605,,324a2d406707f9daea94ae5b41dbad7950efa93d,full,,60,,cuda,1.0,8,0.5,gaussian,0.9831106550420782,True,64,standard normal at finite u_max,0.05358473339106533,,0.008838860522565176,full,0.08609021111232242,8192,371658240,1.3000539089702556e-08,82,with_replacement,268435456,1.0430875532329082,26,completed,512,boundary,,,,,,,20.0,0.20911349895839748,0.013547654826010969
59,325,2.1696296632289886,,324a2d406707f9daea94ae5b41dbad7950efa93d,below,,60,,cuda,1.0,8,0.5,gaussian,0.6391993601630765,False,64,standard normal at finite u_max,0.10499115429729054,,0.024496279085403888,unbiased,0.029034411148443014,8192,578936320,1.3000539089702556e-08,87,without_replacement,247463936,1.6221618838608265,26,completed,512,boundary,,,,,,,20.0,0.18278301580306777,0.02856166936938632
60,326,2.2319451980292797,,324a2d406707f9daea94ae5b41dbad7950efa93d,at,,60,,cuda,1.0,8,0.5,gaussian,0.9136383322321079,True,64,standard normal at finite u_max,0.052663046054743756,,0.009417772498685889,unbiased,0.08252905661564713,8192,579001856,1.3000539089702556e-08,91,without_replacement,251658240,1.6452505812048912,26,completed,512,boundary,,,,,,,20.0,0.19758613815282522,0.013864221852531854
4,327,0.6888419725000858,,324a2d406707f9daea94ae5b41dbad7950efa93d,tail,,60,,cuda,1.0,8,0.5,gaussian,0.8971968813317239,True,64,standard normal at finite u_max,0.06709277868685071,,0.01580708058441313,tail,0.074738328667687,8192,76209664,1.3000539089702556e-08,82,without_replacement,16777216,0.42713041976094246,26,completed,512,boundary,,,,,,,20.0,0.1717414510728308,0.018154401231289422
4,328,1.3034283071756363,,324a2d406707f9daea94ae5b41dbad7950efa93d,full,,60,,cuda,1.0,8,0.5,gaussian,0.7191181186547827,True,64,standard normal at finite u_max,0.08398317303911483,,0.01919628380156993,full,0.06663017266032953,8192,371658240,1.3000539089702556e-08,89,with_replacement,268435456,1.042728703469038,27,completed,512,boundary,,,,,,,20.0,0.17961207441750854,0.02116962875474455
59,329,2.1696214005351067,,324a2d406707f9daea94ae5b41dbad7950efa93d,below,,60,,cuda,1.0,8,0.5,gaussian,0.9422481575632495,False,64,standard normal at finite u_max,0.05018182668048106,,0.009476348538426771,unbiased,0.09737021037710367,8192,578936320,1.3000539089702556e-08,85,without_replacement,247463936,1.6203525811433792,27,completed,512,boundary,,,,,,,20.0,0.12928081387950277,0.014135700416281106
60,330,2.2290648259222507,,324a2d406707f9daea94ae5b41dbad7950efa93d,at,,60,,cuda,1.0,8,0.5,gaussian,0.6042080818173677,True,64,standard normal at finite u_max,0.049899490422610125,,0.009103961390386772,unbiased,0.06240622688515499,8192,579001856,1.3000539089702556e-08,85,without_replacement,251658240,1.643955998122692,27,completed,512,boundary,,,,,,,20.0,0.17419279673459137,0.013596148892411127
4,331,0.6923970356583595,,324a2d406707f9daea94ae5b41dbad7950efa93d,tail,,60,,cuda,1.0,8,0.5,gaussian,0.9500845673132275,True,64,standard normal at finite u_max,0.08850766619805853,,0.02228283168169133,tail,0.09215500020690245,8192,76209664,1.3000539089702556e-08,88,without_replacement,16777216,0.4303335137665272,27,completed,512,boundary,,,,,,,20.0,0.16110289354388488,0.023213325877345453
4,332,1.3049768209457397,,324a2d406707f9daea94ae5b41dbad7950efa93d,full,,60,,cuda,1.0,8,0.5,gaussian,0.9194443261298029,True,64,standard normal at finite u_max,0.06779097800722331,,0.014632785272648913,full,0.09932780295277037,8192,371658240,1.3000539089702556e-08,86,with_replacement,268435456,1.0434154123067856,28,completed,512,boundary,,,,,,,20.0,0.19056127107959153,0.01597275400667674
59,333,2.170459669083357,,324a2d406707f9daea94ae5b41dbad7950efa93d,below,,60,,cuda,1.0,8,0.5,gaussian,0.9813863595512083,False,64,standard normal at finite u_max,0.06540362414585842,,0.015006133123094914,unbiased,0.06947147255373333,8192,578936320,1.3000539089702556e-08,81,without_replacement,247463936,1.6215863302350044,28,completed,512,boundary,,,,,,,20.0,0.1821768972967238,0.017090358222175802
60,334,2.225698307156563,,324a2d406707f9daea94ae5b41dbad7950efa93d,at,,60,,cuda,1.0,8,0.5,gaussian,0.8058468648248102,True,64,standard normal at finite u_max,0.0604368497809821,,0.012727431349453838,unbiased,0.04628259213640196,8192,579001856,1.3000539089702556e-08,87,without_replacement,251658240,1.6437405347824097,28,completed,512,boundary,,,,,,,20.0,0.18467164373056627,0.01506943659329717
4,335,0.6906268820166588,,324a2d406707f9daea94ae5b41dbad7950efa93d,tail,,60,,cuda,1.0,8,0.5,gaussian,0.6640367294646305,True,64,standard normal at finite u_max,0.04419028219364345,,0.005694487168819332,tail,0.1033998544819402,8192,76209664,1.3000539089702556e-08,89,without_replacement,16777216,0.4289756827056408,28,completed,512,boundary,,,,,,,20.0,0.20135325639632712,0.011584648903323776
4,336,1.304638396948576,,324a2d406707f9daea94ae5b41dbad7950efa93d,full,,60,,cuda,1.0,8,0.5,gaussian,0.8514130094440214,True,64,standard normal at finite u_max,0.06092622069754813,,0.012824965875288502,full,0.08509015583000722,8192,371658240,1.3000539089702556e-08,84,with_replacement,268435456,1.0430708155035973,29,completed,512,boundary,,,,,,,20.0,0.1871228977081854,0.01595617276728452
59,337,2.177754797041416,,324a2d406707f9daea94ae5b41dbad7950efa93d,below,,60,,cuda,1.0,8,0.5,gaussian,0.9198956070227089,False,64,standard normal at finite u_max,0.06148155145661275,,0.012410094120824,unbiased,0.1046240644747145,8192,578936320,1.3000539089702556e-08,86,without_replacement,247463936,1.6226885356009007,29,completed,512,boundary,,,,,,,20.0,0.20867404568664882,0.016243283385522004
60,338,2.227570131421089,,324a2d406707f9daea94ae5b41dbad7950efa93d,at,,60,,cuda,1.0,8,0.5,gaussian,0.7434184020135064,True,64,standard normal at finite u_max,0.05360963870758787,,0.01088387228839395,unbiased,0.10775869959414561,8192,579001856,1.3000539089702556e-08,83,without_replacement,251658240,1.6426583975553513,29,completed,512,boundary,,,,,,,20.0,0.17193937329812364,0.013912559725935024
4,339,0.6867009624838829,,324a2d406707f9daea94ae5b41dbad7950efa93d,tail,,60,,cuda,1.0,8,0.5,gaussian,0.6384870839624796,True,64,standard normal at finite u_max,0.0628854958672097,,0.011486824080679192,tail,0.09614607821167402,8192,76209664,1.3000539089702556e-08,80,without_replacement,16777216,0.4252733699977398,29,completed,512,boundary,,,,,,,20.0,0.20261009181251988,0.01675454008551445
4,340,4.629012152552605,,324a2d406707f9daea94ae5b41dbad7950efa93d,full,,59,,cuda,1.0,8,0.5,gaussian,0.9175484796501275,True,64,standard normal at finite u_max,0.06149627597135196,,0.01087636174142037,full,0.32548882224702963,8192,371658240,1.3000539089702556e-08,98,with_replacement,1073741824,4.09821168333292,20,completed,2048,boundary,,,,,,,20.0,0.2005571719466177,0.015196933422231985
58,341,8.037896662950516,,324a2d406707f9daea94ae5b41dbad7950efa93d,below,,59,,cuda,1.0,8,0.5,gaussian,0.8371162450976087,False,64,standard normal at finite u_max,0.07598162011006658,,0.019516058244826467,unbiased,0.32714094553484657,8192,566287872,1.3000539089702556e-08,93,without_replacement,973078528,6.339893851429224,20,completed,2048,boundary,,,,,,,20.0,0.1476672518916754,0.02031056622947478
59,342,8.40952580794692,,324a2d406707f9daea94ae5b41dbad7950efa93d,at,,59,,cuda,1.0,8,0.5,gaussian,0.6481467893077405,True,64,standard normal at finite u_max,0.1347092274598137,,0.03212420699126309,unbiased,0.36340129139254224,8192,578936320,1.3000539089702556e-08,97,without_replacement,989855744,6.454963192343712,20,completed,2048,boundary,,,,,,,20.0,0.24509360050045803,0.03438228428827493
4,343,2.1746608205139637,,324a2d406707f9daea94ae5b41dbad7950efa93d,tail,,59,,cuda,1.0,8,0.5,gaussian,0.9652166147547478,True,64,standard normal at finite u_max,0.06018027936263274,,0.011000955709868476,tail,0.32842702576156696,8192,76209664,1.3000539089702556e-08,93,without_replacement,67108864,1.6410647705197334,20,completed,2048,boundary,,,,,,,20.0,0.19902339597653387,0.015608435486993887
4,344,4.632134582847357,,324a2d406707f9daea94ae5b41dbad7950efa93d,full,,59,,cuda,1.0,8,0.5,gaussian,0.9193679289280678,True,64,standard normal at finite u_max,0.052074413614808066,,0.008948319613676856,full,0.3663101377078273,8192,371658240,1.3000539089702556e-08,93,with_replacement,1073741824,4.1030108369886875,21,completed,2048,boundary,,,,,,,20.0,0.18419125882863008,0.012836447059753425
58,345,8.08472803607583,,324a2d406707f9daea94ae5b41dbad7950efa93d,below,,59,,cuda,1.0,8,0.5,gaussian,0.5893446081171861,False,64,standard normal at finite u_max,0.052345284810702074,,0.010344087840698443,unbiased,0.3834754194804976,8192,566287872,1.3000539089702556e-08,95,without_replacement,973078528,6.378838267177343,21,completed,2048,boundary,,,,,,,20.0,0.16512077793308733,0.013273192162525458
59,346,8.23241700232029,,324a2d406707f9daea94ae5b41dbad7950efa93d,at,,59,,cuda,1.0,8,0.5,gaussian,0.7841130532926716,True,64,standard normal at finite u_max,0.060840642894790936,,0.013662049101513835,unbiased,0.3549896471296772,8192,578936320,1.3000539089702556e-08,93,without_replacement,989855744,6.424989387392998,21,completed,2048,boundary,,,,,,,20.0,0.1631152003795857,0.01578221711546999
4,347,2.1960698664188385,,324a2d406707f9daea94ae5b41dbad7950efa93d,tail,,59,,cuda,1.0,8,0.5,gaussian,0.9589983720324303,True,64,standard normal at finite u_max,0.06967771201541391,,0.014607881288335511,tail,0.34193798772088924,8192,76209664,1.3000539089702556e-08,93,without_replacement,67108864,1.6594079248607159,21,completed,2048,boundary,,,,,,,20.0,0.17899538386638225,0.018445041778151438
4,348,4.647973354905844,,324a2d406707f9daea94ae5b41dbad7950efa93d,full,,59,,cuda,1.0,8,0.5,gaussian,0.6488745708024827,True,64,standard normal at finite u_max,0.056594108601005,,0.011886055433438,full,0.3080188813993574,8192,371658240,1.3000539089702556e-08,102,with_replacement,1073741824,4.113757148385048,22,completed,2048,boundary,,,,,,,20.0,0.1541188757565476,0.015029054170067288
58,349,12.823253624141216,,324a2d406707f9daea94ae5b41dbad7950efa93d,below,,59,,cuda,1.0,8,0.5,gaussian,0.6890592519981714,False,64,standard normal at finite u_max,0.061199511768982605,,0.01180971622025416,unbiased,0.30730165561614065,8192,566014464,1.3000539089702556e-08,91,without_replacement,973078528,6.33983962610364,22,completed,2048,boundary,,,,,,,20.0,0.20549770167305698,0.015206983930623157
59,350,8.228599097579718,,324a2d406707f9daea94ae5b41dbad7950efa93d,at,,59,,cuda,1.0,8,0.5,gaussian,0.774147667877586,True,64,standard normal at finite u_max,0.059813321057022764,,0.01153809481877062,unbiased,0.3559673658204467,8192,578936320,1.3000539089702556e-08,97,without_replacement,989855744,6.424108684062958,22,completed,2048,boundary,,,,,,,20.0,0.20181390105675157,0.015483152502005373
4,351,2.1733398400247097,,324a2d406707f9daea94ae5b41dbad7950efa93d,tail,,59,,cuda,1.0,8,0.5,gaussian,0.9718959902651156,True,64,standard normal at finite u_max,0.14998882197249616,,0.03763479612284461,tail,0.3493650828581712,8192,76209664,1.3000539089702556e-08,93,without_replacement,67108864,1.6386403292417526,22,completed,2048,boundary,,,,,,,20.0,0.21303590374451858,0.03951412724300238
4,352,4.632091268897057,,324a2d406707f9daea94ae5b41dbad7950efa93d,full,,59,,cuda,1.0,8,0.5,gaussian,0.936474316370041,True,64,standard normal at finite u_max,0.0732403280442209,,0.017274569695757885,full,0.3134135071939834,8192,371658240,1.3000539089702556e-08,97,with_replacement,1073741824,4.099420722573996,23,completed,2048,boundary,,,,,,,20.0,0.15412670136878517,0.019275077242674795
58,353,8.161227013915777,,324a2d406707f9daea94ae5b41dbad7950efa93d,below,,59,,cuda,1.0,8,0.5,gaussian,0.9733563163393781,False,64,standard normal at finite u_max,0.053193793813314176,,0.009173597984828363,unbiased,0.29893421347643323,8192,566287872,1.3000539089702556e-08,93,without_replacement,973078528,6.361457858234644,23,completed,2048,boundary,,,,,,,20.0,0.19855978504184058,0.013582233234247615
59,354,8.226716976612806,,324a2d406707f9daea94ae5b41dbad7950efa93d,at,,59,,cuda,1.0,8,0.5,gaussian,0.6414555771043623,True,64,standard normal at finite u_max,0.09092265476082054,,0.022574039122488163,unbiased,0.365027333839325,8192,578936320,1.3000539089702556e-08,93,without_replacement,989855744,6.428887024521828,23,completed,2048,boundary,,,,,,,20.0,0.14362656593623713,0.025147803273914526
4,355,2.1781120412051678,,324a2d406707f9daea94ae5b41dbad7950efa93d,tail,,59,,cuda,1.0,8,0.5,gaussian,0.6801546575525139,True,64,standard normal at finite u_max,0.08248967325288185,,0.018806721587140723,tail,0.3848826907354908,8192,76209664,1.3000539089702556e-08,96,without_replacement,67108864,1.6490585505962372,23,completed,2048,boundary,,,,,,,20.0,0.18422937774484574,0.0213476478058779
4,356,4.633642677217722,,324a2d406707f9daea94ae5b41dbad7950efa93d,full,,59,,cuda,1.0,8,0.5,gaussian,0.8108083681740744,True,64,standard normal at finite u_max,0.06660060037524396,,0.014045543584366202,full,0.32432204952375493,8192,371658240,1.3000539089702556e-08,94,with_replacement,1073741824,4.102986261248589,24,completed,2048,boundary,,,,,,,20.0,0.18839205542984655,0.01751325854025785
58,357,8.055515471845865,,324a2d406707f9daea94ae5b41dbad7950efa93d,below,,59,,cuda,1.0,8,0.5,gaussian,0.6351340752809261,False,64,standard normal at finite u_max,0.08263555667962658,,0.019621867033969898,unbiased,0.3523015111415463,8192,566287872,1.3000539089702556e-08,97,without_replacement,973078528,6.352997679263353,24,completed,2048,boundary,,,,,,,20.0,0.15537696299997295,0.02320190035130469
59,358,8.230985876172781,,324a2d406707f9daea94ae5b41dbad7950efa93d,at,,59,,cuda,1.0,8,0.5,gaussian,0.8764522564514418,True,64,standard normal at finite u_max,0.06451141772999369,,0.012269693133230813,unbiased,0.36540556128480245,8192,578936320,1.3000539089702556e-08,92,without_replacement,989855744,6.421564236283302,24,completed,2048,boundary,,,,,,,20.0,0.21752379190081278,0.015594446663214736
4,359,2.2804804295301437,,324a2d406707f9daea94ae5b41dbad7950efa93d,tail,,59,,cuda,1.0,8,0.5,gaussian,0.9767355214169937,True,64,standard normal at finite u_max,0.09462910120080789,,0.02188493236202868,tail,0.2979026002500657,8192,76209664,1.3000539089702556e-08,95,without_replacement,67108864,1.7128565907478333,24,completed,2048,boundary,,,,,,,20.0,0.1964762075876583,0.02443701197611194
4,360,4.628726731985807,,324a2d406707f9daea94ae5b41dbad7950efa93d,full,,59,,cuda,1.0,8,0.5,gaussian,0.984905464621827,True,64,standard normal at finite u_max,0.057876631365434146,,0.012940357062436514,full,0.29159703308693424,8192,371658240,1.3000539089702556e-08,94,with_replacement,1073741824,4.097004514187574,25,completed,2048,boundary,,,,,,,20.0,0.16011786574631284,0.015535594623290521
58,361,8.056427974253893,,324a2d406707f9daea94ae5b41dbad7950efa93d,below,,59,,cuda,1.0,8,0.5,gaussian,0.6667885901389998,False,64,standard normal at finite u_max,0.06238371190254256,,0.01423303961699246,unbiased,0.3277016877283765,8192,566287872,1.3000539089702556e-08,97,without_replacement,973078528,6.348023500293493,25,completed,2048,boundary,,,,,,,20.0,0.16805188872129667,0.01794520613067831
59,362,8.22946086898446,,324a2d406707f9daea94ae5b41dbad7950efa93d,at,,59,,cuda,1.0,8,0.5,gaussian,0.54962318851628,True,64,standard normal at finite u_max,0.13381015346344194,,0.03463035510456666,unbiased,0.33719599586630766,8192,578936320,1.3000539089702556e-08,94,without_replacement,989855744,6.421248264610767,25,completed,2048,boundary,,,,,,,20.0,0.1676182259632069,0.03583190498666827
4,363,2.1831477768719196,,324a2d406707f9daea94ae5b41dbad7950efa93d,tail,,59,,cuda,1.0,8,0.5,gaussian,0.9647345298090003,True,64,standard normal at finite u_max,0.07364753786716319,,0.01576869678942222,tail,0.36313625729016463,8192,76209664,1.3000539089702556e-08,98,without_replacement,67108864,1.6479052901268005,25,completed,2048,boundary,,,,,,,20.0,0.19152694945560622,0.01863461680645431
4,364,4.62585062161088,,324a2d406707f9daea94ae5b41dbad7950efa93d,full,,59,,cuda,1.0,8,0.5,gaussian,0.5693082393361248,True,64,standard normal at finite u_max,0.0464002663691589,,0.006948251930390989,full,0.35291319349155265,8192,371658240,1.3000539089702556e-08,91,with_replacement,1073741824,4.095382437109947,26,completed,2048,boundary,,,,,,,20.0,0.18391519288070501,0.012204572850913725
58,365,8.05397006496787,,324a2d406707f9daea94ae5b41dbad7950efa93d,below,,59,,cuda,1.0,8,0.5,gaussian,0.9387752333559231,False,64,standard normal at finite u_max,0.09747994337667437,,0.023731904837531265,unbiased,0.346429518976321,8192,566287872,1.3000539089702556e-08,94,without_replacement,973078528,6.346781816333532,26,completed,2048,boundary,,,,,,,20.0,0.190300422103794,0.025517497420182337
59,366,8.223378036171198,,324a2d406707f9daea94ae5b41dbad7950efa93d,at,,59,,cuda,1.0,8,0.5,gaussian,0.9723442732434242,True,64,standard normal at finite u_max,0.06872455490951436,,0.01418600959875925,unbiased,0.33589961357529524,8192,578936320,1.3000539089702556e-08,96,without_replacement,989855744,6.431679766625166,26,completed,2048,boundary,,,,,,,20.0,0.1953869632210779,0.017598254554256818
4,367,2.274788323789835,,324a2d406707f9daea94ae5b41dbad7950efa93d,tail,,59,,cuda,1.0,8,0.5,gaussian,0.8693074150772198,True,64,standard normal at finite u_max,0.0838818817458572,,0.020006372867361552,tail,0.300135183492005,8192,76209664,1.3000539089702556e-08,94,without_replacement,67108864,1.7343440651893616,26,completed,2048,boundary,,,,,,,20.0,0.17543092608181948,0.02309468418785105
4,368,4.6232669577002525,,324a2d406707f9daea94ae5b41dbad7950efa93d,full,,59,,cuda,1.0,8,0.5,gaussian,0.8766684090981246,True,64,standard normal at finite u_max,0.09737278971210717,,0.0240296034459572,full,0.37298808972729736,8192,371658240,1.3000539089702556e-08,94,with_replacement,1073741824,4.096056900918484,27,completed,2048,boundary,,,,,,,20.0,0.1940016525605606,0.026385756748302406
58,369,8.036316234618425,,324a2d406707f9daea94ae5b41dbad7950efa93d,below,,59,,cuda,1.0,8,0.5,gaussian,0.7982498307154539,False,64,standard normal at finite u_max,0.07320496463305584,,0.017441648191230646,unbiased,0.3485966772920752,8192,566287872,1.3000539089702556e-08,94,without_replacement,973078528,6.338070843368769,27,completed,2048,boundary,,,,,,,20.0,0.1641086218793689,0.019086167305010882
59,370,8.211692810058594,,324a2d406707f9daea94ae5b41dbad7950efa93d,at,,59,,cuda,1.0,8,0.5,gaussian,0.9191798973865956,True,64,standard normal at finite u_max,0.06602072846366328,,0.01397744940020755,unbiased,0.3712958778082784,8192,578936320,1.3000539089702556e-08,96,without_replacement,989855744,6.422849748283625,27,completed,2048,boundary,,,,,,,20.0,0.16685104045956045,0.016927474381368168
4,371,2.1784212924540043,,324a2d406707f9daea94ae5b41dbad7950efa93d,tail,,59,,cuda,1.0,8,0.5,gaussian,0.6149056901942269,True,64,standard normal at finite u_max,0.06853681488039229,,0.015118548776053842,tail,0.3621981365623358,8192,76209664,1.3000539089702556e-08,93,without_replacement,67108864,1.6489100344479084,27,completed,2048,boundary,,,,,,,20.0,0.19135461681103952,0.017402015889975354
4,372,4.651487253606319,,324a2d406707f9daea94ae5b41dbad7950efa93d,full,,59,,cuda,1.0,8,0.5,gaussian,0.7780006517081844,True,64,standard normal at finite u_max,0.11507311163793087,,0.02797024283706126,full,0.35410433141061914,8192,371658240,1.3000539089702556e-08,94,with_replacement,1073741824,4.111929226666689,28,completed,2048,boundary,,,,,,,20.0,0.18424068464717525,0.030020198322077838
58,373,8.042568866163492,,324a2d406707f9daea94ae5b41dbad7950efa93d,below,,59,,cuda,1.0,8,0.5,gaussian,0.9656622494193567,False,64,standard normal at finite u_max,0.06229869560863558,,0.013971058457430213,unbiased,0.36801645125322363,8192,566287872,1.3000539089702556e-08,94,without_replacement,973078528,6.340927667915821,28,completed,2048,boundary,,,,,,,20.0,0.17530596231161072,0.016542385678389157
59,374,8.224159952253103,,324a2d406707f9daea94ae5b41dbad7950efa93d,at,,59,,cuda,1.0,8,0.5,gaussian,0.8058568468094726,True,64,standard normal at finite u_max,0.08773388811036557,,0.020707989401523894,unbiased,0.30963670505707735,8192,578936320,1.3000539089702556e-08,95,without_replacement,989855744,6.426400225609541,28,completed,2048,boundary,,,,,,,20.0,0.2558922587623264,0.023527184514272777
4,375,2.1669885963201523,,324a2d406707f9daea94ae5b41dbad7950efa93d,tail,,59,,cuda,1.0,8,0.5,gaussian,0.8504954196557927,True,64,standard normal at finite u_max,0.07198839601431017,,0.016055113537277385,tail,0.37707474004830865,8192,76209664,1.3000539089702556e-08,94,without_replacement,67108864,1.6389967873692513,28,completed,2048,boundary,,,,,,,20.0,0.17965790520599745,0.01718832025493514
4,376,4.645345985889435,,324a2d406707f9daea94ae5b41dbad7950efa93d,full,,59,,cuda,1.0,8,0.5,gaussian,0.9958828079136001,True,64,standard normal at finite u_max,0.12102589263061433,,0.030644713155904557,full,0.33144145175403356,8192,371658240,1.3000539089702556e-08,100,with_replacement,1073741824,4.108404904603958,29,completed,2048,boundary,,,,,,,20.0,0.19881294704636512,0.03250626683095036
58,377,8.053219228982925,,324a2d406707f9daea94ae5b41dbad7950efa93d,below,,59,,cuda,1.0,8,0.5,gaussian,0.8669010431739491,False,64,standard normal at finite u_max,0.05170734316282419,,0.008890849054989505,unbiased,0.30552607159019707,8192,566287872,1.3000539089702556e-08,94,without_replacement,973078528,6.340542733669281,29,completed,2048,boundary,,,,,,,20.0,0.19938569545171547,0.013003174762260662
59,378,8.241460584104061,,324a2d406707f9daea94ae5b41dbad7950efa93d,at,,59,,cuda,1.0,8,0.5,gaussian,0.880941235806768,True,64,standard normal at finite u_max,0.06738243777324984,,0.013998236072801595,unbiased,0.36739106286865764,8192,578936320,1.3000539089702556e-08,91,without_replacement,989855744,6.431412156671286,29,completed,2048,boundary,,,,,,,20.0,0.2031307503599807,0.016957131226159168
4,379,2.280243296176195,,324a2d406707f9daea94ae5b41dbad7950efa93d,tail,,59,,cuda,1.0,8,0.5,gaussian,0.9127531002046226,True,64,standard normal at finite u_max,0.058046088502260895,,0.010274686606337652,tail,0.375246978681652,8192,76209664,1.3000539089702556e-08,99,without_replacement,67108864,1.7359100878238678,29,completed,2048,boundary,,,,,,,20.0,0.20749688020299772,0.015059393248294785
4,380,1.3427337817847729,,324a2d406707f9daea94ae5b41dbad7950efa93d,full,,60,,cuda,1.0,8,0.5,mixture,0.729553760676078,True,64,standard normal at finite u_max,0.3441609422956634,,0.8068916901585893,full,0.2458398161065473,8192,371658240,0.3298612263189019,37,with_replacement,268435456,1.0359294228255749,20,completed,512,boundary,,,,,,,20.0,0.5243094453247399,0.8083614200970479
59,381,2.203431811183691,,324a2d406707f9daea94ae5b41dbad7950efa93d,below,,60,,cuda,1.0,8,0.5,mixture,0.7607514538866008,False,64,standard normal at finite u_max,0.3558028450214857,,0.8629437489194944,unbiased,0.173749621632168,8192,578936320,0.34973518188727915,34,without_replacement,247463936,1.6158405542373657,20,completed,512,boundary,,,,,,,20.0,0.5942394567933589,0.8637421165445403
60,382,2.260272830724716,,324a2d406707f9daea94ae5b41dbad7950efa93d,at,,60,,cuda,1.0,8,0.5,mixture,0.9842407500198948,True,64,standard normal at finite u_max,0.21792318927186566,,0.5063721039397117,unbiased,0.19937579526370572,8192,579001856,0.20524918868638625,35,without_replacement,251658240,1.6372511647641659,20,completed,512,boundary,,,,,,,20.0,0.3488510710736387,0.5079423370540395
4,383,0.7348552495241165,,324a2d406707f9daea94ae5b41dbad7950efa93d,tail,,60,,cuda,1.0,8,0.5,mixture,0.8070853533026113,True,64,standard normal at finite u_max,0.5849577562123942,,1.2531410673309147,tail,0.00012228208311204088,8192,76209664,0.5487132782344407,140,without_replacement,16777216,0.43754569068551064,20,completed,512,boundary,,,,,,,20.0,0.9930171419056788,1.3353203059451684
4,384,1.3304968252778053,,324a2d406707f9daea94ae5b41dbad7950efa93d,full,,60,,cuda,1.0,8,0.5,mixture,0.7600793371197193,True,64,standard normal at finite u_max,0.2999469290486196,,0.7004071783062689,full,0.14641556470524766,8192,371658240,0.2801343074348608,33,with_replacement,268435456,1.0328698493540287,21,completed,512,boundary,,,,,,,20.0,0.3592913157905387,0.7009053144968324
59,385,2.2062960974872112,,324a2d406707f9daea94ae5b41dbad7950efa93d,below,,60,,cuda,1.0,8,0.5,mixture,0.8397098224080783,False,64,standard normal at finite u_max,0.39575602003485966,,0.9490982137735253,unbiased,0.11487892445455562,8192,578936320,0.3855025860080714,39,without_replacement,247463936,1.6174706667661667,21,completed,512,boundary,,,,,,,20.0,0.910148559818383,0.9502407177831405
60,386,2.2735164277255535,,324a2d406707f9daea94ae5b41dbad7950efa93d,at,,60,,cuda,1.0,8,0.5,mixture,0.5328803409451581,True,64,standard normal at finite u_max,0.301422607080765,,0.7139114365285857,unbiased,0.13216786627906568,8192,579001856,0.2869878899950029,32,without_replacement,251658240,1.6503391787409782,21,completed,512,boundary,,,,,,,20.0,0.6046255194784128,0.7142437756820355
4,387,0.7797927781939507,,324a2d406707f9daea94ae5b41dbad7950efa93d,tail,,60,,cuda,1.0,8,0.5,mixture,0.983283604215108,True,64,standard normal at finite u_max,0.5761523326133231,,1.2436821888459846,tail,0.0001223039875923809,8192,76209664,0.5487132782344406,141,without_replacement,16777216,0.46861086040735245,21,completed,512,boundary,,,,,,,20.0,0.9938110090406542,1.312677207156262
4,388,1.332334578037262,,324a2d406707f9daea94ae5b41dbad7950efa93d,full,,60,,cuda,1.0,8,0.5,mixture,0.8865694847292629,True,64,standard normal at finite u_max,0.5044070832835539,,1.196197605153599,full,0.1402413289678234,8192,371658240,0.4845452787981694,35,with_replacement,268435456,1.034733660519123,22,completed,512,boundary,,,,,,,20.0,0.9172800714671294,1.1972176572363045
59,389,2.1984206065535545,,324a2d406707f9daea94ae5b41dbad7950efa93d,below,,60,,cuda,1.0,8,0.5,mixture,0.8926173969931026,False,64,standard normal at finite u_max,0.26368293681379346,,0.5980610431171649,unbiased,0.2173165198433083,8192,578936320,0.2395979903016633,32,without_replacement,247463936,1.6091325655579567,22,completed,512,boundary,,,,,,,20.0,0.4319467274677036,0.5982855287226572
60,390,2.292422242462635,,324a2d406707f9daea94ae5b41dbad7950efa93d,at,,60,,cuda,1.0,8,0.5,mixture,0.9449634303391214,True,64,standard normal at finite u_max,0.2196874636894502,,0.5100675063606767,unbiased,0.12024958165029784,8192,579001856,0.20676541790093736,33,without_replacement,251658240,1.67257497087121,22,completed,512,boundary,,,,,,,20.0,0.24512289560135408,0.5106452090352153
4,391,0.7381425313651562,,324a2d406707f9daea94ae5b41dbad7950efa93d,tail,,60,,cuda,1.0,8,0.5,mixture,0.7359638846689727,True,64,standard normal at finite u_max,0.6636262345517459,,1.5444200666999057,tail,0.00012209688213109796,8192,76209664,0.6461398347033219,140,without_replacement,16777216,0.43794096633791924,22,completed,512,boundary,,,,,,,20.0,0.9944746342413754,1.5674694348250764
4,392,1.3285721875727177,,324a2d406707f9daea94ae5b41dbad7950efa93d,full,,60,,cuda,1.0,8,0.5,mixture,0.5589008704838397,True,64,standard normal at finite u_max,0.40959236822741696,,0.9858329547822119,full,0.2203691469839629,8192,371658240,0.40020943873625536,36,with_replacement,268435456,1.0300568230450153,23,completed,512,boundary,,,,,,,20.0,0.9766895154296923,0.9862143266966312
59,393,2.1969536170363426,,324a2d406707f9daea94ae5b41dbad7950efa93d,below,,60,,cuda,1.0,8,0.5,mixture,0.9999489453354719,False,64,standard normal at finite u_max,0.4491044757714308,,1.0974496666159668,unbiased,0.18410654026100792,8192,578936320,0.44249760537404914,35,without_replacement,247463936,1.611256193369627,23,completed,512,boundary,,,,,,,20.0,0.9475501704110376,1.097620803900145
60,394,2.2618334218859673,,324a2d406707f9daea94ae5b41dbad7950efa93d,at,,60,,cuda,1.0,8,0.5,mixture,0.6686914369778468,True,64,standard normal at finite u_max,0.2947023650383668,,0.7135762044267164,unbiased,0.21700332600561126,8192,579001856,0.29288933221271274,33,without_replacement,251658240,1.6363711692392826,23,completed,512,boundary,,,,,,,20.0,0.3584997204268221,0.7156274595476801
4,395,0.7359404005110264,,324a2d406707f9daea94ae5b41dbad7950efa93d,tail,,60,,cuda,1.0,8,0.5,mixture,0.7757153604120544,True,64,standard normal at finite u_max,0.6668008053867777,,1.3733529622804528,tail,0.00012311258108522885,8192,76209664,0.5974265564688811,141,without_replacement,16777216,0.43817727640271187,23,completed,512,boundary,,,,,,,20.0,0.9932413950645299,1.4640633732878738
4,396,1.3486487492918968,,324a2d406707f9daea94ae5b41dbad7950efa93d,full,,60,,cuda,1.0,8,0.5,mixture,0.5679339060639854,True,64,standard normal at finite u_max,0.2698185925766624,,0.6460619551589009,full,0.14035574686081687,8192,371658240,0.2619155281405352,34,with_replacement,268435456,1.0379363037645817,24,completed,512,boundary,,,,,,,20.0,0.447169819483326,0.6463209379789061
59,397,6.947150964289904,,324a2d406707f9daea94ae5b41dbad7950efa93d,below,,60,,cuda,1.0,8,0.5,mixture,0.505742996745495,False,64,standard normal at finite u_max,0.32765616602768477,,0.7615381072720904,unbiased,0.17504338491023338,8192,578389504,0.3060543985999331,36,without_replacement,247463936,1.609009437263012,24,completed,512,boundary,,,,,,,20.0,0.7222057424707117,0.7677567640824274
60,398,2.255421467125416,,324a2d406707f9daea94ae5b41dbad7950efa93d,at,,60,,cuda,1.0,8,0.5,mixture,0.7984690066405329,True,64,standard normal at finite u_max,0.17971448841336418,,0.3648921110644588,unbiased,0.2283007737121087,8192,579001856,0.1488557144969258,37,without_replacement,251658240,1.6333655193448067,24,completed,512,boundary,,,,,,,20.0,0.2609913094750138,0.3714939340772835
4,399,0.7509283535182476,,324a2d406707f9daea94ae5b41dbad7950efa93d,tail,,60,,cuda,1.0,8,0.5,mixture,0.739604386288178,True,64,standard normal at finite u_max,0.6969321289162682,,1.531632240655049,tail,0.00012207712187540265,8192,76209664,0.6461398347033217,141,without_replacement,16777216,0.44885870814323425,24,completed,512,boundary,,,,,,,20.0,0.9948249139573325,1.5867954228337169
4,400,1.3309672325849533,,324a2d406707f9daea94ae5b41dbad7950efa93d,full,,60,,cuda,1.0,8,0.5,mixture,0.8375933591906021,True,64,standard normal at finite u_max,0.3765290710623519,,0.9153790446833023,full,0.09000248352201348,8192,371658240,0.3681666531180033,36,with_replacement,268435456,1.03321448341012,25,completed,512,boundary,,,,,,,20.0,0.3263044605415578,0.9157867492877949
59,401,2.200078994035721,,324a2d406707f9daea94ae5b41dbad7950efa93d,below,,60,,cuda,1.0,8,0.5,mixture,0.6437623863900144,False,64,standard normal at finite u_max,0.2548339685992535,,0.6077803757559395,unbiased,0.1498303517964265,8192,578936320,0.24609943545202084,32,without_replacement,247463936,1.6115183345973492,25,completed,512,boundary,,,,,,,20.0,0.36652394688647816,0.607977501181273
60,402,2.261095978319645,,324a2d406707f9daea94ae5b41dbad7950efa93d,at,,60,,cuda,1.0,8,0.5,mixture,0.9326793697116906,True,64,standard normal at finite u_max,0.4552850240240365,,1.0993595259820916,unbiased,0.21340648102699963,8192,579001856,0.4333701386535701,38,without_replacement,251658240,1.6346740052103996,25,completed,512,boundary,,,,,,,20.0,0.9025477395914839,1.099461406848497
4,403,0.7370237819850445,,324a2d406707f9daea94ae5b41dbad7950efa93d,tail,,60,,cuda,1.0,8,0.5,mixture,0.7078699209169023,True,64,standard normal at finite u_max,0.6637891932260644,,1.5362132373762298,tail,0.00012241216791939252,8192,76209664,0.6461398347033217,141,without_replacement,16777216,0.43832317739725113,25,completed,512,boundary,,,,,,,20.0,0.9939574110404158,1.5475854678376708
4,404,1.3286408223211765,,324a2d406707f9daea94ae5b41dbad7950efa93d,full,,60,,cuda,1.0,8,0.5,mixture,0.9880254570547756,True,64,standard normal at finite u_max,0.39722372397647354,,0.9604887395674517,full,0.17564588015641813,8192,371658240,0.3868352754130929,36,with_replacement,268435456,1.0311359539628029,26,completed,512,boundary,,,,,,,20.0,0.6665713973205638,0.9607062908323579
59,405,2.2084698155522346,,324a2d406707f9daea94ae5b41dbad7950efa93d,below,,60,,cuda,1.0,8,0.5,mixture,0.9170129925451141,False,64,standard normal at finite u_max,0.39852566161986314,,0.9391507653144503,unbiased,0.12676262995735843,8192,578936320,0.39132825047411174,37,without_replacement,247463936,1.6121142841875553,26,completed,512,boundary,,,,,,,20.0,0.9360229787054565,0.9404195339019159
60,406,2.256495375186205,,324a2d406707f9daea94ae5b41dbad7950efa93d,at,,60,,cuda,1.0,8,0.5,mixture,0.8889915856575796,True,64,standard normal at finite u_max,0.2495537578962914,,0.5488564000025125,unbiased,0.19475205359488196,8192,579001856,0.218774592089788,40,without_replacement,251658240,1.6354257613420486,26,completed,512,boundary,,,,,,,20.0,0.4928929333817582,0.5569857191087813
4,407,0.7356038950383663,,324a2d406707f9daea94ae5b41dbad7950efa93d,tail,,60,,cuda,1.0,8,0.5,mixture,0.646327982170901,True,64,standard normal at finite u_max,0.7100260109366224,,1.6464749026420435,tail,0.00012207037799350087,8192,76209664,0.6948531129377623,140,without_replacement,16777216,0.43809903785586357,26,completed,512,boundary,,,,,,,20.0,0.9940468447580485,1.660162758423922
4,408,1.3280144780874252,,324a2d406707f9daea94ae5b41dbad7950efa93d,full,,60,,cuda,1.0,8,0.5,mixture,0.6096127233283284,True,64,standard normal at finite u_max,0.19578392693802774,,0.4403307745564443,full,0.25182793600146647,8192,371658240,0.175440989946143,32,with_replacement,268435456,1.0299660079181194,27,completed,512,boundary,,,,,,,20.0,0.3136544288215094,0.4407566239905592
59,409,2.2076474130153656,,324a2d406707f9daea94ae5b41dbad7950efa93d,below,,60,,cuda,1.0,8,0.5,mixture,0.6263563209377349,False,64,standard normal at finite u_max,0.3546993470029948,,0.8566720976558806,unbiased,0.1505102865382205,8192,578936320,0.3468839171898761,35,without_replacement,247463936,1.6164832226932049,27,completed,512,boundary,,,,,,,20.0,0.5715371217753261,0.8572140714348649
60,410,2.253659561276436,,324a2d406707f9daea94ae5b41dbad7950efa93d,at,,60,,cuda,1.0,8,0.5,mixture,0.8292574772626928,True,64,standard normal at finite u_max,0.3676515626570871,,0.8517206195841216,unbiased,0.21088198069108915,8192,579001856,0.3497263857986845,37,without_replacement,251658240,1.6331542916595936,27,completed,512,boundary,,,,,,,20.0,0.5001172664747252,0.8603104874921169
4,411,0.7347380556166172,,324a2d406707f9daea94ae5b41dbad7950efa93d,tail,,60,,cuda,1.0,8,0.5,mixture,0.8241905893967013,True,64,standard normal at finite u_max,0.5877141048992203,,1.2792400038513465,tail,0.00012309649538642681,8192,76209664,0.5487132782344406,140,without_replacement,16777216,0.4381618984043598,27,completed,512,boundary,,,,,,,20.0,0.9940987160596048,1.3488766299430497
4,412,1.357952181249857,,324a2d406707f9daea94ae5b41dbad7950efa93d,full,,60,,cuda,1.0,8,0.5,mixture,0.9699095012951456,True,64,standard normal at finite u_max,0.4068306644031264,,0.9730939386860833,full,0.2367279445253774,8192,371658240,0.39229500014379437,36,with_replacement,268435456,1.0592445023357868,28,completed,512,boundary,,,,,,,20.0,0.9392849082490372,0.9734592019232514
59,413,2.1990207955241203,,324a2d406707f9daea94ae5b41dbad7950efa93d,below,,60,,cuda,1.0,8,0.5,mixture,0.6863492803745065,False,64,standard normal at finite u_max,0.27479490292550834,,0.6445259064663277,unbiased,0.1180587435544531,8192,578936320,0.25692609450563864,37,without_replacement,247463936,1.6132204197347164,28,completed,512,boundary,,,,,,,20.0,0.5299351496695305,0.6478763234516627
60,414,2.2563138715922832,,324a2d406707f9daea94ae5b41dbad7950efa93d,at,,60,,cuda,1.0,8,0.5,mixture,0.7265942505024641,True,64,standard normal at finite u_max,0.24953267051279215,,0.5750052885711424,unbiased,0.16199243435749403,8192,579001856,0.23161402444494855,35,without_replacement,251658240,1.6324685662984848,28,completed,512,boundary,,,,,,,20.0,0.30117751969249495,0.5771286282808384
4,415,0.7343436852097511,,324a2d406707f9daea94ae5b41dbad7950efa93d,tail,,60,,cuda,1.0,8,0.5,mixture,0.5108142175185478,True,64,standard normal at finite u_max,0.5088179932099093,,1.1596319393163317,tail,0.0001220708986384084,8192,76209664,0.5000000000000001,142,without_replacement,16777216,0.43746747076511383,28,completed,512,boundary,,,,,,,20.0,0.9931128876253866,1.1921173117597452
4,416,1.329177562147379,,324a2d406707f9daea94ae5b41dbad7950efa93d,full,,60,,cuda,1.0,8,0.5,mixture,0.6450425445374953,True,64,standard normal at finite u_max,0.4151538645334336,,0.9999469095396543,full,0.12056524652975042,8192,371658240,0.40189798472903226,37,with_replacement,268435456,1.0312223955988884,29,completed,512,boundary,,,,,,,20.0,0.9858447831359884,1.0004434860091065
59,417,2.205331679433584,,324a2d406707f9daea94ae5b41dbad7950efa93d,below,,60,,cuda,1.0,8,0.5,mixture,0.8344779982956212,False,64,standard normal at finite u_max,0.35838325336556404,,0.8582033441439143,unbiased,0.1919240487026052,8192,578936320,0.34651349226633815,34,without_replacement,247463936,1.6143209263682365,29,completed,512,boundary,,,,,,,20.0,0.4434772573215124,0.8585892887407014
60,418,2.255506679415703,,324a2d406707f9daea94ae5b41dbad7950efa93d,at,,60,,cuda,1.0,8,0.5,mixture,0.9714453392502426,True,64,standard normal at finite u_max,0.40823008530851945,,0.9756868210124332,unbiased,0.15676026338702073,8192,579001856,0.3936872458815565,35,without_replacement,251658240,1.6342490464448929,29,completed,512,boundary,,,,,,,20.0,0.7431592644863749,0.9761278206502865
4,419,0.7373624779284,,324a2d406707f9daea94ae5b41dbad7950efa93d,tail,,60,,cuda,1.0,8,0.5,mixture,0.9856989934836762,True,64,standard normal at finite u_max,0.5853294231233668,,1.2838442778752204,tail,0.0001235609879201917,8192,76209664,0.5487132782344407,143,without_replacement,16777216,0.44054826721549034,29,completed,512,boundary,,,,,,,20.0,0.9949063811511198,1.334972920873776
4,420,4.6559026427567005,,324a2d406707f9daea94ae5b41dbad7950efa93d,full,,59,,cuda,1.0,8,0.5,mixture,0.9077728363396275,True,64,standard normal at finite u_max,0.48344420592951987,,1.1801177959471192,full,0.40794552898711167,8192,371658240,0.47948871832796014,36,with_replacement,1073741824,4.08181593939662,20,completed,2048,boundary,,,,,,,20.0,0.8945103469870053,1.181032206734165
58,421,8.077216178178787,,324a2d406707f9daea94ae5b41dbad7950efa93d,below,,59,,cuda,1.0,8,0.5,mixture,0.9513435143918049,False,64,standard normal at finite u_max,0.32280833338841886,,0.7681160254588252,unbiased,0.41088984583889426,8192,566287872,0.3122756271435026,34,without_replacement,973078528,6.328417386859655,20,completed,2048,boundary,,,,,,,20.0,0.3563290430505014,0.7708381069634203
59,422,8.251896660774946,,324a2d406707f9daea94ae5b41dbad7950efa93d,at,,59,,cuda,1.0,8,0.5,mixture,0.6038404885647818,True,64,standard normal at finite u_max,0.4183570436365921,,0.9968820914838451,unbiased,0.3912675716946601,8192,578936320,0.402535504604692,38,without_replacement,989855744,6.413978636264801,20,completed,2048,boundary,,,,,,,20.0,0.9889211361812748,0.998750216177603
4,423,2.322625182569027,,324a2d406707f9daea94ae5b41dbad7950efa93d,tail,,59,,cuda,1.0,8,0.5,mixture,0.728200174627884,True,64,standard normal at finite u_max,0.6013547017439956,,1.4533961376369764,tail,0.0005740277333608069,8192,76209664,0.5974265564688811,400,without_replacement,67108864,1.7060022465884686,20,completed,2048,boundary,,,,,,,20.0,0.9905803032202525,1.459451885761027
4,424,4.712504245340824,,324a2d406707f9daea94ae5b41dbad7950efa93d,full,,59,,cuda,1.0,8,0.5,mixture,0.7102903711763332,True,64,standard normal at finite u_max,0.4622587272395151,,1.11288259978025,full,0.37244938659435517,8192,371658240,0.44860799614320107,36,with_replacement,1073741824,4.098968122154474,21,completed,2048,boundary,,,,,,,20.0,0.9756853175499938,1.1137789508554174
58,425,8.087538108229637,,324a2d406707f9daea94ae5b41dbad7950efa93d,below,,59,,cuda,1.0,8,0.5,mixture,0.5772202997256299,False,64,standard normal at finite u_max,0.36716561341361215,,0.8866065929084781,unbiased,0.3875835792312908,8192,566287872,0.35878597630384956,39,without_replacement,973078528,6.337831623852253,21,completed,2048,boundary,,,,,,,20.0,0.6237528924154091,0.8883347348404841
59,426,8.273307248950005,,324a2d406707f9daea94ae5b41dbad7950efa93d,at,,59,,cuda,1.0,8,0.5,mixture,0.9688270791242448,True,64,standard normal at finite u_max,0.26122966320986507,,0.6044321575307159,unbiased,0.40861938192735925,8192,578936320,0.2449041982899128,37,without_replacement,989855744,6.419641174376011,21,completed,2048,boundary,,,,,,,20.0,0.32789266986798277,0.6048573311609716
4,427,2.3323027789592743,,324a2d406707f9daea94ae5b41dbad7950efa93d,tail,,59,,cuda,1.0,8,0.5,mixture,0.5040330977066236,True,64,standard normal at finite u_max,0.7002925596311759,,1.687166603490814,tail,0.0002282910014528598,8192,76209664,0.6948531129377623,405,without_replacement,67108864,1.7534619681537151,21,completed,2048,boundary,,,,,,,20.0,0.9908087709484532,1.6873832304736154
4,428,4.651299566030502,,324a2d406707f9daea94ae5b41dbad7950efa93d,full,,59,,cuda,1.0,8,0.5,mixture,0.5384379651192327,True,64,standard normal at finite u_max,0.37363622696949694,,0.8869401554228538,full,0.39704546333906193,8192,371658240,0.35495081686059127,37,with_replacement,1073741824,4.085681211203337,22,completed,2048,boundary,,,,,,,20.0,0.7750225373719748,0.8873659753491558
58,429,8.075954791158438,,324a2d406707f9daea94ae5b41dbad7950efa93d,below,,59,,cuda,1.0,8,0.5,mixture,0.573578315058054,False,64,standard normal at finite u_max,0.4091456488717825,,0.9710724215472232,unbiased,0.38383468592894926,8192,566287872,0.3891225262769595,38,without_replacement,973078528,6.32749243080616,22,completed,2048,boundary,,,,,,,20.0,0.9260609536325249,0.9721037103616305
59,430,8.25291932746768,,324a2d406707f9daea94ae5b41dbad7950efa93d,at,,59,,cuda,1.0,8,0.5,mixture,0.736790215325252,True,64,standard normal at finite u_max,0.25898406718657035,,0.5814913573141969,unbiased,0.4161180937670385,8192,578936320,0.2330375204641333,35,without_replacement,989855744,6.413581654429436,22,completed,2048,boundary,,,,,,,20.0,0.25928686916188737,0.5863051665877168
4,431,2.2737895287573338,,324a2d406707f9daea94ae5b41dbad7950efa93d,tail,,59,,cuda,1.0,8,0.5,mixture,0.9395782131633325,True,64,standard normal at finite u_max,0.6984348777893603,,1.6937842476593823,tail,0.0002629917123009451,8192,76209664,0.6948531129377623,408,without_replacement,67108864,1.70527832955122,22,completed,2048,boundary,,,,,,,20.0,0.9912013967676839,1.6943351091728696
4,432,4.684768319129944,,324a2d406707f9daea94ae5b41dbad7950efa93d,full,,59,,cuda,1.0,8,0.5,mixture,0.8647462907082663,True,64,standard normal at finite u_max,0.2973658174888133,,0.6924209246303095,full,0.41294883978570196,8192,371658240,0.27877728314147915,36,with_replacement,1073741824,4.0979074239730835,23,completed,2048,boundary,,,,,,,20.0,0.5204590089422427,0.700319905736432
58,433,8.07890247926116,,324a2d406707f9daea94ae5b41dbad7950efa93d,below,,59,,cuda,1.0,8,0.5,mixture,0.7731708644482328,False,64,standard normal at finite u_max,0.4262255853953438,,1.0190315743015097,unbiased,0.3806344882987564,8192,566287872,0.4194684698324799,38,without_replacement,973078528,6.3278393521904945,23,completed,2048,boundary,,,,,,,20.0,0.8466929524825104,1.0199115234336713
59,434,8.239750165492296,,324a2d406707f9daea94ae5b41dbad7950efa93d,at,,59,,cuda,1.0,8,0.5,mixture,0.9581168484414951,True,64,standard normal at finite u_max,0.32461732957437633,,0.7330992202535036,unbiased,0.40959833977981014,8192,578936320,0.29673758192070454,37,without_replacement,989855744,6.412426754832268,23,completed,2048,boundary,,,,,,,20.0,0.7648300891042827,0.7360125946673706
4,435,2.2766860350966454,,324a2d406707f9daea94ae5b41dbad7950efa93d,tail,,59,,cuda,1.0,8,0.5,mixture,0.6959583322018669,True,64,standard normal at finite u_max,0.6991755905752636,,1.7028271394248797,tail,0.0002167579267991347,8192,76209664,0.6948531129377623,406,without_replacement,67108864,1.708137832581997,23,completed,2048,boundary,,,,,,,20.0,0.9905946114118551,1.7033474555970844
4,436,4.66767967119813,,324a2d406707f9daea94ae5b41dbad7950efa93d,full,,59,,cuda,1.0,8,0.5,mixture,0.9621052976289244,True,64,standard normal at finite u_max,0.16727869343343327,,0.3537853988322292,full,0.4141579799473527,8192,371658240,0.14058076931486596,37,with_replacement,1073741824,4.09807725250721,24,completed,2048,boundary,,,,,,,20.0,0.38488922364228983,0.35797856269290823
58,437,8.113624278455973,,324a2d406707f9daea94ae5b41dbad7950efa93d,below,,59,,cuda,1.0,8,0.5,mixture,0.9886955181397963,False,64,standard normal at finite u_max,0.3984167634592643,,0.971771295686743,unbiased,0.41406602844616847,8192,566287872,0.389019468105362,37,without_replacement,973078528,6.373261597007513,24,completed,2048,boundary,,,,,,,20.0,0.6576632197900965,0.9719064090359892
59,438,8.235854752361774,,324a2d406707f9daea94ae5b41dbad7950efa93d,at,,59,,cuda,1.0,8,0.5,mixture,0.854127594899022,True,64,standard normal at finite u_max,0.1453503687542339,,0.32077214980575897,unbiased,0.40454325356261434,8192,578936320,0.13182464844274522,35,without_replacement,989855744,6.408778067678213,24,completed,2048,boundary,,,,,,,20.0,0.23634974258572097,0.32655638534602555
4,439,2.398300312459469,,324a2d406707f9daea94ae5b41dbad7950efa93d,tail,,59,,cuda,1.0,8,0.5,mixture,0.6246054957881988,True,64,standard normal at finite u_max,0.6512538988184606,,1.573968584549648,tail,0.0005961559993578824,8192,76209664,0.6461398347033217,400,without_replacement,67108864,1.7898743823170662,24,completed,2048,boundary,,,,,,,20.0,0.9902796838681655,1.5879595942485039
4,440,4.654933288693428,,324a2d406707f9daea94ae5b41dbad7950efa93d,full,,59,,cuda,1.0,8,0.5,mixture,0.8873092825673957,True,64,standard normal at finite u_max,0.5271006692859567,,1.2924647688445103,full,0.40093544806270076,8192,371658240,0.5259582233210417,39,with_replacement,1073741824,4.0880346819758415,25,completed,2048,boundary,,,,,,,20.0,0.88468701735229,1.2937386669734006
58,441,8.05551716312766,,324a2d406707f9daea94ae5b41dbad7950efa93d,below,,59,,cuda,1.0,8,0.5,mixture,0.99974341017702,False,64,standard normal at finite u_max,0.3642374518268477,,0.8610594189399539,unbiased,0.41492806961599216,8192,566287872,0.3514657491632996,37,without_replacement,973078528,6.3228645622730255,25,completed,2048,boundary,,,,,,,20.0,0.7656336899222872,0.8616641798016585
59,442,8.261215765029192,,324a2d406707f9daea94ae5b41dbad7950efa93d,at,,59,,cuda,1.0,8,0.5,mixture,0.744038362209118,True,64,standard normal at finite u_max,0.3018309948529589,,0.7287214303442111,unbiased,0.4230529355912968,8192,578936320,0.2938383656694966,35,without_replacement,989855744,6.417048420757055,25,completed,2048,boundary,,,,,,,20.0,0.476051649199591,0.7289589675897779
4,443,2.268002651631832,,324a2d406707f9daea94ae5b41dbad7950efa93d,tail,,59,,cuda,1.0,8,0.5,mixture,0.9978936619163243,True,64,standard normal at finite u_max,0.33465452111673216,,0.7705743751954239,tail,0.0004432511686116414,8192,76209664,0.3051468870622377,394,without_replacement,67108864,1.7024881355464458,25,completed,2048,boundary,,,,,,,20.0,0.9896356652850127,0.7717842221777674
4,444,4.646372318267822,,324a2d406707f9daea94ae5b41dbad7950efa93d,full,,59,,cuda,1.0,8,0.5,mixture,0.8862297392353464,True,64,standard normal at finite u_max,0.45304586767051336,,1.098476413235197,full,0.4237396149285981,8192,371658240,0.44628617693367556,38,with_replacement,1073741824,4.080969091504812,26,completed,2048,boundary,,,,,,,20.0,0.965034763935939,1.0993678777884275
58,445,8.073541227728128,,324a2d406707f9daea94ae5b41dbad7950efa93d,below,,59,,cuda,1.0,8,0.5,mixture,0.6949140758835164,False,64,standard normal at finite u_max,0.27853772978176133,,0.6304917237235317,unbiased,0.4237897543645414,8192,566287872,0.2582797790095126,39,without_replacement,973078528,6.327290695160627,26,completed,2048,boundary,,,,,,,20.0,0.26867957871201903,0.632096823075228
59,446,8.249484989792109,,324a2d406707f9daea94ae5b41dbad7950efa93d,at,,59,,cuda,1.0,8,0.5,mixture,0.7145098519673747,True,64,standard normal at finite u_max,0.20030772825972337,,0.45274472916733544,unbiased,0.40885369622700124,8192,578936320,0.18142802736621982,35,without_replacement,989855744,6.412643801420927,26,completed,2048,boundary,,,,,,,20.0,0.2952164259030349,0.45612600362822897
4,447,2.2741594091057777,,324a2d406707f9daea94ae5b41dbad7950efa93d,tail,,59,,cuda,1.0,8,0.5,mixture,0.8270546172977332,True,64,standard normal at finite u_max,0.6510322621478275,,1.563791980162052,tail,0.00027183090506084406,8192,76209664,0.6461398347033217,405,without_replacement,67108864,1.709126465022564,26,completed,2048,boundary,,,,,,,20.0,0.9905318350621023,1.574165461921871
4,448,4.649388641119003,,324a2d406707f9daea94ae5b41dbad7950efa93d,full,,59,,cuda,1.0,8,0.5,mixture,0.7723961378399219,True,64,standard normal at finite u_max,0.2200468863750088,,0.49205950531363163,full,0.42402977977115636,8192,371658240,0.19779491633496332,33,with_replacement,1073741824,4.079504549503326,27,completed,2048,boundary,,,,,,,20.0,0.2271636946116389,0.4932057386714156
58,449,8.122441850602627,,324a2d406707f9daea94ae5b41dbad7950efa93d,below,,59,,cuda,1.0,8,0.5,mixture,0.6910573119239998,False,64,standard normal at finite u_max,0.28885488415039323,,0.680031664162476,unbiased,0.42409839716366693,8192,566287872,0.2743709300093594,35,without_replacement,973078528,6.3425730764865875,27,completed,2048,boundary,,,,,,,20.0,0.5048387843922506,0.6828013519829791
59,450,8.247123129665852,,324a2d406707f9daea94ae5b41dbad7950efa93d,at,,59,,cuda,1.0,8,0.5,mixture,0.9971598136247212,True,64,standard normal at finite u_max,0.30910510671354846,,0.6446334273633528,unbiased,0.4125917162262278,8192,578936320,0.2570705108683168,38,without_replacement,989855744,6.409524545073509,27,completed,2048,boundary,,,,,,,20.0,0.5849902209044558,0.6508417736548257
4,451,2.2969377823174,,324a2d406707f9daea94ae5b41dbad7950efa93d,tail,,59,,cuda,1.0,8,0.5,mixture,0.7883551844501088,True,64,standard normal at finite u_max,0.6482217085759437,,1.569936975572385,tail,0.00029642749026229055,8192,76209664,0.6461398347033217,403,without_replacement,67108864,1.7301338352262974,27,completed,2048,boundary,,,,,,,20.0,0.9896865198138702,1.5772785247078454
4,452,4.653947703540325,,324a2d406707f9daea94ae5b41dbad7950efa93d,full,,59,,cuda,1.0,8,0.5,mixture,0.7409110604982423,True,64,standard normal at finite u_max,0.17549949212522248,,0.3923163699949982,full,0.42760640767854646,8192,371658240,0.15764086366837948,37,with_replacement,1073741824,4.081580571830273,28,completed,2048,boundary,,,,,,,20.0,0.31129657840021774,0.39319318377242396
58,453,8.076552342623472,,324a2d406707f9daea94ae5b41dbad7950efa93d,below,,59,,cuda,1.0,8,0.5,mixture,0.85730553991603,False,64,standard normal at finite u_max,0.31382000966833057,,0.746095149622436,unbiased,0.4365066528706522,8192,566287872,0.29976375180514003,37,without_replacement,973078528,6.331393778324127,28,completed,2048,boundary,,,,,,,20.0,0.3068101516261795,0.7467558228936907
59,454,8.269916530698538,,324a2d406707f9daea94ae5b41dbad7950efa93d,at,,59,,cuda,1.0,8,0.5,mixture,0.9964493589864365,True,64,standard normal at finite u_max,0.27469197545927876,,0.616092597552026,unbiased,0.39862080218529355,8192,578936320,0.2423508066545355,36,without_replacement,989855744,6.419141869992018,28,completed,2048,boundary,,,,,,,20.0,0.34707288017586013,0.6162887748102271
4,455,2.427357044070959,,324a2d406707f9daea94ae5b41dbad7950efa93d,tail,,59,,cuda,1.0,8,0.5,mixture,0.8259941243309742,True,64,standard normal at finite u_max,0.6506133264346139,,1.55624083757062,tail,0.0008736751180973792,8192,76209664,0.6461398347033219,407,without_replacement,67108864,1.8411866091191769,28,completed,2048,boundary,,,,,,,20.0,0.99129389582782,1.5661839072756518
4,456,4.7086075730621815,,324a2d406707f9daea94ae5b41dbad7950efa93d,full,,59,,cuda,1.0,8,0.5,mixture,0.6467452359606882,True,64,standard normal at finite u_max,0.4139512802755949,,0.9843149922626208,full,0.34847333903313216,8192,371658240,0.40232194018967593,38,with_replacement,1073741824,4.121459938585758,29,completed,2048,boundary,,,,,,,20.0,0.9880482244615985,0.9892057294763249
58,457,8.075727418065071,,324a2d406707f9daea94ae5b41dbad7950efa93d,below,,59,,cuda,1.0,8,0.5,mixture,0.510322722284447,False,64,standard normal at finite u_max,0.4260132528255491,,1.0243526829591243,unbiased,0.41162965161739823,8192,566287872,0.41418520520968044,36,without_replacement,973078528,6.3284020982682705,29,completed,2048,boundary,,,,,,,20.0,0.6275059580540693,1.0247410103497683
59,458,8.257685746997595,,324a2d406707f9daea94ae5b41dbad7950efa93d,at,,59,,cuda,1.0,8,0.5,mixture,0.9394223708743136,True,64,standard normal at finite u_max,0.3786161754663781,,0.9193603848768327,unbiased,0.4023343176454061,8192,578936320,0.36903493680537697,38,without_replacement,989855744,6.411331806331873,29,completed,2048,boundary,,,,,,,20.0,0.8347044874792173,0.9195276727602517
4,459,2.2877157740294933,,324a2d406707f9daea94ae5b41dbad7950efa93d,tail,,59,,cuda,1.0,8,0.5,mixture,0.7399049822929387,True,64,standard normal at finite u_max,0.6482749588944574,,1.5750616888875542,tail,0.0005421870896445825,8192,76209664,0.6461398347033218,403,without_replacement,67108864,1.7188605181872845,29,completed,2048,boundary,,,,,,,20.0,0.9896844264179465,1.5867216107555993
4,460,1.4487480632960796,,324a2d406707f9daea94ae5b41dbad7950efa93d,full,,18,,cuda,1.0,8,0.5,weak_mixture,0.70986279503001,True,64,standard normal at finite u_max,0.025048486532356848,,0.0216098733902155,full,0.48255731697323195,8192,371658240,0.01895154234174623,4,with_replacement,268435456,1.0371619015932083,20,completed,512,boundary,,,,,,,20.0,0.03590799732164052,0.024485746528957818
17,461,1.0904588624835014,,324a2d406707f9daea94ae5b41dbad7950efa93d,below,,18,,cuda,1.0,8,0.5,weak_mixture,0.7938340762370394,False,64,standard normal at finite u_max,0.03420005779731854,,0.03276667552669163,unbiased,0.4862375547375885,8192,192929280,0.02766781250793375,4,without_replacement,71303168,0.5989869758486748,20,completed,512,boundary,,,,,,,20.0,0.06056906105870681,0.03728290635355125
18,462,1.1202626787126064,,324a2d406707f9daea94ae5b41dbad7950efa93d,at,,18,,cuda,1.0,8,0.5,weak_mixture,0.9247967791893826,True,64,standard normal at finite u_max,0.027208982910961788,,0.023873915751812247,unbiased,0.4841537791053294,8192,202694144,0.019244454288511986,4,without_replacement,75497472,0.623227521777153,20,completed,512,boundary,,,,,,,20.0,0.06281047768282479,0.02754483624216576
4,463,0.8013838902115822,,324a2d406707f9daea94ae5b41dbad7950efa93d,tail,,18,,cuda,1.0,8,0.5,weak_mixture,0.81594813250333,True,64,standard normal at finite u_max,0.023726910949051563,,0.01973062656789913,tail,0.4833102743485845,8192,76209664,0.015931814800753855,4,without_replacement,16777216,0.4084697999060154,20,completed,512,boundary,,,,,,,20.0,0.039278542334819505,0.02416265351731138
4,464,1.4358369372785091,,324a2d406707f9daea94ae5b41dbad7950efa93d,full,,18,,cuda,1.0,8,0.5,weak_mixture,0.96321693770623,True,64,standard normal at finite u_max,0.020210713596915304,,0.01551467260252375,full,0.4773587393175656,8192,371658240,0.012961651398567309,4,with_replacement,268435456,1.0286683030426502,21,completed,512,boundary,,,,,,,20.0,0.03886325857893201,0.018802287469541046
17,465,1.0926287285983562,,324a2d406707f9daea94ae5b41dbad7950efa93d,below,,18,,cuda,1.0,8,0.5,weak_mixture,0.9646859390806749,False,64,standard normal at finite u_max,0.019853499168193917,,0.015379052861051172,unbiased,0.4707328280995344,8192,192929280,0.013360572256725226,4,without_replacement,71303168,0.598825242370367,21,completed,512,boundary,,,,,,,20.0,0.05049994062399693,0.018740459121028608
18,466,1.1246674992144108,,324a2d406707f9daea94ae5b41dbad7950efa93d,at,,18,,cuda,1.0,8,0.5,weak_mixture,0.8949852432114689,True,64,standard normal at finite u_max,0.02930211948669529,,0.025402528733382754,unbiased,0.4712163375086028,8192,202694144,0.020859053954719244,4,without_replacement,75497472,0.6228743083775043,21,completed,512,boundary,,,,,,,20.0,0.07501926154455359,0.02943573761074772
4,467,0.7997893989086151,,324a2d406707f9daea94ae5b41dbad7950efa93d,tail,,18,,cuda,1.0,8,0.5,weak_mixture,0.9919373100735228,True,64,standard normal at finite u_max,0.02304751816233585,,0.017635799864351178,tail,0.4813515487929219,8192,76209664,0.01724002707831193,4,without_replacement,16777216,0.408386941999197,21,completed,512,boundary,,,,,,,20.0,0.04762722086860938,0.021862736395414094
4,468,1.4288332164287567,,324a2d406707f9daea94ae5b41dbad7950efa93d,full,,18,,cuda,1.0,8,0.5,weak_mixture,0.9462061197781566,True,64,standard normal at finite u_max,0.01852834344082347,,0.01638673414654939,full,0.4778828363915156,8192,371658240,0.014394284726291347,4,with_replacement,268435456,1.028371337801218,22,completed,512,boundary,,,,,,,20.0,0.04203969497050662,0.019186086163489203
17,469,1.0871729291975498,,324a2d406707f9daea94ae5b41dbad7950efa93d,below,,18,,cuda,1.0,8,0.5,weak_mixture,0.5477847280824054,False,64,standard normal at finite u_max,0.03580579122804567,,0.03599696265327282,unbiased,0.46804750132855316,8192,192929280,0.02737666705857253,4,without_replacement,71303168,0.5987793356180191,22,completed,512,boundary,,,,,,,20.0,0.08081759580671127,0.03931503617359646
18,470,1.12008922919631,,324a2d406707f9daea94ae5b41dbad7950efa93d,at,,18,,cuda,1.0,8,0.5,weak_mixture,0.7739754886790664,True,64,standard normal at finite u_max,0.026757328548077046,,0.024459454629499253,unbiased,0.48414277672689837,8192,202694144,0.020370076445045418,4,without_replacement,75497472,0.6230814605951309,22,completed,512,boundary,,,,,,,20.0,0.04906253157326576,0.02710468277291742
4,471,0.8010586984455585,,324a2d406707f9daea94ae5b41dbad7950efa93d,tail,,18,,cuda,1.0,8,0.5,weak_mixture,0.9968502353264407,True,64,standard normal at finite u_max,0.057519577229680825,,0.058326924424749585,tail,0.45603319738700754,8192,76209664,0.045170155827169024,5,without_replacement,16777216,0.40829795226454735,22,completed,512,boundary,,,,,,,20.0,0.10268969862259777,0.06011605816827337
4,472,1.412206307053566,,324a2d406707f9daea94ae5b41dbad7950efa93d,full,,18,,cuda,1.0,8,0.5,weak_mixture,0.9884942789317731,True,64,standard normal at finite u_max,0.06796183288119434,,0.07132915361282317,full,0.4598514248240023,8192,371658240,0.06256120766971418,5,with_replacement,268435456,1.0226993598043919,23,completed,512,boundary,,,,,,,20.0,0.06181626326435792,0.07318538123333122
17,473,1.0905689634382725,,324a2d406707f9daea94ae5b41dbad7950efa93d,below,,18,,cuda,1.0,8,0.5,weak_mixture,0.6000417366783675,False,64,standard normal at finite u_max,0.049330459340154516,,0.05321147393080458,unbiased,0.47226292641128037,8192,192929280,0.041963254093881325,4,without_replacement,71303168,0.5991100631654263,23,completed,512,boundary,,,,,,,20.0,0.05736332970126226,0.054125996935350765
18,474,1.1273074857890606,,324a2d406707f9daea94ae5b41dbad7950efa93d,at,,18,,cuda,1.0,8,0.5,weak_mixture,0.9852135402946813,True,64,standard normal at finite u_max,0.06567126191608899,,0.07113029077828598,unbiased,0.47532894569471834,8192,202694144,0.055286569433295185,5,without_replacement,75497472,0.6266968660056591,23,completed,512,boundary,,,,,,,20.0,0.12829189192687068,0.07360861064323086
4,475,0.8050800450146198,,324a2d406707f9daea94ae5b41dbad7950efa93d,tail,,18,,cuda,1.0,8,0.5,weak_mixture,0.605628287734612,True,64,standard normal at finite u_max,0.06825957919393422,,0.06950828380573988,tail,0.46459691141066717,8192,76209664,0.05915773324692051,4,without_replacement,16777216,0.41303468123078346,23,completed,512,boundary,,,,,,,20.0,0.06419230661131901,0.07118850455091263
4,476,1.4132005646824837,,324a2d406707f9daea94ae5b41dbad7950efa93d,full,,18,,cuda,1.0,8,0.5,weak_mixture,0.6926337044215072,True,64,standard normal at finite u_max,0.025006647795612246,,0.021653279368300752,full,0.47740972892881894,8192,371658240,0.018482043520427836,4,with_replacement,268435456,1.0222526267170906,24,completed,512,boundary,,,,,,,20.0,0.056817716257618306,0.024831820516666436
17,477,1.0898509807884693,,324a2d406707f9daea94ae5b41dbad7950efa93d,below,,18,,cuda,1.0,8,0.5,weak_mixture,0.8509559817434076,False,64,standard normal at finite u_max,0.027995757204970377,,0.027622076274817966,unbiased,0.4739433510021236,8192,192929280,0.020744063113627503,4,without_replacement,71303168,0.6006050556898117,24,completed,512,boundary,,,,,,,20.0,0.0362368220948459,0.028715186101853987
18,478,1.1208041608333588,,324a2d406707f9daea94ae5b41dbad7950efa93d,at,,18,,cuda,1.0,8,0.5,weak_mixture,0.8893737494435173,True,64,standard normal at finite u_max,0.02963533080910318,,0.023747714859207302,unbiased,0.48047251762279763,8192,202694144,0.021310132651916537,4,without_replacement,75497472,0.6239996589720249,24,completed,512,boundary,,,,,,,20.0,0.06841852769929993,0.02897337211433796
4,479,0.8098537214100361,,324a2d406707f9daea94ae5b41dbad7950efa93d,tail,,18,,cuda,1.0,8,0.5,weak_mixture,0.9605513494402839,True,64,standard normal at finite u_max,0.02337726817363945,,0.020160098818212357,tail,0.47463565031246047,8192,76209664,0.01606218868707826,4,without_replacement,16777216,0.41544342413544655,24,completed,512,boundary,,,,,,,20.0,0.044252229969536705,0.0226413297121726
4,480,1.4132965877652168,,324a2d406707f9daea94ae5b41dbad7950efa93d,full,,18,,cuda,1.0,8,0.5,weak_mixture,0.727391278983137,True,64,standard normal at finite u_max,0.026396760002714965,,0.020384875640498176,full,0.4749506044858409,8192,371658240,0.017659622881976395,4,with_replacement,268435456,1.022244993597269,25,completed,512,boundary,,,,,,,20.0,0.05300686369076581,0.02591987367219553
17,481,1.0905363894999027,,324a2d406707f9daea94ae5b41dbad7950efa93d,below,,18,,cuda,1.0,8,0.5,weak_mixture,0.8017705499001827,False,64,standard normal at finite u_max,0.035329973873661324,,0.03791571843919787,unbiased,0.47351013720361723,8192,192929280,0.029715146365521417,4,without_replacement,71303168,0.599793016910553,25,completed,512,boundary,,,,,,,20.0,0.043242454908322514,0.039859182361583416
18,482,1.1253192462027073,,324a2d406707f9daea94ae5b41dbad7950efa93d,at,,18,,cuda,1.0,8,0.5,weak_mixture,0.8548893827522935,True,64,standard normal at finite u_max,0.02437479235580678,,0.020786509357730805,unbiased,0.4833997591688903,8192,202694144,0.019554362390772427,4,without_replacement,75497472,0.6239554844796658,25,completed,512,boundary,,,,,,,20.0,0.04846587442129105,0.02544628692185504
4,483,0.8140880577266216,,324a2d406707f9daea94ae5b41dbad7950efa93d,tail,,18,,cuda,1.0,8,0.5,weak_mixture,0.6539789530327327,True,64,standard normal at finite u_max,0.04466834114139005,,0.04179073947106757,tail,0.4656724565688579,8192,76209664,0.0327905826886835,4,without_replacement,16777216,0.41785944253206253,25,completed,512,boundary,,,,,,,20.0,0.09445097085390203,0.04570379977557563
4,484,1.4183965995907784,,324a2d406707f9daea94ae5b41dbad7950efa93d,full,,18,,cuda,1.0,8,0.5,weak_mixture,0.9064337499011248,True,64,standard normal at finite u_max,0.08066764613516218,,0.07871809187053519,full,0.4554135227472152,8192,371658240,0.0640870542867414,5,with_replacement,268435456,1.0266031250357628,26,completed,512,boundary,,,,,,,20.0,0.19193301946012958,0.08411453213030831
17,485,1.0901254564523697,,324a2d406707f9daea94ae5b41dbad7950efa93d,below,,18,,cuda,1.0,8,0.5,weak_mixture,0.9189509505280936,False,64,standard normal at finite u_max,0.029545883792380188,,0.02670739927791306,unbiased,0.48397662423139065,8192,192929280,0.022434775786201205,4,without_replacement,71303168,0.5994161181151867,26,completed,512,boundary,,,,,,,20.0,0.0579262361719808,0.03161770320581369
18,486,1.1290594302117825,,324a2d406707f9daea94ae5b41dbad7950efa93d,at,,18,,cuda,1.0,8,0.5,weak_mixture,0.7409462336050275,True,64,standard normal at finite u_max,0.052812366455678425,,0.05022151053302749,unbiased,0.47080571764617324,8192,202557440,0.039641043144596974,4,without_replacement,75497472,0.6238462328910828,26,completed,512,boundary,,,,,,,20.0,0.11897359722409591,0.05429930962276422
4,487,0.8037876412272453,,324a2d406707f9daea94ae5b41dbad7950efa93d,tail,,18,,cuda,1.0,8,0.5,weak_mixture,0.9251097881488318,True,64,standard normal at finite u_max,0.023389104036205276,,0.02107476800868935,tail,0.4866342456690487,8192,76209664,0.01950018520687747,4,without_replacement,16777216,0.4140265956521034,26,completed,512,boundary,,,,,,,20.0,0.0457383554532769,0.024208888164495148
4,488,1.4335236549377441,,324a2d406707f9daea94ae5b41dbad7950efa93d,full,,18,,cuda,1.0,8,0.5,weak_mixture,0.947740137721089,True,64,standard normal at finite u_max,0.02322120785823436,,0.022316909792558026,full,0.47826580791078804,8192,371658240,0.016993656301461005,4,with_replacement,268435456,1.0278274938464165,27,completed,512,boundary,,,,,,,20.0,0.029346857561482906,0.024541156105406126
17,489,1.0863794833421707,,324a2d406707f9daea94ae5b41dbad7950efa93d,below,,18,,cuda,1.0,8,0.5,weak_mixture,0.7790338240306718,False,64,standard normal at finite u_max,0.031105570596648802,,0.028333831013939076,unbiased,0.473559055427756,8192,192929280,0.022761571400768822,4,without_replacement,71303168,0.5990811213850975,27,completed,512,boundary,,,,,,,20.0,0.07874104214471501,0.032965974291064765
18,490,1.1203931160271168,,324a2d406707f9daea94ae5b41dbad7950efa93d,at,,18,,cuda,1.0,8,0.5,weak_mixture,0.8429944318643855,True,64,standard normal at finite u_max,0.03155761532016279,,0.030459971664580046,unbiased,0.47382208220105243,8192,202694144,0.025496858157749436,4,without_replacement,75497472,0.6229329630732536,27,completed,512,boundary,,,,,,,20.0,0.06181581564853761,0.03346801220096979
4,491,0.8020424582064152,,324a2d406707f9daea94ae5b41dbad7950efa93d,tail,,18,,cuda,1.0,8,0.5,weak_mixture,0.8703159429939854,True,64,standard normal at finite u_max,0.03454596091860766,,0.033663086021243974,tail,0.47856580642184543,8192,76209664,0.026703235924148375,4,without_replacement,16777216,0.409382876008749,27,completed,512,boundary,,,,,,,20.0,0.05089882059528672,0.036288339210044124
4,492,1.41808957234025,,324a2d406707f9daea94ae5b41dbad7950efa93d,full,,18,,cuda,1.0,8,0.5,weak_mixture,0.8180362662500623,True,64,standard normal at finite u_max,0.10302102180594519,,0.10586462115415787,full,0.45343739286273804,8192,371658240,0.08178093768984981,5,with_replacement,268435456,1.0228633433580399,28,completed,512,boundary,,,,,,,20.0,0.1956259998688228,0.10847566579243384
17,493,1.0902427583932877,,324a2d406707f9daea94ae5b41dbad7950efa93d,below,,18,,cuda,1.0,8,0.5,weak_mixture,0.6199158610276556,False,64,standard normal at finite u_max,0.0504827740205615,,0.051720856801213765,unbiased,0.47439153409578927,8192,192929280,0.03951559566278699,4,without_replacement,71303168,0.5985547043383121,28,completed,512,boundary,,,,,,,20.0,0.11385813780348615,0.055270450674543906
18,494,1.1251524239778519,,324a2d406707f9daea94ae5b41dbad7950efa93d,at,,18,,cuda,1.0,8,0.5,weak_mixture,0.8255772374243223,True,64,standard normal at finite u_max,0.028671704115503176,,0.026416670370891352,unbiased,0.46799623373626453,8192,202694144,0.021379195913873217,4,without_replacement,75497472,0.6241635419428349,28,completed,512,boundary,,,,,,,20.0,0.059753308827654214,0.02900526191751589
4,495,0.7984890788793564,,324a2d406707f9daea94ae5b41dbad7950efa93d,tail,,18,,cuda,1.0,8,0.5,weak_mixture,0.9057105935440922,True,64,standard normal at finite u_max,0.017700182882053616,,0.014426804396614572,tail,0.4818093146813159,8192,76209664,0.009734794314564893,4,without_replacement,16777216,0.4076628088951111,28,completed,512,boundary,,,,,,,20.0,0.05460289878032258,0.018776860412298004
4,496,1.415046188980341,,324a2d406707f9daea94ae5b41dbad7950efa93d,full,,18,,cuda,1.0,8,0.5,weak_mixture,0.7203681574165809,True,64,standard normal at finite u_max,0.04143169400155719,,0.03919855960385613,full,0.48886429115703445,8192,371658240,0.036202769685469594,4,with_replacement,268435456,1.0239185392856598,29,completed,512,boundary,,,,,,,20.0,0.035285549384334425,0.041961603004188774
17,497,1.0906228199601173,,324a2d406707f9daea94ae5b41dbad7950efa93d,below,,18,,cuda,1.0,8,0.5,weak_mixture,0.7636451177442578,False,64,standard normal at finite u_max,0.03894749971596145,,0.03938864674069156,unbiased,0.4731790682679686,8192,192929280,0.034063473735808224,4,without_replacement,71303168,0.6005040183663368,29,completed,512,boundary,,,,,,,20.0,0.04843943092916703,0.041942970981315546
18,498,1.1204188577830791,,324a2d406707f9daea94ae5b41dbad7950efa93d,at,,18,,cuda,1.0,8,0.5,weak_mixture,0.9672260625621455,True,64,standard normal at finite u_max,0.02254761627825011,,0.017002892211993064,unbiased,0.47724792318055403,8192,202694144,0.016185449947213867,4,without_replacement,75497472,0.623269397765398,29,completed,512,boundary,,,,,,,20.0,0.05791564877946606,0.020953862558005232
4,499,0.8061023876070976,,324a2d406707f9daea94ae5b41dbad7950efa93d,tail,,18,,cuda,1.0,8,0.5,weak_mixture,0.8281945438816719,True,64,standard normal at finite u_max,0.025465034400679088,,0.022552912990242854,tail,0.48067971305993656,8192,76209664,0.017324192621264778,4,without_replacement,16777216,0.4093320854008198,29,completed,512,boundary,,,,,,,20.0,0.07047963428054632,0.02735508589268485
4,500,4.732882283627987,,324a2d406707f9daea94ae5b41dbad7950efa93d,full,,17,,cuda,1.0,8,0.5,weak_mixture,0.8022548510656446,True,64,standard normal at finite u_max,0.02770206841530022,,0.02616687772227857,full,0.49464451784246605,8192,371658240,0.0213505339957061,4,with_replacement,1073741824,4.071534335613251,20,completed,2048,boundary,,,,,,,20.0,0.0459517423743651,0.027583944168177502
16,501,3.3259752951562405,,324a2d406707f9daea94ae5b41dbad7950efa93d,below,,17,,cuda,1.0,8,0.5,weak_mixture,0.8782969877224857,False,64,standard normal at finite u_max,0.0241649874110431,,0.01818880292372055,unbiased,0.4922959403934172,8192,183950848,0.014491170517955974,4,without_replacement,268435456,2.288633979856968,20,completed,2048,boundary,,,,,,,20.0,0.06332732418888162,0.023473965983746067
17,502,3.4597555361688137,,324a2d406707f9daea94ae5b41dbad7950efa93d,at,,17,,cuda,1.0,8,0.5,weak_mixture,0.737443487544984,True,64,standard normal at finite u_max,0.03330132635218932,,0.026609006233138104,unbiased,0.49264151317450844,8192,192929280,0.02056342517098865,4,without_replacement,285212672,2.384218782186508,20,completed,2048,boundary,,,,,,,20.0,0.0848179102700943,0.03661039157025597
4,503,2.273372646421194,,324a2d406707f9daea94ae5b41dbad7950efa93d,tail,,17,,cuda,1.0,8,0.5,weak_mixture,0.8994702030165505,True,64,standard normal at finite u_max,0.02575923878801472,,0.02390296112050438,tail,0.49561608471161883,8192,76209664,0.016722046735051566,4,without_replacement,67108864,1.614183209836483,20,completed,2048,boundary,,,,,,,20.0,0.05633067408073303,0.026207662453576273
4,504,4.735368199646473,,324a2d406707f9daea94ae5b41dbad7950efa93d,full,,17,,cuda,1.0,8,0.5,weak_mixture,0.8532995265551787,True,64,standard normal at finite u_max,0.01892626262841863,,0.013006819029513735,full,0.4971669759688429,8192,371658240,0.01096900321985058,4,with_replacement,1073741824,4.074789673089981,21,completed,2048,boundary,,,,,,,20.0,0.06319921076932873,0.01968798842933811
16,505,3.3246077559888363,,324a2d406707f9daea94ae5b41dbad7950efa93d,below,,17,,cuda,1.0,8,0.5,weak_mixture,0.9963223833400363,False,64,standard normal at finite u_max,0.01769338106800184,,0.010043688356099133,unbiased,0.49508185854533215,8192,183950848,0.008428413543975402,4,without_replacement,268435456,2.281611043959856,21,completed,2048,boundary,,,,,,,20.0,0.04876661659313723,0.01461325796793888
17,506,3.463360123336315,,324a2d406707f9daea94ae5b41dbad7950efa93d,at,,17,,cuda,1.0,8,0.5,weak_mixture,0.9848908902515322,True,64,standard normal at finite u_max,0.0249562074981644,,0.02226614293306889,unbiased,0.4943946589543729,8192,192929280,0.017094542509880337,4,without_replacement,285212672,2.384460214525461,21,completed,2048,boundary,,,,,,,20.0,0.07352073810608946,0.026285207379845153
4,507,2.2875465117394924,,324a2d406707f9daea94ae5b41dbad7950efa93d,tail,,17,,cuda,1.0,8,0.5,weak_mixture,0.7490420336692669,True,64,standard normal at finite u_max,0.05827517096075919,,0.06243785902900006,tail,0.4957037264654412,8192,76209664,0.05101150306196608,4,without_replacement,67108864,1.6276746317744255,21,completed,2048,boundary,,,,,,,20.0,0.05751954585139439,0.06376320836710402
4,508,4.735230777412653,,324a2d406707f9daea94ae5b41dbad7950efa93d,full,,17,,cuda,1.0,8,0.5,weak_mixture,0.8937780600470703,True,64,standard normal at finite u_max,0.028466401229898217,,0.03025178823759224,full,0.4934889941649809,8192,371658240,0.02176330766322398,4,with_replacement,1073741824,4.075976796448231,22,completed,2048,boundary,,,,,,,20.0,0.05486073041780497,0.03388100352982215
16,509,3.3202690482139587,,324a2d406707f9daea94ae5b41dbad7950efa93d,below,,17,,cuda,1.0,8,0.5,weak_mixture,0.9983142642858768,False,64,standard normal at finite u_max,0.04785659994302586,,0.04462915845167087,unbiased,0.49393754300195786,8192,183950848,0.034620153251870164,5,without_replacement,268435456,2.2791889309883118,22,completed,2048,boundary,,,,,,,20.0,0.06309301446571164,0.04740584927648935
17,510,3.454793892800808,,324a2d406707f9daea94ae5b41dbad7950efa93d,at,,17,,cuda,1.0,8,0.5,weak_mixture,0.9878147298507445,True,64,standard normal at finite u_max,0.08380933437794769,,0.09122118511943712,unbiased,0.4888282626522606,8192,192792576,0.07307394092185189,5,without_replacement,285212672,2.3840994648635387,22,completed,2048,boundary,,,,,,,20.0,0.07824275013338806,0.09229693204721964
4,511,2.278507001698017,,324a2d406707f9daea94ae5b41dbad7950efa93d,tail,,17,,cuda,1.0,8,0.5,weak_mixture,0.8736270489040654,True,64,standard normal at finite u_max,0.023636671548652063,,0.019450410293148927,tail,0.4940499444957889,8192,76209664,0.017118319755036707,4,without_replacement,67108864,1.6210662946105003,22,completed,2048,boundary,,,,,,,20.0,0.04537276236035599,0.022176587253393897
4,512,4.758695442229509,,324a2d406707f9daea94ae5b41dbad7950efa93d,full,,17,,cuda,1.0,8,0.5,weak_mixture,0.8787271337290723,True,64,standard normal at finite u_max,0.021221665885082036,,0.016059182983276268,full,0.4959021279433246,8192,371658240,0.01498210472897208,4,with_replacement,1073741824,4.099144045263529,23,completed,2048,boundary,,,,,,,20.0,0.04997041022504893,0.0212597679291017
16,513,3.3509326800704002,,324a2d406707f9daea94ae5b41dbad7950efa93d,below,,17,,cuda,1.0,8,0.5,weak_mixture,0.8980953537201204,False,64,standard normal at finite u_max,0.019359358166489392,,0.010698562204439502,unbiased,0.49336362871497264,8192,183950848,0.00963494373946469,4,without_replacement,268435456,2.3142279237508774,23,completed,2048,boundary,,,,,,,20.0,0.06986885032855585,0.018370334107102742
17,514,3.454843819141388,,324a2d406707f9daea94ae5b41dbad7950efa93d,at,,17,,cuda,1.0,8,0.5,weak_mixture,0.8835127209455137,True,64,standard normal at finite u_max,0.02245907482690557,,0.01819970874021404,unbiased,0.4949751188941107,8192,192929280,0.014826290690401527,4,without_replacement,285212672,2.3790860325098038,23,completed,2048,boundary,,,,,,,20.0,0.06449768435085189,0.021524168947197227
4,515,2.2744646705687046,,324a2d406707f9daea94ae5b41dbad7950efa93d,tail,,17,,cuda,1.0,8,0.5,weak_mixture,0.9043877304675877,True,64,standard normal at finite u_max,0.021332978789991207,,0.014855187377265237,tail,0.4968412351737992,8192,76209664,0.01332003998330332,4,without_replacement,67108864,1.6153412163257599,23,completed,2048,boundary,,,,,,,20.0,0.051137228280203006,0.021458781396985257
4,516,4.7416905127465725,,324a2d406707f9daea94ae5b41dbad7950efa93d,full,,17,,cuda,1.0,8,0.5,weak_mixture,0.771765334955111,True,64,standard normal at finite u_max,0.02327157594868215,,0.01965321952285353,full,0.49617813286555207,8192,371658240,0.01598499225788043,4,with_replacement,1073741824,4.081565786153078,24,completed,2048,boundary,,,,,,,20.0,0.03978430323529347,0.02141517461765256
16,517,3.314150173217058,,324a2d406707f9daea94ae5b41dbad7950efa93d,below,,17,,cuda,1.0,8,0.5,weak_mixture,0.5550103603764798,False,64,standard normal at finite u_max,0.07000605626168414,,0.07692146617561521,unbiased,0.490000099006424,8192,183950848,0.06202342793674726,4,without_replacement,268435456,2.279510695487261,24,completed,2048,boundary,,,,,,,20.0,0.05994839028898191,0.07817596943006888
17,518,3.453969944268465,,324a2d406707f9daea94ae5b41dbad7950efa93d,at,,17,,cuda,1.0,8,0.5,weak_mixture,0.6054243964093527,True,64,standard normal at finite u_max,0.06511944132788189,,0.06928072130104083,unbiased,0.49111311158780885,8192,192929280,0.05595993416675618,4,without_replacement,285212672,2.3797100447118282,24,completed,2048,boundary,,,,,,,20.0,0.059376742112876676,0.07157292503399576
4,519,2.2884307727217674,,324a2d406707f9daea94ae5b41dbad7950efa93d,tail,,17,,cuda,1.0,8,0.5,weak_mixture,0.6970163080112198,True,64,standard normal at finite u_max,0.05059815518428163,,0.05276284529248523,tail,0.49210777334926786,8192,76209664,0.04299533840405872,4,without_replacement,67108864,1.6256281211972237,24,completed,2048,boundary,,,,,,,20.0,0.0840125754873914,0.054724889648899266
4,520,4.736805759370327,,324a2d406707f9daea94ae5b41dbad7950efa93d,full,,17,,cuda,1.0,8,0.5,weak_mixture,0.9936330635449017,True,64,standard normal at finite u_max,0.032302247886550645,,0.028593883589453903,full,0.4951480699561757,8192,371658240,0.02309546642554295,5,with_replacement,1073741824,4.0752444714307785,25,completed,2048,boundary,,,,,,,20.0,0.06506998071647373,0.031775741429390186
16,521,3.321130745112896,,324a2d406707f9daea94ae5b41dbad7950efa93d,below,,17,,cuda,1.0,8,0.5,weak_mixture,0.7700197251814933,False,64,standard normal at finite u_max,0.03486203474307085,,0.03332178258948329,unbiased,0.4942220909333121,8192,183950848,0.028576367865960052,4,without_replacement,268435456,2.2825546860694885,25,completed,2048,boundary,,,,,,,20.0,0.04041082096364955,0.036011490994180974
17,522,3.461313471198082,,324a2d406707f9daea94ae5b41dbad7950efa93d,at,,17,,cuda,1.0,8,0.5,weak_mixture,0.7482469015204701,True,64,standard normal at finite u_max,0.04040918196829802,,0.04131995041630758,unbiased,0.49646054735594786,8192,192929280,0.0318948699834675,4,without_replacement,285212672,2.3800196573138237,25,completed,2048,boundary,,,,,,,20.0,0.06838155365282969,0.042650426544872284
4,523,2.284749537706375,,324a2d406707f9daea94ae5b41dbad7950efa93d,tail,,17,,cuda,1.0,8,0.5,weak_mixture,0.8216928287662076,True,64,standard normal at finite u_max,0.02971896256390639,,0.027989550242673644,tail,0.49432147137145027,8192,76209664,0.023064853189702313,4,without_replacement,67108864,1.62356561049819,25,completed,2048,boundary,,,,,,,20.0,0.04586176437185968,0.031440521634417656
4,524,4.738075662404299,,324a2d406707f9daea94ae5b41dbad7950efa93d,full,,17,,cuda,1.0,8,0.5,weak_mixture,0.5581245398604239,True,64,standard normal at finite u_max,0.049516373920124875,,0.05133200583672149,full,0.4933203624264182,8192,371658240,0.04031269760326601,4,with_replacement,1073741824,4.075840823352337,26,completed,2048,boundary,,,,,,,20.0,0.08401066244744898,0.0527597166081475
16,525,3.325592529028654,,324a2d406707f9daea94ae5b41dbad7950efa93d,below,,17,,cuda,1.0,8,0.5,weak_mixture,0.8204271382889512,False,64,standard normal at finite u_max,0.024934762244147854,,0.01846036063635002,unbiased,0.49556350985779263,8192,183950848,0.018731084490460903,4,without_replacement,268435456,2.279497593641281,26,completed,2048,boundary,,,,,,,20.0,0.050344080195086516,0.024471472484848215
17,526,3.4505252577364445,,324a2d406707f9daea94ae5b41dbad7950efa93d,at,,17,,cuda,1.0,8,0.5,weak_mixture,0.7195243048788726,True,64,standard normal at finite u_max,0.03430822888412172,,0.029431606349308297,unbiased,0.4913168965352098,8192,192929280,0.023596575526963988,4,without_replacement,285212672,2.3804995864629745,26,completed,2048,boundary,,,,,,,20.0,0.068092274659719,0.037117702306374685
4,527,2.357057321816683,,324a2d406707f9daea94ae5b41dbad7950efa93d,tail,,17,,cuda,1.0,8,0.5,weak_mixture,0.8829878692458865,True,64,standard normal at finite u_max,0.017852746103237893,,0.01333816323910607,tail,0.49516445435523326,8192,76209664,0.009628697994339262,4,without_replacement,67108864,1.6707193963229656,26,completed,2048,boundary,,,,,,,20.0,0.06189016509180774,0.0186615832482088
4,528,4.731194689869881,,324a2d406707f9daea94ae5b41dbad7950efa93d,full,,17,,cuda,1.0,8,0.5,weak_mixture,0.7961462103945502,True,64,standard normal at finite u_max,0.025923602812193882,,0.020645334911781128,full,0.4949320619014312,8192,371658240,0.017967139165001075,4,with_replacement,1073741824,4.071318995207548,27,completed,2048,boundary,,,,,,,20.0,0.05489209864135533,0.02688055134381062
16,529,3.3272349573671818,,324a2d406707f9daea94ae5b41dbad7950efa93d,below,,17,,cuda,1.0,8,0.5,weak_mixture,0.7720383111635049,False,64,standard normal at finite u_max,0.024129414221748982,,0.01903655660398377,unbiased,0.49364688830839243,8192,183950848,0.016520662302230676,4,without_replacement,268435456,2.2806447967886925,27,completed,2048,boundary,,,,,,,20.0,0.06803439594784533,0.023969862637655895
17,530,3.4498237520456314,,324a2d406707f9daea94ae5b41dbad7950efa93d,at,,17,,cuda,1.0,8,0.5,weak_mixture,0.9258343922168392,True,64,standard normal at finite u_max,0.021763546736305334,,0.01583099075776414,unbiased,0.4948568058339161,8192,192655872,0.013259758471465988,4,without_replacement,285212672,2.379646234214306,27,completed,2048,boundary,,,,,,,20.0,0.056482274671067534,0.020075864041689047
4,531,2.287917587906122,,324a2d406707f9daea94ae5b41dbad7950efa93d,tail,,17,,cuda,1.0,8,0.5,weak_mixture,0.7578784049614917,True,64,standard normal at finite u_max,0.03768474187052204,,0.03642002108617551,tail,0.4941212477708119,8192,76209664,0.030270014665217754,4,without_replacement,67108864,1.628823146224022,27,completed,2048,boundary,,,,,,,20.0,0.05364861161300091,0.03774321050046523
4,532,4.764310277998447,,324a2d406707f9daea94ae5b41dbad7950efa93d,full,,17,,cuda,1.0,8,0.5,weak_mixture,0.7447778912099868,True,64,standard normal at finite u_max,0.025207648417097543,,0.023478955706989196,full,0.49746846121215216,8192,371658240,0.013693629342270155,4,with_replacement,1073741824,4.0886144787073135,28,completed,2048,boundary,,,,,,,20.0,0.0563461946412951,0.02775584845188881
16,533,3.328449446707964,,324a2d406707f9daea94ae5b41dbad7950efa93d,below,,17,,cuda,1.0,8,0.5,weak_mixture,0.7627981639045281,False,64,standard normal at finite u_max,0.02328077349939663,,0.019115679049292972,unbiased,0.49759749949904786,8192,183950848,0.014154461860491518,4,without_replacement,268435456,2.284047719091177,28,completed,2048,boundary,,,,,,,20.0,0.06382286247038896,0.022279241473286155
17,534,3.4678166806697845,,324a2d406707f9daea94ae5b41dbad7950efa93d,at,,17,,cuda,1.0,8,0.5,weak_mixture,0.9077953694728682,True,64,standard normal at finite u_max,0.02098207472473641,,0.01556815978379362,unbiased,0.49529642365095555,8192,192929280,0.014174233121081868,4,without_replacement,285212672,2.3883411809802055,28,completed,2048,boundary,,,,,,,20.0,0.05130921511661292,0.020423862246540254
4,535,2.271102052181959,,324a2d406707f9daea94ae5b41dbad7950efa93d,tail,,17,,cuda,1.0,8,0.5,weak_mixture,0.5602037813435485,True,64,standard normal at finite u_max,0.044416179806869314,,0.043199162279976125,tail,0.4935315367580906,8192,76209664,0.03314970587001401,4,without_replacement,67108864,1.6138103380799294,28,completed,2048,boundary,,,,,,,20.0,0.0643814302218053,0.04534889417513084
4,536,4.732812125235796,,324a2d406707f9daea94ae5b41dbad7950efa93d,full,,17,,cuda,1.0,8,0.5,weak_mixture,0.7377496135291753,True,64,standard normal at finite u_max,0.028317888808824455,,0.027679493045921693,full,0.49345516296265063,8192,371658240,0.02019920473475617,4,with_replacement,1073741824,4.07256693392992,29,completed,2048,boundary,,,,,,,20.0,0.0558813771346804,0.03177472909697812
16,537,3.314060155302286,,324a2d406707f9daea94ae5b41dbad7950efa93d,below,,17,,cuda,1.0,8,0.5,weak_mixture,0.9278277733266082,False,64,standard normal at finite u_max,0.024654535292437062,,0.020274570302593598,unbiased,0.4939340401134591,8192,183950848,0.0177628564972995,4,without_replacement,268435456,2.280757311731577,29,completed,2048,boundary,,,,,,,20.0,0.06162444554599199,0.02545604328342326
17,538,3.4605484902858734,,324a2d406707f9daea94ae5b41dbad7950efa93d,at,,17,,cuda,1.0,8,0.5,weak_mixture,0.8876972799626455,True,64,standard normal at finite u_max,0.025563598437210365,,0.022650683712014532,unbiased,0.49420957867372867,8192,192929280,0.01857923734828841,4,without_replacement,285212672,2.378791205585003,29,completed,2048,boundary,,,,,,,20.0,0.04655122075910506,0.02589972430237199
4,539,2.278185896575451,,324a2d406707f9daea94ae5b41dbad7950efa93d,tail,,17,,cuda,1.0,8,0.5,weak_mixture,0.9851713886488142,True,64,standard normal at finite u_max,0.019143666288093688,,0.011550955199680347,tail,0.4981483457188914,8192,76209664,0.010633721411689806,4,without_replacement,67108864,1.6174331679940224,29,completed,2048,boundary,,,,,,,20.0,0.05894836499862913,0.01814612299810798
4,540,0.7427109591662884,,324a2d406707f9daea94ae5b41dbad7950efa93d,delta_-0.10,-0.1,,,cuda,1.0,8,0.5,gaussian,0.9543668191642047,True,64,standard normal at finite u_max,0.09097142894909004,,0.0219306809494952,cv,0.05577321241397593,8192,72019456,1.3000539089702556e-08,89,with_replacement,16777216,0.4417717307806015,20,completed,512,tail_error,,,,,,,20.0,0.1915664266140767,0.024034395069909738
4,541,0.745620671659708,,324a2d406707f9daea94ae5b41dbad7950efa93d,delta_+0.00,0.0,,,cuda,1.0,8,0.5,gaussian,0.6900247513084923,True,64,standard normal at finite u_max,0.06004061808777486,,0.011292366380606725,cv,0.11601380664939591,8192,72019456,1.3000539089702556e-08,82,with_replacement,16777216,0.4353691376745701,20,completed,512,tail_error,,,,,,,20.0,0.19306788838973105,0.015465994076170879
4,542,0.7239374965429306,,324a2d406707f9daea94ae5b41dbad7950efa93d,delta_+0.10,0.1,,,cuda,1.0,8,0.5,gaussian,0.9036491378991149,True,64,standard normal at finite u_max,0.08517184331961933,,0.020378597171086754,cv,0.07502664507597578,8192,72019456,1.3000539089702556e-08,82,with_replacement,16777216,0.4286519028246403,20,completed,512,tail_error,,,,,,,20.0,0.1875715347376086,0.022132363656714497
4,543,0.7217707484960556,,324a2d406707f9daea94ae5b41dbad7950efa93d,delta_-0.10,-0.1,,,cuda,1.0,8,0.5,gaussian,0.9986898324057731,True,64,standard normal at finite u_max,0.06146241745769578,,0.014781682596209766,cv,0.07218377858965916,8192,72019456,1.3000539089702556e-08,83,with_replacement,16777216,0.42664626240730286,21,completed,512,tail_error,,,,,,,20.0,0.1497247147964003,0.01619066261483824
4,544,0.7244702689349651,,324a2d406707f9daea94ae5b41dbad7950efa93d,delta_+0.00,0.0,,,cuda,1.0,8,0.5,gaussian,0.6747908834766451,True,64,standard normal at finite u_max,0.06446835264690279,,0.011438479431506957,cv,0.06521469529508936,8192,72019456,1.3000539089702556e-08,83,with_replacement,16777216,0.42979175224900246,21,completed,512,tail_error,,,,,,,20.0,0.22871393973563958,0.016821982238001028
4,545,0.7223128974437714,,324a2d406707f9daea94ae5b41dbad7950efa93d,delta_+0.10,0.1,,,cuda,1.0,8,0.5,gaussian,0.7393089838045964,True,64,standard normal at finite u_max,0.04416174489504575,,0.006408353449368159,cv,0.0412832087768352,8192,72019456,1.3000539089702556e-08,80,with_replacement,16777216,0.42794299498200417,21,completed,512,tail_error,,,,,,,20.0,0.1865011537648161,0.01137377099888212
4,546,0.7233169414103031,,324a2d406707f9daea94ae5b41dbad7950efa93d,delta_-0.10,-0.1,,,cuda,1.0,8,0.5,gaussian,0.9982948538664037,True,64,standard normal at finite u_max,0.05689839875631079,,0.012758070226538964,cv,0.10611298187467587,8192,72019456,1.3000539089702556e-08,89,with_replacement,16777216,0.42730632796883583,22,completed,512,tail_error,,,,,,,20.0,0.14789132426058466,0.01577144316339698
4,547,0.7273231409490108,,324a2d406707f9daea94ae5b41dbad7950efa93d,delta_+0.00,0.0,,,cuda,1.0,8,0.5,gaussian,0.5238652353864061,True,64,standard normal at finite u_max,0.08068753298789844,,0.016405439515700518,cv,0.11224606489989088,8192,72019456,1.3000539089702556e-08,82,with_replacement,16777216,0.4298683814704418,22,completed,512,tail_error,,,,,,,20.0,0.21672055847785637,0.021142070714962092
4,548,0.7243377044796944,,324a2d406707f9daea94ae5b41dbad7950efa93d,delta_+0.10,0.1,,,cuda,1.0,8,0.5,gaussian,0.5319039849057913,True,64,standard normal at finite u_max,0.08954803092116179,,0.020692720578806834,cv,0.029837336732117043,8192,72019456,1.3000539089702556e-08,85,with_replacement,16777216,0.4272608757019043,22,completed,512,tail_error,,,,,,,20.0,0.20084299125878524,0.023605109496040413
4,549,0.7269075773656368,,324a2d406707f9daea94ae5b41dbad7950efa93d,delta_-0.10,-0.1,,,cuda,1.0,8,0.5,gaussian,0.9439306874784396,True,64,standard normal at finite u_max,0.08744801700368737,,0.019991010916628096,cv,0.06254841230413424,8192,72019456,1.3000539089702556e-08,87,with_replacement,16777216,0.4301304891705513,23,completed,512,tail_error,,,,,,,20.0,0.18271318016577306,0.023974203915133004
4,550,0.7497011050581932,,324a2d406707f9daea94ae5b41dbad7950efa93d,delta_+0.00,0.0,,,cuda,1.0,8,0.5,gaussian,0.8598215843702074,True,64,standard normal at finite u_max,0.04514210793100095,,0.007819582657611554,cv,0.023981047756277865,8192,71882752,1.3000539089702556e-08,82,with_replacement,16777216,0.4554479494690895,23,completed,512,tail_error,,,,,,,20.0,0.18345864942872886,0.011632082010199775
4,551,0.7185705341398716,,324a2d406707f9daea94ae5b41dbad7950efa93d,delta_+0.10,0.1,,,cuda,1.0,8,0.5,gaussian,0.6466980824440434,True,64,standard normal at finite u_max,0.06701287113219301,,0.013663491772119993,cv,0.060423829052925544,8192,72019456,1.3000539089702556e-08,80,with_replacement,16777216,0.42649607732892036,23,completed,512,tail_error,,,,,,,20.0,0.20845095816218553,0.016281295830928726
4,552,0.7304634265601635,,324a2d406707f9daea94ae5b41dbad7950efa93d,delta_-0.10,-0.1,,,cuda,1.0,8,0.5,gaussian,0.9983929339916822,True,64,standard normal at finite u_max,0.09485156750297191,,0.024714969346089605,cv,0.0922667561767312,8192,72019456,1.3000539089702556e-08,93,with_replacement,16777216,0.4338853247463703,24,completed,512,tail_error,,,,,,,20.0,0.20397311205369528,0.026752209399963693
4,553,0.7220179550349712,,324a2d406707f9daea94ae5b41dbad7950efa93d,delta_+0.00,0.0,,,cuda,1.0,8,0.5,gaussian,0.7197284490047835,True,64,standard normal at finite u_max,0.06351575089161851,,0.012807533806085528,cv,0.09844465783897505,8192,72019456,1.3000539089702556e-08,85,with_replacement,16777216,0.42739153653383255,24,completed,512,tail_error,,,,,,,20.0,0.19336742328870773,0.016136989231375472
4,554,0.7253065407276154,,324a2d406707f9daea94ae5b41dbad7950efa93d,delta_+0.10,0.1,,,cuda,1.0,8,0.5,gaussian,0.9823492854432487,True,64,standard normal at finite u_max,0.08041220481299649,,0.016966952202130833,cv,0.05789647105110934,8192,72019456,1.3000539089702556e-08,88,with_replacement,16777216,0.43001386150717735,24,completed,512,tail_error,,,,,,,20.0,0.19960329875575067,0.0212076736468967
4,555,0.7232565395534039,,324a2d406707f9daea94ae5b41dbad7950efa93d,delta_-0.10,-0.1,,,cuda,1.0,8,0.5,gaussian,0.9817956791634169,True,64,standard normal at finite u_max,0.06814246756578807,,0.014491270939562081,cv,0.12244339833057721,8192,72019456,1.3000539089702556e-08,83,with_replacement,16777216,0.4284815825521946,25,completed,512,tail_error,,,,,,,20.0,0.1918096633292401,0.016944709470085945
4,556,0.7228954471647739,,324a2d406707f9daea94ae5b41dbad7950efa93d,delta_+0.00,0.0,,,cuda,1.0,8,0.5,gaussian,0.627891791690899,True,64,standard normal at finite u_max,0.10895530659499408,,0.025961092031302202,cv,0.11477332378450607,8192,72019456,1.3000539089702556e-08,79,with_replacement,16777216,0.4286212846636772,25,completed,512,tail_error,,,,,,,20.0,0.23224817192121344,0.02886037510954581
4,557,0.7229397632181644,,324a2d406707f9daea94ae5b41dbad7950efa93d,delta_+0.10,0.1,,,cuda,1.0,8,0.5,gaussian,0.9816414983499073,True,64,standard normal at finite u_max,0.08345633139616325,,0.018071453943108357,cv,0.0298929404039445,8192,72019456,1.3000539089702556e-08,88,with_replacement,16777216,0.42788367345929146,25,completed,512,tail_error,,,,,,,20.0,0.1975213974868998,0.021435197735068686
4,558,0.7206869423389435,,324a2d406707f9daea94ae5b41dbad7950efa93d,delta_-0.10,-0.1,,,cuda,1.0,8,0.5,gaussian,0.9538236449327998,True,64,standard normal at finite u_max,0.11085656707831454,,0.026765141553424993,cv,0.06741310799953233,8192,72019456,1.3000539089702556e-08,88,with_replacement,16777216,0.42807822301983833,26,completed,512,tail_error,,,,,,,20.0,0.19685032309931155,0.028053853500371505
4,559,0.7277367487549782,,324a2d406707f9daea94ae5b41dbad7950efa93d,delta_+0.00,0.0,,,cuda,1.0,8,0.5,gaussian,0.9989288377021985,True,64,standard normal at finite u_max,0.07655020946135163,,0.01680707946668468,cv,0.07660818558069908,8192,72019456,1.3000539089702556e-08,87,with_replacement,16777216,0.4298406317830086,26,completed,512,tail_error,,,,,,,20.0,0.18770955640810177,0.019476578968204282
4,560,0.7227619923651218,,324a2d406707f9daea94ae5b41dbad7950efa93d,delta_+0.10,0.1,,,cuda,1.0,8,0.5,gaussian,0.8971413139868593,True,64,standard normal at finite u_max,0.07571510748912641,,0.017685346452117653,cv,0.1026551269986287,8192,72019456,1.3000539089702556e-08,84,with_replacement,16777216,0.4293430782854557,26,completed,512,tail_error,,,,,,,20.0,0.15967825547586173,0.01990183509137536
4,561,0.7252242341637611,,324a2d406707f9daea94ae5b41dbad7950efa93d,delta_-0.10,-0.1,,,cuda,1.0,8,0.5,gaussian,0.8414924128763711,True,64,standard normal at finite u_max,0.07245482322344592,,0.016246918081723946,cv,0.06350941586468005,8192,72019456,1.3000539089702556e-08,86,with_replacement,16777216,0.4290893040597439,27,completed,512,tail_error,,,,,,,20.0,0.18454551860557544,0.018560537385100093
4,562,0.7661587819457054,,324a2d406707f9daea94ae5b41dbad7950efa93d,delta_+0.00,0.0,,,cuda,1.0,8,0.5,gaussian,0.8402684504015536,True,64,standard normal at finite u_max,0.07803163877579275,,0.018563426771922978,cv,0.06385114968833736,8192,72019456,1.3000539089702556e-08,81,with_replacement,16777216,0.45255257561802864,27,completed,512,tail_error,,,,,,,20.0,0.17847919236050247,0.01991827911381542
4,563,0.7270400673151016,,324a2d406707f9daea94ae5b41dbad7950efa93d,delta_+0.10,0.1,,,cuda,1.0,8,0.5,gaussian,0.9999107792498191,True,64,standard normal at finite u_max,0.06611248929158935,,0.01566347899141382,cv,0.05269009743337435,8192,72019456,1.3000539089702556e-08,90,with_replacement,16777216,0.43082141876220703,27,completed,512,tail_error,,,,,,,20.0,0.14850746329090697,0.01699778435702607
4,564,0.7195272110402584,,324a2d406707f9daea94ae5b41dbad7950efa93d,delta_-0.10,-0.1,,,cuda,1.0,8,0.5,gaussian,0.9510144828841591,True,64,standard normal at finite u_max,0.05294568385479185,,0.009204648531422943,cv,0.0972485572191737,8192,72019456,1.3000539089702556e-08,82,with_replacement,16777216,0.42683853954076767,28,completed,512,tail_error,,,,,,,20.0,0.17665024423503284,0.01346369771649109
4,565,0.7222990356385708,,324a2d406707f9daea94ae5b41dbad7950efa93d,delta_+0.00,0.0,,,cuda,1.0,8,0.5,gaussian,0.8554442378800174,True,64,standard normal at finite u_max,0.07253182115751046,,0.01601239248008042,cv,0.09486221330798392,8192,72019456,1.3000539089702556e-08,84,with_replacement,16777216,0.4278823658823967,28,completed,512,tail_error,,,,,,,20.0,0.20195058337043376,0.01851171220100397
4,566,0.7210492826998234,,324a2d406707f9daea94ae5b41dbad7950efa93d,delta_+0.10,0.1,,,cuda,1.0,8,0.5,gaussian,0.840460083422554,True,64,standard normal at finite u_max,0.07015250226869263,,0.014118020115155547,cv,0.06460803798042378,8192,72019456,1.3000539089702556e-08,87,with_replacement,16777216,0.42775532603263855,28,completed,512,tail_error,,,,,,,20.0,0.1981105730833726,0.01955372851551266
4,567,0.7206736020743847,,324a2d406707f9daea94ae5b41dbad7950efa93d,delta_-0.10,-0.1,,,cuda,1.0,8,0.5,gaussian,0.9502502915141829,True,64,standard normal at finite u_max,0.055458004167582745,,0.011569178103192024,cv,0.04366184075742205,8192,72019456,1.3000539089702556e-08,85,with_replacement,16777216,0.42761388793587685,29,completed,512,tail_error,,,,,,,20.0,0.1627736595724372,0.013618641822182462
4,568,0.7227427437901497,,324a2d406707f9daea94ae5b41dbad7950efa93d,delta_+0.00,0.0,,,cuda,1.0,8,0.5,gaussian,0.9988696241634429,True,64,standard normal at finite u_max,0.064014307706864,,0.014520198546349797,cv,0.09767129644682829,8192,72019456,1.3000539089702556e-08,89,with_replacement,16777216,0.42781267687678337,29,completed,512,tail_error,,,,,,,20.0,0.16208504985581124,0.01650496913974583
4,569,0.7253740578889847,,324a2d406707f9daea94ae5b41dbad7950efa93d,delta_+0.10,0.1,,,cuda,1.0,8,0.5,gaussian,0.9171404653569926,True,64,standard normal at finite u_max,0.06430592119808332,,0.012312810044180028,cv,0.089108770118458,8192,72019456,1.3000539089702556e-08,84,with_replacement,16777216,0.43029553815722466,29,completed,512,tail_error,,,,,,,20.0,0.20117501190470508,0.015724019322298617
4,570,0.7688649296760559,,324a2d406707f9daea94ae5b41dbad7950efa93d,delta_-0.10,-0.1,,,cuda,1.0,8,0.5,mixture,0.9894914104116413,True,64,standard normal at finite u_max,0.4779090848978917,,0.8560171519362165,cv,0.00012665649822586058,8192,72019456,0.3538601652966784,142,with_replacement,16777216,0.4403354935348034,20,completed,512,tail_error,,,,,,,20.0,0.9938578086986494,0.8842132548306678
4,571,0.767665196210146,,324a2d406707f9daea94ae5b41dbad7950efa93d,delta_+0.00,0.0,,,cuda,1.0,8,0.5,mixture,0.5857820760452445,True,64,standard normal at finite u_max,0.45539043642744503,,0.9619639181078762,cv,0.00012271285556588992,8192,72019456,0.4025734435311189,141,with_replacement,16777216,0.43857594951987267,20,completed,512,tail_error,,,,,,,20.0,0.9910855202870363,0.9815277128268405
4,572,0.7687537893652916,,324a2d406707f9daea94ae5b41dbad7950efa93d,delta_+0.10,0.1,,,cuda,1.0,8,0.5,mixture,0.9116752837010257,True,64,standard normal at finite u_max,0.47557544886108216,,0.9400892651007136,cv,0.00012213912809501856,8192,72019456,0.4025734435311189,143,with_replacement,16777216,0.4386947862803936,20,completed,512,tail_error,,,,,,,20.0,0.9948535609202285,0.9807567468983357
4,573,0.7735217437148094,,324a2d406707f9daea94ae5b41dbad7950efa93d,delta_-0.10,-0.1,,,cuda,1.0,8,0.5,mixture,0.6844232000116414,True,64,standard normal at finite u_max,0.6611150918778039,,1.2061807001551759,cv,0.00012320607161782116,8192,72019456,0.5487132782344407,141,with_replacement,16777216,0.44202642887830734,21,completed,512,tail_error,,,,,,,20.0,0.9928409462561405,1.3605984445894475
4,574,0.7729478999972343,,324a2d406707f9daea94ae5b41dbad7950efa93d,delta_+0.00,0.0,,,cuda,1.0,8,0.5,mixture,0.6182744275225941,True,64,standard normal at finite u_max,0.7126950075534775,,1.6700954252375815,cv,0.0001226228968858431,8192,72019456,0.6948531129377623,141,with_replacement,16777216,0.4385017119348049,21,completed,512,tail_error,,,,,,,20.0,0.9951410083782721,1.680875753690491
4,575,0.7873063609004021,,324a2d406707f9daea94ae5b41dbad7950efa93d,delta_+0.10,0.1,,,cuda,1.0,8,0.5,mixture,0.7923470311366153,True,64,standard normal at finite u_max,0.6905678287275164,,1.53226406744176,cv,0.00012382893642965014,8192,72019456,0.6461398347033219,143,with_replacement,16777216,0.4463062696158886,21,completed,512,tail_error,,,,,,,20.0,0.994247277808454,1.5811940477632618
4,576,0.7682843320071697,,324a2d406707f9daea94ae5b41dbad7950efa93d,delta_-0.10,-0.1,,,cuda,1.0,8,0.5,mixture,0.4964425582357597,True,64,standard normal at finite u_max,0.4514127396368752,,0.8521164759919301,cv,0.00012253433641298768,8192,72019456,0.3538601652966783,144,with_replacement,16777216,0.43912361562252045,22,completed,512,tail_error,,,,,,,20.0,0.994407032069891,0.8850036989342864
4,577,0.7754551991820335,,324a2d406707f9daea94ae5b41dbad7950efa93d,delta_+0.00,0.0,,,cuda,1.0,8,0.5,mixture,0.636520998461619,True,64,standard normal at finite u_max,0.4244720581434521,,0.7903991053933986,cv,0.00012209268889216024,8192,72019456,0.3051468870622377,144,with_replacement,16777216,0.4415558949112892,22,completed,512,tail_error,,,,,,,20.0,0.9941752779352746,0.7976552962944092
4,578,0.7688265033066273,,324a2d406707f9daea94ae5b41dbad7950efa93d,delta_+0.10,0.1,,,cuda,1.0,8,0.5,mixture,0.9869067308734543,True,64,standard normal at finite u_max,0.6219467954034764,,1.4121921669858126,cv,0.00012503738170991892,8192,72019456,0.5974265564688813,142,with_replacement,16777216,0.4384826794266701,22,completed,512,tail_error,,,,,,,20.0,0.9935794986333935,1.4606675486027347
4,579,0.7706136964261532,,324a2d406707f9daea94ae5b41dbad7950efa93d,delta_-0.10,-0.1,,,cuda,1.0,8,0.5,mixture,0.5312047572753577,True,64,standard normal at finite u_max,0.692671788649355,,1.518624732453599,cv,0.00012209719618402627,8192,72019456,0.6461398347033217,142,with_replacement,16777216,0.43891969695687294,23,completed,512,tail_error,,,,,,,20.0,0.9948342744658456,1.5691949874890674
4,580,0.7697749100625515,,324a2d406707f9daea94ae5b41dbad7950efa93d,delta_+0.00,0.0,,,cuda,1.0,8,0.5,mixture,0.7475491692454113,True,64,standard normal at finite u_max,0.6399823394897894,,1.3996345910020571,cv,0.00012433034027937114,8192,72019456,0.597426556468881,141,with_replacement,16777216,0.4382900632917881,23,completed,512,tail_error,,,,,,,20.0,0.9948960817545525,1.462018981368631
4,581,0.7724045626819134,,324a2d406707f9daea94ae5b41dbad7950efa93d,delta_+0.10,0.1,,,cuda,1.0,8,0.5,mixture,0.811814739641012,True,64,standard normal at finite u_max,0.6575241339598628,,1.547098331989748,cv,0.0001220704459281738,8192,72019456,0.6461398347033217,142,with_replacement,16777216,0.4397643469274044,23,completed,512,tail_error,,,,,,,20.0,0.9948874792576541,1.5669145803182498
4,582,0.7686776109039783,,324a2d406707f9daea94ae5b41dbad7950efa93d,delta_-0.10,-0.1,,,cuda,1.0,8,0.5,mixture,0.9855141752250034,True,64,standard normal at finite u_max,0.4641915070865525,,0.9305293550231475,cv,0.0001222429018061223,8192,72019456,0.4025734435311188,142,with_replacement,16777216,0.44085540995001793,24,completed,512,tail_error,,,,,,,20.0,0.9939138237416199,0.9734889805008416
4,583,0.8176884688436985,,324a2d406707f9daea94ae5b41dbad7950efa93d,delta_+0.00,0.0,,,cuda,1.0,8,0.5,mixture,0.5878211071592979,True,64,standard normal at finite u_max,0.4310055711902575,,0.8527422193133062,cv,0.00012215002580146775,8192,72019456,0.3538601652966783,142,with_replacement,16777216,0.4663134180009365,24,completed,512,tail_error,,,,,,,20.0,0.9938649876035618,0.872904515401069
4,584,0.7698464952409267,,324a2d406707f9daea94ae5b41dbad7950efa93d,delta_+0.10,0.1,,,cuda,1.0,8,0.5,mixture,0.9098547528223896,True,64,standard normal at finite u_max,0.45580771675570775,,0.9419995326399764,cv,0.00012272776725315456,8192,72019456,0.402573443531119,141,with_replacement,16777216,0.4383760318160057,24,completed,512,tail_error,,,,,,,20.0,0.9942951013294219,0.9692300244502134
4,585,0.7682871446013451,,324a2d406707f9daea94ae5b41dbad7950efa93d,delta_-0.10,-0.1,,,cuda,1.0,8,0.5,mixture,0.5255855823931243,True,64,standard normal at finite u_max,0.4764458022927169,,0.8537638314036003,cv,0.00012218081768331586,8192,72019456,0.3538601652966783,142,with_replacement,16777216,0.4392787516117096,25,completed,512,tail_error,,,,,,,20.0,0.9946949513649458,0.8902648353650418
4,586,0.773117370903492,,324a2d406707f9daea94ae5b41dbad7950efa93d,delta_+0.00,0.0,,,cuda,1.0,8,0.5,mixture,0.9826670135893019,True,64,standard normal at finite u_max,0.6304515593206403,,1.245161002069202,cv,0.00012357694694071323,8192,72019456,0.5487132782344404,143,with_replacement,16777216,0.44308291748166084,25,completed,512,tail_error,,,,,,,20.0,0.9935125850139769,1.3588451660443008
4,587,0.7684910893440247,,324a2d406707f9daea94ae5b41dbad7950efa93d,delta_+0.10,0.1,,,cuda,1.0,8,0.5,mixture,0.7946034208897129,True,64,standard normal at finite u_max,0.713660497819739,,1.6816716349911476,cv,0.00012319214439775577,8192,72019456,0.6948531129377623,142,with_replacement,16777216,0.43990490585565567,25,completed,512,tail_error,,,,,,,20.0,0.9936330595065412,1.6939291465491917
4,588,0.7682339921593666,,324a2d406707f9daea94ae5b41dbad7950efa93d,delta_-0.10,-0.1,,,cuda,1.0,8,0.5,mixture,0.5438897223878816,True,64,standard normal at finite u_max,0.7277929434576146,,1.5154434565455037,cv,0.000122325810431864,8192,72019456,0.6461398347033217,142,with_replacement,16777216,0.43907082825899124,26,completed,512,tail_error,,,,,,,20.0,0.995675184551871,1.5949083731433698
4,589,0.7683035023510456,,324a2d406707f9daea94ae5b41dbad7950efa93d,delta_+0.00,0.0,,,cuda,1.0,8,0.5,mixture,0.6290062429332468,True,64,standard normal at finite u_max,0.4425314778275532,,0.8402338497206532,cv,0.00012266911689231175,8192,72019456,0.3538601652966784,141,with_replacement,16777216,0.4386672340333462,26,completed,512,tail_error,,,,,,,20.0,0.9939021770274544,0.8752952816046287
4,590,0.7797099240124226,,324a2d406707f9daea94ae5b41dbad7950efa93d,delta_+0.10,0.1,,,cuda,1.0,8,0.5,mixture,0.8128057969160142,True,64,standard normal at finite u_max,0.6752637066084507,,1.5400314949094298,cv,0.0001220717664279207,8192,72019456,0.6461398347033216,143,with_replacement,16777216,0.44400767609477043,26,completed,512,tail_error,,,,,,,20.0,0.9945093166377692,1.5724755469706335
4,591,0.7855398021638393,,324a2d406707f9daea94ae5b41dbad7950efa93d,delta_-0.10,-0.1,,,cuda,1.0,8,0.5,mixture,0.5167871749523499,True,64,standard normal at finite u_max,0.701498472289084,,1.5355349343815332,cv,0.0001221144263055651,8192,72019456,0.6461398347033218,143,with_replacement,16777216,0.44865094497799873,27,completed,512,tail_error,,,,,,,20.0,0.9945768617745165,1.584057370019312
4,592,0.76781440153718,,324a2d406707f9daea94ae5b41dbad7950efa93d,delta_+0.00,0.0,,,cuda,1.0,8,0.5,mixture,0.7536010124636684,True,64,standard normal at finite u_max,0.6611034672739269,,1.3740285801702923,cv,0.0001224116738358955,8192,72019456,0.597426556468881,141,with_replacement,16777216,0.43864185735583305,27,completed,512,tail_error,,,,,,,20.0,0.9935373807923316,1.456271736780987
4,593,0.7788294106721878,,324a2d406707f9daea94ae5b41dbad7950efa93d,delta_+0.10,0.1,,,cuda,1.0,8,0.5,mixture,0.987084433047547,True,64,standard normal at finite u_max,0.5884710264500971,,1.2590576842902639,cv,0.00012299948927743074,8192,72019456,0.5487132782344406,141,with_replacement,16777216,0.44677693769335747,27,completed,512,tail_error,,,,,,,20.0,0.9942140706794449,1.3329411605450967
4,594,0.8185609057545662,,324a2d406707f9daea94ae5b41dbad7950efa93d,delta_-0.10,-0.1,,,cuda,1.0,8,0.5,mixture,0.9880516520288231,True,64,standard normal at finite u_max,0.4288953113746287,,0.8388516254407969,cv,0.0001221362996746136,8192,72019456,0.3538601652966783,142,with_replacement,16777216,0.48807036131620407,28,completed,512,tail_error,,,,,,,20.0,0.9947696358974427,0.8738195666281037
4,595,0.7684056013822556,,324a2d406707f9daea94ae5b41dbad7950efa93d,delta_+0.00,0.0,,,cuda,1.0,8,0.5,mixture,0.7009964417945943,True,64,standard normal at finite u_max,0.6757981452815769,,1.530662174520233,cv,0.0001222575619859215,8192,72019456,0.6461398347033217,142,with_replacement,16777216,0.43790990486741066,28,completed,512,tail_error,,,,,,,20.0,0.9942614709768683,1.5654361993099002
4,596,0.7694220691919327,,324a2d406707f9daea94ae5b41dbad7950efa93d,delta_+0.10,0.1,,,cuda,1.0,8,0.5,mixture,0.9881508744639471,True,64,standard normal at finite u_max,0.6099924612551431,,1.4229759677075418,cv,0.00012298398549360373,8192,72019456,0.5974265564688811,142,with_replacement,16777216,0.4397772401571274,28,completed,512,tail_error,,,,,,,20.0,0.9937541753554306,1.4523434354410183
4,597,0.8209536001086235,,324a2d406707f9daea94ae5b41dbad7950efa93d,delta_-0.10,-0.1,,,cuda,1.0,8,0.5,mixture,0.9892816408713276,True,64,standard normal at finite u_max,0.4537212069610217,,0.7781155524332538,cv,0.0001220769740105979,8192,72019456,0.3051468870622377,142,with_replacement,16777216,0.4880616143345833,29,completed,512,tail_error,,,,,,,20.0,0.99614738446998,0.797578907062265
4,598,0.7706095762550831,,324a2d406707f9daea94ae5b41dbad7950efa93d,delta_+0.00,0.0,,,cuda,1.0,8,0.5,mixture,0.521872428998165,True,64,standard normal at finite u_max,0.40964310740931753,,0.77438132359104,cv,0.00012219898025482746,8192,72019456,0.3051468870622377,140,with_replacement,16777216,0.4389270916581154,29,completed,512,tail_error,,,,,,,20.0,0.9942111185994393,0.7880162048020407
4,599,0.7760327719151974,,324a2d406707f9daea94ae5b41dbad7950efa93d,delta_+0.10,0.1,,,cuda,1.0,8,0.5,mixture,0.9083506249434343,True,64,standard normal at finite u_max,0.4487210399438921,,0.9399405562282543,cv,0.00012237277059676016,8192,72019456,0.4025734435311189,140,with_replacement,16777216,0.44330647960305214,29,completed,512,tail_error,,,,,,,20.0,0.9928512190830859,0.9675672676452001
4,600,0.8347461521625519,,324a2d406707f9daea94ae5b41dbad7950efa93d,delta_-0.10,-0.1,,,cuda,1.0,8,0.5,weak_mixture,0.9540261526472202,True,64,standard normal at finite u_max,0.02326173121354998,,0.020237258060031633,cv,0.4814888898981777,8192,72019456,0.016573186591728906,4,with_replacement,16777216,0.40934714302420616,20,completed,512,tail_error,,,,,,,20.0,0.04165599450633484,0.02254103710417327
4,601,0.8375048376619816,,324a2d406707f9daea94ae5b41dbad7950efa93d,delta_+0.00,0.0,,,cuda,1.0,8,0.5,weak_mixture,0.9531383061191685,True,64,standard normal at finite u_max,0.02525988781242721,,0.021699801846850775,cv,0.47751157090018465,8192,72019456,0.016598508281825963,4,with_replacement,16777216,0.4127059243619442,20,completed,512,tail_error,,,,,,,20.0,0.054467945470153226,0.025060213640393736
4,602,0.8365329876542091,,324a2d406707f9daea94ae5b41dbad7950efa93d,delta_+0.10,0.1,,,cuda,1.0,8,0.5,weak_mixture,0.8995043989815015,True,64,standard normal at finite u_max,0.022569935834149478,,0.021456929691807344,cv,0.48063170427942226,8192,72019456,0.018929072163375027,4,with_replacement,16777216,0.4101806879043579,20,completed,512,tail_error,,,,,,,20.0,0.03173565065714645,0.0243364844439189
4,603,0.8420160040259361,,324a2d406707f9daea94ae5b41dbad7950efa93d,delta_-0.10,-0.1,,,cuda,1.0,8,0.5,weak_mixture,0.7022762074565592,True,64,standard normal at finite u_max,0.029994143219505835,,0.028978650162943063,cv,0.48141512930541047,8192,72019456,0.024262553224002066,4,with_replacement,16777216,0.4143357127904892,21,completed,512,tail_error,,,,,,,20.0,0.06255430268440454,0.031576674150804146
4,604,0.8338217027485371,,324a2d406707f9daea94ae5b41dbad7950efa93d,delta_+0.00,0.0,,,cuda,1.0,8,0.5,weak_mixture,0.5124760302456571,True,64,standard normal at finite u_max,0.03687132022700507,,0.03240650288102684,cv,0.4665091189159856,8192,72019456,0.02621481449661041,4,with_replacement,16777216,0.4097347855567932,21,completed,512,tail_error,,,,,,,20.0,0.08904589316606364,0.03524012408924445
4,605,0.8340889029204845,,324a2d406707f9daea94ae5b41dbad7950efa93d,delta_+0.10,0.1,,,cuda,1.0,8,0.5,weak_mixture,0.6625935193903467,True,64,standard normal at finite u_max,0.024620812336590386,,0.021984137976696752,cv,0.4725669574177844,8192,72019456,0.014763821646143004,4,with_replacement,16777216,0.410441629588604,21,completed,512,tail_error,,,,,,,20.0,0.052575884016422464,0.025006221847406414
4,606,5.678514961153269,,324a2d406707f9daea94ae5b41dbad7950efa93d,delta_-0.10,-0.1,,,cuda,1.0,8,0.5,weak_mixture,0.8852755551621077,True,64,standard normal at finite u_max,0.016482759513356628,,0.010181672256305941,cv,0.47833143634459874,8192,71746048,0.009021362651373571,4,with_replacement,16777216,0.4179200492799282,22,completed,512,tail_error,,,,,,,20.0,0.06644732916930376,0.017452202365190864
4,607,0.8781837224960327,,324a2d406707f9daea94ae5b41dbad7950efa93d,delta_+0.00,0.0,,,cuda,1.0,8,0.5,weak_mixture,0.9487218661949645,True,64,standard normal at finite u_max,0.01645739710047572,,0.007980106084034246,cv,0.4874599080728123,8192,72019456,0.00852505821664816,4,with_replacement,16777216,0.45240528136491776,22,completed,512,tail_error,,,,,,,20.0,0.058155252217413064,0.016452352215231864
4,608,0.9304366298019886,,324a2d406707f9daea94ae5b41dbad7950efa93d,delta_+0.10,0.1,,,cuda,1.0,8,0.5,weak_mixture,0.9740737728530858,True,64,standard normal at finite u_max,0.018862126463220285,,0.012416529358154653,cv,0.4791335732418451,8192,72019456,0.010358438391702751,4,with_replacement,16777216,0.48350877687335014,22,completed,512,tail_error,,,,,,,20.0,0.059051889145981806,0.017561508284153468
4,609,0.8345595337450504,,324a2d406707f9daea94ae5b41dbad7950efa93d,delta_-0.10,-0.1,,,cuda,1.0,8,0.5,weak_mixture,0.6577868909788291,True,64,standard normal at finite u_max,0.03674126185966788,,0.03186266545319212,cv,0.48233034554875515,8192,72019456,0.02456960299456106,4,with_replacement,16777216,0.4116343520581722,23,completed,512,tail_error,,,,,,,20.0,0.09526069403015715,0.03676976896353066
4,610,0.8342063128948212,,324a2d406707f9daea94ae5b41dbad7950efa93d,delta_+0.00,0.0,,,cuda,1.0,8,0.5,weak_mixture,0.9977198546672634,True,64,standard normal at finite u_max,0.04915373954314896,,0.05094856422688356,cv,0.47882088456960675,8192,72019456,0.04352452011911392,5,with_replacement,16777216,0.40991342440247536,23,completed,512,tail_error,,,,,,,20.0,0.05920504359978146,0.054259776705222154
4,611,0.8374554626643658,,324a2d406707f9daea94ae5b41dbad7950efa93d,delta_+0.10,0.1,,,cuda,1.0,8,0.5,weak_mixture,0.6979414787390609,True,64,standard normal at finite u_max,0.028287147936106233,,0.02379491766077202,cv,0.4740764006203196,8192,72019456,0.01808852111011234,4,with_replacement,16777216,0.4114815816283226,23,completed,512,tail_error,,,,,,,20.0,0.0826730419028936,0.030672726170168196
4,612,0.8384905084967613,,324a2d406707f9daea94ae5b41dbad7950efa93d,delta_-0.10,-0.1,,,cuda,1.0,8,0.5,weak_mixture,0.8506249783858038,True,64,standard normal at finite u_max,0.038055751246972275,,0.03809092142685672,cv,0.4843760986397857,8192,72019456,0.03123782128912512,4,with_replacement,16777216,0.413865614682436,24,completed,512,tail_error,,,,,,,20.0,0.05324456197797922,0.040401465643029044
4,613,0.833516787737608,,324a2d406707f9daea94ae5b41dbad7950efa93d,delta_+0.00,0.0,,,cuda,1.0,8,0.5,weak_mixture,0.8147005907558078,True,64,standard normal at finite u_max,0.03944351272355009,,0.03924807671448007,cv,0.4703701019771759,8192,72019456,0.030573341840870877,4,with_replacement,16777216,0.40917767211794853,24,completed,512,tail_error,,,,,,,20.0,0.049060069729333355,0.04063981943913395
4,614,0.8322025090456009,,324a2d406707f9daea94ae5b41dbad7950efa93d,delta_+0.10,0.1,,,cuda,1.0,8,0.5,weak_mixture,0.6777369618695032,True,64,standard normal at finite u_max,0.04967018777313553,,0.050626652841867015,cv,0.47722738354747796,8192,72019456,0.040533261806927366,4,with_replacement,16777216,0.4097398407757282,24,completed,512,tail_error,,,,,,,20.0,0.06528702993902416,0.05168887000721581
4,615,0.8350889831781387,,324a2d406707f9daea94ae5b41dbad7950efa93d,delta_-0.10,-0.1,,,cuda,1.0,8,0.5,weak_mixture,0.924720518348835,True,64,standard normal at finite u_max,0.016912685448261383,,0.012930200562222646,cv,0.4852651916514394,8192,71882752,0.012516302105217418,4,with_replacement,16777216,0.4115443229675293,25,completed,512,tail_error,,,,,,,20.0,0.03372706201502562,0.015518726953368615
4,616,0.8362948037683964,,324a2d406707f9daea94ae5b41dbad7950efa93d,delta_+0.00,0.0,,,cuda,1.0,8,0.5,weak_mixture,0.9651244128211749,True,64,standard normal at finite u_max,0.022394935500808753,,0.015682688064912503,cv,0.4847466370188535,8192,72019456,0.014822734915664021,4,with_replacement,16777216,0.41271693632006645,25,completed,512,tail_error,,,,,,,20.0,0.05888722384569378,0.022311848650162898
4,617,0.8698021359741688,,324a2d406707f9daea94ae5b41dbad7950efa93d,delta_+0.10,0.1,,,cuda,1.0,8,0.5,weak_mixture,0.9890892511278673,True,64,standard normal at finite u_max,0.019020989149148997,,0.009559024224801626,cv,0.48415780579184725,8192,72019456,0.010020134207100684,4,with_replacement,16777216,0.4243301711976528,25,completed,512,tail_error,,,,,,,20.0,0.07502897359217205,0.0182425065108042
4,618,0.8334165848791599,,324a2d406707f9daea94ae5b41dbad7950efa93d,delta_-0.10,-0.1,,,cuda,1.0,8,0.5,weak_mixture,0.6125581290783152,True,64,standard normal at finite u_max,0.05277581432499079,,0.0561222359875234,cv,0.476867194213273,8192,72019456,0.043891155104326306,4,with_replacement,16777216,0.40982145443558693,26,completed,512,tail_error,,,,,,,20.0,0.07093311826600662,0.0573026389013091
4,619,0.8353718928992748,,324a2d406707f9daea94ae5b41dbad7950efa93d,delta_+0.00,0.0,,,cuda,1.0,8,0.5,weak_mixture,0.5485761418951913,True,64,standard normal at finite u_max,0.05574500985823646,,0.06174915431674517,cv,0.457267130214418,8192,72019456,0.048706967762602534,4,with_replacement,16777216,0.4090714082121849,26,completed,512,tail_error,,,,,,,20.0,0.07390050119281315,0.06308420088101589
4,620,0.8360902294516563,,324a2d406707f9daea94ae5b41dbad7950efa93d,delta_+0.10,0.1,,,cuda,1.0,8,0.5,weak_mixture,0.9854303386530424,True,64,standard normal at finite u_max,0.04596965134325799,,0.04609370721285724,cv,0.47300709388750417,8192,72019456,0.037687947192738325,5,with_replacement,16777216,0.4134126678109169,26,completed,512,tail_error,,,,,,,20.0,0.11480912969882313,0.05394800138362956
4,621,0.8333919532597065,,324a2d406707f9daea94ae5b41dbad7950efa93d,delta_-0.10,-0.1,,,cuda,1.0,8,0.5,weak_mixture,0.8168961862121475,True,64,standard normal at finite u_max,0.02459243675413178,,0.020423160085597962,cv,0.474317527703091,8192,72019456,0.017855890884436405,4,with_replacement,16777216,0.4097944051027298,27,completed,512,tail_error,,,,,,,20.0,0.05200302419290087,0.024648032062283252
4,622,0.8409025967121124,,324a2d406707f9daea94ae5b41dbad7950efa93d,delta_+0.00,0.0,,,cuda,1.0,8,0.5,weak_mixture,0.7605466996776653,True,64,standard normal at finite u_max,0.026819583391451265,,0.023182591753937866,cv,0.47414022467704603,8192,72019456,0.018397663823971885,4,with_replacement,16777216,0.4161452129483223,27,completed,512,tail_error,,,,,,,20.0,0.05003677298245325,0.027207746381140444
4,623,0.8376057296991348,,324a2d406707f9daea94ae5b41dbad7950efa93d,delta_+0.10,0.1,,,cuda,1.0,8,0.5,weak_mixture,0.6442335236259773,True,64,standard normal at finite u_max,0.0437970790558251,,0.04305703650636888,cv,0.4724456473805701,8192,72019456,0.030887118537155152,4,with_replacement,16777216,0.4138464145362377,27,completed,512,tail_error,,,,,,,20.0,0.12036654146725803,0.04783980617940273
4,624,0.8372247107326984,,324a2d406707f9daea94ae5b41dbad7950efa93d,delta_-0.10,-0.1,,,cuda,1.0,8,0.5,weak_mixture,0.6638319063121791,True,64,standard normal at finite u_max,0.031569333357270246,,0.026483625551542236,cv,0.4730614249249852,8192,72019456,0.024706978445966005,4,with_replacement,16777216,0.4106608033180237,28,completed,512,tail_error,,,,,,,20.0,0.04191292846593869,0.029029550575471928
4,625,0.8320029675960541,,324a2d406707f9daea94ae5b41dbad7950efa93d,delta_+0.00,0.0,,,cuda,1.0,8,0.5,weak_mixture,0.7258780480854168,True,64,standard normal at finite u_max,0.02386626489403319,,0.018991305002565375,cv,0.48252573275801075,8192,72019456,0.01763555478195436,4,with_replacement,16777216,0.4080961011350155,28,completed,512,tail_error,,,,,,,20.0,0.02675816403324488,0.02218203621207273
4,626,0.833309106528759,,324a2d406707f9daea94ae5b41dbad7950efa93d,delta_+0.10,0.1,,,cuda,1.0,8,0.5,weak_mixture,0.7404157984874786,True,64,standard normal at finite u_max,0.02960823702194286,,0.02571028308221553,cv,0.47735945407254066,8192,72019456,0.024619343389590764,4,with_replacement,16777216,0.4089245870709419,28,completed,512,tail_error,,,,,,,20.0,0.04136941364296179,0.028523879304718436
4,627,0.852869525551796,,324a2d406707f9daea94ae5b41dbad7950efa93d,delta_-0.10,-0.1,,,cuda,1.0,8,0.5,weak_mixture,0.6655160305649577,True,64,standard normal at finite u_max,0.03411080861063444,,0.027931043210545514,cv,0.4746639207065571,8192,72019456,0.0269238732455565,4,with_replacement,16777216,0.4176037237048149,29,completed,512,tail_error,,,,,,,20.0,0.07618670270890371,0.033317777653052584
4,628,0.8322105444967747,,324a2d406707f9daea94ae5b41dbad7950efa93d,delta_+0.00,0.0,,,cuda,1.0,8,0.5,weak_mixture,0.7219175452464972,True,64,standard normal at finite u_max,0.030375178963615905,,0.0286590056028807,cv,0.480684433256968,8192,72019456,0.0232281458785853,4,with_replacement,16777216,0.4110693149268627,29,completed,512,tail_error,,,,,,,20.0,0.042697086835615114,0.032030714001791555
4,629,0.8335852324962616,,324a2d406707f9daea94ae5b41dbad7950efa93d,delta_+0.10,0.1,,,cuda,1.0,8,0.5,weak_mixture,0.7621025024259618,True,64,standard normal at finite u_max,0.028979256941127615,,0.025247739427110456,cv,0.47789735202540157,8192,72019456,0.023215738568984776,4,with_replacement,16777216,0.4106220342218876,29,completed,512,tail_error,,,,,,,20.0,0.03718200080664698,0.028205841267144205
