batch,cell_id,dataset_seed,eta_total,factor_calls,family,full_particles,ks_mean,line,log_normalizer,mean_absolute_error,method,minimum_ess_fraction,particles,phase,poisson_events,positive_mass_error,preparation_calls,projection_seed,randomized_particles,repeat,resampling_count,seconds,seconds_including_preparation,seed,setting_id,sign_joint_tv,sliced_reference_samples,sliced_w1_32,standardized_offdiagonal_second_rms,status,steps,table_nodes,training_seed,true_ks_mean,true_mean_absolute_error,true_positive_mass_error,true_variance_relative_error,true_w1_mean,variance_relative_error,w1_mean
4,0,400,4.0,4294967296,learned,0,0.1526245343065581,explore,196.7985246612076,0.03540931520400266,full,0.343472384429465,32768,confirmation,0,0.01663265546432429,0,20260921,0,0,102,6.224569108337164,6.224569108337164,21014010,full,0.11927217660101658,32768,0.04274078525668995,0.21462912361193268,completed,2048,129,0,0.15166901860699827,0.03574352033367453,0.012476485152935889,0.1823139536375354,0.03844797624651786,0.18898361431088068,0.0385159668072589
4,1,400,4.0,268435456,learned,0,0.6604266958432303,explore,2355.089330600844,0.20257676869722727,tail_fixed,3.919715357632713e-05,32768,confirmation,0,0.03269270140171264,0,20260921,0,0,555,4.405199270695448,4.405199270695448,21014010,tail_fixed,0.24340416740358833,32768,0.22178157905790327,3.7761177412198337,completed,2048,129,0,0.6646842295276139,0.20646808492605095,0.02853653109032424,0.5166534004135601,0.206655024013412,0.521214739554108,0.20273718154059905
4,2,400,4.0,16908288,learned,0,0.0705436466122294,explore,198.09103720354645,0.015688256199423316,surrogate_only,0.34846490071897435,32768,confirmation,0,0.005487216947102954,16908288,20260921,0,0,101,3.2739297673106194,3.2739297673106194,21014010,surrogate_only,0.04147706199220169,32768,0.02067463195130844,0.034288037372940526,completed,2048,129,0,0.09973660436607179,0.024700009383226706,0.003450598038602675,0.16134501260305242,0.025563544785827515,0.16924122338280373,0.01764910264586185
4,3,400,4.0,4311875584,learned,67108864,0.1383492917347098,explore,202.51136170140921,0.034741486423095685,surrogate_full,0.29215842538242776,32768,confirmation,0,0.01089177767822025,16908288,20260921,0,0,104,15.112781349569559,15.112781349569559,21014010,surrogate_full,0.07257869593000436,32768,0.03550529761342987,0.12421223789269882,completed,2048,129,0,0.15514455907771169,0.03943081713103149,0.006930178524166603,0.1741300928212937,0.039766913916923746,0.18190393851922965,0.03565442876744104
4,4,400,4.0,64987513,learned,299529,0.09557494944359618,explore,196.31752828577012,0.021498088173287813,certified,0.35854749355007304,32768,confirmation,28909369,0.00771310709161274,16908288,20260921,66809335,0,101,6.5964012779295444,6.5964012779295444,21014010,certified,0.05159432327922983,32768,0.025143070171144116,0.08800011068687985,completed,2048,129,0,0.11161737950538661,0.026245316728376347,0.005754372360053632,0.17043717625393948,0.028001430814743496,0.17830973966605324,0.023743538953221004
4,5,401,4.0,4294967296,learned,0,0.05135370051737673,explore,95.03499833242844,0.009598213989075424,full,0.3643389326220513,32768,confirmation,0,0.0027595683227475483,0,20260921,0,0,95,6.120789527893066,6.120789527893066,21014020,full,0.02191226961335236,32768,0.011636735301480792,0.03515517963055494,completed,2048,129,0,0.04317744297171028,0.0070371867935029656,0.0019813588339383727,0.16701450022460892,0.011397837368434392,0.1688068333381958,0.01262340746654226
4,6,401,4.0,268435456,learned,0,0.31209263554921024,explore,422.4109971063359,0.08775566466576838,tail_fixed,0.000744612993553253,32768,confirmation,0,0.004255777578211061,0,20260921,0,0,349,4.418782353401184,4.418782353401184,21014020,tail_fixed,0.03388194365706637,32768,0.11372538849744261,0.9672861541531932,completed,2048,129,0,0.310089685984101,0.08719079154137524,0.0034775680894018855,0.30732029044040066,0.09024487516469189,0.3085849416897694,0.09032890978665019
4,7,401,4.0,16908288,learned,0,0.07526268346291556,explore,89.93205386081485,0.01788942404088802,surrogate_only,0.36112250341845065,32768,confirmation,0,0.003161452878620296,16908288,20260921,0,0,92,3.4001002684235573,3.4001002684235573,21014020,surrogate_only,0.025127346060342455,32768,0.01989916827820741,0.12964904132801092,completed,2048,129,0,0.07573827956107516,0.01855144277700045,0.00238324338981112,0.18247625215758156,0.020120994144888965,0.1842142095752301,0.019463518905551667
4,8,401,4.0,4311875584,learned,67108864,0.06856683345461405,explore,87.88971428069979,0.01549352832671038,surrogate_full,0.37536148747242915,32768,confirmation,0,0.00197135842328036,16908288,20260921,0,0,91,15.116654958575964,15.116654958575964,21014020,surrogate_full,0.01560659041762192,32768,0.015959582231582333,0.044294421973927,completed,2048,129,0,0.0713741349110798,0.01621878517263615,0.0011931489344711845,0.16600836804637778,0.017755990820290744,0.16764508670910475,0.01670711792702392
4,9,401,4.0,45067202,learned,3993,0.05000524097282251,explore,88.93680038207297,0.009899861210008347,certified,0.3767117340263262,32768,confirmation,27903362,0.0020993514255441565,16908288,20260921,67104871,0,91,6.322553683072329,6.322553683072329,21014020,certified,0.016630534435729684,32768,0.012752423465508608,0.021901092142891106,completed,2048,129,0,0.047957096875780196,0.009195574061711561,0.0013211419367349809,0.1536946440581887,0.012040612959189397,0.1553773305614925,0.01228727557954865
4,10,402,4.0,4294967296,learned,0,0.060008723306536574,explore,121.69647026396622,0.012380499155646103,full,0.32139572687710716,32768,confirmation,0,2.521888264744865e-07,0,20260921,0,0,96,6.246356062591076,6.246356062591076,21014030,full,2.0175097551503387e-06,32768,0.014737554012230935,0.022530797072070737,completed,2048,129,0,0.05684061540958153,0.010994231592179257,1.7539605569327765e-07,0.1816711303609434,0.013586935281715054,0.18252425079038334,0.014188816099328132
4,11,402,4.0,268435456,learned,0,0.45002544548183665,explore,1228.6715482218965,0.12104414533374092,tail_fixed,3.1994606270372534e-05,32768,confirmation,0,2.521888262524419e-07,0,20260921,0,0,469,4.315170433372259,4.315170433372259,21014030,tail_fixed,2.0175097548172718e-06,32768,0.13278150477565576,1.6193080543977738,completed,2048,129,0,0.4468457850627484,0.11952308155517215,1.7539605547123305e-07,0.4156344218833471,0.12034515846983296,0.41619418607875686,0.1219397530693108
4,12,402,4.0,16908288,learned,0,0.07987761492522558,explore,127.36997176692365,0.018310794618120345,surrogate_only,0.3352735940557809,32768,confirmation,0,2.5218882641897533e-07,16908288,20260921,0,0,100,3.073530599474907,3.073530599474907,21014030,surrogate_only,2.0175097562605617e-06,32768,0.016930178997498047,0.05011339042929213,completed,2048,129,0,0.07102483743712008,0.01547088426315385,1.753960556377665e-07,0.16876349519555847,0.017129880056611042,0.16963793516299414,0.018997015577763926
4,13,402,4.0,4311875584,learned,67108864,0.050815840962869695,explore,119.90521615460814,0.00879644890951984,surrogate_full,0.3641301775732529,32768,confirmation,0,2.5218882630795303e-07,16908288,20260921,0,0,94,15.07398458942771,15.07398458942771,21014030,surrogate_full,2.017509759702253e-06,32768,0.012424245378147354,0.024503074035215802,completed,2048,129,0,0.05230105313640203,0.009487417145904412,1.753960555267442e-07,0.18981754610166351,0.012924060488267816,0.19076771604529963,0.012681276175419726
4,14,402,4.0,47282080,learned,6536,0.06570422621864355,explore,122.7683045955213,0.014742169009880408,certified,0.33287140417943906,32768,confirmation,29955488,2.521888262524419e-07,16908288,20260921,67102328,0,95,6.629558023065329,6.629558023065329,21014030,certified,2.0175097573707847e-06,32768,0.015692533868563743,0.05277591150354248,completed,2048,129,0,0.058509500046945224,0.012318883023245755,1.7539605547123305e-07,0.15589522663096755,0.013987307244447562,0.1567993655948457,0.015956704472290015
4,15,403,4.0,4294967296,learned,0,0.06316670408378057,explore,92.2658131579775,0.01386404050407844,full,0.3377476580017243,32768,confirmation,0,0.002369907180620301,0,20260921,0,0,94,6.114628080278635,6.114628080278635,21014040,full,0.01894484195453753,32768,0.015645687764682212,0.04943297746679867,completed,2048,129,0,0.06970260955907734,0.016016971153567715,0.0032421637827880906,0.15132289494742107,0.018068178156820783,0.15035852719143006,0.01592269626804659
4,16,403,4.0,268435456,learned,0,0.34861027009869217,explore,453.9016521211971,0.09181667877962493,tail_fixed,0.0001091890233840327,32768,confirmation,0,0.0025870264254540948,0,20260921,0,0,371,4.308991298079491,4.308991298079491,21014040,tail_fixed,0.020681795913204112,32768,0.10719771496664209,1.0768043762751816,completed,2048,129,0,0.3573522220777862,0.09416711508112809,0.0034592830276218844,0.33602274061864823,0.09692581472580239,0.33552771658569014,0.0964489252501884
4,17,403,4.0,16908288,learned,0,0.06561126359644455,explore,87.34693581150752,0.014498500709633943,surrogate_only,0.36800024097471457,32768,confirmation,0,0.0019380949446011486,16908288,20260921,0,0,92,3.287779066711664,3.287779066711664,21014040,surrogate_only,0.015490344066385523,32768,0.0174084538508081,0.04683767052899449,completed,2048,129,0,0.06808516741836552,0.014914212865489072,0.0028103515467689383,0.15618388738477107,0.0168313364827684,0.1556080592134325,0.015592565925665741
4,18,403,4.0,4311875584,learned,67108864,0.08200513683375907,explore,97.5494528801039,0.02062142131809391,surrogate_full,0.33521156266702923,32768,confirmation,0,0.002176470704552097,16908288,20260921,0,0,99,15.07303312420845,15.07303312420845,21014040,surrogate_full,0.01690671640908791,32768,0.019285580554597573,0.09605151016266719,completed,2048,129,0,0.08077052397909168,0.020166672510446196,0.0013015681265424045,0.12556237012004492,0.021190582519158462,0.12475280078785038,0.02131074770486397
4,19,403,4.0,45287164,learned,4180,0.08258134465455122,explore,92.98438281424487,0.01953615488050947,certified,0.3374765136009439,32768,confirmation,28111356,0.00040742344686199583,16908288,20260921,67104684,0,94,6.331332188099623,6.331332188099623,21014040,certified,0.0032449720844706788,32768,0.018442541090100274,0.060435892721242224,completed,2048,129,0,0.08380890818265074,0.01982160549745848,0.0012796800490297855,0.16820318574155046,0.021412237859535548,0.1672382656512097,0.020873280781044015
4,20,404,4.0,4294967296,learned,0,0.058292192596529166,explore,111.4325215245096,0.012722847853238394,full,0.3455535228311752,32768,confirmation,0,0.012103358046199521,0,20260921,0,0,96,6.113134805113077,6.113134805113077,21014050,full,0.07867261513296529,32768,0.018051502310487924,0.0641543029131544,completed,2048,129,0,0.06037547737048797,0.013206002735017649,0.010307106530335005,0.16409798095702355,0.016224121571023035,0.1641869948153593,0.015070802010438228
4,21,404,4.0,268435456,learned,0,0.2658547935111173,explore,744.3713588451296,0.07429344000689506,tail_fixed,6.0063178306098785e-05,32768,confirmation,0,0.01658314567808493,0,20260921,0,0,459,4.309184346348047,4.309184346348047,21014050,tail_fixed,0.09433532811069988,32768,0.08483866122695351,0.6144762050238377,completed,2048,129,0,0.2659519531786191,0.074970143884078,0.02126231593666425,0.27604084947449586,0.07697359040159217,0.2779310765326021,0.0758671782334655
4,22,404,4.0,16908288,learned,0,0.0960457748953773,explore,113.9884716895539,0.022888101503640273,surrogate_only,0.36614669991202214,32768,confirmation,0,0.021930904737035697,16908288,20260921,0,0,99,3.286861814558506,3.286861814558506,21014050,surrogate_only,0.10393182071635497,32768,0.02573417244773154,0.085727788128916,completed,2048,129,0,0.1075322408279196,0.02618362903549433,0.023970829856208492,0.15342863901300574,0.026852961647996863,0.15469340016409036,0.023875469044512838
4,23,404,4.0,4311875584,learned,67108864,0.158192453335175,explore,118.06531070760617,0.037478710513688965,surrogate_full,0.3193460184009399,32768,confirmation,0,0.050944255020947585,16908288,20260921,0,0,102,15.07260386645794,15.07260386645794,21014050,surrogate_full,0.20426856969763968,32768,0.04243585207954517,0.14665358220164357,completed,2048,129,0,0.17024754517021248,0.04077423804554302,0.053955620894077766,0.22900208530136812,0.042285715316543494,0.23001647084276944,0.03840789845065422
4,24,404,4.0,45521977,learned,9667,0.07599532413463969,explore,117.2945338114753,0.016402921097085826,certified,0.298374832162241,32768,confirmation,27995001,0.02079321049951703,16908288,20260921,67099197,0,101,6.63770866766572,6.63770866766572,21014050,certified,0.10121522710620535,32768,0.01848675846735373,0.045095098523665986,completed,2048,129,0,0.07695884799543687,0.01709508169839176,0.022833135618689826,0.1744074878098879,0.017992545883556324,0.17535409365930554,0.018073803704794677
4,25,405,4.0,4294967296,learned,0,0.07049293631669924,explore,198.40315454008822,0.01608430704773945,full,0.34175213132477855,32768,confirmation,0,0.00028282490025249694,0,20260921,0,0,99,6.207023497670889,6.207023497670889,21014060,full,0.0022625992020148737,32768,0.013010105175529465,0.03420862583988842,completed,2048,129,0,0.08373578492845615,0.01989975451393848,0.0002124153593608109,0.1519134285955251,0.020667797936086446,0.15898310465830284,0.017458018036441626
4,26,405,4.0,268435456,learned,0,0.3904160390479335,explore,2304.19194077559,0.11448167688907698,tail_fixed,4.396690209229663e-05,32768,confirmation,0,0.00037837317419181504,0,20260921,0,0,557,4.328171670436859,4.328171670436859,21014060,tail_fixed,0.0030269853935315774,32768,0.12724170898693393,1.5264587282122766,completed,2048,129,0,0.38266797210987635,0.11242546136739551,0.000307963633300129,0.4206242946007844,0.11660334532441106,0.42511630521446986,0.1191076715398261
4,27,405,4.0,16908288,learned,0,0.10794120932568738,explore,197.41655463511006,0.026173397432589285,surrogate_only,0.34042709924987263,32768,confirmation,0,0.0003665786034411236,16908288,20260921,0,0,99,3.269527032971382,3.269527032971382,21014060,surrogate_only,0.0029326288275259315,32768,0.028384640622602174,0.1363982465341599,completed,2048,129,0,0.11266919324492111,0.027764016029825124,0.00029616906254943757,0.14700596427260712,0.029121859238643844,0.14650220146948645,0.028403459099729814
4,28,405,4.0,4311875584,learned,67108864,0.07557424771751431,explore,195.47161953405043,0.017883035235027614,surrogate_full,0.29538574245126803,32768,confirmation,0,0.000228992478169829,16908288,20260921,0,0,98,15.080001465976238,15.080001465976238,21014060,surrogate_full,0.0018319398253549331,32768,0.017329978049765875,0.04782231369066919,completed,2048,129,0,0.09709563650469283,0.02423877021053366,0.0001585829372781152,0.15229601905565615,0.02438522449636195,0.15914313506855027,0.01915194137766145
4,29,405,4.0,73724109,learned,402005,0.057564727397529054,explore,200.88414413253537,0.011105840622587099,certified,0.38251017635058937,32768,confirmation,31087501,0.00022787368536933541,16908288,20260921,66706859,0,99,6.712771464139223,6.712771464139223,21014060,certified,0.0018229894829542331,32768,0.012457226097596807,0.0325518256259095,completed,2048,129,0,0.07843257193805031,0.017357638249496897,0.00015746414447764936,0.1451284658473148,0.019673961613858898,0.1525410725164748,0.014133875559765299
4,30,406,4.0,4294967296,learned,0,0.09392266613015493,explore,179.36270026923145,0.022991058697778212,full,0.369555599784605,32768,confirmation,0,0.00357593219430637,0,20260921,0,0,99,6.21681285649538,6.21681285649538,21014070,full,0.0278294513157612,32768,0.02905976775314001,0.08075888502947036,completed,2048,129,0,0.08856869512861013,0.02102146261282499,0.003463111068748057,0.15996200757867957,0.022625100332960675,0.15892285918854762,0.024289458656117983
4,31,406,4.0,268435456,learned,0,0.49103890274577056,explore,1435.0792888015562,0.15039225634579528,tail_fixed,5.647969677974519e-05,32768,confirmation,0,0.022993619241116814,0,20260921,0,0,509,4.318652085959911,4.318652085959911,21014070,tail_fixed,0.17646101036986883,32768,0.19532994341310947,2.450660910824606,completed,2048,129,0,0.4903422231919159,0.14842266026084205,0.023173409915145285,0.5328388552862748,0.15249148105177407,0.5324535977810436,0.15352727608423816
4,32,406,4.0,16908288,learned,0,0.06997655336706,explore,180.18948250207524,0.01684198131510251,surrogate_only,0.3778988234295765,32768,confirmation,0,0.003617657978233716,16908288,20260921,0,0,100,3.458758808672428,3.458758808672428,21014070,surrogate_only,0.028773189502068256,32768,0.021721094416508067,0.06409420367164474,completed,2048,129,0,0.06213826495487083,0.014509924083086403,0.0035048368526754033,0.14830889320336008,0.015621011524773493,0.14748700999641876,0.0184510774332103
4,33,406,4.0,4311875584,learned,67108864,0.06797648870562156,explore,183.9393139280951,0.01597269604988555,surrogate_full,0.3431835047148584,32768,confirmation,0,0.0010870736828712778,16908288,20260921,0,0,101,15.14450004696846,15.14450004696846,21014070,surrogate_full,0.006134762419720857,32768,0.019155957121901122,0.03661639060715256,completed,2048,129,0,0.06368501684404321,0.014376983920007018,0.0012668643568997488,0.1555157401259395,0.016891905187930698,0.1548169337339686,0.018264986719027026
4,34,406,4.0,166988286,learned,1881401,0.08909271483844497,explore,181.08751046494817,0.02072491999309582,certified,0.37768487962537656,32768,confirmation,29670334,0.009877229002984298,16908288,20260921,65227463,0,102,7.4549035131931305,7.4549035131931305,21014070,certified,0.07824077426236335,32768,0.02189425442179821,0.0804744339515356,completed,2048,129,0,0.08581660949701661,0.019213071348865535,0.009764407877425985,0.18146339558914554,0.022068437136394996,0.18067210159496444,0.02300637784681308
4,35,407,4.0,4294967296,learned,0,0.08035120914992133,explore,168.4721186900275,0.018793175055884195,full,0.3655107972488255,32768,confirmation,0,0.006213541499121122,0,20260921,0,0,100,6.20403990149498,6.20403990149498,21014080,full,0.04884949782067728,32768,0.022327970108425806,0.1043592597098814,completed,2048,129,0,0.08607927107975044,0.01983189240622691,0.007482830746964833,0.14564471009446006,0.021043036605659447,0.14604123013979958,0.019360260977511725
4,36,407,4.0,268435456,learned,0,0.41638438590554494,explore,1449.763634152149,0.10533659434310488,tail_fixed,3.2236779850966635e-05,32768,confirmation,0,0.016591327668814902,0,20260921,0,0,502,4.315184138715267,4.315184138715267,21014080,tail_fixed,0.1319418123008143,32768,0.09379286478179745,1.1729504527641574,completed,2048,129,0,0.4234986455181292,0.10749436693484814,0.01553970528217808,0.3802901135921164,0.10916845250505124,0.3784909898848844,0.10749526712031035
4,37,407,4.0,16908288,learned,0,0.06743165657269662,explore,174.04832553777607,0.01407535849527391,surrogate_only,0.3753445314801194,32768,confirmation,0,0.0017885236688201939,16908288,20260921,0,0,101,3.3929545544087887,3.3929545544087887,21014080,surrogate_only,0.013886072460160418,32768,0.01874884323326933,0.05722193038930769,completed,2048,129,0,0.07652140535024654,0.0165376658727229,0.000736901282183372,0.16530275264063565,0.018602215147245575,0.16323650887291663,0.016740186104990486
4,38,407,4.0,4311875584,learned,67108864,0.0919284049068469,explore,170.06669402653438,0.020893087581954767,surrogate_full,0.3124180191928314,32768,confirmation,0,0.004821439001617755,16908288,20260921,0,0,101,15.315244790166616,15.315244790166616,21014080,surrogate_full,0.03785874148702577,32768,0.020562295766483135,0.07525865601442533,completed,2048,129,0,0.0972319447246161,0.021840699145928018,0.003769816614980933,0.18056970807557188,0.023894684728077896,0.1785135019622709,0.021887946263389968
4,39,407,4.0,48102328,learned,22104,0.06874694876581192,explore,169.66475601348148,0.015052623293145927,certified,0.34825337067379314,32768,confirmation,29779384,0.0058971070188878275,16908288,20260921,67086760,0,99,6.909391976892948,6.909391976892948,21014080,certified,0.04556753105972554,32768,0.01707170046637703,0.06393313300827434,completed,2048,129,0,0.0862939801155929,0.019715122180828375,0.007166396266731538,0.16470031168799149,0.02168338914665529,0.1625511128897401,0.01738735704086397
4,40,408,4.0,4294967296,learned,0,0.06249395213767761,explore,120.0812968220393,0.013926119336583949,full,0.36740163191836683,32768,confirmation,0,0.0025738278303560173,0,20260921,0,0,96,6.112318471074104,6.112318471074104,21014090,full,0.020455910614680356,32768,0.013748114607634029,0.04813087221588542,completed,2048,129,0,0.056190145332377185,0.011709344893522412,0.0009169858589719825,0.14997019075746632,0.01372992838267479,0.15361824132814048,0.015135374756541649
4,41,408,4.0,268435456,learned,0,0.5472111103786621,explore,1007.9517892897394,0.15762978825930185,tail_fixed,7.061331955126424e-05,32768,confirmation,0,0.015087573530217405,0,20260921,0,0,462,4.385443966835737,4.385443966835737,21014090,tail_fixed,0.12056587621356571,32768,0.14081018466436585,2.5118967499672897,completed,2048,129,0,0.5379455094997374,0.1544443974789942,0.01343073155883337,0.4687999369939735,0.1575606965850151,0.4704917445211225,0.1603936785717891
4,42,408,4.0,16908288,learned,0,0.07549625533203241,explore,116.72801852697143,0.01780969901144949,surrogate_only,0.35014532154764094,32768,confirmation,0,0.00012648233232843975,16908288,20260921,0,0,93,3.2876833491027355,3.2876833491027355,21014090,surrogate_only,0.000997763810823125,32768,0.018510853957492773,0.09094483165583091,completed,2048,129,0,0.07500906702432572,0.018068058382780815,0.0018436502775539265,0.13989313850822294,0.018836162209214316,0.14331910600156123,0.01878657537186753
4,43,408,4.0,4311875584,learned,67108864,0.07790251044372482,explore,117.59631984373873,0.016418099249896023,surrogate_full,0.3542420667599372,32768,confirmation,0,0.00453105280218951,16908288,20260921,0,0,94,15.084088485687971,15.084088485687971,21014090,surrogate_full,0.036113710389344446,32768,0.019938148341485353,0.04264522967329866,completed,2048,129,0,0.07407560618740186,0.015144939934637756,0.002874210830805475,0.189167634851158,0.01937699489430849,0.19252569013795917,0.019852336210432205
4,44,408,4.0,46080727,learned,5054,0.07089307372875628,explore,120.45957981999244,0.016222457764881733,certified,0.3527912860632882,32768,confirmation,28848983,0.002827317006840288,16908288,20260921,67103810,0,96,6.360574092715979,6.360574092715979,21014090,certified,0.022483824026555115,32768,0.0181259105175228,0.05649356984407099,completed,2048,129,0,0.07002546868137652,0.016442114889113655,0.0011704750354562532,0.15224068855926615,0.017805173845666426,0.1553795983662825,0.018172759580066783
4,45,409,4.0,4294967296,learned,0,0.06059823933891402,explore,121.38138443691251,0.01177777698260258,full,0.34935733352964354,32768,confirmation,0,0.0001450293436448813,0,20260921,0,0,96,6.116631425917149,6.116631425917149,21014100,full,0.0011602235550812966,32768,0.015516777113027803,0.028044131583331043,completed,2048,129,0,0.05547052806692764,0.010228547505198353,0.00018690946213749393,0.18155417243912092,0.013098690065281403,0.1806861817071663,0.01419273351476694
4,46,409,4.0,268435456,learned,0,0.311896548047503,explore,856.2494285318581,0.0765410635295091,tail_fixed,4.2082654391871855e-05,32768,confirmation,0,0.00017468939087690594,0,20260921,0,0,466,4.313586428761482,4.313586428761482,21014100,tail_fixed,0.0013975039329382807,32768,0.06374464696204632,0.6898608391251434,completed,2048,129,0,0.3058594268363512,0.07485191564132271,0.00021656950936951858,0.3076483744785834,0.07627922205888531,0.30704718318928115,0.0782916347813769
4,47,409,4.0,16908288,learned,0,0.09915573987418798,explore,128.33922168971804,0.023632712294453677,surrogate_only,0.3362760558508724,32768,confirmation,0,0.00018119843292856153,16908288,20260921,0,0,102,3.279361490160227,3.279361490160227,21014100,surrogate_only,0.0014495762693509627,32768,0.025921543950474246,0.17396766648840306,completed,2048,129,0,0.10669214092526454,0.026078690275050255,0.00022307855142117416,0.2227372779393878,0.02786110676736695,0.22035869205557684,0.02586265124467088
4,48,409,4.0,4311875584,learned,67108864,0.06138210495305786,explore,127.69334944506869,0.01235122988151282,surrogate_full,0.31617607794020425,32768,confirmation,0,0.00016050764334407663,16908288,20260921,0,0,102,15.331102717667818,15.331102717667818,21014100,surrogate_full,0.0012840499526767355,32768,0.011419479660701356,0.029672357888029008,completed,2048,129,0,0.05622828257350294,0.010788599126919422,0.00020238776183668927,0.18293798778526058,0.013232456760000497,0.18214328546427866,0.014487662557294416
4,49,409,4.0,46789725,learned,5845,0.06852551542203243,explore,128.47476937621596,0.014025512133852294,certified,0.323723170902323,32768,confirmation,29507357,0.00013163287488665576,16908288,20260921,67103019,0,103,6.396692436188459,6.396692436188459,21014100,certified,0.001053051805018169,32768,0.019038138973858115,0.05579834614414751,completed,2048,129,0,0.06527573429318431,0.013114972451618329,0.0001735129933792684,0.20742292604927473,0.01686836415587948,0.20818647493154155,0.017556563064261156
4,50,400,4.0,4294967296,learned,0,0.08285510121363508,explore,193.17475083165849,0.020327390389985177,full,0.3922205253095821,32768,confirmation,0,0.005968410488356156,0,20260921,0,0,97,6.122320964932442,6.122320964932442,21024010,full,0.04223640982714229,32768,0.026836363964170242,0.05749422620652032,completed,2048,129,1,0.0761560250826607,0.018508524456980757,0.005569199097241831,0.14294323223388755,0.019779728952024705,0.14909712614756998,0.021320836244798545
4,51,400,4.0,268435456,learned,0,0.6442419352808864,explore,2197.0439932947943,0.18910980250054435,tail_fixed,5.023312650675687e-05,32768,confirmation,0,0.0287456216814517,0,20260921,0,0,548,4.3229354955255985,4.3229354955255985,21024010,tail_fixed,0.21610411125013987,32768,0.20785481001989448,3.553615640760257,completed,2048,129,1,0.6470865091683798,0.1882261467058186,0.02860345460333316,0.6378506768868049,0.19125583669113824,0.6404401177604113,0.19275386974331896
4,52,400,4.0,16908288,learned,0,0.07672772723924068,explore,196.7199948293912,0.018434548730525635,surrogate_only,0.36930040589800656,32768,confirmation,0,0.009735796496416945,16908288,20260921,0,0,102,3.2811471298336983,3.2811471298336983,21024010,surrogate_only,0.07028999465594332,32768,0.02148771421411965,0.047446100029836555,completed,2048,129,1,0.066468268592586,0.015120427443450416,0.009593629418298407,0.13739869078282427,0.016555582950240087,0.14362306256028148,0.018979865387068372
4,53,400,4.0,4311875584,learned,67108864,0.05830210090723754,explore,191.33740609591763,0.012517164298485482,surrogate_full,0.3250307992183115,32768,confirmation,0,0.00597915465680478,16908288,20260921,0,0,99,15.168227262794971,15.168227262794971,21024010,surrogate_full,0.03930258829379469,32768,0.017536067089333106,0.04244778753722372,completed,2048,129,1,0.051646370748239016,0.010715742099465205,0.005836987578686242,0.15166980544613612,0.012933503618081755,0.15767126658545827,0.015313518439881912
4,54,400,4.0,55803139,learned,187179,0.2120762967134597,explore,199.32196426256115,0.056918614971340105,certified,0.3398938085586129,32768,confirmation,26915395,0.019318082211382592,16908288,20260921,66921685,0,104,6.54402332380414,6.54402332380414,21024010,certified,0.1221421558355057,32768,0.053218494142713735,0.4525401181281945,completed,2048,129,1,0.21299250666494177,0.05632304717166636,0.01922964199090607,0.19292378602873883,0.056683298594056505,0.19396345625973999,0.057363715795400366
4,55,401,4.0,4294967296,learned,0,0.08526197814901287,explore,89.35484844125219,0.019252473739662393,full,0.3675469779368681,32768,confirmation,0,0.001636646708440756,0,20260921,0,0,92,6.1841264851391315,6.1841264851391315,21024020,full,0.012983963442258967,32768,0.02386842791820103,0.0570921918501273,completed,2048,129,1,0.0868571097725693,0.019865609352988475,0.001850400481774997,0.17696025818475192,0.021841331860109673,0.18258365756938955,0.021547782435132584
4,56,401,4.0,268435456,learned,0,0.3721776366546503,explore,349.27166850635183,0.09939738334120718,tail_fixed,0.009406129601830578,32768,confirmation,0,0.0022584234288676834,0,20260921,0,0,363,4.3053124360740185,4.3053124360740185,21024020,tail_fixed,0.017958177205678126,32768,0.11843324575029421,1.144286277974858,completed,2048,129,1,0.37314807565567104,0.09960008309085111,0.0024721772022019244,0.41074348279669076,0.10332496854809235,0.41467184994973894,0.10318110866055755
4,57,401,4.0,16908288,learned,0,0.20044849307321355,explore,96.3807662862836,0.049251181954515444,surrogate_only,0.3852628279687313,32768,confirmation,0,0.0038070340301461303,16908288,20260921,0,0,97,3.2648285925388336,3.2648285925388336,21024020,surrogate_only,0.030347062015907318,32768,0.04632604965404765,0.248768668491744,completed,2048,129,1,0.19706573539581948,0.04833527155245474,0.004020787803480371,0.2399171536841531,0.04886997676550423,0.24504955756097146,0.04975220079874447
4,58,401,4.0,4311875584,learned,67108864,0.07052373924809668,explore,90.03520300467687,0.016213178516753926,surrogate_full,0.3628244091041684,32768,confirmation,0,0.001055027263685431,16908288,20260921,0,0,91,15.152263473719358,15.152263473719358,21024020,surrogate_full,0.008331007884218812,32768,0.017821143874936184,0.08959103733592277,completed,2048,129,1,0.07684640200139918,0.017535864374311153,0.001268781037019672,0.1532908456042844,0.019338897930224967,0.15416239691470676,0.01753902305510436
4,59,401,4.0,42299075,learned,1448,0.06229181263649389,explore,95.51403438121238,0.012914026390623112,certified,0.3308777668673664,32768,confirmation,25298115,0.0022418192283870826,16908288,20260921,67107416,0,98,6.243589103221893,6.243589103221893,21024020,certified,0.01782534360183146,32768,0.01456063977099955,0.047084599780917426,completed,2048,129,1,0.0691741147850467,0.015055064156185526,0.0024555730017213236,0.15872388221010342,0.017380037285776542,0.16451935676339308,0.01517237924269279
4,60,402,4.0,4294967296,learned,0,0.05802106796878198,explore,123.79575066614137,0.011170359714784583,full,0.35939591267460624,32768,confirmation,0,1.724533148228513e-07,0,20260921,0,0,95,6.196175318211317,6.196175318211317,21024030,full,1.3796260992382805e-06,32768,0.013484895320464832,0.02517043308624352,completed,2048,129,1,0.06445978555358578,0.013288064682110912,1.7539605558225535e-07,0.1713839584874332,0.01577836595077981,0.17967771643425906,0.013777538977018814
4,61,402,4.0,268435456,learned,0,0.4759893510180674,explore,1128.05877377361,0.12329842021971754,tail_fixed,3.0889838934843634e-05,32768,confirmation,0,1.7245331487836246e-07,0,20260921,0,0,464,4.399717785418034,4.399717785418034,21024030,tail_fixed,1.3796260980170352e-06,32768,0.11670515765947301,1.5012818987669854,completed,2048,129,1,0.4824373073388441,0.12534650051422364,1.753960556377665e-07,0.4482978646052315,0.12744188290805147,0.4538854129383404,0.12502471970629586
4,62,402,4.0,16908288,learned,0,0.07306959137066847,explore,125.10311314355786,0.016833014483084996,surrogate_only,0.3630484262907539,32768,confirmation,0,1.72453314711829e-07,16908288,20260921,0,0,97,3.2758089303970337,3.2758089303970337,21024030,surrogate_only,1.379626097184368e-06,32768,0.01834621469888694,0.04761208679761884,completed,2048,129,1,0.07619124564553398,0.018001866551821233,1.7539605547123305e-07,0.14730807955948766,0.01901350564922952,0.15598546501849836,0.018366743899923342
4,63,402,4.0,4311875584,learned,67108864,0.06520728467733217,explore,127.17224513339626,0.013626459322207587,surrogate_full,0.3352692292399963,32768,confirmation,0,1.7245331476734016e-07,16908288,20260921,0,0,97,15.081563226878643,15.081563226878643,21024030,surrogate_full,1.3796261027909942e-06,32768,0.01361869883362992,0.02859974148808689,completed,2048,129,1,0.07159087586536061,0.01567453961671368,1.753960555267442e-07,0.1621431960841226,0.017227262261262203,0.1705486064731972,0.015443127568493668
4,64,402,4.0,43898670,learned,2159,0.2071541720305733,explore,125.3018966258616,0.05242125012674359,certified,0.3401447788260808,32768,confirmation,26852206,1.7245331487836246e-07,16908288,20260921,67106705,0,98,6.3085960522294044,6.3085960522294044,21024030,certified,1.3796260957965892e-06,32768,0.05102622750075038,0.29866724878199274,completed,2048,129,1,0.20911691290427117,0.052916406018636175,1.753960556377665e-07,0.19986632869350537,0.053413095069110544,0.20813384991674289,0.05274227186641452
4,65,403,4.0,4294967296,learned,0,0.05990428785762259,explore,91.96995415436415,0.014282653752821995,full,0.30326941379560907,32768,confirmation,0,0.0008807886846274732,0,20260921,0,0,93,6.040419243276119,6.040419243276119,21024040,full,0.007024626969354566,32768,0.015598159008752088,0.06606690805953755,completed,2048,129,1,0.058605508242189144,0.01429783661793653,0.0010119217948469372,0.11341733270590877,0.015219583782013414,0.11640770412476595,0.015052721078043434
4,66,403,4.0,268435456,learned,0,0.2849485969278195,explore,405.1897439791862,0.07665345257723334,tail_fixed,0.00015524115394852372,32768,confirmation,0,0.001896160978491615,0,20260921,0,0,367,4.306111875921488,4.306111875921488,21024040,tail_fixed,0.015147605320275695,32768,0.07941962049592617,0.6289607514903998,completed,2048,129,1,0.28062277519325574,0.07539910096915332,0.002027294088711079,0.23871503052033968,0.07583115342951618,0.24126464377327225,0.07713426080573779
4,67,403,4.0,16908288,learned,0,0.03760356785576912,explore,93.28288111332382,0.0049837405728567485,surrogate_only,0.3220466794613514,32768,confirmation,0,0.0019182950478157518,16908288,20260921,0,0,94,3.2736757546663284,3.2736757546663284,21024040,surrogate_only,0.01501096466324438,32768,0.008452954894154048,0.0451336854658394,completed,2048,129,1,0.04734183599549054,0.008403868150193495,0.0017528276461153403,0.14816108445597842,0.010956379571908866,0.15009663687408029,0.00969497459745312
4,68,403,4.0,4311875584,learned,67108864,0.07513549699837486,explore,90.52101213926412,0.01653564171951967,surrogate_full,0.37855072675976775,32768,confirmation,0,0.002319541450408427,16908288,20260921,0,0,91,15.089927725493908,15.089927725493908,21024040,surrogate_full,0.018534649095606922,32768,0.019766373487749164,0.05594998137332786,completed,2048,129,1,0.08181067728462883,0.018563992519609083,0.0024506745606278912,0.1720378415161793,0.020748876507326867,0.17471557985688418,0.018571872984628878
4,69,403,4.0,42451097,learned,1424,0.0836578762114186,explore,92.0156469375107,0.02014577695495582,certified,0.35629238580882766,32768,confirmation,25451673,0.0013099430783313631,16908288,20260921,67107440,0,92,6.363554023206234,6.363554023206234,21024040,certified,0.010457862118994117,32768,0.02475976685963304,0.0978439596395581,completed,2048,129,1,0.09529579048394983,0.023951060048978786,0.0014410761885508272,0.17929242051907326,0.024543010073291658,0.181103366275648,0.02126965538717715
4,70,404,4.0,4294967296,learned,0,0.05636729547162123,explore,108.06869072015998,0.011115707457394921,full,0.34596922308630823,32768,confirmation,0,0.014495943350788833,0,20260921,0,0,94,6.111265927553177,6.111265927553177,21024050,full,0.07978511661405593,32768,0.01251198912291447,0.053350521895419466,completed,2048,129,1,0.05382371470364074,0.010227925507938822,0.014804840296387935,0.14014211388746545,0.01243973410826207,0.14529597400346886,0.013395919573426715
4,71,404,4.0,268435456,learned,0,0.27581540700303797,explore,703.5724408566291,0.07472292042118511,tail_fixed,0.00015990382032614678,32768,confirmation,0,0.012186663630610283,0,20260921,0,0,453,4.3203637935221195,4.3203637935221195,21024050,tail_fixed,0.06255546573604334,32768,0.07802546878732544,0.6401063625360425,completed,2048,129,1,0.27313832519767767,0.07325959979228758,0.011225050978318201,0.26275131404759977,0.07469678859824563,0.26768437086042157,0.0765766191807038
4,72,404,4.0,16908288,learned,0,0.08020448029246384,explore,107.57309359219522,0.018395621743135707,surrogate_only,0.2969251111709518,32768,confirmation,0,0.0161932293397712,16908288,20260921,0,0,94,3.274230867624283,3.274230867624283,21024050,surrogate_only,0.09335752468919684,32768,0.014798151262840651,0.08615432703084686,completed,2048,129,1,0.07160544893472852,0.01595700465766016,0.016502126285370303,0.15288178575044054,0.01759960973399684,0.1588405089924856,0.020109954468306
4,73,404,4.0,4311875584,learned,67108864,0.08703085808827683,explore,113.22197616614017,0.0189466197053852,surrogate_full,0.36635180176495813,32768,confirmation,0,0.019446358741738515,16908288,20260921,0,0,98,15.113603223115206,15.113603223115206,21024050,surrogate_full,0.1111719004023923,32768,0.02029995821652104,0.18783398913820235,completed,2048,129,1,0.09250828992495833,0.0203836160361776,0.019755255687337617,0.19016673948105933,0.02224364077729702,0.19147647035236548,0.021209382008490617
4,74,404,4.0,42802640,learned,7232,0.08562931519419498,explore,111.67099135894021,0.01923877093447189,certified,0.3361849654459441,32768,confirmation,25431504,0.021824726464936182,16908288,20260921,67101632,0,99,6.132325895130634,6.132325895130634,21024050,certified,0.09357381872571574,32768,0.02066097921138484,0.06572412028060291,completed,2048,129,1,0.0804255342688934,0.017639591790258036,0.02102541013928782,0.16576242070249134,0.01966113738020571,0.1712549050975964,0.021121530381908997
4,75,405,4.0,4294967296,learned,0,0.09195262496705232,explore,202.4072957543741,0.022565548104199654,full,0.37867366279770465,32768,confirmation,0,0.0002463527514431903,0,20260921,0,0,99,6.219552185386419,6.219552185386419,21024060,full,0.0019708220115425244,32768,0.03209961727301967,0.10099237376992254,completed,2048,129,1,0.10526548013053824,0.02682551178400465,0.0002537371229033299,0.15521891445312191,0.029092635558079206,0.16343807214062422,0.025056150858994073
4,76,405,4.0,268435456,learned,0,0.4364982018483431,explore,2143.573253306016,0.12266610488210462,tail_fixed,5.132367491518762e-05,32768,confirmation,0,0.00030057926184021144,0,20260921,0,0,553,4.3919719234108925,4.3919719234108925,21024060,tail_fixed,0.002404634094719247,32768,0.12338844221231135,1.6109961862058262,completed,2048,129,1,0.44678539559351077,0.12785063051196244,0.00030796363330035104,0.4862362957598798,0.1306916378554277,0.49475899998799117,0.12601663088180215
4,77,405,4.0,16908288,learned,0,0.0688860787362645,explore,202.61861585445905,0.01638396315844399,surrogate_only,0.36482029923467846,32768,confirmation,0,0.0002647506923266145,16908288,20260921,0,0,99,3.2755939587950706,3.2755939587950706,21024060,surrogate_only,0.002118005538615992,32768,0.013921379419240643,0.03796861546756855,completed,2048,129,1,0.07894549740115228,0.019769398063417216,0.0002721350637867541,0.1388039244454427,0.020525156843580722,0.15271417300719825,0.017437072922532795
4,78,405,4.0,4311875584,learned,67108864,0.1135671139666587,explore,204.53531640054285,0.028802117130333663,surrogate_full,0.34701119493914273,32768,confirmation,0,0.0002648125758639905,16908288,20260921,0,0,100,15.084251180291176,15.084251180291176,21024060,surrogate_full,0.0021185006069111213,32768,0.03055346546165443,0.10542899587145686,completed,2048,129,1,0.12415027840376791,0.0320476008951414,0.0002721969473241301,0.14603054557941636,0.033779553003238295,0.15970322088051042,0.030443184024643577
4,79,405,4.0,87693841,learned,668049,0.06958119474377324,explore,204.10406277299984,0.015404984282537643,certified,0.25761674083734615,32768,confirmation,28030417,0.00023916397508231017,16908288,20260921,66440815,0,101,6.663816310465336,6.663816310465336,21024060,certified,0.001913311800658356,32768,0.013647905731230533,0.02742020353555126,completed,2048,129,1,0.07962945275766417,0.018623593558678153,0.00024654834654244976,0.15028832255003266,0.020447368552327316,0.16422511889135977,0.017265369938127693
4,80,406,4.0,4294967296,learned,0,0.07841972838499678,explore,194.4857364221993,0.016971932910278213,full,0.3351132782265801,32768,confirmation,0,0.005345089041352408,0,20260921,0,0,103,6.115452967584133,6.115452967584133,21024070,full,0.035757195346192025,32768,0.01730410965766937,0.03551382225194285,completed,2048,129,1,0.07132913362526862,0.014806037066461102,0.0037552520996694295,0.19426915525012095,0.017332785263260736,0.1935862212968196,0.018958380911886515
4,81,406,4.0,268435456,learned,0,0.5253191505617905,explore,1333.2198254783557,0.15931945419679844,tail_fixed,5.3799819914932956e-05,32768,confirmation,0,0.012418563614922579,0,20260921,0,0,502,4.319124516099691,4.319124516099691,21024070,tail_fixed,0.09813652638400489,32768,0.18065973885858022,2.4748246814372217,completed,2048,129,1,0.5190134111464115,0.15752724281350988,0.01113263548660022,0.4993663271118441,0.15858952379369784,0.49886473589039143,0.1604864532242879
4,82,406,4.0,16908288,learned,0,0.08003783212278925,explore,187.4152404788347,0.01820264093621438,surrogate_only,0.31862727199848057,32768,confirmation,0,0.005520457181803794,16908288,20260921,0,0,102,3.3165880516171455,3.3165880516171455,21024070,surrogate_only,0.04337159104370979,32768,0.02902413302477452,0.05058214606064771,completed,2048,129,1,0.08227296455164441,0.01907027287345811,0.006806392282485536,0.1823672199813537,0.02227357923611172,0.18165196221976943,0.0216784352084243
4,83,406,4.0,4311875584,learned,67108864,0.1025883976764796,explore,186.40577939340992,0.02690229503477758,surrogate_full,0.3816420097326284,32768,confirmation,0,0.002168105490194864,16908288,20260921,0,0,102,15.111614681780338,15.111614681780338,21024070,surrogate_full,0.018364574768566302,32768,0.02660563800368434,0.12790489411542613,completed,2048,129,1,0.09162406661697953,0.024099339375249197,0.0034540405908766066,0.09968936599865327,0.025419033085366128,0.09899361183780882,0.028057108076931302
4,84,406,4.0,116930656,learned,1142261,0.061170801903759994,explore,191.85497767218587,0.013989922501417805,certified,0.3747769633175911,32768,confirmation,26917664,0.006041703064877339,16908288,20260921,65966603,0,102,7.051885209977627,7.051885209977627,21024070,certified,0.04730334339601233,32768,0.017416325515341315,0.0785774755988044,completed,2048,129,1,0.06155192333097357,0.014426953920431394,0.007327638165559081,0.13462186422859118,0.01576380355604494,0.13370615912129408,0.01670218161234443
4,85,407,4.0,4294967296,learned,0,0.06824651121146473,explore,172.19237239599116,0.014917362809047974,full,0.36796238347469884,32768,confirmation,0,0.001972222847612247,0,20260921,0,0,101,6.118071086704731,6.118071086704731,21024080,full,0.014918846430035613,32768,0.018117025585252498,0.04558367823214555,completed,2048,129,1,0.07477869527241085,0.016913490014439994,0.0035466703780391087,0.15531419346449454,0.017935581069250164,0.15854851930939368,0.016027886718281547
4,86,407,4.0,268435456,learned,0,0.41845159130856535,explore,1341.5432164817605,0.10771049909686868,tail_fixed,5.462063862474563e-05,32768,confirmation,0,0.02274587599738837,0,20260921,0,0,495,4.318974554538727,4.318974554538727,21024080,tail_fixed,0.16803083159908783,32768,0.1007402626432736,1.1809601771180098,completed,2048,129,1,0.4240499243574627,0.10923592751048487,0.02436040076042505,0.36014116871330154,0.10946092897917252,0.3623280805376428,0.10803028457474427
4,87,407,4.0,16908288,learned,0,0.07268329436089183,explore,170.49276474752912,0.01558156748438426,surrogate_only,0.3551831950659826,32768,confirmation,0,0.0006888342077822594,16908288,20260921,0,0,100,3.4243519864976406,3.4243519864976406,21024080,surrogate_only,0.003565364342333818,32768,0.01931994071729145,0.04815809888817348,completed,2048,129,1,0.07245885114474454,0.015503338815001428,0.0017769563540186058,0.1672189049761711,0.0176168046202931,0.17040120097346897,0.01719148965227183
4,88,407,4.0,4311875584,learned,67108864,0.06534011870945572,explore,167.96393137477025,0.013199649355710292,surrogate_full,0.31009560009012394,32768,confirmation,0,0.004110839907846459,16908288,20260921,0,0,100,14.980421133339405,14.980421133339405,21024080,surrogate_full,0.03248607722037056,32768,0.01561470021775944,0.029621969038321313,completed,2048,129,1,0.06892470298284295,0.014365654777614098,0.005685287438273321,0.17412852027457387,0.015765815050378704,0.17726317131717756,0.014982496069928283
4,89,407,4.0,44838947,learned,14246,0.09667632150115417,explore,170.8753939187904,0.02509805576882198,certified,0.3654656161027294,32768,confirmation,27018915,0.005398919730391971,16908288,20260921,67094618,0,99,6.484028834849596,6.484028834849596,21024080,certified,0.04236277036461278,32768,0.023746833639569875,0.12036039187166828,completed,2048,129,1,0.10082145487414737,0.026264061190725788,0.006973367260818833,0.1119088772927038,0.026742796514859293,0.11316101369416567,0.025375954703719655
4,90,408,4.0,4294967296,learned,0,0.06254275684845409,explore,119.5984468713272,0.013405595071658224,full,0.3495955289964704,32768,confirmation,0,0.003600286278319466,0,20260921,0,0,94,6.118747495114803,6.118747495114803,21024090,full,0.028648262967644774,32768,0.014831215579699814,0.026531629819133293,completed,2048,129,1,0.06901441453667051,0.015512689774857032,0.004510519562692418,0.17459893346362498,0.017464745178892613,0.1821978920324264,0.015858760586680617
4,91,408,4.0,268435456,learned,0,0.4445910162992166,explore,912.6031198467376,0.11933053615570186,tail_fixed,3.749279213673072e-05,32768,confirmation,0,0.012530679215918439,0,20260921,0,0,455,4.3145405277609825,4.3145405277609825,21024090,tail_fixed,0.10009140646843778,32768,0.11667535449701034,1.4707384262077439,completed,2048,129,1,0.451005617486067,0.12126667429163085,0.013440912500291391,0.4472716592050775,0.1248301085051979,0.4521698532342451,0.12282029160986431
4,92,408,4.0,16908288,learned,0,0.07939307398274703,explore,121.97561341799889,0.01978098178133924,surrogate_only,0.35980820902810756,32768,confirmation,0,0.00501029654121039,16908288,20260921,0,0,96,3.300556182861328,3.300556182861328,21024090,surrogate_only,0.03992834507076926,32768,0.019089682477808838,0.12054864884789626,completed,2048,129,1,0.08733075262783732,0.021717273547988504,0.005920529825583342,0.1370127339970602,0.023043760628060222,0.1393235341580264,0.021422307127072333
4,93,408,4.0,4311875584,learned,67108864,0.1114764701701893,explore,121.77848984882607,0.02610550185557243,surrogate_full,0.3813177059935265,32768,confirmation,0,0.003464937191226262,16908288,20260921,0,0,95,15.079488184303045,15.079488184303045,21024090,surrogate_full,0.02770900108304817,32768,0.032541179561371085,0.20622944960894043,completed,2048,129,1,0.12019555551981026,0.02848801129819948,0.004375170475599214,0.17828689119547425,0.03128252496731068,0.1847918973083038,0.02878169102560773
4,94,408,4.0,42900868,learned,1592,0.0566026865129544,explore,118.71984928920837,0.011808927704078064,certified,0.35029659179961015,32768,confirmation,25890692,0.000430842592386977,16908288,20260921,67107272,0,95,6.329709254205227,6.329709254205227,21024090,certified,0.003292713480187062,32768,0.0139538692725814,0.03615055430868348,completed,2048,129,1,0.054872889013758544,0.011228822896319789,0.0013410758767599291,0.15465434468301015,0.013790330742995065,0.16261952251862474,0.013870971000210407
4,95,409,4.0,4294967296,learned,0,0.06392287663384014,explore,119.56057387404138,0.01508170772611677,full,0.35490586023486076,32768,confirmation,0,0.00022041192634279783,0,20260921,0,0,96,6.115144044160843,6.115144044160843,21024100,full,0.001763274715094399,32768,0.015425436061250271,0.03720646185123028,completed,2048,129,1,0.07164345861834394,0.01725642831417855,0.000204811823792575,0.16765079025422744,0.018321578233204898,0.16788760280350168,0.01626260538539135
4,96,409,4.0,268435456,learned,0,0.3766380181034368,explore,801.8213666788103,0.09389792285500917,tail_fixed,4.652091259241565e-05,32768,confirmation,0,0.00011439185755490744,0,20260921,0,0,461,4.314879454672337,4.314879454672337,21024100,tail_fixed,0.00091511416478137,32768,0.06254142883786461,0.8879181683818155,completed,2048,129,1,0.3879658198554813,0.09725174418878713,9.879175500468462e-05,0.3405752185607754,0.09868230953937054,0.3453916460179739,0.09538150971477816
4,97,409,4.0,16908288,learned,0,0.052936630743332116,explore,119.76904315701067,0.009362035061732124,surrogate_only,0.3511134954204527,32768,confirmation,0,0.00017094144504731235,16908288,20260921,0,0,96,3.2695826925337315,3.2695826925337315,21024100,surrogate_only,0.0013675108647268261,32768,0.011709024565515532,0.024078205484938754,completed,2048,129,1,0.059800792557253776,0.011318040659443064,0.00015534134249708953,0.18255467753735027,0.014551496225976058,0.18849197851423297,0.01237954949269022
4,98,409,4.0,4311875584,learned,67108864,0.12064743305254355,explore,120.66244690694396,0.027196116632510668,surrogate_full,0.3714008256484402,32768,confirmation,0,3.9744789874091024e-06,16908288,20260921,0,0,97,15.143096674233675,15.143096674233675,21024100,surrogate_full,2.1301754557173286e-05,32768,0.02769785380425352,0.2257258472444099,completed,2048,129,1,0.12465344019995296,0.028150123531335225,1.9201982699432185e-05,0.19790500521259613,0.029653675918774082,0.2035367835135054,0.028502721147436662
4,99,409,4.0,43529402,learned,1906,0.08820091548749814,explore,120.85389965782461,0.018679449488503384,certified,0.3394845799374922,32768,confirmation,26499130,0.00019471765500227167,16908288,20260921,67106958,0,97,6.305598761886358,6.305598761886358,21024100,certified,0.0015577205443592407,32768,0.02199969231711541,0.11583264613226127,completed,2048,129,1,0.08536653530234764,0.018230131218242657,0.00017911755245204886,0.16309385970230694,0.020468261682048867,0.1692764466135827,0.021014942024941086
4,100,400,4.0,4294967296,learned,0,0.06209163244433342,explore,195.13981806051564,0.013503670528540544,full,0.35301792679204586,32768,confirmation,0,0.007003344851129022,0,20260921,0,0,102,6.1146740429103374,6.1146740429103374,21034010,full,0.04863847350525273,32768,0.018848983723474242,0.043996054491986465,completed,2048,129,2,0.05434009269892621,0.010891941597876466,0.009198741374478417,0.16248381390243447,0.013377064985184463,0.15115950776266712,0.01643168756577266
4,101,400,4.0,268435456,learned,0,0.5431331217195872,explore,2315.525710763282,0.16598665828848083,tail_fixed,3.224510893401535e-05,32768,confirmation,0,0.020950711097424767,0,20260921,0,0,561,4.428983885794878,4.428983885794878,21034010,tail_fixed,0.15613324638080178,32768,0.23110427534121192,3.4019747825476827,completed,2048,129,2,0.5387332086710374,0.16062766433972453,0.02314610762077416,0.6039002518886041,0.1676619343061833,0.5981710821434196,0.1726815017904229
4,102,400,4.0,16908288,learned,0,0.06494732243302664,explore,195.4373860392357,0.013784629564431024,surrogate_only,0.37010518425943767,32768,confirmation,0,0.007477604074758981,16908288,20260921,0,0,101,3.272521246224642,3.272521246224642,21034010,surrogate_only,0.05233689250098281,32768,0.017481515472465275,0.04059629688223059,completed,2048,129,2,0.0507473147493952,0.008981782897185963,0.009673000598108375,0.1866108255077095,0.012482493407672924,0.17566971593339237,0.01617986400255181
4,103,400,4.0,4311875584,learned,67108864,0.06709270965155614,explore,187.85500288762734,0.014016826118864388,surrogate_full,0.3324088138400673,32768,confirmation,0,0.008449674764814258,16908288,20260921,0,0,100,15.114956393837929,15.114956393837929,21034010,surrogate_full,0.06098829732173468,32768,0.019787376334223023,0.031506615314600445,completed,2048,129,2,0.05727930669227106,0.011040711411574864,0.010645071288163652,0.1908156430820441,0.01399864613649883,0.17939931062172365,0.016668591901713874
4,104,400,4.0,65997582,learned,288546,0.07344871046661151,explore,191.08491138777762,0.01665095312405178,certified,0.3759583160283484,32768,confirmation,30622350,0.006041765745763816,16908288,20260921,66820318,0,100,6.68374901637435,6.68374901637435,21034010,certified,0.04216386425770718,32768,0.022707947288758842,0.04316778552472989,completed,2048,129,2,0.05495243763870672,0.011114982467172482,0.00823716226911321,0.16898052957197057,0.013748433830781004,0.15758495062114605,0.019385018234960246
4,105,401,4.0,4294967296,learned,0,0.0798513918662693,explore,92.4776178601783,0.016935929259087424,full,0.32529801163615324,32768,confirmation,0,0.001553019870802093,0,20260921,0,0,94,6.331545781344175,6.331545781344175,21034020,full,0.011654064613536179,32768,0.017067369707765383,0.09197174376773457,completed,2048,129,2,0.09194973173718429,0.019953104266157456,0.002324367076892382,0.1814307869206817,0.022556620346351926,0.17733613780428287,0.018702831539921215
4,106,401,4.0,268435456,learned,0,0.34462123090931496,explore,387.8145247219242,0.09211470698853519,tail_fixed,0.0007030839628577234,32768,confirmation,0,0.001390038578141822,0,20260921,0,0,345,4.404545586556196,4.404545586556196,21034020,tail_fixed,0.00835981046179897,32768,0.0982000254663452,0.9282124673793329,completed,2048,129,2,0.33131936050272226,0.08827399593245774,0.0006186719434423391,0.31052391546387337,0.09025744657985954,0.30124111037228996,0.09419059647797892
4,107,401,4.0,16908288,learned,0,0.15682308416133448,explore,93.81640618651767,0.0403053487526089,surrogate_only,0.3517919906884899,32768,confirmation,0,0.005518572943622172,16908288,20260921,0,0,96,3.271052397787571,3.271052397787571,21034020,surrogate_only,0.029742555805654772,32768,0.04000436179028771,0.25321971051781006,completed,2048,129,2,0.14987325243851488,0.03808933898968861,0.006289920149712461,0.1817963045851837,0.03970548702824625,0.17339938909736705,0.04181422486334512
4,108,401,4.0,4311875584,learned,67108864,0.04127868568271727,explore,93.46516102366493,0.006376180954586915,surrogate_full,0.322198498035729,32768,confirmation,0,0.0013014834602172681,16908288,20260921,0,0,95,15.075716096907854,15.075716096907854,21034020,surrogate_full,0.010330493548316683,32768,0.011529045075866296,0.022103467495440104,completed,2048,129,2,0.05205463581150031,0.009200837323678171,0.00215825242128192,0.18374725106897966,0.012759883573879225,0.173300094378599,0.010560642582813603
4,109,401,4.0,45288655,learned,4648,0.05767440191103748,explore,89.18522601397736,0.010706046078093352,certified,0.34784404848952316,32768,confirmation,28082895,0.0007033829255100187,16908288,20260921,67104216,0,91,6.441290408372879,6.441290408372879,21034020,certified,0.005545689270656226,32768,0.012826807303169426,0.02742118388076811,completed,2048,129,2,0.05926216148613042,0.01084388321323506,0.001560151886574671,0.1914330751160091,0.014196447935637435,0.18103052493537503,0.013149226802442644
4,110,402,4.0,4294967296,learned,0,0.082334750937859,explore,123.14935348253515,0.018770502250352455,full,0.3424012993482467,32768,confirmation,0,1.2664658757821634e-07,0,20260921,0,0,97,6.118107691407204,6.118107691407204,21034030,full,1.0131724665939916e-06,32768,0.019733805920987127,0.05627229447882299,completed,2048,129,2,0.08061274886079374,0.01810702461981234,1.7539605569327765e-07,0.17652395934102622,0.019805405557086785,0.16579059960099696,0.020436499299586953
4,111,402,4.0,268435456,learned,0,0.43650173759445693,explore,1186.5360256112579,0.11071358594119406,tail_fixed,3.528322754776597e-05,32768,confirmation,0,1.2664658735617174e-07,0,20260921,0,0,468,4.3126769587397575,4.3126769587397575,21034030,tail_fixed,1.013172473699419e-06,32768,0.11524767597429025,1.3290590429325178,completed,2048,129,2,0.4491694149584552,0.11443387822955113,1.7539605547123305e-07,0.4510606795388226,0.11651855275386902,0.4439862075956401,0.11353498665448894
4,112,402,4.0,16908288,learned,0,0.07212021642109814,explore,125.1980845422348,0.015739981171604522,surrogate_only,0.3570699593333718,32768,confirmation,0,1.2664658746719404e-07,16908288,20260921,0,0,98,3.2733888812363148,3.2733888812363148,21034030,surrogate_only,1.0131724674266588e-06,32768,0.017442983114079026,0.053100465007402765,completed,2048,129,2,0.07227257776908053,0.015630518158346207,1.7539605558225535e-07,0.16923953802998593,0.017465519751556885,0.1587370390053427,0.01767422073616124
4,113,402,4.0,4311875584,learned,67108864,0.07671123890106359,explore,125.97419155582998,0.0167115060772626,surrogate_full,0.3641901745688734,32768,confirmation,0,1.2664658735617174e-07,16908288,20260921,0,0,99,15.311352904886007,15.311352904886007,21034030,surrogate_full,1.0131724745875973e-06,32768,0.01685058027199205,0.07452809097438388,completed,2048,129,2,0.07680902861816127,0.01676795180814114,1.7539605547123305e-07,0.14139895638355252,0.01820483436261285,0.13778555209515814,0.018325133882979586
4,114,402,4.0,46771997,learned,5808,0.08054914039123828,explore,123.87597573781807,0.019160703344014096,certified,0.3358178879126146,32768,confirmation,29491997,1.2664658735617174e-07,16908288,20260921,67103056,0,98,6.3721007741987705,6.3721007741987705,21034030,certified,1.0131724705907944e-06,32768,0.02024625357201299,0.07342718729246506,completed,2048,129,2,0.08117584188153174,0.01896496059452149,1.7539605547123305e-07,0.15035049307831577,0.02088743997321054,0.1394980645905152,0.020295338693840703
4,115,403,4.0,4294967296,learned,0,0.05634797655647862,explore,87.14815217355705,0.011833688796506175,full,0.36192889768146774,32768,confirmation,0,0.0028758999448504907,0,20260921,0,0,91,6.189185298979282,6.189185298979282,21034040,full,0.022979193672673107,32768,0.015216461167874857,0.06863748933043612,completed,2048,129,2,0.06217893286353621,0.013589093887296698,0.00261669570425771,0.16443578424887895,0.015898764293901833,0.15349819700965173,0.01465067687957325
4,116,403,4.0,268435456,learned,0,0.3416210115829082,explore,430.261864487799,0.09219147989740407,tail_fixed,9.933556289715682e-05,32768,confirmation,0,0.0041396996806923325,0,20260921,0,0,365,4.303296376019716,4.303296376019716,21034040,tail_fixed,0.03308959155941314,32768,0.09256624710222777,0.8034091839263965,completed,2048,129,2,0.31529419666457964,0.08477017921216048,0.0038804954400995517,0.2818938596796908,0.08489542986982992,0.27006727787143314,0.09225294012793915
4,117,403,4.0,16908288,learned,0,0.07263366079366207,explore,89.23017811372273,0.015812428543788965,surrogate_only,0.3530386514115834,32768,confirmation,0,0.0018986994938545027,16908288,20260921,0,0,92,3.2730177231132984,3.2730177231132984,21034040,surrogate_only,0.015161590064705657,32768,0.016965493600536435,0.047786260892857944,completed,2048,129,2,0.07166767939530176,0.015200069843482374,0.0016394952532617219,0.1796746405377638,0.017550748366366754,0.1657299521935668,0.018074096831612464
4,118,403,4.0,4311875584,learned,67108864,0.10302807025793342,explore,89.96241738400089,0.02441767912420772,surrogate_full,0.2934912343559008,32768,confirmation,0,0.003306090314970575,16908288,20260921,0,0,94,15.14232288300991,15.14232288300991,21034040,surrogate_full,0.023837643960213782,32768,0.027396404191704155,0.07260348709346733,completed,2048,129,2,0.11211498375026437,0.026527417779821556,0.0031111884555247854,0.19061475068531886,0.02922105463825005,0.17677122276345647,0.02615077484887774
4,119,403,4.0,45669190,learned,5153,0.17419654892291514,explore,88.58491844901044,0.04322034824043476,certified,0.355299748137881,32768,confirmation,28431110,0.005338565361092215,16908288,20260921,67103711,0,95,6.3382547572255135,6.3382547572255135,21034040,certified,0.04213514769799855,32768,0.03762762893073235,0.3369067797576147,completed,2048,129,2,0.15727662849603008,0.038210248888181905,0.005533461166771433,0.18305168989385706,0.040250664384536006,0.17707853720218064,0.0449911082354493
4,120,404,4.0,4294967296,learned,0,0.05572918765254407,explore,110.22715208391485,0.011815765747591899,full,0.3455667260818822,32768,confirmation,0,0.009482760750226022,0,20260921,0,0,97,6.1173235476017,6.1173235476017,21034050,full,0.061442859449759114,32768,0.017982355546989865,0.07596513707886937,completed,2048,129,2,0.053662112753108795,0.011633938740935247,0.013046716094911476,0.14827585702377277,0.01397066544935104,0.1399319363273338,0.014057592385922198
4,121,404,4.0,268435456,learned,0,0.2926723674085522,explore,751.4983893098383,0.07570580280218041,tail_fixed,4.536007463655305e-05,32768,confirmation,0,0.06459895279460623,0,20260921,0,0,456,4.31364868581295,4.31364868581295,21034050,tail_fixed,0.45810535199647995,32768,0.08280162563790244,0.6647385931239358,completed,2048,129,2,0.283230156230594,0.07172947540295861,0.06256190511817941,0.3684974588711061,0.07446675289657281,0.3602691755854575,0.0783400323424544
4,122,404,4.0,16908288,learned,0,0.051655977397572175,explore,111.34542860929601,0.010240753637396752,surrogate_only,0.3282395447887202,32768,confirmation,0,0.011510893820916527,16908288,20260921,0,0,97,3.430445361882448,3.430445361882448,21034050,surrogate_only,0.06485982745856038,32768,0.013055158222203806,0.03090180018881398,completed,2048,129,2,0.05758042871033317,0.011559965183013063,0.01449456215827508,0.1702507654316444,0.013586627542904224,0.1600028864387894,0.013439431906081767
4,123,404,4.0,4311875584,learned,67108864,0.11800609368985271,explore,118.53764073128376,0.0290510446070611,surrogate_full,0.281828214921708,32768,confirmation,0,0.0273675265618931,16908288,20260921,0,0,103,15.114851336926222,15.114851336926222,21034050,surrogate_full,0.12323129831205976,32768,0.022984708572742436,0.13164731688559533,completed,2048,129,2,0.10906952034302433,0.02603539273327403,0.029884596386537825,0.16272576102002784,0.027158144588522948,0.1524537786713663,0.029512578761645664
4,124,404,4.0,45842121,learned,8488,0.08173514515332583,explore,112.61850967464925,0.018870618581681792,certified,0.33816409845295053,32768,confirmation,28390601,0.018998059941233356,16908288,20260921,67100376,0,99,6.512581042945385,6.512581042945385,21034050,certified,0.11163148760408809,32768,0.021751850550249592,0.063511094105483,completed,2048,129,2,0.07742131066420971,0.017113766807436745,0.02198172827859191,0.1602232744389574,0.019576858576183635,0.14993397724281937,0.020834958830800804
4,125,405,4.0,4294967296,learned,0,0.08295512463200486,explore,212.23682216805534,0.019568169673747346,full,0.3560574858730393,32768,confirmation,0,0.0001683827238613166,0,20260921,0,0,106,6.112631104886532,6.112631104886532,21034060,full,0.0013470617908902384,32768,0.018064522570396317,0.04315065093418801,completed,2048,129,2,0.0836564507034459,0.01972315379523145,0.00023663628261448957,0.17951025397113124,0.02090949863594973,0.16822664358928952,0.021549927197849497
4,126,405,4.0,268435456,learned,0,0.5146702045452272,explore,2187.354470542263,0.1337690386801585,tail_fixed,3.655643043856631e-05,32768,confirmation,0,0.00023971007454695603,0,20260921,0,0,554,4.3233014754951,4.3233014754951,21034060,tail_fixed,0.0019176805963721493,32768,0.1291286673377431,1.8589721896123435,completed,2048,129,2,0.5062081207033463,0.1315889289739025,0.000307963633300129,0.5730409804378098,0.13464828725055655,0.5671460620904367,0.13613188340880814
4,127,405,4.0,16908288,learned,0,0.0751632878513733,explore,203.96044339059122,0.017393928473455778,surrogate_only,0.35553870679323374,32768,confirmation,0,0.00019880045320386927,16908288,20260921,0,0,101,3.273620542138815,3.273620542138815,21034060,surrogate_only,0.0015904036256299808,32768,0.015102663388973982,0.044112788135474236,completed,2048,129,2,0.06973603729483643,0.015618580243380899,0.0002670540119570422,0.1754235878189921,0.01724830256935294,0.1640563621137428,0.01862288548468874
4,128,405,4.0,4311875584,learned,67108864,0.07050081396930731,explore,204.2905477840759,0.015904373966986636,surrogate_full,0.37017333247366657,32768,confirmation,0,0.00017117906968538676,16908288,20260921,0,0,99,15.09770916774869,15.09770916774869,21034060,surrogate_full,0.0013694325574837708,32768,0.013529849234037484,0.053528761445348225,completed,2048,129,2,0.06636580961564675,0.01450528104679838,0.00023943262843855972,0.16320139614991364,0.017279101301077085,0.151557679530943,0.017468976352586166
4,129,405,4.0,64825717,learned,263296,0.11310266570437606,explore,205.50329485963513,0.0274658550208719,certified,0.23267250449521448,32768,confirmation,31066485,0.00021315022772930558,16908288,20260921,66845568,0,105,6.6835554502904415,6.6835554502904415,21034060,certified,0.0017052018218313234,32768,0.028593165292641456,0.09876430219500232,completed,2048,129,2,0.10874776295007098,0.026166429042274085,0.00028140378648247854,0.18431540078459638,0.027093437772838333,0.1727596492455505,0.028032046126783103
4,130,406,4.0,4294967296,learned,0,0.06907245514221219,explore,183.62207241749738,0.014791928133895339,full,0.3552381415693535,32768,confirmation,0,0.004791545234286276,0,20260921,0,0,102,6.15756706520915,6.15756706520915,21034070,full,0.0374996043133834,32768,0.01852454962828348,0.025595294106708757,completed,2048,129,2,0.04864507220609367,0.008297872851843885,0.006846740220736985,0.19524433349698067,0.012157210299435214,0.17332710249293903,0.017449982036332103
4,131,406,4.0,268435456,learned,0,0.4276717616707594,explore,1344.5068118636245,0.1270235771894798,tail_fixed,3.850703150614268e-05,32768,confirmation,0,0.029707406739020073,0,20260921,0,0,503,4.3163774125278,4.3163774125278,21034070,tail_fixed,0.228278734542599,32768,0.1554048168728313,2.032732380450995,completed,2048,129,2,0.41311925466870475,0.12033831549992166,0.026921494770295998,0.4318175398157439,0.12297763497240588,0.41721102291850154,0.1313327571544335
4,132,406,4.0,16908288,learned,0,0.1014777984173586,explore,180.92492747896605,0.025669576087958276,surrogate_only,0.3736563966644462,32768,confirmation,0,0.00694681048216785,16908288,20260921,0,0,101,3.274206757545471,3.274206757545471,21034070,surrogate_only,0.054464823387905106,32768,0.024768686292520693,0.11299448233718164,completed,2048,129,2,0.08433019853502066,0.019436608612404697,0.00900200546861856,0.16198137162919635,0.02140549230860601,0.14866283249250528,0.026134733796307326
4,133,406,4.0,4311875584,learned,67108864,0.0706245068643239,explore,176.62912095963642,0.015090031170843236,surrogate_full,0.3583374537572625,32768,confirmation,0,0.005064065640698624,16908288,20260921,0,0,98,15.086656711995602,15.086656711995602,21034070,surrogate_full,0.039817480319809584,32768,0.015375256761088385,0.038677953866895425,completed,2048,129,2,0.057328858049591994,0.00985120334308965,0.007119260627149333,0.20910820919419082,0.01387733196356003,0.18741496927808224,0.017114413120128145
4,134,406,4.0,164034098,learned,1827701,0.3582671031532295,explore,179.48397402337568,0.09040805742431429,certified,0.34013608097478887,32768,confirmation,30152946,0.00905289724065034,16908288,20260921,65281163,0,103,6.904932294040918,6.904932294040918,21034070,certified,0.062395009695210224,32768,0.09169433993073285,0.7879846569402487,completed,2048,129,2,0.33200370993417694,0.0834965606374172,0.0062669852719262654,0.3381178536697728,0.08427102636733293,0.32027680229703337,0.09057671278404933
4,135,407,4.0,4294967296,learned,0,0.0680610847019362,explore,174.2542645613287,0.013624860647896014,full,0.32473450324173997,32768,confirmation,0,0.00411587671550873,0,20260921,0,0,105,6.201645180583,6.201645180583,21034080,full,0.03202835664096086,32768,0.016653221861180456,0.07519721278276767,completed,2048,129,2,0.07383006648089155,0.014833858410440931,0.007898135799107826,0.18889812053880603,0.017545390232498577,0.16993675696628333,0.016336459866456078
4,136,407,4.0,268435456,learned,0,0.3685016818984032,explore,1467.6177104562134,0.0923787397237289,tail_fixed,3.553964882521067e-05,32768,confirmation,0,0.0036454623015381507,0,20260921,0,0,499,4.317948792129755,4.317948792129755,21034080,tail_fixed,0.028221093158406353,32768,0.0922613817635402,1.0690784982437247,completed,2048,129,2,0.3553130485725587,0.08840402843815745,0.007427721385137247,0.3695693580135028,0.09174799576178833,0.35483211684033394,0.09584660420679834
4,137,407,4.0,16908288,learned,0,0.07069745659516428,explore,169.24575191860518,0.014560797512892961,surrogate_only,0.33834141595307876,32768,confirmation,0,0.0023058697721796,16908288,20260921,0,0,100,3.278754509985447,3.278754509985447,21034080,surrogate_only,0.01838434763791674,32768,0.01682455842170151,0.03109960329286435,completed,2048,129,2,0.06349954856348783,0.012315452908415995,0.006088128855778696,0.2013543981746031,0.015167361645620717,0.18289186206990765,0.016639247863656375
4,138,407,4.0,4311875584,learned,67108864,0.060426600675269504,explore,176.3555697714063,0.012964169183987587,surrogate_full,0.2988655238712819,32768,confirmation,0,0.006010224930927351,16908288,20260921,0,0,105,15.154699224978685,15.154699224978685,21034080,surrogate_full,0.04721187629617305,32768,0.012953556290883524,0.05578669658828342,completed,2048,129,2,0.06501513130799169,0.013637480549017747,0.009792484014526447,0.16701596295697085,0.01548493967330693,0.14737353734567238,0.014449494208379484
4,139,407,4.0,48214539,learned,17701,0.08857478902060728,explore,172.08052435904943,0.02044923047852608,certified,0.3485936738437596,32768,confirmation,30173387,0.005017652324998588,16908288,20260921,67091163,0,102,6.593741670250893,6.593741670250893,21034080,certified,0.0380762497945564,32768,0.02538304578776763,0.0729543250961634,completed,2048,129,2,0.07369701981366387,0.016093682451693327,0.0010249269702676048,0.17284712866259483,0.01808579909022815,0.15338818742246244,0.021850004465025406
4,140,408,4.0,4294967296,learned,0,0.07554313297405914,explore,124.38652811845681,0.020152030287163624,full,0.2937031795201282,32768,confirmation,0,0.0032745176958441334,0,20260921,0,0,97,6.114237509667873,6.114237509667873,21034090,full,0.026040312535211777,32768,0.020358851670066687,0.11147995781999401,completed,2048,129,2,0.07175880043841999,0.01885135241661367,0.005180711727960096,0.10721012531918955,0.01997249403631933,0.10658848640122098,0.020638732425890784
4,141,408,4.0,268435456,learned,0,0.48178622693726425,explore,938.4715776250872,0.12769356035152774,tail_fixed,0.00017375638776333434,32768,confirmation,0,0.011534718468175317,0,20260921,0,0,456,4.314798038452864,4.314798038452864,21034090,tail_fixed,0.09212191871386058,32768,0.1174610993755025,1.6633702034351374,completed,2048,129,2,0.491491230616582,0.129630377791409,0.01344091250029128,0.5159100140669362,0.13215285144062094,0.515258043376031,0.13105702612499143
4,142,408,4.0,16908288,learned,0,0.05611630915667445,explore,121.89350070781553,0.0115734306175658,surrogate_only,0.3316115289655364,32768,confirmation,0,0.0025743095437095586,16908288,20260921,0,0,97,3.2675718925893307,3.2675718925893307,21034090,surrogate_only,0.02043864731813672,32768,0.012913591556814024,0.041970357131590495,completed,2048,129,2,0.05769852280181466,0.012370555319703502,0.004480503575825521,0.16604786461635068,0.014908437073171204,0.15743515410455955,0.014580041645376508
4,143,408,4.0,4311875584,learned,67108864,0.10301852415043826,explore,126.51079179879237,0.023250533963999405,surrogate_full,0.3307267001893849,32768,confirmation,0,0.0037622605857818726,16908288,20260921,0,0,100,15.086657874286175,15.086657874286175,21034090,surrogate_full,0.028533715635806332,32768,0.026680974455180806,0.1596651714608524,completed,2048,129,2,0.10448898726658755,0.02428641513476362,0.0017712866795706623,0.2275498066347568,0.02669401548849007,0.22481375825768796,0.02524778579527541
4,144,408,4.0,45965987,learned,5334,0.11439302726634593,explore,120.88518779996585,0.027675619512608017,certified,0.35743316328548563,32768,confirmation,28716323,0.004830724804652983,16908288,20260921,67103530,0,97,6.409528702497482,6.409528702497482,21034090,certified,0.0384899694056844,32768,0.027690667750501535,0.11772676023609224,completed,2048,129,2,0.1068685405721005,0.025630055784919534,0.0067369188367689455,0.164928183699144,0.026767391372134783,0.15593408012831167,0.02862247761284487
4,145,409,4.0,4294967296,learned,0,0.06260889563317354,explore,124.63622152548075,0.013824985381604232,full,0.32112889746222245,32768,confirmation,0,0.00024022184271189906,0,20260921,0,0,100,6.113399475812912,6.113399475812912,21034100,full,0.0019217469139591976,32768,0.013002802485811309,0.04221396669283889,completed,2048,129,2,0.05103002493733308,0.010005564050394086,0.00020124842937850607,0.14624794721052806,0.012142327797136098,0.13156207991215135,0.014695152621253935
4,146,409,4.0,268435456,learned,0,0.3678701881905609,explore,837.6919930534395,0.09576564642365246,tail_fixed,3.184130804860662e-05,32768,confirmation,0,0.00027070498120743136,0,20260921,0,0,468,4.392226353287697,4.392226353287697,21034100,tail_fixed,0.0021656120219269324,32768,0.0707796352014585,1.094444116382291,completed,2048,129,2,0.37019562660750893,0.09672414317289434,0.00023173156787403837,0.3097932184828178,0.09740470865735647,0.29964082583394164,0.09681853252097714
4,147,409,4.0,16908288,learned,0,0.04935290907050649,explore,124.33346898977335,0.010879306519682538,surrogate_only,0.29609207016260225,32768,confirmation,0,0.00011874674950976272,16908288,20260921,0,0,99,3.2875964269042015,3.2875964269042015,21034100,surrogate_only,0.0009499461683433784,32768,0.011183158109522586,0.04731718480979294,completed,2048,129,2,0.05116864791487412,0.011224113111922673,7.977333617636972e-05,0.1373266861496686,0.01305361075005191,0.12273654933350138,0.012455976667180658
4,148,409,4.0,4311875584,learned,67108864,0.10498065538981291,explore,133.56615551420134,0.02398898369977149,surrogate_full,0.3388470477366002,32768,confirmation,0,0.00021128986069232636,16908288,20260921,0,0,107,15.23758877068758,15.23758877068758,21034100,surrogate_full,0.0016902910578079264,32768,0.019832893369449822,0.09264859134539391,completed,2048,129,2,0.1096156250996628,0.02493164809896501,0.00017231644735893337,0.18811184279411153,0.02678927493876406,0.17437801916599466,0.02508434737818243
4,149,409,4.0,46681563,learned,6132,0.07142204868154975,explore,126.1343629496568,0.01458772412198557,certified,0.31730040121885916,32768,confirmation,29380827,0.00019657849275007966,16908288,20260921,67102732,0,100,6.397670987993479,6.397670987993479,21034100,certified,0.0015726001142664812,32768,0.016285683671316283,0.05160239226670967,completed,2048,129,2,0.07423093246439166,0.015423575524124433,0.00015760507941668667,0.18190696192645522,0.017930364500407303,0.1681377572205296,0.017308334549582534
4,150,400,4.0,4294967296,learned,0,0.09267726859887376,explore,191.68714341467063,0.021719968356562862,full,0.3611316416189278,32768,confirmation,0,0.010848118169620337,0,20260921,0,0,100,6.1169954016804695,6.1169954016804695,21044010,full,0.07790400456806144,32768,0.025284871686077064,0.06221108268589806,completed,2048,129,3,0.10213431830460783,0.024529568150301155,0.0065766163434375375,0.1678316116171113,0.02583550042727064,0.17415511509598375,0.023240624803131178
4,151,400,4.0,268435456,learned,0,0.5483806076280019,explore,2121.8630497585104,0.15886488210246397,tail_fixed,6.429740290641987e-05,32768,confirmation,0,0.03278738720378804,0,20260921,0,0,554,4.326361000537872,4.326361000537872,21044010,tail_fixed,0.24367205255436428,32768,0.18184356175299643,2.4772740329123106,completed,2048,129,3,0.5459754458189991,0.1608218422447566,0.02851588537760524,0.4924399511083649,0.16141008269812976,0.4965918675651464,0.15933023340696587
4,152,400,4.0,16908288,learned,0,0.06786561438978794,explore,195.07763588292337,0.015159461634825013,surrogate_only,0.3314764805070034,32768,confirmation,0,0.008342713534289592,16908288,20260921,0,0,102,3.672362670302391,3.672362670302391,21044010,surrogate_only,0.05498963093955444,32768,0.018656700850206105,0.02763026204544918,completed,2048,129,3,0.08576618900114513,0.02007434950959599,0.004071211708106792,0.17624470236594864,0.022254084527952866,0.18248661852663736,0.017458527706981995
4,153,400,4.0,4311875584,learned,67108864,0.09635381767146234,explore,196.78836572966588,0.023749141211936192,surrogate_full,0.32650941476559264,32768,confirmation,0,0.011995260409307809,16908288,20260921,0,0,102,14.9161495603621,14.9161495603621,21044010,surrogate_full,0.08380859615694652,32768,0.02695686839765154,0.07411355267788095,completed,2048,129,3,0.10624540894838062,0.025966916836292188,0.007723758583125009,0.14809783882212235,0.027880107775823913,0.15460408068962284,0.02477455921545372
4,154,400,4.0,66452786,learned,373556,0.06491210670049274,explore,195.3339345273871,0.013774330054992552,certified,0.38000717286811553,32768,confirmation,25636914,0.00748746857063546,16908288,20260921,66735308,0,100,6.921666167676449,6.921666167676449,21044010,certified,0.051923434797962034,32768,0.017040617369158746,0.030877273232531983,completed,2048,129,3,0.08152180674729687,0.018218062786916206,0.0036679437206669843,0.1756269541690163,0.021466271185420986,0.18181049555365314,0.01616221616227995
4,155,401,4.0,4294967296,learned,0,0.09570023866055957,explore,93.00766959911778,0.022071141346532267,full,0.36413028854156765,32768,confirmation,0,0.0017464282283501228,0,20260921,0,0,93,6.110674824565649,6.110674824565649,21044020,full,0.013877428145261897,32768,0.02459280246284116,0.08107384879198246,completed,2048,129,3,0.09686890160606676,0.022805740112282043,0.0008378245860293629,0.17425696205326613,0.023712631845003208,0.17708328274375487,0.023961401445894648
4,156,401,4.0,268435456,learned,0,0.4129410436036658,explore,397.27291720817635,0.11166832603763993,tail_fixed,0.0023968735787902816,32768,confirmation,0,0.005410478064695962,0,20260921,0,0,349,4.302188936620951,4.302188936620951,21044020,tail_fixed,0.0431181396396012,32768,0.12016502650548061,1.3326467976949932,completed,2048,129,3,0.40251149842996026,0.10875473592552293,0.004501874422375202,0.37605225219699306,0.1109473104487114,0.37807951573452864,0.11315284796843283
4,157,401,4.0,16908288,learned,0,0.07976372640236973,explore,93.11228978865566,0.016731573108615175,surrogate_only,0.3503809743459016,32768,confirmation,0,0.0011189550536545997,16908288,20260921,0,0,94,3.2874036990106106,3.2874036990106106,21044020,surrogate_only,0.008822579607374013,32768,0.01883608610676899,0.10373852240103401,completed,2048,129,3,0.0714496470980303,0.013838534117935987,0.00021035141133383966,0.16737091068888912,0.0178514943513355,0.16930675160186281,0.018793053103043696
4,158,401,4.0,4311875584,learned,67108864,0.10541721827071775,explore,91.97487518786139,0.02575323403210806,surrogate_full,0.3023915373537627,32768,confirmation,0,0.0009457841704751714,16908288,20260921,0,0,93,15.079824902117252,15.079824902117252,21044020,surrogate_full,0.005740811781061559,32768,0.026224170348534373,0.10503571802995577,completed,2048,129,3,0.10079471757128482,0.024305629783432908,0.0016552195067097754,0.17986709889112046,0.02689712442464818,0.1831474070615537,0.02824976703525854
4,159,401,4.0,42159727,learned,1393,0.07608111880397525,explore,93.14302405453611,0.016734190562676127,certified,0.26482221566640407,32768,confirmation,25162287,0.001429016309281616,16908288,20260921,67107471,0,93,6.227319892495871,6.227319892495871,21044020,certified,0.01136305806256348,32768,0.01926678387313773,0.07174813947855405,completed,2048,129,3,0.08011625021186299,0.017752194501356892,0.0005204126669608558,0.15910360335905255,0.019903764549950433,0.16189152684506766,0.018404211541945992
4,160,402,4.0,4294967296,learned,0,0.05847480947900285,explore,125.11279687398591,0.013046294632744058,full,0.37662114780458705,32768,confirmation,0,2.5379689855276055e-07,0,20260921,0,0,100,6.114367112517357,6.114367112517357,21044030,full,2.0303742726066737e-06,32768,0.016791693942263534,0.06074667134564008,completed,2048,129,3,0.04476393703893678,0.009155067328360772,1.7539605569327765e-07,0.13221212287840894,0.01111494541215663,0.13633505111859273,0.01462153748051136
4,161,402,4.0,268435456,learned,0,0.39448352803294645,explore,1162.1973031031673,0.10701641326375039,tail_fixed,3.486968889910252e-05,32768,confirmation,0,2.5379689833071595e-07,0,20260921,0,0,465,4.313488010317087,4.313488010317087,21044030,tail_fixed,2.030374271607473e-06,32768,0.11111015355860845,1.3601163883076401,completed,2048,129,3,0.3901177303742589,0.10502743447162739,1.7539605547123305e-07,0.39085034159805176,0.10610727005354349,0.3933278404305902,0.10819758217866612
4,162,402,4.0,16908288,learned,0,0.05348398526971255,explore,120.02821831532148,0.011067603875704983,surrogate_only,0.36361681122702066,32768,confirmation,0,2.5379689855276055e-07,16908288,20260921,0,0,94,3.2657381035387516,3.2657381035387516,21044030,surrogate_only,2.030374273050763e-06,32768,0.011667256123755394,0.058098959559702276,completed,2048,129,3,0.04935219536982746,0.010497695741824242,1.7539605569327765e-07,0.12060348454690777,0.012646882529428121,0.12469720500082863,0.012958706862424734
4,163,402,4.0,4311875584,learned,67108864,0.06976053399749393,explore,124.97827282307402,0.013527659598579149,surrogate_full,0.31379730197994093,32768,confirmation,0,2.5379689844173825e-07,16908288,20260921,0,0,97,15.083635248243809,15.083635248243809,21044030,surrogate_full,2.030374272384629e-06,32768,0.0167358140174943,0.03293966337829934,completed,2048,129,3,0.0725122062013887,0.014698227257789631,1.7539605558225535e-07,0.19091520798189865,0.017937439298150164,0.19470723141523655,0.016826295306568984
4,164,402,4.0,43974767,learned,2122,0.062032055096463055,explore,126.70136408904969,0.013780734326896492,certified,0.3315155313480357,32768,confirmation,26930671,2.5379689844173825e-07,16908288,20260921,67106742,0,99,6.2860576547682285,6.2860576547682285,21044030,certified,2.030374273050763e-06,32768,0.014353999675830438,0.06922850068148519,completed,2048,129,3,0.05970927333008843,0.013097507027428928,1.7539605558225535e-07,0.15148972253560367,0.01560176016323601,0.152623164304137,0.015581698093311976
4,165,403,4.0,4294967296,learned,0,0.07120218175716465,explore,87.65566235127244,0.016692617020161775,full,0.361758170894745,32768,confirmation,0,0.0014261809451410618,0,20260921,0,0,92,6.115408271551132,6.115408271551132,21044040,full,0.0113948893654217,32768,0.017518567212160753,0.07945178375534052,completed,2048,129,3,0.08748856186605869,0.020849274045738674,0.0022505695846300883,0.13729718641900682,0.022340471058440687,0.1376622086222145,0.018221043715353956
4,166,403,4.0,268435456,learned,0,0.38237916706963804,explore,429.1498110693548,0.10083191914188486,tail_fixed,0.00014721142301098438,32768,confirmation,0,0.0035773210519691734,0,20260921,0,0,364,4.413258146494627,4.413258146494627,21044040,tail_fixed,0.028604010220044558,32768,0.0985521041466764,0.9452198447729326,completed,2048,129,3,0.37170179638186374,0.09761349069923728,0.0044017096914582,0.3343039505347936,0.09897356658518104,0.33443450791964036,0.10140448211311054
4,167,403,4.0,16908288,learned,0,0.05017525123267874,explore,87.1949299676649,0.010201819196480798,surrogate_only,0.31896124777906576,32768,confirmation,0,0.0007738349952732398,16908288,20260921,0,0,91,3.2705197669565678,3.2705197669565678,21044040,surrogate_only,0.00616303642943435,32768,0.012308441240316558,0.03097190640638041,completed,2048,129,3,0.048183241101561386,0.009596393527000768,0.0016003637239491858,0.15332146098589836,0.012104816179162477,0.15349944942986865,0.012455533710717188
4,168,403,4.0,4311875584,learned,67108864,0.08033512405358263,explore,90.12289715664576,0.018396228272485483,surrogate_full,0.3451145948038959,32768,confirmation,0,0.00012877820729169376,16908288,20260921,0,0,95,15.084683276712894,15.084683276712894,21044040,surrogate_full,0.0010156674626199754,32768,0.01939268136740651,0.0618992010898579,completed,2048,129,3,0.08039152898939655,0.01844082910751147,0.0009531668467807203,0.1358951700555156,0.019791519616301864,0.13605191879382134,0.019950954169762114
4,169,403,4.0,42187337,learned,1306,0.06411788732010808,explore,90.33258216693835,0.014097541132841698,certified,0.36724830910088957,32768,confirmation,25195465,0.0018138516232402424,16908288,20260921,67107558,0,93,6.331519793719053,6.331519793719053,21044040,certified,0.014496254790215919,32768,0.015764290181995218,0.03400006366313925,completed,2048,129,3,0.0699065138676328,0.015554664683114797,0.002638240262729269,0.17088893149446,0.017281429181791447,0.171015166817549,0.015505433512728591
4,170,404,4.0,4294967296,learned,0,0.04300644658971385,explore,109.62650872611714,0.006824316048093051,full,0.32226674709084663,32768,confirmation,0,0.01069480504621122,0,20260921,0,0,97,6.114892598241568,6.114892598241568,21044050,full,0.058422693489588576,32768,0.011282290104094216,0.02214073316722314,completed,2048,129,3,0.05840120822865448,0.01187535568840135,0.009418242898060706,0.17580239013957455,0.013651521446386537,0.17881258765523594,0.010694892716099986
4,171,404,4.0,268435456,learned,0,0.3636719616830305,explore,694.9462996040769,0.09347444875405865,tail_fixed,8.087414502813144e-05,32768,confirmation,0,0.09672444121361495,0,20260921,0,0,454,4.315892416983843,4.315892416983843,21044050,tail_fixed,0.45377626316847386,32768,0.10686869169018716,0.9460684992945978,completed,2048,129,3,0.367884401433731,0.09497883629366119,0.09929773501879219,0.42300067602491864,0.09658476454820007,0.4251239534315417,0.09618054864284928
4,172,404,4.0,16908288,learned,0,0.09493555415857742,explore,110.92333032054648,0.02293665142500856,surrogate_only,0.37267058096669714,32768,confirmation,0,0.019608992646560453,16908288,20260921,0,0,97,3.277278032153845,3.277278032153845,21044050,surrogate_only,0.0842997307047167,32768,0.023906170288425597,0.10427489082728847,completed,2048,129,3,0.11368225326541466,0.028433137973929004,0.0273760936744453,0.14911382957011401,0.02963619673054058,0.15228958438794093,0.024343974030759823
4,173,404,4.0,4311875584,learned,67108864,0.08420096701641222,explore,110.66479173716156,0.018783150362921025,surrogate_full,0.3236548573114643,32768,confirmation,0,0.010048211416563334,16908288,20260921,0,0,97,15.071573246270418,15.071573246270418,21044050,surrogate_full,0.06001259746757061,32768,0.019571185654533866,0.05311300657498153,completed,2048,129,3,0.09072129513753367,0.020564926344253956,0.01781531244444818,0.16643125064901992,0.02273958328623448,0.16962844584391076,0.02054466362415737
4,174,404,4.0,42677620,learned,9705,0.1458197675687678,explore,107.60295471204023,0.038808226542802665,certified,0.3709558974077113,32768,confirmation,25148212,0.02407819677960773,16908288,20260921,67099159,0,96,6.548596050590277,6.548596050590277,21044050,certified,0.1382242683987764,32768,0.04229966580971932,0.2960911328898785,completed,2048,129,3,0.14411624107547377,0.03836125043009317,0.02723304464077573,0.19701039331973394,0.040071002554823335,0.194073181320497,0.040262724455213686
4,175,405,4.0,4294967296,learned,0,0.07332056868830283,explore,198.35349970324364,0.016724430954689992,full,0.36224048998704395,32768,confirmation,0,5.745514431742719e-05,0,20260921,0,0,99,6.11329398676753,6.11329398676753,21044060,full,0.00045964115453443516,32768,0.015643347587780222,0.044811231378691634,completed,2048,129,3,0.08827399679357113,0.020849603704637412,5.96259162919207e-06,0.15353427860367969,0.021771855012536437,0.16008273150782465,0.017814555405967464
4,176,405,4.0,268435456,learned,0,0.3888637315849458,explore,2215.2020055671446,0.1094244982443738,tail_fixed,3.5373157986667654e-05,32768,confirmation,0,0.0003713813692459156,0,20260921,0,0,553,4.2454180382192135,4.2454180382192135,21044060,tail_fixed,0.0029710509539667687,32768,0.11266061741142408,1.397391280401922,completed,2048,129,3,0.37720865473276327,0.10487278404971205,0.00030796363330024,0.3797008044175103,0.10721941317598399,0.38485573784870547,0.11268704616625216
4,177,405,4.0,16908288,learned,0,0.0773465417156119,explore,194.26870995521463,0.01853067382469068,surrogate_only,0.38046068981439934,32768,confirmation,0,0.00031906336676397863,16908288,20260921,0,0,96,3.2699051462113857,3.2699051462113857,21044060,surrogate_only,0.0025525069341071492,32768,0.014483861214365377,0.0521596365377669,completed,2048,129,3,0.08173964594005817,0.019016138022704653,0.00025564563081830307,0.15143376469949055,0.02034114163903045,0.1580333102508691,0.019144201574783207
4,178,405,4.0,4311875584,learned,67108864,0.08205976283991843,explore,198.5930953222594,0.02062233936158743,surrogate_full,0.38530345981465774,32768,confirmation,0,0.0002356898832014071,16908288,20260921,0,0,97,15.087208561599255,15.087208561599255,21044060,surrogate_full,0.0018855190656091106,32768,0.016795125277534934,0.057435149084023356,completed,2048,129,3,0.08612649590187901,0.02127670629178867,0.00017227214725573154,0.1488548919613532,0.02217620839708321,0.15549707421532016,0.02148352762305101
4,179,405,4.0,71551379,learned,426828,0.0950888289105698,explore,199.19118390702266,0.023244184300667617,certified,0.3866278861745884,32768,confirmation,27326099,0.0003187885201120614,16908288,20260921,66682036,0,99,6.567005529999733,6.567005529999733,21044060,certified,0.0025503081608928405,32768,0.022819402264705097,0.08355206278099105,completed,2048,129,3,0.09349891785824155,0.022695453460894507,0.0002553707841663581,0.1627275625836052,0.023888839784579154,0.16937061281914736,0.02401424596513815
4,180,406,4.0,4294967296,learned,0,0.08212729302427758,explore,185.1751709950439,0.01884968550014185,full,0.3719342068555522,32768,confirmation,0,0.00378582575272568,0,20260921,0,0,100,6.113346561789513,6.113346561789513,21044070,full,0.029643883040053047,32768,0.02000115945813779,0.046248634945392574,completed,2048,129,3,0.07845924614711966,0.017122348607614357,0.003138976192177678,0.16224223394823903,0.02006577984877962,0.15836899292480364,0.020947182134608243
4,181,406,4.0,268435456,learned,0,0.35964934470322013,explore,1314.119650725526,0.11163635221225374,tail_fixed,4.070370195981527e-05,32768,confirmation,0,0.006420667502873437,0,20260921,0,0,505,4.318535830825567,4.318535830825567,21044070,tail_fixed,0.05046173774141841,32768,0.16909071499313383,1.4246968068435761,completed,2048,129,3,0.36489027022740056,0.10990901531972624,0.005773817942325435,0.3805707015521177,0.11292870916978351,0.3777421806795133,0.1158123050068491
4,182,406,4.0,16908288,learned,0,0.060306494245453215,explore,190.84363050724878,0.012971805335868732,surrogate_only,0.3478331770353424,32768,confirmation,0,0.0042268235395126075,16908288,20260921,0,0,102,3.2736896462738514,3.2736896462738514,21044070,surrogate_only,0.03285923977890262,32768,0.015105602263030163,0.038800641501594235,completed,2048,129,3,0.05632301352083884,0.011103759994475819,0.0035799739789646057,0.162708324520711,0.0137924659648012,0.1587798593298541,0.014919939648743526
4,183,406,4.0,4311875584,learned,67108864,0.06633315679138721,explore,187.24644799726696,0.015977685576896723,surrogate_full,0.32524246576736837,32768,confirmation,0,0.003601072863058781,16908288,20260921,0,0,104,15.152401357889175,15.152401357889175,21044070,surrogate_full,0.02824757261106254,32768,0.01565816025269626,0.060122955726144046,completed,2048,129,3,0.060919391525745714,0.013486595532819785,0.002954223302510779,0.15319512676676367,0.01570621619851816,0.14886977157189418,0.0168170594254817
4,184,406,4.0,105438736,learned,977173,0.11514270458315679,explore,192.22187952056774,0.02665845608011254,certified,0.34444312384333825,32768,confirmation,25991376,0.00617790943560894,16908288,20260921,66131691,0,107,6.616604182869196,6.616604182869196,21044070,certified,0.039378405837870334,32768,0.02576841933326568,0.11243160844584087,completed,2048,129,3,0.12193926890165967,0.028631050755206736,0.005306344678665552,0.18858654521589965,0.03135921782823281,0.18503224477613545,0.029145853219297746
4,185,407,4.0,4294967296,learned,0,0.07293543952127132,explore,172.79126868782438,0.015510265644327814,full,0.3243526510590152,32768,confirmation,0,0.007996709322906442,0,20260921,0,0,100,6.155482452362776,6.155482452362776,21044080,full,0.06343767507564552,32768,0.01976982588051215,0.07872503501287574,completed,2048,129,3,0.09233151699185521,0.020848340677436183,0.005642470138746275,0.1635705323494062,0.022949651226588513,0.1661983979535284,0.018154530154590162
4,186,407,4.0,268435456,learned,0,0.4493286108391502,explore,1386.5392547142642,0.11603446871696098,tail_fixed,4.396166495229417e-05,32768,confirmation,0,0.024276228116294735,0,20260921,0,0,495,4.319366373121738,4.319366373121738,21044080,tail_fixed,0.1934740659040114,32768,0.10392779917610609,1.389802875270798,completed,2048,129,3,0.44449353030918093,0.11450897208174836,0.021921988932134567,0.39674966598494377,0.11557857072468489,0.3994045073017438,0.11659681271318523
4,187,407,4.0,16908288,learned,0,0.07604768303405333,explore,171.67491214331915,0.01591202239004054,surrogate_only,0.3405073082487371,32768,confirmation,0,0.0059423518351905645,16908288,20260921,0,0,101,3.27832905203104,3.27832905203104,21044080,surrogate_only,0.04688812573108865,32768,0.02314924529019489,0.09055739427955381,completed,2048,129,3,0.06447424950569218,0.013160881351510062,0.003588112651030397,0.14555341250933995,0.015401368970401433,0.14959054430223034,0.018588153482652255
4,188,407,4.0,4311875584,learned,67108864,0.06878031361231368,explore,167.53404511702266,0.01555391003387532,surrogate_full,0.3779671321260063,32768,confirmation,0,0.0012054212523744216,16908288,20260921,0,0,97,15.096766874194145,15.096766874194145,21044080,surrogate_full,0.00901432954925608,32768,0.016158836877494302,0.03635724206635126,completed,2048,129,3,0.07894417058863029,0.018465617332085738,0.0021518475206015915,0.15508250074128918,0.018972209111089433,0.15862971873352694,0.01680636020603586
4,189,407,4.0,44153271,learned,12229,0.1209814718491544,explore,182.36358163314216,0.028889746191412106,certified,0.2652585277169299,32768,confirmation,26462327,0.003294081466823473,16908288,20260921,67096635,0,106,6.431044887751341,6.431044887751341,21044080,certified,0.023918522833640987,32768,0.024619156005986412,0.09281506428643628,completed,2048,129,3,0.13350090458727765,0.03180145348962252,0.0059321544022098716,0.19257199027689456,0.03272228654377601,0.19594688513100383,0.029143059887858237
4,190,408,4.0,4294967296,learned,0,0.0541078098091249,explore,118.23223230203968,0.010040412010956616,full,0.35924528315909426,32768,confirmation,0,0.004703987683774646,0,20260921,0,0,94,6.116050258278847,6.116050258278847,21044090,full,0.03749750924515258,32768,0.01276036127521818,0.03355399155743254,completed,2048,129,3,0.06138723801098002,0.012569201379931408,0.004044986194506583,0.1739991446361831,0.014823468006127202,0.17756873674488138,0.013810544153991706
4,191,408,4.0,268435456,learned,0,0.4667204176661547,explore,924.3890080402149,0.1326402314636302,tail_fixed,8.544264120651219e-05,32768,confirmation,0,0.014099913989559454,0,20260921,0,0,451,4.4343473464250565,4.4343473464250565,21044090,tail_fixed,0.11266491969143665,32768,0.1375357876985109,1.7164873529541063,completed,2048,129,3,0.4661073347116231,0.13173963832791089,0.013440912500291391,0.4532112128495428,0.1350570212107972,0.4558789953912682,0.13576981128115692
4,192,408,4.0,16908288,learned,0,0.10322922989525019,explore,118.90938640234972,0.025437879750510133,surrogate_only,0.37003293578919433,32768,confirmation,0,0.001586847975430886,16908288,20260921,0,0,95,3.3937852531671524,3.3937852531671524,21044090,surrogate_only,0.011625075666600582,32768,0.023817858618184397,0.09800356625586518,completed,2048,129,3,0.1057376201087977,0.026211323677735352,0.0022900846977420373,0.1496665428383935,0.027301128633573313,0.1535305516843564,0.026618851357064766
4,193,408,4.0,4311875584,learned,67108864,0.07438134049513534,explore,115.9190314228695,0.016722963927009647,surrogate_full,0.36705626560752147,32768,confirmation,0,0.005826001601383241,16908288,20260921,0,0,93,15.076910857111216,15.076910857111216,21044090,surrogate_full,0.04652691520880241,32768,0.01720182476068717,0.0408684902957581,completed,2048,129,3,0.06584036152525428,0.01418254913332381,0.005167000112115178,0.15856601788127977,0.016138251991060504,0.162304564029989,0.018336199091853207
4,194,408,4.0,42643086,learned,1466,0.07344865349533854,explore,124.60996249058371,0.015830938638755038,certified,0.32290978150522665,32768,confirmation,25640974,0.0060128737261684485,16908288,20260921,67107398,0,99,6.303151972591877,6.303151972591877,21044090,certified,0.04796859758430338,32768,0.01738940546543276,0.046565234162660514,completed,2048,129,3,0.07363642355017093,0.016276387407189168,0.0053538722369003856,0.18860705167800568,0.018549666032392283,0.19218384371191577,0.018818095592936845
4,195,409,4.0,4294967296,learned,0,0.06456819236408418,explore,126.1847459523354,0.013964752456168343,full,0.3212252375820924,32768,confirmation,0,0.00018046131531310183,0,20260921,0,0,102,6.195960737764835,6.195960737764835,21044100,full,0.0014436781191885756,32768,0.013534162655688669,0.04184951154061583,completed,2048,129,3,0.059884226768924666,0.012124127156910088,0.00020788482704572897,0.15595973253354728,0.01476436026012142,0.15689862935782356,0.015304593498583176
4,196,409,4.0,268435456,learned,0,0.3437622950727563,explore,779.3921166051633,0.09144600472257268,tail_fixed,4.454841941415733e-05,32768,confirmation,0,0.00019617949560962744,0,20260921,0,0,460,4.311791900545359,4.311791900545359,21044100,tail_fixed,0.0015694235615646345,32768,0.08553325071172763,1.1424501521595614,completed,2048,129,3,0.3378447751855928,0.0884354440578558,0.00022360300734225458,0.32883095334075213,0.08949607346734577,0.32899172648614444,0.09236149130716206
4,197,409,4.0,16908288,learned,0,0.05245738550891599,explore,122.78065761656457,0.010281908020307852,surrogate_only,0.37393799395510935,32768,confirmation,0,0.00019119246278347102,16908288,20260921,0,0,100,3.2825577072799206,3.2825577072799206,21044100,surrogate_only,0.0015295272989541266,32768,0.013034504336589951,0.03075895373570168,completed,2048,129,3,0.048370370915398156,0.009612421769891237,0.00021861597451609815,0.1497284661912141,0.011593522427814744,0.15057694648348888,0.012718876269733392
4,198,409,4.0,4311875584,learned,67108864,0.05889589093884912,explore,123.25937997337603,0.010956211977905791,surrogate_full,0.3094206020459404,32768,confirmation,0,7.563670734714312e-05,16908288,20260921,0,0,98,15.403603911399841,15.403603911399841,21044100,surrogate_full,0.0006050812554623337,32768,0.012702161294184194,0.02520088386991421,completed,2048,129,3,0.05298535850466961,0.008718024160996027,0.00010306021907977025,0.1971600463220714,0.012345171238986513,0.19794862094606747,0.013484052357280153
4,199,409,4.0,43314881,learned,1740,0.06512109460004062,explore,126.25572471136972,0.014458058282832434,certified,0.3067210644224407,32768,confirmation,26295233,1.0413215267318643e-05,16908288,20260921,67107124,0,103,6.2888073697686195,6.2888073697686195,21044100,certified,8.329331882529471e-05,32768,0.014377328679063245,0.04586806535405983,completed,2048,129,3,0.06236736520406718,0.013248187542923201,3.783672699994578e-05,0.15742844400645836,0.014640372728824777,0.16064842702423093,0.015917667968533923
4,200,400,4.0,4294967296,learned,0,0.06382824777729937,explore,197.62472500188565,0.013718616715332295,full,0.3670029009610715,32768,confirmation,0,0.00616784804693536,0,20260921,0,0,99,6.119787633419037,6.119787633419037,21054010,full,0.04688747292158096,32768,0.019232391003007988,0.04379782598646394,completed,2048,129,4,0.10991292133269416,0.02727147689641754,0.006288419161648224,0.15302857190759306,0.029286848336653494,0.16026980462119556,0.016431597108691746
4,201,400,4.0,268435456,learned,0,0.5073240886456805,explore,2223.2278284558543,0.14797957595923672,tail_fixed,3.231509897862825e-05,32768,confirmation,0,0.028302475776832318,0,20260921,0,0,551,4.460507530719042,4.460507530719042,21054010,tail_fixed,0.2128753737896495,32768,0.1850743744585066,2.216371842665312,completed,2048,129,4,0.5323742069422176,0.16156842989523912,0.028423046891545182,0.47890001747039374,0.1626924353440647,0.4841965985639517,0.14941703231436587
4,202,400,4.0,16908288,learned,0,0.07195852367881662,explore,194.092883844266,0.015312703854832367,surrogate_only,0.36841446416246476,32768,confirmation,0,0.010152178055271403,16908288,20260921,0,0,100,3.2771985456347466,3.2771985456347466,21054010,surrogate_only,0.07184604430043226,32768,0.01846954039019329,0.0323931696390067,completed,2048,129,4,0.11847865433989438,0.02890155779083478,0.010272749169984267,0.18171352511989264,0.031608455699093076,0.1887851585842762,0.018663346291816832
4,203,400,4.0,4311875584,learned,67108864,0.10637046000189868,explore,206.16920001748448,0.02599760227856078,surrogate_full,0.3082727663909256,32768,confirmation,0,0.008973210212812912,16908288,20260921,0,0,104,15.077984657138586,15.077984657138586,21054010,surrogate_full,0.06886496506470623,32768,0.02517291607690684,0.07494633404545269,completed,2048,129,4,0.149558254561937,0.038658121551256426,0.00823885416545626,0.18917581593232213,0.03887811659487155,0.1956615372729422,0.027067119633430333
4,204,400,4.0,68740508,learned,388462,0.0904011811286596,explore,203.06098965163267,0.021469209404303184,certified,0.36071041824926464,32768,confirmation,26970652,0.00729890404353206,16908288,20260921,66720402,0,104,6.5765481777489185,6.5765481777489185,21054010,certified,0.054521094826048166,32768,0.021296786319823423,0.05122575814596724,completed,2048,129,4,0.13580404389503276,0.03455671765450492,0.007336869249268485,0.18643370669112586,0.03522198482327236,0.19026124834643768,0.022458758984952032
4,205,401,4.0,4294967296,learned,0,0.06311054393523087,explore,91.24534936587017,0.01461161529833752,full,0.3500267241845112,32768,confirmation,0,0.0006789286569582803,0,20260921,0,0,94,6.123214572668076,6.123214572668076,21054020,full,0.005287080665688346,32768,0.01658833646096218,0.06435707513629574,completed,2048,129,4,0.07598600505096588,0.018456511148810535,0.0005575591980380906,0.14062679987881857,0.01915623053253765,0.1388851087102987,0.015893808282452813
4,206,401,4.0,268435456,learned,0,0.32822586171273294,explore,344.54353452649104,0.08777340511525593,tail_fixed,0.00241441550397366,32768,confirmation,0,0.0010014287997645059,0,20260921,0,0,345,4.300127733498812,4.300127733498812,21054020,tail_fixed,0.007913613303054352,32768,0.10288295987423146,0.9025012786363166,completed,2048,129,4,0.34266886121006024,0.0929248347345585,0.001197605274071342,0.3080193624443738,0.09346110886429171,0.30659850431726526,0.0883376570703935
4,207,401,4.0,16908288,learned,0,0.060016950471876246,explore,90.7435574513585,0.01426069936981136,surrogate_only,0.33261207247321306,32768,confirmation,0,0.0018263203258938726,16908288,20260921,0,0,94,3.2969159334897995,3.2969159334897995,21054020,surrogate_only,0.012319877993207173,32768,0.014284105168727908,0.06280264946258035,completed,2048,129,4,0.07462435610360608,0.0182245349060259,0.0019476855195095638,0.12646696984779282,0.01877011426481713,0.12465115511217753,0.015112644970975142
4,208,401,4.0,4311875584,learned,67108864,0.06371456347755122,explore,92.62155318103261,0.013271920293011358,surrogate_full,0.3415514431630147,32768,confirmation,0,0.0021923214427634345,16908288,20260921,0,0,95,15.07357208058238,15.07357208058238,21054020,surrogate_full,0.015596132397376573,32768,0.015686527292433698,0.0413149285067795,completed,2048,129,4,0.07295716741436967,0.01588976447897236,0.0023136866363791257,0.1748805751694763,0.017910188027756076,0.17320169040619718,0.0156592719490443
4,209,401,4.0,41621827,learned,1003,0.13677924429441526,explore,90.94737771501266,0.03327708144034383,certified,0.36552101979068913,32768,confirmation,24649347,0.002678868854751051,16908288,20260921,67107861,0,94,6.203726910054684,6.203726910054684,21054020,certified,0.018672285045125657,32768,0.027445828487970423,0.22880713931563906,completed,2048,129,4,0.13463692090140378,0.03290400788547895,0.002800234048366742,0.18871399834713326,0.03377201582840074,0.18970236096970025,0.03412037079051953
4,210,402,4.0,4294967296,learned,0,0.09924419634698281,explore,125.52445890639287,0.02259211289671019,full,0.3523609384605985,32768,confirmation,0,1.1812044367620622e-07,0,20260921,0,0,98,6.1106086522340775,6.1106086522340775,21054030,full,9.449633549824053e-07,32768,0.024319099134440456,0.0826231274564695,completed,2048,129,4,0.12003657657645184,0.029019135398303406,1.7539605547123305e-07,0.16801936681759866,0.030155963242248097,0.16802731783216862,0.02556272005753589
4,211,402,4.0,268435456,learned,0,0.4581426977680309,explore,1132.739570479581,0.11626591481515591,tail_fixed,3.419631724749242e-05,32768,confirmation,0,1.1812044367620622e-07,0,20260921,0,0,464,4.511850111186504,4.511850111186504,21054030,tail_fixed,9.4496335376116e-07,32768,0.11576598600403687,1.284064691707547,completed,2048,129,4,0.4781249054982662,0.12360725979800805,1.7539605547123305e-07,0.44699051907279475,0.12387754290250566,0.44694094471196505,0.11655965797778613
4,212,402,4.0,16908288,learned,0,0.05236250249495281,explore,126.15758682199058,0.010223209086600085,surrogate_only,0.34640532725847517,32768,confirmation,0,1.1812044367620622e-07,16908288,20260921,0,0,99,3.312158267945051,3.312158267945051,21054030,surrogate_only,9.449633534280931e-07,32768,0.012408536899523006,0.023394754382160283,completed,2048,129,4,0.08728582998637549,0.020497422188010053,1.7539605547123305e-07,0.16688251259161724,0.021049658177333765,0.16681493292093946,0.012400293579310526
4,213,402,4.0,4311875584,learned,67108864,0.06580062007929838,explore,128.20632057017784,0.014524724231975802,surrogate_full,0.3244860222006283,32768,confirmation,0,1.1812044367620622e-07,16908288,20260921,0,0,100,15.111088775098324,15.111088775098324,21054030,surrogate_full,9.449633532060485e-07,32768,0.014520973775342953,0.03427520260473114,completed,2048,129,4,0.09749197416891464,0.02309854120474479,1.7539605547123305e-07,0.1620243327750892,0.024313821182507266,0.16204451104050416,0.015857676375700507
4,214,402,4.0,43624947,learned,1780,0.058417081732356005,explore,123.18999623868555,0.013105322593870261,certified,0.3437464739241401,32768,confirmation,26602739,1.1812044367620622e-07,16908288,20260921,67107084,0,98,5.964204914867878,5.964204914867878,21054030,certified,9.449633547603607e-07,32768,0.014027654418574089,0.06111120336115265,completed,2048,129,4,0.09182960628576792,0.022635819160061854,1.7539605547123305e-07,0.13151764665384422,0.023697490673161455,0.13160421209961884,0.014875144732584542
4,215,403,4.0,4294967296,learned,0,0.09958002584800316,explore,91.2513497694898,0.023066548195596018,full,0.3273194978384134,32768,confirmation,0,0.002288028965958658,0,20260921,0,0,97,6.117193475365639,6.117193475365639,21054040,full,0.018289859829242697,32768,0.029021465354093,0.1675556672050819,completed,2048,129,4,0.11681786305142261,0.028408582537294846,0.00277103510544649,0.23267477676905782,0.030343617080369405,0.22996818076334563,0.025802954731862327
4,216,403,4.0,268435456,learned,0,0.35810424917375594,explore,403.5942996240607,0.09781631548202767,tail_fixed,0.00019361411479278023,32768,confirmation,0,0.003457148100897367,0,20260921,0,0,364,4.302501495927572,4.302501495927572,21054040,tail_fixed,0.027642812908748052,32768,0.09488665782957528,0.9186927254473896,completed,2048,129,4,0.3765236221258268,0.10358914973559331,0.003940154240385199,0.2760177654780689,0.1036051720494058,0.27316386943875903,0.09784613908417186
4,217,403,4.0,16908288,learned,0,0.07359997252662784,explore,85.83531247428624,0.017272688669891352,surrogate_only,0.3419094170859737,32768,confirmation,0,0.001816007417604945,16908288,20260921,0,0,91,3.2798137106001377,3.2798137106001377,21054040,surrogate_only,0.01451368744240474,32768,0.019892579266913013,0.08397584258590006,completed,2048,129,4,0.08233748221895534,0.020201009386413494,0.002299013557092777,0.15078000251360185,0.021730203446562697,0.14730822588630454,0.019310079339568867
4,218,403,4.0,4311875584,learned,67108864,0.05429034839260031,explore,87.25334933037539,0.010216503302259018,surrogate_full,0.3543290823847802,32768,confirmation,0,0.0022569079077551374,16908288,20260921,0,0,93,15.148302495479584,15.148302495479584,21054040,surrogate_full,0.01804089136361062,32768,0.013116272995431128,0.03761644562708031,completed,2048,129,4,0.06799696672518551,0.014397843031590089,0.0027399140472429695,0.17883183106857822,0.01637495911041023,0.17493494962603906,0.013678326536877294
4,219,403,4.0,41916361,learned,1097,0.07450698123450855,explore,90.75671991491429,0.016974941681807937,certified,0.34472398124379316,32768,confirmation,24937865,0.0011129856800995014,16908288,20260921,67107767,0,95,6.217731710523367,6.217731710523367,21054040,certified,0.00888951354236192,32768,0.015394150027463574,0.04176503923802034,completed,2048,129,4,0.08599070825756701,0.0200015787889461,0.0015959918195873335,0.17585060323966506,0.02174258490964879,0.1724826031787285,0.018209994531944284
4,220,404,4.0,4294967296,learned,0,0.07278923774249084,explore,117.82897137224637,0.015547678051207771,full,0.3092112053590586,32768,confirmation,0,0.012992398034524493,0,20260921,0,0,102,6.19853525236249,6.19853525236249,21054050,full,0.05308414309188972,32768,0.02234618725318735,0.04765224047749857,completed,2048,129,4,0.09155545296745281,0.021282873250834642,0.01367792113329971,0.1678562399030586,0.023331914602600052,0.16981733188021314,0.01831533616503176
4,221,404,4.0,268435456,learned,0,0.2923052025827545,explore,688.3673363574436,0.07926241346513169,tail_fixed,7.976652878664963e-05,32768,confirmation,0,0.05948036177934699,0,20260921,0,0,455,4.36739781498909,4.36739781498909,21054050,tail_fixed,0.43435497676029855,32768,0.08995068028436837,0.7706290950015133,completed,2048,129,4,0.2970690150911126,0.08201083199052486,0.05916563421331524,0.311296833921712,0.08557809894173252,0.3145845385308613,0.0818669289905823
4,222,404,4.0,16908288,learned,0,0.0947303945313938,explore,109.56204056341687,0.02255014235022433,surrogate_only,0.31498164750749086,32768,confirmation,0,0.027301144474376073,16908288,20260921,0,0,97,3.2688280567526817,3.2688280567526817,21054050,surrogate_only,0.12887436965428212,32768,0.028845205442628502,0.10376441006974609,completed,2048,129,4,0.10541448920191271,0.025903731569319202,0.026986416908344323,0.1528887151415671,0.02790830907090854,0.15507379588521858,0.024572948553777098
4,223,404,4.0,4311875584,learned,67108864,0.05808067850626948,explore,105.72415905456381,0.012145469756077188,surrogate_full,0.3621808229493412,32768,confirmation,0,0.007783004955703842,16908288,20260921,0,0,93,15.088927626609802,15.088927626609802,21054050,surrogate_full,0.04840618542129423,32768,0.013682513268843248,0.030980929064140197,completed,2048,129,4,0.07733100856005808,0.01800988828633561,0.009730054927289008,0.16874918723668453,0.019805500371114254,0.17048453918081213,0.014405295392696998
4,224,404,4.0,42526482,learned,9434,0.057591542706204035,explore,106.28583023092837,0.01223273758978465,certified,0.36005146278617134,32768,confirmation,25014418,0.008938168069469725,16908288,20260921,67099430,0,95,6.570863962173462,6.570863962173462,21054050,certified,0.05005289012496417,32768,0.014233287272941889,0.049535373149312806,completed,2048,129,4,0.07593117656172715,0.01753187067850326,0.01088521804105489,0.14833812765646576,0.019841253080301643,0.15053004947074525,0.014662553066733565
4,225,405,4.0,4294967296,learned,0,0.06635829969388117,explore,205.4944908404114,0.01379633279386782,full,0.3558507196840587,32768,confirmation,0,0.00021690680157169688,0,20260921,0,0,102,6.191679939627647,6.191679939627647,21054060,full,0.0017352544125735342,32768,0.01377151555979972,0.05297220249133019,completed,2048,129,4,0.09141763213683232,0.020920213912514404,0.00025771011821684346,0.18199967644175963,0.022900020570284427,0.1813265302571454,0.016176704261816742
4,226,405,4.0,268435456,learned,0,0.4364508560970161,explore,2147.6915872508453,0.11548115980454829,tail_fixed,4.818459173454029e-05,32768,confirmation,0,0.00026716031665509343,0,20260921,0,0,550,4.414962701499462,4.414962701499462,21054060,tail_fixed,0.00213728253323675,32768,0.12486111793679372,1.5183524929290528,completed,2048,129,4,0.4327503305611571,0.11840113515460539,0.00030796363330024,0.5269910329968418,0.12468903075062222,0.5300366980972053,0.12142541422697535
4,227,405,4.0,16908288,learned,0,0.059182124050427706,explore,195.2497227113177,0.013641546302069534,surrogate_only,0.35744933853406624,32768,confirmation,0,0.00025269887455213084,16908288,20260921,0,0,96,3.392939981073141,3.392939981073141,21054060,surrogate_only,0.002021590996417228,32768,0.01333968507347157,0.06574905545554384,completed,2048,129,4,0.1013787953542428,0.02556773985904226,0.0002935021911972774,0.1328654364820827,0.02641070602900488,0.1384064629727932,0.014833036320563656
4,228,405,4.0,4311875584,learned,67108864,0.07581422136246506,explore,199.5942644769576,0.017141882928699552,surrogate_full,0.323063209390668,32768,confirmation,0,0.00025617441406416817,16908288,20260921,0,0,99,15.080962479114532,15.080962479114532,21054060,surrogate_full,0.0020493953125138506,32768,0.01672682928344397,0.044935409968897555,completed,2048,129,4,0.12756764582608826,0.03192282349279095,0.00029697773070931475,0.18023917468453532,0.03244892552282451,0.18525946814058103,0.018769851147664857
4,229,405,4.0,85467763,learned,633521,0.06825264951281708,explore,198.8750824646689,0.01585461788821791,certified,0.3828254174850445,32768,confirmation,28014131,0.0002093451960110847,16908288,20260921,66475343,0,98,6.635369207710028,6.635369207710028,21054060,certified,0.0016747615680860017,32768,0.014315960922106765,0.030249408650732276,completed,2048,129,4,0.11881385098369698,0.030345815049111532,0.00025014851265623127,0.16059267575955008,0.031000580910807086,0.16586396180316448,0.017533824647800355
4,230,406,4.0,4294967296,learned,0,0.06979503534424691,explore,183.41399618839534,0.015689200855933057,full,0.37451997200167225,32768,confirmation,0,0.005031147127716171,0,20260921,0,0,102,6.116589426994324,6.116589426994324,21054070,full,0.03931826348368103,32768,0.02085992600210883,0.03681570075704236,completed,2048,129,4,0.09645717084430436,0.02366462188829991,0.00573809708167991,0.16644321330553408,0.02557052545650054,0.16506306294340145,0.018320068616665592
4,231,406,4.0,268435456,learned,0,0.4605035705076832,explore,1339.7615046703474,0.14037412441479655,tail_fixed,5.3658606095779204e-05,32768,confirmation,0,0.009514401302956372,0,20260921,0,0,502,4.322360068559647,4.322360068559647,21054070,tail_fixed,0.0751545714781924,32768,0.1838185809571487,2.4811196717213857,completed,2048,129,4,0.4753969632157282,0.14815866113845774,0.010221351256920112,0.5607463575323985,0.15425183362752953,0.5600476174796809,0.14733161060755884
4,232,406,4.0,16908288,learned,0,0.07748122415769268,explore,181.69235198554762,0.01813934174428048,surrogate_only,0.37300467604642434,32768,confirmation,0,0.00656083830792515,16908288,20260921,0,0,100,3.6418567039072514,3.6418567039072514,21054070,surrogate_only,0.0515655201681824,32768,0.021093545197821174,0.05679332757334714,completed,2048,129,4,0.10688221095814382,0.026908836709387752,0.00726778826188889,0.16022175450706627,0.02837642034072291,0.15898752853956236,0.020353527519644365
4,233,406,4.0,4311875584,learned,67108864,0.0752034058176668,explore,180.36896350084868,0.018067764328554954,surrogate_full,0.3220466552212922,32768,confirmation,0,0.0052148164226922325,16908288,20260921,0,0,100,15.150346670299768,15.150346670299768,21054070,surrogate_full,0.04145945336805444,32768,0.017275016808641477,0.04062196038722291,completed,2048,129,4,0.1026642343345048,0.02595195724809664,0.005921766376655972,0.14811052116605292,0.026558078239928125,0.1466410874130291,0.01870465070965926
4,234,406,4.0,162408254,learned,1854104,0.09194672848086749,explore,181.93695853886575,0.023957217847185533,certified,0.3772968426390862,32768,confirmation,26837310,0.0009150427516479709,16908288,20260921,65254760,0,101,6.522821445018053,6.522821445018053,21054070,certified,0.006267254594691603,32768,0.027209366543155672,0.10513567573362784,completed,2048,129,4,0.11881704207846672,0.03163547793715603,0.0013587214425586774,0.17095229221605918,0.03275932824791283,0.1676729753658982,0.025176012456634186
4,235,407,4.0,4294967296,learned,0,0.05914650861178411,explore,170.79877886004684,0.011257210183034626,full,0.37799941727623637,32768,confirmation,0,0.005335601260661446,0,20260921,0,0,100,6.116100270301104,6.116100270301104,21054080,full,0.041909678882068424,32768,0.0145055480008937,0.039491860065712155,completed,2048,129,4,0.09959287687520649,0.022517565831328697,0.006496574643152897,0.18056514894973713,0.024876634160874232,0.17906428459904952,0.014300651352629857
4,236,407,4.0,268435456,learned,0,0.497305372711811,explore,1383.609550315567,0.12719480570673958,tail_fixed,3.7762204577936746e-05,32768,confirmation,0,0.01514947372960065,0,20260921,0,0,498,4.316551927477121,4.316551927477121,21054080,tail_fixed,0.12042065863358481,32768,0.12358132673773267,1.9463841595540583,completed,2048,129,4,0.5282789353505091,0.13801839446346692,0.0163104471120921,0.5334146679857753,0.14463029700259297,0.5326371555911069,0.13362565678042965
4,237,407,4.0,16908288,learned,0,0.09585553147765023,explore,175.6292035740375,0.02205877014943971,surrogate_only,0.3552574873627989,32768,confirmation,0,0.01480084705788104,16908288,20260921,0,0,105,3.27957796305418,3.27957796305418,21054080,surrogate_only,0.11610300725478001,32768,0.021683719088818134,0.1211714130407793,completed,2048,129,4,0.12242593902035921,0.029182542696673135,0.01379215575699548,0.1550870481631781,0.03114394620184156,0.15289873953349914,0.023884918882407888
4,238,407,4.0,4311875584,learned,67108864,0.06811611876586184,explore,175.39107535051556,0.01451141579288533,surrogate_full,0.36532869685601427,32768,confirmation,0,0.00456118100600509,16908288,20260921,0,0,104,15.150912377983332,15.150912377983332,21054080,surrogate_full,0.03588473520648255,32768,0.01672835267961841,0.03623413976928151,completed,2048,129,4,0.11149589057974248,0.026471621527663206,0.005722154388496541,0.18474906270297245,0.027361663822242345,0.18294240895221914,0.016365771772416375
4,239,407,4.0,45377104,learned,22405,0.09313684953965662,explore,179.4556332174058,0.020735402030830217,certified,0.3258888267963877,32768,confirmation,27034896,0.011031623968297821,16908288,20260921,67086459,0,106,6.474592089653015,6.474592089653015,21054080,certified,0.08553628082556937,32768,0.024801947741528253,0.058526553175899505,completed,2048,129,4,0.13004809489273184,0.030906043663207976,0.010022932667412263,0.1948113919753517,0.03180559297657787,0.1930776366443125,0.02246230998562538
4,240,408,4.0,4294967296,learned,0,0.12304972599624388,explore,122.95175319324144,0.030104864071355177,full,0.35839390500659574,32768,confirmation,0,0.009393958532841461,0,20260921,0,0,98,6.118557255715132,6.118557255715132,21054090,full,0.07503087797595763,32768,0.02946459128888944,0.09599647263153381,completed,2048,129,4,0.14166012528000627,0.03520615383950806,0.010068495615797384,0.19669402558103116,0.037251064939814366,0.19631627705301713,0.031349199262847474
4,241,408,4.0,268435456,learned,0,0.4623267289238917,explore,927.6417255770847,0.12216102354353853,tail_fixed,9.668433083898423e-05,32768,confirmation,0,0.012689344634857633,0,20260921,0,0,458,4.3243489265441895,4.3243489265441895,21054090,tail_fixed,0.10139396679208636,32768,0.1109929377448203,1.4116675681919557,completed,2048,129,4,0.4852107431611879,0.13038944543501632,0.013363881717813556,0.4333846142337055,0.13097194716762728,0.43297381589111456,0.12312653017201383
4,242,408,4.0,16908288,learned,0,0.05814449401029294,explore,121.10201167831435,0.012798468692216968,surrogate_only,0.37020873198744325,32768,confirmation,0,0.006749770694145474,16908288,20260921,0,0,97,3.427998699247837,3.427998699247837,21054090,surrogate_only,0.053877375266387834,32768,0.01282796487567938,0.031204574451478676,completed,2048,129,4,0.08646625160694874,0.021314270813329796,0.007424307777101397,0.1397338768617752,0.021729791309950258,0.1395253634352831,0.014417631108457517
4,243,408,4.0,4311875584,learned,67108864,0.06616329931719123,explore,122.69747277433095,0.01410594441733697,surrogate_full,0.36363217584515006,32768,confirmation,0,0.0023926163621099117,16908288,20260921,0,0,98,15.083717089146376,15.083717089146376,21054090,surrogate_full,0.018065227897448764,32768,0.014859095170165312,0.03003459128878851,completed,2048,129,4,0.09297727539597571,0.02200567675753095,0.0017642168672760972,0.1805908419359231,0.023399477056356612,0.18028855052463144,0.016733644586955095
4,244,408,4.0,42574675,learned,1518,0.05498610326219309,explore,119.42123892585974,0.011263034446332202,certified,0.3432985787197058,32768,confirmation,25569235,0.0013334221735664363,16908288,20260921,67107346,0,96,6.298446957021952,6.298446957021952,21054090,certified,0.010546587101755264,32768,0.013940733757490562,0.04636473063440081,completed,2048,129,4,0.07582615862536594,0.016904744074361107,0.002007959256522359,0.15316317123196865,0.01952231962222465,0.15071250093682514,0.013388366382879421
4,245,409,4.0,4294967296,learned,0,0.0651884412463639,explore,118.80290406018513,0.014758813905134123,full,0.38366474425570163,32768,confirmation,0,0.0001588708692416424,0,20260921,0,0,96,6.1145624704658985,6.1145624704658985,21054100,full,0.0012709548201886322,32768,0.014915665730643311,0.05115975283244764,completed,2048,129,4,0.09561809387309705,0.0229261938381686,0.00019540687033989257,0.1270228422425526,0.02347867743696523,0.12406458898507987,0.0157589724566166
4,246,409,4.0,268435456,learned,0,0.3136677257585865,explore,774.4768197233025,0.07912804191408757,tail_fixed,6.271317342312557e-05,32768,confirmation,0,0.00017567953060222685,0,20260921,0,0,461,4.316263142973185,4.316263142973185,21054100,tail_fixed,0.0014054241110706834,32768,0.06726908343753579,0.7134097218256097,completed,2048,129,4,0.34398157007530067,0.0882872827571867,0.00021221553170047702,0.2882977333735473,0.08900858308113556,0.2860056219237326,0.08014728992873882
4,247,409,4.0,16908288,learned,0,0.07798597086402059,explore,119.29369093013011,0.017112567151641202,surrogate_only,0.3476995885887735,32768,confirmation,0,0.0001891539278174731,16908288,20260921,0,0,96,3.277352023869753,3.277352023869753,21054100,surrogate_only,0.0015132192887954978,32768,0.016485395253482044,0.032628782649531986,completed,2048,129,4,0.11189017808593715,0.026271807994740326,0.00022568992891572326,0.18627518974478774,0.026892933559319748,0.18356439393176643,0.018299862842396306
4,248,409,4.0,4311875584,learned,67108864,0.1662534546501672,explore,123.01444174115927,0.03902907523201672,surrogate_full,0.3575289887798065,32768,confirmation,0,0.00017866991394915877,16908288,20260921,0,0,99,15.075644247233868,15.075644247233868,21054100,surrogate_full,0.0014293471778440148,32768,0.03721177945517028,0.24375426974802838,completed,2048,129,4,0.18692440552913975,0.04468912793831679,0.00021520591504740894,0.1927131622198039,0.047261795523177164,0.18997343417016582,0.04178142561089429
4,249,409,4.0,43224576,learned,1622,0.06875236216239823,explore,122.80670525891757,0.01405281157992757,certified,0.31872125656280814,32768,confirmation,26212480,0.00017321909789903833,16908288,20260921,67107242,0,98,6.3661039136350155,6.3661039136350155,21054100,certified,0.0013857406494466014,32768,0.016021114135426326,0.04380184257939571,completed,2048,129,4,0.09567581526971347,0.021279775367439288,0.0002097550989972885,0.17559316595027447,0.02350963020397344,0.17271874307581428,0.01662780430167549
