all_strongest_batch_count,bad_event_lower_probability,batch,cell_id,commit,device,diffusion,dimension,ess_fraction,ess_threshold,family,final_ess_fraction,finite_population_normalizer,full_exact_log_normalizer,full_exact_variance,groups,initialization,kind,ks_mean,largest_normalized_weight,log_normalizer,mean_absolute_error,method,minimum_ess_fraction,nonintegrable_batch_count,particles,peak_gpu_bytes,positive_mass_error,potential_mse,relative_path,resampling_count,score_evaluations,score_mse,seconds,seed,status,steps,u_max,variance_relative_error,w1_mean,weighted_mean,weighted_variance
,,4,0,a66b5e3c37c8a33201d515c128157bb8028554e0,cuda,1.0,1,,0.5,mixture,0.747922063898738,,,,16,standard normal at finite u_max,tail,0.10436773141856648,,,0.08812862595566953,tail,0.09440520846447269,,8192,5179904,0.023698744232361568,,task_000/cell_0000,4,4194304,,0.26637545973062515,0,completed,128,20.0,0.13192068732385942,0.11934722348358322,,
,,4,1,a66b5e3c37c8a33201d515c128157bb8028554e0,cuda,1.0,1,,0.5,mixture,0.5125364420236125,,,,16,standard normal at finite u_max,tail,0.05983279293097499,,,0.07672843579701041,tail_cumulant,0.33384062814127,,8192,5310976,0.0275250349789552,,task_001/cell_0001,2,8388608,,0.4632297419011593,0,completed,128,20.0,0.07247401553729138,0.08505965077438853,,
,,4,2,a66b5e3c37c8a33201d515c128157bb8028554e0,cuda,1.0,1,,0.5,mixture,0.6615633499882694,,,,16,standard normal at finite u_max,tail,0.1806109636409502,,,0.40386867309934094,tail,0.29211423515563256,,8192,5179904,0.1525176211720798,,task_002/cell_0002,5,4194304,,0.27022331207990646,1,completed,128,20.0,0.10774291875176845,0.4038848524725285,,
,,4,3,a66b5e3c37c8a33201d515c128157bb8028554e0,cuda,1.0,1,,0.5,mixture,0.6536791123000026,,,,16,standard normal at finite u_max,tail,0.02737173715936092,,,0.03799915896460612,tail_cumulant,0.48153467884272666,,8192,5310976,0.018308681476366995,,task_003/cell_0003,1,8388608,,0.468514047563076,1,completed,128,20.0,0.036162273298790515,0.04774014650659508,,
,,4,4,a66b5e3c37c8a33201d515c128157bb8028554e0,cuda,1.0,1,,0.5,mixture,0.9993921017435676,,,,16,standard normal at finite u_max,tail,0.11009881705323232,,,0.20905904397578834,tail,0.3301396621232797,,8192,5179904,0.08495703009904598,,task_004/cell_0004,4,4194304,,0.2754043899476528,2,completed,128,20.0,0.1265053373806857,0.22312794729997268,,
,,4,5,a66b5e3c37c8a33201d515c128157bb8028554e0,cuda,1.0,1,,0.5,mixture,0.9352504236011391,,,,16,standard normal at finite u_max,tail,0.02977581289428477,,,0.01159072540453368,tail_cumulant,0.35136999688944115,,8192,5310976,0.004088468042838911,,task_005/cell_0005,2,8388608,,0.4821982979774475,2,completed,128,20.0,0.04711271692986774,0.03290700794858239,,
,,4,6,a66b5e3c37c8a33201d515c128157bb8028554e0,cuda,1.0,1,,0.5,mixture,0.9345794103623387,,,,16,standard normal at finite u_max,tail,0.10048277789958615,,,0.1880483614572565,tail,0.39265252159000025,,8192,5179904,0.07625963284636494,,task_006/cell_0006,3,4194304,,0.2631121352314949,3,completed,128,20.0,0.11967247903132039,0.19884069651719882,,
,,4,7,a66b5e3c37c8a33201d515c128157bb8028554e0,cuda,1.0,1,,0.5,mixture,0.8297485693128596,,,,16,standard normal at finite u_max,tail,0.01579099876499765,,,0.00441177481306973,tail_cumulant,0.45843444476502043,,8192,5310976,0.0015265753469888566,,task_007/cell_0007,2,8388608,,0.4679819419980049,3,completed,128,20.0,0.01892602856196679,0.014554927270651156,,
,,4,8,a66b5e3c37c8a33201d515c128157bb8028554e0,cuda,1.0,1,,0.5,mixture,0.9272537383247917,,,,16,standard normal at finite u_max,tail,0.0754837521756142,,,0.14833573890188034,tail,0.4249405559544906,,8192,5179904,0.060079604678047294,,task_008/cell_0008,3,4194304,,0.28504666686058044,4,completed,128,20.0,0.08994398568514805,0.15098439794171276,,
,,4,9,a66b5e3c37c8a33201d515c128157bb8028554e0,cuda,1.0,1,,0.5,mixture,0.9648057095592486,,,,16,standard normal at finite u_max,tail,0.04717958980600234,,,0.028318467858102728,tail_cumulant,0.3168702978013215,,8192,5310976,0.008797155083118069,,task_009/cell_0009,3,8388608,,0.4644668698310852,4,completed,128,20.0,0.08317726826673444,0.056343267500807294,,
,,4,10,a66b5e3c37c8a33201d515c128157bb8028554e0,cuda,1.0,1,,0.5,mixture,0.9406994131402362,,,,16,standard normal at finite u_max,tail,0.009535882476131796,,,0.004489943571244076,tail,0.4899386276847284,,8192,5179904,0.004301963630740091,,task_010/cell_0010,2,16777216,,1.042752355337143,0,completed,512,20.0,0.0006225953094247672,0.012677323119932577,,
,,4,11,a66b5e3c37c8a33201d515c128157bb8028554e0,cuda,1.0,1,,0.5,mixture,0.8919150846759313,,,,16,standard normal at finite u_max,tail,0.02526744276903048,,,0.05252959195438062,tail_cumulant,0.4759385125976232,,8192,5310976,0.022598900166792335,,task_011/cell_0011,2,33554432,,1.8445019274950027,0,completed,512,20.0,0.022131593541843575,0.053462582393776124,,
,,4,12,a66b5e3c37c8a33201d515c128157bb8028554e0,cuda,1.0,1,,0.5,mixture,0.8357112742907843,,,,16,standard normal at finite u_max,tail,0.013161519181841386,,,0.011144611593753531,tail,0.49515986030060577,,8192,5179904,0.005137122703830932,,task_000/cell_0012,1,16777216,,1.0141530483961105,1,completed,512,20.0,0.012885631490835436,0.014814817818711886,,
,,4,13,a66b5e3c37c8a33201d515c128157bb8028554e0,cuda,1.0,1,,0.5,mixture,0.5312241476915147,,,,16,standard normal at finite u_max,tail,0.029823998306481025,,,0.05253279952232878,tail_cumulant,0.4827197659469508,,8192,5310976,0.02196762773995098,,task_001/cell_0013,1,33554432,,1.7897132821381092,1,completed,512,20.0,0.013881116229361612,0.05472157518925849,,
,,4,14,a66b5e3c37c8a33201d515c128157bb8028554e0,cuda,1.0,1,,0.5,mixture,0.9990869906857838,,,,16,standard normal at finite u_max,tail,0.032318156096276196,,,0.06394497709224344,tail,0.48501280957126164,,8192,5179904,0.03196631978912723,,task_002/cell_0014,2,16777216,,1.0313339680433273,2,completed,512,20.0,0.02576896890304914,0.06824910415464121,,
,,4,15,a66b5e3c37c8a33201d515c128157bb8028554e0,cuda,1.0,1,,0.5,mixture,0.8284690530572074,,,,16,standard normal at finite u_max,tail,0.1335992735833368,,,0.3004620539368753,tail_cumulant,0.4105018693585238,,8192,5310976,0.10905473057954795,,task_003/cell_0015,4,33554432,,1.8273015543818474,2,completed,512,20.0,0.07800854292493042,0.3004776357595165,,
,,4,16,a66b5e3c37c8a33201d515c128157bb8028554e0,cuda,1.0,1,,0.5,mixture,0.8103389158359127,,,,16,standard normal at finite u_max,tail,0.028234838773463167,,,0.03460803970670995,tail,0.47114350536229865,,8192,5179904,0.011070635003797236,,task_004/cell_0016,3,16777216,,1.0558563023805618,3,completed,512,20.0,0.027200240317839297,0.039735016900269704,,
,,4,17,a66b5e3c37c8a33201d515c128157bb8028554e0,cuda,1.0,1,,0.5,mixture,0.5181015338524387,,,,16,standard normal at finite u_max,tail,0.025003064231269967,,,0.04913860092827099,tail_cumulant,0.47292007264706315,,8192,5310976,0.01762175442388636,,task_005/cell_0017,1,33554432,,1.8591818884015083,3,completed,512,20.0,0.023359973953757107,0.04985903427056331,,
,,4,18,a66b5e3c37c8a33201d515c128157bb8028554e0,cuda,1.0,1,,0.5,mixture,0.9304349241108837,,,,16,standard normal at finite u_max,tail,0.021263256358113103,,,0.01603536915294715,tail,0.4975336153710036,,8192,5179904,0.00719907891193039,,task_006/cell_0018,2,16777216,,1.013694815337658,4,completed,512,20.0,0.02659129079949052,0.025607629693965666,,
,,4,19,a66b5e3c37c8a33201d515c128157bb8028554e0,cuda,1.0,1,,0.5,mixture,0.5243351343261617,,,,16,standard normal at finite u_max,tail,0.008972412844245325,,,0.009186012596807291,tail_cumulant,0.49947503565168017,,8192,5310976,0.0052191943980406386,,task_007/cell_0019,1,33554432,,1.8064688369631767,4,completed,512,20.0,0.001369371844979539,0.012549831440823535,,
,,4,20,a66b5e3c37c8a33201d515c128157bb8028554e0,cuda,1.0,1,,0.5,mixture,0.8071585937024455,,,,16,standard normal at finite u_max,tail,0.04675034404003431,,,0.10674574156718317,tail,0.47466729035748756,,8192,5179904,0.03912691838833049,,task_008/cell_0020,2,67108864,,4.262452010065317,0,completed,2048,20.0,0.027221841838227956,0.10683684034476978,,
,,4,21,a66b5e3c37c8a33201d515c128157bb8028554e0,cuda,1.0,1,,0.5,mixture,0.9739722662835827,,,,16,standard normal at finite u_max,tail,0.022260492982159708,,,0.04713226018415581,tail_cumulant,0.4996239252653889,,8192,5310976,0.019481028807395606,,task_009/cell_0021,2,134217728,,7.226145077496767,0,completed,2048,20.0,0.01525719475676457,0.047935612263343495,,
,,4,22,a66b5e3c37c8a33201d515c128157bb8028554e0,cuda,1.0,1,,0.5,mixture,0.9760205327434995,,,,16,standard normal at finite u_max,tail,0.010929364279725018,,,0.01883028436248836,tail,0.4985520112110309,,8192,5179904,0.009991587723333584,,task_010/cell_0022,1,67108864,,4.038799531757832,1,completed,2048,20.0,0.014109678207352427,0.02500563452968869,,
,,4,23,a66b5e3c37c8a33201d515c128157bb8028554e0,cuda,1.0,1,,0.5,mixture,0.5368882132307913,,,,16,standard normal at finite u_max,tail,0.012682223810924431,,,0.007269461035725205,tail_cumulant,0.4970719194935031,,8192,5310976,0.0001145041325955054,,task_011/cell_0023,1,134217728,,7.2883311957120895,1,completed,2048,20.0,0.0013021140088249616,0.010931580579858274,,
,,4,24,a66b5e3c37c8a33201d515c128157bb8028554e0,cuda,1.0,1,,0.5,mixture,0.9999103061720204,,,,16,standard normal at finite u_max,tail,0.019409158590564607,,,0.007333790271263574,tail,0.49996439256900327,,8192,5179904,0.0009169929378797237,,task_000/cell_0024,1,67108864,,4.020480174571276,2,completed,2048,20.0,0.02362175241001918,0.015867092439784753,,
,,4,25,a66b5e3c37c8a33201d515c128157bb8028554e0,cuda,1.0,1,,0.5,mixture,0.6163625088360951,,,,16,standard normal at finite u_max,tail,0.02504663512058669,,,0.028109752386506703,tail_cumulant,0.47498240075620035,,8192,5310976,0.00892490201654833,,task_001/cell_0025,1,134217728,,7.119974933564663,2,completed,2048,20.0,0.008436630207923734,0.03100118080937096,,
,,4,26,a66b5e3c37c8a33201d515c128157bb8028554e0,cuda,1.0,1,,0.5,mixture,0.5765824097168547,,,,16,standard normal at finite u_max,tail,0.03396141546177167,,,0.07491072234184264,tail,0.4937601562759571,,8192,5179904,0.030005587667334355,,task_002/cell_0026,1,67108864,,4.071740604937077,3,completed,2048,20.0,0.019811432558752173,0.07527225801413655,,
,,4,27,a66b5e3c37c8a33201d515c128157bb8028554e0,cuda,1.0,1,,0.5,mixture,0.6292871884798861,,,,16,standard normal at finite u_max,tail,0.021226534486603832,,,0.04989226995505358,tail_cumulant,0.49600438948674136,,8192,5310976,0.019558739268831116,,task_003/cell_0027,2,134217728,,7.303610682487488,3,completed,2048,20.0,0.007820097296622142,0.05059480081431408,,
,,4,28,a66b5e3c37c8a33201d515c128157bb8028554e0,cuda,1.0,1,,0.5,mixture,0.9576473122297096,,,,16,standard normal at finite u_max,tail,0.01539649861312603,,,0.0006407424555840424,tail,0.4978040986780324,,8192,5179904,0.0033782686799053163,,task_004/cell_0028,1,67108864,,4.18544028699398,4,completed,2048,20.0,0.02654380294618397,0.01808867849220828,,
,,4,29,a66b5e3c37c8a33201d515c128157bb8028554e0,cuda,1.0,1,,0.5,mixture,0.6828619951626822,,,,16,standard normal at finite u_max,tail,0.02900601470441655,,,0.06771045199560002,tail_cumulant,0.4841605629154373,,8192,5310976,0.022719407146336634,,task_005/cell_0029,1,134217728,,7.385658618062735,4,completed,2048,20.0,0.01125067093593013,0.06789675680540559,,
,,4,30,a66b5e3c37c8a33201d515c128157bb8028554e0,cuda,1.0,8,,0.5,mixture,0.7055407210049706,,,,16,standard normal at finite u_max,tail,0.607859804161474,,,1.40321682975231,tail,0.00019824297988297668,,8192,37755904,0.5558382146787023,,task_006/cell_0030,22,4194304,,0.27101683616638184,0,completed,128,20.0,0.9661222334207576,1.4034393624870496,,
,,4,31,a66b5e3c37c8a33201d515c128157bb8028554e0,cuda,1.0,8,,0.5,mixture,0.7403930238830482,,,,16,standard normal at finite u_max,tail,0.18210399241687186,,,0.29002928112923254,tail_cumulant,0.19454850863906842,,8192,38345728,0.11185899867034109,,task_007/cell_0031,15,8388608,,0.4739160016179085,0,completed,128,20.0,0.16099178846332024,0.33530355549757596,,
,,4,32,a66b5e3c37c8a33201d515c128157bb8028554e0,cuda,1.0,8,,0.5,mixture,0.7466334969124515,,,,16,standard normal at finite u_max,tail,0.5839590028626584,,,1.3329136446135912,tail,0.0006994377976100171,,8192,37755904,0.5417140552114151,,task_008/cell_0032,21,4194304,,0.28645994886755943,1,completed,128,20.0,0.9614956744988495,1.3432082091506259,,
,,4,33,a66b5e3c37c8a33201d515c128157bb8028554e0,cuda,1.0,8,,0.5,mixture,0.6826394892979271,,,,16,standard normal at finite u_max,tail,0.3614979001909808,,,0.7912672078166945,tail_cumulant,0.13597870432858256,,8192,38345728,0.3077521858461268,,task_009/cell_0033,15,8388608,,0.4688340425491333,1,completed,128,20.0,0.30734777734524055,0.7959440709848327,,
,,4,34,a66b5e3c37c8a33201d515c128157bb8028554e0,cuda,1.0,8,,0.5,mixture,0.6678774828967926,,,,16,standard normal at finite u_max,tail,0.5719705017433064,,,1.292884381298146,tail,0.002851372561442166,,8192,37755904,0.5295379839527367,,task_010/cell_0034,21,4194304,,0.2748647853732109,2,completed,128,20.0,0.8951392287709288,1.2949953512056824,,
,,4,35,a66b5e3c37c8a33201d515c128157bb8028554e0,cuda,1.0,8,,0.5,mixture,0.7574419785835539,,,,16,standard normal at finite u_max,tail,0.14568208743689604,,,0.26620383241420836,tail_cumulant,0.05819302393810798,,8192,38345728,0.09999169599808723,,task_011/cell_0035,15,8388608,,0.47883814573287964,2,completed,128,20.0,0.13081419724734702,0.2819074488090877,,
,,4,36,a66b5e3c37c8a33201d515c128157bb8028554e0,cuda,1.0,8,,0.5,mixture,0.7209940254996274,,,,16,standard normal at finite u_max,tail,0.5893523694551639,,,1.3905528426162657,tail,0.0007575262425210177,,8192,37755904,0.5548759520127013,,task_000/cell_0036,22,4194304,,0.2709345147013664,3,completed,128,20.0,0.955522327697949,1.3905931468856894,,
,,4,37,a66b5e3c37c8a33201d515c128157bb8028554e0,cuda,1.0,8,,0.5,mixture,0.7616509863392846,,,,16,standard normal at finite u_max,tail,0.11570530083354863,,,0.18631644737832992,tail_cumulant,0.08952664228274451,,8192,38345728,0.07649327369410863,,task_001/cell_0037,14,8388608,,0.4632383659482002,3,completed,128,20.0,0.12331833753799745,0.2173555494897766,,
,,4,38,a66b5e3c37c8a33201d515c128157bb8028554e0,cuda,1.0,8,,0.5,mixture,0.7164307285780995,,,,16,standard normal at finite u_max,tail,0.5929282428927567,,,1.383747562995749,tail,0.00121712919852953,,8192,37755904,0.5544315536350113,,task_002/cell_0038,22,4194304,,0.2741474211215973,4,completed,128,20.0,0.95605943064429,1.38378224221947,,
,,4,39,a66b5e3c37c8a33201d515c128157bb8028554e0,cuda,1.0,8,,0.5,mixture,0.7618542531092732,,,,16,standard normal at finite u_max,tail,0.14218722344221923,,,0.2126676219899043,tail_cumulant,0.09642489706014314,,8192,38345728,0.08113960169800807,,task_003/cell_0039,15,8388608,,0.4744161143898964,4,completed,128,20.0,0.16150980057151498,0.25627965021140864,,
,,4,40,a66b5e3c37c8a33201d515c128157bb8028554e0,cuda,1.0,8,,0.5,mixture,0.8759803879550879,,,,16,standard normal at finite u_max,tail,0.14548031840298542,,,0.29813004464621384,tail,0.34338901774321884,,8192,37755904,0.12636697097708155,,task_004/cell_0040,12,16777216,,1.0668714717030525,0,completed,512,20.0,0.05748636462887925,0.3157135204097674,,
,,4,41,a66b5e3c37c8a33201d515c128157bb8028554e0,cuda,1.0,8,,0.5,mixture,0.8865798728113274,,,,16,standard normal at finite u_max,tail,0.05903095000829277,,,0.09624766424888498,tail_cumulant,0.43346267084408985,,8192,38345728,0.035069768671493785,,task_005/cell_0041,7,33554432,,1.8680455908179283,0,completed,512,20.0,0.04758402324995534,0.1015288361856613,,
,,4,42,a66b5e3c37c8a33201d515c128157bb8028554e0,cuda,1.0,8,,0.5,mixture,0.5828193538256735,,,,16,standard normal at finite u_max,tail,0.12733751461853562,,,0.25654631041428044,tail,0.3829864819738876,,8192,37755904,0.10455676960549884,,task_006/cell_0042,11,16777216,,1.0246040895581245,1,completed,512,20.0,0.07066114563468734,0.2621428282886854,,
,,4,43,a66b5e3c37c8a33201d515c128157bb8028554e0,cuda,1.0,8,,0.5,mixture,0.9842538455115011,,,,16,standard normal at finite u_max,tail,0.09604067527428252,,,0.1909709308568962,tail_cumulant,0.4544177867131564,,8192,38345728,0.08331973080334011,,task_007/cell_0043,8,33554432,,1.8333834260702133,1,completed,512,20.0,0.04455276136476921,0.1958094068110479,,
,,4,44,a66b5e3c37c8a33201d515c128157bb8028554e0,cuda,1.0,8,,0.5,mixture,0.9896536981451524,,,,16,standard normal at finite u_max,tail,0.11128352365815256,,,0.22577915212845107,tail,0.405400137722978,,8192,37755904,0.09359665820872223,,task_008/cell_0044,12,16777216,,1.083869006484747,2,completed,512,20.0,0.0695973963207443,0.23231038310989816,,
,,4,45,a66b5e3c37c8a33201d515c128157bb8028554e0,cuda,1.0,8,,0.5,mixture,0.8836104801996084,,,,16,standard normal at finite u_max,tail,0.05160946046471463,,,0.08033468355783588,tail_cumulant,0.42551719196613463,,8192,38345728,0.034951671677169796,,task_009/cell_0045,7,33554432,,1.8176705688238144,2,completed,512,20.0,0.052941950829013554,0.09362383558028797,,
,,4,46,a66b5e3c37c8a33201d515c128157bb8028554e0,cuda,1.0,8,,0.5,mixture,0.8779302860659122,,,,16,standard normal at finite u_max,tail,0.1234077820265333,,,0.24023405753256877,tail,0.32261319228145896,,8192,37755904,0.09773982740818085,,task_010/cell_0046,13,16777216,,1.1040379852056503,3,completed,512,20.0,0.0727295859916034,0.2558691153640402,,
,,4,47,a66b5e3c37c8a33201d515c128157bb8028554e0,cuda,1.0,8,,0.5,mixture,0.5443100879045583,,,,16,standard normal at finite u_max,tail,0.06822927296522982,,,0.12154344102927188,tail_cumulant,0.43880406379090625,,8192,38345728,0.05078365028342808,,task_011/cell_0047,7,33554432,,1.8568996414542198,3,completed,512,20.0,0.05249285777366236,0.13370815741599903,,
,,4,48,a66b5e3c37c8a33201d515c128157bb8028554e0,cuda,1.0,8,,0.5,mixture,0.8846704876316305,,,,16,standard normal at finite u_max,tail,0.24496398324280963,,,0.5486180781155288,tail,0.39590613250987733,,8192,37755904,0.22933735446202508,,task_000/cell_0048,13,16777216,,1.0251824297010899,4,completed,512,20.0,0.0737256422640349,0.5488271521732722,,
,,4,49,a66b5e3c37c8a33201d515c128157bb8028554e0,cuda,1.0,8,,0.5,mixture,0.9856120284144199,,,,16,standard normal at finite u_max,tail,0.03943817176241611,,,0.0470975302814058,tail_cumulant,0.4365506500023373,,8192,38345728,0.01949407600132235,,task_001/cell_0049,7,33554432,,1.8055791929364204,4,completed,512,20.0,0.04794556593675084,0.06127122137536618,,
,,4,50,a66b5e3c37c8a33201d515c128157bb8028554e0,cuda,1.0,8,,0.5,mixture,0.5541498978474854,,,,16,standard normal at finite u_max,tail,0.16367234787728305,,,0.35662940957828315,tail,0.464114745883201,,8192,37755904,0.15103431340484938,,task_002/cell_0050,7,67108864,,4.113359525799751,0,completed,2048,20.0,0.10277038065201163,0.36215230116415653,,
,,4,51,a66b5e3c37c8a33201d515c128157bb8028554e0,cuda,1.0,8,,0.5,mixture,0.9135908642971915,,,,16,standard normal at finite u_max,tail,0.046104507874219214,,,0.08123027815102989,tail_cumulant,0.48992502533686894,,8192,38345728,0.03760887972946912,,task_003/cell_0051,6,134217728,,7.383217707276344,0,completed,2048,20.0,0.02811994395121331,0.08942554178758244,,
,,4,52,a66b5e3c37c8a33201d515c128157bb8028554e0,cuda,1.0,8,,0.5,mixture,0.9484354129421734,,,,16,standard normal at finite u_max,tail,0.05036678880593296,,,0.10070556894595584,tail,0.4872246288378982,,8192,37755904,0.04012031502121402,,task_004/cell_0052,7,67108864,,4.206894293427467,1,completed,2048,20.0,0.020366138725888855,0.10478022494208677,,
,,4,53,a66b5e3c37c8a33201d515c128157bb8028554e0,cuda,1.0,8,,0.5,mixture,0.9016518925622403,,,,16,standard normal at finite u_max,tail,0.09336902127657333,,,0.19975588373954478,tail_cumulant,0.4589675268119698,,8192,38345728,0.07732480437815493,,task_005/cell_0053,7,134217728,,7.431086715310812,1,completed,2048,20.0,0.05579719299605493,0.20363393705146382,,
,,4,54,a66b5e3c37c8a33201d515c128157bb8028554e0,cuda,1.0,8,,0.5,mixture,0.9020918799768464,,,,16,standard normal at finite u_max,tail,0.03910064874211499,,,0.06523234767384972,tail,0.48724844783784077,,8192,37755904,0.02734386843567921,,task_006/cell_0054,6,67108864,,4.098654218018055,2,completed,2048,20.0,0.03307914538598457,0.07291554786968524,,
,,4,55,a66b5e3c37c8a33201d515c128157bb8028554e0,cuda,1.0,8,,0.5,mixture,0.7291332105615874,,,,16,standard normal at finite u_max,tail,0.07691330135089011,,,0.15465077098069707,tail_cumulant,0.492760654469576,,8192,38345728,0.06941875384978535,,task_007/cell_0055,6,134217728,,7.286877743899822,2,completed,2048,20.0,0.047462945034818516,0.16008799385564187,,
,,4,56,a66b5e3c37c8a33201d515c128157bb8028554e0,cuda,1.0,8,,0.5,mixture,0.5209096397429384,,,,16,standard normal at finite u_max,tail,0.08626491272184696,,,0.12477929204890037,tail,0.4880900991492995,,8192,37755904,0.05351045888987562,,task_008/cell_0056,7,67108864,,4.285826433449984,3,completed,2048,20.0,0.06008537326544726,0.14294952121591253,,
,,4,57,a66b5e3c37c8a33201d515c128157bb8028554e0,cuda,1.0,8,,0.5,mixture,0.5974600098344562,,,,16,standard normal at finite u_max,tail,0.11621376129757434,,,0.24582403331133026,tail_cumulant,0.4846816625782214,,8192,38345728,0.10568392554559305,,task_009/cell_0057,6,134217728,,7.2580835819244385,3,completed,2048,20.0,0.0639598927709085,0.25038061833301106,,
,,4,58,a66b5e3c37c8a33201d515c128157bb8028554e0,cuda,1.0,8,,0.5,mixture,0.9475012469716996,,,,16,standard normal at finite u_max,tail,0.10004741405050502,,,0.21603928854055945,tail,0.4866525726071542,,8192,37755904,0.08874411975306265,,task_010/cell_0058,7,67108864,,4.074226543307304,4,completed,2048,20.0,0.02901182376526952,0.21910716041696157,,
,,4,59,a66b5e3c37c8a33201d515c128157bb8028554e0,cuda,1.0,8,,0.5,mixture,0.7596881251733898,,,,16,standard normal at finite u_max,tail,0.027335120405241414,,,0.05047470458149879,tail_cumulant,0.4890572849147008,,8192,38345728,0.021971600114165483,,task_011/cell_0059,5,134217728,,7.357115209102631,4,completed,2048,20.0,0.012591400790601087,0.05332145319023958,,
,,4,60,a66b5e3c37c8a33201d515c128157bb8028554e0,cuda,1.0,1,,0.5,mixture,0.9391507299837841,,,,64,standard normal at finite u_max,tail,0.3121921160863357,,,0.7401613102469706,tail,0.00012327447821489348,,8192,5180928,0.3051468870622338,,task_000/cell_0060,35,4194304,,0.27134164795279503,0,completed,128,20.0,0.9896170558415465,0.7417816098619847,,
,,4,61,a66b5e3c37c8a33201d515c128157bb8028554e0,cuda,1.0,1,,0.5,mixture,0.6832306056580797,,,,64,standard normal at finite u_max,tail,0.3139722210518586,,,0.7711428239292462,tail_cumulant,0.00012212518594813796,,8192,5312000,0.3051468870622338,,task_001/cell_0061,29,8388608,,0.46227702498435974,0,completed,128,20.0,0.9873449774317279,0.771145964933792,,
,,4,62,a66b5e3c37c8a33201d515c128157bb8028554e0,cuda,1.0,1,,0.5,mixture,0.9353221601455389,,,,64,standard normal at finite u_max,tail,0.3056839340734667,,,0.7794230793630821,tail,0.00012299511601704207,,8192,5180928,0.3051468870622338,,task_002/cell_0062,35,4194304,,0.2789333090186119,1,completed,128,20.0,0.9855929548191205,0.779430093577849,,
,,4,63,a66b5e3c37c8a33201d515c128157bb8028554e0,cuda,1.0,1,,0.5,mixture,0.9436439801645902,,,,64,standard normal at finite u_max,tail,0.6969507805532877,,,1.7068843339632365,tail_cumulant,0.00012207231508747584,,8192,5312000,0.6948531129377666,,task_003/cell_0063,30,8388608,,0.4742927700281143,1,completed,128,20.0,0.9863205202797514,1.706882323647751,,
,,4,64,a66b5e3c37c8a33201d515c128157bb8028554e0,cuda,1.0,1,,0.5,mixture,0.9364763287145476,,,,64,standard normal at finite u_max,tail,0.318914207422927,,,0.7903671179555463,tail,0.00016493684570953397,,8192,5180928,0.3051468870622338,,task_004/cell_0064,37,4194304,,0.27937818318605423,2,completed,128,20.0,0.98557501938395,0.7903775871669927,,
,,4,65,a66b5e3c37c8a33201d515c128157bb8028554e0,cuda,1.0,1,,0.5,mixture,0.9219432141063958,,,,64,standard normal at finite u_max,tail,0.6948617665718839,,,1.5905092093200701,tail_cumulant,0.00012216568320421212,,8192,5312000,0.6948531129377656,,task_005/cell_0065,30,8388608,,0.47962770983576775,2,completed,128,20.0,0.9859892408730762,1.5911264785879033,,
,,4,66,a66b5e3c37c8a33201d515c128157bb8028554e0,cuda,1.0,1,,0.5,mixture,0.9260249860553155,,,,64,standard normal at finite u_max,tail,0.37188137199177496,,,0.8209444860220081,tail,0.00012208979877388108,,8192,5180928,0.3051468870622338,,task_006/cell_0066,36,4194304,,0.2723209969699383,3,completed,128,20.0,0.986506195896956,0.8209457247176197,,
,,4,67,a66b5e3c37c8a33201d515c128157bb8028554e0,cuda,1.0,1,,0.5,mixture,0.7530243966580658,,,,64,standard normal at finite u_max,tail,0.30731360706057853,,,0.754784755583646,tail_cumulant,0.00012207032520232912,,8192,5312000,0.3051468870622338,,task_007/cell_0067,29,8388608,,0.4704156816005707,3,completed,128,20.0,0.9873509100589827,0.7548759738460167,,
,,4,68,a66b5e3c37c8a33201d515c128157bb8028554e0,cuda,1.0,1,,0.5,mixture,0.9419270299241642,,,,64,standard normal at finite u_max,tail,0.3671621801180991,,,0.8011649170063362,tail,0.00012256193218470856,,8192,5180928,0.3051468870622338,,task_008/cell_0068,36,4194304,,0.2893504202365875,4,completed,128,20.0,0.9885332043616717,0.8011640601962108,,
,,4,69,a66b5e3c37c8a33201d515c128157bb8028554e0,cuda,1.0,1,,0.5,mixture,0.7785959321471742,,,,64,standard normal at finite u_max,tail,0.3669418978209491,,,0.8056317798458525,tail_cumulant,0.00012207313901902185,,8192,5312000,0.3051468870622338,,task_009/cell_0069,28,8388608,,0.4659176245331764,4,completed,128,20.0,0.9883945274841868,0.8056361486279235,,
,,4,70,a66b5e3c37c8a33201d515c128157bb8028554e0,cuda,1.0,1,,0.5,mixture,0.9064264989385856,,,,64,standard normal at finite u_max,tail,0.6983428930088388,,,1.7512112256493013,tail,0.0005243588731496423,,8192,5180928,0.6948531129377666,,task_010/cell_0070,98,16777216,,1.0500053614377975,0,completed,512,20.0,0.9865177187367805,1.7512141584174366,,
,,4,71,a66b5e3c37c8a33201d515c128157bb8028554e0,cuda,1.0,1,,0.5,mixture,0.9629506023676715,,,,64,standard normal at finite u_max,tail,0.11392721185628324,,,0.13551479577702807,tail_cumulant,0.19303003927406215,,8192,5312000,0.0504011403544542,,task_011/cell_0071,37,33554432,,1.8470198512077332,0,completed,512,20.0,0.05514199825951449,0.13928382465388162,,
,,4,72,a66b5e3c37c8a33201d515c128157bb8028554e0,cuda,1.0,1,,0.5,mixture,0.8411899278402362,,,,64,standard normal at finite u_max,tail,0.6953160379151703,,,1.7142519336172077,tail,0.00015124801086258664,,8192,5180928,0.6948531129377666,,task_000/cell_0072,94,16777216,,1.045628435909748,1,completed,512,20.0,0.9883202763104242,1.7142678579361172,,
,,4,73,a66b5e3c37c8a33201d515c128157bb8028554e0,cuda,1.0,1,,0.5,mixture,0.6312853757013241,,,,64,standard normal at finite u_max,tail,0.11285814100251607,,,0.13873145491932393,tail_cumulant,0.05764349912551732,,8192,5312000,0.049801728604024986,,task_001/cell_0073,38,33554432,,1.8032271787524223,1,completed,512,20.0,0.054016321056426064,0.14131956022524206,,
,,4,74,a66b5e3c37c8a33201d515c128157bb8028554e0,cuda,1.0,1,,0.5,mixture,0.8415044395475328,,,,64,standard normal at finite u_max,tail,0.6949224579688655,,,1.7018263104174685,tail,0.00017687016909835802,,8192,5180928,0.6948531129377664,,task_002/cell_0074,92,16777216,,1.0656563863158226,2,completed,512,20.0,0.9865974302888522,1.7018536271300047,,
,,4,75,a66b5e3c37c8a33201d515c128157bb8028554e0,cuda,1.0,1,,0.5,mixture,0.6689598006026625,,,,64,standard normal at finite u_max,tail,0.08201133403189209,,,0.03941711571799289,tail_cumulant,0.024780888798344985,,8192,5312000,0.011397341192545207,,task_003/cell_0075,38,33554432,,1.8445578068494797,2,completed,512,20.0,0.021427187251390478,0.05019688581315837,,
,,4,76,a66b5e3c37c8a33201d515c128157bb8028554e0,cuda,1.0,1,,0.5,mixture,0.9061532373417968,,,,64,standard normal at finite u_max,tail,0.6955462104696384,,,1.710742803066755,tail,0.00021361275647340373,,8192,5180928,0.6948531129377662,,task_004/cell_0076,96,16777216,,1.0843153931200504,3,completed,512,20.0,0.9882008827382369,1.7107451220433745,,
,,4,77,a66b5e3c37c8a33201d515c128157bb8028554e0,cuda,1.0,1,,0.5,mixture,0.9883506511047042,,,,64,standard normal at finite u_max,tail,0.11755130082314003,,,0.22133879273243726,tail_cumulant,0.059131478056553104,,8192,5312000,0.09280917703719715,,task_005/cell_0077,44,33554432,,1.8694656752049923,3,completed,512,20.0,0.20081821176769332,0.23351497103823604,,
,,4,78,a66b5e3c37c8a33201d515c128157bb8028554e0,cuda,1.0,1,,0.5,mixture,0.9088104408666966,,,,64,standard normal at finite u_max,tail,0.6949662497524152,,,1.6950015006923431,tail,0.00022002648323339854,,8192,5180928,0.6948531129377664,,task_006/cell_0078,94,16777216,,1.045156143605709,4,completed,512,20.0,0.9876294624610769,1.695009947682395,,
,,4,79,a66b5e3c37c8a33201d515c128157bb8028554e0,cuda,1.0,1,,0.5,mixture,0.6566985646734455,,,,64,standard normal at finite u_max,tail,0.15291003868312097,,,0.25950192795599203,tail_cumulant,0.1858354840385613,,8192,5312000,0.0995546786571831,,task_007/cell_0079,33,33554432,,1.8416195809841156,4,completed,512,20.0,0.18965066396048025,0.26018151893572194,,
,,4,80,a66b5e3c37c8a33201d515c128157bb8028554e0,cuda,1.0,1,,0.5,mixture,0.7435071860284811,,,,64,standard normal at finite u_max,tail,0.524245487811819,,,1.2966646755239453,tail,0.3420806750561273,,8192,5180928,0.523484676283812,,task_008/cell_0080,34,67108864,,4.303127802908421,0,completed,2048,20.0,0.3194973087834466,1.2966952266464502,,
,,4,81,a66b5e3c37c8a33201d515c128157bb8028554e0,cuda,1.0,1,,0.5,mixture,0.8195849933021279,,,,64,standard normal at finite u_max,tail,0.11253503381637886,,,0.18604379584123043,tail_cumulant,0.4501217223487817,,8192,5312000,0.07462287160522485,,task_009/cell_0081,17,134217728,,7.22144965454936,0,completed,2048,20.0,0.12930939423375443,0.18758160884936764,,
,,4,82,a66b5e3c37c8a33201d515c128157bb8028554e0,cuda,1.0,1,,0.5,mixture,0.7160709587296026,,,,64,standard normal at finite u_max,tail,0.6418031825472822,,,1.5820786632104011,tail,0.29687796520573173,,8192,5180928,0.6413689893061907,,task_010/cell_0082,32,67108864,,4.052338786423206,1,completed,2048,20.0,0.747789779080771,1.5821345013218813,,
,,4,83,a66b5e3c37c8a33201d515c128157bb8028554e0,cuda,1.0,1,,0.5,mixture,0.9634499875542697,,,,64,standard normal at finite u_max,tail,0.14903528462254545,,,0.35462528719250075,tail_cumulant,0.45175509013616777,,8192,5312000,0.1484645844922886,,task_011/cell_0083,16,134217728,,7.320305272936821,1,completed,2048,20.0,0.3632408825147404,0.35462677675273346,,
,,4,84,a66b5e3c37c8a33201d515c128157bb8028554e0,cuda,1.0,1,,0.5,mixture,0.6767753094194846,,,,64,standard normal at finite u_max,tail,0.6509183088141957,,,1.6165906338579106,tail,0.3379746438875839,,8192,5180928,0.6502812020712586,,task_000/cell_0084,33,67108864,,4.042005643248558,2,completed,2048,20.0,0.7816869438238545,1.6166023144949853,,
,,4,85,a66b5e3c37c8a33201d515c128157bb8028554e0,cuda,1.0,1,,0.5,mixture,0.6975052621672004,,,,64,standard normal at finite u_max,tail,0.05900887491046458,,,0.09909115433095816,tail_cumulant,0.46838098122976735,,8192,5312000,0.04137139078390384,,task_001/cell_0085,15,134217728,,7.146107897162437,2,completed,2048,20.0,0.09218191782483953,0.10288222135592646,,
,,4,86,a66b5e3c37c8a33201d515c128157bb8028554e0,cuda,1.0,1,,0.5,mixture,0.7159970780176583,,,,64,standard normal at finite u_max,tail,0.5878245556616426,,,1.4521301740325523,tail,0.2930797050818136,,8192,5180928,0.585202719757163,,task_002/cell_0086,31,67108864,,4.115786589682102,3,completed,2048,20.0,0.5331963789614766,1.4522231955004363,,
,,4,87,a66b5e3c37c8a33201d515c128157bb8028554e0,cuda,1.0,1,,0.5,mixture,0.6343631718092543,,,,64,standard normal at finite u_max,tail,0.12575998633773056,,,0.25666218359549875,tail_cumulant,0.45177184959708994,,8192,5312000,0.10031981105521715,,task_003/cell_0087,16,134217728,,7.313861906528473,3,completed,2048,20.0,0.21379677535954955,0.25691207367767305,,
,,4,88,a66b5e3c37c8a33201d515c128157bb8028554e0,cuda,1.0,1,,0.5,mixture,0.6492692201589304,,,,64,standard normal at finite u_max,tail,0.6496312389941319,,,1.61467877869638,tail,0.3440271145654059,,8192,5180928,0.6486440828685552,,task_004/cell_0088,32,67108864,,4.176945865154266,4,completed,2048,20.0,0.7756780377786194,1.6146982980199127,,
,,4,89,a66b5e3c37c8a33201d515c128157bb8028554e0,cuda,1.0,1,,0.5,mixture,0.8786012748161466,,,,64,standard normal at finite u_max,tail,0.21351755469284928,,,0.484549229405944,tail_cumulant,0.4450398299082667,,8192,5312000,0.21349871815601193,,task_005/cell_0089,18,134217728,,7.3937392719089985,4,completed,2048,20.0,0.6044183346726126,0.49369902857178627,,
,,4,90,a66b5e3c37c8a33201d515c128157bb8028554e0,cuda,1.0,8,,0.5,mixture,0.0022037381241007408,,,,64,standard normal at finite u_max,tail,0.5381488823687101,,,0.7647476664009536,tail,0.00012207031274015512,,8192,37777408,0.3051468870622338,,task_006/cell_0090,42,4194304,,0.2766104154288769,0,completed,128,20.0,0.998050992777819,0.8149300711119463,,
,,4,91,a66b5e3c37c8a33201d515c128157bb8028554e0,cuda,1.0,8,,0.5,mixture,0.08282238145665821,,,,64,standard normal at finite u_max,tail,0.5984490815258612,,,1.186991143599197,tail_cumulant,0.00012207031259444875,,8192,38367232,0.49999999999999967,,task_007/cell_0091,38,8388608,,0.47905731946229935,0,completed,128,20.0,0.9979589178975312,1.2624127101728668,,
,,4,92,a66b5e3c37c8a33201d515c128157bb8028554e0,cuda,1.0,8,,0.5,mixture,0.0024497291363866913,,,,64,standard normal at finite u_max,tail,0.5092320410924214,,,0.6733848578410826,tail,0.00012207031250063838,,8192,37777408,0.3051468870622338,,task_008/cell_0092,42,4194304,,0.29273080453276634,1,completed,128,20.0,0.9970071617495565,0.8186237633064807,,
,,4,93,a66b5e3c37c8a33201d515c128157bb8028554e0,cuda,1.0,8,,0.5,mixture,0.15102282141561815,,,,64,standard normal at finite u_max,tail,0.6077699270500073,,,0.765972906497633,tail_cumulant,0.0001220703125,,8192,38367232,0.3051468870622338,,task_009/cell_0093,38,8388608,,0.47677240148186684,1,completed,128,20.0,0.9983794689737233,0.838998173257562,,
,,4,94,a66b5e3c37c8a33201d515c128157bb8028554e0,cuda,1.0,8,,0.5,mixture,0.0015302163699046697,,,,64,standard normal at finite u_max,tail,0.5325457812755003,,,0.7382302693463139,tail,0.00012207031250015266,,8192,37777408,0.3051468870622338,,task_010/cell_0094,42,4194304,,0.28045985847711563,2,completed,128,20.0,0.9987324169363925,0.8133104251678559,,
,,4,95,a66b5e3c37c8a33201d515c128157bb8028554e0,cuda,1.0,8,,0.5,mixture,0.16166892073048925,,,,64,standard normal at finite u_max,tail,0.5806064271620363,,,0.8778235388751252,tail_cumulant,0.00012207031259243994,,8192,38367232,0.3538601652966754,,task_011/cell_0095,38,8388608,,0.4824925735592842,2,completed,128,20.0,0.9987924522075062,0.9311610684844546,,
,,4,96,a66b5e3c37c8a33201d515c128157bb8028554e0,cuda,1.0,8,,0.5,mixture,0.0015136398226235199,,,,64,standard normal at finite u_max,tail,0.5298237102239893,,,0.726900660053637,tail,0.0001220703125,,8192,37777408,0.35386016529667536,,task_000/cell_0096,42,4194304,,0.2802303545176983,3,completed,128,20.0,0.9970803962864297,0.8708425161602642,,
,,4,97,a66b5e3c37c8a33201d515c128157bb8028554e0,cuda,1.0,8,,0.5,mixture,0.02922385232250224,,,,64,standard normal at finite u_max,tail,0.46625138959377954,,,0.904958116205262,tail_cumulant,0.0001220703125,,8192,38367232,0.402573443531117,,task_001/cell_0097,38,8388608,,0.47599733248353004,3,completed,128,20.0,0.9951598950776822,0.9641235559721952,,
,,4,98,a66b5e3c37c8a33201d515c128157bb8028554e0,cuda,1.0,8,,0.5,mixture,0.0017296667441705905,,,,64,standard normal at finite u_max,tail,0.49758875521194423,,,0.778258887209013,tail,0.0001220703125,,8192,37777408,0.3051468870622338,,task_002/cell_0098,42,4194304,,0.2825690731406212,4,completed,128,20.0,0.9973668379955678,0.8139306913191009,,
,,4,99,a66b5e3c37c8a33201d515c128157bb8028554e0,cuda,1.0,8,,0.5,mixture,0.05678876740482962,,,,64,standard normal at finite u_max,tail,0.5439654985786971,,,1.226172678689311,tail_cumulant,0.0001220703125,,8192,38367232,0.4999999999999999,,task_003/cell_0099,38,8388608,,0.5685314014554024,4,completed,128,20.0,0.9919181636240748,1.2456049511236196,,
,,4,100,a66b5e3c37c8a33201d515c128157bb8028554e0,cuda,1.0,8,,0.5,mixture,0.641504558403747,,,,64,standard normal at finite u_max,tail,0.4529217700238332,,,0.8512282049358588,tail,0.00012474680819761963,,8192,37777408,0.3538601652966754,,task_004/cell_0100,142,16777216,,1.114655263721943,0,completed,512,20.0,0.9945058421940098,0.8820454474859211,,
,,4,101,a66b5e3c37c8a33201d515c128157bb8028554e0,cuda,1.0,8,,0.5,mixture,0.9927566682151652,,,,64,standard normal at finite u_max,tail,0.6161690815141301,,,1.4720879348474378,tail_cumulant,0.0001220860309367676,,8192,38367232,0.5974265564688833,,task_005/cell_0101,123,33554432,,1.9313769787549973,0,completed,512,20.0,0.9929346889885522,1.4823686899120374,,
,,4,102,a66b5e3c37c8a33201d515c128157bb8028554e0,cuda,1.0,8,,0.5,mixture,0.6422324700870793,,,,64,standard normal at finite u_max,tail,0.4496355387160353,,,0.8464732969926083,tail,0.0001226838220069687,,8192,37777408,0.35386016529667524,,task_006/cell_0102,142,16777216,,1.077304668724537,1,completed,512,20.0,0.9936531602062562,0.8743123577984975,,
,,4,103,a66b5e3c37c8a33201d515c128157bb8028554e0,cuda,1.0,8,,0.5,mixture,0.8036252463693453,,,,64,standard normal at finite u_max,tail,0.5929822374455777,,,1.3598714591068208,tail_cumulant,0.00012211535990312041,,8192,38367232,0.5487132782344417,,task_007/cell_0103,122,33554432,,1.8756634816527367,1,completed,512,20.0,0.9925929431768106,1.37068375824471,,
,,4,104,a66b5e3c37c8a33201d515c128157bb8028554e0,cuda,1.0,8,,0.5,mixture,0.6829787318712831,,,,64,standard normal at finite u_max,tail,0.6904954111129518,,,1.5395538520417302,tail,0.00012220743156055914,,8192,37777408,0.646139834703325,,task_008/cell_0104,142,16777216,,1.142825961112976,2,completed,512,20.0,0.9953476922649009,1.5833941763639818,,
,,4,105,a66b5e3c37c8a33201d515c128157bb8028554e0,cuda,1.0,8,,0.5,mixture,0.9594593964597841,,,,64,standard normal at finite u_max,tail,0.480587681919697,,,1.1109550126349625,tail_cumulant,0.000122376355532035,,8192,38367232,0.4512867217655584,,task_009/cell_0105,124,33554432,,1.8731825537979603,2,completed,512,20.0,0.9911895431123463,1.1253153735399226,,
,,4,106,a66b5e3c37c8a33201d515c128157bb8028554e0,cuda,1.0,8,,0.5,mixture,0.6022891580255489,,,,64,standard normal at finite u_max,tail,0.42186249139690196,,,0.7579547560510101,tail,0.00012590312349825523,,8192,37777408,0.3051468870622338,,task_010/cell_0106,140,16777216,,1.0805917233228683,3,completed,512,20.0,0.9950914116283629,0.7857082047617843,,
,,4,107,a66b5e3c37c8a33201d515c128157bb8028554e0,cuda,1.0,8,,0.5,mixture,0.6976715306696183,,,,64,standard normal at finite u_max,tail,0.6649540442575159,,,1.5805845208433063,tail_cumulant,0.00012208234880879242,,8192,38367232,0.6461398347033244,,task_011/cell_0107,122,33554432,,1.8976933509111404,3,completed,512,20.0,0.9939329329186113,1.588338214161458,,
,,4,108,a66b5e3c37c8a33201d515c128157bb8028554e0,cuda,1.0,8,,0.5,mixture,0.641033028615161,,,,64,standard normal at finite u_max,tail,0.47884757369998965,,,0.8569323299141012,tail,0.00012207096573160005,,8192,37777408,0.3538601652966754,,task_000/cell_0108,142,16777216,,1.078975472599268,4,completed,512,20.0,0.9943022924516063,0.8949278086594346,,
,,4,109,a66b5e3c37c8a33201d515c128157bb8028554e0,cuda,1.0,8,,0.5,mixture,0.7937156011186721,,,,64,standard normal at finite u_max,tail,0.548185905120743,,,1.2097060102587527,tail_cumulant,0.0001244048595842335,,8192,38367232,0.4999999999999999,,task_001/cell_0109,123,33554432,,1.8668232187628746,4,completed,512,20.0,0.9935287974173703,1.2218698805806003,,
,,4,110,a66b5e3c37c8a33201d515c128157bb8028554e0,cuda,1.0,8,,0.5,mixture,0.5062178331055506,,,,64,standard normal at finite u_max,tail,0.7015928520324961,,,1.6953630405782962,tail,0.00018864655167611936,,8192,37777408,0.694853112937766,,task_002/cell_0110,416,67108864,,4.286256283521652,0,completed,2048,20.0,0.9912147722505201,1.6973266843406984,,
,,4,111,a66b5e3c37c8a33201d515c128157bb8028554e0,cuda,1.0,8,,0.5,mixture,0.746758756185297,,,,64,standard normal at finite u_max,tail,0.45410636091145357,,,1.0784040220832176,tail_cumulant,0.0007992549294810306,,8192,38367232,0.43120985161504183,,task_003/cell_0111,278,134217728,,7.418185263872147,0,completed,2048,20.0,0.5165673372135644,1.078643626933043,,
,,4,112,a66b5e3c37c8a33201d515c128157bb8028554e0,cuda,1.0,8,,0.5,mixture,0.7844529245473215,,,,64,standard normal at finite u_max,tail,0.7002457791049677,,,1.7146815479029986,tail,0.00023545652312171887,,8192,37777408,0.6948531129377657,,task_004/cell_0112,412,67108864,,4.395743988454342,1,completed,2048,20.0,0.9909685650955382,1.7148687154273539,,
,,4,113,a66b5e3c37c8a33201d515c128157bb8028554e0,cuda,1.0,8,,0.5,mixture,0.557907460157594,,,,64,standard normal at finite u_max,tail,0.39583202964907327,,,0.9322966820755356,tail_cumulant,0.0003594047440499084,,8192,38367232,0.37260415666839986,,task_005/cell_0113,257,134217728,,7.56722229719162,1,completed,2048,20.0,0.7454884864050482,0.938753028654425,,
,,4,114,a66b5e3c37c8a33201d515c128157bb8028554e0,cuda,1.0,8,,0.5,mixture,0.9414361647748263,,,,64,standard normal at finite u_max,tail,0.6513145603752327,,,1.5686257082879642,tail,0.00021681425408600177,,8192,37777408,0.6461398347033247,,task_006/cell_0114,421,67108864,,4.241415917873383,2,completed,2048,20.0,0.9906217861062866,1.5849894351686808,,
,,4,115,a66b5e3c37c8a33201d515c128157bb8028554e0,cuda,1.0,8,,0.5,mixture,0.7153229567879451,,,,64,standard normal at finite u_max,tail,0.566255938578037,,,1.3761981445229075,tail_cumulant,0.0007643531622956401,,8192,38367232,0.5484140287189966,,task_007/cell_0115,270,134217728,,7.450163960456848,2,completed,2048,20.0,0.9887113732121962,1.3785932616928904,,
,,4,116,a66b5e3c37c8a33201d515c128157bb8028554e0,cuda,1.0,8,,0.5,mixture,0.6511718951675144,,,,64,standard normal at finite u_max,tail,0.6999664842183255,,,1.7067445861367152,tail,0.0002871663125934744,,8192,37777408,0.6948531129377662,,task_008/cell_0116,418,67108864,,4.477040432393551,3,completed,2048,20.0,0.9912696754705544,1.7072694768975518,,
,,4,117,a66b5e3c37c8a33201d515c128157bb8028554e0,cuda,1.0,8,,0.5,mixture,0.9975722928397381,,,,64,standard normal at finite u_max,tail,0.6185973304622082,,,1.4942800587943406,tail_cumulant,0.002042358739202222,,8192,38367232,0.5943249541785862,,task_009/cell_0117,286,134217728,,7.389217682182789,3,completed,2048,20.0,0.9740478948453115,1.4943989515051395,,
,,4,118,a66b5e3c37c8a33201d515c128157bb8028554e0,cuda,1.0,8,,0.5,mixture,0.8720063143677623,,,,64,standard normal at finite u_max,tail,0.6006835973514149,,,1.436842584191124,tail,0.00018146348856651633,,8192,37777408,0.5974265564688834,,task_010/cell_0118,414,67108864,,4.246514059603214,4,completed,2048,20.0,0.9909031064464395,1.4613311652266665,,
,,4,119,a66b5e3c37c8a33201d515c128157bb8028554e0,cuda,1.0,8,,0.5,mixture,0.5019154790992844,,,,64,standard normal at finite u_max,tail,0.49391337960073806,,,1.2110464235482397,tail_cumulant,0.004843690302203761,,8192,38367232,0.4864339185861142,,task_011/cell_0119,289,134217728,,7.4986632168293,4,completed,2048,20.0,0.5449852271748092,1.2118080406006058,,
,,4,120,a66b5e3c37c8a33201d515c128157bb8028554e0,cuda,1.0,1,,0.5,weak_mixture,0.9054032013924125,,,,16,standard normal at finite u_max,tail,0.019916184534871872,,,0.017091601291012212,tail,0.4788693381014963,,8192,5179904,0.01433946532879432,,task_000/cell_0120,1,4194304,,0.2638740874826908,0,completed,128,20.0,0.10320723714944258,0.021050540548441018,,
,,4,121,a66b5e3c37c8a33201d515c128157bb8028554e0,cuda,1.0,1,,0.5,weak_mixture,0.8975723024482426,,,,16,standard normal at finite u_max,tail,0.011783428380043537,,,0.009308102371081055,tail_cumulant,0.4875737155666915,,8192,5310976,0.010604270458109966,,task_001/cell_0121,1,8388608,,0.4550192914903164,0,completed,128,20.0,0.02519501117044065,0.011216926336157774,,
,,4,122,a66b5e3c37c8a33201d515c128157bb8028554e0,cuda,1.0,1,,0.5,weak_mixture,0.9375179005772171,,,,16,standard normal at finite u_max,tail,0.012718640185864216,,,0.0017965834854815343,tail,0.482519502494604,,8192,5179904,0.00801492523038827,,task_002/cell_0122,1,4194304,,0.2637483850121498,1,completed,128,20.0,0.0571654265871675,0.012198177680932239,,
,,4,123,a66b5e3c37c8a33201d515c128157bb8028554e0,cuda,1.0,1,,0.5,weak_mixture,0.5037837356435776,,,,16,standard normal at finite u_max,tail,0.014493688252904868,,,0.01772738275445592,tail_cumulant,0.5037837356435776,,8192,5310976,0.010516350876448088,,task_003/cell_0123,0,8388608,,0.46022234857082367,1,completed,128,20.0,0.00805351726655923,0.01859446350406271,,
,,4,124,a66b5e3c37c8a33201d515c128157bb8028554e0,cuda,1.0,1,,0.5,weak_mixture,0.7874339927480125,,,,16,standard normal at finite u_max,tail,0.01767741213155355,,,0.014568979152763962,tail,0.45181558220326723,,8192,5179904,0.017001312831071647,,task_004/cell_0124,1,4194304,,0.2709110416471958,2,completed,128,20.0,0.006865881627396986,0.015397702452111613,,
,,4,125,a66b5e3c37c8a33201d515c128157bb8028554e0,cuda,1.0,1,,0.5,weak_mixture,0.9388031310508298,,,,16,standard normal at finite u_max,tail,0.016313642547293394,,,0.012215624121501206,tail_cumulant,0.4902984047238602,,8192,5310976,0.014043365729616952,,task_005/cell_0125,1,8388608,,0.4704836569726467,2,completed,128,20.0,0.012722335124915718,0.012843247865356832,,
,,4,126,a66b5e3c37c8a33201d515c128157bb8028554e0,cuda,1.0,1,,0.5,weak_mixture,0.994817902134365,,,,16,standard normal at finite u_max,tail,0.016352896682780504,,,0.008771415689805936,tail,0.4910350513862747,,8192,5179904,0.008883589064080377,,task_006/cell_0126,1,4194304,,0.2578454203903675,3,completed,128,20.0,0.035544205462507694,0.013886145369671319,,
,,4,127,a66b5e3c37c8a33201d515c128157bb8028554e0,cuda,1.0,1,,0.5,weak_mixture,0.9718555103898677,,,,16,standard normal at finite u_max,tail,0.008628761016374165,,,1.0956903117130892e-05,tail_cumulant,0.48175866581429033,,8192,5310976,0.0010148730037584652,,task_007/cell_0127,1,8388608,,0.4619216248393059,3,completed,128,20.0,0.01512090705991409,0.004544121994137986,,
,,4,128,a66b5e3c37c8a33201d515c128157bb8028554e0,cuda,1.0,1,,0.5,weak_mixture,0.9188577419962427,,,,16,standard normal at finite u_max,tail,0.007738799325534229,,,0.002787103422123887,tail,0.48823908080036377,,8192,5179904,0.004587056188117389,,task_008/cell_0128,1,4194304,,0.27499358355998993,4,completed,128,20.0,0.023354977106549324,0.005699707322964219,,
,,4,129,a66b5e3c37c8a33201d515c128157bb8028554e0,cuda,1.0,1,,0.5,weak_mixture,0.9645378813703759,,,,16,standard normal at finite u_max,tail,0.01640242439773132,,,0.01533633700944916,tail_cumulant,0.47054967484442056,,8192,5310976,0.007872409069575315,,task_009/cell_0129,1,8388608,,0.4608427472412586,4,completed,128,20.0,0.029097604038230696,0.015541177428974899,,
,,4,130,a66b5e3c37c8a33201d515c128157bb8028554e0,cuda,1.0,1,,0.5,weak_mixture,0.8951491645828521,,,,16,standard normal at finite u_max,tail,0.007331342498140159,,,0.0033235416519083894,tail,0.4876318882310169,,8192,5179904,0.0038353919610754073,,task_010/cell_0130,1,16777216,,1.018780454993248,0,completed,512,20.0,0.04089102401608469,0.007768228842205809,,
,,4,131,a66b5e3c37c8a33201d515c128157bb8028554e0,cuda,1.0,1,,0.5,weak_mixture,0.8915172368946607,,,,16,standard normal at finite u_max,tail,0.013726727507870184,,,0.0059411239131758765,tail_cumulant,0.49919758005062786,,8192,5310976,0.006280228629664375,,task_011/cell_0131,1,33554432,,1.8379496335983276,0,completed,512,20.0,0.03225265798190491,0.011203195756227774,,
,,4,132,a66b5e3c37c8a33201d515c128157bb8028554e0,cuda,1.0,1,,0.5,weak_mixture,0.9999641940557102,,,,16,standard normal at finite u_max,tail,0.009819849850638898,,,3.297943376867271e-06,tail,0.4991843991020644,,8192,5179904,0.0008687954505708362,,task_000/cell_0132,1,16777216,,1.0152872540056705,1,completed,512,20.0,0.04327821724901548,0.010076919987821998,,
,,4,133,a66b5e3c37c8a33201d515c128157bb8028554e0,cuda,1.0,1,,0.5,weak_mixture,0.5287113204342898,,,,16,standard normal at finite u_max,tail,0.05064635755418173,,,0.06027294054987985,tail_cumulant,0.4817230129151103,,8192,5310976,0.03676622899624904,,task_001/cell_0133,1,33554432,,1.797567706555128,1,completed,512,20.0,0.12239899813158295,0.06042356303917964,,
,,4,134,a66b5e3c37c8a33201d515c128157bb8028554e0,cuda,1.0,1,,0.5,weak_mixture,0.9980977021185433,,,,16,standard normal at finite u_max,tail,0.008388456708520398,,,0.008039747914077647,tail,0.4987684892999128,,8192,5179904,0.0006001021975127196,,task_002/cell_0134,1,16777216,,1.0275012478232384,2,completed,512,20.0,0.016582585233474445,0.00877266374892517,,
,,4,135,a66b5e3c37c8a33201d515c128157bb8028554e0,cuda,1.0,1,,0.5,weak_mixture,0.646819841236643,,,,16,standard normal at finite u_max,tail,0.02230830797935021,,,0.011846476694041954,tail_cumulant,0.49674717034753607,,8192,5310976,0.0050756446558141155,,task_003/cell_0135,1,33554432,,1.8258917555212975,2,completed,512,20.0,0.11192043441441446,0.022679279920265305,,
,,4,136,a66b5e3c37c8a33201d515c128157bb8028554e0,cuda,1.0,1,,0.5,weak_mixture,0.6663313129444576,,,,16,standard normal at finite u_max,tail,0.018432748888803002,,,0.01070083980586835,tail,0.49774697668656337,,8192,5179904,0.011756022886528716,,task_004/cell_0136,1,16777216,,1.0566251911222935,3,completed,512,20.0,0.015734942535471808,0.014985531763606477,,
,,4,137,a66b5e3c37c8a33201d515c128157bb8028554e0,cuda,1.0,1,,0.5,weak_mixture,0.9946527166349272,,,,16,standard normal at finite u_max,tail,0.006654946284635088,,,7.731934085121982e-05,tail_cumulant,0.49641041009717884,,8192,5310976,0.000951251445415191,,task_005/cell_0137,1,33554432,,1.8565787114202976,3,completed,512,20.0,0.02068652085604039,0.005444123218699179,,
,,4,138,a66b5e3c37c8a33201d515c128157bb8028554e0,cuda,1.0,1,,0.5,weak_mixture,0.9546345844573557,,,,16,standard normal at finite u_max,tail,0.012213001680454638,,,0.006733850347897816,tail,0.49868562375750464,,8192,5179904,0.006671182264397446,,task_006/cell_0138,1,16777216,,1.011975646018982,4,completed,512,20.0,0.014905913756696032,0.009179000814635518,,
,,4,139,a66b5e3c37c8a33201d515c128157bb8028554e0,cuda,1.0,1,,0.5,weak_mixture,0.7917357922606257,,,,16,standard normal at finite u_max,tail,0.01818913482002943,,,0.012201577788285338,tail_cumulant,0.49407615458165194,,8192,5310976,0.01517649705620805,,task_007/cell_0139,1,33554432,,1.8236563429236412,4,completed,512,20.0,0.023746176891194182,0.016777571091509753,,
,,4,140,a66b5e3c37c8a33201d515c128157bb8028554e0,cuda,1.0,1,,0.5,weak_mixture,0.9420012952140291,,,,16,standard normal at finite u_max,tail,0.01833566524667668,,,0.02088792140568127,tail,0.49630234510536514,,8192,5179904,0.01785719070195979,,task_008/cell_0140,1,67108864,,4.256926786154509,0,completed,2048,20.0,0.036678950045716086,0.020954653610673255,,
,,4,141,a66b5e3c37c8a33201d515c128157bb8028554e0,cuda,1.0,1,,0.5,weak_mixture,0.8965067025374163,,,,16,standard normal at finite u_max,tail,0.01728963433567579,,,0.012840929801702419,tail_cumulant,0.4991689887192046,,8192,5310976,0.008877174552958333,,task_009/cell_0141,1,134217728,,7.225935749709606,0,completed,2048,20.0,0.03235637199463315,0.013811482592198915,,
,,4,142,a66b5e3c37c8a33201d515c128157bb8028554e0,cuda,1.0,1,,0.5,weak_mixture,0.9929663517779241,,,,16,standard normal at finite u_max,tail,0.01757781940201819,,,0.014459224610925263,tail,0.49931184390576294,,8192,5179904,0.014350890690767337,,task_010/cell_0142,1,67108864,,4.054548487067223,1,completed,2048,20.0,0.09111554317540271,0.023568695224501196,,
,,4,143,a66b5e3c37c8a33201d515c128157bb8028554e0,cuda,1.0,1,,0.5,weak_mixture,0.9786066881943191,,,,16,standard normal at finite u_max,tail,0.015048786140038184,,,0.00836470507409398,tail_cumulant,0.4993118849363468,,8192,5310976,0.001418555539941746,,task_011/cell_0143,1,134217728,,7.327680714428425,1,completed,2048,20.0,0.01359983568592149,0.010714422252937046,,
,,4,144,a66b5e3c37c8a33201d515c128157bb8028554e0,cuda,1.0,1,,0.5,weak_mixture,0.9949887351312989,,,,16,standard normal at finite u_max,tail,0.010960310749567215,,,0.0030619631591090376,tail,0.49926262733076443,,8192,5179904,0.002502584087568538,,task_000/cell_0144,1,67108864,,4.029942821711302,2,completed,2048,20.0,0.0561091050038689,0.009514169498409332,,
,,4,145,a66b5e3c37c8a33201d515c128157bb8028554e0,cuda,1.0,1,,0.5,weak_mixture,0.8906783605826486,,,,16,standard normal at finite u_max,tail,0.028985017151064496,,,0.0335808142145222,tail_cumulant,0.4979585897290774,,8192,5310976,0.019430523759227825,,task_001/cell_0145,1,134217728,,7.147608425468206,2,completed,2048,20.0,0.03308078703237283,0.033740045683268965,,
,,4,146,a66b5e3c37c8a33201d515c128157bb8028554e0,cuda,1.0,1,,0.5,weak_mixture,0.999544643328961,,,,16,standard normal at finite u_max,tail,0.01656233879676894,,,0.004344716481291262,tail,0.4998600498951601,,8192,5179904,0.00480248142327,,task_002/cell_0146,1,67108864,,4.08233605325222,3,completed,2048,20.0,0.09317159302444822,0.017292742068104237,,
,,4,147,a66b5e3c37c8a33201d515c128157bb8028554e0,cuda,1.0,1,,0.5,weak_mixture,0.9344058219398368,,,,16,standard normal at finite u_max,tail,0.010226737474449354,,,0.0038724837547803644,tail_cumulant,0.49827733185514855,,8192,5310976,0.004756855312369024,,task_003/cell_0147,1,134217728,,7.264334201812744,3,completed,2048,20.0,0.0379322291293952,0.00865159461912987,,
,,4,148,a66b5e3c37c8a33201d515c128157bb8028554e0,cuda,1.0,1,,0.5,weak_mixture,0.9966353237605535,,,,16,standard normal at finite u_max,tail,0.01068746004481319,,,0.002543685196443655,tail,0.49946355485540705,,8192,5179904,0.003097032007547962,,task_004/cell_0148,1,67108864,,4.207706347107887,4,completed,2048,20.0,0.02894649029133689,0.008106439123839243,,
,,4,149,a66b5e3c37c8a33201d515c128157bb8028554e0,cuda,1.0,1,,0.5,weak_mixture,0.9487289738000707,,,,16,standard normal at finite u_max,tail,0.01083374300896739,,,0.011399780484208385,tail_cumulant,0.49913790297889143,,8192,5310976,0.0041377583395839634,,task_005/cell_0149,1,134217728,,7.382667765021324,4,completed,2048,20.0,0.008252323116232585,0.011623406237773807,,
,,4,150,a66b5e3c37c8a33201d515c128157bb8028554e0,cuda,1.0,8,,0.5,weak_mixture,0.8897335929024688,,,,16,standard normal at finite u_max,tail,0.023915526637810904,,,0.021038909703572927,tail,0.418517264965803,,8192,37755904,0.01606652715140506,,task_006/cell_0150,3,4194304,,0.2638346552848816,0,completed,128,20.0,0.05497853751379016,0.024353141783082004,,
,,4,151,a66b5e3c37c8a33201d515c128157bb8028554e0,cuda,1.0,8,,0.5,weak_mixture,0.8790908631378554,,,,16,standard normal at finite u_max,tail,0.017099840492338744,,,0.015816656745038814,tail_cumulant,0.46532795622810824,,8192,38345728,0.010314115192947441,,task_007/cell_0151,3,8388608,,0.465481199324131,0,completed,128,20.0,0.022652962092796602,0.01664436878630044,,
,,4,152,a66b5e3c37c8a33201d515c128157bb8028554e0,cuda,1.0,8,,0.5,weak_mixture,0.9684010020451582,,,,16,standard normal at finite u_max,tail,0.0839147871721669,,,0.09272641200673559,tail,0.4257224268560452,,8192,37755904,0.07407649002426706,,task_008/cell_0152,4,4194304,,0.27897609770298004,1,completed,128,20.0,0.08513007878141185,0.0939341910550911,,
,,4,153,a66b5e3c37c8a33201d515c128157bb8028554e0,cuda,1.0,8,,0.5,weak_mixture,0.6183417755561345,,,,16,standard normal at finite u_max,tail,0.04257437049538346,,,0.0417534161663264,tail_cumulant,0.3788601484128264,,8192,38345728,0.03613043271725164,,task_009/cell_0153,3,8388608,,0.46529947593808174,1,completed,128,20.0,0.037565043089500705,0.042678543845568045,,
,,4,154,a66b5e3c37c8a33201d515c128157bb8028554e0,cuda,1.0,8,,0.5,weak_mixture,0.7901742281017732,,,,16,standard normal at finite u_max,tail,0.020727593105670686,,,0.01569912367778372,tail,0.4481951437351185,,8192,37755904,0.012880312770211545,,task_010/cell_0154,3,4194304,,0.2647251933813095,2,completed,128,20.0,0.05474907738701236,0.01952561675050855,,
,,4,155,a66b5e3c37c8a33201d515c128157bb8028554e0,cuda,1.0,8,,0.5,weak_mixture,0.6417074781478465,,,,16,standard normal at finite u_max,tail,0.027861681496912385,,,0.022945262244881946,tail_cumulant,0.4302782910680174,,8192,38345728,0.02048376012373644,,task_011/cell_0155,3,8388608,,0.4724475294351578,2,completed,128,20.0,0.021358086251356184,0.024884994792226,,
,,4,156,a66b5e3c37c8a33201d515c128157bb8028554e0,cuda,1.0,8,,0.5,weak_mixture,0.5287798315817978,,,,16,standard normal at finite u_max,tail,0.035888317127740176,,,0.028478892821775934,tail,0.46600781270065406,,8192,37755904,0.02144801841903051,,task_000/cell_0156,3,4194304,,0.26200614497065544,3,completed,128,20.0,0.14149196256325708,0.03829340950585825,,
,,4,157,a66b5e3c37c8a33201d515c128157bb8028554e0,cuda,1.0,8,,0.5,weak_mixture,0.7583470689244738,,,,16,standard normal at finite u_max,tail,0.02142005332230043,,,0.01808094181315513,tail_cumulant,0.4317182466583043,,8192,38345728,0.013765915241954696,,task_001/cell_0157,3,8388608,,0.45957164093852043,3,completed,128,20.0,0.046820687367589486,0.020732112725380322,,
,,4,158,a66b5e3c37c8a33201d515c128157bb8028554e0,cuda,1.0,8,,0.5,weak_mixture,0.876206530033437,,,,16,standard normal at finite u_max,tail,0.01701705240280836,,,0.015149427970683423,tail,0.4227905770302703,,8192,37755904,0.007966435243942194,,task_002/cell_0158,3,4194304,,0.2693634629249573,4,completed,128,20.0,0.03371067501851882,0.01686987874786626,,
,,4,159,a66b5e3c37c8a33201d515c128157bb8028554e0,cuda,1.0,8,,0.5,weak_mixture,0.5420777220595195,,,,16,standard normal at finite u_max,tail,0.06680978488685205,,,0.06578223402529382,tail_cumulant,0.37787318222599586,,8192,38345728,0.05311754814561636,,task_003/cell_0159,3,8388608,,0.4704556465148926,4,completed,128,20.0,0.10585586939022677,0.06864533827183221,,
,,4,160,a66b5e3c37c8a33201d515c128157bb8028554e0,cuda,1.0,8,,0.5,weak_mixture,0.7870900831072049,,,,16,standard normal at finite u_max,tail,0.01842961967205601,,,0.013296248649372226,tail,0.4792398974426797,,8192,37755904,0.01146956157542367,,task_004/cell_0160,3,16777216,,1.0599183775484562,0,completed,512,20.0,0.03440018534567087,0.016575024987892158,,
,,4,161,a66b5e3c37c8a33201d515c128157bb8028554e0,cuda,1.0,8,,0.5,weak_mixture,0.7547094057559285,,,,16,standard normal at finite u_max,tail,0.020865136262136787,,,0.019317892426844306,tail_cumulant,0.4811614033069648,,8192,38345728,0.014582445154849827,,task_005/cell_0161,3,33554432,,1.869860541075468,0,completed,512,20.0,0.02843981663194231,0.021458475613659572,,
,,4,162,a66b5e3c37c8a33201d515c128157bb8028554e0,cuda,1.0,8,,0.5,weak_mixture,0.6718819934850833,,,,16,standard normal at finite u_max,tail,0.025465190013776912,,,0.019061589416011132,tail,0.4806680385966732,,8192,37755904,0.01643294488261638,,task_006/cell_0162,3,16777216,,1.0198550000786781,1,completed,512,20.0,0.06735157197969166,0.02459628275312397,,
,,4,163,a66b5e3c37c8a33201d515c128157bb8028554e0,cuda,1.0,8,,0.5,weak_mixture,0.7779755164857222,,,,16,standard normal at finite u_max,tail,0.01611707089709938,,,0.009660483500368309,tail_cumulant,0.48511931155117244,,8192,38345728,0.011605333078434227,,task_007/cell_0163,3,33554432,,1.8343004435300827,1,completed,512,20.0,0.03666260806892724,0.013764493905233027,,
,,4,164,a66b5e3c37c8a33201d515c128157bb8028554e0,cuda,1.0,8,,0.5,weak_mixture,0.858603369302988,,,,16,standard normal at finite u_max,tail,0.01606844186987689,,,0.009418379467433548,tail,0.4880390209763648,,8192,37755904,0.010660066386549774,,task_008/cell_0164,3,16777216,,1.0768986493349075,2,completed,512,20.0,0.04212087117965643,0.014440720140654874,,
,,4,165,a66b5e3c37c8a33201d515c128157bb8028554e0,cuda,1.0,8,,0.5,weak_mixture,0.9342574844667683,,,,16,standard normal at finite u_max,tail,0.0144396497518759,,,0.009569384510396434,tail_cumulant,0.4929546272255596,,8192,38345728,0.008006731919835766,,task_009/cell_0165,3,33554432,,1.8224028088152409,2,completed,512,20.0,0.04579642598894473,0.01363971795158668,,
,,4,166,a66b5e3c37c8a33201d515c128157bb8028554e0,cuda,1.0,8,,0.5,weak_mixture,0.9844436220956194,,,,16,standard normal at finite u_max,tail,0.037286773764242734,,,0.03339946510905562,tail,0.4739668091192089,,8192,37755904,0.03027516224520821,,task_010/cell_0166,4,16777216,,1.024273343384266,3,completed,512,20.0,0.037068999296788016,0.036049991953705396,,
,,4,167,a66b5e3c37c8a33201d515c128157bb8028554e0,cuda,1.0,8,,0.5,weak_mixture,0.5344777427661267,,,,16,standard normal at finite u_max,tail,0.03459287128385127,,,0.03554084577678381,tail_cumulant,0.4701764741593123,,8192,38345728,0.027834944408370976,,task_011/cell_0167,3,33554432,,1.8486453220248222,3,completed,512,20.0,0.0605307949875309,0.0367350426831191,,
,,4,168,a66b5e3c37c8a33201d515c128157bb8028554e0,cuda,1.0,8,,0.5,weak_mixture,0.6887407274766295,,,,16,standard normal at finite u_max,tail,0.025191059803119076,,,0.021664911119191714,tail,0.4915395203300575,,8192,37755904,0.01850728553539436,,task_000/cell_0168,3,16777216,,1.0223188996315002,4,completed,512,20.0,0.04086554142083294,0.025739582060103426,,
,,4,169,a66b5e3c37c8a33201d515c128157bb8028554e0,cuda,1.0,8,,0.5,weak_mixture,0.7387244498290209,,,,16,standard normal at finite u_max,tail,0.02804555180730605,,,0.02955424363454712,tail_cumulant,0.48619282185595125,,8192,38345728,0.021083730444716363,,task_001/cell_0169,3,33554432,,1.8070199489593506,4,completed,512,20.0,0.05390849075497234,0.03095499973530614,,
,,4,170,a66b5e3c37c8a33201d515c128157bb8028554e0,cuda,1.0,8,,0.5,weak_mixture,0.7532789070623662,,,,16,standard normal at finite u_max,tail,0.015775745912252767,,,0.01020571183012651,tail,0.49752591365426074,,8192,37755904,0.008777548623962808,,task_002/cell_0170,3,67108864,,4.090494304895401,0,completed,2048,20.0,0.04525465682531783,0.014544661789447876,,
,,4,171,a66b5e3c37c8a33201d515c128157bb8028554e0,cuda,1.0,8,,0.5,weak_mixture,0.7379603879816754,,,,16,standard normal at finite u_max,tail,0.017732529200475362,,,0.01332063602702509,tail_cumulant,0.49395922324975167,,8192,38345728,0.011888854108676745,,task_003/cell_0171,3,134217728,,7.430993430316448,0,completed,2048,20.0,0.039485950912484705,0.017729562582453062,,
,,4,172,a66b5e3c37c8a33201d515c128157bb8028554e0,cuda,1.0,8,,0.5,weak_mixture,0.7603905744610503,,,,16,standard normal at finite u_max,tail,0.022094612113540038,,,0.017158451409583268,tail,0.49399925585854554,,8192,37755904,0.01401017506945066,,task_004/cell_0172,3,67108864,,4.219910442829132,1,completed,2048,20.0,0.051639658828006,0.022542336573722364,,
,,4,173,a66b5e3c37c8a33201d515c128157bb8028554e0,cuda,1.0,8,,0.5,weak_mixture,0.8402504811997797,,,,16,standard normal at finite u_max,tail,0.019365428516658265,,,0.014133888701203098,tail_cumulant,0.4976882344590526,,8192,38345728,0.013187506334492484,,task_005/cell_0173,3,134217728,,7.424880441278219,1,completed,2048,20.0,0.030022199906872354,0.016514931473546112,,
,,4,174,a66b5e3c37c8a33201d515c128157bb8028554e0,cuda,1.0,8,,0.5,weak_mixture,0.6651333467697298,,,,16,standard normal at finite u_max,tail,0.021754964092312007,,,0.016587054323171226,tail,0.49430343719605396,,8192,37755904,0.01180603531847954,,task_006/cell_0174,3,67108864,,4.032989334315062,2,completed,2048,20.0,0.07970781834388144,0.02267675184345037,,
,,4,175,a66b5e3c37c8a33201d515c128157bb8028554e0,cuda,1.0,8,,0.5,weak_mixture,0.8134149249501178,,,,16,standard normal at finite u_max,tail,0.021884377359254078,,,0.019169623065151402,tail_cumulant,0.49577582018355465,,8192,38345728,0.013267277996944271,,task_007/cell_0175,3,134217728,,7.3079676032066345,2,completed,2048,20.0,0.05091919291958845,0.023321007907404698,,
,,4,176,a66b5e3c37c8a33201d515c128157bb8028554e0,cuda,1.0,8,,0.5,weak_mixture,0.6265388406236099,,,,16,standard normal at finite u_max,tail,0.014991501572270607,,,0.007836506951127824,tail,0.4947642695765182,,8192,37755904,0.007325956334773183,,task_008/cell_0176,3,67108864,,4.261282563209534,3,completed,2048,20.0,0.03466453785900986,0.012931869977371516,,
,,4,177,a66b5e3c37c8a33201d515c128157bb8028554e0,cuda,1.0,8,,0.5,weak_mixture,0.9220339797361052,,,,16,standard normal at finite u_max,tail,0.01737835596704201,,,0.01253775658051201,tail_cumulant,0.4964655566685082,,8192,38345728,0.009030196948889277,,task_009/cell_0177,3,134217728,,7.248441074043512,3,completed,2048,20.0,0.04813734769552988,0.015656673672252437,,
,,4,178,a66b5e3c37c8a33201d515c128157bb8028554e0,cuda,1.0,8,,0.5,weak_mixture,0.9847322831103802,,,,16,standard normal at finite u_max,tail,0.05527995772112848,,,0.056474338440996925,tail,0.4926211638354522,,8192,37755904,0.043849910969444315,,task_010/cell_0178,4,67108864,,4.070824168622494,4,completed,2048,20.0,0.10700393585009964,0.06266253666074614,,
,,4,179,a66b5e3c37c8a33201d515c128157bb8028554e0,cuda,1.0,8,,0.5,weak_mixture,0.7364618286651936,,,,16,standard normal at finite u_max,tail,0.02949792581712339,,,0.029072723008890453,tail_cumulant,0.4954221719731808,,8192,38345728,0.023405691498236923,,task_011/cell_0179,3,134217728,,7.349082931876183,4,completed,2048,20.0,0.04601999972575403,0.032318982020141857,,
,,4,180,a66b5e3c37c8a33201d515c128157bb8028554e0,cuda,1.0,1,,0.5,weak_mixture,0.6453417255679015,,,,64,standard normal at finite u_max,tail,0.0323559810327711,,,0.03315521163916436,tail,0.46758878580832836,,8192,5180928,0.015359488357920281,,task_000/cell_0180,1,4194304,,0.2600419223308563,0,completed,128,20.0,0.12734875393443024,0.03344225766703237,,
,,4,181,a66b5e3c37c8a33201d515c128157bb8028554e0,cuda,1.0,1,,0.5,weak_mixture,0.99984598863103,,,,64,standard normal at finite u_max,tail,0.024306913359943727,,,0.03793307045672827,tail_cumulant,0.46377435881688067,,8192,5312000,0.014924775662238932,,task_001/cell_0181,2,8388608,,0.4558577761054039,0,completed,128,20.0,0.11173172996094549,0.03794370246420062,,
,,4,182,a66b5e3c37c8a33201d515c128157bb8028554e0,cuda,1.0,1,,0.5,weak_mixture,0.7716728468237629,,,,64,standard normal at finite u_max,tail,0.00686767059268889,,,0.0020157224303530615,tail,0.48394210622422146,,8192,5180928,0.003612927192801263,,task_002/cell_0182,1,4194304,,0.26223789900541306,1,completed,128,20.0,0.023656880618359688,0.006043361093669294,,
,,4,183,a66b5e3c37c8a33201d515c128157bb8028554e0,cuda,1.0,1,,0.5,weak_mixture,0.9767048200961056,,,,64,standard normal at finite u_max,tail,0.01496038789543977,,,0.0123209898660029,tail_cumulant,0.48043562910943743,,8192,5312000,0.008542562881090898,,task_003/cell_0183,1,8388608,,0.4695005789399147,1,completed,128,20.0,0.030096164268658687,0.012959451277872338,,
,,4,184,a66b5e3c37c8a33201d515c128157bb8028554e0,cuda,1.0,1,,0.5,weak_mixture,0.9999947236879619,,,,64,standard normal at finite u_max,tail,0.02418447947570379,,,0.022150385493558515,tail,0.4504493095000675,,8192,5180928,0.017207128924328408,,task_004/cell_0184,2,4194304,,0.3033725172281265,2,completed,128,20.0,0.005612134657129064,0.02371140876836357,,
,,4,185,a66b5e3c37c8a33201d515c128157bb8028554e0,cuda,1.0,1,,0.5,weak_mixture,0.7825359300334755,,,,64,standard normal at finite u_max,tail,0.016566788878459526,,,0.018666066399634258,tail_cumulant,0.48862471822700637,,8192,5312000,0.011703687839086263,,task_005/cell_0185,1,8388608,,0.4691505618393421,2,completed,128,20.0,0.005935707514822974,0.01879987413502276,,
,,4,186,a66b5e3c37c8a33201d515c128157bb8028554e0,cuda,1.0,1,,0.5,weak_mixture,0.9055776048365719,,,,64,standard normal at finite u_max,tail,0.01663607108570797,,,0.01467146301741257,tail,0.49031609868265985,,8192,5180928,0.013217560525796812,,task_006/cell_0186,1,4194304,,0.2592041678726673,3,completed,128,20.0,0.0023983736296082636,0.015177820809740476,,
,,4,187,a66b5e3c37c8a33201d515c128157bb8028554e0,cuda,1.0,1,,0.5,weak_mixture,0.7504344349090167,,,,64,standard normal at finite u_max,tail,0.014922281865564602,,,0.008671477214178866,tail_cumulant,0.49866333028086324,,8192,5312000,0.006754988685010788,,task_007/cell_0187,1,8388608,,0.4623066931962967,3,completed,128,20.0,0.03353165680148118,0.01279746701968544,,
,,4,188,a66b5e3c37c8a33201d515c128157bb8028554e0,cuda,1.0,1,,0.5,weak_mixture,0.7436622842813728,,,,64,standard normal at finite u_max,tail,0.016248599030294963,,,0.01255292788816898,tail,0.4680544678100804,,8192,5180928,0.012247856135947033,,task_008/cell_0188,1,4194304,,0.27312181890010834,4,completed,128,20.0,0.003984535497929431,0.014922959802058893,,
,,4,189,a66b5e3c37c8a33201d515c128157bb8028554e0,cuda,1.0,1,,0.5,weak_mixture,0.8219079203530381,,,,64,standard normal at finite u_max,tail,0.01280494189785919,,,0.009883524748811644,tail_cumulant,0.4912461696411706,,8192,5312000,0.0063665903204243035,,task_009/cell_0189,1,8388608,,0.4605445973575115,4,completed,128,20.0,0.0010502464599850825,0.01080041279944459,,
,,4,190,a66b5e3c37c8a33201d515c128157bb8028554e0,cuda,1.0,1,,0.5,weak_mixture,0.6729517122244362,,,,64,standard normal at finite u_max,tail,0.011833456167667844,,,0.002826064303774847,tail,0.4865135641718227,,8192,5180928,0.003491821224688718,,task_010/cell_0190,1,16777216,,1.0157432928681374,0,completed,512,20.0,0.027893241027569626,0.008326467097821253,,
,,4,191,a66b5e3c37c8a33201d515c128157bb8028554e0,cuda,1.0,1,,0.5,weak_mixture,0.6514891184992104,,,,64,standard normal at finite u_max,tail,0.011597716099259747,,,0.004882553245395322,tail_cumulant,0.49942686601064007,,8192,5312000,0.008988698604977086,,task_011/cell_0191,1,33554432,,1.834593303501606,0,completed,512,20.0,0.013910685474127993,0.011106135566360089,,
,,4,192,a66b5e3c37c8a33201d515c128157bb8028554e0,cuda,1.0,1,,0.5,weak_mixture,0.9381515736459718,,,,64,standard normal at finite u_max,tail,0.012372041234616882,,,0.002038540446404594,tail,0.4955906334073342,,8192,5180928,0.008083360534988038,,task_000/cell_0192,1,16777216,,1.0113508217036724,1,completed,512,20.0,0.08760011934828982,0.014998775645452312,,
,,4,193,a66b5e3c37c8a33201d515c128157bb8028554e0,cuda,1.0,1,,0.5,weak_mixture,0.9960512531461005,,,,64,standard normal at finite u_max,tail,0.04093186663989923,,,0.05153346153715478,tail_cumulant,0.49976814818388876,,8192,5312000,0.03630612210626327,,task_001/cell_0193,2,33554432,,1.7966182827949524,1,completed,512,20.0,0.0008600771898845672,0.05182642693085632,,
,,4,194,a66b5e3c37c8a33201d515c128157bb8028554e0,cuda,1.0,1,,0.5,weak_mixture,0.9290854677112312,,,,64,standard normal at finite u_max,tail,0.014872248857587755,,,0.01359715622863762,tail,0.4949581883144914,,8192,5180928,0.012386501253713322,,task_002/cell_0194,1,16777216,,1.0309801250696182,2,completed,512,20.0,0.034881463293268467,0.014847010760378513,,
,,4,195,a66b5e3c37c8a33201d515c128157bb8028554e0,cuda,1.0,1,,0.5,weak_mixture,0.5188446750805651,,,,64,standard normal at finite u_max,tail,0.11661731440477374,,,0.14743070712661208,tail_cumulant,0.4498976384409053,,8192,5312000,0.05959940675818742,,task_003/cell_0195,2,33554432,,1.8656883388757706,2,completed,512,20.0,0.7048519123046149,0.14857177970291996,,
,,4,196,a66b5e3c37c8a33201d515c128157bb8028554e0,cuda,1.0,1,,0.5,weak_mixture,0.7885380219699125,,,,64,standard normal at finite u_max,tail,0.05248142192628488,,,0.056255038790710934,tail,0.48922905931845817,,8192,5180928,0.040633837314827004,,task_004/cell_0196,2,16777216,,1.0220073461532593,3,completed,512,20.0,0.1489902397847278,0.05659170430838873,,
,,4,197,a66b5e3c37c8a33201d515c128157bb8028554e0,cuda,1.0,1,,0.5,weak_mixture,0.8282591502713208,,,,64,standard normal at finite u_max,tail,0.013940442718013812,,,0.0028099880692113843,tail_cumulant,0.4964001342446151,,8192,5312000,0.0018115496366858386,,task_005/cell_0197,1,33554432,,1.858334943652153,3,completed,512,20.0,0.09560677789519956,0.016072423311247815,,
,,4,198,a66b5e3c37c8a33201d515c128157bb8028554e0,cuda,1.0,1,,0.5,weak_mixture,0.8184361526775094,,,,64,standard normal at finite u_max,tail,0.009272183687031615,,,0.00631403106277066,tail,0.4995923138774224,,8192,5180928,0.006172843217249091,,task_006/cell_0198,1,16777216,,1.0089386701583862,4,completed,512,20.0,0.01896294617314709,0.00837520519999394,,
,,4,199,a66b5e3c37c8a33201d515c128157bb8028554e0,cuda,1.0,1,,0.5,weak_mixture,0.513209094640787,,,,64,standard normal at finite u_max,tail,0.016053893782031564,,,0.004355878294691249,tail_cumulant,0.49241331384377685,,8192,5312000,0.000858920716899747,,task_007/cell_0199,1,33554432,,1.8217358440160751,4,completed,512,20.0,0.03643439943057647,0.01177522903918461,,
,,4,200,a66b5e3c37c8a33201d515c128157bb8028554e0,cuda,1.0,1,,0.5,weak_mixture,0.79768696559884,,,,64,standard normal at finite u_max,tail,0.01685589347650096,,,0.020867033280036577,tail,0.49741522931678717,,8192,5180928,0.014843482076919767,,task_008/cell_0200,1,67108864,,4.245207324624062,0,completed,2048,20.0,0.028508819953365405,0.021229979145276263,,
,,4,201,a66b5e3c37c8a33201d515c128157bb8028554e0,cuda,1.0,1,,0.5,weak_mixture,0.6011732346252758,,,,64,standard normal at finite u_max,tail,0.009982001421287856,,,0.0054450806817815355,tail_cumulant,0.4965896246945668,,8192,5312000,0.0011190038317966389,,task_009/cell_0201,1,134217728,,7.228941697627306,0,completed,2048,20.0,0.08453045420464322,0.011627517391803448,,
,,4,202,a66b5e3c37c8a33201d515c128157bb8028554e0,cuda,1.0,1,,0.5,weak_mixture,0.9002478349285209,,,,64,standard normal at finite u_max,tail,0.01569678212884229,,,0.01620876139416038,tail,0.4980821793754438,,8192,5180928,0.013465508588269892,,task_010/cell_0202,1,67108864,,4.0465143620967865,1,completed,2048,20.0,0.05493200020276179,0.018267283052371634,,
,,4,203,a66b5e3c37c8a33201d515c128157bb8028554e0,cuda,1.0,1,,0.5,weak_mixture,0.7317467158731453,,,,64,standard normal at finite u_max,tail,0.011983011814783173,,,0.005201274712920293,tail_cumulant,0.4984465312975399,,8192,5312000,0.002799016450663827,,task_011/cell_0203,1,134217728,,7.314604014158249,1,completed,2048,20.0,0.04789727470116745,0.010420103626101851,,
,,4,204,a66b5e3c37c8a33201d515c128157bb8028554e0,cuda,1.0,1,,0.5,weak_mixture,0.9113722170329857,,,,64,standard normal at finite u_max,tail,0.013183535706295157,,,0.006728200137964505,tail,0.4992405613110211,,8192,5180928,0.008349036399173615,,task_000/cell_0204,1,67108864,,4.037219233810902,2,completed,2048,20.0,0.06105299899737393,0.0132587842959904,,
,,4,205,a66b5e3c37c8a33201d515c128157bb8028554e0,cuda,1.0,1,,0.5,weak_mixture,0.768711027403663,,,,64,standard normal at finite u_max,tail,0.018678392311247363,,,0.0030765341524632787,tail_cumulant,0.4987464892809144,,8192,5312000,0.003283563114228172,,task_001/cell_0205,1,134217728,,7.151233572512865,2,completed,2048,20.0,0.09819049909499034,0.017303482063761567,,
,,4,206,a66b5e3c37c8a33201d515c128157bb8028554e0,cuda,1.0,1,,0.5,weak_mixture,0.9241548046404422,,,,64,standard normal at finite u_max,tail,0.01845800251233587,,,0.012525902443186535,tail,0.4999141070725076,,8192,5180928,0.01265348104450037,,task_002/cell_0206,1,67108864,,4.0949855744838715,3,completed,2048,20.0,0.07928024259836342,0.017955695999583132,,
,,4,207,a66b5e3c37c8a33201d515c128157bb8028554e0,cuda,1.0,1,,0.5,weak_mixture,0.6272598009515119,,,,64,standard normal at finite u_max,tail,0.0161931576158635,,,0.0029734026948989266,tail_cumulant,0.4988590136876276,,8192,5312000,0.0016898033171740545,,task_003/cell_0207,1,134217728,,7.3966483026742935,3,completed,2048,20.0,0.050262063553843106,0.011101526244594597,,
,,4,208,a66b5e3c37c8a33201d515c128157bb8028554e0,cuda,1.0,1,,0.5,weak_mixture,0.9178675811970297,,,,64,standard normal at finite u_max,tail,0.011916432203662092,,,0.00524724306133041,tail,0.49857897822829494,,8192,5180928,0.0087634200673955,,task_004/cell_0208,1,67108864,,4.046951394528151,4,completed,2048,20.0,0.041707821218805896,0.011436779070199745,,
,,4,209,a66b5e3c37c8a33201d515c128157bb8028554e0,cuda,1.0,1,,0.5,weak_mixture,0.9999108693606812,,,,64,standard normal at finite u_max,tail,0.01999132172946183,,,0.033451954350133026,tail_cumulant,0.4993859932132742,,8192,5312000,0.01583649782859886,,task_005/cell_0209,2,134217728,,7.40976170450449,4,completed,2048,20.0,0.056745180566924125,0.03346228528859565,,
,,4,210,a66b5e3c37c8a33201d515c128157bb8028554e0,cuda,1.0,8,,0.5,weak_mixture,0.904580500574103,,,,64,standard normal at finite u_max,tail,0.027144267828206482,,,0.02440887547900051,tail,0.42271243495776173,,8192,37777408,0.021394605727434166,,task_006/cell_0210,4,4194304,,0.2648623175919056,0,completed,128,20.0,0.05106038821410981,0.02803404598588597,,
,,4,211,a66b5e3c37c8a33201d515c128157bb8028554e0,cuda,1.0,8,,0.5,weak_mixture,0.9746274678621338,,,,64,standard normal at finite u_max,tail,0.024440531647271724,,,0.018216796732548394,tail_cumulant,0.4431543119053507,,8192,38367232,0.0149712361321764,,task_007/cell_0211,4,8388608,,0.46987319737672806,0,completed,128,20.0,0.04349225468821484,0.021866007944214,,
,,4,212,a66b5e3c37c8a33201d515c128157bb8028554e0,cuda,1.0,8,,0.5,weak_mixture,0.7489098150916864,,,,64,standard normal at finite u_max,tail,0.04050658106945397,,,0.04106116467163408,tail,0.38625886910105783,,8192,37777408,0.033400411254204364,,task_008/cell_0212,4,4194304,,0.28361502289772034,1,completed,128,20.0,0.0634897748872194,0.04228315349573636,,
,,4,213,a66b5e3c37c8a33201d515c128157bb8028554e0,cuda,1.0,8,,0.5,weak_mixture,0.9016285333082377,,,,64,standard normal at finite u_max,tail,0.020632346255012833,,,0.015871039385881587,tail_cumulant,0.41855892263207906,,8192,38367232,0.015211696640899816,,task_009/cell_0213,4,8388608,,0.4640764631330967,1,completed,128,20.0,0.03296803893706193,0.019624952463063984,,
,,4,214,a66b5e3c37c8a33201d515c128157bb8028554e0,cuda,1.0,8,,0.5,weak_mixture,0.9726336541480846,,,,64,standard normal at finite u_max,tail,0.033029864864127734,,,0.028790412873792928,tail,0.36456700602651526,,8192,37777408,0.0249791458955353,,task_010/cell_0214,4,4194304,,0.2639051824808121,2,completed,128,20.0,0.045449535375216774,0.03157683714791566,,
,,4,215,a66b5e3c37c8a33201d515c128157bb8028554e0,cuda,1.0,8,,0.5,weak_mixture,0.8959207744457096,,,,64,standard normal at finite u_max,tail,0.019740159696808736,,,0.013970742173199394,tail_cumulant,0.41012414340245207,,8192,38367232,0.012208228164005512,,task_011/cell_0215,4,8388608,,0.4707997590303421,2,completed,128,20.0,0.047736010224572856,0.01770129045741464,,
,,4,216,a66b5e3c37c8a33201d515c128157bb8028554e0,cuda,1.0,8,,0.5,weak_mixture,0.8213519651315673,,,,64,standard normal at finite u_max,tail,0.02680032324859863,,,0.022132650201788503,tail,0.4079758824143377,,8192,37777408,0.01620453118743012,,task_000/cell_0216,4,4194304,,0.2630853205919266,3,completed,128,20.0,0.12099623772300422,0.029530126644744904,,
,,4,217,a66b5e3c37c8a33201d515c128157bb8028554e0,cuda,1.0,8,,0.5,weak_mixture,0.7213238963174784,,,,64,standard normal at finite u_max,tail,0.030467053719040182,,,0.03039272617300304,tail_cumulant,0.41924655402590044,,8192,38367232,0.020713488404198253,,task_001/cell_0217,4,8388608,,0.46183133125305176,3,completed,128,20.0,0.0741134121746408,0.03322067632920568,,
,,4,218,a66b5e3c37c8a33201d515c128157bb8028554e0,cuda,1.0,8,,0.5,weak_mixture,0.8261549559446447,,,,64,standard normal at finite u_max,tail,0.036325394352242024,,,0.03470572252287748,tail,0.41866582148621084,,8192,37777408,0.029029390149500116,,task_002/cell_0218,4,4194304,,0.2692883461713791,4,completed,128,20.0,0.0640686053921066,0.03666608083421882,,
,,4,219,a66b5e3c37c8a33201d515c128157bb8028554e0,cuda,1.0,8,,0.5,weak_mixture,0.9051083023322369,,,,64,standard normal at finite u_max,tail,0.0287527382526825,,,0.027344030418142734,tail_cumulant,0.3986233221088799,,8192,38367232,0.02338136983461296,,task_003/cell_0219,4,8388608,,0.4677000194787979,4,completed,128,20.0,0.0465344162359812,0.029809899971541064,,
,,4,220,a66b5e3c37c8a33201d515c128157bb8028554e0,cuda,1.0,8,,0.5,weak_mixture,0.58773589339808,,,,64,standard normal at finite u_max,tail,0.052996628182905514,,,0.05264369487679609,tail,0.46802084164386154,,8192,37777408,0.045260412289149454,,task_004/cell_0220,4,16777216,,1.0234034396708012,0,completed,512,20.0,0.07038809910667539,0.05554331198368429,,
,,4,221,a66b5e3c37c8a33201d515c128157bb8028554e0,cuda,1.0,8,,0.5,weak_mixture,0.8316435000440491,,,,64,standard normal at finite u_max,tail,0.029722952298279717,,,0.028520613816048722,tail_cumulant,0.4708326527056653,,8192,38367232,0.023618044828494195,,task_005/cell_0221,4,33554432,,1.8749825991690159,0,completed,512,20.0,0.055695546532797444,0.03245369849315263,,
,,4,222,a66b5e3c37c8a33201d515c128157bb8028554e0,cuda,1.0,8,,0.5,weak_mixture,0.7492013456862046,,,,64,standard normal at finite u_max,tail,0.032303962243815376,,,0.02856215548815324,tail,0.47522648243667764,,8192,37777408,0.02484801839013224,,task_006/cell_0222,4,16777216,,1.032549373805523,1,completed,512,20.0,0.06592809234861002,0.03394195752948177,,
,,4,223,a66b5e3c37c8a33201d515c128157bb8028554e0,cuda,1.0,8,,0.5,weak_mixture,0.8153743360164283,,,,64,standard normal at finite u_max,tail,0.0237170205512183,,,0.0173724327530022,tail_cumulant,0.48215257503555703,,8192,38367232,0.012301210276542608,,task_007/cell_0223,4,33554432,,1.8465301916003227,1,completed,512,20.0,0.069153658215623,0.022217752830669037,,
,,4,224,a66b5e3c37c8a33201d515c128157bb8028554e0,cuda,1.0,8,,0.5,weak_mixture,0.9752905302336046,,,,64,standard normal at finite u_max,tail,0.018032003605663358,,,0.015346676866868242,tail,0.4777916214923907,,8192,37777408,0.013335655168959612,,task_008/cell_0224,4,16777216,,1.0764713063836098,2,completed,512,20.0,0.03945112555712424,0.018309790717331964,,
,,4,225,a66b5e3c37c8a33201d515c128157bb8028554e0,cuda,1.0,8,,0.5,weak_mixture,0.8207777834613693,,,,64,standard normal at finite u_max,tail,0.028714490478429888,,,0.023150256585539115,tail_cumulant,0.48419895758638487,,8192,38367232,0.02092360727278538,,task_009/cell_0225,4,33554432,,1.8296821787953377,2,completed,512,20.0,0.06736023876781196,0.027440349182608476,,
,,4,226,a66b5e3c37c8a33201d515c128157bb8028554e0,cuda,1.0,8,,0.5,weak_mixture,0.9871482545051607,,,,64,standard normal at finite u_max,tail,0.07895991511970427,,,0.07858741365786678,tail,0.47655022961638216,,8192,37777408,0.07084425884867851,,task_010/cell_0226,5,16777216,,1.026551067829132,3,completed,512,20.0,0.0692172087099457,0.08249052929465434,,
,,4,227,a66b5e3c37c8a33201d515c128157bb8028554e0,cuda,1.0,8,,0.5,weak_mixture,0.9508151831865164,,,,64,standard normal at finite u_max,tail,0.01892422884115722,,,0.016765700726462357,tail_cumulant,0.48405531528506024,,8192,38367232,0.01427466864959457,,task_011/cell_0227,4,33554432,,1.8500142470002174,3,completed,512,20.0,0.04688176562538472,0.019542314713215582,,
,,4,228,a66b5e3c37c8a33201d515c128157bb8028554e0,cuda,1.0,8,,0.5,weak_mixture,0.860599251309556,,,,64,standard normal at finite u_max,tail,0.02471286961758725,,,0.020368357116433415,tail,0.48420398765917744,,8192,37777408,0.018088820763848892,,task_000/cell_0228,4,16777216,,1.022624608129263,4,completed,512,20.0,0.04053201942594037,0.0239894512172519,,
,,4,229,a66b5e3c37c8a33201d515c128157bb8028554e0,cuda,1.0,8,,0.5,weak_mixture,0.7726474887569513,,,,64,standard normal at finite u_max,tail,0.025871559164896817,,,0.02132304736571438,tail_cumulant,0.4745217643158936,,8192,38367232,0.01950688843067254,,task_001/cell_0229,4,33554432,,1.8121853955090046,4,completed,512,20.0,0.04905443736959114,0.025261105182924338,,
,,4,230,a66b5e3c37c8a33201d515c128157bb8028554e0,cuda,1.0,8,,0.5,weak_mixture,0.7413085237499029,,,,64,standard normal at finite u_max,tail,0.027662608503801804,,,0.02420547962700946,tail,0.49442423129632246,,8192,37777408,0.018186896125161063,,task_002/cell_0230,4,67108864,,4.105933494865894,0,completed,2048,20.0,0.06527162369453603,0.028748027761776502,,
,,4,231,a66b5e3c37c8a33201d515c128157bb8028554e0,cuda,1.0,8,,0.5,weak_mixture,0.9535878790548632,,,,64,standard normal at finite u_max,tail,0.09358692808295077,,,0.09992538662531475,tail_cumulant,0.49106444794304843,,8192,38367232,0.07451885108060205,,task_003/cell_0231,5,134217728,,7.270912155508995,0,completed,2048,20.0,0.16545502202540638,0.10487226418778228,,
,,4,232,a66b5e3c37c8a33201d515c128157bb8028554e0,cuda,1.0,8,,0.5,weak_mixture,0.7302907391290778,,,,64,standard normal at finite u_max,tail,0.026590538074244472,,,0.02482742435908438,tail,0.4925914300426504,,8192,37777408,0.01799028549924054,,task_004/cell_0232,4,67108864,,4.060981262475252,1,completed,2048,20.0,0.04261982524614462,0.026342328896785994,,
,,4,233,a66b5e3c37c8a33201d515c128157bb8028554e0,cuda,1.0,8,,0.5,weak_mixture,0.7032884044815187,,,,64,standard normal at finite u_max,tail,0.03606458011496989,,,0.03403122423413408,tail_cumulant,0.49153160316532,,8192,38367232,0.029623383999995936,,task_005/cell_0233,4,134217728,,7.45265443995595,1,completed,2048,20.0,0.03556076621271641,0.0364192435998768,,
,,4,234,a66b5e3c37c8a33201d515c128157bb8028554e0,cuda,1.0,8,,0.5,weak_mixture,0.8860019541048788,,,,64,standard normal at finite u_max,tail,0.02576599898580055,,,0.020288979743270687,tail,0.49500600194487016,,8192,37777408,0.016760921061691053,,task_006/cell_0234,4,67108864,,4.043898597359657,2,completed,2048,20.0,0.05089758921937579,0.024314056970286352,,
,,4,235,a66b5e3c37c8a33201d515c128157bb8028554e0,cuda,1.0,8,,0.5,weak_mixture,0.9433357968293782,,,,64,standard normal at finite u_max,tail,0.02310681745983214,,,0.019038186340565057,tail_cumulant,0.4933324607801093,,8192,38367232,0.016925824963410663,,task_007/cell_0235,4,134217728,,7.3417995274066925,2,completed,2048,20.0,0.0602711798879441,0.022396623846979505,,
,,4,236,a66b5e3c37c8a33201d515c128157bb8028554e0,cuda,1.0,8,,0.5,weak_mixture,0.6407141891579285,,,,64,standard normal at finite u_max,tail,0.023890343534619784,,,0.021909179605546034,tail,0.49369850524722264,,8192,37777408,0.01758643048345126,,task_008/cell_0236,4,67108864,,4.2676727548241615,3,completed,2048,20.0,0.03096552091489782,0.024486832223171516,,
,,4,237,a66b5e3c37c8a33201d515c128157bb8028554e0,cuda,1.0,8,,0.5,weak_mixture,0.8211603588666792,,,,64,standard normal at finite u_max,tail,0.022904090576626828,,,0.021355925947826766,tail_cumulant,0.49603631055465025,,8192,38367232,0.017382601010951897,,task_009/cell_0237,4,134217728,,7.269296735525131,3,completed,2048,20.0,0.03139047142697128,0.02291723619237562,,
,,4,238,a66b5e3c37c8a33201d515c128157bb8028554e0,cuda,1.0,8,,0.5,weak_mixture,0.7874301174123632,,,,64,standard normal at finite u_max,tail,0.016732481013998456,,,0.008348962194220027,tail,0.4956344312813573,,8192,37777408,0.009455058027413185,,task_010/cell_0238,4,67108864,,4.090896457433701,4,completed,2048,20.0,0.056048239616191486,0.015690107007753872,,
,,4,239,a66b5e3c37c8a33201d515c128157bb8028554e0,cuda,1.0,8,,0.5,weak_mixture,0.5971868538937358,,,,64,standard normal at finite u_max,tail,0.031070762321308055,,,0.02953406397253372,tail_cumulant,0.4948002781294201,,8192,38367232,0.02408692024152915,,task_011/cell_0239,4,134217728,,7.362335830926895,4,completed,2048,20.0,0.04693179224422955,0.0325760122496846,,
0,0.0625,2,240,a66b5e3c37c8a33201d515c128157bb8028554e0,cuda,,,0.9638137482400204,,,,True,0.12204853768993047,0.5052534361363766,,,one_step,,0.003397165655288005,0.1174623564557189,,full,,0,1024,93184,,0.0,task_000/cell_0240,,,0.0,0.0017621740698814392,0,completed,,,,,0.03222812822702095,0.5085613794361195
52,0.0625,2,241,a66b5e3c37c8a33201d515c128157bb8028554e0,cuda,,,0.16873867461793396,,,,False,0.12204853768993047,0.5052534361363766,,,one_step,,0.06385084681814573,0.2261925250038832,,unbiased,,52,1024,142336,,0.34907518376500435,task_001/cell_0241,,,0.21361583557915395,0.0020501352846622467,0,completed,,,,,-0.14947506231550362,0.696350136624359
4,0.00390625,4,242,a66b5e3c37c8a33201d515c128157bb8028554e0,cuda,,,0.6644122799485553,,,,False,0.12204853768993047,0.5052534361363766,,,one_step,,0.013492283706052101,0.15205221960960014,,unbiased,,15,1024,175104,,0.1531087529174524,task_002/cell_0242,,,0.11248521895105079,0.0020990893244743347,0,completed,,,,,-0.002282614436920889,0.5195831665373678
0,1.52587890625e-05,8,243,a66b5e3c37c8a33201d515c128157bb8028554e0,cuda,,,0.9128428125823087,,,,False,0.12204853768993047,0.5052534361363766,,,one_step,,0.0068229628043189544,0.11840725925202644,,unbiased,,0,1024,240640,,0.06644863440090013,task_003/cell_0243,,,0.05799306466342781,0.0020591914653778076,0,completed,,,,,0.004401099492665886,0.4992131854142298
0,2.3283064365386963e-10,16,244,a66b5e3c37c8a33201d515c128157bb8028554e0,cuda,,,0.9345303792664678,,,,False,0.12204853768993047,0.5052534361363766,,,one_step,,0.005992138650701961,0.12134209786762273,,unbiased,,0,1024,418304,,0.03689104490531672,task_004/cell_0244,,,0.0294035612008714,0.002059265971183777,0,completed,,,,,-0.005668184444830139,0.5179620066586528
0,5.421010862427522e-20,32,245,a66b5e3c37c8a33201d515c128157bb8028554e0,cuda,,,0.9550531062230266,,,,False,0.12204853768993047,0.5052534361363766,,,one_step,,0.0030385320112100277,0.12138365594683354,,unbiased,,0,1024,811520,,0.01651631193359887,task_005/cell_0245,,,0.01555852230224505,0.0021496154367923737,0,completed,,,,,0.009239954130256361,0.49091988442146833
0,0.0625,2,246,a66b5e3c37c8a33201d515c128157bb8028554e0,cuda,,,0.9606409641922367,,,,True,0.12204853768993047,0.5052534361363766,,,one_step,,0.0032876963487846436,0.11747903214964506,,full,,0,1024,93184,,0.0,task_006/cell_0246,,,0.0,0.0016923435032367706,1,completed,,,,,0.00136023673480562,0.51780547929772
70,0.0625,2,247,a66b5e3c37c8a33201d515c128157bb8028554e0,cuda,,,0.12874060032967496,,,,False,0.12204853768993047,0.5052534361363766,,,one_step,,0.05956131575463453,0.34397244667716986,,unbiased,,70,1024,142336,,0.5016908166816502,task_007/cell_0247,,,0.22715513986962604,0.0021628066897392273,1,completed,,,,,0.12079623499581771,0.6545261163790393
5,0.00390625,4,248,a66b5e3c37c8a33201d515c128157bb8028554e0,cuda,,,0.40323068361968245,,,,False,0.12204853768993047,0.5052534361363766,,,one_step,,0.035807604281697096,0.17600045709298495,,unbiased,,17,1024,175104,,0.155230068591775,task_008/cell_0248,,,0.10555093372044744,0.002100706100463867,1,completed,,,,,0.016957764005979183,0.5652233128712237
0,1.52587890625e-05,8,249,a66b5e3c37c8a33201d515c128157bb8028554e0,cuda,,,0.8548833842807406,,,,False,0.12204853768993047,0.5052534361363766,,,one_step,,0.009883186875406763,0.1423116889742042,,unbiased,,1,1024,240640,,0.06434870764963779,task_009/cell_0249,,,0.05429821507908252,0.002019215375185013,1,completed,,,,,0.0029275219854785275,0.5271619088036756
0,2.3283064365386963e-10,16,250,a66b5e3c37c8a33201d515c128157bb8028554e0,cuda,,,0.87611931182064,,,,False,0.12204853768993047,0.5052534361363766,,,one_step,,0.006529397960999891,0.12678287492868723,,unbiased,,0,1024,418304,,0.04205578800026677,task_010/cell_0250,,,0.0302671176717137,0.0019825175404548645,1,completed,,,,,-0.005616029512184597,0.5059418830945136
0,5.421010862427522e-20,32,251,a66b5e3c37c8a33201d515c128157bb8028554e0,cuda,,,0.9334297241589166,,,,False,0.12204853768993047,0.5052534361363766,,,one_step,,0.005337095295498284,0.12499505562223323,,unbiased,,0,1024,811520,,0.020297783422094574,task_011/cell_0251,,,0.014931425317136617,0.0020865052938461304,1,completed,,,,,-0.016867840964591194,0.502620353859093
0,0.0625,2,252,a66b5e3c37c8a33201d515c128157bb8028554e0,cuda,,,0.9676336797322002,,,,True,0.12204853768993047,0.5052534361363766,,,one_step,,0.0027604803596791307,0.11712982747956335,,full,,0,1024,93184,,0.0,task_000/cell_0252,,,0.0,0.0010926462709903717,2,completed,,,,,-0.04775114918875509,0.4788618506472343
72,0.0625,2,253,a66b5e3c37c8a33201d515c128157bb8028554e0,cuda,,,0.3757296695181927,,,,False,0.12204853768993047,0.5052534361363766,,,one_step,,0.02713517765591762,0.23408619766528016,,unbiased,,72,1024,142336,,0.40649018986521257,task_001/cell_0253,,,0.22729638994462475,0.0014545880258083344,2,completed,,,,,0.047607139843051996,0.5757150053718398
4,0.00390625,4,254,a66b5e3c37c8a33201d515c128157bb8028554e0,cuda,,,0.36131318287640024,,,,False,0.12204853768993047,0.5052534361363766,,,one_step,,0.040648706558766,0.18429132460025688,,unbiased,,20,1024,175104,,0.1671020743886767,task_002/cell_0254,,,0.11973975302881903,0.0014563128352165222,2,completed,,,,,0.04741993022823988,0.5226641105348452
0,1.52587890625e-05,8,255,a66b5e3c37c8a33201d515c128157bb8028554e0,cuda,,,0.9020078396448701,,,,False,0.12204853768993047,0.5052534361363766,,,one_step,,0.006953808966758093,0.1211477410506312,,unbiased,,0,1024,240640,,0.07342613275589847,task_003/cell_0255,,,0.06006398577496895,0.0014476850628852844,2,completed,,,,,0.032513003292657855,0.5283097987558603
0,2.3283064365386963e-10,16,256,a66b5e3c37c8a33201d515c128157bb8028554e0,cuda,,,0.9285917418067474,,,,False,0.12204853768993047,0.5052534361363766,,,one_step,,0.004623194843030272,0.12605572835352596,,unbiased,,0,1024,418304,,0.03360232579830419,task_004/cell_0256,,,0.02737952308711807,0.001437447965145111,2,completed,,,,,0.05123567548469861,0.5178143896980324
0,5.421010862427522e-20,32,257,a66b5e3c37c8a33201d515c128157bb8028554e0,cuda,,,0.9523601139720516,,,,False,0.12204853768993047,0.5052534361363766,,,one_step,,0.003506366302432461,0.1234483022132542,,unbiased,,0,1024,811520,,0.01987434313658992,task_005/cell_0257,,,0.01626740664188125,0.0014686211943626404,2,completed,,,,,0.047713835969542005,0.5201686371350778
0,0.0625,2,258,a66b5e3c37c8a33201d515c128157bb8028554e0,cuda,,,0.9713462636595119,,,,True,0.12204853768993047,0.5052534361363766,,,one_step,,0.0023917440394023003,0.1145341316849331,,full,,0,1024,93184,,0.0,task_006/cell_0258,,,0.0,0.0011089332401752472,3,completed,,,,,0.005718859129034151,0.5224397650606633
66,0.0625,2,259,a66b5e3c37c8a33201d515c128157bb8028554e0,cuda,,,0.24288571508160287,,,,False,0.12204853768993047,0.5052534361363766,,,one_step,,0.03729067231833815,0.2578510195938932,,unbiased,,66,1024,142336,,0.41184126737249094,task_007/cell_0259,,,0.23207069448573808,0.0014424771070480347,3,completed,,,,,-0.03747838728211639,0.6941620385043341
6,0.00390625,4,260,a66b5e3c37c8a33201d515c128157bb8028554e0,cuda,,,0.11850371957703823,,,,False,0.12204853768993047,0.5052534361363766,,,one_step,,0.08487374229032096,0.22843760104634914,,unbiased,,20,1024,175104,,0.19695592420007516,task_008/cell_0260,,,0.11544169919038322,0.001469627022743225,3,completed,,,,,-0.11380031265471609,0.6718778747303034
0,1.52587890625e-05,8,261,a66b5e3c37c8a33201d515c128157bb8028554e0,cuda,,,0.8007352829813611,,,,False,0.12204853768993047,0.5052534361363766,,,one_step,,0.011152874865258752,0.13728789371471262,,unbiased,,0,1024,240640,,0.07022565970890068,task_009/cell_0261,,,0.054717804526643675,0.0014645569026470184,3,completed,,,,,0.0003227644830515568,0.5584829095660986
0,2.3283064365386963e-10,16,262,a66b5e3c37c8a33201d515c128157bb8028554e0,cuda,,,0.9489093374356898,,,,False,0.12204853768993047,0.5052534361363766,,,one_step,,0.003938773066597693,0.12235578148752335,,unbiased,,0,1024,418304,,0.027907671266548653,task_010/cell_0262,,,0.02609706418214418,0.0014138147234916687,3,completed,,,,,-0.0063746702806946436,0.5359219213363233
0,5.421010862427522e-20,32,263,a66b5e3c37c8a33201d515c128157bb8028554e0,cuda,,,0.9561705879627468,,,,False,0.12204853768993047,0.5052534361363766,,,one_step,,0.003443995988935543,0.1214653213879684,,unbiased,,0,1024,811520,,0.014765681837187409,task_011/cell_0263,,,0.013721734509058814,0.0014486685395240784,3,completed,,,,,-0.005719343236384735,0.5407084218493012
0,0.0625,2,264,a66b5e3c37c8a33201d515c128157bb8028554e0,cuda,,,0.9694720548057602,,,,True,0.12204853768993047,0.5052534361363766,,,one_step,,0.002377643051886236,0.12170952807771496,,full,,0,1024,93184,,0.0,task_000/cell_0264,,,0.0,0.0010831020772457123,4,completed,,,,,-0.0024727971915544725,0.5195674974980838
88,0.0625,2,265,a66b5e3c37c8a33201d515c128157bb8028554e0,cuda,,,0.06725457676622756,,,,False,0.12204853768993047,0.5052534361363766,,,one_step,,0.10805602800560832,0.42006748526878024,,unbiased,,88,1024,142336,,0.6010282070530458,task_001/cell_0265,,,0.2666370901005398,0.0014468580484390259,4,completed,,,,,0.03907054009505659,0.5199055378883141
6,0.00390625,4,266,a66b5e3c37c8a33201d515c128157bb8028554e0,cuda,,,0.741055366120606,,,,False,0.12204853768993047,0.5052534361363766,,,one_step,,0.014064388930092047,0.16766623321251295,,unbiased,,22,1024,175104,,0.17090547921997104,task_002/cell_0266,,,0.1292384900970563,0.001451238989830017,4,completed,,,,,-0.003615345361982606,0.5460647662846299
0,1.52587890625e-05,8,267,a66b5e3c37c8a33201d515c128157bb8028554e0,cuda,,,0.9175366884063791,,,,False,0.12204853768993047,0.5052534361363766,,,one_step,,0.006017076196270851,0.12957071090589434,,unbiased,,2,1024,240640,,0.06589934220889943,task_003/cell_0267,,,0.05772282043521665,0.0014439970254898071,4,completed,,,,,-0.014823446048690021,0.5207234591972704
0,2.3283064365386963e-10,16,268,a66b5e3c37c8a33201d515c128157bb8028554e0,cuda,,,0.9114237859693979,,,,False,0.12204853768993047,0.5052534361363766,,,one_step,,0.005302155005074659,0.14199575896886074,,unbiased,,0,1024,418304,,0.04450025159567107,task_004/cell_0268,,,0.033377595829773093,0.0014379359781742096,4,completed,,,,,-0.021522676267938058,0.5121469776339138
0,5.421010862427522e-20,32,269,a66b5e3c37c8a33201d515c128157bb8028554e0,cuda,,,0.9602253268891824,,,,False,0.12204853768993047,0.5052534361363766,,,one_step,,0.003261931573761883,0.12296037808601756,,unbiased,,0,1024,811520,,0.021057256126614785,task_005/cell_0269,,,0.017460194155883058,0.0014405474066734314,4,completed,,,,,-0.014229053317512803,0.500798799639031
0,0.0625,2,270,a66b5e3c37c8a33201d515c128157bb8028554e0,cuda,,,0.9667119788540594,,,,True,0.12204853768993047,0.5052534361363766,,,one_step,,0.003103538326815071,0.11724416600625442,,full,,0,1024,93184,,0.0,task_006/cell_0270,,,0.0,0.0010905861854553223,5,completed,,,,,0.0577199790762354,0.4917513865164246
57,0.0625,2,271,a66b5e3c37c8a33201d515c128157bb8028554e0,cuda,,,0.36395487863100145,,,,False,0.12204853768993047,0.5052534361363766,,,one_step,,0.031521507774290254,0.21330454576884872,,unbiased,,57,1024,142336,,0.35464384763977014,task_007/cell_0271,,,0.23674937800880763,0.0014568567276000977,5,completed,,,,,0.007279507209201782,0.5845505364018087
5,0.00390625,4,272,a66b5e3c37c8a33201d515c128157bb8028554e0,cuda,,,0.6310067053280386,,,,False,0.12204853768993047,0.5052534361363766,,,one_step,,0.023468045415112406,0.13809840083371938,,unbiased,,15,1024,175104,,0.11644938497731527,task_008/cell_0272,,,0.11098686932193501,0.001449383795261383,5,completed,,,,,-0.015202356066296623,0.4966763255597497
0,1.52587890625e-05,8,273,a66b5e3c37c8a33201d515c128157bb8028554e0,cuda,,,0.9043762414055166,,,,False,0.12204853768993047,0.5052534361363766,,,one_step,,0.006484077387019559,0.12338339147389199,,unbiased,,0,1024,240640,,0.06422444491439086,task_009/cell_0273,,,0.05684289498325794,0.0014490969479084015,5,completed,,,,,0.005228383515005973,0.4985425076026157
0,2.3283064365386963e-10,16,274,a66b5e3c37c8a33201d515c128157bb8028554e0,cuda,,,0.9560923017365646,,,,False,0.12204853768993047,0.5052534361363766,,,one_step,,0.0033362766790835797,0.11429777335569025,,unbiased,,0,1024,418304,,0.027624728415320217,task_010/cell_0274,,,0.027178821908103126,0.001401066780090332,5,completed,,,,,0.00540616425541981,0.492654874368626
0,5.421010862427522e-20,32,275,a66b5e3c37c8a33201d515c128157bb8028554e0,cuda,,,0.9413440889752464,,,,False,0.12204853768993047,0.5052534361363766,,,one_step,,0.006376489430012455,0.1178458897753627,,unbiased,,0,1024,811520,,0.013722505855798301,task_011/cell_0275,,,0.01314212480505386,0.0014508739113807678,5,completed,,,,,0.0023976091304349174,0.48176305674515035
0,0.0625,2,276,a66b5e3c37c8a33201d515c128157bb8028554e0,cuda,,,0.9607124969607965,,,,True,0.12204853768993047,0.5052534361363766,,,one_step,,0.0031232525325687534,0.12277070256893285,,full,,0,1024,93184,,0.0,task_000/cell_0276,,,0.0,0.001070994883775711,6,completed,,,,,-0.001776005743983275,0.5250907435298341
60,0.0625,2,277,a66b5e3c37c8a33201d515c128157bb8028554e0,cuda,,,0.4432175908251983,,,,False,0.12204853768993047,0.5052534361363766,,,one_step,,0.0268373428210201,0.19787759483876943,,unbiased,,60,1024,142336,,0.37906625202705474,task_001/cell_0277,,,0.2162896812153448,0.0014496035873889923,6,completed,,,,,-0.008595203864637819,0.5670744875280487
2,0.00390625,4,278,a66b5e3c37c8a33201d515c128157bb8028554e0,cuda,,,0.8197507650695223,,,,False,0.12204853768993047,0.5052534361363766,,,one_step,,0.006969274078677883,0.15123027124639332,,unbiased,,16,1024,175104,,0.16683418257641874,task_002/cell_0278,,,0.12402916985788927,0.0014056190848350525,6,completed,,,,,-0.00472269446266913,0.5268186564022315
0,1.52587890625e-05,8,279,a66b5e3c37c8a33201d515c128157bb8028554e0,cuda,,,0.499550606705436,,,,False,0.12204853768993047,0.5052534361363766,,,one_step,,0.030270760532393293,0.16227166801800585,,unbiased,,0,1024,240640,,0.0974317423542496,task_003/cell_0279,,,0.05292049596299066,0.0014299079775810242,6,completed,,,,,-0.031963041051319405,0.5184915194444537
0,2.3283064365386963e-10,16,280,a66b5e3c37c8a33201d515c128157bb8028554e0,cuda,,,0.9296149548989701,,,,False,0.12204853768993047,0.5052534361363766,,,one_step,,0.004993136840002925,0.12623544968743872,,unbiased,,0,1024,418304,,0.034331063991526675,task_004/cell_0280,,,0.027807331141175992,0.0014149658381938934,6,completed,,,,,-0.0033508468260939634,0.49079548667158596
0,5.421010862427522e-20,32,281,a66b5e3c37c8a33201d515c128157bb8028554e0,cuda,,,0.9257785979002612,,,,False,0.12204853768993047,0.5052534361363766,,,one_step,,0.004362798867599395,0.1332225941388936,,unbiased,,0,1024,811520,,0.02246089135832343,task_005/cell_0281,,,0.016038198000003112,0.0014650076627731323,6,completed,,,,,-0.011310834060954813,0.48564312793334563
0,0.0625,2,282,a66b5e3c37c8a33201d515c128157bb8028554e0,cuda,,,0.9695374664924793,,,,True,0.12204853768993047,0.5052534361363766,,,one_step,,0.0026196096485177666,0.1122981730752981,,full,,0,1024,93184,,0.0,task_006/cell_0282,,,0.0,0.0010919570922851562,7,completed,,,,,0.025373749074964345,0.503949032376238
61,0.0625,2,283,a66b5e3c37c8a33201d515c128157bb8028554e0,cuda,,,0.08863810130438564,,,,False,0.12204853768993047,0.5052534361363766,,,one_step,,0.09857192220203742,0.2699455714431709,,unbiased,,61,1024,142336,,0.373463981306419,task_007/cell_0283,,,0.2012603503818272,0.001403309404850006,7,completed,,,,,-0.11747959763672827,0.6593665297937419
3,0.00390625,4,284,a66b5e3c37c8a33201d515c128157bb8028554e0,cuda,,,0.7917901645545864,,,,False,0.12204853768993047,0.5052534361363766,,,one_step,,0.00835180225984945,0.13759914962104514,,unbiased,,19,1024,175104,,0.14512593888571423,task_008/cell_0284,,,0.11272280974751513,0.0014459341764450073,7,completed,,,,,0.006108334853340678,0.579919329928088
0,1.52587890625e-05,8,285,a66b5e3c37c8a33201d515c128157bb8028554e0,cuda,,,0.8402739747899497,,,,False,0.12204853768993047,0.5052534361363766,,,one_step,,0.00729873516340284,0.13651012785313554,,unbiased,,3,1024,240640,,0.07909529970842595,task_009/cell_0285,,,0.0566888815636642,0.0014449097216129303,7,completed,,,,,-0.0022602531877503225,0.4910723624748413
0,2.3283064365386963e-10,16,286,a66b5e3c37c8a33201d515c128157bb8028554e0,cuda,,,0.9499893365347064,,,,False,0.12204853768993047,0.5052534361363766,,,one_step,,0.004128633005917715,0.11933994677785797,,unbiased,,0,1024,418304,,0.027369440320193325,task_010/cell_0286,,,0.025905212842550145,0.00142640620470047,7,completed,,,,,-0.0014581482482437843,0.5063940112966927
0,5.421010862427522e-20,32,287,a66b5e3c37c8a33201d515c128157bb8028554e0,cuda,,,0.9667015750986024,,,,False,0.12204853768993047,0.5052534361363766,,,one_step,,0.002573827714345512,0.11080493809623704,,unbiased,,0,1024,811520,,0.013146055914404046,task_011/cell_0287,,,0.012895708761592083,0.0014088228344917297,7,completed,,,,,0.00253579200938317,0.5027367847966289
0,0.0625,2,288,a66b5e3c37c8a33201d515c128157bb8028554e0,cuda,,,0.9658981597176401,,,,True,0.12204853768993047,0.5052534361363766,,,one_step,,0.002720868234722893,0.12932780799003663,,full,,0,1024,93184,,0.0,task_000/cell_0288,,,0.0,0.001063268631696701,8,completed,,,,,0.019265026098100234,0.5174511846474659
55,0.0625,2,289,a66b5e3c37c8a33201d515c128157bb8028554e0,cuda,,,0.12211243928993396,,,,False,0.12204853768993047,0.5052534361363766,,,one_step,,0.07978685324988086,0.2844249339731908,,unbiased,,55,1024,142336,,0.4619474264248554,task_001/cell_0289,,,0.26995049672650484,0.001435156911611557,8,completed,,,,,-0.13564781351424035,0.7289882436102133
3,0.00390625,4,290,a66b5e3c37c8a33201d515c128157bb8028554e0,cuda,,,0.3704890458540987,,,,False,0.12204853768993047,0.5052534361363766,,,one_step,,0.03846617202498531,0.1755857753957164,,unbiased,,20,1024,175104,,0.18100036069056108,task_002/cell_0290,,,0.12560534904460496,0.0014255493879318237,8,completed,,,,,-0.026878580797745934,0.5207528643220194
0,1.52587890625e-05,8,291,a66b5e3c37c8a33201d515c128157bb8028554e0,cuda,,,0.9058722929902484,,,,False,0.12204853768993047,0.5052534361363766,,,one_step,,0.004992989500766753,0.1390045052169997,,unbiased,,1,1024,240640,,0.0694354878978233,task_003/cell_0291,,,0.06152167800945539,0.001439705491065979,8,completed,,,,,-0.009941780328113181,0.49469485810171987
0,2.3283064365386963e-10,16,292,a66b5e3c37c8a33201d515c128157bb8028554e0,cuda,,,0.9495132393879555,,,,False,0.12204853768993047,0.5052534361363766,,,one_step,,0.0034339810007971254,0.13456144873423082,,unbiased,,0,1024,418304,,0.03153568552083107,task_004/cell_0292,,,0.027647844267657005,0.0014100298285484314,8,completed,,,,,-0.0065085987246503475,0.4947156528122356
0,5.421010862427522e-20,32,293,a66b5e3c37c8a33201d515c128157bb8028554e0,cuda,,,0.9363873325167723,,,,False,0.12204853768993047,0.5052534361363766,,,one_step,,0.004528160800224684,0.13615983694024258,,unbiased,,0,1024,811520,,0.021196871078176277,task_005/cell_0293,,,0.016048749921544127,0.001448318362236023,8,completed,,,,,-0.018773952203229062,0.4898027147364628
0,0.0625,2,294,a66b5e3c37c8a33201d515c128157bb8028554e0,cuda,,,0.9773042851350973,,,,True,0.12204853768993047,0.5052534361363766,,,one_step,,0.00229309555719605,0.10694822736010146,,full,,0,1024,93184,,0.0,task_006/cell_0294,,,0.0,0.0011064335703849792,9,completed,,,,,0.026240750844435688,0.533775668023589
64,0.0625,2,295,a66b5e3c37c8a33201d515c128157bb8028554e0,cuda,,,0.30724308334497646,,,,False,0.12204853768993047,0.5052534361363766,,,one_step,,0.03938304812141266,0.24753131420356844,,unbiased,,64,1024,142336,,0.4038520706465116,task_007/cell_0295,,,0.23066121830728886,0.0014402121305465698,9,completed,,,,,-0.07295939623727953,0.6161055070489532
2,0.00390625,4,296,a66b5e3c37c8a33201d515c128157bb8028554e0,cuda,,,0.8282203819911362,,,,False,0.12204853768993047,0.5052534361363766,,,one_step,,0.009118625611392954,0.12946832451521662,,unbiased,,21,1024,175104,,0.12190968517097353,task_008/cell_0296,,,0.11060160089166023,0.001433108001947403,9,completed,,,,,-0.0632909143656949,0.5860748093284494
0,1.52587890625e-05,8,297,a66b5e3c37c8a33201d515c128157bb8028554e0,cuda,,,0.9200063061484893,,,,False,0.12204853768993047,0.5052534361363766,,,one_step,,0.005647951145428802,0.1265975491866218,,unbiased,,1,1024,240640,,0.06528571568480013,task_009/cell_0297,,,0.06027731468144582,0.0014354847371578217,9,completed,,,,,-0.06191941937880207,0.5916444855647458
0,2.3283064365386963e-10,16,298,a66b5e3c37c8a33201d515c128157bb8028554e0,cuda,,,0.9584430706593208,,,,False,0.12204853768993047,0.5052534361363766,,,one_step,,0.0030851897095280803,0.11251788467580592,,unbiased,,0,1024,418304,,0.026569234472637763,task_010/cell_0298,,,0.02665357484977552,0.0014175549149513245,9,completed,,,,,-0.04768107688085604,0.5703770631218907
0,5.421010862427522e-20,32,299,a66b5e3c37c8a33201d515c128157bb8028554e0,cuda,,,0.9670156477469591,,,,False,0.12204853768993047,0.5052534361363766,,,one_step,,0.002750050425581507,0.11082114729524406,,unbiased,,0,1024,811520,,0.014163511791024326,task_011/cell_0299,,,0.014306421087806123,0.0014165863394737244,9,completed,,,,,-0.05246979497399779,0.5706495363383656
0,0.0625,2,300,a66b5e3c37c8a33201d515c128157bb8028554e0,cuda,,,0.9310276195624155,,,,True,0.12204853768993047,0.5052534361363766,,,one_step,,0.005928853533978832,0.13927739393943384,,full,,0,1024,93184,,0.0,task_000/cell_0300,,,0.0,0.0010774172842502594,10,completed,,,,,0.0078044736501827455,0.47377504120757075
66,0.0625,2,301,a66b5e3c37c8a33201d515c128157bb8028554e0,cuda,,,0.1770011315295344,,,,False,0.12204853768993047,0.5052534361363766,,,one_step,,0.04285487337601323,0.28950736740962046,,unbiased,,66,1024,142336,,0.4780402479759877,task_001/cell_0301,,,0.27263525771989444,0.0014343149960041046,10,completed,,,,,-0.056806469784681776,0.6771790889197609
2,0.00390625,4,302,a66b5e3c37c8a33201d515c128157bb8028554e0,cuda,,,0.019602865620323918,,,,False,0.12204853768993047,0.5052534361363766,,,one_step,,0.2108593720993814,0.4934130546024953,,unbiased,,20,1024,175104,,0.30179971205634426,task_002/cell_0302,,,0.13047884974772422,0.0014126226305961609,10,completed,,,,,-0.04623183664026227,0.46417460621969947
0,1.52587890625e-05,8,303,a66b5e3c37c8a33201d515c128157bb8028554e0,cuda,,,0.5836952055556373,,,,False,0.12204853768993047,0.5052534361363766,,,one_step,,0.01922415153661921,0.1867959823962826,,unbiased,,0,1024,240640,,0.0976020962235597,task_003/cell_0303,,,0.06162193884364881,0.003283180296421051,10,completed,,,,,0.044024379089688766,0.5136874321060962
0,2.3283064365386963e-10,16,304,a66b5e3c37c8a33201d515c128157bb8028554e0,cuda,,,0.8810945181901344,,,,False,0.12204853768993047,0.5052534361363766,,,one_step,,0.009172050210302572,0.1468932097791047,,unbiased,,0,1024,418304,,0.044908051599743364,task_004/cell_0304,,,0.0314276369729825,0.0014246776700019836,10,completed,,,,,0.023349656122533716,0.5233161407139169
0,5.421010862427522e-20,32,305,a66b5e3c37c8a33201d515c128157bb8028554e0,cuda,,,0.9147097144399303,,,,False,0.12204853768993047,0.5052534361363766,,,one_step,,0.005298488048049563,0.14277868992698384,,unbiased,,0,1024,811520,,0.022115744345219672,task_005/cell_0305,,,0.015482376748087763,0.0014559663832187653,10,completed,,,,,0.029954281551373644,0.5271887593088462
0,0.0625,2,306,a66b5e3c37c8a33201d515c128157bb8028554e0,cuda,,,0.9456066905859969,,,,True,0.12204853768993047,0.5052534361363766,,,one_step,,0.005828434587215638,0.12422909829725182,,full,,0,1024,93184,,0.0,task_006/cell_0306,,,0.0,0.0010803565382957458,11,completed,,,,,-0.022068245661767995,0.49189915904198667
63,0.0625,2,307,a66b5e3c37c8a33201d515c128157bb8028554e0,cuda,,,0.0028272888733268313,,,,False,0.12204853768993047,0.5052534361363766,,,one_step,,0.5865902543701407,1.149474655870704,,unbiased,,63,1024,142336,,0.5331852860187739,task_007/cell_0307,,,0.2303460172028182,0.0014082714915275574,11,completed,,,,,-0.16115365091982553,0.3712554147195597
3,0.00390625,4,308,a66b5e3c37c8a33201d515c128157bb8028554e0,cuda,,,0.5309533463122555,,,,False,0.12204853768993047,0.5052534361363766,,,one_step,,0.027537730588132445,0.15876219735519914,,unbiased,,11,1024,175104,,0.14301110517485838,task_008/cell_0308,,,0.10944044534630812,0.0014600679278373718,11,completed,,,,,0.07086201414763296,0.5551297978886924
0,1.52587890625e-05,8,309,a66b5e3c37c8a33201d515c128157bb8028554e0,cuda,,,0.8648905142804008,,,,False,0.12204853768993047,0.5052534361363766,,,one_step,,0.007881141330542069,0.13721554877691666,,unbiased,,2,1024,240640,,0.06557988376028587,task_009/cell_0309,,,0.061282082965599616,0.0014267005026340485,11,completed,,,,,0.03471495728347509,0.5131813608403395
0,2.3283064365386963e-10,16,310,a66b5e3c37c8a33201d515c128157bb8028554e0,cuda,,,0.9232037509394353,,,,False,0.12204853768993047,0.5052534361363766,,,one_step,,0.0039262301721991405,0.13280734402594785,,unbiased,,0,1024,418304,,0.03486218094533004,task_010/cell_0310,,,0.027607983917594947,0.0014163628220558167,11,completed,,,,,0.02255503883321184,0.5056157566359587
0,5.421010862427522e-20,32,311,a66b5e3c37c8a33201d515c128157bb8028554e0,cuda,,,0.8859107375164469,,,,False,0.12204853768993047,0.5052534361363766,,,one_step,,0.009047640977251577,0.13376313137972407,,unbiased,,0,1024,811520,,0.020907968212298296,task_011/cell_0311,,,0.015318820651729546,0.001416727900505066,11,completed,,,,,0.030883476506391776,0.4927164864543625
0,0.0625,2,312,a66b5e3c37c8a33201d515c128157bb8028554e0,cuda,,,0.9648896422008557,,,,True,0.12204853768993047,0.5052534361363766,,,one_step,,0.002603631389236561,0.1204517254170927,,full,,0,1024,93184,,0.0,task_000/cell_0312,,,0.0,0.0010528378188610077,12,completed,,,,,-0.008832063483546516,0.512010877306581
63,0.0625,2,313,a66b5e3c37c8a33201d515c128157bb8028554e0,cuda,,,0.2209488208497304,,,,False,0.12204853768993047,0.5052534361363766,,,one_step,,0.03666289090438427,0.2859967150847913,,unbiased,,63,1024,142336,,0.4446629368638988,task_001/cell_0313,,,0.2431392979293564,0.0014778710901737213,12,completed,,,,,0.04972507984904159,0.5906678979728524
4,0.00390625,4,314,a66b5e3c37c8a33201d515c128157bb8028554e0,cuda,,,0.8169682655002904,,,,False,0.12204853768993047,0.5052534361363766,,,one_step,,0.007878927150629352,0.13884284933132474,,unbiased,,20,1024,175104,,0.1361047718739827,task_002/cell_0314,,,0.11649219082476381,0.0014310553669929504,12,completed,,,,,-0.01993493670155136,0.5498703129659326
0,1.52587890625e-05,8,315,a66b5e3c37c8a33201d515c128157bb8028554e0,cuda,,,0.8506488631544581,,,,False,0.12204853768993047,0.5052534361363766,,,one_step,,0.007731940676763877,0.1379145716771193,,unbiased,,1,1024,240640,,0.07834090086160611,task_003/cell_0315,,,0.06204223620826535,0.0032692477107048035,12,completed,,,,,-0.02691267884967838,0.5229342773902187
0,2.3283064365386963e-10,16,316,a66b5e3c37c8a33201d515c128157bb8028554e0,cuda,,,0.9332744911484034,,,,False,0.12204853768993047,0.5052534361363766,,,one_step,,0.005157683424851287,0.1265393603648457,,unbiased,,0,1024,418304,,0.03536588124769386,task_004/cell_0316,,,0.03029172026045309,0.0014052577316761017,12,completed,,,,,-0.03314527258700398,0.5129545363639774
0,5.421010862427522e-20,32,317,a66b5e3c37c8a33201d515c128157bb8028554e0,cuda,,,0.9477099618340026,,,,False,0.12204853768993047,0.5052534361363766,,,one_step,,0.004198687687278817,0.12547797001379024,,unbiased,,0,1024,811520,,0.017749102124302862,task_005/cell_0317,,,0.01553012118738926,0.0014240704476833344,12,completed,,,,,-0.028947774652251373,0.5159401404376156
0,0.0625,2,318,a66b5e3c37c8a33201d515c128157bb8028554e0,cuda,,,0.9649276311268294,,,,True,0.12204853768993047,0.5052534361363766,,,one_step,,0.0030939272330406282,0.11806358743962697,,full,,0,1024,93184,,0.0,task_006/cell_0318,,,0.0,0.0010926276445388794,13,completed,,,,,-0.02475661634031602,0.5148055001111095
64,0.0625,2,319,a66b5e3c37c8a33201d515c128157bb8028554e0,cuda,,,0.07337196888507323,,,,False,0.12204853768993047,0.5052534361363766,,,one_step,,0.10894774147087365,0.30692316610735215,,unbiased,,64,1024,142336,,0.4185174494628121,task_007/cell_0319,,,0.22324696732403473,0.0014185309410095215,13,completed,,,,,0.010700906747656374,0.5294802803588818
3,0.00390625,4,320,a66b5e3c37c8a33201d515c128157bb8028554e0,cuda,,,0.1808560827215024,,,,False,0.12204853768993047,0.5052534361363766,,,one_step,,0.06581239589493125,0.2098168357033643,,unbiased,,20,1024,175104,,0.17493422253942312,task_008/cell_0320,,,0.11601802189130321,0.0014462880790233612,13,completed,,,,,0.03166190059505053,0.4910443381851052
0,1.52587890625e-05,8,321,a66b5e3c37c8a33201d515c128157bb8028554e0,cuda,,,0.9124032146458179,,,,False,0.12204853768993047,0.5052534361363766,,,one_step,,0.00477839850983311,0.13018604105134024,,unbiased,,0,1024,240640,,0.06233149664764393,task_009/cell_0321,,,0.05373336217782554,0.001437649130821228,13,completed,,,,,-0.0006533818089892907,0.48446367427031695
0,2.3283064365386963e-10,16,322,a66b5e3c37c8a33201d515c128157bb8028554e0,cuda,,,0.9476449611285768,,,,False,0.12204853768993047,0.5052534361363766,,,one_step,,0.004965691174437499,0.11546847835543605,,unbiased,,0,1024,418304,,0.03344020825842115,task_010/cell_0322,,,0.027710847059501127,0.0014220625162124634,13,completed,,,,,0.004165074837339212,0.4784912439327294
0,5.421010862427522e-20,32,323,a66b5e3c37c8a33201d515c128157bb8028554e0,cuda,,,0.9071298776285583,,,,False,0.12204853768993047,0.5052534361363766,,,one_step,,0.00835683249174525,0.1255090911738197,,unbiased,,0,1024,811520,,0.020431332495748095,task_011/cell_0323,,,0.014715962463895435,0.0014166980981826782,13,completed,,,,,0.004131611771214307,0.47617009734226795
0,0.0625,2,324,a66b5e3c37c8a33201d515c128157bb8028554e0,cuda,,,0.9666771695326792,,,,True,0.12204853768993047,0.5052534361363766,,,one_step,,0.0037279269023933613,0.1138961218267136,,full,,0,1024,93184,,0.0,task_000/cell_0324,,,0.0,0.0010704994201660156,14,completed,,,,,0.03921500947808835,0.48847732797257415
57,0.0625,2,325,a66b5e3c37c8a33201d515c128157bb8028554e0,cuda,,,0.42521017545403117,,,,False,0.12204853768993047,0.5052534361363766,,,one_step,,0.024183231219422164,0.21655093647518608,,unbiased,,57,1024,142336,,0.3878017331650425,task_001/cell_0325,,,0.23382872601270815,0.001451335847377777,14,completed,,,,,-0.09616430218128788,0.8539057608799202
3,0.00390625,4,326,a66b5e3c37c8a33201d515c128157bb8028554e0,cuda,,,0.47362651937499245,,,,False,0.12204853768993047,0.5052534361363766,,,one_step,,0.03039430861021304,0.1578892933432181,,unbiased,,14,1024,175104,,0.13913233022234223,task_002/cell_0326,,,0.11506246114017618,0.0014211386442184448,14,completed,,,,,0.011694806884423387,0.5723270529046699
0,1.52587890625e-05,8,327,a66b5e3c37c8a33201d515c128157bb8028554e0,cuda,,,0.9409363251480628,,,,False,0.12204853768993047,0.5052534361363766,,,one_step,,0.003797988229829559,0.1165019052930818,,unbiased,,0,1024,240640,,0.06330639035910093,task_003/cell_0327,,,0.056244237489794055,0.0032135099172592163,14,completed,,,,,0.007633507968557035,0.5446896848440985
0,2.3283064365386963e-10,16,328,a66b5e3c37c8a33201d515c128157bb8028554e0,cuda,,,0.9467525539638499,,,,False,0.12204853768993047,0.5052534361363766,,,one_step,,0.00397043606588536,0.11862694431639742,,unbiased,,0,1024,418304,,0.03549635568430444,task_004/cell_0328,,,0.028150023578245857,0.001400098204612732,14,completed,,,,,-0.002916866835385728,0.5505485436906619
0,5.421010862427522e-20,32,329,a66b5e3c37c8a33201d515c128157bb8028554e0,cuda,,,0.9627733096484125,,,,False,0.12204853768993047,0.5052534361363766,,,one_step,,0.002706286366316782,0.11704741926787943,,unbiased,,0,1024,811520,,0.01451229906265716,task_005/cell_0329,,,0.013786153183158328,0.0014634281396865845,14,completed,,,,,-0.00037837615705752815,0.5458691680037331
0,0.0625,2,330,a66b5e3c37c8a33201d515c128157bb8028554e0,cuda,,,0.969475547648074,,,,True,0.12204853768993047,0.5052534361363766,,,one_step,,0.002269124910184052,0.11533367795763905,,full,,0,1024,93184,,0.0,task_006/cell_0330,,,0.0,0.0011074356734752655,15,completed,,,,,-0.008191201568626188,0.4844044669242145
58,0.0625,2,331,a66b5e3c37c8a33201d515c128157bb8028554e0,cuda,,,0.40701153386361255,,,,False,0.12204853768993047,0.5052534361363766,,,one_step,,0.02329432348639083,0.24344431143988832,,unbiased,,58,1024,142336,,0.41792544536526255,task_007/cell_0331,,,0.229324947484781,0.0014315396547317505,15,completed,,,,,0.13169864679603924,0.6397654388411813
3,0.00390625,4,332,a66b5e3c37c8a33201d515c128157bb8028554e0,cuda,,,0.5578331069197978,,,,False,0.12204853768993047,0.5052534361363766,,,one_step,,0.017426398318387055,0.17352498250805493,,unbiased,,23,1024,175104,,0.1794490204679515,task_008/cell_0332,,,0.11910560849866346,0.0014408566057682037,15,completed,,,,,0.040130209510566645,0.6088916732685414
0,1.52587890625e-05,8,333,a66b5e3c37c8a33201d515c128157bb8028554e0,cuda,,,0.9225968774534073,,,,False,0.12204853768993047,0.5052534361363766,,,one_step,,0.005329951952936004,0.12699279489602677,,unbiased,,0,1024,240640,,0.06295210273886703,task_009/cell_0333,,,0.05871916562240702,0.0014439038932323456,15,completed,,,,,0.03898447049526908,0.5110563791330469
0,2.3283064365386963e-10,16,334,a66b5e3c37c8a33201d515c128157bb8028554e0,cuda,,,0.9526897595708428,,,,False,0.12204853768993047,0.5052534361363766,,,one_step,,0.004259909229019588,0.11608831610507409,,unbiased,,0,1024,418304,,0.027931550304170768,task_010/cell_0334,,,0.025774006948997848,0.0014219880104064941,15,completed,,,,,0.0445731513986409,0.5098901662225416
0,5.421010862427522e-20,32,335,a66b5e3c37c8a33201d515c128157bb8028554e0,cuda,,,0.9504670324175402,,,,False,0.12204853768993047,0.5052534361363766,,,one_step,,0.003495987323932711,0.12265244447596402,,unbiased,,0,1024,811520,,0.013776699872262103,task_011/cell_0335,,,0.01238989443785356,0.0014298483729362488,15,completed,,,,,0.04137870727348658,0.4881581628841256
0,0.0625,2,336,a66b5e3c37c8a33201d515c128157bb8028554e0,cuda,,,0.9738076334651721,,,,True,0.12204853768993047,0.5052534361363766,,,one_step,,0.002406133624112477,0.10921072455578784,,full,,0,1024,93184,,0.0,task_000/cell_0336,,,0.0,0.0010759010910987854,16,completed,,,,,-0.022906014957187942,0.466721860796099
61,0.0625,2,337,a66b5e3c37c8a33201d515c128157bb8028554e0,cuda,,,0.5574773341015207,,,,False,0.12204853768993047,0.5052534361363766,,,one_step,,0.014491488309710528,0.19633349867178929,,unbiased,,61,1024,142336,,0.34352987499668,task_001/cell_0337,,,0.21673170888088183,0.001452036201953888,16,completed,,,,,0.006982826419229838,0.5664868343023282
4,0.00390625,4,338,a66b5e3c37c8a33201d515c128157bb8028554e0,cuda,,,0.7180934505540166,,,,False,0.12204853768993047,0.5052534361363766,,,one_step,,0.011834113120919258,0.15343789100406457,,unbiased,,23,1024,175104,,0.14896697058679056,task_002/cell_0338,,,0.10961115738446048,0.0014020800590515137,16,completed,,,,,-0.028015247089601295,0.5173606684748402
0,1.52587890625e-05,8,339,a66b5e3c37c8a33201d515c128157bb8028554e0,cuda,,,0.9409578320460418,,,,False,0.12204853768993047,0.5052534361363766,,,one_step,,0.0036217701558749786,0.1129199934653089,,unbiased,,0,1024,240640,,0.05636680457369066,task_003/cell_0339,,,0.05479498329062674,0.0031476393342018127,16,completed,,,,,-0.01879375735104559,0.5080564991109632
0,2.3283064365386963e-10,16,340,a66b5e3c37c8a33201d515c128157bb8028554e0,cuda,,,0.9375442858999382,,,,False,0.12204853768993047,0.5052534361363766,,,one_step,,0.005918122012479231,0.115697278461381,,unbiased,,0,1024,418304,,0.029240189061937323,task_004/cell_0340,,,0.02657673480734981,0.0014146342873573303,16,completed,,,,,-0.03125853145222246,0.5061180251870072
0,5.421010862427522e-20,32,341,a66b5e3c37c8a33201d515c128157bb8028554e0,cuda,,,0.9669040896082758,,,,False,0.12204853768993047,0.5052534361363766,,,one_step,,0.0030310435264394153,0.10851852205517876,,unbiased,,0,1024,811520,,0.012487428448805224,task_005/cell_0341,,,0.01332354005687522,0.0014544464647769928,16,completed,,,,,-0.022610352205591988,0.5031105243158749
0,0.0625,2,342,a66b5e3c37c8a33201d515c128157bb8028554e0,cuda,,,0.966737204391228,,,,True,0.12204853768993047,0.5052534361363766,,,one_step,,0.0024730897057523636,0.11736080554797734,,full,,0,1024,93184,,0.0,task_006/cell_0342,,,0.0,0.0010776594281196594,17,completed,,,,,0.032182791924460066,0.5168883355248524
70,0.0625,2,343,a66b5e3c37c8a33201d515c128157bb8028554e0,cuda,,,0.25004192197111763,,,,False,0.12204853768993047,0.5052534361363766,,,one_step,,0.04557036173149275,0.29103226184491415,,unbiased,,70,1024,142336,,0.46925995577954893,task_007/cell_0343,,,0.2687332207359858,0.0014250576496124268,17,completed,,,,,-0.03815045868119278,0.5777529329106924
6,0.00390625,4,344,a66b5e3c37c8a33201d515c128157bb8028554e0,cuda,,,0.08537138290415791,,,,False,0.12204853768993047,0.5052534361363766,,,one_step,,0.06838806446323703,0.3620102064849391,,unbiased,,32,1024,175104,,0.31579188761235333,task_008/cell_0344,,,0.1351193351284214,0.001440778374671936,17,completed,,,,,-0.019707098521999217,0.8631218841403211
0,1.52587890625e-05,8,345,a66b5e3c37c8a33201d515c128157bb8028554e0,cuda,,,0.908218915772968,,,,False,0.12204853768993047,0.5052534361363766,,,one_step,,0.007368405014980713,0.126584311453672,,unbiased,,1,1024,240640,,0.062119068013473576,task_009/cell_0345,,,0.05344061575290643,0.001430649310350418,17,completed,,,,,0.01228566371196601,0.5336803206292582
0,2.3283064365386963e-10,16,346,a66b5e3c37c8a33201d515c128157bb8028554e0,cuda,,,0.9058233330777198,,,,False,0.12204853768993047,0.5052534361363766,,,one_step,,0.008379854048368027,0.12550602792779575,,unbiased,,0,1024,418304,,0.03300089933199537,task_010/cell_0346,,,0.02518162602801162,0.0013944059610366821,17,completed,,,,,0.006116698544722549,0.527660143420499
0,5.421010862427522e-20,32,347,a66b5e3c37c8a33201d515c128157bb8028554e0,cuda,,,0.9613626501843623,,,,False,0.12204853768993047,0.5052534361363766,,,one_step,,0.0033543440872463013,0.11921411261581749,,unbiased,,0,1024,811520,,0.015604738585452829,task_011/cell_0347,,,0.013369853278168224,0.0014377236366271973,17,completed,,,,,0.003434914780893408,0.5095917514684705
0,0.0625,2,348,a66b5e3c37c8a33201d515c128157bb8028554e0,cuda,,,0.9648018338335009,,,,True,0.12204853768993047,0.5052534361363766,,,one_step,,0.00245321105123461,0.12404645335291153,,full,,0,1024,93184,,0.0,task_000/cell_0348,,,0.0,0.0010628961026668549,18,completed,,,,,0.009495053968742093,0.5256261303922743
69,0.0625,2,349,a66b5e3c37c8a33201d515c128157bb8028554e0,cuda,,,0.1999603385091561,,,,False,0.12204853768993047,0.5052534361363766,,,one_step,,0.05183706961228593,0.26919451068878786,,unbiased,,69,1024,142336,,0.43519520767831044,task_001/cell_0349,,,0.245877548538352,0.0014315024018287659,18,completed,,,,,-0.02208575902117205,0.6645692252669164
2,0.00390625,4,350,a66b5e3c37c8a33201d515c128157bb8028554e0,cuda,,,0.780823966197243,,,,False,0.12204853768993047,0.5052534361363766,,,one_step,,0.008939249045931078,0.15830410904389858,,unbiased,,23,1024,175104,,0.1451549201973633,task_002/cell_0350,,,0.12120619370497447,0.0014283135533332825,18,completed,,,,,0.008431514119511586,0.5851170610363228
0,1.52587890625e-05,8,351,a66b5e3c37c8a33201d515c128157bb8028554e0,cuda,,,0.8528382173369584,,,,False,0.12204853768993047,0.5052534361363766,,,one_step,,0.009203144569494592,0.14156409171718654,,unbiased,,0,1024,240640,,0.08421660181323014,task_003/cell_0351,,,0.06281084541513815,0.003123350441455841,18,completed,,,,,-0.0017860671713417165,0.5601303025525117
0,2.3283064365386963e-10,16,352,a66b5e3c37c8a33201d515c128157bb8028554e0,cuda,,,0.9290448112175579,,,,False,0.12204853768993047,0.5052534361363766,,,one_step,,0.0056225713270540096,0.13479702370558488,,unbiased,,0,1024,418304,,0.037680230946801854,task_004/cell_0352,,,0.03156987520235256,0.0013974010944366455,18,completed,,,,,0.015338514306508799,0.548248412355936
0,5.421010862427522e-20,32,353,a66b5e3c37c8a33201d515c128157bb8028554e0,cuda,,,0.9531393736395374,,,,False,0.12204853768993047,0.5052534361363766,,,one_step,,0.0035621898782356638,0.12662491460907166,,unbiased,,0,1024,811520,,0.01573885472417857,task_005/cell_0353,,,0.013967644890678008,0.0014856606721878052,18,completed,,,,,0.011486048056234845,0.5383186980537585
0,0.0625,2,354,a66b5e3c37c8a33201d515c128157bb8028554e0,cuda,,,0.9441409313005809,,,,True,0.12204853768993047,0.5052534361363766,,,one_step,,0.004838611631328535,0.13091904939259358,,full,,0,1024,93184,,0.0,task_006/cell_0354,,,0.0,0.001064639538526535,19,completed,,,,,-0.011089334872633319,0.5621371947885563
74,0.0625,2,355,a66b5e3c37c8a33201d515c128157bb8028554e0,cuda,,,0.11393681040310352,,,,False,0.12204853768993047,0.5052534361363766,,,one_step,,0.08255917425224517,0.2961697456922794,,unbiased,,74,1024,142336,,0.4673525597245584,task_007/cell_0355,,,0.2625914545522048,0.0013996660709381104,19,completed,,,,,-0.049692902147188404,0.6725360355444812
5,0.00390625,4,356,a66b5e3c37c8a33201d515c128157bb8028554e0,cuda,,,0.6115271930533612,,,,False,0.12204853768993047,0.5052534361363766,,,one_step,,0.015708305724932998,0.1747717551751622,,unbiased,,23,1024,175104,,0.1981219298523716,task_008/cell_0356,,,0.12567844768040076,0.0014331676065921783,19,completed,,,,,0.0708724439635194,0.5887156352949039
0,1.52587890625e-05,8,357,a66b5e3c37c8a33201d515c128157bb8028554e0,cuda,,,0.7784126160794087,,,,False,0.12204853768993047,0.5052534361363766,,,one_step,,0.01135774305155972,0.15379447842937566,,unbiased,,1,1024,240640,,0.08974404281679038,task_009/cell_0357,,,0.06049567430427889,0.0014330670237541199,19,completed,,,,,0.03763300625911606,0.5238501677600971
0,2.3283064365386963e-10,16,358,a66b5e3c37c8a33201d515c128157bb8028554e0,cuda,,,0.9478702675556171,,,,False,0.12204853768993047,0.5052534361363766,,,one_step,,0.0034757118768557627,0.12604127516084151,,unbiased,,0,1024,418304,,0.036631814125793805,task_010/cell_0358,,,0.0302371554875357,0.0013766363263130188,19,completed,,,,,0.038782775924071096,0.5156886103076506
0,5.421010862427522e-20,32,359,a66b5e3c37c8a33201d515c128157bb8028554e0,cuda,,,0.8094442895613445,,,,False,0.12204853768993047,0.5052534361363766,,,one_step,,0.014200147472944416,0.14295008370219353,,unbiased,,0,1024,811520,,0.019704949796557847,task_011/cell_0359,,,0.014409735045055624,0.0014086663722991943,19,completed,,,,,0.03356155756268531,0.5012788859035496
0,0.0625,2,360,a66b5e3c37c8a33201d515c128157bb8028554e0,cuda,,,0.9613041809929266,,,,True,0.12204853768993047,0.5052534361363766,,,one_step,,0.00036619656660330876,0.12211984107971752,,full,,0,16384,1443328,,0.0,task_000/cell_0360,,,0.0,0.0010662004351615906,0,completed,,,,,0.0012940668894362982,0.5076122771362974
1044,0.0625,2,361,a66b5e3c37c8a33201d515c128157bb8028554e0,cuda,,,0.047842697030634554,,,,False,0.12204853768993047,0.5052534361363766,,,one_step,,0.026467312285823125,0.31998724158630587,,unbiased,,1044,16384,2229760,,0.4514166097788758,task_001/cell_0361,,,0.23765640938712237,0.0014334358274936676,0,completed,,,,,-0.035966457794536555,0.6666841094502216
64,0.00390625,4,362,a66b5e3c37c8a33201d515c128157bb8028554e0,cuda,,,0.19949921447034766,,,,False,0.12204853768993047,0.5052534361363766,,,one_step,,0.009610632860072263,0.19291323152742557,,unbiased,,328,16384,2754048,,0.17884365256427184,task_002/cell_0362,,,0.12201997365457516,0.0014193877577781677,0,completed,,,,,0.009985473457722499,0.559523776006073
0,1.52587890625e-05,8,363,a66b5e3c37c8a33201d515c128157bb8028554e0,cuda,,,0.7099248575852922,,,,False,0.12204853768993047,0.5052534361363766,,,one_step,,0.002603232076217824,0.14439697708752597,,unbiased,,13,16384,3802624,,0.08321375972524232,task_003/cell_0363,,,0.061730368985771,0.0031204596161842346,0,completed,,,,,0.002014819632164731,0.5187766951206745
0,2.3283064365386963e-10,16,364,a66b5e3c37c8a33201d515c128157bb8028554e0,cuda,,,0.9057571561226903,,,,False,0.12204853768993047,0.5052534361363766,,,one_step,,0.0010244137085172766,0.1302316027858712,,unbiased,,0,16384,6685184,,0.038668307990159564,task_004/cell_0364,,,0.030891378411367774,0.001415502279996872,0,completed,,,,,0.002044068178751565,0.5140809892990129
0,5.421010862427522e-20,32,365,a66b5e3c37c8a33201d515c128157bb8028554e0,cuda,,,0.9382906404739666,,,,False,0.12204853768993047,0.5052534361363766,,,one_step,,0.0006502704943530699,0.1249120737385141,,unbiased,,0,16384,12976640,,0.01775216623146579,task_005/cell_0365,,,0.014834906325553721,0.0014797374606132507,0,completed,,,,,0.00041801536301831884,0.5061016016545142
0,0.0625,2,366,a66b5e3c37c8a33201d515c128157bb8028554e0,cuda,,,0.9524623360903886,,,,True,0.12204853768993047,0.5052534361363766,,,one_step,,0.0007541752037563634,0.12365029612629641,,full,,0,16384,1443328,,0.0,task_006/cell_0366,,,0.0,0.0010819174349308014,1,completed,,,,,0.004708807640370212,0.5075599101940819
1064,0.0625,2,367,a66b5e3c37c8a33201d515c128157bb8028554e0,cuda,,,0.0001971337890447734,,,,False,0.12204853768993047,0.5052534361363766,,,one_step,,0.5508595807599818,1.3120046497312892,,unbiased,,1064,16384,2229760,,0.4917677187160321,task_007/cell_0367,,,0.241486439797358,0.0014316290616989136,1,completed,,,,,1.1341238127724393,0.9873653228020216
70,0.00390625,4,368,a66b5e3c37c8a33201d515c128157bb8028554e0,cuda,,,0.00013577189332882581,,,,False,0.12204853768993047,0.5052534361363766,,,one_step,,0.6704348973841452,1.3112347840026946,,unbiased,,322,16384,2754048,,0.19606839158215383,task_008/cell_0368,,,0.12406478010203559,0.001439504325389862,1,completed,,,,,1.2474311976114043,0.9732547459416827
0,1.52587890625e-05,8,369,a66b5e3c37c8a33201d515c128157bb8028554e0,cuda,,,0.5659457097457719,,,,False,0.12204853768993047,0.5052534361363766,,,one_step,,0.00477505398854732,0.14963604255174978,,unbiased,,7,16384,3802624,,0.08325009479936049,task_009/cell_0369,,,0.060646636594558156,0.0014544092118740082,1,completed,,,,,-0.0033171074134668694,0.5306855362145657
0,2.3283064365386963e-10,16,370,a66b5e3c37c8a33201d515c128157bb8028554e0,cuda,,,0.8257088811842909,,,,False,0.12204853768993047,0.5052534361363766,,,one_step,,0.002522216981304034,0.1344945204015442,,unbiased,,0,16384,6685184,,0.039797574712739474,task_010/cell_0370,,,0.0307839637359864,0.001420050859451294,1,completed,,,,,0.0018508825314753805,0.5134889551273376
0,5.421010862427522e-20,32,371,a66b5e3c37c8a33201d515c128157bb8028554e0,cuda,,,0.9359771151341907,,,,False,0.12204853768993047,0.5052534361363766,,,one_step,,0.0006729753395103438,0.12722549795233462,,unbiased,,0,16384,12976640,,0.019847426170202298,task_011/cell_0371,,,0.015565623463931741,0.00143490731716156,1,completed,,,,,-4.8102819689829854e-05,0.5116557539033593
0,0.0625,2,372,a66b5e3c37c8a33201d515c128157bb8028554e0,cuda,,,0.9613833806565526,,,,True,0.12204853768993047,0.5052534361363766,,,one_step,,0.00034511847731988007,0.1197973679314508,,full,,0,16384,1443328,,0.0,task_000/cell_0372,,,0.0,0.001125827431678772,2,completed,,,,,-0.011318888242184477,0.5040536728630285
1041,0.0625,2,373,a66b5e3c37c8a33201d515c128157bb8028554e0,cuda,,,0.05786725103054616,,,,False,0.12204853768993047,0.5052534361363766,,,one_step,,0.025960495813377817,0.3105861967661472,,unbiased,,1041,16384,2229760,,0.4606630064430298,task_001/cell_0373,,,0.23815435222585976,0.0014859847724437714,2,completed,,,,,-0.04837241954229923,0.6433739680692226
73,0.00390625,4,374,a66b5e3c37c8a33201d515c128157bb8028554e0,cuda,,,0.22926648909672395,,,,False,0.12204853768993047,0.5052534361363766,,,one_step,,0.012915895800542324,0.1777551698422304,,unbiased,,316,16384,2754048,,0.17308991247419772,task_002/cell_0374,,,0.1173697545682725,0.0014787912368774414,2,completed,,,,,0.0355909008141575,0.6350178541172037
0,1.52587890625e-05,8,375,a66b5e3c37c8a33201d515c128157bb8028554e0,cuda,,,0.7568516580542655,,,,False,0.12204853768993047,0.5052534361363766,,,one_step,,0.0016717196536480223,0.14361751999060424,,unbiased,,10,16384,3802624,,0.08187678764092077,task_003/cell_0375,,,0.05894499964813404,0.00312051922082901,2,completed,,,,,-0.0014841363147959637,0.5179884215115159
0,2.3283064365386963e-10,16,376,a66b5e3c37c8a33201d515c128157bb8028554e0,cuda,,,0.9164926465082384,,,,False,0.12204853768993047,0.5052534361363766,,,one_step,,0.0009760811776990608,0.12676652788875487,,unbiased,,0,16384,6685184,,0.03607352769074773,task_004/cell_0376,,,0.02904053068045887,0.0014791376888751984,2,completed,,,,,-0.002742781116933055,0.5117199951906466
0,5.421010862427522e-20,32,377,a66b5e3c37c8a33201d515c128157bb8028554e0,cuda,,,0.9403204258015585,,,,False,0.12204853768993047,0.5052534361363766,,,one_step,,0.0005258302464083341,0.12359116438596551,,unbiased,,0,16384,12976640,,0.01836163826299964,task_005/cell_0377,,,0.015027139122634033,0.0015367455780506134,2,completed,,,,,-0.0027929360788834763,0.5001933910683396
0,0.0625,2,378,a66b5e3c37c8a33201d515c128157bb8028554e0,cuda,,,0.9626653522150069,,,,True,0.12204853768993047,0.5052534361363766,,,one_step,,0.0003057226419636079,0.12055094275556755,,full,,0,16384,1443328,,0.0,task_006/cell_0378,,,0.0,0.0011431202292442322,3,completed,,,,,0.0030540526394549697,0.5030504463486339
1014,0.0625,2,379,a66b5e3c37c8a33201d515c128157bb8028554e0,cuda,,,0.13661769575516375,,,,False,0.12204853768993047,0.5052534361363766,,,one_step,,0.010669049509390042,0.2716406735928292,,unbiased,,1014,16384,2229760,,0.43307706170462656,task_007/cell_0379,,,0.23643859900733355,0.0014849230647087097,3,completed,,,,,-0.027311573216693173,0.633509647449763
65,0.00390625,4,380,a66b5e3c37c8a33201d515c128157bb8028554e0,cuda,,,0.020566046858913892,,,,False,0.12204853768993047,0.5052534361363766,,,one_step,,0.050439996052033455,0.2521537508931022,,unbiased,,298,16384,2754048,,0.1843222815131005,task_008/cell_0380,,,0.11995413705721178,0.001492328941822052,3,completed,,,,,-0.003611588097871491,0.54374423795855
0,1.52587890625e-05,8,381,a66b5e3c37c8a33201d515c128157bb8028554e0,cuda,,,0.8014135825915628,,,,False,0.12204853768993047,0.5052534361363766,,,one_step,,0.001200586121780299,0.14423174723691723,,unbiased,,7,16384,3802624,,0.0792197869285921,task_009/cell_0381,,,0.06016926142548613,0.0014676079154014587,3,completed,,,,,-0.011361308049739187,0.5284698115924626
0,2.3283064365386963e-10,16,382,a66b5e3c37c8a33201d515c128157bb8028554e0,cuda,,,0.8974140227807806,,,,False,0.12204853768993047,0.5052534361363766,,,one_step,,0.0010830140905073494,0.12855644646555753,,unbiased,,0,16384,6685184,,0.0356091853391255,task_010/cell_0382,,,0.028850829504675306,0.0014547556638717651,3,completed,,,,,-0.010463282959571316,0.517472559252516
0,5.421010862427522e-20,32,383,a66b5e3c37c8a33201d515c128157bb8028554e0,cuda,,,0.9387813577547605,,,,False,0.12204853768993047,0.5052534361363766,,,one_step,,0.0007469542032131562,0.1253789265192804,,unbiased,,0,16384,12976640,,0.018074333470192987,task_011/cell_0383,,,0.015015462447517943,0.0015087723731994629,3,completed,,,,,0.004281028571903589,0.504915119627198
0,0.0625,2,384,a66b5e3c37c8a33201d515c128157bb8028554e0,cuda,,,0.96088106370482,,,,True,0.12204853768993047,0.5052534361363766,,,one_step,,0.0002705464111653883,0.12375750882874392,,full,,0,16384,1443328,,0.0,task_000/cell_0384,,,0.0,0.001102294772863388,4,completed,,,,,-0.005738133063489704,0.498940815030661
1076,0.0625,2,385,a66b5e3c37c8a33201d515c128157bb8028554e0,cuda,,,0.02737498764463722,,,,False,0.12204853768993047,0.5052534361363766,,,one_step,,0.03963426389436678,0.35144565716876386,,unbiased,,1076,16384,2229760,,0.4795754359089431,task_001/cell_0385,,,0.24598290233203324,0.0014483258128166199,4,completed,,,,,-0.050240824162553925,0.697307110121882
74,0.00390625,4,386,a66b5e3c37c8a33201d515c128157bb8028554e0,cuda,,,0.23556940098476883,,,,False,0.12204853768993047,0.5052534361363766,,,one_step,,0.009374541597041269,0.1833154651526545,,unbiased,,324,16384,2754048,,0.17556844962922497,task_002/cell_0386,,,0.12371758929694496,0.0014906972646713257,4,completed,,,,,-0.013824423127576708,0.5582579718947374
0,1.52587890625e-05,8,387,a66b5e3c37c8a33201d515c128157bb8028554e0,cuda,,,0.7746024334518716,,,,False,0.12204853768993047,0.5052534361363766,,,one_step,,0.0022550632650908515,0.14112263063496577,,unbiased,,10,16384,3802624,,0.07836092287892185,task_003/cell_0387,,,0.06026716330706611,0.0031253471970558167,4,completed,,,,,-0.013887253454373416,0.5404768136323339
0,2.3283064365386963e-10,16,388,a66b5e3c37c8a33201d515c128157bb8028554e0,cuda,,,0.9156154179568448,,,,False,0.12204853768993047,0.5052534361363766,,,one_step,,0.0006257814807924329,0.13198654327539394,,unbiased,,0,16384,6685184,,0.03659811231312781,task_004/cell_0388,,,0.029925528238230824,0.002183787524700165,4,completed,,,,,-0.013177007053870456,0.5171170324845642
0,5.421010862427522e-20,32,389,a66b5e3c37c8a33201d515c128157bb8028554e0,cuda,,,0.939597156113627,,,,False,0.12204853768993047,0.5052534361363766,,,one_step,,0.0004696110885644173,0.12764655300713734,,unbiased,,0,16384,12976640,,0.01871299895626297,task_005/cell_0389,,,0.0150845344716412,0.0014924891293048859,4,completed,,,,,-0.0005737864666517482,0.5126303469418609
0,0.0625,2,390,a66b5e3c37c8a33201d515c128157bb8028554e0,cuda,,,0.9614738044634694,,,,True,0.12204853768993047,0.5052534361363766,,,one_step,,0.00030873487346401364,0.12128571523194509,,full,,0,16384,1443328,,0.0,task_006/cell_0390,,,0.0,0.0012099146842956543,5,completed,,,,,-0.004885443293045577,0.5059033648105982
1033,0.0625,2,391,a66b5e3c37c8a33201d515c128157bb8028554e0,cuda,,,0.0028788631175821902,,,,False,0.12204853768993047,0.5052534361363766,,,one_step,,0.1375164611353121,0.5229688796529697,,unbiased,,1033,16384,2229760,,0.46505905211108006,task_007/cell_0391,,,0.2447793786372625,0.001459456980228424,5,completed,,,,,-0.24905286732494183,1.4180612540627004
58,0.00390625,4,392,a66b5e3c37c8a33201d515c128157bb8028554e0,cuda,,,0.042388121056413874,,,,False,0.12204853768993047,0.5052534361363766,,,one_step,,0.028063355798589595,0.23411397385715915,,unbiased,,304,16384,2754048,,0.18421311879605895,task_008/cell_0392,,,0.11900289832157325,0.0014537200331687927,5,completed,,,,,0.057087044751514895,0.6404323964723956
0,1.52587890625e-05,8,393,a66b5e3c37c8a33201d515c128157bb8028554e0,cuda,,,0.8772897631915094,,,,False,0.12204853768993047,0.5052534361363766,,,one_step,,0.0010280689392277124,0.13226540432197353,,unbiased,,4,16384,3802624,,0.07224158875371678,task_009/cell_0393,,,0.05956587401579744,0.0014527291059494019,5,completed,,,,,-0.0073780053063336026,0.5140426757616441
0,2.3283064365386963e-10,16,394,a66b5e3c37c8a33201d515c128157bb8028554e0,cuda,,,0.7725848590196523,,,,False,0.12204853768993047,0.5052534361363766,,,one_step,,0.0036052074997406113,0.1297545455560165,,unbiased,,0,16384,6685184,,0.036504344169677905,task_010/cell_0394,,,0.02924754831391802,0.0014357268810272217,5,completed,,,,,0.0048573606615839576,0.5159828338323245
0,5.421010862427522e-20,32,395,a66b5e3c37c8a33201d515c128157bb8028554e0,cuda,,,0.9478559402136711,,,,False,0.12204853768993047,0.5052534361363766,,,one_step,,0.0003966344547900897,0.12261505862542776,,unbiased,,0,16384,12976640,,0.018020495130800823,task_011/cell_0395,,,0.01489165133825706,0.0014785826206207275,5,completed,,,,,-0.006115173494972842,0.5025885790191249
0,0.0625,2,396,a66b5e3c37c8a33201d515c128157bb8028554e0,cuda,,,0.9604261090006498,,,,True,0.12204853768993047,0.5052534361363766,,,one_step,,0.0003244846177670715,0.12110211469665977,,full,,0,16384,1443328,,0.0,task_000/cell_0396,,,0.0,0.0010999850928783417,6,completed,,,,,0.009961960025042885,0.5108141386582583
948,0.0625,2,397,a66b5e3c37c8a33201d515c128157bb8028554e0,cuda,,,0.027862100250225955,,,,False,0.12204853768993047,0.5052534361363766,,,one_step,,0.04455543742687571,0.2872647935267043,,unbiased,,948,16384,2229760,,0.4291328334814884,task_001/cell_0397,,,0.23354221812472575,0.0014740265905857086,6,completed,,,,,-0.10115531562188965,0.7085633800853025
58,0.00390625,4,398,a66b5e3c37c8a33201d515c128157bb8028554e0,cuda,,,0.4042858742616276,,,,False,0.12204853768993047,0.5052534361363766,,,one_step,,0.005679343715955987,0.17480873923697438,,unbiased,,307,16384,2754048,,0.17386952218771945,task_002/cell_0398,,,0.11925726854652319,0.0014859586954116821,6,completed,,,,,-0.013380794465093993,0.5712762775944977
1,1.52587890625e-05,8,399,a66b5e3c37c8a33201d515c128157bb8028554e0,cuda,,,0.805343256957572,,,,False,0.12204853768993047,0.5052534361363766,,,one_step,,0.0020826951657038455,0.13727483456766087,,unbiased,,9,16384,3802624,,0.07554598306326926,task_003/cell_0399,,,0.05937557425025965,0.0031399205327033997,6,completed,,,,,-0.016488780796233674,0.5300855963703199
0,2.3283064365386963e-10,16,400,a66b5e3c37c8a33201d515c128157bb8028554e0,cuda,,,0.88810867981311,,,,False,0.12204853768993047,0.5052534361363766,,,one_step,,0.0012006037351444232,0.13023728149005542,,unbiased,,0,16384,6685184,,0.03738770350817769,task_004/cell_0400,,,0.02969409080609328,0.0022095367312431335,6,completed,,,,,-0.0096929815264483,0.511817021726922
0,5.421010862427522e-20,32,401,a66b5e3c37c8a33201d515c128157bb8028554e0,cuda,,,0.9456499555857264,,,,False,0.12204853768993047,0.5052534361363766,,,one_step,,0.00044066088987197385,0.12452944452851078,,unbiased,,0,16384,12976640,,0.017266915447910126,task_005/cell_0401,,,0.01457940659634323,0.0015165172517299652,6,completed,,,,,-0.0054772607622130135,0.5050338037845101
0,0.0625,2,402,a66b5e3c37c8a33201d515c128157bb8028554e0,cuda,,,0.9629217788399692,,,,True,0.12204853768993047,0.5052534361363766,,,one_step,,0.000437001578269359,0.12087568161561002,,full,,0,16384,1443328,,0.0,task_006/cell_0402,,,0.0,0.0011055096983909607,7,completed,,,,,-0.0010687734180456158,0.5008834522233625
962,0.0625,2,403,a66b5e3c37c8a33201d515c128157bb8028554e0,cuda,,,0.00010679496923259874,,,,False,0.12204853768993047,0.5052534361363766,,,one_step,,0.7559433944531045,1.7350976826455664,,unbiased,,962,16384,2229760,,0.4800168385995414,task_007/cell_0403,,,0.24264727999878205,0.0032559186220169067,7,completed,,,,,-1.4509883247021638,0.7984074742754123
66,0.00390625,4,404,a66b5e3c37c8a33201d515c128157bb8028554e0,cuda,,,0.02344356911559648,,,,False,0.12204853768993047,0.5052534361363766,,,one_step,,0.03991743114594204,0.23884936918143396,,unbiased,,328,16384,2754048,,0.1774025746451196,task_008/cell_0404,,,0.12227316957923787,0.00148078054189682,7,completed,,,,,0.0765948296440454,0.6570533026701548
0,1.52587890625e-05,8,405,a66b5e3c37c8a33201d515c128157bb8028554e0,cuda,,,0.25316994856688047,,,,False,0.12204853768993047,0.5052534361363766,,,one_step,,0.01257975548291411,0.15580497601344057,,unbiased,,11,16384,3802624,,0.08232577523148768,task_009/cell_0405,,,0.06060558415037592,0.0014764666557312012,7,completed,,,,,-0.0062998520949442294,0.5235319007510529
0,2.3283064365386963e-10,16,406,a66b5e3c37c8a33201d515c128157bb8028554e0,cuda,,,0.8827801868396566,,,,False,0.12204853768993047,0.5052534361363766,,,one_step,,0.0018493349455191979,0.1290322460246074,,unbiased,,0,16384,6685184,,0.03625247798926826,task_010/cell_0406,,,0.029776244995118127,0.0014440864324569702,7,completed,,,,,-0.0031655779110230644,0.5101662642569109
0,5.421010862427522e-20,32,407,a66b5e3c37c8a33201d515c128157bb8028554e0,cuda,,,0.931113745386329,,,,False,0.12204853768993047,0.5052534361363766,,,one_step,,0.0007070582843423436,0.12450672189944179,,unbiased,,0,16384,12976640,,0.019305266029562864,task_011/cell_0407,,,0.01540742801285814,0.0014641359448432922,7,completed,,,,,-0.0055958390267748645,0.5110806919529525
0,0.0625,2,408,a66b5e3c37c8a33201d515c128157bb8028554e0,cuda,,,0.9638324095853209,,,,True,0.12204853768993047,0.5052534361363766,,,one_step,,0.00024183541106893264,0.12175385590162158,,full,,0,16384,1443328,,0.0,task_000/cell_0408,,,0.0,0.0011060349643230438,8,completed,,,,,-0.005481840199003458,0.49884799600771945
991,0.0625,2,409,a66b5e3c37c8a33201d515c128157bb8028554e0,cuda,,,0.020101075370113446,,,,False,0.12204853768993047,0.5052534361363766,,,one_step,,0.042874079036720414,0.38405888652438946,,unbiased,,991,16384,2229760,,0.4736220961695051,task_001/cell_0409,,,0.2410481359055849,0.0014512203633785248,8,completed,,,,,0.01229646830460323,0.7643147873173798
61,0.00390625,4,410,a66b5e3c37c8a33201d515c128157bb8028554e0,cuda,,,0.02134270522739234,,,,False,0.12204853768993047,0.5052534361363766,,,one_step,,0.05194974824999855,0.21867600037193036,,unbiased,,299,16384,2754048,,0.17092589241893136,task_002/cell_0410,,,0.11993629280794736,0.0014621168375015259,8,completed,,,,,0.08606294764435816,0.632607700621151
0,1.52587890625e-05,8,411,a66b5e3c37c8a33201d515c128157bb8028554e0,cuda,,,0.8423869557410917,,,,False,0.12204853768993047,0.5052534361363766,,,one_step,,0.001793157795290958,0.13456937424288995,,unbiased,,6,16384,3802624,,0.0733456748954564,task_003/cell_0411,,,0.05896111944569853,0.0031676292419433594,8,completed,,,,,0.0010422255745691127,0.5177254601182182
0,2.3283064365386963e-10,16,412,a66b5e3c37c8a33201d515c128157bb8028554e0,cuda,,,0.9296038483910091,,,,False,0.12204853768993047,0.5052534361363766,,,one_step,,0.0006983756544453375,0.12640496185018613,,unbiased,,0,16384,6685184,,0.036331194317173715,task_004/cell_0412,,,0.030369156089906937,0.002196088433265686,8,completed,,,,,-0.0022341458098030257,0.5155542408937293
0,5.421010862427522e-20,32,413,a66b5e3c37c8a33201d515c128157bb8028554e0,cuda,,,0.9464362956103753,,,,False,0.12204853768993047,0.5052534361363766,,,one_step,,0.0005359962299695887,0.12372536974041992,,unbiased,,0,16384,12976640,,0.018425813747949715,task_005/cell_0413,,,0.015246635743947334,0.0015175603330135345,8,completed,,,,,0.0064485397410776486,0.5094596242770335
0,0.0625,2,414,a66b5e3c37c8a33201d515c128157bb8028554e0,cuda,,,0.9635679785753997,,,,True,0.12204853768993047,0.5052534361363766,,,one_step,,0.00036793023929154647,0.12016892915073107,,full,,0,16384,1443328,,0.0,task_006/cell_0414,,,0.0,0.001129046082496643,9,completed,,,,,0.006570048061997173,0.5063937499873725
991,0.0625,2,415,a66b5e3c37c8a33201d515c128157bb8028554e0,cuda,,,0.032531638813981995,,,,False,0.12204853768993047,0.5052534361363766,,,one_step,,0.026436443295507806,0.3433072892836453,,unbiased,,991,16384,2229760,,0.4530335277201085,task_007/cell_0415,,,0.23881929346825065,0.003235369920730591,9,completed,,,,,0.1259495759374119,0.8187789411076087
68,0.00390625,4,416,a66b5e3c37c8a33201d515c128157bb8028554e0,cuda,,,0.4598013665343218,,,,False,0.12204853768993047,0.5052534361363766,,,one_step,,0.004458047594486449,0.1682220703496231,,unbiased,,332,16384,2754048,,0.16175918486078097,task_008/cell_0416,,,0.11898108194925965,0.0014815852046012878,9,completed,,,,,-0.005046458554430042,0.5658213591571271
0,1.52587890625e-05,8,417,a66b5e3c37c8a33201d515c128157bb8028554e0,cuda,,,0.8530738479271142,,,,False,0.12204853768993047,0.5052534361363766,,,one_step,,0.0012319405616370057,0.13965000586285292,,unbiased,,9,16384,3802624,,0.07707677245191842,task_009/cell_0417,,,0.06130703111623575,0.0014583878219127655,9,completed,,,,,0.00982554045750858,0.536509922982738
0,2.3283064365386963e-10,16,418,a66b5e3c37c8a33201d515c128157bb8028554e0,cuda,,,0.8848828033282976,,,,False,0.12204853768993047,0.5052534361363766,,,one_step,,0.001756369244235198,0.12903226761314812,,unbiased,,0,16384,6685184,,0.036800957084390705,task_010/cell_0418,,,0.029464051996289348,0.0014273300766944885,9,completed,,,,,0.007292542380155472,0.5233413494172481
0,5.421010862427522e-20,32,419,a66b5e3c37c8a33201d515c128157bb8028554e0,cuda,,,0.9427532442051701,,,,False,0.12204853768993047,0.5052534361363766,,,one_step,,0.000602116539502634,0.1243648327277409,,unbiased,,0,16384,12976640,,0.01744947645675915,task_011/cell_0419,,,0.014897864672890355,0.0014706626534461975,9,completed,,,,,0.007367266392502523,0.5097546140283106
0,0.0625,2,420,a66b5e3c37c8a33201d515c128157bb8028554e0,cuda,,,0.9590210741279548,,,,True,0.12204853768993047,0.5052534361363766,,,one_step,,0.0003768035688540931,0.12255079763717447,,full,,0,16384,1443328,,0.0,task_000/cell_0420,,,0.0,0.0011224672198295593,10,completed,,,,,0.005503454780609675,0.5066863279129137
982,0.0625,2,421,a66b5e3c37c8a33201d515c128157bb8028554e0,cuda,,,0.026503031501225603,,,,False,0.12204853768993047,0.5052534361363766,,,one_step,,0.036302489675149464,0.3433543939331116,,unbiased,,982,16384,2229760,,0.455775083403764,task_001/cell_0421,,,0.23780424418707374,0.0014588944613933563,10,completed,,,,,-0.047083849509397535,0.7424749294007733
56,0.00390625,4,422,a66b5e3c37c8a33201d515c128157bb8028554e0,cuda,,,0.10307316106616105,,,,False,0.12204853768993047,0.5052534361363766,,,one_step,,0.017472262801364536,0.21140111996270683,,unbiased,,326,16384,2754048,,0.18331687540914993,task_002/cell_0422,,,0.1213891108706645,0.0014553293585777283,10,completed,,,,,0.0041735437919286425,0.5693780048833581
1,1.52587890625e-05,8,423,a66b5e3c37c8a33201d515c128157bb8028554e0,cuda,,,0.607255821445429,,,,False,0.12204853768993047,0.5052534361363766,,,one_step,,0.003709265551223914,0.14958217089502313,,unbiased,,11,16384,3802624,,0.08471874448364791,task_003/cell_0423,,,0.061400325875071375,0.0032110586762428284,10,completed,,,,,0.01545796209729514,0.5338325812194213
0,2.3283064365386963e-10,16,424,a66b5e3c37c8a33201d515c128157bb8028554e0,cuda,,,0.8861868766768278,,,,False,0.12204853768993047,0.5052534361363766,,,one_step,,0.0011338890659172945,0.12927944827990423,,unbiased,,0,16384,6685184,,0.0384562178199907,task_004/cell_0424,,,0.030311912874962467,0.0022127777338027954,10,completed,,,,,0.0066103156619176425,0.5142122512104352
0,5.421010862427522e-20,32,425,a66b5e3c37c8a33201d515c128157bb8028554e0,cuda,,,0.9328609236828054,,,,False,0.12204853768993047,0.5052534361363766,,,one_step,,0.0006137278046654983,0.12712063538850238,,unbiased,,0,16384,12976640,,0.019380987306834546,task_005/cell_0425,,,0.015669093748369688,0.001482795923948288,10,completed,,,,,-0.0008781361478415253,0.49843418706037607
0,0.0625,2,426,a66b5e3c37c8a33201d515c128157bb8028554e0,cuda,,,0.9598550240211337,,,,True,0.12204853768993047,0.5052534361363766,,,one_step,,0.0003651722635061255,0.12177491237706306,,full,,0,16384,1443328,,0.0,task_006/cell_0426,,,0.0,0.0011385567486286163,11,completed,,,,,-0.008739954012029965,0.5031877040939763
976,0.0625,2,427,a66b5e3c37c8a33201d515c128157bb8028554e0,cuda,,,0.008306672989516744,,,,False,0.12204853768993047,0.5052534361363766,,,one_step,,0.07604668716751166,0.4198650197652256,,unbiased,,976,16384,2229760,,0.4619567334499721,task_007/cell_0427,,,0.23775705056256977,0.0032362788915634155,11,completed,,,,,-0.02343922871582703,0.6661033801617479
56,0.00390625,4,428,a66b5e3c37c8a33201d515c128157bb8028554e0,cuda,,,0.1884694292283405,,,,False,0.12204853768993047,0.5052534361363766,,,one_step,,0.00919823926928276,0.19381292816303564,,unbiased,,292,16384,2754048,,0.17764100130395422,task_008/cell_0428,,,0.12078425096660406,0.0014680065214633942,11,completed,,,,,-0.0013937927793723414,0.5605039994838674
0,1.52587890625e-05,8,429,a66b5e3c37c8a33201d515c128157bb8028554e0,cuda,,,0.6688797136696734,,,,False,0.12204853768993047,0.5052534361363766,,,one_step,,0.003112546084767496,0.14339186468875376,,unbiased,,11,16384,3802624,,0.07762835474304026,task_009/cell_0429,,,0.0595861743462051,0.0014745891094207764,11,completed,,,,,-0.0067833344998950145,0.5227939178393006
0,2.3283064365386963e-10,16,430,a66b5e3c37c8a33201d515c128157bb8028554e0,cuda,,,0.6804688981147197,,,,False,0.12204853768993047,0.5052534361363766,,,one_step,,0.004600436971478369,0.133989738463967,,unbiased,,0,16384,6685184,,0.03849688875399518,task_010/cell_0430,,,0.02992892278948992,0.0014241784811019897,11,completed,,,,,-0.010355553403662128,0.5090952293175737
0,5.421010862427522e-20,32,431,a66b5e3c37c8a33201d515c128157bb8028554e0,cuda,,,0.9159565969098464,,,,False,0.12204853768993047,0.5052534361363766,,,one_step,,0.001318857661611407,0.1267737436494425,,unbiased,,0,16384,12976640,,0.018445771673335696,task_011/cell_0431,,,0.01485612569412425,0.0014674514532089233,11,completed,,,,,0.006764379194112913,0.5007342979187107
0,0.0625,2,432,a66b5e3c37c8a33201d515c128157bb8028554e0,cuda,,,0.9606746124485274,,,,True,0.12204853768993047,0.5052534361363766,,,one_step,,0.0004969389378394508,0.12300559155003121,,full,,0,16384,1443328,,0.0,task_000/cell_0432,,,0.0,0.0010944157838821411,12,completed,,,,,-0.006201204854300801,0.5016036373395546
1064,0.0625,2,433,a66b5e3c37c8a33201d515c128157bb8028554e0,cuda,,,0.012442730394307495,,,,False,0.12204853768993047,0.5052534361363766,,,one_step,,0.06501456300297864,0.3735568943075922,,unbiased,,1064,16384,2229760,,0.46834162088594367,task_001/cell_0433,,,0.24310294456324263,0.003597091883420944,12,completed,,,,,-0.05906005104845369,0.8461646965815144
70,0.00390625,4,434,a66b5e3c37c8a33201d515c128157bb8028554e0,cuda,,,0.005673277905839243,,,,False,0.12204853768993047,0.5052534361363766,,,one_step,,0.10191886831139789,0.2990692040452725,,unbiased,,347,16384,2754048,,0.17712707948076334,task_002/cell_0434,,,0.1203694976822031,0.0014344006776809692,12,completed,,,,,0.22536265409948836,1.031170747263638
0,1.52587890625e-05,8,435,a66b5e3c37c8a33201d515c128157bb8028554e0,cuda,,,0.8533968467910256,,,,False,0.12204853768993047,0.5052534361363766,,,one_step,,0.0009711673710813606,0.139107263270418,,unbiased,,9,16384,3802624,,0.07629222132932384,task_003/cell_0435,,,0.06017712288483332,0.0031427666544914246,12,completed,,,,,-0.0008793251038385504,0.5311535379556699
0,2.3283064365386963e-10,16,436,a66b5e3c37c8a33201d515c128157bb8028554e0,cuda,,,0.6866559020228069,,,,False,0.12204853768993047,0.5052534361363766,,,one_step,,0.004816641800704624,0.13757422876791026,,unbiased,,0,16384,6685184,,0.037981800233338144,task_004/cell_0436,,,0.029937791239718903,0.0021798647940158844,12,completed,,,,,0.006557057193519109,0.5306752219459259
0,5.421010862427522e-20,32,437,a66b5e3c37c8a33201d515c128157bb8028554e0,cuda,,,0.930261245022291,,,,False,0.12204853768993047,0.5052534361363766,,,one_step,,0.0006555377963062674,0.12707052989398981,,unbiased,,0,16384,12976640,,0.019651991543690864,task_005/cell_0437,,,0.015455828140324514,0.0014899298548698425,12,completed,,,,,0.004309446147200231,0.5156754649948103
0,0.0625,2,438,a66b5e3c37c8a33201d515c128157bb8028554e0,cuda,,,0.9235724413787161,,,,True,0.12204853768993047,0.5052534361363766,,,one_step,,0.0016601534478755773,0.1257060780917083,,full,,0,16384,1443328,,0.0,task_006/cell_0438,,,0.0,0.0011417679488658905,13,completed,,,,,-0.005230111790137998,0.5097416236924389
1088,0.0625,2,439,a66b5e3c37c8a33201d515c128157bb8028554e0,cuda,,,6.504116071452267e-05,,,,False,0.12204853768993047,0.5052534361363766,,,one_step,,0.9687126084305828,3.8724616637580596,,unbiased,,1088,16384,2229760,,0.5314945742082248,task_007/cell_0439,,,0.24694851774934495,0.003186918795108795,13,completed,,,,,2.3542500050485344,0.19437953501570346
63,0.00390625,4,440,a66b5e3c37c8a33201d515c128157bb8028554e0,cuda,,,0.4740712807500982,,,,False,0.12204853768993047,0.5052534361363766,,,one_step,,0.0042781953814653734,0.17050504067903383,,unbiased,,314,16384,2754048,,0.1687763725095525,task_008/cell_0440,,,0.12194610656709312,0.0014905072748661041,13,completed,,,,,-0.019024016632522716,0.5471522612879082
0,1.52587890625e-05,8,441,a66b5e3c37c8a33201d515c128157bb8028554e0,cuda,,,0.7141884613991273,,,,False,0.12204853768993047,0.5052534361363766,,,one_step,,0.00314394298335317,0.14370175541080776,,unbiased,,10,16384,3802624,,0.07694880583398048,task_009/cell_0441,,,0.059610002238763005,0.0014563985168933868,13,completed,,,,,-0.011117247122589198,0.5219477610770153
0,2.3283064365386963e-10,16,442,a66b5e3c37c8a33201d515c128157bb8028554e0,cuda,,,0.1995082337951453,,,,False,0.12204853768993047,0.5052534361363766,,,one_step,,0.015550510535296764,0.1451094430814397,,unbiased,,0,16384,6685184,,0.03688957242432289,task_010/cell_0442,,,0.02948756582027372,0.001452222466468811,13,completed,,,,,0.005556234902602317,0.52400906571405
0,5.421010862427522e-20,32,443,a66b5e3c37c8a33201d515c128157bb8028554e0,cuda,,,0.9247256919845738,,,,False,0.12204853768993047,0.5052534361363766,,,one_step,,0.0007889584457666666,0.12951075271663903,,unbiased,,0,16384,12976640,,0.020755087264838518,task_011/cell_0443,,,0.015615432435356152,0.0014856010675430298,13,completed,,,,,0.001610747749211892,0.5051153364664105
0,0.0625,2,444,a66b5e3c37c8a33201d515c128157bb8028554e0,cuda,,,0.9642603061968426,,,,True,0.12204853768993047,0.5052534361363766,,,one_step,,0.0002974781798804468,0.12171206860873873,,full,,0,16384,1443328,,0.0,task_000/cell_0444,,,0.0,0.0011016353964805603,14,completed,,,,,0.005959843248949938,0.5069486760592865
984,0.0625,2,445,a66b5e3c37c8a33201d515c128157bb8028554e0,cuda,,,0.07156685453090876,,,,False,0.12204853768993047,0.5052534361363766,,,one_step,,0.015611530132596252,0.31016093301797376,,unbiased,,984,16384,2229760,,0.4638116658917547,task_001/cell_0445,,,0.2423329250182198,0.003268495202064514,14,completed,,,,,0.007773369243791312,0.6594476543784403
67,0.00390625,4,446,a66b5e3c37c8a33201d515c128157bb8028554e0,cuda,,,0.291280602857041,,,,False,0.12204853768993047,0.5052534361363766,,,one_step,,0.008016068363658146,0.1775720694692371,,unbiased,,307,16384,2754048,,0.1651212352137711,task_002/cell_0446,,,0.12021389574832649,0.0014672726392745972,14,completed,,,,,0.02272212499987104,0.5432696948956348
0,1.52587890625e-05,8,447,a66b5e3c37c8a33201d515c128157bb8028554e0,cuda,,,0.7841608773965628,,,,False,0.12204853768993047,0.5052534361363766,,,one_step,,0.003107811549348002,0.13589916642896505,,unbiased,,8,16384,3802624,,0.0711310327068499,task_003/cell_0447,,,0.058198053600200444,0.0031716525554656982,14,completed,,,,,0.011359359495321748,0.5249432994274006
0,2.3283064365386963e-10,16,448,a66b5e3c37c8a33201d515c128157bb8028554e0,cuda,,,0.8678462834196552,,,,False,0.12204853768993047,0.5052534361363766,,,one_step,,0.001828382627717029,0.13075589578880908,,unbiased,,0,16384,6685184,,0.03816905723261775,task_004/cell_0448,,,0.030487319789544304,0.00222150981426239,14,completed,,,,,0.011569091993448678,0.5178952793766624
0,5.421010862427522e-20,32,449,a66b5e3c37c8a33201d515c128157bb8028554e0,cuda,,,0.944823696445268,,,,False,0.12204853768993047,0.5052534361363766,,,one_step,,0.0006483890728142473,0.12527126916083553,,unbiased,,0,16384,12976640,,0.018341640018393224,task_005/cell_0449,,,0.015312167772178507,0.0014922656118869781,14,completed,,,,,-0.0036344464471717475,0.5081194036806922
0,0.0625,2,450,a66b5e3c37c8a33201d515c128157bb8028554e0,cuda,,,0.9606369648888266,,,,True,0.12204853768993047,0.5052534361363766,,,one_step,,0.0003061413876487041,0.1218450157949249,,full,,0,16384,1443328,,0.0,task_006/cell_0450,,,0.0,0.001112513244152069,15,completed,,,,,-0.010310117800067313,0.5050989891248086
1049,0.0625,2,451,a66b5e3c37c8a33201d515c128157bb8028554e0,cuda,,,0.031096385396937397,,,,False,0.12204853768993047,0.5052534361363766,,,one_step,,0.03441631756190231,0.32578366432035466,,unbiased,,1049,16384,2229760,,0.45637044692813444,task_007/cell_0451,,,0.24098345483707873,0.003205828368663788,15,completed,,,,,0.006786374257408176,0.8789699051452938
72,0.00390625,4,452,a66b5e3c37c8a33201d515c128157bb8028554e0,cuda,,,0.18637345242014075,,,,False,0.12204853768993047,0.5052534361363766,,,one_step,,0.008836012672413083,0.19562198062837766,,unbiased,,322,16384,2754048,,0.17174736480177677,task_008/cell_0452,,,0.11792495060628741,0.0014785192906856537,15,completed,,,,,0.05409853480588939,0.5915980108866764
1,1.52587890625e-05,8,453,a66b5e3c37c8a33201d515c128157bb8028554e0,cuda,,,0.630536374545585,,,,False,0.12204853768993047,0.5052534361363766,,,one_step,,0.0032571632835833204,0.1479777233561297,,unbiased,,8,16384,3802624,,0.08171613619736381,task_009/cell_0453,,,0.06072531708148454,0.0014639683067798615,15,completed,,,,,0.016533505500229126,0.5313344137073432
0,2.3283064365386963e-10,16,454,a66b5e3c37c8a33201d515c128157bb8028554e0,cuda,,,0.8597240968334416,,,,False,0.12204853768993047,0.5052534361363766,,,one_step,,0.0015985521743236508,0.1318404951516836,,unbiased,,0,16384,6685184,,0.03711700693612191,task_010/cell_0454,,,0.029565612191334703,0.0014699101448059082,15,completed,,,,,0.011447009401305426,0.5104163167881535
0,5.421010862427522e-20,32,455,a66b5e3c37c8a33201d515c128157bb8028554e0,cuda,,,0.9387059592069127,,,,False,0.12204853768993047,0.5052534361363766,,,one_step,,0.0005411242859113657,0.12600485380964876,,unbiased,,0,16384,12976640,,0.018220511338017897,task_011/cell_0455,,,0.015038640151973842,0.0014615058898925781,15,completed,,,,,0.0024156433289687054,0.5149516913075964
0,0.0625,2,456,a66b5e3c37c8a33201d515c128157bb8028554e0,cuda,,,0.9618539237958793,,,,True,0.12204853768993047,0.5052534361363766,,,one_step,,0.00039343610851975014,0.122535983898862,,full,,0,16384,1443328,,0.0,task_000/cell_0456,,,0.0,0.0010948963463306427,16,completed,,,,,0.0013205953460933223,0.5014623126720195
1028,0.0625,2,457,a66b5e3c37c8a33201d515c128157bb8028554e0,cuda,,,0.016516561451327273,,,,False,0.12204853768993047,0.5052534361363766,,,one_step,,0.045141510159112656,0.3899531768276425,,unbiased,,1028,16384,2229760,,0.4814897016410409,task_001/cell_0457,,,0.2469375042528739,0.003074079751968384,16,completed,,,,,-0.11009551819312736,0.9668592000448027
65,0.00390625,4,458,a66b5e3c37c8a33201d515c128157bb8028554e0,cuda,,,0.08228981354759887,,,,False,0.12204853768993047,0.5052534361363766,,,one_step,,0.024378686381194014,0.20361566961184607,,unbiased,,317,16384,2754048,,0.17609887640379235,task_002/cell_0458,,,0.1230157138144331,0.0014457404613494873,16,completed,,,,,-0.06016336168755916,0.6405278775728479
0,1.52587890625e-05,8,459,a66b5e3c37c8a33201d515c128157bb8028554e0,cuda,,,0.821212380137712,,,,False,0.12204853768993047,0.5052534361363766,,,one_step,,0.0015110991136781213,0.1418984243447472,,unbiased,,6,16384,3802624,,0.07416388755424401,task_003/cell_0459,,,0.060159681001635545,0.003152288496494293,16,completed,,,,,-0.005275320222728963,0.5197581053041856
0,2.3283064365386963e-10,16,460,a66b5e3c37c8a33201d515c128157bb8028554e0,cuda,,,0.8977289037045917,,,,False,0.12204853768993047,0.5052534361363766,,,one_step,,0.0011375734352622774,0.1335367174504274,,unbiased,,0,16384,6685184,,0.03954369843249865,task_004/cell_0460,,,0.030807535692152936,0.0021920353174209595,16,completed,,,,,-0.0026977868062511186,0.5117168101477041
0,5.421010862427522e-20,32,461,a66b5e3c37c8a33201d515c128157bb8028554e0,cuda,,,0.888701074015847,,,,False,0.12204853768993047,0.5052534361363766,,,one_step,,0.0020056633861501314,0.1280892771099289,,unbiased,,0,16384,12976640,,0.019083026646560048,task_005/cell_0461,,,0.014944804925612558,0.0015634335577487946,16,completed,,,,,0.0004204928432126568,0.5141718864367537
0,0.0625,2,462,a66b5e3c37c8a33201d515c128157bb8028554e0,cuda,,,0.9547189622525543,,,,True,0.12204853768993047,0.5052534361363766,,,one_step,,0.0006858103634914594,0.1230854465535387,,full,,0,16384,1443328,,0.0,task_006/cell_0462,,,0.0,0.0011225007474422455,17,completed,,,,,0.0008235443908068286,0.4993613729917518
1075,0.0625,2,463,a66b5e3c37c8a33201d515c128157bb8028554e0,cuda,,,0.0030984786905675042,,,,False,0.12204853768993047,0.5052534361363766,,,one_step,,0.12787577086495794,0.5142503072977913,,unbiased,,1075,16384,2229760,,0.49784376829074967,task_007/cell_0463,,,0.24534404894857048,0.003207199275493622,17,completed,,,,,0.13298537082982487,0.8278184513252601
71,0.00390625,4,464,a66b5e3c37c8a33201d515c128157bb8028554e0,cuda,,,0.10705471777927107,,,,False,0.12204853768993047,0.5052534361363766,,,one_step,,0.01935457468753925,0.21490073241112206,,unbiased,,343,16384,2754048,,0.19733499719022143,task_008/cell_0464,,,0.12274887208118772,0.0014775246381759644,17,completed,,,,,0.01491343115251927,0.5950960198327016
0,1.52587890625e-05,8,465,a66b5e3c37c8a33201d515c128157bb8028554e0,cuda,,,0.7990872378449533,,,,False,0.12204853768993047,0.5052534361363766,,,one_step,,0.002517451733015786,0.141189824547153,,unbiased,,14,16384,3802624,,0.07703772818515245,task_009/cell_0465,,,0.0587065764881111,0.001487482339143753,17,completed,,,,,-0.007536340162752677,0.5189844889185351
0,2.3283064365386963e-10,16,466,a66b5e3c37c8a33201d515c128157bb8028554e0,cuda,,,0.9127221050240376,,,,False,0.12204853768993047,0.5052534361363766,,,one_step,,0.0007428658865920222,0.13089167704493399,,unbiased,,0,16384,6685184,,0.03715225773862569,task_010/cell_0466,,,0.029161337769868092,0.0014453157782554626,17,completed,,,,,-0.0039181958133933815,0.5111556665578203
0,5.421010862427522e-20,32,467,a66b5e3c37c8a33201d515c128157bb8028554e0,cuda,,,0.9397660639132591,,,,False,0.12204853768993047,0.5052534361363766,,,one_step,,0.000578274914625862,0.12570648636951987,,unbiased,,0,16384,12976640,,0.01904700217751333,task_011/cell_0467,,,0.015024666431448718,0.001481674611568451,17,completed,,,,,0.005748615103334222,0.5026980329826805
0,0.0625,2,468,a66b5e3c37c8a33201d515c128157bb8028554e0,cuda,,,0.9572189928827417,,,,True,0.12204853768993047,0.5052534361363766,,,one_step,,0.000401055700807114,0.12347239809897737,,full,,0,16384,1443328,,0.0,task_000/cell_0468,,,0.0,0.0011002309620380402,18,completed,,,,,-0.00413883592055376,0.4920390811656111
997,0.0625,2,469,a66b5e3c37c8a33201d515c128157bb8028554e0,cuda,,,0.004662138423066365,,,,False,0.12204853768993047,0.5052534361363766,,,one_step,,0.07493295364586838,0.5500471675819458,,unbiased,,997,16384,2229760,,0.50883109225898,task_001/cell_0469,,,0.24677065024306244,0.003052275627851486,18,completed,,,,,-0.09072669139434711,1.2842599051659036
71,0.00390625,4,470,a66b5e3c37c8a33201d515c128157bb8028554e0,cuda,,,0.0006936163481357033,,,,False,0.12204853768993047,0.5052534361363766,,,one_step,,0.2965425554784026,0.5235604384545862,,unbiased,,312,16384,2754048,,0.1838719464188274,task_002/cell_0470,,,0.12335775227339235,0.0014597102999687195,18,completed,,,,,0.38344478784187375,0.73747875295957
1,1.52587890625e-05,8,471,a66b5e3c37c8a33201d515c128157bb8028554e0,cuda,,,0.7429244547639884,,,,False,0.12204853768993047,0.5052534361363766,,,one_step,,0.0028001161931328488,0.14398037510822626,,unbiased,,7,16384,3802624,,0.08063922015393626,task_003/cell_0471,,,0.06211254913829591,0.0031674951314926147,18,completed,,,,,-0.0015280166512795352,0.5379289877866187
0,2.3283064365386963e-10,16,472,a66b5e3c37c8a33201d515c128157bb8028554e0,cuda,,,0.8913099471810483,,,,False,0.12204853768993047,0.5052534361363766,,,one_step,,0.001356133069619113,0.1330458294417003,,unbiased,,0,16384,6685184,,0.03859265108339305,task_004/cell_0472,,,0.030424073384685012,0.002192441374063492,18,completed,,,,,-0.0014562652837130127,0.5157904984552861
0,5.421010862427522e-20,32,473,a66b5e3c37c8a33201d515c128157bb8028554e0,cuda,,,0.9349759761663681,,,,False,0.12204853768993047,0.5052534361363766,,,one_step,,0.0006340879341187464,0.12817950690165958,,unbiased,,0,16384,12976640,,0.01893037392723136,task_005/cell_0473,,,0.015080340360625263,0.0015152618288993835,18,completed,,,,,0.004368127773164863,0.5033774134734235
0,0.0625,2,474,a66b5e3c37c8a33201d515c128157bb8028554e0,cuda,,,0.9605222744170862,,,,True,0.12204853768993047,0.5052534361363766,,,one_step,,0.00037033300259631415,0.1248898967289005,,full,,0,16384,1443328,,0.0,task_006/cell_0474,,,0.0,0.0011373460292816162,19,completed,,,,,0.0034590329750904935,0.5048371459001112
1046,0.0625,2,475,a66b5e3c37c8a33201d515c128157bb8028554e0,cuda,,,0.00345702749371791,,,,False,0.12204853768993047,0.5052534361363766,,,one_step,,0.11916242552406932,0.49357521322423636,,unbiased,,1046,16384,2229760,,0.4836241145160869,task_007/cell_0475,,,0.24919412643608563,0.0032253488898277283,19,completed,,,,,-0.07110321153769053,0.682537004807332
73,0.00390625,4,476,a66b5e3c37c8a33201d515c128157bb8028554e0,cuda,,,0.07100573851988541,,,,False,0.12204853768993047,0.5052534361363766,,,one_step,,0.02754242837225325,0.196976594817853,,unbiased,,335,16384,2754048,,0.18004058428772024,task_008/cell_0476,,,0.1239851550686172,0.0014587976038455963,19,completed,,,,,0.00412884486074902,0.5527473134288472
0,1.52587890625e-05,8,477,a66b5e3c37c8a33201d515c128157bb8028554e0,cuda,,,0.8378816630188711,,,,False,0.12204853768993047,0.5052534361363766,,,one_step,,0.001562049384792886,0.1411802883171287,,unbiased,,14,16384,3802624,,0.07940752705820878,task_009/cell_0477,,,0.06098206305978726,0.0014407075941562653,19,completed,,,,,-0.0018311429518852885,0.5307539700761926
0,2.3283064365386963e-10,16,478,a66b5e3c37c8a33201d515c128157bb8028554e0,cuda,,,0.8431748758165715,,,,False,0.12204853768993047,0.5052534361363766,,,one_step,,0.0022464788801030396,0.13517651450098178,,unbiased,,0,16384,6685184,,0.041559146750683895,task_010/cell_0478,,,0.03190914763268898,0.0014421641826629639,19,completed,,,,,0.008975166580547098,0.5160095679325873
0,5.421010862427522e-20,32,479,a66b5e3c37c8a33201d515c128157bb8028554e0,cuda,,,0.9204482652878883,,,,False,0.12204853768993047,0.5052534361363766,,,one_step,,0.0009268339222643043,0.13169940826831983,,unbiased,,0,16384,12976640,,0.020516199902261792,task_011/cell_0479,,,0.01604578062421383,0.0014971867203712463,19,completed,,,,,-0.008347185909593614,0.507346209539491
0,0.0625,2,480,a66b5e3c37c8a33201d515c128157bb8028554e0,cuda,,,0.9604456035867664,,,,True,0.12204853768993047,0.5052534361363766,,,one_step,,3.832383568493152e-05,0.12189522467106606,,full,,0,262144,26313216,,0.0,task_000/cell_0480,,,0.0,0.003605511039495468,0,completed,,,,,0.0003790905201937558,0.5049598462661065
16559,0.0625,2,481,a66b5e3c37c8a33201d515c128157bb8028554e0,cuda,,,0.0024471664699816592,,,,False,0.12204853768993047,0.5052534361363766,,,one_step,,0.025302413167152746,0.4295840089119132,,unbiased,,16559,262144,29458944,,0.4698569481142847,task_001/cell_0481,,,0.24336036601204097,0.009884238243103027,0,completed,,,,,0.10500962856182823,0.9290270433125447
1015,0.00390625,4,482,a66b5e3c37c8a33201d515c128157bb8028554e0,cuda,,,0.019859566343875406,,,,False,0.12204853768993047,0.5052534361363766,,,one_step,,0.01068856285179777,0.2021157852891431,,unbiased,,5153,262144,31556096,,0.17524329677734052,task_002/cell_0482,,,0.12218771800151954,0.004898779094219208,0,completed,,,,,-0.03357037081633599,0.6299320498792185
2,1.52587890625e-05,8,483,a66b5e3c37c8a33201d515c128157bb8028554e0,cuda,,,0.6811033596203462,,,,False,0.12204853768993047,0.5052534361363766,,,one_step,,0.0004539007332189389,0.14272704205849074,,unbiased,,169,262144,35750400,,0.0788696440561251,task_003/cell_0483,,,0.06027034526856216,0.010262757539749146,0,completed,,,,,-0.0007723782685623551,0.5208641813090271
0,2.3283064365386963e-10,16,484,a66b5e3c37c8a33201d515c128157bb8028554e0,cuda,,,0.8375618752085089,,,,False,0.12204853768993047,0.5052534361363766,,,one_step,,0.0004033419806773701,0.13137233672030924,,unbiased,,0,262144,44139008,,0.037835655331669424,task_004/cell_0484,,,0.030143764351299125,0.007308904081583023,0,completed,,,,,0.0009527609761512629,0.5138086425047407
0,5.421010862427522e-20,32,485,a66b5e3c37c8a33201d515c128157bb8028554e0,cuda,,,0.9316250002187892,,,,False,0.12204853768993047,0.5052534361363766,,,one_step,,0.00013150766332739564,0.12549781043055042,,unbiased,,0,262144,60916224,,0.018352401991198128,task_005/cell_0485,,,0.015049307972530662,0.005514446645975113,0,completed,,,,,-6.698406889750919e-06,0.5078661980034576
0,0.0625,2,486,a66b5e3c37c8a33201d515c128157bb8028554e0,cuda,,,0.9603236484317587,,,,True,0.12204853768993047,0.5052534361363766,,,one_step,,4.720530406287699e-05,0.12218002013486107,,full,,0,262144,26313216,,0.0,task_006/cell_0486,,,0.0,0.003552362322807312,1,completed,,,,,-0.0017659131003578397,0.5091884826737572
16562,0.0625,2,487,a66b5e3c37c8a33201d515c128157bb8028554e0,cuda,,,0.00045687676287327475,,,,False,0.12204853768993047,0.5052534361363766,,,one_step,,0.07360312369038727,0.5522083935306341,,unbiased,,16562,262144,29458944,,0.47861600872135085,task_007/cell_0487,,,0.2439496614023408,0.010529309511184692,1,completed,,,,,0.2513377199521413,0.9744834917806029
1093,0.00390625,4,488,a66b5e3c37c8a33201d515c128157bb8028554e0,cuda,,,0.0002952486556182638,,,,False,0.12204853768993047,0.5052534361363766,,,one_step,,0.11355255400064133,0.31430690354820534,,unbiased,,5159,262144,31556096,,0.17911757423511698,task_008/cell_0488,,,0.12168911538481128,0.004997514188289642,1,completed,,,,,0.2177115221318332,0.8631275167284649
2,1.52587890625e-05,8,489,a66b5e3c37c8a33201d515c128157bb8028554e0,cuda,,,0.3240759485650096,,,,False,0.12204853768993047,0.5052534361363766,,,one_step,,0.0025068251725114806,0.14497406262304935,,unbiased,,142,262144,35750400,,0.07896833104433322,task_009/cell_0489,,,0.0604946325570842,0.004823673516511917,1,completed,,,,,-0.004698122314729052,0.5392205404258396
0,2.3283064365386963e-10,16,490,a66b5e3c37c8a33201d515c128157bb8028554e0,cuda,,,0.21788468280878753,,,,False,0.12204853768993047,0.5052534361363766,,,one_step,,0.003605513435469163,0.13503223058974356,,unbiased,,1,262144,44139008,,0.038914749654837474,task_010/cell_0490,,,0.03050406792896232,0.004860185086727142,1,completed,,,,,0.0005211786740735944,0.5131842505911512
0,5.421010862427522e-20,32,491,a66b5e3c37c8a33201d515c128157bb8028554e0,cuda,,,0.9309398627322708,,,,False,0.12204853768993047,0.5052534361363766,,,one_step,,0.00013686087114283076,0.12631536610174443,,unbiased,,0,262144,60916224,,0.018460505787239588,task_011/cell_0491,,,0.015076809179516204,0.005379676818847656,1,completed,,,,,0.0004756192557634932,0.5110459885871745
0,0.0625,2,492,a66b5e3c37c8a33201d515c128157bb8028554e0,cuda,,,0.9619387944672634,,,,True,0.12204853768993047,0.5052534361363766,,,one_step,,2.791124633516663e-05,0.12170135507710711,,full,,0,262144,26313216,,0.0,task_000/cell_0492,,,0.0,0.0029924511909484863,2,completed,,,,,0.0008408567793068467,0.5053390557313593
16295,0.0625,2,493,a66b5e3c37c8a33201d515c128157bb8028554e0,cuda,,,0.009079751484669775,,,,False,0.12204853768993047,0.5052534361363766,,,one_step,,0.013451767230166955,0.35547368828071946,,unbiased,,16295,262144,29458944,,0.46040326306696355,task_001/cell_0493,,,0.24113211270757734,0.006418514996767044,2,completed,,,,,0.013384582540767591,0.7051568642389818
1074,0.00390625,4,494,a66b5e3c37c8a33201d515c128157bb8028554e0,cuda,,,0.030060186912136747,,,,False,0.12204853768993047,0.5052534361363766,,,one_step,,0.007676784473051431,0.205578338272856,,unbiased,,5163,262144,31556096,,0.17546869106117344,task_002/cell_0494,,,0.12043388148713668,0.004307590425014496,2,completed,,,,,0.018938120307534105,0.586141494030332
7,1.52587890625e-05,8,495,a66b5e3c37c8a33201d515c128157bb8028554e0,cuda,,,0.6788483218991477,,,,False,0.12204853768993047,0.5052534361363766,,,one_step,,0.0007420490576838011,0.14231485793817633,,unbiased,,150,262144,35750400,,0.07819471807858683,task_003/cell_0495,,,0.06022288047042375,0.006655946373939514,2,completed,,,,,0.003404190183532388,0.524952746349314
0,2.3283064365386963e-10,16,496,a66b5e3c37c8a33201d515c128157bb8028554e0,cuda,,,0.8991654927948031,,,,False,0.12204853768993047,0.5052534361363766,,,one_step,,0.00012483048172958765,0.13029402367538623,,unbiased,,0,262144,44139008,,0.0377380575912953,task_004/cell_0496,,,0.03006647773740077,0.006493665277957916,2,completed,,,,,0.00043996426112581275,0.5153074650779208
0,5.421010862427522e-20,32,497,a66b5e3c37c8a33201d515c128157bb8028554e0,cuda,,,0.9396070733700504,,,,False,0.12204853768993047,0.5052534361363766,,,one_step,,7.826417822813614e-05,0.12456792269765593,,unbiased,,0,262144,60916224,,0.018473201116682728,task_005/cell_0497,,,0.015047257256935972,0.004844870418310165,2,completed,,,,,0.0006116219129164136,0.5094318960018656
0,0.0625,2,498,a66b5e3c37c8a33201d515c128157bb8028554e0,cuda,,,0.9609238442177832,,,,True,0.12204853768993047,0.5052534361363766,,,one_step,,4.610762777837501e-05,0.12173177986066186,,full,,0,262144,26313216,,0.0,task_006/cell_0498,,,0.0,0.0029678940773010254,3,completed,,,,,0.0019697082171487657,0.505153946465097
16271,0.0625,2,499,a66b5e3c37c8a33201d515c128157bb8028554e0,cuda,,,1.1689760985705966e-05,,,,False,0.12204853768993047,0.5052534361363766,,,one_step,,0.5708891568047602,1.2555011792524517,,unbiased,,16271,262144,29458944,,0.4658811745924266,task_007/cell_0499,,,0.24067692461593584,0.0065473467111587524,3,completed,,,,,1.106225453827815,1.545772647377734
1035,0.00390625,4,500,a66b5e3c37c8a33201d515c128157bb8028554e0,cuda,,,0.019693849427020467,,,,False,0.12204853768993047,0.5052534361363766,,,one_step,,0.010438428510902606,0.21407135395424604,,unbiased,,5180,262144,31556096,,0.17548196036860184,task_008/cell_0500,,,0.12112477380786454,0.004443705081939697,3,completed,,,,,0.02035212751767302,0.6406744285182513
0,1.52587890625e-05,8,501,a66b5e3c37c8a33201d515c128157bb8028554e0,cuda,,,0.047955527631992394,,,,False,0.12204853768993047,0.5052534361363766,,,one_step,,0.008022121862253493,0.1532569873251095,,unbiased,,155,262144,35750400,,0.07943845060902066,task_009/cell_0501,,,0.06071399359410191,0.004260744899511337,3,completed,,,,,-0.0034708619828109277,0.5221411537269613
0,2.3283064365386963e-10,16,502,a66b5e3c37c8a33201d515c128157bb8028554e0,cuda,,,0.8799123152368676,,,,False,0.12204853768993047,0.5052534361363766,,,one_step,,0.00023384647393191063,0.13126758145425654,,unbiased,,0,262144,44139008,,0.03850071257970115,task_010/cell_0502,,,0.030237455077220025,0.0042336806654930115,3,completed,,,,,-0.002259134110090729,0.5141121419847379
0,5.421010862427522e-20,32,503,a66b5e3c37c8a33201d515c128157bb8028554e0,cuda,,,0.9289594646483837,,,,False,0.12204853768993047,0.5052534361363766,,,one_step,,0.00014465057395778713,0.12620234644020734,,unbiased,,0,262144,60916224,,0.01866460697264017,task_011/cell_0503,,,0.015244317189969266,0.004867106676101685,3,completed,,,,,6.0305341283431284e-05,0.5111200239796125
0,0.0625,2,504,a66b5e3c37c8a33201d515c128157bb8028554e0,cuda,,,0.9602321367908573,,,,True,0.12204853768993047,0.5052534361363766,,,one_step,,3.0315333307710357e-05,0.12209104059729192,,full,,0,262144,26313216,,0.0,task_000/cell_0504,,,0.0,0.0029940232634544373,4,completed,,,,,0.0004569325049261167,0.5051134494000646
16408,0.0625,2,505,a66b5e3c37c8a33201d515c128157bb8028554e0,cuda,,,0.005824419859927093,,,,False,0.12204853768993047,0.5052534361363766,,,one_step,,0.01846238478438337,0.3815994727297163,,unbiased,,16408,262144,29458944,,0.4615456820973948,task_001/cell_0505,,,0.24194402302603052,0.004276681691408157,4,completed,,,,,0.018210079981514454,0.7597703329065687
1005,0.00390625,4,506,a66b5e3c37c8a33201d515c128157bb8028554e0,cuda,,,0.08895798376336203,,,,False,0.12204853768993047,0.5052534361363766,,,one_step,,0.0027604154149997104,0.18933685064935446,,unbiased,,5134,262144,31556096,,0.17143584731399303,task_002/cell_0506,,,0.12065742581340205,0.004320204257965088,4,completed,,,,,0.008528777158812804,0.5847611033118503
3,1.52587890625e-05,8,507,a66b5e3c37c8a33201d515c128157bb8028554e0,cuda,,,0.6806872463107281,,,,False,0.12204853768993047,0.5052534361363766,,,one_step,,0.0005168465886307822,0.14371936381208705,,unbiased,,136,262144,35750400,,0.07929990436134018,task_003/cell_0507,,,0.060306064861516295,0.00950678437948227,4,completed,,,,,2.688095082944747e-05,0.5248231978611837
0,2.3283064365386963e-10,16,508,a66b5e3c37c8a33201d515c128157bb8028554e0,cuda,,,0.871364653643435,,,,False,0.12204853768993047,0.5052534361363766,,,one_step,,0.00025368499700721426,0.13127363794274594,,unbiased,,0,262144,44139008,,0.037795884946940375,task_004/cell_0508,,,0.030116651351450946,0.004276871681213379,4,completed,,,,,-0.002704761961842454,0.5125398999548114
0,5.421010862427522e-20,32,509,a66b5e3c37c8a33201d515c128157bb8028554e0,cuda,,,0.9346894649417081,,,,False,0.12204853768993047,0.5052534361363766,,,one_step,,0.00010644360816484028,0.12630698884160374,,unbiased,,0,262144,60916224,,0.018666338288542972,task_005/cell_0509,,,0.01515500842949459,0.004901658743619919,4,completed,,,,,-0.00018604359187018144,0.5088824634717306
0,0.0625,2,510,a66b5e3c37c8a33201d515c128157bb8028554e0,cuda,,,0.9617810744888299,,,,True,0.12204853768993047,0.5052534361363766,,,one_step,,3.1055880958620655e-05,0.12096042882687463,,full,,0,262144,26313216,,0.0,task_006/cell_0510,,,0.0,0.00293886661529541,5,completed,,,,,-1.239526036067736e-05,0.5052638870246342
16276,0.0625,2,511,a66b5e3c37c8a33201d515c128157bb8028554e0,cuda,,,5.3397736502264175e-05,,,,False,0.12204853768993047,0.5052534361363766,,,one_step,,0.2638185002723757,0.7816768766997022,,unbiased,,16276,262144,29458944,,0.4761377478124496,task_007/cell_0511,,,0.24267505570668263,0.004344567656517029,5,completed,,,,,0.3147767776026694,1.3556808024475027
1021,0.00390625,4,512,a66b5e3c37c8a33201d515c128157bb8028554e0,cuda,,,0.036429579180526125,,,,False,0.12204853768993047,0.5052534361363766,,,one_step,,0.006013206230121821,0.20565409624724218,,unbiased,,5087,262144,31556096,,0.17896355667745129,task_008/cell_0512,,,0.12144805705487753,0.004441272467374802,5,completed,,,,,-0.017081484119602627,0.5974906706324826
7,1.52587890625e-05,8,513,a66b5e3c37c8a33201d515c128157bb8028554e0,cuda,,,0.6734029231738223,,,,False,0.12204853768993047,0.5052534361363766,,,one_step,,0.0007876530388453137,0.14013725670780453,,unbiased,,146,262144,35750400,,0.07654016581056572,task_009/cell_0513,,,0.059609112485418586,0.0042643919587135315,5,completed,,,,,-0.001626526824671707,0.5234422787169344
0,2.3283064365386963e-10,16,514,a66b5e3c37c8a33201d515c128157bb8028554e0,cuda,,,0.8610285120280599,,,,False,0.12204853768993047,0.5052534361363766,,,one_step,,0.0003824524867569118,0.1304488963471382,,unbiased,,0,262144,44139008,,0.03727925617867808,task_010/cell_0514,,,0.030047490705582297,0.0042470768094062805,5,completed,,,,,-0.0008921235742087917,0.515202910280358
0,5.421010862427522e-20,32,515,a66b5e3c37c8a33201d515c128157bb8028554e0,cuda,,,0.9379112445669591,,,,False,0.12204853768993047,0.5052534361363766,,,one_step,,0.00012318398896310744,0.12486076914487221,,unbiased,,0,262144,60916224,,0.018183422518174282,task_011/cell_0515,,,0.014997225525811717,0.0048513263463974,5,completed,,,,,-0.0016444325791013278,0.5070265411890007
0,0.0625,2,516,a66b5e3c37c8a33201d515c128157bb8028554e0,cuda,,,0.9613440200739135,,,,True,0.12204853768993047,0.5052534361363766,,,one_step,,3.281498253603895e-05,0.1216300536540551,,full,,0,262144,26313216,,0.0,task_000/cell_0516,,,0.0,0.002995457500219345,6,completed,,,,,-6.638159743679807e-05,0.5082395477172907
16458,0.0625,2,517,a66b5e3c37c8a33201d515c128157bb8028554e0,cuda,,,3.4465302165901495e-05,,,,False,0.12204853768993047,0.5052534361363766,,,one_step,,0.33225399438411185,0.7975979114677241,,unbiased,,16458,262144,29458944,,0.464856941830971,task_001/cell_0517,,,0.24105910817583415,0.004252120852470398,6,completed,,,,,-0.7125642351701603,1.5014312544104995
1057,0.00390625,4,518,a66b5e3c37c8a33201d515c128157bb8028554e0,cuda,,,0.008828987955337554,,,,False,0.12204853768993047,0.5052534361363766,,,one_step,,0.016194123111721654,0.22637212776930404,,unbiased,,5169,262144,31556096,,0.17600378449613333,task_002/cell_0518,,,0.12094921128148955,0.004330173134803772,6,completed,,,,,-0.016236876525026114,0.6093853906241014
3,1.52587890625e-05,8,519,a66b5e3c37c8a33201d515c128157bb8028554e0,cuda,,,0.3046077587986815,,,,False,0.12204853768993047,0.5052534361363766,,,one_step,,0.0020492768278003483,0.14519670934523354,,unbiased,,157,262144,35750400,,0.07937147230678446,task_003/cell_0519,,,0.060660000473333864,0.004276610910892487,6,completed,,,,,-0.002991557692297955,0.5362935519527581
0,2.3283064365386963e-10,16,520,a66b5e3c37c8a33201d515c128157bb8028554e0,cuda,,,0.8562647176123814,,,,False,0.12204853768993047,0.5052534361363766,,,one_step,,0.00047328625589515745,0.13047948454364366,,unbiased,,0,262144,44139008,,0.03743204420554852,task_004/cell_0520,,,0.0302273034784609,0.004283282905817032,6,completed,,,,,-0.0024718691694883086,0.5127656715177802
0,5.421010862427522e-20,32,521,a66b5e3c37c8a33201d515c128157bb8028554e0,cuda,,,0.9205930444182377,,,,False,0.12204853768993047,0.5052534361363766,,,one_step,,0.0001961393197078322,0.1266991401898263,,unbiased,,0,262144,60916224,,0.018791764647259217,task_005/cell_0521,,,0.015160477010029897,0.00493481382727623,6,completed,,,,,-0.0023694979435932746,0.5119257705178129
0,0.0625,2,522,a66b5e3c37c8a33201d515c128157bb8028554e0,cuda,,,0.9618742072295198,,,,True,0.12204853768993047,0.5052534361363766,,,one_step,,3.140602318861406e-05,0.1216246771742604,,full,,0,262144,26313216,,0.0,task_006/cell_0522,,,0.0,0.0029567256569862366,7,completed,,,,,-0.0012785973124698577,0.5038524740631193
16020,0.0625,2,523,a66b5e3c37c8a33201d515c128157bb8028554e0,cuda,,,0.00014886154286401722,,,,False,0.12204853768993047,0.5052534361363766,,,one_step,,0.15723479954746972,0.5327352320567744,,unbiased,,16020,262144,29458944,,0.45441492844144293,task_007/cell_0523,,,0.24132950321588134,0.004354141652584076,7,completed,,,,,-0.3086448797968788,1.1307444507023687
1021,0.00390625,4,524,a66b5e3c37c8a33201d515c128157bb8028554e0,cuda,,,0.0010111068314599505,,,,False,0.12204853768993047,0.5052534361363766,,,one_step,,0.06042728100548623,0.25836299602032575,,unbiased,,4981,262144,31556096,,0.17167573669464808,task_008/cell_0524,,,0.1203560707099221,0.004414428025484085,7,completed,,,,,0.19248140963850102,1.010074505208032
3,1.52587890625e-05,8,525,a66b5e3c37c8a33201d515c128157bb8028554e0,cuda,,,0.6795881338419557,,,,False,0.12204853768993047,0.5052534361363766,,,one_step,,0.0007974649009576287,0.14162252451685298,,unbiased,,131,262144,35750400,,0.07747069517662238,task_009/cell_0525,,,0.06031482678923871,0.004245121031999588,7,completed,,,,,0.0014222967123573653,0.5270527868477961
0,2.3283064365386963e-10,16,526,a66b5e3c37c8a33201d515c128157bb8028554e0,cuda,,,0.8962768034790344,,,,False,0.12204853768993047,0.5052534361363766,,,one_step,,0.00014281763144142028,0.12934791791978562,,unbiased,,0,262144,44139008,,0.03713355913412134,task_010/cell_0526,,,0.030039496840064045,0.004219062626361847,7,completed,,,,,-0.0006197851350986052,0.5115050100442439
0,5.421010862427522e-20,32,527,a66b5e3c37c8a33201d515c128157bb8028554e0,cuda,,,0.9358613569985387,,,,False,0.12204853768993047,0.5052534361363766,,,one_step,,0.00014848526719939722,0.12554534310840104,,unbiased,,0,262144,60916224,,0.018882200451929784,task_011/cell_0527,,,0.015300289117478343,0.004808180034160614,7,completed,,,,,0.00010606653827318382,0.507972712599312
0,0.0625,2,528,a66b5e3c37c8a33201d515c128157bb8028554e0,cuda,,,0.9614454552315359,,,,True,0.12204853768993047,0.5052534361363766,,,one_step,,3.131877743238225e-05,0.12289927856460103,,full,,0,262144,26313216,,0.0,task_000/cell_0528,,,0.0,0.003006681799888611,8,completed,,,,,0.0004404586154066517,0.5028082643386027
16083,0.0625,2,529,a66b5e3c37c8a33201d515c128157bb8028554e0,cuda,,,7.411669385268754e-05,,,,False,0.12204853768993047,0.5052534361363766,,,one_step,,0.22645853177928976,0.6284047310150829,,unbiased,,16083,262144,29458944,,0.46555940289873954,task_001/cell_0529,,,0.24134637492530536,0.004283268004655838,8,completed,,,,,-0.7402930256531987,2.47218565057274
997,0.00390625,4,530,a66b5e3c37c8a33201d515c128157bb8028554e0,cuda,,,0.03181442364305851,,,,False,0.12204853768993047,0.5052534361363766,,,one_step,,0.007929181365824578,0.20442362400701697,,unbiased,,5115,262144,31556096,,0.17560329192569826,task_002/cell_0530,,,0.12024490939967822,0.004289314150810242,8,completed,,,,,0.02404866918189376,0.6134201349259987
4,1.52587890625e-05,8,531,a66b5e3c37c8a33201d515c128157bb8028554e0,cuda,,,0.30085507304973386,,,,False,0.12204853768993047,0.5052534361363766,,,one_step,,0.0024166837108527033,0.14495443630722527,,unbiased,,137,262144,35750400,,0.07836805366442205,task_003/cell_0531,,,0.06057223318224203,0.007176227867603302,8,completed,,,,,-0.000330031736255276,0.5217290483412589
0,2.3283064365386963e-10,16,532,a66b5e3c37c8a33201d515c128157bb8028554e0,cuda,,,0.8920732431994602,,,,False,0.12204853768993047,0.5052534361363766,,,one_step,,0.0001610257900591883,0.13094337090645602,,unbiased,,0,262144,44139008,,0.03811838004791731,task_004/cell_0532,,,0.03029632503014959,0.004318155348300934,8,completed,,,,,0.0012507723722055793,0.5169065689516439
0,5.421010862427522e-20,32,533,a66b5e3c37c8a33201d515c128157bb8028554e0,cuda,,,0.9296704343904075,,,,False,0.12204853768993047,0.5052534361363766,,,one_step,,0.00011586293025686887,0.12708863948662774,,unbiased,,0,262144,60916224,,0.018940960841971544,task_005/cell_0533,,,0.015261937492797886,0.004900041967630386,8,completed,,,,,0.0010544421665276533,0.5095333517681617
0,0.0625,2,534,a66b5e3c37c8a33201d515c128157bb8028554e0,cuda,,,0.9599719816780165,,,,True,0.12204853768993047,0.5052534361363766,,,one_step,,5.191679149200941e-05,0.12157271405882852,,full,,0,262144,26313216,,0.0,task_006/cell_0534,,,0.0,0.002948302775621414,9,completed,,,,,0.001680532003485895,0.5073619221825614
16393,0.0625,2,535,a66b5e3c37c8a33201d515c128157bb8028554e0,cuda,,,0.00020969362022308028,,,,False,0.12204853768993047,0.5052534361363766,,,one_step,,0.10339856931787915,0.6804912896395496,,unbiased,,16393,262144,29458944,,0.4684703834923853,task_007/cell_0535,,,0.2415993813863253,0.004291333258152008,9,completed,,,,,-0.15037388922481204,1.9966377631854573
1075,0.00390625,4,536,a66b5e3c37c8a33201d515c128157bb8028554e0,cuda,,,0.08856775533441492,,,,False,0.12204853768993047,0.5052534361363766,,,one_step,,0.004088107232291879,0.1904277639262304,,unbiased,,5136,262144,31556096,,0.1731860300581997,task_008/cell_0536,,,0.12094675011560656,0.004434138536453247,9,completed,,,,,-0.011077315089291686,0.5697962694625662
5,1.52587890625e-05,8,537,a66b5e3c37c8a33201d515c128157bb8028554e0,cuda,,,0.10585283937595671,,,,False,0.12204853768993047,0.5052534361363766,,,one_step,,0.0055202362176463,0.14861898672071838,,unbiased,,160,262144,35750400,,0.07850627230355531,task_009/cell_0537,,,0.06068657956057687,0.004256721585988998,9,completed,,,,,-0.0031517877545971266,0.5268781075157754
0,2.3283064365386963e-10,16,538,a66b5e3c37c8a33201d515c128157bb8028554e0,cuda,,,0.8491004264300503,,,,False,0.12204853768993047,0.5052534361363766,,,one_step,,0.0002736076058087088,0.13147530846586797,,unbiased,,0,262144,44139008,,0.03726997454858614,task_010/cell_0538,,,0.029912679226431843,0.0042323097586631775,9,completed,,,,,0.0011525367918362064,0.5141759322630168
0,5.421010862427522e-20,32,539,a66b5e3c37c8a33201d515c128157bb8028554e0,cuda,,,0.6977853137465576,,,,False,0.12204853768993047,0.5052534361363766,,,one_step,,0.0011894889844330937,0.12598804324088775,,unbiased,,0,262144,60916224,,0.018250650203101543,task_011/cell_0539,,,0.014959624943408772,0.004806257784366608,9,completed,,,,,-8.258492778698479e-05,0.506093692631441
0,0.0625,2,540,a66b5e3c37c8a33201d515c128157bb8028554e0,cuda,,,0.9614594289809171,,,,True,0.12204853768993047,0.5052534361363766,,,one_step,,4.639711378221567e-05,0.1221479163621435,,full,,0,262144,26313216,,0.0,task_000/cell_0540,,,0.0,0.0030133314430713654,10,completed,,,,,-3.856271942253545e-05,0.5035061863429615
16460,0.0625,2,541,a66b5e3c37c8a33201d515c128157bb8028554e0,cuda,,,0.0016608872625476264,,,,False,0.12204853768993047,0.5052534361363766,,,one_step,,0.04414832508370857,0.41009275815411605,,unbiased,,16460,262144,29458944,,0.4654614228340498,task_001/cell_0541,,,0.24222318837314494,0.0042576901614665985,10,completed,,,,,0.10191857547859884,0.9174255976052382
1021,0.00390625,4,542,a66b5e3c37c8a33201d515c128157bb8028554e0,cuda,,,0.036083169707123275,,,,False,0.12204853768993047,0.5052534361363766,,,one_step,,0.007644312199058013,0.20642331054553686,,unbiased,,5163,262144,31556096,,0.17676546996196785,task_002/cell_0542,,,0.12176159123863958,0.004289306700229645,10,completed,,,,,0.007567844488304661,0.5916063056873595
5,1.52587890625e-05,8,543,a66b5e3c37c8a33201d515c128157bb8028554e0,cuda,,,0.5816028608181694,,,,False,0.12204853768993047,0.5052534361363766,,,one_step,,0.0006366063692188123,0.14618280512141446,,unbiased,,154,262144,35750400,,0.08051674040619786,task_003/cell_0543,,,0.06114966611449277,0.007152758538722992,10,completed,,,,,-0.0006095409597927601,0.5239342507134577
0,2.3283064365386963e-10,16,544,a66b5e3c37c8a33201d515c128157bb8028554e0,cuda,,,0.7066261500909026,,,,False,0.12204853768993047,0.5052534361363766,,,one_step,,0.001012620569526931,0.13137421834681717,,unbiased,,0,262144,44139008,,0.037885384965299904,task_004/cell_0544,,,0.03007655421743744,0.004277471452951431,10,completed,,,,,0.0019815366691781564,0.5147663584674518
0,5.421010862427522e-20,32,545,a66b5e3c37c8a33201d515c128157bb8028554e0,cuda,,,0.9363904033864978,,,,False,0.12204853768993047,0.5052534361363766,,,one_step,,0.00011059375595100704,0.12584866642507997,,unbiased,,0,262144,60916224,,0.018663527333040993,task_005/cell_0545,,,0.015202083757697535,0.004916094243526459,10,completed,,,,,0.0008793827130145288,0.508246390263229
0,0.0625,2,546,a66b5e3c37c8a33201d515c128157bb8028554e0,cuda,,,0.9607255939830206,,,,True,0.12204853768993047,0.5052534361363766,,,one_step,,4.1849916436235586e-05,0.12186071412392074,,full,,0,262144,26313216,,0.0,task_006/cell_0546,,,0.0,0.0029439777135849,11,completed,,,,,0.0010770930804586175,0.5043840533790064
16190,0.0625,2,547,a66b5e3c37c8a33201d515c128157bb8028554e0,cuda,,,0.00094432817054303,,,,False,0.12204853768993047,0.5052534361363766,,,one_step,,0.05146582111369682,0.46922233053505913,,unbiased,,16190,262144,29458944,,0.4611854399317174,task_007/cell_0547,,,0.2407151110777136,0.004346176981925964,11,completed,,,,,0.13734475909158927,0.8611887491617853
1000,0.00390625,4,548,a66b5e3c37c8a33201d515c128157bb8028554e0,cuda,,,0.013395174559846111,,,,False,0.12204853768993047,0.5052534361363766,,,one_step,,0.016269427264717883,0.1998383895337934,,unbiased,,5068,262144,31556096,,0.17435873558156614,task_008/cell_0548,,,0.12098774213340928,0.0044103264808654785,11,completed,,,,,-0.00667831006707092,0.5677060088437987
5,1.52587890625e-05,8,549,a66b5e3c37c8a33201d515c128157bb8028554e0,cuda,,,0.7012593722695131,,,,False,0.12204853768993047,0.5052534361363766,,,one_step,,0.0003721728868791308,0.14366619804784442,,unbiased,,150,262144,35750400,,0.07973937237461177,task_009/cell_0549,,,0.06075731670563589,0.004259925335645676,11,completed,,,,,0.001930471487836111,0.5223146218578487
0,2.3283064365386963e-10,16,550,a66b5e3c37c8a33201d515c128157bb8028554e0,cuda,,,0.8715358785812528,,,,False,0.12204853768993047,0.5052534361363766,,,one_step,,0.0002883178928711144,0.1312439218955337,,unbiased,,0,262144,44139008,,0.038636881648842505,task_010/cell_0550,,,0.030365690612607237,0.004231363534927368,11,completed,,,,,0.0008398246066415845,0.514299769908517
0,5.421010862427522e-20,32,551,a66b5e3c37c8a33201d515c128157bb8028554e0,cuda,,,0.9310956924714248,,,,False,0.12204853768993047,0.5052534361363766,,,one_step,,0.00015659944100701953,0.12599782000626725,,unbiased,,0,262144,60916224,,0.01843416406729733,task_011/cell_0551,,,0.015019611339921246,0.004859723150730133,11,completed,,,,,-0.0014749456838016712,0.5072310147444903
0,0.0625,2,552,a66b5e3c37c8a33201d515c128157bb8028554e0,cuda,,,0.9612254463416444,,,,True,0.12204853768993047,0.5052534361363766,,,one_step,,3.618158736093458e-05,0.1224072602357289,,full,,0,262144,26313216,,0.0,task_000/cell_0552,,,0.0,0.00299227237701416,12,completed,,,,,0.0002520844993949337,0.5036750664027443
16525,0.0625,2,553,a66b5e3c37c8a33201d515c128157bb8028554e0,cuda,,,0.004566102658770758,,,,False,0.12204853768993047,0.5052534361363766,,,one_step,,0.02076225305512275,0.4209337140873455,,unbiased,,16525,262144,29458944,,0.4739350884036903,task_001/cell_0553,,,0.24312298422027195,0.0042724609375,12,completed,,,,,-0.057072195277437954,0.8646044137470614
1040,0.00390625,4,554,a66b5e3c37c8a33201d515c128157bb8028554e0,cuda,,,0.02342001623042278,,,,False,0.12204853768993047,0.5052534361363766,,,one_step,,0.007872086612540168,0.21237147865695327,,unbiased,,5109,262144,31556096,,0.1775171463814413,task_002/cell_0554,,,0.12150211872439237,0.004304535686969757,12,completed,,,,,0.004991660646984875,0.6238432107163889
2,1.52587890625e-05,8,555,a66b5e3c37c8a33201d515c128157bb8028554e0,cuda,,,0.37016687863359865,,,,False,0.12204853768993047,0.5052534361363766,,,one_step,,0.0017119347485706651,0.14303790253334903,,unbiased,,110,262144,35750400,,0.07676262975189134,task_003/cell_0555,,,0.059633044724681575,0.004304952919483185,12,completed,,,,,-0.0008184505116191399,0.5224365963245137
0,2.3283064365386963e-10,16,556,a66b5e3c37c8a33201d515c128157bb8028554e0,cuda,,,0.7367366826796431,,,,False,0.12204853768993047,0.5052534361363766,,,one_step,,0.0008808772589535531,0.132153112800383,,unbiased,,0,262144,44139008,,0.03804393357081522,task_004/cell_0556,,,0.03015497708239134,0.004280786961317062,12,completed,,,,,-0.002951476193062743,0.5163961332993119
0,5.421010862427522e-20,32,557,a66b5e3c37c8a33201d515c128157bb8028554e0,cuda,,,0.9299266825868764,,,,False,0.12204853768993047,0.5052534361363766,,,one_step,,0.00015681200067669583,0.12589564677621112,,unbiased,,0,262144,60916224,,0.018573205667710636,task_005/cell_0557,,,0.015062680619392636,0.004883032292127609,12,completed,,,,,-7.57086878534571e-05,0.5103200196174462
0,0.0625,2,558,a66b5e3c37c8a33201d515c128157bb8028554e0,cuda,,,0.9590580013768222,,,,True,0.12204853768993047,0.5052534361363766,,,one_step,,0.00010414198404255175,0.12202747217060583,,full,,0,262144,26313216,,0.0,task_006/cell_0558,,,0.0,0.0029679089784622192,13,completed,,,,,-0.00266864876225822,0.5049010246382223
16599,0.0625,2,559,a66b5e3c37c8a33201d515c128157bb8028554e0,cuda,,,9.005698958720869e-06,,,,False,0.12204853768993047,0.5052534361363766,,,one_step,,0.6506779859995516,1.4978260490225317,,unbiased,,16599,262144,29458944,,0.4718949731890899,task_007/cell_0559,,,0.24297153046997838,0.004321753978729248,13,completed,,,,,1.555527649476734,1.772634351876728
1028,0.00390625,4,560,a66b5e3c37c8a33201d515c128157bb8028554e0,cuda,,,0.022544180677707495,,,,False,0.12204853768993047,0.5052534361363766,,,one_step,,0.01016523823249191,0.20260392991787235,,unbiased,,5133,262144,31556096,,0.1767736171856981,task_008/cell_0560,,,0.1211492900978718,0.004407670348882675,13,completed,,,,,0.02423963402881553,0.5908095353169869
3,1.52587890625e-05,8,561,a66b5e3c37c8a33201d515c128157bb8028554e0,cuda,,,0.07573787520987688,,,,False,0.12204853768993047,0.5052534361363766,,,one_step,,0.006734959513801141,0.14786453015154954,,unbiased,,161,262144,35750400,,0.07881119410789028,task_009/cell_0561,,,0.06062592828117147,0.004259813576936722,13,completed,,,,,-0.005181486553512872,0.5208324604208295
0,2.3283064365386963e-10,16,562,a66b5e3c37c8a33201d515c128157bb8028554e0,cuda,,,0.718786211201357,,,,False,0.12204853768993047,0.5052534361363766,,,one_step,,0.00098595851702587,0.1307551880262583,,unbiased,,0,262144,44139008,,0.03780105210587101,task_010/cell_0562,,,0.030226135551794014,0.004239566624164581,13,completed,,,,,0.0011107806825193262,0.5125863042514318
0,5.421010862427522e-20,32,563,a66b5e3c37c8a33201d515c128157bb8028554e0,cuda,,,0.9372636984859025,,,,False,0.12204853768993047,0.5052534361363766,,,one_step,,5.936991192493434e-05,0.12559481922136406,,unbiased,,0,262144,60916224,,0.018700827215975924,task_011/cell_0563,,,0.015133438220717997,0.004830844700336456,13,completed,,,,,-0.0030655491969533762,0.5110181258873929
0,0.0625,2,564,a66b5e3c37c8a33201d515c128157bb8028554e0,cuda,,,0.9613372353466094,,,,True,0.12204853768993047,0.5052534361363766,,,one_step,,3.351037745556889e-05,0.12266287268763065,,full,,0,262144,26313216,,0.0,task_000/cell_0564,,,0.0,0.0030027106404304504,14,completed,,,,,0.0006228819536066152,0.5041765974441424
16291,0.0625,2,565,a66b5e3c37c8a33201d515c128157bb8028554e0,cuda,,,0.0020895387435241387,,,,False,0.12204853768993047,0.5052534361363766,,,one_step,,0.023572163721326582,0.4673067342629107,,unbiased,,16291,262144,29458944,,0.46868054320660446,task_001/cell_0565,,,0.24332760088734698,0.0042911916971206665,14,completed,,,,,0.02507951924041672,0.8761593892225594
1062,0.00390625,4,566,a66b5e3c37c8a33201d515c128157bb8028554e0,cuda,,,0.00027100308765256047,,,,False,0.12204853768993047,0.5052534361363766,,,one_step,,0.11840737720833913,0.32166065729894555,,unbiased,,5089,262144,31556096,,0.17675797052857067,task_002/cell_0566,,,0.12134240813296171,0.004308760166168213,14,completed,,,,,-0.051289576222584336,0.5373075300772688
4,1.52587890625e-05,8,567,a66b5e3c37c8a33201d515c128157bb8028554e0,cuda,,,0.3520859384554966,,,,False,0.12204853768993047,0.5052534361363766,,,one_step,,0.002007853564670079,0.14667398841364054,,unbiased,,136,262144,35750400,,0.08020514201179889,task_003/cell_0567,,,0.06066159765794819,0.004329793155193329,14,completed,,,,,-0.00550255125764927,0.5281572094499376
0,2.3283064365386963e-10,16,568,a66b5e3c37c8a33201d515c128157bb8028554e0,cuda,,,0.841583709055034,,,,False,0.12204853768993047,0.5052534361363766,,,one_step,,0.0004612933200092849,0.1313545550746209,,unbiased,,0,262144,44139008,,0.03827312481633806,task_004/cell_0568,,,0.030478044959538993,0.004298452287912369,14,completed,,,,,0.00046924467488929664,0.5174596143705978
0,5.421010862427522e-20,32,569,a66b5e3c37c8a33201d515c128157bb8028554e0,cuda,,,0.935193719356828,,,,False,0.12204853768993047,0.5052534361363766,,,one_step,,9.899381242756384e-05,0.12499994347477461,,unbiased,,0,262144,60916224,,0.018359776474331003,task_005/cell_0569,,,0.015014159896622567,0.005070500075817108,14,completed,,,,,-0.0016080829660678755,0.5077874985819624
0,0.0625,2,570,a66b5e3c37c8a33201d515c128157bb8028554e0,cuda,,,0.9602835443606873,,,,True,0.12204853768993047,0.5052534361363766,,,one_step,,3.928856891039687e-05,0.12262524974424771,,full,,0,262144,26313216,,0.0,task_006/cell_0570,,,0.0,0.0029588453471660614,15,completed,,,,,-0.0013866771570538805,0.5025031165832968
16443,0.0625,2,571,a66b5e3c37c8a33201d515c128157bb8028554e0,cuda,,,0.0004786874779799475,,,,False,0.12204853768993047,0.5052534361363766,,,one_step,,0.07865819426457066,0.5337322078951292,,unbiased,,16443,262144,29458944,,0.4718128215443391,task_007/cell_0571,,,0.24363580208117966,0.004396528005599976,15,completed,,,,,-0.1891399636382327,1.0767317257272166
1099,0.00390625,4,572,a66b5e3c37c8a33201d515c128157bb8028554e0,cuda,,,0.019732456285504154,,,,False,0.12204853768993047,0.5052534361363766,,,one_step,,0.009203928391688916,0.20649019093954557,,unbiased,,5131,262144,31556096,,0.17393725879083904,task_008/cell_0572,,,0.12133800168267668,0.00440341979265213,15,completed,,,,,0.025353166099655492,0.6005981393516315
4,1.52587890625e-05,8,573,a66b5e3c37c8a33201d515c128157bb8028554e0,cuda,,,0.518909860209767,,,,False,0.12204853768993047,0.5052534361363766,,,one_step,,0.0013875869709078204,0.14390859879651963,,unbiased,,143,262144,35750400,,0.07832607596044061,task_009/cell_0573,,,0.06039690610478667,0.004266310483217239,15,completed,,,,,0.0032514317446453596,0.5274697991460999
0,2.3283064365386963e-10,16,574,a66b5e3c37c8a33201d515c128157bb8028554e0,cuda,,,0.897474095592912,,,,False,0.12204853768993047,0.5052534361363766,,,one_step,,0.00012517042708868204,0.13020681887534202,,unbiased,,0,262144,44139008,,0.03765822771655518,task_010/cell_0574,,,0.03033036264256634,0.00426221638917923,15,completed,,,,,0.002424257494041901,0.513541629176166
0,5.421010862427522e-20,32,575,a66b5e3c37c8a33201d515c128157bb8028554e0,cuda,,,0.9363041688533282,,,,False,0.12204853768993047,0.5052534361363766,,,one_step,,7.592812093514782e-05,0.1259372561804195,,unbiased,,0,262144,60916224,,0.018511592668800213,task_011/cell_0575,,,0.01506783094747554,0.0048369914293289185,15,completed,,,,,0.002937796210284103,0.5069512316033926
0,0.0625,2,576,a66b5e3c37c8a33201d515c128157bb8028554e0,cuda,,,0.9619769276493846,,,,True,0.12204853768993047,0.5052534361363766,,,one_step,,3.3227179648680364e-05,0.12195878817351335,,full,,0,262144,26313216,,0.0,task_000/cell_0576,,,0.0,0.0029921308159828186,16,completed,,,,,-0.0005182034538083911,0.5051721832069945
16298,0.0625,2,577,a66b5e3c37c8a33201d515c128157bb8028554e0,cuda,,,0.01128018003277724,,,,False,0.12204853768993047,0.5052534361363766,,,one_step,,0.010756361852367571,0.3720776218934798,,unbiased,,16298,262144,29458944,,0.46858320298455197,task_001/cell_0577,,,0.24271029062233035,0.004235655069351196,16,completed,,,,,0.018868344938470834,0.8106483692634789
976,0.00390625,4,578,a66b5e3c37c8a33201d515c128157bb8028554e0,cuda,,,0.01094728225174193,,,,False,0.12204853768993047,0.5052534361363766,,,one_step,,0.016747583780988288,0.2080609655460357,,unbiased,,5065,262144,31556096,,0.17730616169450936,task_002/cell_0578,,,0.1218823962422225,0.004314318299293518,16,completed,,,,,0.01731363332946059,0.5820423145032005
10,1.52587890625e-05,8,579,a66b5e3c37c8a33201d515c128157bb8028554e0,cuda,,,0.027520207005736656,,,,False,0.12204853768993047,0.5052534361363766,,,one_step,,0.011510782948144564,0.15480734959372633,,unbiased,,163,262144,35750400,,0.07973297608791255,task_003/cell_0579,,,0.06057004659568534,0.004334293305873871,16,completed,,,,,0.020478000100619988,0.5533736929449588
0,2.3283064365386963e-10,16,580,a66b5e3c37c8a33201d515c128157bb8028554e0,cuda,,,0.7425439177722372,,,,False,0.12204853768993047,0.5052534361363766,,,one_step,,0.0007084175965306219,0.1329748958669601,,unbiased,,0,262144,44139008,,0.03878857615151962,task_004/cell_0580,,,0.03067719167461443,0.0042847804725170135,16,completed,,,,,0.001654658056142946,0.5152414002507004
0,5.421010862427522e-20,32,581,a66b5e3c37c8a33201d515c128157bb8028554e0,cuda,,,0.933818127225036,,,,False,0.12204853768993047,0.5052534361363766,,,one_step,,0.00012566107114761593,0.12564233468529018,,unbiased,,0,262144,60916224,,0.018653086744141692,task_005/cell_0581,,,0.015141718454835855,0.0049418918788433075,16,completed,,,,,0.0009812859028022103,0.5107384025614914
0,0.0625,2,582,a66b5e3c37c8a33201d515c128157bb8028554e0,cuda,,,0.9612077036108742,,,,True,0.12204853768993047,0.5052534361363766,,,one_step,,4.289930508912124e-05,0.12224224835050812,,full,,0,262144,26313216,,0.0,task_006/cell_0582,,,0.0,0.002951432019472122,17,completed,,,,,0.0004492656226393919,0.5056889814452911
16458,0.0625,2,583,a66b5e3c37c8a33201d515c128157bb8028554e0,cuda,,,0.007886526322983756,,,,False,0.12204853768993047,0.5052534361363766,,,one_step,,0.010951093114898842,0.3848012443232047,,unbiased,,16458,262144,29458944,,0.46631445213916,task_007/cell_0583,,,0.24260764513677277,0.004343703389167786,17,completed,,,,,-0.04692741074504569,0.860740075862165
1034,0.00390625,4,584,a66b5e3c37c8a33201d515c128157bb8028554e0,cuda,,,0.045411379580731555,,,,False,0.12204853768993047,0.5052534361363766,,,one_step,,0.005841159817252431,0.20537347555709573,,unbiased,,5149,262144,31556096,,0.17803579085082413,task_008/cell_0584,,,0.12100732480071894,0.004426300525665283,17,completed,,,,,0.015539248898700262,0.5894686545880838
6,1.52587890625e-05,8,585,a66b5e3c37c8a33201d515c128157bb8028554e0,cuda,,,0.4638043834164199,,,,False,0.12204853768993047,0.5052534361363766,,,one_step,,0.00098675128971064,0.1456169544905226,,unbiased,,137,262144,35750400,,0.07983638195513311,task_009/cell_0585,,,0.06081519295464623,0.0042565204203128815,17,completed,,,,,-7.10602620844446e-05,0.5332400922854256
0,2.3283064365386963e-10,16,586,a66b5e3c37c8a33201d515c128157bb8028554e0,cuda,,,0.8168949073932279,,,,False,0.12204853768993047,0.5052534361363766,,,one_step,,0.0005971022901602768,0.13126234988593133,,unbiased,,0,262144,44139008,,0.03810746039507275,task_010/cell_0586,,,0.030234275829023195,0.00423024594783783,17,completed,,,,,0.0006511981531787398,0.5127728403535933
0,5.421010862427522e-20,32,587,a66b5e3c37c8a33201d515c128157bb8028554e0,cuda,,,0.9276962655075005,,,,False,0.12204853768993047,0.5052534361363766,,,one_step,,0.00012815977993338229,0.12701035261157578,,unbiased,,0,262144,60916224,,0.018664106953735063,task_011/cell_0587,,,0.015087239163566562,0.0047812387347221375,17,completed,,,,,-0.0004769672458434836,0.5089086924597379
0,0.0625,2,588,a66b5e3c37c8a33201d515c128157bb8028554e0,cuda,,,0.9606727345348441,,,,True,0.12204853768993047,0.5052534361363766,,,one_step,,5.119460206492886e-05,0.12225628184230786,,full,,0,262144,26313216,,0.0,task_000/cell_0588,,,0.0,0.0029676295816898346,18,completed,,,,,-0.0004266924339447678,0.5041302137139818
16240,0.0625,2,589,a66b5e3c37c8a33201d515c128157bb8028554e0,cuda,,,0.001577638483223293,,,,False,0.12204853768993047,0.5052534361363766,,,one_step,,0.033460726414685824,0.47681154269494463,,unbiased,,16240,262144,29458944,,0.47041314349728836,task_001/cell_0589,,,0.24205175463191497,0.004276450723409653,18,completed,,,,,0.036136832012352904,1.0996492811489387
959,0.00390625,4,590,a66b5e3c37c8a33201d515c128157bb8028554e0,cuda,,,0.0057187590224882364,,,,False,0.12204853768993047,0.5052534361363766,,,one_step,,0.02526274650198418,0.21383161011269713,,unbiased,,5034,262144,31556096,,0.17656080662972126,task_002/cell_0590,,,0.1211057216922732,0.00430181622505188,18,completed,,,,,0.04085580202767165,0.6063454552924469
7,1.52587890625e-05,8,591,a66b5e3c37c8a33201d515c128157bb8028554e0,cuda,,,0.6828438715045094,,,,False,0.12204853768993047,0.5052534361363766,,,one_step,,0.00042858168199322045,0.14269687927101593,,unbiased,,161,262144,35750400,,0.07733737910136733,task_003/cell_0591,,,0.06010619976346924,0.004348836839199066,18,completed,,,,,0.0012594778868227736,0.5243957477174758
0,2.3283064365386963e-10,16,592,a66b5e3c37c8a33201d515c128157bb8028554e0,cuda,,,0.9016003870703009,,,,False,0.12204853768993047,0.5052534361363766,,,one_step,,0.00015322524899906217,0.1302902329752964,,unbiased,,2,262144,44139008,,0.03804450695437226,task_004/cell_0592,,,0.030395001335072135,0.004291381686925888,18,completed,,,,,0.00016385255077813927,0.5164063513084308
0,5.421010862427522e-20,32,593,a66b5e3c37c8a33201d515c128157bb8028554e0,cuda,,,0.9321239085700851,,,,False,0.12204853768993047,0.5052534361363766,,,one_step,,0.00014703611690041341,0.12640755437636564,,unbiased,,0,262144,60916224,,0.018773362665631427,task_005/cell_0593,,,0.015135846831998753,0.004859272390604019,18,completed,,,,,0.0009755402634917882,0.5095157244583339
0,0.0625,2,594,a66b5e3c37c8a33201d515c128157bb8028554e0,cuda,,,0.9610967929754638,,,,True,0.12204853768993047,0.5052534361363766,,,one_step,,4.156768385397832e-05,0.1220441502730818,,full,,0,262144,26313216,,0.0,task_006/cell_0594,,,0.0,0.0029487498104572296,19,completed,,,,,0.001301825216284284,0.5055475128567034
16186,0.0625,2,595,a66b5e3c37c8a33201d515c128157bb8028554e0,cuda,,,0.004561568235723046,,,,False,0.12204853768993047,0.5052534361363766,,,one_step,,0.022487780344819377,0.3845958315568083,,unbiased,,16186,262144,29458944,,0.4620592389179857,task_007/cell_0595,,,0.24151365057734192,0.00432276725769043,19,completed,,,,,0.02157813360584499,0.9858963964822351
1040,0.00390625,4,596,a66b5e3c37c8a33201d515c128157bb8028554e0,cuda,,,0.029750427275275996,,,,False,0.12204853768993047,0.5052534361363766,,,one_step,,0.006219805013182591,0.20426180882301637,,unbiased,,5076,262144,31556096,,0.1754078752766426,task_008/cell_0596,,,0.12083389215227436,0.0044181495904922485,19,completed,,,,,-0.008928408988729911,0.6022268081139087
3,1.52587890625e-05,8,597,a66b5e3c37c8a33201d515c128157bb8028554e0,cuda,,,0.5426796237825267,,,,False,0.12204853768993047,0.5052534361363766,,,one_step,,0.0013596656535551168,0.14340154751214662,,unbiased,,157,262144,35750400,,0.07942270509655741,task_009/cell_0597,,,0.06091192510586893,0.004267178475856781,19,completed,,,,,-0.0012970739301164508,0.5265650474619895
0,2.3283064365386963e-10,16,598,a66b5e3c37c8a33201d515c128157bb8028554e0,cuda,,,0.8929552187224866,,,,False,0.12204853768993047,0.5052534361363766,,,one_step,,0.00017875497130506203,0.13030607437862507,,unbiased,,0,262144,44139008,,0.037453780476888354,task_010/cell_0598,,,0.03020972682796667,0.0042610764503479,19,completed,,,,,0.00058779726906366,0.5130954893931952
0,5.421010862427522e-20,32,599,a66b5e3c37c8a33201d515c128157bb8028554e0,cuda,,,0.9341985643329543,,,,False,0.12204853768993047,0.5052534361363766,,,one_step,,8.495054584117826e-05,0.12694303148434294,,unbiased,,0,262144,60916224,,0.01857876248695608,task_011/cell_0599,,,0.015145193882812128,0.00483587384223938,19,completed,,,,,0.0018611257022366735,0.5068620711964087
0,0.0625,2,600,a66b5e3c37c8a33201d515c128157bb8028554e0,cuda,,,0.9605844908636773,,,,True,0.12204853768993047,0.5052534361363766,,,one_step,,1.3742789580492417e-05,0.12197969658081043,,full,,0,1048576,102020608,,0.0,task_000/cell_0600,,,0.0,0.012032974511384964,0,completed,,,,,-0.0003780856616179586,0.5048924588953152
65204,0.0625,2,601,a66b5e3c37c8a33201d515c128157bb8028554e0,cuda,,,0.0029345059317086516,,,,False,0.12204853768993047,0.5052534361363766,,,one_step,,0.010371427345190018,0.40712881615428387,,unbiased,,65204,1048576,105166336,,0.4654172291378053,task_001/cell_0601,,,0.2418118895460099,0.017065562307834625,0,completed,,,,,0.02066963788231182,0.9177077248424954
4027,0.00390625,4,602,a66b5e3c37c8a33201d515c128157bb8028554e0,cuda,,,0.0010404292591362466,,,,False,0.12204853768993047,0.5052534361363766,,,one_step,,0.02674173233320158,0.23518738435581632,,unbiased,,20196,1048576,107263488,,0.17190370104168756,task_002/cell_0602,,,0.12045231253915949,0.01724117249250412,0,completed,,,,,-0.02847635484484381,0.7712629532808553
12,1.52587890625e-05,8,603,a66b5e3c37c8a33201d515c128157bb8028554e0,cuda,,,0.36944705283311857,,,,False,0.12204853768993047,0.5052534361363766,,,one_step,,0.0010089309515979653,0.14438943792921854,,unbiased,,673,1048576,111457792,,0.07896836612074781,task_003/cell_0603,,,0.06054595345143799,0.01735822856426239,0,completed,,,,,0.00024223994228843196,0.525642732096596
0,2.3283064365386963e-10,16,604,a66b5e3c37c8a33201d515c128157bb8028554e0,cuda,,,0.8360681252138159,,,,False,0.12204853768993047,0.5052534361363766,,,one_step,,0.0002069502281683656,0.1313617315268356,,unbiased,,0,1048576,119846400,,0.03811603983916369,task_004/cell_0604,,,0.030258560213216452,0.01719244197010994,0,completed,,,,,0.0009722833822258406,0.5139722343454982
0,5.421010862427522e-20,32,605,a66b5e3c37c8a33201d515c128157bb8028554e0,cuda,,,0.919936979017109,,,,False,0.12204853768993047,0.5052534361363766,,,one_step,,7.919376409477646e-05,0.12605882436121796,,unbiased,,0,1048576,136623616,,0.01852046645808085,task_005/cell_0605,,,0.01510174378624546,0.01960444450378418,0,completed,,,,,-0.0007843247172599608,0.5078545580685436
0,0.0625,2,606,a66b5e3c37c8a33201d515c128157bb8028554e0,cuda,,,0.9608550339707884,,,,True,0.12204853768993047,0.5052534361363766,,,one_step,,1.2003933376721812e-05,0.12223968937891527,,full,,0,1048576,102020608,,0.0,task_006/cell_0606,,,0.0,0.011969447135925293,1,completed,,,,,-0.0003494688367644503,0.5064121648877425
65702,0.0625,2,607,a66b5e3c37c8a33201d515c128157bb8028554e0,cuda,,,0.0005799729879329966,,,,False,0.12204853768993047,0.5052534361363766,,,one_step,,0.021854836048361775,0.49927001901107104,,unbiased,,65702,1048576,105166336,,0.47223946872543454,task_007/cell_0607,,,0.24253302114350447,0.017286188900470734,1,completed,,,,,0.006223718102457962,1.1507670630778049
4141,0.00390625,4,608,a66b5e3c37c8a33201d515c128157bb8028554e0,cuda,,,0.0008223967563945926,,,,False,0.12204853768993047,0.5052534361363766,,,one_step,,0.030398197232407234,0.24589499793850855,,unbiased,,20495,1048576,107263488,,0.17812413663697144,task_008/cell_0608,,,0.12169263175456714,0.017881929874420166,1,completed,,,,,0.05888465617814328,0.6804156252319026
12,1.52587890625e-05,8,609,a66b5e3c37c8a33201d515c128157bb8028554e0,cuda,,,0.33083205625846457,,,,False,0.12204853768993047,0.5052534361363766,,,one_step,,0.0006707784766247223,0.14692282441841442,,unbiased,,602,1048576,111457792,,0.07969916385069686,task_009/cell_0609,,,0.06062043408692295,0.0170050710439682,1,completed,,,,,0.0001672069082664263,0.5327540030292338
0,2.3283064365386963e-10,16,610,a66b5e3c37c8a33201d515c128157bb8028554e0,cuda,,,0.4942372887077444,,,,False,0.12204853768993047,0.5052534361363766,,,one_step,,0.0009041942795758721,0.13191308386404366,,unbiased,,2,1048576,119846400,,0.03824676295585987,task_010/cell_0610,,,0.030340851876971976,0.017134733498096466,1,completed,,,,,-0.0009810192524594163,0.5132540259159681
0,5.421010862427522e-20,32,611,a66b5e3c37c8a33201d515c128157bb8028554e0,cuda,,,0.926557383947718,,,,False,0.12204853768993047,0.5052534361363766,,,one_step,,7.722749548721315e-05,0.1263935299200316,,unbiased,,0,1048576,136623616,,0.018723339316794655,task_011/cell_0611,,,0.015142193288244413,0.01889152079820633,1,completed,,,,,0.0007247500422912909,0.5095561761806454
0,0.0625,2,612,a66b5e3c37c8a33201d515c128157bb8028554e0,cuda,,,0.9616455047228979,,,,True,0.12204853768993047,0.5052534361363766,,,one_step,,9.476073377423336e-06,0.12169581333902713,,full,,0,1048576,102020608,,0.0,task_000/cell_0612,,,0.0,0.010101377964019775,2,completed,,,,,0.00032238387109405413,0.5057594956735929
65412,0.0625,2,613,a66b5e3c37c8a33201d515c128157bb8028554e0,cuda,,,0.0007022072795724951,,,,False,0.12204853768993047,0.5052534361363766,,,one_step,,0.034480705562324715,0.42297517341887136,,unbiased,,65412,1048576,105166336,,0.46586466891466904,task_001/cell_0613,,,0.24163397143017518,0.015231918543577194,2,completed,,,,,-0.03240565971198285,0.8556665010952087
4172,0.00390625,4,614,a66b5e3c37c8a33201d515c128157bb8028554e0,cuda,,,0.007600971033977018,,,,False,0.12204853768993047,0.5052534361363766,,,one_step,,0.008612211572683704,0.21340161012069103,,unbiased,,20499,1048576,107263488,,0.17486202849649965,task_002/cell_0614,,,0.12100586795670984,0.01527627557516098,2,completed,,,,,-0.0065977153711026994,0.6961534723064149
19,1.52587890625e-05,8,615,a66b5e3c37c8a33201d515c128157bb8028554e0,cuda,,,0.6576020876596946,,,,False,0.12204853768993047,0.5052534361363766,,,one_step,,0.00020222806774562643,0.14248210332621802,,unbiased,,585,1048576,111457792,,0.07822757267264979,task_003/cell_0615,,,0.06030037346585946,0.015299305319786072,2,completed,,,,,0.0014782225088166051,0.5269455864237187
0,2.3283064365386963e-10,16,616,a66b5e3c37c8a33201d515c128157bb8028554e0,cuda,,,0.7967841370565047,,,,False,0.12204853768993047,0.5052534361363766,,,one_step,,0.00034061471949348653,0.13112591481119473,,unbiased,,0,1048576,119846400,,0.03785222090055706,task_004/cell_0616,,,0.03015974374035363,0.015085205435752869,2,completed,,,,,0.0008181810723136687,0.5137716895166694
0,5.421010862427522e-20,32,617,a66b5e3c37c8a33201d515c128157bb8028554e0,cuda,,,0.9379662523714498,,,,False,0.12204853768993047,0.5052534361363766,,,one_step,,3.4335802961634726e-05,0.12559478046833483,,unbiased,,0,1048576,136623616,,0.018523774253208173,task_005/cell_0617,,,0.015114699930837708,0.018028374761343002,2,completed,,,,,0.0003806499767479265,0.5089720837979443
0,0.0625,2,618,a66b5e3c37c8a33201d515c128157bb8028554e0,cuda,,,0.9610003245999694,,,,True,0.12204853768993047,0.5052534361363766,,,one_step,,1.6644754467188362e-05,0.12199129261978747,,full,,0,1048576,102020608,,0.0,task_006/cell_0618,,,0.0,0.01005326583981514,3,completed,,,,,-0.0002314569212436837,0.5056222205090649
65372,0.0625,2,619,a66b5e3c37c8a33201d515c128157bb8028554e0,cuda,,,1.5901010648532893e-05,,,,False,0.12204853768993047,0.5052534361363766,,,one_step,,0.24142530490494152,0.7298417589713164,,unbiased,,65372,1048576,105166336,,0.46682629895567196,task_007/cell_0619,,,0.2418093283882375,0.015295974910259247,3,completed,,,,,0.6053639471080567,1.6822630760641786
4026,0.00390625,4,620,a66b5e3c37c8a33201d515c128157bb8028554e0,cuda,,,0.02540274864392443,,,,False,0.12204853768993047,0.5052534361363766,,,one_step,,0.003281533508181445,0.2014259602021351,,unbiased,,20534,1048576,107263488,,0.17470656209055993,task_008/cell_0620,,,0.1211174138553897,0.015672456473112106,3,completed,,,,,-0.0024439004272606927,0.6119555783636943
14,1.52587890625e-05,8,621,a66b5e3c37c8a33201d515c128157bb8028554e0,cuda,,,0.13478048171240065,,,,False,0.12204853768993047,0.5052534361363766,,,one_step,,0.00201865108350354,0.14673607653946696,,unbiased,,613,1048576,111457792,,0.07866993796974009,task_009/cell_0621,,,0.060404138743723704,0.01521274819970131,3,completed,,,,,-0.002635241364997916,0.5287360972015122
0,2.3283064365386963e-10,16,622,a66b5e3c37c8a33201d515c128157bb8028554e0,cuda,,,0.8389644591233488,,,,False,0.12204853768993047,0.5052534361363766,,,one_step,,0.0001470815346326873,0.13100111905914424,,unbiased,,0,1048576,119846400,,0.037901291226256954,task_010/cell_0622,,,0.030150095752868658,0.01506902277469635,3,completed,,,,,0.000310591574767557,0.5142630678337725
0,5.421010862427522e-20,32,623,a66b5e3c37c8a33201d515c128157bb8028554e0,cuda,,,0.9327160470972482,,,,False,0.12204853768993047,0.5052534361363766,,,one_step,,4.025714528799112e-05,0.12580252973581096,,unbiased,,0,1048576,136623616,,0.018460552975554743,task_011/cell_0623,,,0.01512409004628172,0.017629891633987427,3,completed,,,,,0.0002806400833052008,0.5087797840978746
0,0.0625,2,624,a66b5e3c37c8a33201d515c128157bb8028554e0,cuda,,,0.9611480422513883,,,,True,0.12204853768993047,0.5052534361363766,,,one_step,,1.1382260187687426e-05,0.12221308633596628,,full,,0,1048576,102020608,,0.0,task_000/cell_0624,,,0.0,0.010143231600522995,4,completed,,,,,-0.0003903000556057819,0.5049693243434414
65509,0.0625,2,625,a66b5e3c37c8a33201d515c128157bb8028554e0,cuda,,,0.0008460141644064247,,,,False,0.12204853768993047,0.5052534361363766,,,one_step,,0.030344354044169273,0.4360469938137115,,unbiased,,65509,1048576,105166336,,0.46798559693836217,task_001/cell_0625,,,0.2424192161724881,0.01511869952082634,4,completed,,,,,-0.03124568821553024,0.929924626861014
4190,0.00390625,4,626,a66b5e3c37c8a33201d515c128157bb8028554e0,cuda,,,0.04741460528717678,,,,False,0.12204853768993047,0.5052534361363766,,,one_step,,0.0031687957505182308,0.19230873372586466,,unbiased,,20285,1048576,107263488,,0.17321215708168072,task_002/cell_0626,,,0.12080187285227859,0.015248388051986694,4,completed,,,,,0.0018414493494406435,0.5784215682445552
21,1.52587890625e-05,8,627,a66b5e3c37c8a33201d515c128157bb8028554e0,cuda,,,0.07912682551096135,,,,False,0.12204853768993047,0.5052534361363766,,,one_step,,0.0030505157690017236,0.1481675971998424,,unbiased,,613,1048576,111457792,,0.07997332515178769,task_003/cell_0627,,,0.06063627024328859,0.015248239040374756,4,completed,,,,,-0.005655820808117962,0.5326099638789188
0,2.3283064365386963e-10,16,628,a66b5e3c37c8a33201d515c128157bb8028554e0,cuda,,,0.8718476691233846,,,,False,0.12204853768993047,0.5052534361363766,,,one_step,,0.00012507444085046082,0.13088746487312086,,unbiased,,0,1048576,119846400,,0.03793805523670326,task_004/cell_0628,,,0.030264494371240278,0.015117906033992767,4,completed,,,,,-0.00037513469280970625,0.5124073914134761
0,5.421010862427522e-20,32,629,a66b5e3c37c8a33201d515c128157bb8028554e0,cuda,,,0.9330997419894184,,,,False,0.12204853768993047,0.5052534361363766,,,one_step,,3.9682370598212014e-05,0.12629516492339476,,unbiased,,0,1048576,136623616,,0.01872075076736276,task_005/cell_0629,,,0.015194614949110792,0.018103498965501785,4,completed,,,,,7.903024362409253e-05,0.5087211848038411
0,0.0625,2,630,a66b5e3c37c8a33201d515c128157bb8028554e0,cuda,,,0.9615229933821148,,,,True,0.12204853768993047,0.5052534361363766,,,one_step,,1.0747983571880027e-05,0.12174097432246178,,full,,0,1048576,102020608,,0.0,task_006/cell_0630,,,0.0,0.010041847825050354,5,completed,,,,,-0.000298098130245073,0.5043909086445513
65940,0.0625,2,631,a66b5e3c37c8a33201d515c128157bb8028554e0,cuda,,,0.00012206946685234307,,,,False,0.12204853768993047,0.5052534361363766,,,one_step,,0.08580766108478682,0.5185355907817861,,unbiased,,65940,1048576,105166336,,0.47007262704940556,task_007/cell_0631,,,0.24273045825335116,0.015395984053611755,5,completed,,,,,0.06901174838999906,1.0715310561841296
4113,0.00390625,4,632,a66b5e3c37c8a33201d515c128157bb8028554e0,cuda,,,0.03934374223770759,,,,False,0.12204853768993047,0.5052534361363766,,,one_step,,0.0019456845822505837,0.20135878864842205,,unbiased,,20491,1048576,107263488,,0.17752068929756568,task_008/cell_0632,,,0.12141446193802183,0.01564864069223404,5,completed,,,,,-0.00959001888298425,0.5954822623354871
25,1.52587890625e-05,8,633,a66b5e3c37c8a33201d515c128157bb8028554e0,cuda,,,0.3533269912373664,,,,False,0.12204853768993047,0.5052534361363766,,,one_step,,0.0008496979740891314,0.14581109846658613,,unbiased,,588,1048576,111457792,,0.07944979979547037,task_009/cell_0633,,,0.06048970099200279,0.015241067856550217,5,completed,,,,,-0.0013703435956987067,0.5272831635210655
0,2.3283064365386963e-10,16,634,a66b5e3c37c8a33201d515c128157bb8028554e0,cuda,,,0.8476703466090204,,,,False,0.12204853768993047,0.5052534361363766,,,one_step,,0.0001744916825843692,0.13128382117197823,,unbiased,,0,1048576,119846400,,0.03788548544503083,task_010/cell_0634,,,0.030248243756639027,0.015025727450847626,5,completed,,,,,-0.00030665695356349394,0.513322882597299
0,5.421010862427522e-20,32,635,a66b5e3c37c8a33201d515c128157bb8028554e0,cuda,,,0.9145080226557079,,,,False,0.12204853768993047,0.5052534361363766,,,one_step,,0.00013451752994139753,0.12593850919512128,,unbiased,,0,1048576,136623616,,0.018480178069751177,task_011/cell_0635,,,0.015072387548069775,0.017537064850330353,5,completed,,,,,-0.0005434219986907282,0.5085925250119829
0,0.0625,2,636,a66b5e3c37c8a33201d515c128157bb8028554e0,cuda,,,0.9606599834144218,,,,True,0.12204853768993047,0.5052534361363766,,,one_step,,1.338215165990698e-05,0.12230218179186458,,full,,0,1048576,102020608,,0.0,task_000/cell_0636,,,0.0,0.010129697620868683,6,completed,,,,,-0.0005189995171656008,0.5058853942335351
65570,0.0625,2,637,a66b5e3c37c8a33201d515c128157bb8028554e0,cuda,,,7.679652587554176e-05,,,,False,0.12204853768993047,0.5052534361363766,,,one_step,,0.10107680344135313,0.6013226121203079,,unbiased,,65570,1048576,105166336,,0.46728039378380287,task_001/cell_0637,,,0.24246689696424994,0.015064511448144913,6,completed,,,,,-0.30653708297855464,1.205717324522641
4140,0.00390625,4,638,a66b5e3c37c8a33201d515c128157bb8028554e0,cuda,,,0.018299864792428133,,,,False,0.12204853768993047,0.5052534361363766,,,one_step,,0.004123425191959289,0.2080419969420344,,unbiased,,20467,1048576,107263488,,0.17569200887592556,task_002/cell_0638,,,0.12131693686583339,0.01527886837720871,6,completed,,,,,-0.007117406155923982,0.5986101366451186
11,1.52587890625e-05,8,639,a66b5e3c37c8a33201d515c128157bb8028554e0,cuda,,,0.4962276420049312,,,,False,0.12204853768993047,0.5052534361363766,,,one_step,,0.0005132818800358485,0.14331942317481428,,unbiased,,604,1048576,111457792,,0.07846086400337063,task_003/cell_0639,,,0.06030888182649991,0.015278808772563934,6,completed,,,,,-0.0007502991118359435,0.5272097949342424
0,2.3283064365386963e-10,16,640,a66b5e3c37c8a33201d515c128157bb8028554e0,cuda,,,0.8616597941127976,,,,False,0.12204853768993047,0.5052534361363766,,,one_step,,0.00011831781592975227,0.13051116180749567,,unbiased,,1,1048576,119846400,,0.037693415094888716,task_004/cell_0640,,,0.03014603169597187,0.015062861144542694,6,completed,,,,,-0.000593634401804224,0.5138636827745913
0,5.421010862427522e-20,32,641,a66b5e3c37c8a33201d515c128157bb8028554e0,cuda,,,0.9316540194971867,,,,False,0.12204853768993047,0.5052534361363766,,,one_step,,4.9061886871454805e-05,0.12614750205012193,,unbiased,,0,1048576,136623616,,0.018689329526121498,task_005/cell_0641,,,0.015184227959828498,0.018126297742128372,6,completed,,,,,-0.0013008041003006187,0.509687014565038
0,0.0625,2,642,a66b5e3c37c8a33201d515c128157bb8028554e0,cuda,,,0.9617363729847758,,,,True,0.12204853768993047,0.5052534361363766,,,one_step,,7.998756353667054e-06,0.12161600905008818,,full,,0,1048576,102020608,,0.0,task_006/cell_0642,,,0.0,0.010071557015180588,7,completed,,,,,-0.0006996340145884081,0.5046404933198616
65482,0.0625,2,643,a66b5e3c37c8a33201d515c128157bb8028554e0,cuda,,,0.0003780022631426848,,,,False,0.12204853768993047,0.5052534361363766,,,one_step,,0.04196819997721916,0.4672689094941216,,unbiased,,65482,1048576,105166336,,0.46378195474142847,task_007/cell_0643,,,0.24184270666270463,0.015346847474575043,7,completed,,,,,-0.12474668980321546,1.0128960037225538
4096,0.00390625,4,644,a66b5e3c37c8a33201d515c128157bb8028554e0,cuda,,,0.002867481783341095,,,,False,0.12204853768993047,0.5052534361363766,,,one_step,,0.015621810718796331,0.22484124935291483,,unbiased,,20299,1048576,107263488,,0.17465603335580326,task_008/cell_0644,,,0.1206247367852886,0.015709474682807922,7,completed,,,,,0.0249653475704968,0.7350184432742177
11,1.52587890625e-05,8,645,a66b5e3c37c8a33201d515c128157bb8028554e0,cuda,,,0.6734795681927785,,,,False,0.12204853768993047,0.5052534361363766,,,one_step,,0.0001992638209148392,0.14213630579254222,,unbiased,,581,1048576,111457792,,0.07777096077316364,task_009/cell_0645,,,0.06026705337220759,0.015142247080802917,7,completed,,,,,0.0010484010797412585,0.5257029162277096
0,2.3283064365386963e-10,16,646,a66b5e3c37c8a33201d515c128157bb8028554e0,cuda,,,0.8611662624940601,,,,False,0.12204853768993047,0.5052534361363766,,,one_step,,0.0001790625798086954,0.1306239761837329,,unbiased,,1,1048576,119846400,,0.03783796331406332,task_010/cell_0646,,,0.03022503370239299,0.015073262155056,7,completed,,,,,0.0009145370649158056,0.5134044205495318
0,5.421010862427522e-20,32,647,a66b5e3c37c8a33201d515c128157bb8028554e0,cuda,,,0.9303059621203477,,,,False,0.12204853768993047,0.5052534361363766,,,one_step,,6.482984356112622e-05,0.1258388950871403,,unbiased,,0,1048576,136623616,,0.018664297653235653,task_011/cell_0647,,,0.01518734617511305,0.017566271126270294,7,completed,,,,,0.0003527090044077351,0.5084892943281643
0,0.0625,2,648,a66b5e3c37c8a33201d515c128157bb8028554e0,cuda,,,0.9608594202975899,,,,True,0.12204853768993047,0.5052534361363766,,,one_step,,1.0825986660252405e-05,0.1225137090082562,,full,,0,1048576,102020608,,0.0,task_000/cell_0648,,,0.0,0.010099660605192184,8,completed,,,,,0.0001428812128783195,0.5041321060787679
65249,0.0625,2,649,a66b5e3c37c8a33201d515c128157bb8028554e0,cuda,,,1.6611813136695374e-05,,,,False,0.12204853768993047,0.5052534361363766,,,one_step,,0.23324197766858543,0.7533929174373775,,unbiased,,65249,1048576,105166336,,0.4694348692831488,task_001/cell_0649,,,0.2424512826889331,0.015112679451704025,8,completed,,,,,0.7486324462542674,4.235563830526821
4030,0.00390625,4,650,a66b5e3c37c8a33201d515c128157bb8028554e0,cuda,,,0.008980593176957005,,,,False,0.12204853768993047,0.5052534361363766,,,one_step,,0.006274916500198725,0.2172254770142903,,unbiased,,20297,1048576,107263488,,0.17685890189428116,task_002/cell_0650,,,0.12094028486152192,0.015294007956981659,8,completed,,,,,-0.0047271290292311054,0.625057917779597
17,1.52587890625e-05,8,651,a66b5e3c37c8a33201d515c128157bb8028554e0,cuda,,,0.3013690902394165,,,,False,0.12204853768993047,0.5052534361363766,,,one_step,,0.000955299432348255,0.14586934694900755,,unbiased,,562,1048576,111457792,,0.0792050358626476,task_003/cell_0651,,,0.0606117340738107,0.01521984487771988,8,completed,,,,,0.00034091176943500253,0.5285599771634746
0,2.3283064365386963e-10,16,652,a66b5e3c37c8a33201d515c128157bb8028554e0,cuda,,,0.8701981253853647,,,,False,0.12204853768993047,0.5052534361363766,,,one_step,,0.00011702366512010986,0.13089107899398478,,unbiased,,0,1048576,119846400,,0.037854293603874586,task_004/cell_0652,,,0.030314771747712136,0.015081528574228287,8,completed,,,,,-0.00019257195230601684,0.5148727841236993
0,5.421010862427522e-20,32,653,a66b5e3c37c8a33201d515c128157bb8028554e0,cuda,,,0.9322821167942569,,,,False,0.12204853768993047,0.5052534361363766,,,one_step,,4.2873809750545954e-05,0.12626860945525742,,unbiased,,0,1048576,136623616,,0.018612748021898384,task_005/cell_0653,,,0.015138423934750594,0.01808752864599228,8,completed,,,,,0.0005730097959990123,0.5091592014970286
0,0.0625,2,654,a66b5e3c37c8a33201d515c128157bb8028554e0,cuda,,,0.9604232253510483,,,,True,0.12204853768993047,0.5052534361363766,,,one_step,,1.637563774648389e-05,0.12199106781841351,,full,,0,1048576,102020608,,0.0,task_006/cell_0654,,,0.0,0.010056499391794205,9,completed,,,,,0.0007268794281742093,0.5058807974995563
65473,0.0625,2,655,a66b5e3c37c8a33201d515c128157bb8028554e0,cuda,,,0.00042316578305167963,,,,False,0.12204853768993047,0.5052534361363766,,,one_step,,0.029519122580631187,0.5477497777019256,,unbiased,,65473,1048576,105166336,,0.46891461193321243,task_007/cell_0655,,,0.24243023416895168,0.015293270349502563,9,completed,,,,,-0.00033811900816040075,1.3490404268104843
4193,0.00390625,4,656,a66b5e3c37c8a33201d515c128157bb8028554e0,cuda,,,0.00029681072293691145,,,,False,0.12204853768993047,0.5052534361363766,,,one_step,,0.05634691212022911,0.2548249486683094,,unbiased,,20582,1048576,107263488,,0.17456487841985796,task_008/cell_0656,,,0.12149389963924828,0.01568939909338951,9,completed,,,,,0.11416139278983055,0.7619557576864804
17,1.52587890625e-05,8,657,a66b5e3c37c8a33201d515c128157bb8028554e0,cuda,,,0.16230255164952473,,,,False,0.12204853768993047,0.5052534361363766,,,one_step,,0.0013822758710083408,0.14701395537403705,,unbiased,,605,1048576,111457792,,0.07845088426980677,task_009/cell_0657,,,0.060208485743058225,0.015140369534492493,9,completed,,,,,-0.0017670528767246229,0.5290656830603435
0,2.3283064365386963e-10,16,658,a66b5e3c37c8a33201d515c128157bb8028554e0,cuda,,,0.8324241477873097,,,,False,0.12204853768993047,0.5052534361363766,,,one_step,,0.00021958643318525323,0.13163263257403557,,unbiased,,0,1048576,119846400,,0.03793167904429143,task_010/cell_0658,,,0.030163438886832993,0.015034303069114685,9,completed,,,,,-0.00036511418339516054,0.513504466807829
0,5.421010862427522e-20,32,659,a66b5e3c37c8a33201d515c128157bb8028554e0,cuda,,,0.8373369133707056,,,,False,0.12204853768993047,0.5052534361363766,,,one_step,,0.0002972697852301144,0.12633265688665496,,unbiased,,0,1048576,136623616,,0.018424769242478878,task_011/cell_0659,,,0.015065603866576465,0.017504513263702393,9,completed,,,,,-0.0011415194631719061,0.5086487598740814
0,0.0625,2,660,a66b5e3c37c8a33201d515c128157bb8028554e0,cuda,,,0.961657929696559,,,,True,0.12204853768993047,0.5052534361363766,,,one_step,,1.1601870468845783e-05,0.12192447714262755,,full,,0,1048576,102020608,,0.0,task_000/cell_0660,,,0.0,0.010081727057695389,10,completed,,,,,9.57160897468144e-07,0.5043963214746282
65574,0.0625,2,661,a66b5e3c37c8a33201d515c128157bb8028554e0,cuda,,,0.001802298725517792,,,,False,0.12204853768993047,0.5052534361363766,,,one_step,,0.016390670025341534,0.4114680177757766,,unbiased,,65574,1048576,105166336,,0.46866881058713367,task_001/cell_0661,,,0.2422768716389825,0.015035368502140045,10,completed,,,,,0.004593285089922183,0.9586125687969549
4094,0.00390625,4,662,a66b5e3c37c8a33201d515c128157bb8028554e0,cuda,,,0.0036677179959805264,,,,False,0.12204853768993047,0.5052534361363766,,,one_step,,0.015543632653661606,0.21643679734922294,,unbiased,,20625,1048576,107263488,,0.1770548328519781,task_002/cell_0662,,,0.12151252138781522,0.015221886336803436,10,completed,,,,,0.026756184070841762,0.6210842617597476
18,1.52587890625e-05,8,663,a66b5e3c37c8a33201d515c128157bb8028554e0,cuda,,,0.5881059699511353,,,,False,0.12204853768993047,0.5052534361363766,,,one_step,,0.00023415921972737673,0.14467766290447948,,unbiased,,590,1048576,111457792,,0.07927648667161749,task_003/cell_0663,,,0.06060224089473578,0.034238673746585846,10,completed,,,,,0.00028036808810160915,0.5256804602742968
0,2.3283064365386963e-10,16,664,a66b5e3c37c8a33201d515c128157bb8028554e0,cuda,,,0.819208195655493,,,,False,0.12204853768993047,0.5052534361363766,,,one_step,,0.0002532300667035602,0.13107830005761834,,unbiased,,0,1048576,119846400,,0.03795471181063616,task_004/cell_0664,,,0.030290298977553053,0.015087932348251343,10,completed,,,,,0.0008969748965721325,0.5138330843620338
0,5.421010862427522e-20,32,665,a66b5e3c37c8a33201d515c128157bb8028554e0,cuda,,,0.937315875090187,,,,False,0.12204853768993047,0.5052534361363766,,,one_step,,3.34609209983322e-05,0.12565067399505736,,unbiased,,0,1048576,136623616,,0.01848579485803458,task_005/cell_0665,,,0.015139728980362028,0.017992470413446426,10,completed,,,,,2.4334905578346348e-05,0.5085094924329863
0,0.0625,2,666,a66b5e3c37c8a33201d515c128157bb8028554e0,cuda,,,0.9606145282619847,,,,True,0.12204853768993047,0.5052534361363766,,,one_step,,1.0460894000557685e-05,0.12201222970374026,,full,,0,1048576,102020608,,0.0,task_006/cell_0666,,,0.0,0.010049805045127869,11,completed,,,,,0.00026645347701630026,0.5040524404263447
65121,0.0625,2,667,a66b5e3c37c8a33201d515c128157bb8028554e0,cuda,,,0.0004258192727238011,,,,False,0.12204853768993047,0.5052534361363766,,,one_step,,0.03146878662053623,0.5134540695223198,,unbiased,,65121,1048576,105166336,,0.4660163607499558,task_007/cell_0667,,,0.24112585822858293,0.015285298228263855,11,completed,,,,,-0.1300922262476614,1.0507250169417235
4018,0.00390625,4,668,a66b5e3c37c8a33201d515c128157bb8028554e0,cuda,,,0.016893486227504088,,,,False,0.12204853768993047,0.5052534361363766,,,one_step,,0.005101066146018299,0.2012552696444363,,unbiased,,20455,1048576,107263488,,0.17464961467110396,task_008/cell_0668,,,0.12058380753404627,0.015648875385522842,11,completed,,,,,0.005704188834288118,0.604913716792635
20,1.52587890625e-05,8,669,a66b5e3c37c8a33201d515c128157bb8028554e0,cuda,,,0.5535725107894525,,,,False,0.12204853768993047,0.5052534361363766,,,one_step,,0.00046565979205333963,0.1431903311139262,,unbiased,,580,1048576,111457792,,0.07879023788195773,task_009/cell_0669,,,0.06063649109414848,0.015156198292970657,11,completed,,,,,-0.0009871568894106062,0.5233750549860181
0,2.3283064365386963e-10,16,670,a66b5e3c37c8a33201d515c128157bb8028554e0,cuda,,,0.885578491979482,,,,False,0.12204853768993047,0.5052534361363766,,,one_step,,7.212781289148615e-05,0.13057350257314937,,unbiased,,1,1048576,119846400,,0.03794200828650658,task_010/cell_0670,,,0.030290035555189877,0.015079379081726074,11,completed,,,,,7.221670017735425e-05,0.5140469773704088
0,5.421010862427522e-20,32,671,a66b5e3c37c8a33201d515c128157bb8028554e0,cuda,,,0.9362277089102626,,,,False,0.12204853768993047,0.5052534361363766,,,one_step,,3.916198906766094e-05,0.12568806315316117,,unbiased,,0,1048576,136623616,,0.01854337531431805,task_011/cell_0671,,,0.015131455454725202,0.017521783709526062,11,completed,,,,,-0.0011681306249642894,0.5088808484206702
0,0.0625,2,672,a66b5e3c37c8a33201d515c128157bb8028554e0,cuda,,,0.9609088300830819,,,,True,0.12204853768993047,0.5052534361363766,,,one_step,,1.1397724345505937e-05,0.12221267082089504,,full,,0,1048576,102020608,,0.0,task_000/cell_0672,,,0.0,0.010093118995428085,12,completed,,,,,0.00017710420269788254,0.5052446474612895
65450,0.0625,2,673,a66b5e3c37c8a33201d515c128157bb8028554e0,cuda,,,0.003101427338116603,,,,False,0.12204853768993047,0.5052534361363766,,,one_step,,0.010985237124984096,0.409916883006888,,unbiased,,65450,1048576,105166336,,0.4674564478507292,task_001/cell_0673,,,0.2424768432405111,0.015069417655467987,12,completed,,,,,-0.010032957124051615,0.9156706966771189
4075,0.00390625,4,674,a66b5e3c37c8a33201d515c128157bb8028554e0,cuda,,,0.01500329482816054,,,,False,0.12204853768993047,0.5052534361363766,,,one_step,,0.006252889629443947,0.20185381936571467,,unbiased,,20447,1048576,107263488,,0.17481711121589963,task_002/cell_0674,,,0.1210724801812339,0.015251703560352325,12,completed,,,,,0.008071893500692626,0.5972578717142158
19,1.52587890625e-05,8,675,a66b5e3c37c8a33201d515c128157bb8028554e0,cuda,,,0.21235112648256568,,,,False,0.12204853768993047,0.5052534361363766,,,one_step,,0.0011517718790164302,0.14632826102149643,,unbiased,,562,1048576,111457792,,0.07913218556093819,task_003/cell_0675,,,0.0604111492369668,0.0342245027422905,12,completed,,,,,0.004830801930789636,0.5322552993460344
0,2.3283064365386963e-10,16,676,a66b5e3c37c8a33201d515c128157bb8028554e0,cuda,,,0.8347454016244962,,,,False,0.12204853768993047,0.5052534361363766,,,one_step,,0.00022050675611713156,0.13084871336269543,,unbiased,,0,1048576,119846400,,0.03774129134675863,task_004/cell_0676,,,0.030143211374796412,0.015150893479585648,12,completed,,,,,-0.0013574026123920732,0.5132041687292338
0,5.421010862427522e-20,32,677,a66b5e3c37c8a33201d515c128157bb8028554e0,cuda,,,0.9332182812237678,,,,False,0.12204853768993047,0.5052534361363766,,,one_step,,3.9197276899728675e-05,0.12604164803205897,,unbiased,,0,1048576,136623616,,0.018603817882656432,task_005/cell_0677,,,0.015127503151962419,0.017701148986816406,12,completed,,,,,-0.0009427861521374661,0.509433120701394
0,0.0625,2,678,a66b5e3c37c8a33201d515c128157bb8028554e0,cuda,,,0.9608351429393722,,,,True,0.12204853768993047,0.5052534361363766,,,one_step,,2.6038468195223036e-05,0.1219133197478488,,full,,0,1048576,102020608,,0.0,task_006/cell_0678,,,0.0,0.010040771216154099,13,completed,,,,,-0.0006732175339386245,0.5045278587400717
65961,0.0625,2,679,a66b5e3c37c8a33201d515c128157bb8028554e0,cuda,,,1.0184073729391214e-05,,,,False,0.12204853768993047,0.5052534361363766,,,one_step,,0.2942468986116774,0.9051273564644227,,unbiased,,65961,1048576,105166336,,0.4692636623790606,task_007/cell_0679,,,0.24250521931694402,0.015285372734069824,13,completed,,,,,0.8811319178340741,1.8401778901415047
4080,0.00390625,4,680,a66b5e3c37c8a33201d515c128157bb8028554e0,cuda,,,0.0015022525287550661,,,,False,0.12204853768993047,0.5052534361363766,,,one_step,,0.024525810265400624,0.22774118269923882,,unbiased,,20550,1048576,107263488,,0.17675077762273025,task_008/cell_0680,,,0.12116057726349282,0.01570247858762741,13,completed,,,,,-0.042631993850721694,0.6706474161195539
12,1.52587890625e-05,8,681,a66b5e3c37c8a33201d515c128157bb8028554e0,cuda,,,0.22391120034401465,,,,False,0.12204853768993047,0.5052534361363766,,,one_step,,0.0016890976996620846,0.14468748673077414,,unbiased,,584,1048576,111457792,,0.07926805679943003,task_009/cell_0681,,,0.0608205192813925,0.015131376683712006,13,completed,,,,,-0.0023773950133333483,0.5254307579730777
0,2.3283064365386963e-10,16,682,a66b5e3c37c8a33201d515c128157bb8028554e0,cuda,,,0.8440357600450107,,,,False,0.12204853768993047,0.5052534361363766,,,one_step,,0.0002466119176840795,0.13025919108251394,,unbiased,,0,1048576,119846400,,0.03790053564010495,task_010/cell_0682,,,0.030276604506229477,0.015040680766105652,13,completed,,,,,-2.4407974954061276e-05,0.5135031343510614
0,5.421010862427522e-20,32,683,a66b5e3c37c8a33201d515c128157bb8028554e0,cuda,,,0.935694324605384,,,,False,0.12204853768993047,0.5052534361363766,,,one_step,,3.0632028547834683e-05,0.12605238624795057,,unbiased,,0,1048576,136623616,,0.018599404983252337,task_011/cell_0683,,,0.01513755362754405,0.017545431852340698,13,completed,,,,,-0.0003892643084022306,0.5094698226082032
0,0.0625,2,684,a66b5e3c37c8a33201d515c128157bb8028554e0,cuda,,,0.9607006939206697,,,,True,0.12204853768993047,0.5052534361363766,,,one_step,,1.1736326284092912e-05,0.12234328306171882,,full,,0,1048576,102020608,,0.0,task_000/cell_0684,,,0.0,0.01009080559015274,14,completed,,,,,-0.00028934840474775027,0.5052340288633572
65312,0.0625,2,685,a66b5e3c37c8a33201d515c128157bb8028554e0,cuda,,,0.003746838086674808,,,,False,0.12204853768993047,0.5052534361363766,,,one_step,,0.006175927780459838,0.42041976660372704,,unbiased,,65312,1048576,105166336,,0.47022513676988953,task_001/cell_0685,,,0.2428351567478556,0.015058275312185287,14,completed,,,,,0.018464075927807966,0.8491103224605359
4258,0.00390625,4,686,a66b5e3c37c8a33201d515c128157bb8028554e0,cuda,,,0.0008463040339440628,,,,False,0.12204853768993047,0.5052534361363766,,,one_step,,0.032129158984404715,0.23973332680539805,,unbiased,,20531,1048576,107263488,,0.17532169149255158,task_002/cell_0686,,,0.12119400668993227,0.015268899500370026,14,completed,,,,,-0.0059797347983924325,0.6065968017284421
19,1.52587890625e-05,8,687,a66b5e3c37c8a33201d515c128157bb8028554e0,cuda,,,0.5000574546674394,,,,False,0.12204853768993047,0.5052534361363766,,,one_step,,0.0005027391035285133,0.14512982480456138,,unbiased,,582,1048576,111457792,,0.07996674309949633,task_003/cell_0687,,,0.06068910281594107,0.03438802808523178,14,completed,,,,,-0.0013830831453806188,0.5265056504797354
0,2.3283064365386963e-10,16,688,a66b5e3c37c8a33201d515c128157bb8028554e0,cuda,,,0.8457465897917219,,,,False,0.12204853768993047,0.5052534361363766,,,one_step,,0.0001234329603279592,0.13128068133346282,,unbiased,,1,1048576,119846400,,0.03810521516289179,task_004/cell_0688,,,0.03035717409415181,0.015061542391777039,14,completed,,,,,-0.0012441454600285369,0.5152181550690447
0,5.421010862427522e-20,32,689,a66b5e3c37c8a33201d515c128157bb8028554e0,cuda,,,0.93154991648898,,,,False,0.12204853768993047,0.5052534361363766,,,one_step,,4.858460682986871e-05,0.12592471043881837,,unbiased,,0,1048576,136623616,,0.018621006097552857,task_005/cell_0689,,,0.01511334533092639,0.017848987132310867,14,completed,,,,,-0.0004184096228747567,0.5082480115001549
0,0.0625,2,690,a66b5e3c37c8a33201d515c128157bb8028554e0,cuda,,,0.9608994184220964,,,,True,0.12204853768993047,0.5052534361363766,,,one_step,,1.1195586192347437e-05,0.12211043989188397,,full,,0,1048576,102020608,,0.0,task_006/cell_0690,,,0.0,0.010036733001470566,15,completed,,,,,0.00015470489961179017,0.5049728843015637
65534,0.0625,2,691,a66b5e3c37c8a33201d515c128157bb8028554e0,cuda,,,0.0012625893434491508,,,,False,0.12204853768993047,0.5052534361363766,,,one_step,,0.02163803412615783,0.43809705190177617,,unbiased,,65534,1048576,105166336,,0.47276051426211985,task_007/cell_0691,,,0.24314209996076347,0.015262626111507416,15,completed,,,,,-0.07079691038580642,1.006970712237093
4089,0.00390625,4,692,a66b5e3c37c8a33201d515c128157bb8028554e0,cuda,,,0.02651815921718309,,,,False,0.12204853768993047,0.5052534361363766,,,one_step,,0.00279703550635049,0.20266997588098157,,unbiased,,20372,1048576,107263488,,0.17574492751721632,task_008/cell_0692,,,0.12122565477224548,0.015689607709646225,15,completed,,,,,-0.012637719220420115,0.6071435744790226
16,1.52587890625e-05,8,693,a66b5e3c37c8a33201d515c128157bb8028554e0,cuda,,,0.16678361211738268,,,,False,0.12204853768993047,0.5052534361363766,,,one_step,,0.0018758005724639594,0.14664165005809693,,unbiased,,600,1048576,111457792,,0.07862686146866324,task_009/cell_0693,,,0.060170235200184864,0.015138369053602219,15,completed,,,,,0.0013769550559243077,0.5297072909093485
0,2.3283064365386963e-10,16,694,a66b5e3c37c8a33201d515c128157bb8028554e0,cuda,,,0.8908575219274415,,,,False,0.12204853768993047,0.5052534361363766,,,one_step,,5.1790209494923745e-05,0.13088206325304874,,unbiased,,0,1048576,119846400,,0.037857914094935684,task_010/cell_0694,,,0.03028393023920045,0.01502295583486557,15,completed,,,,,0.0006676313774893707,0.5124926482137344
0,5.421010862427522e-20,32,695,a66b5e3c37c8a33201d515c128157bb8028554e0,cuda,,,0.9345050761726942,,,,False,0.12204853768993047,0.5052534361363766,,,one_step,,4.432224050490949e-05,0.12602945053624381,,unbiased,,0,1048576,136623616,,0.01856857805116562,task_011/cell_0695,,,0.015166231040514493,0.01756882667541504,15,completed,,,,,0.0006799282850716312,0.5091679733415483
0,0.0625,2,696,a66b5e3c37c8a33201d515c128157bb8028554e0,cuda,,,0.9610099036105166,,,,True,0.12204853768993047,0.5052534361363766,,,one_step,,1.1246964498483466e-05,0.12193771949750243,,full,,0,1048576,102020608,,0.0,task_000/cell_0696,,,0.0,0.010106917470693588,16,completed,,,,,0.0009798095573476657,0.506029192604903
65582,0.0625,2,697,a66b5e3c37c8a33201d515c128157bb8028554e0,cuda,,,0.00012870773957543717,,,,False,0.12204853768993047,0.5052534361363766,,,one_step,,0.08530747399878073,0.4679310014285445,,unbiased,,65582,1048576,105166336,,0.46690276096531763,task_001/cell_0697,,,0.2428555942600548,0.030754007399082184,16,completed,,,,,0.2204886381282803,1.3439866738905133
4094,0.00390625,4,698,a66b5e3c37c8a33201d515c128157bb8028554e0,cuda,,,0.01892358728334976,,,,False,0.12204853768993047,0.5052534361363766,,,one_step,,0.004195857770255399,0.20592280695836251,,unbiased,,20445,1048576,107263488,,0.17623896898280478,task_002/cell_0698,,,0.12117454351561034,0.015264555811882019,16,completed,,,,,0.007803033421075899,0.582783036583722
16,1.52587890625e-05,8,699,a66b5e3c37c8a33201d515c128157bb8028554e0,cuda,,,0.09027370382876551,,,,False,0.12204853768993047,0.5052534361363766,,,one_step,,0.0028990079928246253,0.14742862515794464,,unbiased,,646,1048576,111457792,,0.07945425405210979,task_003/cell_0699,,,0.060653295830571184,0.015243962407112122,16,completed,,,,,0.006419403857757164,0.5364445886663403
0,2.3283064365386963e-10,16,700,a66b5e3c37c8a33201d515c128157bb8028554e0,cuda,,,0.8155333367755856,,,,False,0.12204853768993047,0.5052534361363766,,,one_step,,0.00017730059208277026,0.13186772765534194,,unbiased,,0,1048576,119846400,,0.03844099817487816,task_004/cell_0700,,,0.030387339926704192,0.015100080519914627,16,completed,,,,,0.00039083160865650336,0.5140004418131988
0,5.421010862427522e-20,32,701,a66b5e3c37c8a33201d515c128157bb8028554e0,cuda,,,0.9312916745786102,,,,False,0.12204853768993047,0.5052534361363766,,,one_step,,4.6488752954830226e-05,0.1260127591701501,,unbiased,,0,1048576,136623616,,0.0185583065350217,task_005/cell_0701,,,0.015102919037802134,0.017937127500772476,16,completed,,,,,0.00013925732314776294,0.5089977551413184
0,0.0625,2,702,a66b5e3c37c8a33201d515c128157bb8028554e0,cuda,,,0.9602460200590247,,,,True,0.12204853768993047,0.5052534361363766,,,one_step,,2.0004190928776468e-05,0.12219055454348648,,full,,0,1048576,102020608,,0.0,task_006/cell_0702,,,0.0,0.0100814588367939,17,completed,,,,,-0.00021737000908434855,0.5055357176892339
65717,0.0625,2,703,a66b5e3c37c8a33201d515c128157bb8028554e0,cuda,,,3.113943748991541e-05,,,,False,0.12204853768993047,0.5052534361363766,,,one_step,,0.16897283806718869,0.6401677055869719,,unbiased,,65717,1048576,105166336,,0.46862628679268703,task_007/cell_0703,,,0.24263020697570667,0.01529412716627121,17,completed,,,,,-0.23313129290564422,1.2660425643155029
4080,0.00390625,4,704,a66b5e3c37c8a33201d515c128157bb8028554e0,cuda,,,0.013646783277941103,,,,False,0.12204853768993047,0.5052534361363766,,,one_step,,0.007392199533238053,0.20439196405927262,,unbiased,,20314,1048576,107263488,,0.17586037874352103,task_008/cell_0704,,,0.12095359461766805,0.01568618044257164,17,completed,,,,,0.001625682410381433,0.5966691948974435
19,1.52587890625e-05,8,705,a66b5e3c37c8a33201d515c128157bb8028554e0,cuda,,,0.1813916376757324,,,,False,0.12204853768993047,0.5052534361363766,,,one_step,,0.0012478167455306545,0.14940451510922337,,unbiased,,616,1048576,111457792,,0.08026686653346127,task_009/cell_0705,,,0.06079076204490869,0.015153057873249054,17,completed,,,,,0.0012686910443148128,0.5315207529306426
0,2.3283064365386963e-10,16,706,a66b5e3c37c8a33201d515c128157bb8028554e0,cuda,,,0.8319293421660698,,,,False,0.12204853768993047,0.5052534361363766,,,one_step,,0.00016128125348748165,0.13153171373861205,,unbiased,,0,1048576,119846400,,0.03798815018563931,task_010/cell_0706,,,0.030163225987469865,0.015129417181015015,17,completed,,,,,-0.00028081001788634794,0.5123666618348316
0,5.421010862427522e-20,32,707,a66b5e3c37c8a33201d515c128157bb8028554e0,cuda,,,0.9326965462101249,,,,False,0.12204853768993047,0.5052534361363766,,,one_step,,3.346645497997034e-05,0.1265116136010871,,unbiased,,0,1048576,136623616,,0.01850767401966268,task_011/cell_0707,,,0.015082577853122187,0.017585881054401398,17,completed,,,,,0.00039538397874097717,0.5076743693783357
0,0.0625,2,708,a66b5e3c37c8a33201d515c128157bb8028554e0,cuda,,,0.9611737982463852,,,,True,0.12204853768993047,0.5052534361363766,,,one_step,,1.2805128568056258e-05,0.12175025873212952,,full,,0,1048576,102020608,,0.0,task_000/cell_0708,,,0.0,0.010096602141857147,18,completed,,,,,-0.0006552474288481287,0.5060144698881245
65458,0.0625,2,709,a66b5e3c37c8a33201d515c128157bb8028554e0,cuda,,,0.00035649922379445327,,,,False,0.12204853768993047,0.5052534361363766,,,one_step,,0.04123992025522683,0.5018217106102636,,unbiased,,65458,1048576,105166336,,0.469100774841292,task_001/cell_0709,,,0.24165168123042466,0.015255346894264221,18,completed,,,,,0.14087339794270637,1.0250555726676174
3980,0.00390625,4,710,a66b5e3c37c8a33201d515c128157bb8028554e0,cuda,,,0.00951204074085758,,,,False,0.12204853768993047,0.5052534361363766,,,one_step,,0.006764937975829794,0.20398861132571433,,unbiased,,20496,1048576,107263488,,0.1739998019867886,task_002/cell_0710,,,0.12039779839596086,0.015233814716339111,18,completed,,,,,0.009825854640014437,0.5866639298628336
24,1.52587890625e-05,8,711,a66b5e3c37c8a33201d515c128157bb8028554e0,cuda,,,0.6368075876016625,,,,False,0.12204853768993047,0.5052534361363766,,,one_step,,0.0003668813565212781,0.14248975532452235,,unbiased,,621,1048576,111457792,,0.07795398426948175,task_003/cell_0711,,,0.06029974119476488,0.015240952372550964,18,completed,,,,,-0.00022024627872257606,0.52527546646264
0,2.3283064365386963e-10,16,712,a66b5e3c37c8a33201d515c128157bb8028554e0,cuda,,,0.8595206591433667,,,,False,0.12204853768993047,0.5052534361363766,,,one_step,,0.00012933521990992185,0.13162179645345695,,unbiased,,2,1048576,119846400,,0.03851956374531518,task_004/cell_0712,,,0.030442239037148232,0.015120871365070343,18,completed,,,,,0.0006206587489639363,0.5150830039564175
0,5.421010862427522e-20,32,713,a66b5e3c37c8a33201d515c128157bb8028554e0,cuda,,,0.9328727366126092,,,,False,0.12204853768993047,0.5052534361363766,,,one_step,,4.137315522635307e-05,0.1259758735341716,,unbiased,,0,1048576,136623616,,0.018579749027980975,task_005/cell_0713,,,0.015094618974879364,0.017983969300985336,18,completed,,,,,4.8048202459485346e-05,0.5087262589479277
0,0.0625,2,714,a66b5e3c37c8a33201d515c128157bb8028554e0,cuda,,,0.9612901934975681,,,,True,0.12204853768993047,0.5052534361363766,,,one_step,,1.0393115806413218e-05,0.12192917882191878,,full,,0,1048576,102020608,,0.0,task_006/cell_0714,,,0.0,0.010061901062726974,19,completed,,,,,-1.338946114747393e-05,0.5047650172171309
65370,0.0625,2,715,a66b5e3c37c8a33201d515c128157bb8028554e0,cuda,,,0.001307718489416045,,,,False,0.12204853768993047,0.5052534361363766,,,one_step,,0.015382380647982245,0.4237176753278593,,unbiased,,65370,1048576,105166336,,0.46270934066947755,task_007/cell_0715,,,0.24223789015530742,0.015415199100971222,19,completed,,,,,-0.036786966594786294,0.920734329733998
4057,0.00390625,4,716,a66b5e3c37c8a33201d515c128157bb8028554e0,cuda,,,0.002354034438782642,,,,False,0.12204853768993047,0.5052534361363766,,,one_step,,0.018222322565694393,0.22123119701141114,,unbiased,,20506,1048576,107263488,,0.17440985202632672,task_008/cell_0716,,,0.120704180608677,0.015717890113592148,19,completed,,,,,-0.00579954276359517,0.6671129378154359
18,1.52587890625e-05,8,717,a66b5e3c37c8a33201d515c128157bb8028554e0,cuda,,,0.2139270988838388,,,,False,0.12204853768993047,0.5052534361363766,,,one_step,,0.001697984738665958,0.14546135470012267,,unbiased,,617,1048576,111457792,,0.07952616766068035,task_009/cell_0717,,,0.060764510411406424,0.01517464965581894,19,completed,,,,,0.0021806904855028596,0.5268677298101326
0,2.3283064365386963e-10,16,718,a66b5e3c37c8a33201d515c128157bb8028554e0,cuda,,,0.8302065585394606,,,,False,0.12204853768993047,0.5052534361363766,,,one_step,,0.0001805989297249489,0.13080992879947395,,unbiased,,0,1048576,119846400,,0.037718956517112975,task_010/cell_0718,,,0.030251334172673172,0.015047937631607056,19,completed,,,,,-6.328479660649581e-05,0.5135922482952318
0,5.421010862427522e-20,32,719,a66b5e3c37c8a33201d515c128157bb8028554e0,cuda,,,0.9335459078812747,,,,False,0.12204853768993047,0.5052534361363766,,,one_step,,4.0162106524509875e-05,0.1263719471225926,,unbiased,,0,1048576,136623616,,0.018489451093831634,task_011/cell_0719,,,0.015130966653643056,0.017578229308128357,19,completed,,,,,0.0010615248454128867,0.5087625673484513
