batch,cell_id,commit,device,diffusion,dimension,ess_threshold,family,final_ess_fraction,groups,independent_ks_mean,independent_mean_absolute_error,independent_positive_mass_error,independent_variance_relative_error,independent_w1_mean,initialization,integrability_certificate,joint_sign_total_variation,ks_mean,mean_absolute_error,method,minimum_ess_fraction,off_diagonal_correlation_rms,particles,peak_gpu_bytes,positive_mass_error,resampling_count,score_evaluations,seconds,seed,status,steps,u_max,variance_relative_error,w1_mean
4,0,185e953d57699e678314593985abe20c62d7d129,cuda,1.0,1,0.5,gaussian,0.9112126076998854,16,0.09016363064978472,0.048234039854879285,0.0020446021677339443,0.09139179905758432,0.0484789013326848,standard normal at finite u_max,finite,0.0020446076497974155,0.09016363064978472,0.04823403985487951,full,0.1563965140066135,0.0,8192,10948608,0.002044607649797081,9,16777216,0.17128588259220123,0,completed,128,20.0,0.09139179905758377,0.04847848538595197
4,28,185e953d57699e678314593985abe20c62d7d129,cuda,1.0,1,0.5,gaussian,0.781693717120491,16,0.024675521084512986,0.012225994995968215,0.0005286442293203075,0.06037872931375643,0.013347460529401322,standard normal at finite u_max,finite,0.0005286497113836254,0.024675521084512986,0.012225994995967993,full,0.24200843861592336,0.0,8192,10948608,0.0005286497113828892,9,16777216,0.16587035357952118,4,completed,128,20.0,0.06037872931375643,0.013347388863813182
4,56,185e953d57699e678314593985abe20c62d7d129,cuda,1.0,1,0.5,gaussian,0.7435808227422337,16,0.09769552747425847,0.05751098301318336,0.0024563850685275224,0.05222852471302375,0.05754557090167599,standard normal at finite u_max,finite,0.002456390550588882,0.09769552747425847,0.05751098301318325,full,0.43093681353265806,0.0,8192,10948608,0.002456390550590215,9,67108864,0.6107505336403847,3,completed,512,20.0,0.05222852471302364,0.05754817696938445
4,84,185e953d57699e678314593985abe20c62d7d129,cuda,1.0,1,0.5,gaussian,0.9997097283706102,16,0.039062544340873806,0.021621497889858565,0.0030655296172381608,0.1126714082852186,0.02268140330650563,standard normal at finite u_max,finite,0.0030655350993011943,0.039062544340873806,0.021621497889858565,full,0.4894033009400981,0.0,8192,10948608,0.0030655350993010755,9,268435456,2.4028072506189346,2,completed,2048,20.0,0.11267140828521816,0.02268405285670913
4,112,185e953d57699e678314593985abe20c62d7d129,cuda,1.0,8,0.5,gaussian,0.8971604573364894,16,0.1248898891875482,0.0642037503259065,0.0022259783717070852,0.13960631543129304,0.0665645273111492,standard normal at finite u_max,finite,0.01488568605359593,0.12488988918754823,0.06420375032590646,full,0.11265068681768996,0.06983064763630148,8192,85731328,0.002225981112738362,19,16777216,0.20985736697912216,1,completed,128,20.0,0.1396063154312933,0.06656412845769151
4,140,185e953d57699e678314593985abe20c62d7d129,cuda,1.0,8,0.5,gaussian,0.5130245862096897,16,0.1168021879072525,0.061945564248978915,0.0031724580704532435,0.12754025379762823,0.0625075271555619,standard normal at finite u_max,finite,0.01393060167791364,0.1168021879072525,0.061945564248978915,full,0.3691449396390334,0.0660595816240809,8192,85731328,0.0031724608114844927,22,67108864,0.7651728242635727,0,completed,512,20.0,0.1275402537976284,0.06250754286303484
4,168,185e953d57699e678314593985abe20c62d7d129,cuda,1.0,8,0.5,gaussian,0.9834262285911731,16,0.06323076440686812,0.029679059643644923,0.00266482024920639,0.1495588302414275,0.0313992408039117,standard normal at finite u_max,finite,0.02103337622345242,0.06323076440686812,0.02967905964364516,full,0.37773181328013933,0.051672208164544736,8192,85731328,0.002664825731269471,21,67108864,0.7679660692811012,4,completed,512,20.0,0.1495588302414271,0.03139917656865808
4,196,185e953d57699e678314593985abe20c62d7d129,cuda,1.0,8,0.5,gaussian,0.5726824289125038,16,0.08486693379602434,0.043313239728175454,0.002230593242607423,0.09387519346402881,0.04435179481534669,standard normal at finite u_max,finite,0.017559560170659953,0.08486693379602434,0.043313239728175454,full,0.4594730390614038,0.06503985708501886,8192,85731328,0.0022305987246700326,23,268435456,2.955207049846649,3,completed,2048,20.0,0.09387519346402878,0.04435126874804826
4,224,185e953d57699e678314593985abe20c62d7d129,cuda,1.0,1,0.5,gaussian,0.9440392284492617,64,0.08489084184262169,0.0194857479054652,1.3000392207196398e-08,0.1495837868368326,0.01986409123770718,standard normal at finite u_max,infinite,1.300072316468004e-08,0.08489084184262169,0.019485747905465534,full,0.00013105570662977025,0.0,8192,42406912,1.3000722942635434e-08,41,67108864,0.17269006371498108,2,completed,128,20.0,0.14958378683683227,0.019866263774180354
4,252,185e953d57699e678314593985abe20c62d7d129,cuda,1.0,1,0.5,gaussian,0.5834077683917988,64,0.03917075523551472,0.013189799793310919,1.3000392207196398e-08,0.028124242086446594,0.013229849849020802,standard normal at finite u_max,finite,1.300072227650162e-08,0.03917075523551472,0.013189799793311141,full,0.13149813119614395,0.0,8192,42406912,1.3000722165479317e-08,43,268435456,0.6262670606374741,1,completed,512,20.0,0.028124242086446927,0.013229387790738378
4,280,185e953d57699e678314593985abe20c62d7d129,cuda,1.0,1,0.5,gaussian,0.9999524825034529,64,0.06491229332687931,0.015312865033155099,1.3000392207196398e-08,0.17330621500644472,0.01584551905489122,standard normal at finite u_max,finite,1.300072272059083e-08,0.06491229332687931,0.015312865033155432,full,0.4166401017873274,0.0,8192,42406912,1.3000722942635434e-08,39,1073741824,2.4011178016662598,0,completed,2048,20.0,0.17330621500644416,0.01584438418354909
4,308,185e953d57699e678314593985abe20c62d7d129,cuda,1.0,1,0.5,gaussian,0.7323335008463197,64,0.16189228444161358,0.04663110672077109,1.3000392207196398e-08,0.03859587660871122,0.0467283761688119,standard normal at finite u_max,finite,1.3000724496947669e-08,0.16189228444161358,0.0466311067207712,full,0.4189417814818655,0.0,8192,42406912,1.300072272059083e-08,44,1073741824,2.3935413882136345,4,completed,2048,20.0,0.03859587660871078,0.04672801038234471
4,336,185e953d57699e678314593985abe20c62d7d129,cuda,1.0,8,0.5,gaussian,0.6695341607738062,64,0.05352528238430418,0.012586541923119976,1.3000392415363216e-08,0.1436112193201711,0.014320123248150945,standard normal at finite u_max,infinite,1.0400577490206046e-07,0.05352528238430418,0.012586541923119782,full,0.00014610555703386798,0.03642344800808907,8192,337420288,1.3000722165479317e-08,49,67108864,0.5102496072649956,3,completed,128,20.0,0.14361121932017132,0.014320468539581889
4,364,185e953d57699e678314593985abe20c62d7d129,cuda,1.0,8,0.5,gaussian,0.9811238243500521,64,0.04980788634689932,0.009610650584215757,1.3000392415363216e-08,0.16568925892801345,0.012308256847319636,standard normal at finite u_max,finite,1.0400577501308276e-07,0.04980788634689932,0.009610650584215535,full,0.11049063467750932,0.05420357957838751,8192,337420288,1.300072183241241e-08,89,268435456,1.9341866746544838,2,completed,512,20.0,0.16568925892801403,0.01230781547804903
4,392,185e953d57699e678314593985abe20c62d7d129,cuda,1.0,8,0.5,gaussian,0.5436485978193848,64,0.05517741574945227,0.010426947395624275,1.3000392415363216e-08,0.19781555840367954,0.013990736371990897,standard normal at finite u_max,finite,1.040057744024601e-07,0.05517741574945227,0.010426947395624248,full,0.33743036678020655,0.04492396932862207,8192,337420288,1.3000722498546224e-08,97,1073741824,7.5725415870547295,1,completed,2048,20.0,0.1978155584036796,0.013990717938931065
4,420,185e953d57699e678314593985abe20c62d7d129,cuda,1.0,1,0.5,mixture,0.9404836058022945,16,0.016489753229875226,0.026754567967638893,0.013236887240397899,0.005233948262313715,0.02845015547622837,standard normal at finite u_max,finite,0.013236887299396288,0.016489753229875226,0.026754567967639004,full,0.47215155927283964,0.0,8192,10948608,0.013236887299396816,2,16777216,0.1571778878569603,0,completed,128,20.0,0.005233948262313937,0.028451868858352877
4,448,185e953d57699e678314593985abe20c62d7d129,cuda,1.0,1,0.5,mixture,0.8001903475761133,16,0.040460922188978454,0.08008140065233241,0.03160126462366869,0.04515703561769535,0.08197832375471084,standard normal at finite u_max,finite,0.031601264564668996,0.040460922188978454,0.08008140065233228,full,0.2303135998040928,0.0,8192,10948608,0.03160126456466961,2,16777216,0.15601595491170883,4,completed,128,20.0,0.04515703561769491,0.08197851248201508
4,476,185e953d57699e678314593985abe20c62d7d129,cuda,1.0,1,0.5,mixture,0.7887813738329195,16,0.014013873553017975,0.027831859555877136,0.009104771418121549,0.010131510413468825,0.0283213293328607,standard normal at finite u_max,finite,0.009104771477119494,0.014013873553017975,0.027831859555877247,full,0.4979420049768391,0.0,8192,10948608,0.009104771477120521,1,67108864,0.6016011461615562,3,completed,512,20.0,0.010131510413468825,0.028321476349746813
4,504,185e953d57699e678314593985abe20c62d7d129,cuda,1.0,1,0.5,mixture,0.9983174494735333,16,0.0073448547564651245,7.47008085756895e-05,0.0012537988563917635,0.0029593094722011326,0.008069614525877844,standard normal at finite u_max,finite,0.0012537987973930131,0.0073448547564651245,7.47008085759393e-05,full,0.4960280798201914,0.0,8192,10948608,0.0012537987973932907,2,268435456,2.387622758746147,2,completed,2048,20.0,0.0029593094722001334,0.008069165467842428
4,532,185e953d57699e678314593985abe20c62d7d129,cuda,1.0,8,0.5,mixture,0.7019253692477793,16,0.2975869988679702,0.6850643706942212,0.2706907568464611,0.25264898499044064,0.685466347996066,standard normal at finite u_max,finite,0.6833091265328842,0.29758699886797013,0.6850643706942212,full,0.11410572546122007,0.3885441523355144,8192,85731328,0.27069075686121047,7,16777216,0.20521431416273117,1,completed,128,20.0,0.25264898499044086,0.6854658382856034
4,560,185e953d57699e678314593985abe20c62d7d129,cuda,1.0,8,0.5,mixture,0.7049725986793214,16,0.1667962094341751,0.35662866441508617,0.14975412620307477,0.047217373021313305,0.35934789850797727,standard normal at finite u_max,finite,0.42736458853160014,0.1667962094341751,0.35662866441508617,full,0.42531334612038235,0.2631715122282435,8192,85731328,0.14975412615882533,6,67108864,0.8554831445217133,0,completed,512,20.0,0.04721737302131335,0.359347771960028
4,588,185e953d57699e678314593985abe20c62d7d129,cuda,1.0,8,0.5,mixture,0.9998449990506657,16,0.04535598093042238,0.06534376883547285,0.02663214896936432,0.026053772250674817,0.07457096994704886,standard normal at finite u_max,finite,0.305085289517109,0.04535598093042238,0.06534376883547285,full,0.44549244090357165,0.09727242749052609,8192,85731328,0.02663214893986402,6,67108864,0.7674876600503922,4,completed,512,20.0,0.02605377225067515,0.07457059847151026
4,616,185e953d57699e678314593985abe20c62d7d129,cuda,1.0,8,0.5,mixture,0.8454470727372643,16,0.04197785259697362,0.08118260376299262,0.038995448776754885,0.01731474196120525,0.08670798312878579,standard normal at finite u_max,finite,0.26607646315394234,0.04197785259697362,0.08118260376299258,full,0.49243102453384285,0.051194986956526106,8192,85731328,0.03899544876200542,5,268435456,2.958351045846939,3,completed,2048,20.0,0.01731474196120543,0.08670814280805623
4,644,185e953d57699e678314593985abe20c62d7d129,cuda,1.0,1,0.5,mixture,0.8328054110498084,64,0.14638266123278976,0.34407164104168486,0.1420909947257849,0.19488460869319257,0.34408330231490314,standard normal at finite u_max,infinite,0.1420909947257877,0.14638266123278976,0.34407164104168486,full,0.0014511667246243866,0.0,8192,42406912,0.14209099472578768,23,67108864,0.16463448107242584,2,completed,128,20.0,0.19488460869319302,0.34408474476357526
4,672,185e953d57699e678314593985abe20c62d7d129,cuda,1.0,1,0.5,mixture,0.5774730468661562,64,0.10791305376462257,0.24461021686491305,0.1011468791016048,0.15789352038662785,0.24506953946213303,standard normal at finite u_max,finite,0.10114687910160589,0.10791305376462257,0.24461021686491313,full,0.289781851391901,0.0,8192,42406912,0.10114687910160725,14,268435456,0.6073508858680725,1,completed,512,20.0,0.15789352038662763,0.24506978455029643
4,700,185e953d57699e678314593985abe20c62d7d129,cuda,1.0,1,0.5,mixture,0.7872648151305871,64,0.2115044712101093,0.5117789742250147,0.21137618302026062,0.584026695909621,0.5122154286615257,standard normal at finite u_max,finite,0.2113761830202603,0.2115044712101093,0.511778974225015,full,0.437165268614667,0.0,8192,42406912,0.2113761830202581,20,1073741824,2.387238048017025,0,completed,2048,20.0,0.584026695909621,0.5122167360316802
4,728,185e953d57699e678314593985abe20c62d7d129,cuda,1.0,1,0.5,mixture,0.7728025712056106,64,0.08104379593290945,0.18702076979244725,0.08082279790121127,0.19412467254205057,0.19610026014622706,standard normal at finite u_max,finite,0.08082279790120873,0.08104379593290945,0.1870207697924473,full,0.42905862044092963,0.0,8192,42406912,0.08082279790120867,13,1073741824,2.3883616849780083,4,completed,2048,20.0,0.19412467254205035,0.19610060875334542
4,756,185e953d57699e678314593985abe20c62d7d129,cuda,1.0,8,0.5,mixture,0.9855330281330895,64,0.4572594563832931,1.108235116165635,0.45128672176555884,0.9880010266411883,1.108314237307878,standard normal at finite u_max,infinite,0.9953975204328013,0.4572594563832931,1.1082351161656359,full,0.00033160657911981257,0.04810610177626557,8192,337420288,0.4512867217655585,28,67108864,0.50225879997015,3,completed,128,20.0,0.9880010266411883,1.1083142815441145
4,784,185e953d57699e678314593985abe20c62d7d129,cuda,1.0,8,0.5,mixture,0.9437454926076837,64,0.4637756713469305,1.091353258676146,0.4503560757150824,0.9849629221759155,1.096336146953763,standard normal at finite u_max,finite,0.9925454028068863,0.4637756713469305,1.0913532586761465,full,0.18827952216450694,0.13050905144371996,8192,337420288,0.45035607571508185,36,268435456,1.9147889092564583,2,completed,512,20.0,0.9849629221759155,1.096334948801942
4,812,185e953d57699e678314593985abe20c62d7d129,cuda,1.0,8,0.5,mixture,0.513586926491649,64,0.4621473509662778,1.023777943565262,0.41594783173893635,0.8277500360711814,1.0359231237943645,standard normal at finite u_max,finite,0.9711583949954313,0.46214735096627774,1.0237779435652627,full,0.4259168820762555,0.3921694196004701,8192,337420288,0.4159478317389359,37,1073741824,7.559373170137405,1,completed,2048,20.0,0.8277500360711812,1.0359230100859078
4,840,185e953d57699e678314593985abe20c62d7d129,cuda,1.0,1,0.5,weak_mixture,0.8984521022698497,16,0.01926973817226918,0.01955802093101204,0.013517083326227919,0.06346655591842665,0.020758984484467186,standard normal at finite u_max,finite,0.013517082829731991,0.01926973817226918,0.019558020931012006,full,0.45264832347046025,0.0,8192,10948608,0.013517082829732852,1,16777216,0.15937618166208267,0,completed,128,20.0,0.06346655591842643,0.02075914499086262
4,868,185e953d57699e678314593985abe20c62d7d129,cuda,1.0,1,0.5,weak_mixture,0.7545393823775863,16,0.024243705554134604,0.0192634329423875,0.01289438707165147,0.16711771198830028,0.030098021031039614,standard normal at finite u_max,finite,0.012894386575156791,0.024243705554134604,0.019263432942387464,full,0.4494495827857989,0.0,8192,10948608,0.012894386575156347,1,16777216,0.15953582525253296,4,completed,128,20.0,0.16711771198830006,0.030098229513889664
4,896,185e953d57699e678314593985abe20c62d7d129,cuda,1.0,1,0.5,weak_mixture,0.9236116674690625,16,0.01617341689791757,0.0049219954087972,0.008207617946477175,0.048733105530073484,0.014004492056684241,standard normal at finite u_max,finite,0.008207617449981525,0.01617341689791757,0.0049219954087971664,full,0.49879467628160024,0.0,8192,10948608,0.008207617449982219,1,67108864,0.6029499396681786,3,completed,512,20.0,0.04873310553007304,0.014004095155052562
4,924,185e953d57699e678314593985abe20c62d7d129,cuda,1.0,1,0.5,weak_mixture,0.9035569787097197,16,0.018720788128887222,0.025482647998816513,0.015187619204396263,0.016155634358584137,0.02554382146679989,standard normal at finite u_max,finite,0.015187619700892191,0.018720788128887222,0.025482647998816547,full,0.4988391384217573,0.0,8192,10948608,0.015187619700891442,1,268435456,2.3808591216802597,2,completed,2048,20.0,0.016155634358584248,0.025541239575598274
4,952,185e953d57699e678314593985abe20c62d7d129,cuda,1.0,8,0.5,weak_mixture,0.927021050454279,16,0.01882679978377871,0.01622774176460356,0.013405906775161389,0.03498220228095679,0.018497327908982758,standard normal at finite u_max,finite,0.09948394770851061,0.01882679978377871,0.01622774176460358,full,0.4374977770145662,0.03232371651384309,8192,85731328,0.013405906899285128,3,16777216,0.2039061188697815,1,completed,128,20.0,0.03498220228095693,0.018497469178800855
4,980,185e953d57699e678314593985abe20c62d7d129,cuda,1.0,8,0.5,weak_mixture,0.7487519187017238,16,0.017978036524423032,0.014028563913480781,0.010708736141265537,0.029515059536844218,0.016629907831094342,standard normal at finite u_max,finite,0.10027424528548165,0.017978036524423032,0.014028563913480813,full,0.4796665958879071,0.03941273542608613,8192,85731328,0.010708736389513293,3,67108864,0.7520840764045715,0,completed,512,20.0,0.029515059536844107,0.016629216944133815
4,1008,185e953d57699e678314593985abe20c62d7d129,cuda,1.0,8,0.5,weak_mixture,0.846030012522565,16,0.024477378711380834,0.022373378111638472,0.019278624790037203,0.04281997450690431,0.025969168914169623,standard normal at finite u_max,finite,0.1095973085060653,0.024477378711380834,0.022373378111638476,full,0.481128406033575,0.029485241080107732,8192,85731328,0.019278624790037197,3,67108864,0.7525127977132797,4,completed,512,20.0,0.04281997450690413,0.025969158828464046
4,1036,185e953d57699e678314593985abe20c62d7d129,cuda,1.0,8,0.5,weak_mixture,0.8166979587593418,16,0.02737089414326708,0.02454400132397768,0.0214471979245993,0.04624662815714395,0.02636352100137145,standard normal at finite u_max,finite,0.1080747048722756,0.02737089414326708,0.02454400132397766,full,0.4953982499501329,0.03415066258156358,8192,85731328,0.02144719767635165,3,268435456,2.9766633063554764,3,completed,2048,20.0,0.04624662815714409,0.02636296914208961
4,1064,185e953d57699e678314593985abe20c62d7d129,cuda,1.0,1,0.5,weak_mixture,0.6745236842307469,64,0.013396202451147171,0.005123816040906757,0.010241684966599052,0.050977018877585545,0.011676119920206292,standard normal at finite u_max,finite,0.010241684337777446,0.013396202451147171,0.005123816040906804,full,0.4777969125968691,0.0,8192,42406912,0.010241684337777057,1,67108864,0.15767623484134674,2,completed,128,20.0,0.050977018877585545,0.011676223807665835
4,1092,185e953d57699e678314593985abe20c62d7d129,cuda,1.0,1,0.5,weak_mixture,0.5794209071590117,64,0.014914410622464791,0.012708923758080842,0.01202562032782828,0.0024143674588936737,0.013357438325657032,standard normal at finite u_max,finite,0.012025620956650773,0.014914410622464791,0.012708923758080791,full,0.4848295904211135,0.0,8192,42406912,0.012025620956650163,1,268435456,0.6057854667305946,1,completed,512,20.0,0.0024143674588934516,0.013357119246243112
4,1120,185e953d57699e678314593985abe20c62d7d129,cuda,1.0,1,0.5,weak_mixture,0.5351755131246632,64,0.022045859617443875,0.0251976026455241,0.01602337977164836,0.10369731449159714,0.026727971525382102,standard normal at finite u_max,finite,0.016023380400470327,0.022045859617443875,0.025197602645524057,full,0.4989924739449851,0.0,8192,42406912,0.016023380400470355,1,1073741824,2.3915465101599693,0,completed,2048,20.0,0.10369731449159736,0.026727360165991497
4,1148,185e953d57699e678314593985abe20c62d7d129,cuda,1.0,1,0.5,weak_mixture,0.9990289319070712,64,0.026532340794848286,0.03447827469833749,0.01935614270678171,0.055021808047794885,0.034552872190992484,standard normal at finite u_max,finite,0.019356142077959215,0.026532340794848286,0.03447827469833752,full,0.49614266194578854,0.0,8192,42406912,0.01935614207796027,2,1073741824,2.38359297811985,4,completed,2048,20.0,0.055021808047793996,0.034551686054396256
4,1176,185e953d57699e678314593985abe20c62d7d129,cuda,1.0,8,0.5,weak_mixture,0.7113466612411286,64,0.06301559956141099,0.06339453422915044,0.0505942707006823,0.11648555002628445,0.06631971135512395,standard normal at finite u_max,finite,0.17000283599804022,0.06301559956141099,0.06339453422915044,full,0.36510591104899076,0.09584840365365059,8192,337420288,0.05059427117229866,4,67108864,0.5478105321526527,3,completed,128,20.0,0.1164855500262846,0.06632032133247628
4,1204,185e953d57699e678314593985abe20c62d7d129,cuda,1.0,8,0.5,weak_mixture,0.5959599693260021,64,0.0365777287099344,0.03468516853636473,0.03013779320249972,0.05956038404357865,0.03776182304975936,standard normal at finite u_max,finite,0.14942381673306948,0.0365777287099344,0.03468516853636473,full,0.47348607711979884,0.06113388865656951,8192,337420288,0.030137793045294264,4,268435456,1.9534446224570274,2,completed,512,20.0,0.05956038404357855,0.03776162836910152
4,1232,185e953d57699e678314593985abe20c62d7d129,cuda,1.0,8,0.5,weak_mixture,0.9915106354192816,64,0.058657924471245244,0.061842697171301905,0.047560454583751396,0.090454997980637,0.06350743488194138,standard normal at finite u_max,finite,0.15846097378247995,0.058657924471245244,0.06184269717130186,full,0.49267154473258207,0.07157231436497616,8192,337420288,0.04756045474095669,5,1073741824,7.543231800198555,1,completed,2048,20.0,0.09045499798063676,0.06350804250571411
4,1,185e953d57699e678314593985abe20c62d7d129,cuda,1.0,1,0.5,gaussian,0.9999999999999984,16,0.11543390636551812,0.03781368614855085,0.003201894436323016,0.4050880953661373,0.05267311871931379,standard normal at finite u_max,finite,0.00320189991838582,0.11543390636551812,0.03781368614855107,unweighted,0.9999999999999987,0.0,8192,10948608,0.003201899918386153,0,16777216,0.15997746586799622,0,completed,128,20.0,0.405088095366137,0.05267504282366621
4,29,185e953d57699e678314593985abe20c62d7d129,cuda,1.0,1,0.5,gaussian,0.9999999999999984,16,0.11139923202955568,0.03852062402442202,0.003079824123823016,0.3912525655221013,0.05181289986874793,standard normal at finite u_max,finite,0.0030798296058857644,0.11139923202955568,0.038520624024422245,unweighted,0.9999999999999987,0.0,8192,10948608,0.003079829605886153,0,16777216,0.1587524563074112,4,completed,128,20.0,0.39125256552210097,0.05181228310674765
4,57,185e953d57699e678314593985abe20c62d7d129,cuda,1.0,1,0.5,gaussian,0.9999999999999984,16,0.12002570515043678,0.036077885963729406,0.002957753811323016,0.4337524299664388,0.05379497487772893,standard normal at finite u_max,finite,0.0029577592933857644,0.12002570515043678,0.03607788596372963,unweighted,0.9999999999999987,0.0,8192,10948608,0.002957759293386153,0,67108864,0.6051144897937775,3,completed,512,20.0,0.4337524299664385,0.053795544971754324
4,85,185e953d57699e678314593985abe20c62d7d129,cuda,1.0,1,0.5,gaussian,0.9999999999999984,16,0.12630654628794183,0.040229370300636225,0.003201894436323016,0.43943382475859993,0.05674695796999142,standard normal at finite u_max,finite,0.00320189991838582,0.12630654628794183,0.04022937030063645,unweighted,0.9999999999999987,0.0,8192,10948608,0.003201899918386153,0,268435456,2.4475836008787155,2,completed,2048,20.0,0.4394338247585996,0.05674797309294767
4,113,185e953d57699e678314593985abe20c62d7d129,cuda,1.0,8,0.5,gaussian,0.9999999999999984,16,0.11517757990151911,0.038738769637828616,0.0031103417019483492,0.3999907875032907,0.052721335608492556,standard normal at finite u_max,finite,0.024597547845387167,0.11517757990151911,0.03873876963782895,unweighted,0.9999999999999987,0.013490180657115552,8192,85731328,0.0031103471840114305,0,16777216,0.20164823532104492,1,completed,128,20.0,0.3999907875032903,0.05272097624566417
4,141,185e953d57699e678314593985abe20c62d7d129,cuda,1.0,8,0.5,gaussian,0.9999999999999984,16,0.1225427563339012,0.03874600985353227,0.0031561180691358492,0.4400922286697694,0.05656297770706688,standard normal at finite u_max,finite,0.024963758782887167,0.12254275633390121,0.038746009853532604,unweighted,0.9999999999999987,0.010521576674427354,8192,85731328,0.0031561235511989305,0,67108864,0.7486170828342438,0,completed,512,20.0,0.4400922286697691,0.056563291448682246
4,169,185e953d57699e678314593985abe20c62d7d129,cuda,1.0,8,0.5,gaussian,0.9999999999999984,16,0.12333209413420447,0.03814851337907861,0.0031256004910108492,0.43835610820750714,0.05605260116310939,standard normal at finite u_max,finite,0.024719618157887167,0.12333209413420448,0.038148513379078944,unweighted,0.9999999999999987,0.00836316734022288,8192,85731328,0.0031256059730739305,0,67108864,0.7530755996704102,4,completed,512,20.0,0.4383561082075068,0.056052249653303805
4,197,185e953d57699e678314593985abe20c62d7d129,cuda,1.0,8,0.5,gaussian,0.9999999999999984,16,0.12677824967556892,0.03958712486263889,0.0030493065456983492,0.44482527415967676,0.057433935003056207,standard normal at finite u_max,finite,0.024109266595387167,0.12677824967556892,0.039587124862639225,unweighted,0.9999999999999987,0.010890255261200835,8192,85731328,0.0030493120277614305,0,268435456,2.932169623672962,3,completed,2048,20.0,0.44482527415967643,0.05743410207896282
4,225,185e953d57699e678314593985abe20c62d7d129,cuda,1.0,1,0.5,gaussian,0.9999999999999984,64,0.08593064993131538,0.011172848991761075,1.3000392207196398e-08,0.3812264323354445,0.02192183965550268,standard normal at finite u_max,finite,1.3000722609568527e-08,0.08593064993131538,0.011172848991761408,unweighted,0.9999999999999987,0.0,8192,42406912,1.3000722942635434e-08,0,67108864,0.1552494615316391,2,completed,128,20.0,0.3812264323354442,0.021924634445906973
4,253,185e953d57699e678314593985abe20c62d7d129,cuda,1.0,1,0.5,gaussian,0.9999999999999984,64,0.09729088996861107,0.008081348217490514,1.3000392207196398e-08,0.46519946309724236,0.026322485329304,standard normal at finite u_max,finite,1.3000722609568527e-08,0.09729088996861107,0.008081348217490847,unweighted,0.9999999999999987,0.0,8192,42406912,1.3000722942635434e-08,0,268435456,0.693196713924408,1,completed,512,20.0,0.465199463097242,0.026324672567468666
4,281,185e953d57699e678314593985abe20c62d7d129,cuda,1.0,1,0.5,gaussian,0.9999999999999984,64,0.10092549631371325,0.009961915083484874,1.3000392207196398e-08,0.4694825336159364,0.02657687648574788,standard normal at finite u_max,finite,1.3000722609568527e-08,0.10092549631371325,0.009961915083485207,unweighted,0.9999999999999987,0.0,8192,42406912,1.3000722942635434e-08,0,1073741824,2.3198138251900673,0,completed,2048,20.0,0.46948253361593617,0.026575245227650892
4,309,185e953d57699e678314593985abe20c62d7d129,cuda,1.0,1,0.5,gaussian,0.9999999999999984,64,0.10740162162460384,0.010955940619541082,1.3000392207196398e-08,0.4829675685453182,0.02817747546247639,standard normal at finite u_max,finite,1.3000722609568527e-08,0.10740162162460384,0.010955940619541416,unweighted,0.9999999999999987,0.0,8192,42406912,1.3000722942635434e-08,0,1073741824,2.310303844511509,4,completed,2048,20.0,0.48296756854531786,0.028178635305823204
4,337,185e953d57699e678314593985abe20c62d7d129,cuda,1.0,8,0.5,gaussian,0.9999999999999984,64,0.08412740942865973,0.00999894507715525,1.3000392415363216e-08,0.37911344647769524,0.021741646132675797,standard normal at finite u_max,finite,1.0400577529063851e-07,0.08412740942865973,0.009998945077155555,unweighted,0.9999999999999987,0.013407872147843444,8192,337420288,1.3000722942635434e-08,0,67108864,0.4833148792386055,3,completed,128,20.0,0.37911344647769496,0.02174178094662121
4,365,185e953d57699e678314593985abe20c62d7d129,cuda,1.0,8,0.5,gaussian,0.9999999999999984,64,0.10145980214757137,0.010273906657255208,1.3000392415363216e-08,0.4625902431371841,0.026615392536345442,standard normal at finite u_max,finite,1.0400577529063851e-07,0.10145980214757136,0.010273906657255513,unweighted,0.9999999999999987,0.010164193301050263,8192,337420288,1.3000722942635434e-08,0,268435456,1.8836552202701569,2,completed,512,20.0,0.46259024313718394,0.026615633498912633
4,393,185e953d57699e678314593985abe20c62d7d129,cuda,1.0,8,0.5,gaussian,0.9999999999999984,64,0.10715991088781507,0.010530801018182212,1.3000392415363216e-08,0.4835226534256827,0.027902694224243522,standard normal at finite u_max,finite,1.0400577529063851e-07,0.10715991088781507,0.010530801018182517,unweighted,0.9999999999999987,0.011422170958787834,8192,337420288,1.3000722942635434e-08,0,1073741824,7.483016550540924,1,completed,2048,20.0,0.48352265342568235,0.027902180440410346
4,421,185e953d57699e678314593985abe20c62d7d129,cuda,1.0,1,0.5,mixture,0.9999999999999984,16,0.05495577597499979,0.05972837331909866,0.027884097795055462,0.0451198323296238,0.07998572596526313,standard normal at finite u_max,finite,0.027884097736056462,0.05495577597499979,0.05972837331909849,unweighted,0.9999999999999987,0.0,8192,10948608,0.027884097736056712,0,16777216,0.15156099945306778,0,completed,128,20.0,0.045119832329624465,0.07998356298853691
4,449,185e953d57699e678314593985abe20c62d7d129,cuda,1.0,1,0.5,mixture,0.9999999999999984,16,0.059226214960133694,0.0784120153260535,0.03581866810755546,0.04349092027310064,0.09000599173371909,standard normal at finite u_max,finite,0.03581866804855646,0.059226214960133694,0.07841201532605335,unweighted,0.9999999999999987,0.0,8192,10948608,0.03581866804855671,0,16777216,0.1538935825228691,4,completed,128,20.0,0.04349092027310131,0.09000409282298541
4,477,185e953d57699e678314593985abe20c62d7d129,cuda,1.0,1,0.5,mixture,0.9999999999999984,16,0.0634205499253585,0.06851347199605598,0.03240069935755546,0.050309463132628185,0.08952238853166078,standard normal at finite u_max,finite,0.03240069929855646,0.0634205499253585,0.06851347199605583,unweighted,0.9999999999999987,0.0,8192,10948608,0.03240069929855671,0,67108864,0.5873512104153633,3,completed,512,20.0,0.05030946313262885,0.08952332484457513
4,505,185e953d57699e678314593985abe20c62d7d129,cuda,1.0,1,0.5,mixture,0.9999999999999984,16,0.07608982726290747,0.08795267632561445,0.03838214467005546,0.060365583634033326,0.10613549217372106,standard normal at finite u_max,finite,0.03838214461105646,0.07608982726290747,0.08795267632561429,unweighted,0.9999999999999987,0.0,8192,10948608,0.03838214461105671,0,268435456,2.3191782385110855,2,completed,2048,20.0,0.06036558363403399,0.10613668637119406
4,533,185e953d57699e678314593985abe20c62d7d129,cuda,1.0,8,0.5,mixture,0.9999999999999984,16,0.06107739353812362,0.0842381851779361,0.03798543153457715,0.042624038818292465,0.09551667791824874,standard normal at finite u_max,finite,0.11169454334886703,0.06107739353812362,0.08423818517793602,unweighted,0.9999999999999987,0.011039636455091265,8192,85731328,0.037985431475577563,0,16777216,0.2029530629515648,1,completed,128,20.0,0.04262403881829291,0.09551673538083424
4,561,185e953d57699e678314593985abe20c62d7d129,cuda,1.0,8,0.5,mixture,0.9999999999999984,16,0.068728735184914,0.08077560161516123,0.03691731630020215,0.05125395427821591,0.09951397714706024,standard normal at finite u_max,finite,0.11172063894602752,0.068728735184914,0.08077560161516115,unweighted,0.9999999999999987,0.00976204513135642,8192,85731328,0.036917316241202563,0,67108864,0.7396897673606873,0,completed,512,20.0,0.05125395427821636,0.09951337811232433
4,589,185e953d57699e678314593985abe20c62d7d129,cuda,1.0,8,0.5,mixture,0.9999999999999984,16,0.06525196374331095,0.07536108206420329,0.03450642762832715,0.04914639519956751,0.09549539798848972,standard normal at finite u_max,finite,0.10705907225557149,0.06525196374331095,0.07536108206420322,unweighted,0.9999999999999987,0.013341359574565408,8192,85731328,0.03450642756932755,0,67108864,0.7486491352319717,4,completed,512,20.0,0.04914639519956798,0.09549572105393068
4,617,185e953d57699e678314593985abe20c62d7d129,cuda,1.0,8,0.5,mixture,0.9999999999999984,16,0.06938703933874059,0.07726081277507357,0.03453694520645215,0.05255557995277843,0.09662770794412452,standard normal at finite u_max,finite,0.10641769649584742,0.06938703933874059,0.07726081277507348,unweighted,0.9999999999999987,0.01366753051278007,8192,85731328,0.03453694514745256,0,268435456,2.9143510088324547,3,completed,2048,20.0,0.05255557995277885,0.09662721507682795
4,645,185e953d57699e678314593985abe20c62d7d129,cuda,1.0,1,0.5,mixture,0.9999999999999984,64,0.1819187908544907,0.40106190480318127,0.1642134645002638,0.2054039791061817,0.40163368648047615,standard normal at finite u_max,finite,0.16421346450026617,0.1819187908544907,0.40106190480318127,unweighted,0.9999999999999987,0.0,8192,42406912,0.16421346450026636,0,67108864,0.15280216187238693,2,completed,128,20.0,0.20540397910618235,0.4016336151597817
4,673,185e953d57699e678314593985abe20c62d7d129,cuda,1.0,1,0.5,mixture,0.9999999999999984,64,0.19094485878430656,0.40937791524624445,0.1688521363752638,0.20873178862508723,0.4110865155841934,standard normal at finite u_max,finite,0.16885213637526617,0.19094485878430656,0.40937791524624445,unweighted,0.9999999999999987,0.0,8192,42406912,0.16885213637526642,0,268435456,0.5844948887825012,1,completed,512,20.0,0.20873178862508768,0.4110864003520086
4,701,185e953d57699e678314593985abe20c62d7d129,cuda,1.0,1,0.5,mixture,0.9999999999999984,64,0.1902467447628542,0.40751037931458156,0.1673872926252638,0.20740353707055315,0.40863928243280734,standard normal at finite u_max,finite,0.16738729262526617,0.1902467447628542,0.40751037931458156,unweighted,0.9999999999999987,0.0,8192,42406912,0.16738729262526642,0,1073741824,2.3124980479478836,0,completed,2048,20.0,0.2074035370705536,0.4086398093560167
4,729,185e953d57699e678314593985abe20c62d7d129,cuda,1.0,1,0.5,mixture,0.9999999999999984,64,0.17919856462404649,0.3785868728954936,0.1551802613752638,0.20161468612399158,0.38015132865918244,standard normal at finite u_max,finite,0.15518026137526617,0.17919856462404649,0.3785868728954936,unweighted,0.9999999999999987,0.0,8192,42406912,0.15518026137526636,0,1073741824,2.3158377557992935,4,completed,2048,20.0,0.20161468612399158,0.38014972371921085
4,757,185e953d57699e678314593985abe20c62d7d129,cuda,1.0,8,0.5,mixture,0.9999999999999984,64,0.17835680560361872,0.3954586688252164,0.1624587037580762,0.20639183749490725,0.39606811482942644,standard normal at finite u_max,finite,0.3715158432589617,0.17835680560361872,0.39545866882521635,unweighted,0.9999999999999987,0.01134363904145213,8192,337420288,0.16245870375807892,0,67108864,0.49153362214565277,3,completed,128,20.0,0.20639183749490775,0.39606757970066375
4,785,185e953d57699e678314593985abe20c62d7d129,cuda,1.0,8,0.5,mixture,0.9999999999999984,64,0.1880888656742894,0.40557788874012196,0.1664259889143262,0.20842957359253927,0.40678734426851587,standard normal at finite u_max,finite,0.37857322246525604,0.1880888656742894,0.4055778887401219,unweighted,0.9999999999999987,0.013507698053769794,8192,337420288,0.16642598891432892,0,268435456,1.8848580196499825,2,completed,512,20.0,0.20842957359253986,0.4067874330134915
4,813,185e953d57699e678314593985abe20c62d7d129,cuda,1.0,8,0.5,mixture,0.9999999999999984,64,0.1878455941556752,0.40045609860245457,0.1642134645002637,0.2053121535909005,0.4020289956924131,standard normal at finite u_max,finite,0.37348246164805743,0.1878455941556752,0.40045609860245446,unweighted,0.9999999999999987,0.009775778938428042,8192,337420288,0.16421346450026642,0,1073741824,7.489734478294849,1,completed,2048,20.0,0.20531215359090102,0.402028720752612
4,841,185e953d57699e678314593985abe20c62d7d129,cuda,1.0,1,0.5,weak_mixture,0.9999999999999984,16,0.048577768305881786,0.002953356503002236,0.0004042241701621707,0.3093202850358875,0.06471926455219151,standard normal at finite u_max,finite,0.0004042246666573768,0.048577768305881786,0.002953356503002196,unweighted,0.9999999999999987,0.0,8192,10948608,0.00040422466665757106,0,16777216,0.153202623128891,0,completed,128,20.0,0.3093202850358874,0.06471976851531079
4,869,185e953d57699e678314593985abe20c62d7d129,cuda,1.0,1,0.5,weak_mixture,0.9999999999999984,16,0.045410951642839814,0.0020833622748703366,0.0005723383298378293,0.2833951245937537,0.059521980121467546,standard normal at finite u_max,finite,0.0005723378333426232,0.045410951642839814,0.0020833622748702967,unweighted,0.9999999999999987,0.0,8192,10948608,0.0005723378333424289,0,16777216,0.1517956629395485,4,completed,128,20.0,0.2833951245937534,0.059523053983848356
4,897,185e953d57699e678314593985abe20c62d7d129,cuda,1.0,1,0.5,weak_mixture,0.9999999999999984,16,0.050719639499680724,0.00534196047285266,0.005211010204837829,0.31021333668176776,0.06340225786690734,standard normal at finite u_max,finite,0.005211009708342623,0.050719639499680724,0.0053419604728526205,unweighted,0.9999999999999987,0.0,8192,10948608,0.005211009708342429,0,67108864,0.5887231081724167,3,completed,512,20.0,0.31021333668176754,0.06340365536219793
4,925,185e953d57699e678314593985abe20c62d7d129,cuda,1.0,1,0.5,weak_mixture,0.9999999999999984,16,0.0523503299611634,0.0005238847013124947,0.0007704351076622817,0.33132183528727766,0.06987951715408207,standard normal at finite u_max,finite,0.0007704356041573768,0.0523503299611634,0.0005238847013125363,unweighted,0.9999999999999987,0.0,8192,10948608,0.0007704356041575711,0,268435456,2.4500949010252953,2,completed,2048,20.0,0.33132183528727754,0.06988055691175321
4,953,185e953d57699e678314593985abe20c62d7d129,cuda,1.0,8,0.5,weak_mixture,0.9999999999999984,16,0.04805877452300724,0.003600479222340362,0.003869976940978015,0.2996180951086188,0.06204673137971611,standard normal at finite u_max,finite,0.06913102063670792,0.04805877452300723,0.003600479222340391,unweighted,0.9999999999999987,0.011610423084269801,8192,85731328,0.0038699770651019205,0,16777216,0.2044786438345909,1,completed,128,20.0,0.29961809510861853,0.06204714797534614
4,981,185e953d57699e678314593985abe20c62d7d129,cuda,1.0,8,0.5,weak_mixture,0.9999999999999984,16,0.052112796627986666,0.0031019106355668824,0.002923932019103098,0.32429500703164604,0.06756666496875319,standard normal at finite u_max,finite,0.06765479765000705,0.05211279662798666,0.0031019106355669,unweighted,0.9999999999999987,0.01162380422560315,8192,85731328,0.0029239321432269205,0,67108864,0.7514318004250526,0,completed,512,20.0,0.3242950070316457,0.06756635417700252
4,1009,185e953d57699e678314593985abe20c62d7d129,cuda,1.0,8,0.5,weak_mixture,0.9999999999999984,16,0.05085781525496659,0.0041402482030559375,0.005121197644102973,0.3205042199785332,0.0670801832424721,standard normal at finite u_max,finite,0.06673080187066086,0.05085781525496659,0.004140248203055922,unweighted,0.9999999999999987,0.008813084231855109,8192,85731328,0.005121197768226948,0,67108864,0.753576010465622,4,completed,512,20.0,0.32050421997853296,0.06708087384159249
4,1037,185e953d57699e678314593985abe20c62d7d129,cuda,1.0,8,0.5,weak_mixture,0.9999999999999984,16,0.05056505814243559,0.0027461107957517236,0.0039042423463715448,0.32635216099931186,0.06776167920032178,standard normal at finite u_max,finite,0.07889945975027737,0.050565058142435594,0.002746110795751742,unweighted,0.9999999999999987,0.011320786598961883,8192,85731328,0.003904242718743234,0,268435456,2.9459901079535484,3,completed,2048,20.0,0.3263521609993116,0.06776139477390297
4,1065,185e953d57699e678314593985abe20c62d7d129,cuda,1.0,1,0.5,weak_mixture,0.9999999999999984,64,0.052821503994912575,0.0015497780860409677,0.00036126557348070687,0.3164177628629601,0.06534154014061394,standard normal at finite u_max,finite,0.0003612662023026181,0.052821503994912575,0.0015497780860409278,unweighted,0.9999999999999987,0.0,8192,42406912,0.00036126620230281237,0,67108864,0.1568772941827774,2,completed,128,20.0,0.31641776286295986,0.06534335536627249
4,1093,185e953d57699e678314593985abe20c62d7d129,cuda,1.0,1,0.5,weak_mixture,0.9999999999999984,64,0.05550907672794382,0.0027701516091094315,0.003657164010980707,0.3378355662912118,0.06941260055976833,standard normal at finite u_max,finite,0.003657164639802618,0.05550907672794382,0.0027701516091093916,unweighted,0.9999999999999987,0.0,8192,42406912,0.0036571646398028124,0,268435456,0.6662205010652542,1,completed,512,20.0,0.3378355662912116,0.06941158403642564
4,1121,185e953d57699e678314593985abe20c62d7d129,cuda,1.0,1,0.5,weak_mixture,0.9999999999999984,64,0.05352999242392577,0.002645536580494899,0.006352601614019293,0.3380595145159382,0.07058738155124483,standard normal at finite u_max,finite,0.006352600985197382,0.05352999242392577,0.0026455365804949407,unweighted,0.9999999999999987,0.0,8192,42406912,0.006352600985197188,0,1073741824,2.3656554892659187,0,completed,2048,20.0,0.33805951451593785,0.0705869832048865
4,1149,185e953d57699e678314593985abe20c62d7d129,cuda,1.0,1,0.5,weak_mixture,0.9999999999999984,64,0.06646986397439802,0.009843408025739579,0.010371031198480707,0.35917410699894203,0.07518866238483235,standard normal at finite u_max,finite,0.010371031827302618,0.06646986397439802,0.009843408025739542,unweighted,0.9999999999999987,0.0,8192,42406912,0.010371031827302812,0,1073741824,2.3690475821495056,4,completed,2048,20.0,0.3591741069989418,0.07518699204716114
4,1177,185e953d57699e678314593985abe20c62d7d129,cuda,1.0,8,0.5,weak_mixture,0.9999999999999984,64,0.05233021438346458,0.0036610748392199837,0.005523681640624958,0.32769927954738576,0.0669241206826877,standard normal at finite u_max,finite,0.06948013782384227,0.05233021438346458,0.003661074839219982,unweighted,0.9999999999999987,0.009941597769036052,8192,337420288,0.0055236816406249445,0,67108864,0.5161147639155388,3,completed,128,20.0,0.3276992795473855,0.06692487640219039
4,1205,185e953d57699e678314593985abe20c62d7d129,cuda,1.0,8,0.5,weak_mixture,0.9999999999999984,64,0.056484334205976656,0.0017166353880084648,0.0049706562113605995,0.349366921904151,0.07300129613553909,standard normal at finite u_max,finite,0.06817626202544774,0.05648433420597665,0.001716635388008469,unweighted,0.9999999999999987,0.012986087141023816,8192,337420288,0.004970656682977054,0,268435456,1.884443812072277,2,completed,512,20.0,0.3493669219041507,0.07300084791200451
4,1233,185e953d57699e678314593985abe20c62d7d129,cuda,1.0,8,0.5,weak_mixture,0.9999999999999984,64,0.05567426122936453,0.003827384278641757,0.008007155234798127,0.3537053338055033,0.07312325448791049,standard normal at finite u_max,finite,0.07117656909251924,0.05567426122936453,0.003827384278641749,unweighted,0.9999999999999987,0.008927020231721176,8192,337420288,0.008007155706414526,0,1073741824,7.487068347632885,1,completed,2048,20.0,0.353705333805503,0.07312339038714089
4,2,185e953d57699e678314593985abe20c62d7d129,cuda,1.0,1,0.5,gaussian,0.7478017456087899,16,0.10509391829345371,0.05742217711908082,0.0019765559477369354,0.06183822147419171,0.05745232523501037,standard normal at finite u_max,infinite,0.0019765614298033157,0.10509391829345371,0.05742217711908082,naive,0.12085320155227375,0.0,8192,5179904,0.00197656142979985,17,4194304,0.21809231489896774,0,completed,128,20.0,0.06183822147419149,0.05745042821864343
4,30,185e953d57699e678314593985abe20c62d7d129,cuda,1.0,1,0.5,gaussian,0.5488675971037723,16,0.16015478393356009,0.08687502276905879,0.002562963850215816,0.04695502872243629,0.0868940949433299,standard normal at finite u_max,infinite,0.0025629693322785723,0.16015478393356009,0.08687502276905845,naive,0.055180753348862015,0.0,8192,5179904,0.0025629693322780644,19,4194304,0.20623092725872993,4,completed,128,20.0,0.04695502872243651,0.08689407865305507
4,58,185e953d57699e678314593985abe20c62d7d129,cuda,1.0,1,0.5,gaussian,0.9045025156798551,16,0.10983122894628228,0.06415171985739088,0.0027843307188728517,0.021972461679168775,0.06420763321109713,standard normal at finite u_max,infinite,0.0027843362009346137,0.10983122894628228,0.06415171985739077,naive,0.4334355058985332,0.0,8192,5179904,0.0027843362009355443,10,16777216,0.7710318900644779,3,completed,512,20.0,0.021972461679168998,0.06420853227350753
4,86,185e953d57699e678314593985abe20c62d7d129,cuda,1.0,1,0.5,gaussian,0.891965781842775,16,0.1136051873804248,0.06128795310074886,0.003201894436323016,0.09896196242798572,0.0615822359269197,standard normal at finite u_max,infinite,0.0032018999183854313,0.1136051873804248,0.06128795310074875,naive,0.48637473037927575,0.0,8192,5179904,0.003201899918385709,9,67108864,3.0517235957086086,2,completed,2048,20.0,0.0989619624279856,0.06158165873000137
4,114,185e953d57699e678314593985abe20c62d7d129,cuda,1.0,8,0.5,gaussian,0.800922233876947,16,0.14361651455417698,0.07297383431110813,0.002384713587028034,0.21023057596457004,0.07790184085889025,standard normal at finite u_max,infinite,0.01879252292602681,0.14361651455417698,0.0729738343111081,naive,0.00020251832260488828,0.1473997003570628,8192,37755904,0.002384719069090671,42,4194304,0.21720682457089424,1,completed,128,20.0,0.21023057596456998,0.07790172465789261
4,142,185e953d57699e678314593985abe20c62d7d129,cuda,1.0,8,0.5,gaussian,0.9827928796232915,16,0.12679054698848244,0.06452729743639497,0.0021065749397266853,0.1749287749806009,0.06822435779903045,standard normal at finite u_max,infinite,0.01683647576215982,0.12679054698848244,0.06452729743639464,naive,0.22657700047327226,0.04263465122134687,8192,37755904,0.002106580421788573,44,16777216,0.7955803424119949,0,completed,512,20.0,0.17492877498060144,0.06822445090481546
4,170,185e953d57699e678314593985abe20c62d7d129,cuda,1.0,8,0.5,gaussian,0.5635750479519032,16,0.18944177327489575,0.10205369765408423,0.002315853487760769,0.19832463335723788,0.10373777477863595,standard normal at finite u_max,infinite,0.0174192069483275,0.18944177327489575,0.10205369765408426,naive,0.23724549127848701,0.14363829655751895,8192,37755904,0.002315857599307816,42,16777216,0.7947311215102673,4,completed,512,20.0,0.19832463335723785,0.10373785628274321
4,198,185e953d57699e678314593985abe20c62d7d129,cuda,1.0,8,0.5,gaussian,0.6061184807304041,16,0.1004857053753384,0.051499502779687886,0.0021249268025991946,0.11926634858482553,0.05235299615193275,standard normal at finite u_max,infinite,0.014451781693009754,0.1004857053753384,0.051499502779687775,naive,0.4645235599000778,0.03955538628638137,8192,37755904,0.002124929543630444,26,67108864,3.0794209390878677,3,completed,2048,20.0,0.11926634858482564,0.0523525118814017
4,226,185e953d57699e678314593985abe20c62d7d129,cuda,1.0,1,0.5,gaussian,0.9083750721675786,64,0.05271465723627666,0.010040820023362373,1.3000392207196398e-08,0.16077054519703704,0.011884259218370427,standard normal at finite u_max,infinite,1.3000723275702342e-08,0.05271465723627666,0.010040820023362262,naive,0.0001220703125,0.0,8192,5180928,1.300072272059083e-08,52,4194304,0.21337783336639404,2,completed,128,20.0,0.1607705451970367,0.011884444220155362
4,254,185e953d57699e678314593985abe20c62d7d129,cuda,1.0,1,0.5,gaussian,0.8435326557825075,64,0.11996569444655308,0.030249323402831596,1.3000392207196398e-08,0.1545756220989407,0.030626180739970053,standard normal at finite u_max,infinite,1.3000718557254487e-08,0.11996569444655308,0.030249323402831596,naive,0.00017989285218824162,0.0,8192,5180928,1.3000722498546224e-08,131,16777216,0.8122618868947029,1,completed,512,20.0,0.1545756220989406,0.030625587301396105
4,282,185e953d57699e678314593985abe20c62d7d129,cuda,1.0,1,0.5,gaussian,0.8626260009114111,64,0.2820924620790306,0.0769380661986766,1.3000392207196398e-08,0.22811090114571408,0.07695559576656652,standard normal at finite u_max,infinite,1.3000722831613132e-08,0.2820924620790306,0.0769380661986766,naive,0.14209598801854634,0.0,8192,5180928,1.3000722498546224e-08,83,67108864,3.050063006579876,0,completed,2048,20.0,0.22811090114571397,0.07695461266915356
4,310,185e953d57699e678314593985abe20c62d7d129,cuda,1.0,1,0.5,gaussian,0.5622282006320538,64,0.4938494579467917,0.14724293578835956,1.3000392207196398e-08,0.19345220343462577,0.14724774648937078,standard normal at finite u_max,infinite,1.3000723497746947e-08,0.4938494579467917,0.1472429357883599,naive,0.2661682680976972,0.0,8192,5180928,1.3000722942635434e-08,89,67108864,3.058932401239872,4,completed,2048,20.0,0.1934522034346251,0.14724536843468009
4,338,185e953d57699e678314593985abe20c62d7d129,cuda,1.0,8,0.5,gaussian,0.014095546609108047,64,0.3505814118800031,0.05251139121802874,1.3000392415363216e-08,0.7352418871154689,0.06624724438795962,standard normal at finite u_max,infinite,1.0400577662290614e-07,0.3505814118800031,0.052511391218028766,naive,0.0001220703125,0.2865884488348735,8192,37777408,1.3000722387523922e-08,68,4194304,0.22484158724546432,3,completed,128,20.0,0.7352418871154691,0.06624442167638317
4,366,185e953d57699e678314593985abe20c62d7d129,cuda,1.0,8,0.5,gaussian,0.532100761261277,64,0.1670926269324734,0.027404553237945925,1.3000392415363216e-08,0.5123237601826081,0.038206957150382595,standard normal at finite u_max,infinite,1.0400577434694894e-07,0.1670926269324734,0.027404553237945953,naive,0.00012361963020804398,0.13829461616430996,8192,37777408,1.300072272059083e-08,229,16777216,0.8593696095049381,2,completed,512,20.0,0.512323760182608,0.03820679648606008
4,394,185e953d57699e678314593985abe20c62d7d129,cuda,1.0,8,0.5,gaussian,0.6115065416409989,64,0.15903439659586543,0.03789141331279698,1.3000392415363216e-08,0.2826111667742396,0.040765376559138894,standard normal at finite u_max,infinite,1.0400577551268312e-07,0.15903439659586546,0.037891413312796954,naive,0.0003456868054762596,0.09024959115031543,8192,37777408,1.3000722498546224e-08,572,67108864,3.279415350407362,1,completed,2048,20.0,0.28261116677423964,0.04076486298394209
4,422,185e953d57699e678314593985abe20c62d7d129,cuda,1.0,1,0.5,mixture,0.8127840652374676,16,0.2937215715853025,0.5928666607736683,0.23625099720381143,0.1401889448894169,0.6082311341711337,standard normal at finite u_max,infinite,0.2362509971448136,0.2937215715853025,0.592866660773668,naive,0.02085583663644714,0.0,8192,5179904,0.23625099714481246,15,4194304,0.2030104286968708,0,completed,128,20.0,0.1401889448894169,0.6082297698299334
4,450,185e953d57699e678314593985abe20c62d7d129,cuda,1.0,1,0.5,mixture,0.7095792061174861,16,0.2952483021972353,0.6275893262904783,0.24925168789617153,0.08659207401917857,0.6344129960054397,standard normal at finite u_max,infinite,0.24925168783717325,0.2952483021972353,0.6275893262904784,naive,0.12571102156131078,0.0,8192,5179904,0.249251687837173,11,4194304,0.20078418403863907,4,completed,128,20.0,0.08659207401917945,0.6344143451346973
4,478,185e953d57699e678314593985abe20c62d7d129,cuda,1.0,1,0.5,mixture,0.9659447320724618,16,0.152537790643116,0.1945341511204603,0.08395716699408745,0.3267723271554577,0.29777509784693146,standard normal at finite u_max,infinite,0.0839571669350899,0.152537790643116,0.19453415112046016,naive,0.37598974745517705,0.0,8192,5179904,0.08395716693508859,6,16777216,0.7632915116846561,3,completed,512,20.0,0.3267723271554579,0.297775355554746
4,506,185e953d57699e678314593985abe20c62d7d129,cuda,1.0,1,0.5,mixture,0.8766904954669632,16,0.14945352154305136,0.2700437620016488,0.10958833669426887,0.16494793891593695,0.28526774270426136,standard normal at finite u_max,infinite,0.10958833663527046,0.14945352154305136,0.27004376200164865,naive,0.48480437168729845,0.0,8192,5179904,0.10958833663527023,3,67108864,3.017955459654331,2,completed,2048,20.0,0.16494793891593718,0.28526629221920197
4,534,185e953d57699e678314593985abe20c62d7d129,cuda,1.0,8,0.5,mixture,0.8970194812324258,16,0.5705636623625409,1.229956769594441,0.5418452150588402,0.9678693095156634,1.2483357567904712,standard normal at finite u_max,infinite,0.9978369440239498,0.5705636623625409,1.2299567695944407,naive,0.00013409968946585617,0.08220360867208062,8192,37755904,0.54184521501459,27,4194304,0.2119855284690857,1,completed,128,20.0,0.9678693095156634,1.2483356536423096
4,562,185e953d57699e678314593985abe20c62d7d129,cuda,1.0,8,0.5,mixture,0.994481043237881,16,0.2451892033923436,0.4751861765433205,0.19025634228187815,0.19320719470298736,0.5022485504189967,standard normal at finite u_max,infinite,0.8063200722698701,0.24518920339234362,0.47518617654332024,naive,0.2224850063540531,0.30220321561549784,8192,37755904,0.1902563422523783,25,16777216,0.7804954722523689,0,completed,512,20.0,0.1932071947029871,0.5022488988779112
4,590,185e953d57699e678314593985abe20c62d7d129,cuda,1.0,8,0.5,mixture,0.6594642794021881,16,0.18561350352422126,0.3010998252834013,0.12234016882807099,0.15840263441903554,0.34114711984361096,standard normal at finite u_max,infinite,0.763138384620946,0.18561350352422123,0.3010998252834013,naive,0.08748240537019752,0.3159526502111767,8192,37755904,0.12234016881332083,23,16777216,0.7798005379736423,4,completed,512,20.0,0.15840263441903552,0.3411465655343772
4,618,185e953d57699e678314593985abe20c62d7d129,cuda,1.0,8,0.5,mixture,0.9945528368032786,16,0.3227871524032077,0.6653053068771808,0.27817043293652927,0.19854559753104556,0.6711078689337625,standard normal at finite u_max,infinite,0.734417583978423,0.32278715240320766,0.6653053068771804,naive,0.43456004165704404,0.27242846180747116,8192,37755904,0.2781704329217792,12,67108864,3.047914382070303,3,completed,2048,20.0,0.1985455975310461,0.6711073204807596
4,646,185e953d57699e678314593985abe20c62d7d129,cuda,1.0,1,0.5,mixture,0.9011258543207807,64,0.694855988490153,1.565200893916746,0.6948531129377638,0.9872924144440159,1.5790383498294165,standard normal at finite u_max,infinite,0.6948531129377681,0.694855988490153,1.5652008939167459,naive,0.00012207157273546733,0.0,8192,5180928,0.694853112937766,41,4194304,0.21199819445610046,2,completed,128,20.0,0.9872924144440159,1.5790359745536011
4,674,185e953d57699e678314593985abe20c62d7d129,cuda,1.0,1,0.5,mixture,0.745863084656065,64,0.6994910740142221,1.7395461971832515,0.6948531129377638,0.9902672872409413,1.7395985603060462,standard normal at finite u_max,infinite,0.6948531129377655,0.6994910740142221,1.7395461971832513,naive,0.00016630099595079737,0.0,8192,5180928,0.6948531129377661,127,16777216,0.8094438426196575,1,completed,512,20.0,0.9902672872409413,1.7395985854266762
4,702,185e953d57699e678314593985abe20c62d7d129,cuda,1.0,1,0.5,mixture,0.8756085654742726,64,0.7558815615311234,1.8392468729111393,0.6948531129377638,0.9905629199453324,1.839248799674748,standard normal at finite u_max,infinite,0.6948531129377675,0.7558815615311234,1.8392468729111395,naive,0.022670346565798038,0.0,8192,5180928,0.6948531129377664,113,67108864,3.0736500024795532,0,completed,2048,20.0,0.9905629199453324,1.83924631839472
4,730,185e953d57699e678314593985abe20c62d7d129,cuda,1.0,1,0.5,mixture,0.7732034229146378,64,0.7389387231437918,1.8332788479863773,0.6948531129377638,0.9882104980830422,1.8332793385427975,standard normal at finite u_max,infinite,0.6948531129377649,0.7389387231437918,1.833278847986377,naive,0.060762704559699766,0.0,8192,5180928,0.694853112937766,102,67108864,3.0770814940333366,4,completed,2048,20.0,0.9882104980830422,1.8332786332128443
4,758,185e953d57699e678314593985abe20c62d7d129,cuda,1.0,8,0.5,mixture,0.001064256636657484,64,0.5969227084580364,0.9789452075827985,0.4512867217655592,0.997839506398521,1.0726946831686575,standard normal at finite u_max,infinite,0.9953975204328032,0.5969227084580364,0.9789452075827985,naive,0.0001220703125,0.5543523423125506,8192,37777408,0.4512867217655585,55,4194304,0.21999936178326607,3,completed,128,20.0,0.9978395063985209,1.0726946638583847
4,786,185e953d57699e678314593985abe20c62d7d129,cuda,1.0,8,0.5,mixture,0.8535090341056691,64,0.7097385176051245,1.6413939676801934,0.6948531129377636,0.9959343361412668,1.6642527243301255,standard normal at finite u_max,infinite,0.9999248253264074,0.7097385176051245,1.6413939676801932,naive,0.00012207059545495745,0.24347630117175115,8192,37777408,0.694853112937766,176,16777216,0.8409066908061504,2,completed,512,20.0,0.9959343361412667,1.6642531821148938
4,814,185e953d57699e678314593985abe20c62d7d129,cuda,1.0,8,0.5,mixture,0.8402334622470005,64,0.7083958997797429,1.7147394628607446,0.6948531129377636,0.9931389716489794,1.7159491238100633,standard normal at finite u_max,infinite,0.9999248253264031,0.7083958997797429,1.7147394628607444,naive,0.00015138877172633848,0.08099537345018656,8192,37777408,0.6948531129377659,530,67108864,3.275728765875101,1,completed,2048,20.0,0.9931389716489794,1.715950268201798
4,842,185e953d57699e678314593985abe20c62d7d129,cuda,1.0,1,0.5,weak_mixture,0.8126495867838063,16,0.019262115096416316,0.019544022305539328,0.014397948774650504,0.08595911109373877,0.021856670796841875,standard normal at finite u_max,infinite,0.014397948278155104,0.019262115096416316,0.01954402230553929,naive,0.48672199098803876,0.0,8192,5179904,0.014397948278155437,1,4194304,0.19755901023745537,0,completed,128,20.0,0.08595911109373833,0.021856916036929436
4,870,185e953d57699e678314593985abe20c62d7d129,cuda,1.0,1,0.5,weak_mixture,0.8997462743709709,16,0.011229948507168352,0.006370971991949915,0.000443554129731627,0.011719243864236839,0.00799249653220111,standard normal at finite u_max,infinite,0.00044355363323661523,0.011229948507168352,0.006370971991949878,naive,0.46964451204215335,0.0,8192,5179904,0.0004435536332363377,1,4194304,0.19922521710395813,4,completed,128,20.0,0.011719243864236728,0.007992072024505269
4,898,185e953d57699e678314593985abe20c62d7d129,cuda,1.0,1,0.5,weak_mixture,0.9971756030127948,16,0.034920203585735166,0.04045880337078227,0.02629221512108948,0.060948393602743955,0.04065283419432548,standard normal at finite u_max,finite,0.026292214624594634,0.034920203585735166,0.04045880337078222,naive,0.49412667525156295,0.0,8192,5179904,0.026292214624594523,2,16777216,0.7693398296833038,3,completed,512,20.0,0.06094839360274329,0.0406522931275587
4,926,185e953d57699e678314593985abe20c62d7d129,cuda,1.0,1,0.5,weak_mixture,0.9744260585890832,16,0.010617899934918684,0.005230224009746864,0.0053916774631799225,0.015246160314136059,0.00734295755163814,standard normal at finite u_max,finite,0.00539167696668541,0.010617899934918684,0.0052302240097468295,naive,0.4975144016896878,0.0,8192,5179904,0.005391676966684855,1,67108864,3.0391277223825455,2,completed,2048,20.0,0.015246160314136392,0.007342727472079984
4,954,185e953d57699e678314593985abe20c62d7d129,cuda,1.0,8,0.5,weak_mixture,0.9844767013574436,16,0.02330077394348727,0.017647019231375502,0.012740358182905899,0.06691565758844298,0.024084616978168348,standard normal at finite u_max,infinite,0.11216778403414997,0.02330077394348727,0.017647019231375478,naive,0.41526636193414534,0.04649581494996502,8192,37755904,0.012740357934658247,4,4194304,0.2011178806424141,1,completed,128,20.0,0.06691565758844305,0.02408449088502048
4,982,185e953d57699e678314593985abe20c62d7d129,cuda,1.0,8,0.5,weak_mixture,0.5512675953767298,16,0.026834640602098364,0.024068656141716348,0.018646401853030306,0.021041482251378196,0.028006173773871122,standard normal at finite u_max,finite,0.11544317250039138,0.026834640602098364,0.024068656141716317,naive,0.48509509623130675,0.03168333620814081,8192,37755904,0.018646401728906394,3,16777216,0.7767315395176411,0,completed,512,20.0,0.02104148225137814,0.028005178216808816
4,1010,185e953d57699e678314593985abe20c62d7d129,cuda,1.0,8,0.5,weak_mixture,0.5075729943797705,16,0.021291771312035006,0.016765606762184852,0.013622726820419775,0.03020865428018102,0.018680481307872993,standard normal at finite u_max,finite,0.12279255725843771,0.021291771312035006,0.01676560676218483,naive,0.4884492449141806,0.04417460389993198,8192,37755904,0.013622726448048253,3,16777216,0.7736777700483799,4,completed,512,20.0,0.030208654280181046,0.018680812071279793
4,1038,185e953d57699e678314593985abe20c62d7d129,cuda,1.0,8,0.5,weak_mixture,0.9849590039021467,16,0.027478153463455102,0.02908468357664684,0.01934932458975938,0.08668337266877714,0.03197583084181863,standard normal at finite u_max,finite,0.10453981427282544,0.027478153463455102,0.02908468357664684,naive,0.4976970878763919,0.04917177755203685,8192,37755904,0.019349324465635524,4,67108864,3.0544648990035057,3,completed,2048,20.0,0.08668337266877722,0.031974633717932716
4,1066,185e953d57699e678314593985abe20c62d7d129,cuda,1.0,1,0.5,weak_mixture,0.9279915048210738,64,0.015936170006906614,0.00039238652905404514,0.005635281968140338,0.07995240141841031,0.01698914224707724,standard normal at finite u_max,infinite,0.0056352813393189816,0.015936170006906614,0.0003923865290540972,naive,0.48377001601433456,0.0,8192,5180928,0.005635281339318676,2,4194304,0.1996590718626976,2,completed,128,20.0,0.07995240141840987,0.016987927568750404
4,1094,185e953d57699e678314593985abe20c62d7d129,cuda,1.0,1,0.5,weak_mixture,0.8567722992777711,64,0.010969556892088672,0.0018071421896342869,0.0007840435768197151,0.06872003066592092,0.011667356777413644,standard normal at finite u_max,infinite,0.0007840442056411545,0.010969556892088672,0.0018071421896343354,naive,0.4984719893051942,0.0,8192,5180928,0.0007840442056414876,1,16777216,0.7665487378835678,1,completed,512,20.0,0.06872003066592103,0.01166672822112139
4,1122,185e953d57699e678314593985abe20c62d7d129,cuda,1.0,1,0.5,weak_mixture,0.5656512095747998,64,0.022769978488933695,0.01913394160469243,0.004437999478132837,0.14007963695189063,0.021647799708266552,standard normal at finite u_max,infinite,0.004438000106954526,0.022769978488933695,0.019133941604692395,naive,0.4994859126755092,0.0,8192,5180928,0.004438000106954942,1,67108864,3.0522816590964794,0,completed,2048,20.0,0.14007963695189107,0.021648391151711112
4,1150,185e953d57699e678314593985abe20c62d7d129,cuda,1.0,1,0.5,weak_mixture,0.8262118440155868,64,0.013928622935037382,0.004433520199833264,0.008753866973259639,0.015722555487545087,0.009086156703651437,standard normal at finite u_max,infinite,0.008753866344437256,0.013928622935037382,0.0044335201998333094,naive,0.4990513452495415,0.0,8192,5180928,0.008753866344437533,1,67108864,3.0468106642365456,4,completed,2048,20.0,0.015722555487544865,0.009086563104658971
4,1178,185e953d57699e678314593985abe20c62d7d129,cuda,1.0,8,0.5,weak_mixture,0.7026615616275479,64,0.047291940155644974,0.04547469202155222,0.035862469954506995,0.07922317041164047,0.04871855479838543,standard normal at finite u_max,infinite,0.15106955093934565,0.047291940155644974,0.045474692021552195,naive,0.36685796125467324,0.10535079056431274,8192,37777408,0.035862469954506974,5,4194304,0.20419146865606308,3,completed,128,20.0,0.0792231704116401,0.04871954783374896
4,1206,185e953d57699e678314593985abe20c62d7d129,cuda,1.0,8,0.5,weak_mixture,0.9968227948039672,64,0.029519934525195735,0.028707784513227176,0.022337266712129468,0.03760699108451358,0.02958135993066194,standard normal at finite u_max,infinite,0.12852882966684298,0.029519934525195735,0.02870778451322719,naive,0.4586671636138828,0.05198129982674384,8192,37777408,0.022337266397718568,5,16777216,0.774334229528904,2,completed,512,20.0,0.03760699108451371,0.029581161192518777
4,1234,185e953d57699e678314593985abe20c62d7d129,cuda,1.0,8,0.5,weak_mixture,0.6414777438827353,64,0.017222920105694112,0.011925478320186481,0.011566328097373159,0.02485540744159334,0.015453666439582825,standard normal at finite u_max,infinite,0.10654241408242843,0.017222920105694112,0.011925478320186481,naive,0.49353936981210145,0.04089303646255465,8192,37777408,0.011566327940167681,4,67108864,3.051417253911495,1,completed,2048,20.0,0.024855407441593327,0.015452810195289478
4,3,185e953d57699e678314593985abe20c62d7d129,cuda,1.0,1,0.5,gaussian,0.880368774450912,16,0.0911153764970522,0.05071602839843947,0.0028611410346719435,0.057173120972354385,0.050722604949491885,standard normal at finite u_max,infinite,0.0028611465167337757,0.0911153764970522,0.05071602839843903,unbiased,0.0739566050181585,0.0,8192,5179904,0.002861146516734414,16,4194304,0.2133205309510231,0,completed,128,20.0,0.05717312097235461,0.05072331291117997
4,31,185e953d57699e678314593985abe20c62d7d129,cuda,1.0,1,0.5,gaussian,0.9912416854763677,16,0.06447827145634993,0.03712273380406128,0.002494172677625084,0.02976445256082727,0.037265283807982816,standard normal at finite u_max,infinite,0.002494178159688066,0.06447827145634993,0.037122733804061614,unbiased,0.14261269754226066,0.0,8192,5179904,0.0024941781596884427,19,4194304,0.20474116504192352,4,completed,128,20.0,0.029764452560826493,0.037265368975357746
4,59,185e953d57699e678314593985abe20c62d7d129,cuda,1.0,1,0.5,gaussian,0.6895550253499585,16,0.04750697215137378,0.031750956787085394,0.0021483017307580843,0.004416619061012872,0.03181950379618996,standard normal at finite u_max,infinite,0.002148307212820963,0.04750697215137378,0.03175095678708517,unbiased,0.42383606797573253,0.0,8192,5179904,0.002148307212820666,10,16777216,0.7605944201350212,3,completed,512,20.0,0.004416619061013094,0.03181927222350766
4,87,185e953d57699e678314593985abe20c62d7d129,cuda,1.0,1,0.5,gaussian,0.960302205591036,16,0.03340485173265165,0.01296050898069312,0.001976649608372738,0.09985437712458067,0.01601625043522573,standard normal at finite u_max,infinite,0.0019766550904354117,0.03340485173265165,0.012960508980692897,unbiased,0.491729528645855,0.0,8192,5179904,0.0019766550904350977,9,67108864,3.0118222758173943,2,completed,2048,20.0,0.099854377124581,0.01601445978837571
4,115,185e953d57699e678314593985abe20c62d7d129,cuda,1.0,8,0.5,gaussian,0.7496589411442328,16,0.13998209784536803,0.06371923590949799,0.00275429592996268,0.27516656015876534,0.07298691065026514,standard normal at finite u_max,infinite,0.021749181669501478,0.13998209784536803,0.06371923590949795,unbiased,0.00014032545171975658,0.10351624920499836,8192,37755904,0.0027543014120250953,43,4194304,0.21557217463850975,1,completed,128,20.0,0.27516656015876545,0.07298709369817603
4,143,185e953d57699e678314593985abe20c62d7d129,cuda,1.0,8,0.5,gaussian,0.8693478334441449,16,0.09827914907390262,0.05435139917014202,0.002251819791041665,0.09855282391429693,0.05580592858132595,standard normal at finite u_max,infinite,0.01772937255813247,0.09827914907390262,0.054351399170141965,unbiased,0.15701083591596982,0.07613595033210298,8192,37755904,0.00225182527310408,45,16777216,0.7955412454903126,0,completed,512,20.0,0.09855282391429702,0.05580583323234318
4,171,185e953d57699e678314593985abe20c62d7d129,cuda,1.0,8,0.5,gaussian,0.9943639405858659,16,0.0792620872931345,0.04078310021443177,0.0025742551183841472,0.1337549498681752,0.041133187398421,standard normal at finite u_max,infinite,0.02030885517687447,0.07926208729313448,0.0407831002144321,unbiased,0.14244423181290566,0.0416151739700968,8192,37755904,0.0025742606004472424,49,16777216,0.7844134643673897,4,completed,512,20.0,0.13375494986817482,0.041133482762574315
4,199,185e953d57699e678314593985abe20c62d7d129,cuda,1.0,8,0.5,gaussian,0.9973405897943066,16,0.08247851662896638,0.04294468852000545,0.002477390014885783,0.1333962507128706,0.044064565000124324,standard normal at finite u_max,infinite,0.019533934348885583,0.08247851662896638,0.04294468852000545,unbiased,0.4380513881961086,0.038329168883763705,8192,37755904,0.0024773954969485035,27,67108864,3.0401402451097965,3,completed,2048,20.0,0.13339625071287056,0.04406544556460104
4,227,185e953d57699e678314593985abe20c62d7d129,cuda,1.0,1,0.5,gaussian,0.8921238191339278,64,0.036096077415656125,0.003596881504103311,1.3000392207196398e-08,0.2247347259759559,0.010247617605905902,standard normal at finite u_max,infinite,1.3000721443834351e-08,0.036096077415656125,0.003596881504103422,unbiased,0.0001220703125,0.0,8192,5180928,1.300072227650162e-08,53,4194304,0.21293547004461288,2,completed,128,20.0,0.2247347259759559,0.01024853609029005
4,255,185e953d57699e678314593985abe20c62d7d129,cuda,1.0,1,0.5,gaussian,0.7079699672346046,64,0.04958321141452965,0.011099681553875751,1.3000392207196398e-08,0.15163534504771692,0.011789189899170265,standard normal at finite u_max,infinite,1.3000722054457015e-08,0.04958321141452965,0.011099681553875529,unbiased,0.0001600550301286058,0.0,8192,5180928,1.3000722165479317e-08,136,16777216,0.8074431046843529,1,completed,512,20.0,0.15163534504771703,0.011787244021281616
4,283,185e953d57699e678314593985abe20c62d7d129,cuda,1.0,1,0.5,gaussian,0.6161184526638063,64,0.12722759373902698,0.03737386710973545,1.3000392207196398e-08,0.10230039895681742,0.03739354823428654,standard normal at finite u_max,infinite,1.3000722831613132e-08,0.12722759373902698,0.03737386710973545,unbiased,0.22169306814091513,0.0,8192,5180928,1.3000722498546224e-08,78,67108864,3.0404970198869705,0,completed,2048,20.0,0.1023003989568173,0.03739311237086478
4,311,185e953d57699e678314593985abe20c62d7d129,cuda,1.0,1,0.5,gaussian,0.6489380854014416,64,0.11403339040310534,0.0297643475178182,1.3000392207196398e-08,0.20544403204247352,0.03018189922354523,standard normal at finite u_max,infinite,1.3000720444633629e-08,0.11403339040310534,0.02976434751781809,unbiased,0.10554043650621013,0.0,8192,5180928,1.300072227650162e-08,83,67108864,3.047544565051794,4,completed,2048,20.0,0.2054440320424734,0.03018164073480829
4,339,185e953d57699e678314593985abe20c62d7d129,cuda,1.0,8,0.5,gaussian,0.00492388318707034,64,0.3997466624067676,0.07173044722716033,1.3000392415363216e-08,0.6957982589101729,0.08791128239423135,standard normal at finite u_max,infinite,1.0400577390285973e-07,0.3997466624067676,0.07173044722716028,unbiased,0.0001220703125,0.4634288512631395,8192,37777408,1.300072272059083e-08,68,4194304,0.2268069088459015,3,completed,128,20.0,0.6957982589101728,0.08790302341963319
4,367,185e953d57699e678314593985abe20c62d7d129,cuda,1.0,8,0.5,gaussian,0.7972890054331908,64,0.18987993771917128,0.032940168089446484,1.3000392415363216e-08,0.5198478566766872,0.04489675399409614,standard normal at finite u_max,infinite,1.0400577423592664e-07,0.18987993771917128,0.032940168089446525,unbiased,0.00012316348510819423,0.19666275302907552,8192,37777408,1.300072272059083e-08,233,16777216,0.8574474528431892,2,completed,512,20.0,0.5198478566766871,0.044896107753579856
4,395,185e953d57699e678314593985abe20c62d7d129,cuda,1.0,8,0.5,gaussian,0.889002415554956,64,0.1723452340420925,0.038700076381977866,1.3000392415363216e-08,0.34424881406420094,0.0426223336129535,standard normal at finite u_max,infinite,1.0400577628983924e-07,0.1723452340420925,0.03870007638197784,unbiased,0.00029109636385732065,0.08710816887314263,8192,37777408,1.3000722498546224e-08,607,67108864,3.2930943369865417,1,completed,2048,20.0,0.344248814064201,0.04262249672781945
4,423,185e953d57699e678314593985abe20c62d7d129,cuda,1.0,1,0.5,mixture,0.992428255342972,16,0.08478131050344673,0.0654111140569798,0.03248865522885741,0.17005085447038293,0.13372708261524027,standard normal at finite u_max,infinite,0.03248865516985838,0.08478131050344673,0.06541111405697961,unbiased,0.22158525281136252,0.0,8192,5179904,0.03248865516985894,11,4194304,0.20188713446259499,0,completed,128,20.0,0.17005085447038404,0.13372589697534165
4,451,185e953d57699e678314593985abe20c62d7d129,cuda,1.0,1,0.5,mixture,0.9993735261757881,16,0.3102396146857773,0.5700638785272213,0.2013712466234172,0.05944692979657418,0.5704686558565144,standard normal at finite u_max,infinite,0.20137124668241696,0.3102396146857773,0.5700638785272221,unbiased,0.009859649955084739,0.0,8192,5179904,0.20137124668241585,13,4194304,0.2006586641073227,4,completed,128,20.0,0.059446929796572956,0.5704666245696352
4,479,185e953d57699e678314593985abe20c62d7d129,cuda,1.0,1,0.5,mixture,0.5942541705765813,16,0.01585826402029422,0.00954809678557289,0.004193634023782977,0.026383759416063857,0.02008030403387965,standard normal at finite u_max,infinite,0.004193633964784532,0.01585826402029422,0.00954809678557278,unbiased,0.3448565517078208,0.0,8192,5179904,0.004193633964784005,2,16777216,0.7649981006979942,3,completed,512,20.0,0.026383759416063857,0.020083022423897534
4,507,185e953d57699e678314593985abe20c62d7d129,cuda,1.0,1,0.5,mixture,0.9891082034650529,16,0.020543414558013756,0.0064521376196957775,0.001001142105474473,0.020560102069187014,0.012412299860630985,standard normal at finite u_max,infinite,0.0010011420464766108,0.020543414558013756,0.0064521376196955416,unbiased,0.4992958011200688,0.0,8192,5179904,0.0010011420464759446,1,67108864,3.0185352563858032,2,completed,2048,20.0,0.020560102069186015,0.01241240082508554
4,535,185e953d57699e678314593985abe20c62d7d129,cuda,1.0,8,0.5,mixture,0.8041200655459869,16,0.5746373662496244,1.3060762646901898,0.5558022552760922,0.9621738677360154,1.3070479865460096,standard normal at finite u_max,infinite,0.9981976142087338,0.5746373662496245,1.3060762646901898,unbiased,0.00012213351178980587,0.12527844239832306,8192,37755904,0.5558022552170927,26,4194304,0.20980402454733849,1,completed,128,20.0,0.9621738677360154,1.3070491428148707
4,563,185e953d57699e678314593985abe20c62d7d129,cuda,1.0,8,0.5,mixture,0.6249638170023885,16,0.1747683028861755,0.3328806355762325,0.13500282885825582,0.10654189696580475,0.34963001417385253,standard normal at finite u_max,infinite,0.6353732948375599,0.1747683028861755,0.3328806355762324,unbiased,0.13780773020611067,0.36309199299339556,8192,37755904,0.13500282881400577,22,16777216,0.7752640508115292,0,completed,512,20.0,0.1065418969658045,0.34962933737920066
4,591,185e953d57699e678314593985abe20c62d7d129,cuda,1.0,8,0.5,mixture,0.9955252934682233,16,0.24639103099332685,0.5328666056830024,0.21720731034127616,0.08915146147416543,0.5335784152854489,standard normal at finite u_max,infinite,0.593830491443134,0.24639103099332688,0.5328666056830025,unbiased,0.1770619645201946,0.2864613427931764,8192,37755904,0.21720731032652602,21,16777216,0.7760260030627251,4,completed,512,20.0,0.08915146147416529,0.5335781658367431
4,619,185e953d57699e678314593985abe20c62d7d129,cuda,1.0,8,0.5,mixture,0.9257520936310171,16,0.05729457392016443,0.09334128429827598,0.037093992298796105,0.0433527333692426,0.10442075306555888,standard normal at finite u_max,infinite,0.40366884477605497,0.05729457392016443,0.09334128429827598,unbiased,0.47997262360442594,0.17420536662290723,8192,37755904,0.03709399232829629,8,67108864,3.0355894304811954,3,completed,2048,20.0,0.0433527333692426,0.10442100070962143
4,647,185e953d57699e678314593985abe20c62d7d129,cuda,1.0,1,0.5,mixture,0.9174282705149619,64,0.3078939766004425,0.6570947978549335,0.3051468870622363,0.9938950097480113,0.738989311246211,standard normal at finite u_max,infinite,0.3051468870622338,0.3078939766004425,0.6570947978549335,unbiased,0.00012207031876030486,0.0,8192,5180928,0.3051468870622338,41,4194304,0.21189533546566963,2,completed,128,20.0,0.9938950097480113,0.7389885757543758
4,675,185e953d57699e678314593985abe20c62d7d129,cuda,1.0,1,0.5,mixture,0.9876627919028553,64,0.6961460394500733,1.7187642660631564,0.6948531129377638,0.9896029004471536,1.7187790507212264,standard normal at finite u_max,infinite,0.6948531129377649,0.6961460394500733,1.7187642660631561,unbiased,0.00013030833576551065,0.0,8192,5180928,0.6948531129377661,117,16777216,0.8016211800277233,1,completed,512,20.0,0.9896029004471536,1.718779777124306
4,703,185e953d57699e678314593985abe20c62d7d129,cuda,1.0,1,0.5,mixture,0.5185412317632744,64,0.6893841174879867,1.7292756728673564,0.6822280454606537,0.9271510460428377,1.7292823263683705,standard normal at finite u_max,infinite,0.6822280454606553,0.6893841174879867,1.7292756728673566,unbiased,0.12741343082407616,0.0,8192,5180928,0.6822280454606564,71,67108864,3.014808312058449,0,completed,2048,20.0,0.9271510460428377,1.7292863846512436
4,731,185e953d57699e678314593985abe20c62d7d129,cuda,1.0,1,0.5,mixture,0.5507319270111605,64,0.734235715137887,1.8195057595875759,0.6946183594006574,0.9888903818424822,1.819513615402565,standard normal at finite u_max,infinite,0.6946183594006592,0.734235715137887,1.8195057595875757,unbiased,0.07842207180824289,0.0,8192,5180928,0.6946183594006599,95,67108864,3.0310878083109856,4,completed,2048,20.0,0.9888903818424822,1.8195170104438712
4,759,185e953d57699e678314593985abe20c62d7d129,cuda,1.0,8,0.5,mixture,0.0013701711350780786,64,0.4803377430640942,0.8157922238520751,0.40257344353111835,0.9966825552149466,0.9586054397552761,standard normal at finite u_max,infinite,0.9895196464716076,0.48033774306409427,0.8157922238520753,unbiased,0.0001220703125,0.34483555675472943,8192,37777408,0.40257344353111707,56,4194304,0.2169082574546337,3,completed,128,20.0,0.9966825552149466,0.9586094800002093
4,787,185e953d57699e678314593985abe20c62d7d129,cuda,1.0,8,0.5,mixture,0.794496743364415,64,0.7085580765776881,1.6242832742500541,0.6948531129377636,0.9957599314079318,1.650585961135857,standard normal at finite u_max,infinite,0.9999248253264043,0.7085580765776881,1.6242832742500546,unbiased,0.00012207035351141508,0.2407594442306088,8192,37777408,0.6948531129377666,180,16777216,0.8367471657693386,2,completed,512,20.0,0.9957599314079318,1.6505854601858219
4,815,185e953d57699e678314593985abe20c62d7d129,cuda,1.0,8,0.5,mixture,0.6112343264985378,64,0.7015110875273596,1.6993886925054327,0.6948531129377636,0.9924705767453434,1.700570884429625,standard normal at finite u_max,infinite,0.9999248253264058,0.7015110875273596,1.6993886925054325,unbiased,0.00015876965003678206,0.07753085510725101,8192,37777408,0.6948531129377662,515,67108864,3.2275115624070168,1,completed,2048,20.0,0.9924705767453433,1.700570117606003
4,843,185e953d57699e678314593985abe20c62d7d129,cuda,1.0,1,0.5,weak_mixture,0.8678697720169023,16,0.01828668338302919,0.017537221025539115,0.011766660880049462,0.08019854586001318,0.019723596779384435,standard normal at finite u_max,infinite,0.011766660383554312,0.01828668338302919,0.01753722102553908,unbiased,0.4560000048732865,0.0,8192,5179904,0.01176666038355434,1,4194304,0.19608265161514282,0,completed,128,20.0,0.08019854586001296,0.019724009892391373
4,871,185e953d57699e678314593985abe20c62d7d129,cuda,1.0,1,0.5,weak_mixture,0.934306569885331,16,0.0076307279686530505,0.00033569301157242853,0.00015000134501630402,0.04987659941889866,0.008302199928603475,standard normal at finite u_max,infinite,0.00015000084852140327,0.0076307279686530505,0.0003356930115724615,unbiased,0.4980990651594084,0.0,8192,5179904,0.00015000084852134776,1,4194304,0.19595380499958992,4,completed,128,20.0,0.049876599418899104,0.008300575501401843
4,899,185e953d57699e678314593985abe20c62d7d129,cuda,1.0,1,0.5,weak_mixture,0.6343896793239762,16,0.02191336218624801,0.019707819354902664,0.01725022943540805,0.00046397658561248,0.021590703350110846,standard normal at finite u_max,finite,0.01725022893891276,0.02191336218624801,0.01970781935490263,unbiased,0.49262189249435967,0.0,8192,5179904,0.017250228938912815,1,16777216,0.7572907879948616,3,completed,512,20.0,0.00046397658561248,0.021590379909074447
4,927,185e953d57699e678314593985abe20c62d7d129,cuda,1.0,1,0.5,weak_mixture,0.9921708492393155,16,0.009171739191359662,0.0021569704478284855,0.0036589808614426733,0.042523319990079966,0.007486239864487463,standard normal at finite u_max,finite,0.00365898135793688,0.009171739191359662,0.0021569704478285254,unbiased,0.4998383505484162,0.0,8192,5179904,0.0036589813579379626,1,67108864,2.996419657021761,2,completed,2048,20.0,0.042523319990079855,0.007486609483494007
4,955,185e953d57699e678314593985abe20c62d7d129,cuda,1.0,8,0.5,weak_mixture,0.9991265363688877,16,0.022064119599533763,0.014868160560255406,0.011792095598193095,0.05378800675106096,0.019551568198295104,standard normal at finite u_max,infinite,0.10433440729144727,0.022064119599533763,0.0148681605602554,unbiased,0.44021663682217305,0.03815957151637452,8192,37755904,0.011792095349945533,4,4194304,0.19809243455529213,1,completed,128,20.0,0.05378800675106109,0.01955105768902434
4,983,185e953d57699e678314593985abe20c62d7d129,cuda,1.0,8,0.5,weak_mixture,0.8225923360148365,16,0.018808171898923545,0.013708135689756835,0.010919386954217063,0.0368393372793898,0.017126621333431687,standard normal at finite u_max,finite,0.09148914866318836,0.018808171898923545,0.013708135689756835,unbiased,0.4833441603011571,0.027053853500636476,8192,37755904,0.010919386830093185,3,16777216,0.7630038857460022,0,completed,512,20.0,0.036839337279389775,0.017126322476975757
4,1011,185e953d57699e678314593985abe20c62d7d129,cuda,1.0,8,0.5,weak_mixture,0.6183563329841085,16,0.02594470815173665,0.018107927414527714,0.01620208061057777,0.07380791475557193,0.024356822539580738,standard normal at finite u_max,finite,0.10843415500071042,0.02594470815173665,0.01810792741452771,unbiased,0.47851973992474617,0.043022659791203906,8192,37755904,0.01620208048645394,3,16777216,0.7634474188089371,4,completed,512,20.0,0.07380791475557187,0.024356532912868892
4,1039,185e953d57699e678314593985abe20c62d7d129,cuda,1.0,8,0.5,weak_mixture,0.9999999862154407,16,0.019374718742823215,0.014535018554418234,0.010775775331917592,0.04171598959483107,0.017651101620238255,standard normal at finite u_max,finite,0.11859677968333297,0.019374718742823215,0.014535018554418248,unbiased,0.49451727722944094,0.03691817869340898,8192,37755904,0.010775775580165028,4,67108864,3.01450327411294,3,completed,2048,20.0,0.04171598959483097,0.01765030700787228
4,1067,185e953d57699e678314593985abe20c62d7d129,cuda,1.0,1,0.5,weak_mixture,0.9901321755892479,64,0.030021593181922657,0.020326012217621495,0.01791210186514436,0.11578130275112342,0.030037047506060927,standard normal at finite u_max,infinite,0.017912102493966103,0.030021593181922657,0.020326012217621446,unbiased,0.4615815175804652,0.0,8192,5180928,0.017912102493966242,2,4194304,0.19581658393144608,2,completed,128,20.0,0.11578130275112342,0.03003614287812423
4,1095,185e953d57699e678314593985abe20c62d7d129,cuda,1.0,1,0.5,weak_mixture,0.912907094135765,64,0.019049179040718123,0.010583320159490678,0.0028681488001680577,0.08530587022826408,0.016343437335631768,standard normal at finite u_max,infinite,0.002868149428989719,0.019049179040718123,0.010583320159490638,unbiased,0.4985714753079427,0.0,8192,5180928,0.002868149428990052,1,16777216,0.7557783201336861,1,completed,512,20.0,0.08530587022826386,0.0163452868927636
4,1123,185e953d57699e678314593985abe20c62d7d129,cuda,1.0,1,0.5,weak_mixture,0.8150835002050378,64,0.013020046785867045,0.017414525155646426,0.009227566933534659,0.029913609852993073,0.01775386340587752,standard normal at finite u_max,infinite,0.009227567562357986,0.013020046785867045,0.01741452515564637,unbiased,0.4976585196017341,0.0,8192,5180928,0.009227567562356431,1,67108864,2.999659776687622,0,completed,2048,20.0,0.02991360985299285,0.017749798153279765
4,1151,185e953d57699e678314593985abe20c62d7d129,cuda,1.0,1,0.5,weak_mixture,0.9160636520519901,64,0.010788458065045164,0.006172112007164086,0.005483373398993185,0.040638790898494315,0.012245493400923825,standard normal at finite u_max,infinite,0.005483374027815208,0.010788458065045164,0.0061721120071640285,unbiased,0.4992617283323565,0.0,8192,5180928,0.005483374027814736,1,67108864,3.0012367628514767,4,completed,2048,20.0,0.04063879089849476,0.012245917852452807
4,1179,185e953d57699e678314593985abe20c62d7d129,cuda,1.0,8,0.5,weak_mixture,0.8009127613601575,64,0.04210250217174225,0.03971802952890989,0.03652735069760296,0.05361691088045997,0.04234972138053918,standard normal at finite u_max,infinite,0.13980978369664637,0.04210250217174225,0.039718029528909876,unbiased,0.4130125772830716,0.05393496383493169,8192,37777408,0.036527350854808335,5,4194304,0.1985311098396778,3,completed,128,20.0,0.05361691088045996,0.042349871812804675
4,1207,185e953d57699e678314593985abe20c62d7d129,cuda,1.0,8,0.5,weak_mixture,0.6556796933999124,64,0.05940425859387984,0.06501922230354644,0.05443970460486315,0.05387433180814111,0.06573007459951581,standard normal at finite u_max,infinite,0.1625559505396104,0.05940425859387984,0.06501922230354645,unbiased,0.4676985971634365,0.07838674575067764,8192,37777408,0.054439705076479515,4,16777216,0.7654715143144131,2,completed,512,20.0,0.05387433180814119,0.06573084072539429
4,1235,185e953d57699e678314593985abe20c62d7d129,cuda,1.0,8,0.5,weak_mixture,0.7243262227621234,64,0.024432238561137375,0.019263270797970303,0.015810938212818627,0.06844574554539498,0.02395424049211061,standard normal at finite u_max,infinite,0.1168327714996038,0.024432238561137375,0.019263270797970286,unbiased,0.4954572079729764,0.040322154785161386,8192,37777408,0.01581093805561329,4,67108864,3.028205320239067,1,completed,2048,20.0,0.0684457455453951,0.023954948446861996
4,4,185e953d57699e678314593985abe20c62d7d129,cuda,1.0,1,0.5,gaussian,0.9996208487042955,16,0.05776431001256571,0.02702678370238787,0.0025271731313818435,0.13478816524322157,0.02784010204418519,standard normal at finite u_max,infinite,0.0025271786134460693,0.05776431001256571,0.02702678370238809,cumulant,0.2741855268625046,0.0,8192,5310976,0.0025271786134449803,10,8388608,0.33537715673446655,0,completed,128,20.0,0.13478816524322113,0.027841226091676944
4,32,185e953d57699e678314593985abe20c62d7d129,cuda,1.0,1,0.5,gaussian,0.9949965190052377,16,0.06079398852924034,0.03326593889605023,0.0026107853069399223,0.06261382588527808,0.0333236347080373,standard normal at finite u_max,infinite,0.0026107907890011474,0.06079398852924034,0.03326593889604956,cumulant,0.03699060209433711,0.0,8192,5310976,0.002610790789001838,12,8388608,0.33130984008312225,4,completed,128,20.0,0.06261382588527864,0.033324493056419595
4,60,185e953d57699e678314593985abe20c62d7d129,cuda,1.0,1,0.5,gaussian,0.9467860911231265,16,0.06347983081318448,0.03152069989179995,0.0027836151976107226,0.16341589026442338,0.03249314421861732,standard normal at finite u_max,infinite,0.002783620679673463,0.06347983081318448,0.03152069989179995,cumulant,0.367975943129748,0.0,8192,5310976,0.0027836206796737484,9,33554432,1.2812485992908478,3,completed,512,20.0,0.16341589026442316,0.03249466355883015
4,88,185e953d57699e678314593985abe20c62d7d129,cuda,1.0,1,0.5,gaussian,0.8414058533262877,16,0.04902458938948645,0.020169928151627214,0.0001357064102154304,0.09870347524417289,0.02237731552577408,standard normal at finite u_max,infinite,0.00013571189227799775,0.04902458938948645,0.020169928151627436,cumulant,0.48702822361345693,0.0,8192,5310976,0.00013571189227834513,8,134217728,5.083376109600067,2,completed,2048,20.0,0.09870347524417222,0.02237837022141851
4,116,185e953d57699e678314593985abe20c62d7d129,cuda,1.0,8,0.5,gaussian,0.9231340228199139,16,0.07434876515847189,0.03131261889413718,0.0025334400268139934,0.20281864739504651,0.03519759081194261,standard normal at finite u_max,infinite,0.019982334444312685,0.07434876515847189,0.031312618894137154,cumulant,0.00022170955206999226,0.04238593842423794,8192,38345728,0.0025334455088766306,36,8388608,0.3412425294518471,1,completed,128,20.0,0.20281864739504651,0.03519837895566306
4,144,185e953d57699e678314593985abe20c62d7d129,cuda,1.0,8,0.5,gaussian,0.9068995548843853,16,0.057885836560361975,0.025268969975367095,0.0021898235286070544,0.1371325114734242,0.030587184573155547,standard normal at finite u_max,infinite,0.017233402458656916,0.057885836560361975,0.025268969975367095,cumulant,0.3584555587213664,0.05807650686887768,8192,38345728,0.0021898290106695806,26,33554432,1.2941833809018135,0,completed,512,20.0,0.13713251147342417,0.03058679304286736
4,172,185e953d57699e678314593985abe20c62d7d129,cuda,1.0,8,0.5,gaussian,0.9791714384904809,16,0.060909201873759776,0.027021255032288055,0.002055667987335544,0.14228885273511377,0.031048230115535144,standard normal at finite u_max,infinite,0.016483708914224876,0.060909201873759776,0.027021255032288388,cumulant,0.4045489163490496,0.03477773396686159,8192,38345728,0.002055673469398847,26,33554432,1.295001082122326,4,completed,512,20.0,0.14228885273511324,0.03104737995052146
4,200,185e953d57699e678314593985abe20c62d7d129,cuda,1.0,8,0.5,gaussian,0.7518851960100161,16,0.05770529554771132,0.023748001696699134,0.0022957546224303266,0.14635565004376946,0.030539218870721474,standard normal at finite u_max,infinite,0.01808085120924147,0.05770529554771132,0.023748001696699023,cumulant,0.46270804359396195,0.05591100518647618,8192,38345728,0.0022957601044929082,24,134217728,5.1118867844343185,3,completed,2048,20.0,0.14635565004376952,0.030538678507545138
4,228,185e953d57699e678314593985abe20c62d7d129,cuda,1.0,1,0.5,gaussian,0.5173116088309513,64,0.21530995517438622,0.04605207167276082,1.3000392207196398e-08,0.26093352232290856,0.047695822661082424,standard normal at finite u_max,infinite,1.3000724274903064e-08,0.21530995517438622,0.04605207167276082,cumulant,0.00012207031250009714,0.0,8192,5312000,1.3000722498546224e-08,47,8388608,0.3447060137987137,2,completed,128,20.0,0.26093352232290845,0.04769744353727962
4,256,185e953d57699e678314593985abe20c62d7d129,cuda,1.0,1,0.5,gaussian,0.8838124105175545,64,0.05946706348300709,0.009951867426145844,1.3000392207196398e-08,0.2306806004320644,0.013789346536080875,standard normal at finite u_max,infinite,1.300072233201277e-08,0.05946706348300709,0.009951867426145733,cumulant,0.00020330954280768946,0.0,8192,5312000,1.3000722387523922e-08,94,33554432,1.312648557126522,1,completed,512,20.0,0.2306806004320643,0.01378728024396333
4,284,185e953d57699e678314593985abe20c62d7d129,cuda,1.0,1,0.5,gaussian,0.8728343333547941,64,0.04128316090866707,0.006197653691526583,1.3000392207196398e-08,0.19790701779495712,0.010363770378946922,standard normal at finite u_max,infinite,1.3000721721390107e-08,0.04128316090866707,0.006197653691526472,cumulant,0.18819738827498672,0.0,8192,5312000,1.300072227650162e-08,42,134217728,5.087369427084923,0,completed,2048,20.0,0.19790701779495712,0.010364597007199603
4,312,185e953d57699e678314593985abe20c62d7d129,cuda,1.0,1,0.5,gaussian,0.5419673512073221,64,0.06725192052461168,0.01468631282102939,1.3000392207196398e-08,0.19216484790374078,0.01620144386391398,standard normal at finite u_max,infinite,1.3000723053657737e-08,0.06725192052461168,0.014686312821029723,cumulant,0.4006651800958919,0.0,8192,5312000,1.3000722942635434e-08,43,134217728,5.103293754160404,4,completed,2048,20.0,0.19216484790374033,0.016201563056032847
4,340,185e953d57699e678314593985abe20c62d7d129,cuda,1.0,8,0.5,gaussian,0.006211877517674354,64,0.42390235544770016,0.04708043531313452,1.3000392415363216e-08,0.8777979772125695,0.08044854374959909,standard normal at finite u_max,infinite,1.0400577562370542e-07,0.4239023554477002,0.04708043531313455,cumulant,0.0001220703125,0.3486422913394804,8192,38367232,1.3000722498546224e-08,66,8388608,0.35116273164749146,3,completed,128,20.0,0.8777979772125695,0.08044943438343297
4,368,185e953d57699e678314593985abe20c62d7d129,cuda,1.0,8,0.5,gaussian,0.5105053096211921,64,0.1835418987944925,0.03138857704489835,1.3000392415363216e-08,0.48069721819888167,0.0442338647273847,standard normal at finite u_max,infinite,1.0400577706699535e-07,0.18354189879449254,0.031388577044898294,cumulant,0.0001220707537185836,0.1518378681905976,8192,38367232,1.3000722165479317e-08,204,33554432,1.3690926805138588,2,completed,512,20.0,0.4806972181988818,0.04423319189342765
4,396,185e953d57699e678314593985abe20c62d7d129,cuda,1.0,8,0.5,gaussian,0.6683113530409318,64,0.07865433938757861,0.017125655878382814,1.3000392415363216e-08,0.20740731156659614,0.020670445840274807,standard normal at finite u_max,infinite,1.0400577323672592e-07,0.07865433938757863,0.017125655878382842,cumulant,0.000370655808991219,0.06859335687348242,8192,38367232,1.3000722498546224e-08,471,134217728,5.310283772647381,1,completed,2048,20.0,0.2074073115665962,0.020671060778206064
4,424,185e953d57699e678314593985abe20c62d7d129,cuda,1.0,1,0.5,mixture,0.5442061295765953,16,0.01908034252540558,0.03410842943044398,0.01261029071894093,0.010363965311342427,0.03545434608303429,standard normal at finite u_max,infinite,0.012610290777939653,0.01908034252540558,0.034108429430444176,cumulant,0.49206452267847683,0.0,8192,5310976,0.012610290777939626,1,8388608,0.3266914337873459,0,completed,128,20.0,0.01036396531134176,0.03545193721546217
4,452,185e953d57699e678314593985abe20c62d7d129,cuda,1.0,1,0.5,mixture,0.9463417984643692,16,0.013598000048278991,0.015151530633004118,0.004403931949245654,0.00494706065936823,0.015510143872310693,standard normal at finite u_max,infinite,0.004403931890246987,0.013598000048278991,0.015151530633003979,cumulant,0.4167943005729973,0.0,8192,5310976,0.004403931890246848,2,8388608,0.3282685875892639,4,completed,128,20.0,0.004947060659368008,0.015509436260581677
4,480,185e953d57699e678314593985abe20c62d7d129,cuda,1.0,1,0.5,mixture,0.6762983669324379,16,0.020766650611285353,0.04428414356591738,0.017960944925818956,0.002887896000222767,0.04550373880213416,standard normal at finite u_max,infinite,0.017960944866820316,0.020766650611285353,0.044284143565917256,cumulant,0.4741547726912748,0.0,8192,5310976,0.017960944866819983,1,33554432,1.2755728363990784,3,completed,512,20.0,0.002887896000222767,0.0455041212876067
4,508,185e953d57699e678314593985abe20c62d7d129,cuda,1.0,1,0.5,mixture,0.9987411073496153,16,0.007904254167263258,0.00015636716726857847,0.0006253659402089551,0.00012859677219334564,0.00804693674187044,standard normal at finite u_max,infinite,0.0006253658812094554,0.007904254167263258,0.00015636716726852296,cumulant,0.49145848691172506,0.0,8192,5310976,0.0006253658812098162,2,134217728,5.100387409329414,2,completed,2048,20.0,0.0001285967721926795,0.00804857815437233
4,536,185e953d57699e678314593985abe20c62d7d129,cuda,1.0,8,0.5,mixture,0.8143803123225303,16,0.10850743548691968,0.23710073286591354,0.09996259340656158,0.04973844656940178,0.2418656672603569,standard normal at finite u_max,infinite,0.5236287671509654,0.1085074354869197,0.23710073286591343,cumulant,0.002420028028578362,0.16305880093906275,8192,38345728,0.0999625933623117,17,8388608,0.33718298375606537,1,completed,128,20.0,0.04973844656940157,0.2418649094987978
4,564,185e953d57699e678314593985abe20c62d7d129,cuda,1.0,8,0.5,mixture,0.9654235024278245,16,0.08214197902816692,0.13799778082406142,0.05581475386257809,0.05382198795433785,0.1485619201766365,standard normal at finite u_max,infinite,0.3456289553855984,0.08214197902816692,0.13799778082406136,cumulant,0.41017133861545524,0.11903503767173704,8192,38345728,0.05581475387732783,8,33554432,1.2938712984323502,0,completed,512,20.0,0.053821987954337916,0.148561482892468
4,592,185e953d57699e678314593985abe20c62d7d129,cuda,1.0,8,0.5,mixture,0.9999821561345178,16,0.039047917969887276,0.07587878295929847,0.03139327659570385,0.021986002103075206,0.07976132938493695,standard normal at finite u_max,infinite,0.2791215024128059,0.039047917969887276,0.07587878295929848,cumulant,0.41056442350362005,0.06801598650161497,8192,38345728,0.03139327662520405,7,33554432,1.293596439063549,4,completed,512,20.0,0.021986002103075206,0.0797617220902575
4,620,185e953d57699e678314593985abe20c62d7d129,cuda,1.0,8,0.5,mixture,0.9999971833362968,16,0.03438424257222471,0.06449681364568942,0.02572492453561588,0.02766737380833119,0.06684887498666314,standard normal at finite u_max,infinite,0.2639377423988863,0.03438424257222471,0.06449681364568956,cumulant,0.4927595276073342,0.04094339102265461,8192,38345728,0.02572492456511552,6,134217728,5.127564109861851,3,completed,2048,20.0,0.02766737380833112,0.06684868330278301
4,648,185e953d57699e678314593985abe20c62d7d129,cuda,1.0,1,0.5,mixture,0.5094277407696829,64,0.3058511419594838,0.7534166084447025,0.3051468870622363,0.9866342745581984,0.7534216969949451,standard normal at finite u_max,infinite,0.3051468870622346,0.3058511419594838,0.7534166084447027,cumulant,0.0001220703125,0.0,8192,5312000,0.3051468870622338,32,8388608,0.3888334706425667,2,completed,128,20.0,0.9866342745581984,0.7534229699961599
4,676,185e953d57699e678314593985abe20c62d7d129,cuda,1.0,1,0.5,mixture,0.7547649966965567,64,0.46091174024537285,1.1267133445004973,0.45731179190073606,0.1346068051913727,1.1267616442060877,standard normal at finite u_max,infinite,0.4573117919007397,0.46091174024537285,1.1267133445004975,cumulant,0.0003778249875968552,0.0,8192,5312000,0.4573117919007389,59,33554432,1.3055710718035698,1,completed,512,20.0,0.13460680519137225,1.1267609653659239
4,704,185e953d57699e678314593985abe20c62d7d129,cuda,1.0,1,0.5,mixture,0.9094423748793546,64,0.13625320525625584,0.28352680202797537,0.11243081030661595,0.25920261606731654,0.2844707583951794,standard normal at finite u_max,infinite,0.1124308103066137,0.13625320525625584,0.28352680202797553,cumulant,0.4423387135143525,0.0,8192,5312000,0.1124308103066134,16,134217728,5.1086137890815735,0,completed,2048,20.0,0.2592026160673163,0.28447226410374604
4,732,185e953d57699e678314593985abe20c62d7d129,cuda,1.0,1,0.5,mixture,0.568104505058372,64,0.13524826808746493,0.28119574319949064,0.11822936068753301,0.27178942013846563,0.28493101960673106,standard normal at finite u_max,infinite,0.11822936068752919,0.13524826808746493,0.2811957431994905,cumulant,0.4383267062942159,0.0,8192,5312000,0.11822936068753054,17,134217728,5.104767754673958,4,completed,2048,20.0,0.27178942013846574,0.28493115342136277
4,760,185e953d57699e678314593985abe20c62d7d129,cuda,1.0,8,0.5,mixture,0.04015813059525832,64,0.4914400141869044,0.7975336004185789,0.3538601652966772,0.9985351778954558,0.9007215015650437,standard normal at finite u_max,infinite,0.9761350792596929,0.4914400141869044,0.7975336004185787,cumulant,0.0001220703125,0.23553011270949506,8192,38367232,0.35386016529667524,51,8388608,0.350501224398613,3,completed,128,20.0,0.9985351778954557,0.9007207028276665
4,788,185e953d57699e678314593985abe20c62d7d129,cuda,1.0,8,0.5,mixture,0.5758481876526753,64,0.6105939696260775,1.4403291375930671,0.5974265564688819,0.9933427008707413,1.458068066781167,standard normal at finite u_max,infinite,0.9996102019355394,0.6105939696260776,1.440329137593067,cumulant,0.0001220703188120283,0.12934556912608913,8192,38367232,0.5974265564688832,149,33554432,1.3513819947838783,2,completed,512,20.0,0.9933427008707412,1.4580681281165804
4,816,185e953d57699e678314593985abe20c62d7d129,cuda,1.0,8,0.5,mixture,0.9959583851049666,64,0.5464391285712695,1.2683629680904938,0.4999999999999999,0.9909615512342254,1.2687111579177826,standard normal at finite u_max,infinite,0.9979788069067418,0.5464391285712695,1.2683629680904942,cumulant,0.0002131785574483745,0.07494312911751538,8192,38367232,0.5000000000000002,331,134217728,5.268578805029392,1,completed,2048,20.0,0.9909615512342254,1.268711371282587
4,844,185e953d57699e678314593985abe20c62d7d129,cuda,1.0,1,0.5,weak_mixture,0.8883137128043498,16,0.0159373054605893,0.015231238882756702,0.007581798653317762,0.04992585016549911,0.016888296038726873,standard normal at finite u_max,infinite,0.007581798156822417,0.0159373054605893,0.015231238882756666,cumulant,0.49469442907220423,0.0,8192,5310976,0.007581798156822694,1,8388608,0.32743920385837555,0,completed,128,20.0,0.049925850165498664,0.016886622665995114
4,872,185e953d57699e678314593985abe20c62d7d129,cuda,1.0,1,0.5,weak_mixture,0.9788866127318533,16,0.018820402605801978,0.015671506082986064,0.010394889052743661,0.03418408154620911,0.016242264703873334,standard normal at finite u_max,infinite,0.010394889549238617,0.018820402605801978,0.015671506082986092,cumulant,0.48850018158118663,0.0,8192,5310976,0.010394889549238728,1,8388608,0.3284892067313194,4,completed,128,20.0,0.03418408154620867,0.016241671937095994
4,900,185e953d57699e678314593985abe20c62d7d129,cuda,1.0,1,0.5,weak_mixture,0.9944911016682976,16,0.008636127305866909,0.00129765979263358,0.0001606186242061325,0.02356104312918128,0.007673683557256514,standard normal at finite u_max,finite,0.00016061812770995498,0.008636127305866909,0.0012976597926336216,cumulant,0.49896949719283534,0.0,8192,5310976,0.00016061812771073214,1,33554432,1.2791464999318123,3,completed,512,20.0,0.023561043129180836,0.007673148170144891
4,928,185e953d57699e678314593985abe20c62d7d129,cuda,1.0,1,0.5,weak_mixture,0.8861266376373598,16,0.022678273347768063,0.03132169187505652,0.019485923716326514,0.03131935793769647,0.03143909463925074,standard normal at finite u_max,finite,0.019485924212822747,0.022678273347768063,0.03132169187505655,cumulant,0.497939390935446,0.0,8192,5310976,0.01948592421282158,1,134217728,5.100230351090431,2,completed,2048,20.0,0.031319357937696024,0.031439788499557475
4,956,185e953d57699e678314593985abe20c62d7d129,cuda,1.0,8,0.5,weak_mixture,0.9966358926256468,16,0.022903438472463903,0.011707364956282194,0.0139432359998167,0.07163475141507741,0.023217199897498462,standard normal at finite u_max,infinite,0.12228559931616298,0.022903438472463903,0.011707364956282188,cumulant,0.4289538391298283,0.05325800469352254,8192,38345728,0.013943235875692933,4,8388608,0.33063896745443344,1,completed,128,20.0,0.07163475141507722,0.023217272261172477
4,984,185e953d57699e678314593985abe20c62d7d129,cuda,1.0,8,0.5,weak_mixture,0.7209294763840496,16,0.030410047182160158,0.02924559166361175,0.025432743964302867,0.03026466785448806,0.030077041038563734,standard normal at finite u_max,finite,0.11564125395200481,0.030410047182160158,0.029245591663611754,cumulant,0.4824566691194686,0.03561275262570181,8192,38345728,0.02543274371605523,3,33554432,1.2842799723148346,0,completed,512,20.0,0.030264667854488086,0.030077454680010836
4,1012,185e953d57699e678314593985abe20c62d7d129,cuda,1.0,8,0.5,weak_mixture,0.8623411810780024,16,0.025485317715758515,0.023454901175918474,0.018144340116866615,0.01702495940815843,0.025715285406058955,standard normal at finite u_max,finite,0.09973526704021977,0.025485317715758515,0.02345490117591845,cumulant,0.48898505720423935,0.031329352427317374,8192,38345728,0.018144339992742863,3,33554432,1.2870358005166054,4,completed,512,20.0,0.017024959408158583,0.025715174821569854
4,1040,185e953d57699e678314593985abe20c62d7d129,cuda,1.0,8,0.5,weak_mixture,0.9043923444969588,16,0.01775507286178744,0.010263697074603837,0.009121510936551072,0.05283158605469088,0.015989348778599134,standard normal at finite u_max,finite,0.09436711739152043,0.01775507286178744,0.010263697074603818,cumulant,0.4975475745595334,0.027400413743586028,8192,38345728,0.009121510812427194,3,134217728,5.109501533210278,3,completed,2048,20.0,0.05283158605469093,0.01598924783956957
4,1068,185e953d57699e678314593985abe20c62d7d129,cuda,1.0,1,0.5,weak_mixture,0.7999713370886069,64,0.013303470167413511,0.014920020894453979,0.010603184246512631,0.00496610412408649,0.015227626945066476,standard normal at finite u_max,infinite,0.010603183617691248,0.013303470167413511,0.014920020894454026,cumulant,0.48192631685309,0.0,8192,5312000,0.010603183617691081,1,8388608,0.3536609411239624,2,completed,128,20.0,0.004966104124086934,0.015227372576151137
4,1096,185e953d57699e678314593985abe20c62d7d129,cuda,1.0,1,0.5,weak_mixture,0.9892739657740788,64,0.04888185491406055,0.05003310203556235,0.04056642063276994,0.027995247038160365,0.05004197976399783,standard normal at finite u_max,infinite,0.04056642000394836,0.04888185491406055,0.05003310203556241,cumulant,0.4974650035217978,0.0,8192,5312000,0.040566420003947834,2,33554432,1.278640054166317,1,completed,512,20.0,0.02799524703816103,0.05004421992687728
4,1124,185e953d57699e678314593985abe20c62d7d129,cuda,1.0,1,0.5,weak_mixture,0.6534453143735608,64,0.00935993520896894,0.0022807756403940265,0.005987426531232631,0.041977862560572454,0.008619471112790957,standard normal at finite u_max,infinite,0.005987427160054154,0.00935993520896894,0.002280775640394068,cumulant,0.49972966510053957,0.0,8192,5312000,0.005987427160054737,1,134217728,5.099553383886814,0,completed,2048,20.0,0.04197786256057312,0.008620007185606507
4,1152,185e953d57699e678314593985abe20c62d7d129,cuda,1.0,1,0.5,weak_mixture,0.5530224898030979,64,0.02248054775090802,0.023037151304883097,0.011745357961399638,0.041774201324835,0.02414504571266305,standard normal at finite u_max,infinite,0.011745358590221938,0.02248054775090802,0.023037151304883048,cumulant,0.49939784023589234,0.0,8192,5312000,0.01174535859022141,1,134217728,5.0940051302313805,4,completed,2048,20.0,0.041774201324835,0.02414428388217638
4,1180,185e953d57699e678314593985abe20c62d7d129,cuda,1.0,8,0.5,weak_mixture,0.8397118414908709,64,0.02221108815138819,0.018694989511124215,0.0159881480477633,0.04181992905429566,0.023491512263824118,standard normal at finite u_max,infinite,0.10310469369006905,0.02221108815138819,0.018694989511124197,cumulant,0.4374557832912637,0.03581282616523394,8192,38367232,0.01598814804776333,4,8388608,0.3320234343409538,3,completed,128,20.0,0.04181992905429563,0.023491059492582442
4,1208,185e953d57699e678314593985abe20c62d7d129,cuda,1.0,8,0.5,weak_mixture,0.9799438438428452,64,0.021428275212179153,0.018256602106698275,0.012307692977505877,0.04970916322939266,0.020169267712860546,standard normal at finite u_max,infinite,0.10172305142373567,0.021428275212179153,0.018256602106698296,cumulant,0.4823458894593747,0.04192468462053117,8192,38367232,0.01230769313471148,4,33554432,1.2964675799012184,2,completed,512,20.0,0.04970916322939202,0.020168914438508878
4,1236,185e953d57699e678314593985abe20c62d7d129,cuda,1.0,8,0.5,weak_mixture,0.8585714783195476,64,0.025393616181592152,0.02162228617029228,0.015391999331196324,0.05369698666384959,0.02505894661592456,standard normal at finite u_max,infinite,0.09833376015760936,0.025393616181592152,0.02162228617029225,cumulant,0.49339606821346554,0.03881204595948251,8192,38367232,0.015391999802812445,4,134217728,5.120941951870918,1,completed,2048,20.0,0.05369698666384974,0.02505877084837733
4,5,185e953d57699e678314593985abe20c62d7d129,cuda,1.0,1,0.5,gaussian,0.6722664782448456,16,0.044887319916695256,0.02135374405796553,0.003201894436323016,0.12867033541704043,0.023245208031546907,standard normal at finite u_max,finite,0.003201899918386486,0.044887319916695256,0.021353744057965307,cv,0.3386323066434587,0.0,8192,5179904,0.003201899918385487,9,4194304,0.26882515847682953,0,completed,128,20.0,0.12867033541704065,0.023243802432397476
4,33,185e953d57699e678314593985abe20c62d7d129,cuda,1.0,1,0.5,gaussian,0.6884023783124872,16,0.063496330401694,0.031736660274844564,0.003201894436323016,0.11195690800327662,0.032293593751809624,standard normal at finite u_max,finite,0.0032018999183855423,0.063496330401694,0.031736660274844786,cv,0.2910701284554193,0.0,8192,5179904,0.003201899918386153,9,4194304,0.26320096105337143,4,completed,128,20.0,0.11195690800327607,0.03229482534857152
4,61,185e953d57699e678314593985abe20c62d7d129,cuda,1.0,1,0.5,gaussian,0.8515104523456786,16,0.06256192779989972,0.03217363156894393,0.002254808822883758,0.10037559595286027,0.03238203695627746,standard normal at finite u_max,finite,0.002254814304947019,0.06256192779989972,0.032173631568943706,cv,0.4500224671778358,0.0,8192,5179904,0.002254814304946229,9,16777216,1.027160495519638,3,completed,512,20.0,0.10037559595286039,0.032381904365746436
4,89,185e953d57699e678314593985abe20c62d7d129,cuda,1.0,1,0.5,gaussian,0.926703932410712,16,0.04613081252797471,0.018495085222866914,0.0020154111486787585,0.1641814328293728,0.02093781263478644,standard normal at finite u_max,finite,0.002015416630741249,0.04613081252797471,0.018495085222866803,cv,0.4858464787237337,0.0,8192,5179904,0.002015416630741451,9,67108864,4.060818947851658,2,completed,2048,20.0,0.1641814328293727,0.020939005212998133
4,117,185e953d57699e678314593985abe20c62d7d129,cuda,1.0,8,0.5,gaussian,0.8878263051694665,16,0.06982955661086537,0.034813902850167944,0.0023181577066543335,0.09403048130563807,0.036152831807848555,standard normal at finite u_max,finite,0.017126288691255837,0.06982955661086536,0.034813902850168055,cv,0.16636501021032601,0.052492445204952165,8192,37755904,0.0023181618182015057,20,4194304,0.2722495347261429,1,completed,128,20.0,0.09403048130563786,0.0361529496873626
4,145,185e953d57699e678314593985abe20c62d7d129,cuda,1.0,8,0.5,gaussian,0.9063569037389502,16,0.06406434857745329,0.029699304927048045,0.0020918359408601817,0.15422642043397547,0.032181204394205964,standard normal at finite u_max,finite,0.01644950175668104,0.06406434857745329,0.029699304927047823,cv,0.3868866428210162,0.04838482890249444,8192,37755904,0.002091841422922472,21,16777216,1.0353574454784393,0,completed,512,20.0,0.15422642043397566,0.032180040392851945
4,173,185e953d57699e678314593985abe20c62d7d129,cuda,1.0,8,0.5,gaussian,0.7892520565083689,16,0.07361329647675538,0.03976584313797395,0.0020034889559549796,0.11529372225489544,0.04233264551892237,standard normal at finite u_max,finite,0.01512627596948231,0.07361329647675537,0.03976584313797395,cv,0.3817889132970997,0.09485568785182898,8192,37755904,0.0020034930675020685,25,16777216,1.0548196882009506,4,completed,512,20.0,0.11529372225489537,0.04233217756924723
4,201,185e953d57699e678314593985abe20c62d7d129,cuda,1.0,8,0.5,gaussian,0.7612009050895263,16,0.06875864404202851,0.03161166982026671,0.002632504355917803,0.17558594072743056,0.034637095334571315,standard normal at finite u_max,finite,0.020774849077143328,0.06875864404202853,0.03161166982026671,cv,0.4621507102076134,0.03921205542880721,8192,37755904,0.002632509837980343,23,67108864,4.084416396915913,3,completed,2048,20.0,0.1755859407274305,0.03463638656777168
4,229,185e953d57699e678314593985abe20c62d7d129,cuda,1.0,1,0.5,gaussian,0.95278594589421,64,0.04859030169222711,0.011125848125820514,1.3000392207196398e-08,0.12364214076964386,0.012245908351634568,standard normal at finite u_max,infinite,1.3000721943434712e-08,0.04859030169222711,0.011125848125820181,cv,0.0003232323571909716,0.0,8192,5180928,1.3000722054457015e-08,41,4194304,0.28349456936120987,2,completed,128,20.0,0.12364214076964408,0.01224659601369691
4,257,185e953d57699e678314593985abe20c62d7d129,cuda,1.0,1,0.5,gaussian,0.964047411194909,64,0.053778375394549605,0.01408882370719211,1.3000392207196398e-08,0.08624690984606576,0.014105780157568299,standard normal at finite u_max,finite,1.3000721998945863e-08,0.053778375394549605,0.014088823707192222,cv,0.15475860785570053,0.0,8192,5180928,1.300072272059083e-08,42,16777216,1.0379312708973885,1,completed,512,20.0,0.08624690984606542,0.014106283447112318
4,285,185e953d57699e678314593985abe20c62d7d129,cuda,1.0,1,0.5,gaussian,0.9997818368940538,64,0.08121881165261952,0.02222302604529236,1.3000392207196398e-08,0.15688598341038051,0.02260292109063604,standard normal at finite u_max,finite,1.3000719667477512e-08,0.08121881165261952,0.02222302604529225,cv,0.3666517772299784,0.0,8192,5180928,1.300072227650162e-08,41,67108864,4.07471764087677,0,completed,2048,20.0,0.15688598341038063,0.022602812071562554
4,313,185e953d57699e678314593985abe20c62d7d129,cuda,1.0,1,0.5,gaussian,0.89626219549859,64,0.10915342770815845,0.027890513937130046,1.3000392207196398e-08,0.16655451456036063,0.02843172597126537,standard normal at finite u_max,finite,1.3000724941036879e-08,0.10915342770815845,0.027890513937129935,cv,0.40667468969524484,0.0,8192,5180928,1.3000722387523922e-08,42,67108864,4.077061951160431,4,completed,2048,20.0,0.16655451456036063,0.028431836953282844
4,341,185e953d57699e678314593985abe20c62d7d129,cuda,1.0,8,0.5,gaussian,0.7033772577265203,64,0.06184390919269889,0.013745458208388656,1.3000392415363216e-08,0.1601661085468487,0.015676593681851182,standard normal at finite u_max,infinite,1.0400577329223707e-07,0.06184390919269889,0.013745458208388905,cv,0.00012207061750223638,0.03914426034183732,8192,37777408,1.3000722942635434e-08,48,4194304,0.28167612105607986,3,completed,128,20.0,0.16016610854684835,0.015675838054822713
4,369,185e953d57699e678314593985abe20c62d7d129,cuda,1.0,8,0.5,gaussian,0.8347212586063267,64,0.04918319166440049,0.009042433185355345,1.3000392415363216e-08,0.1753534952911096,0.012536476930334087,standard normal at finite u_max,finite,1.0400577684495075e-07,0.04918319166440048,0.009042433185355261,cv,0.06441936122124045,0.04869862053066921,8192,37777408,1.3000722387523922e-08,82,16777216,1.0671128779649734,2,completed,512,20.0,0.17535349529110977,0.012536147684211268
4,397,185e953d57699e678314593985abe20c62d7d129,cuda,1.0,8,0.5,gaussian,0.602368262773386,64,0.06779637169196494,0.012725913839950684,1.3000392415363216e-08,0.2130726465333507,0.01739298430792925,standard normal at finite u_max,finite,1.0400577456899355e-07,0.06779637169196494,0.0127259138399506,cv,0.3756876520013848,0.03700175536026302,8192,37777408,1.3000722387523922e-08,90,67108864,4.123326852917671,1,completed,2048,20.0,0.21307264653335084,0.017393166203943995
4,425,185e953d57699e678314593985abe20c62d7d129,cuda,1.0,1,0.5,mixture,0.6136474656778815,16,0.0788189689226394,0.14445919047240147,0.053519707732786304,0.02305836468510236,0.14655149586964,standard normal at finite u_max,infinite,0.05351970779178522,0.0788189689226394,0.1444591904724015,cv,0.1546132475940551,0.0,8192,5179904,0.05351970779178539,3,4194304,0.26127471774816513,0,completed,128,20.0,0.02305836468510214,0.14654983764718976
4,453,185e953d57699e678314593985abe20c62d7d129,cuda,1.0,1,0.5,mixture,0.519127488938546,16,0.013628242438913696,0.01732288972945846,0.005618514066900782,0.0013743006193775997,0.018099881310290385,standard normal at finite u_max,infinite,0.005618514007902059,0.013628242438913696,0.01732288972945828,cv,0.4894373456825001,0.0,8192,5179904,0.005618514007902142,1,4194304,0.26030850410461426,4,completed,128,20.0,0.0013743006193769336,0.018097416825867716
4,481,185e953d57699e678314593985abe20c62d7d129,cuda,1.0,1,0.5,mixture,0.787564224259202,16,0.06233238074808578,0.12961870161427363,0.04356246496376992,0.013502734239756231,0.13007483587289637,standard normal at finite u_max,infinite,0.04356246502276953,0.06233238074808578,0.12961870161427372,cv,0.4662435862410419,0.0,8192,5179904,0.04356246502276889,3,16777216,1.024096518754959,3,completed,512,20.0,0.013502734239756231,0.13007570828150997
4,509,185e953d57699e678314593985abe20c62d7d129,cuda,1.0,1,0.5,mixture,0.5199507179700729,16,0.01940750528623683,0.009222590108105694,0.005314913121484188,0.03593632441220029,0.02724083396738706,standard normal at finite u_max,infinite,0.0053149131804847705,0.01940750528623683,0.009222590108105888,cv,0.5199507179700729,0.0,8192,5179904,0.005314913180482828,0,67108864,4.058609753847122,2,completed,2048,20.0,0.03593632441219963,0.02723945985965307
4,537,185e953d57699e678314593985abe20c62d7d129,cuda,1.0,8,0.5,mixture,0.9836930304286099,16,0.07524988209085087,0.1631051530868938,0.07084821059183129,0.03679605226357616,0.16482346072327006,standard normal at finite u_max,infinite,0.37489094378938553,0.07524988209085086,0.16310515308689377,cv,0.2192652125404099,0.13000741972585492,8192,37755904,0.07084821059183098,8,4194304,0.2673758640885353,1,completed,128,20.0,0.03679605226357599,0.16482348086354393
4,565,185e953d57699e678314593985abe20c62d7d129,cuda,1.0,8,0.5,mixture,0.9899222476773768,16,0.042979440798550005,0.09069966677617611,0.03643354458004745,0.015335501724698927,0.09229108353630239,standard normal at finite u_max,infinite,0.30075320677186046,0.042979440798550005,0.09069966677617612,cv,0.43377711067402747,0.08714362900567951,8192,37755904,0.0364335445652976,6,16777216,1.0287192836403847,0,completed,512,20.0,0.015335501724698886,0.09229041819480813
4,593,185e953d57699e678314593985abe20c62d7d129,cuda,1.0,8,0.5,mixture,0.9672888152412451,16,0.033963276515297736,0.05392093611790367,0.022194468217761595,0.0387406689003999,0.06179839682891757,standard normal at finite u_max,infinite,0.2788553309355827,0.033963276515297736,0.05392093611790374,cv,0.4408318910542632,0.07729527037382182,8192,37755904,0.022194468232511713,6,16777216,1.0268092080950737,4,completed,512,20.0,0.038740668900399844,0.06179809734012774
4,621,185e953d57699e678314593985abe20c62d7d129,cuda,1.0,8,0.5,mixture,0.8076632601041738,16,0.031887069071630934,0.05859696025393369,0.024384316405145004,0.019730646483641187,0.06340397576424439,standard normal at finite u_max,infinite,0.24452265645773974,0.031887069071630934,0.058596960253933725,cv,0.4885174914622114,0.04407992336578726,8192,37755904,0.024384316434644532,5,67108864,4.075766280293465,3,completed,2048,20.0,0.019730646483641298,0.06340434541714826
4,649,185e953d57699e678314593985abe20c62d7d129,cuda,1.0,1,0.5,mixture,0.9152394587630268,64,0.32396447243496473,0.7728392491316705,0.3051468870622363,0.9893449491445322,0.7733534712789615,standard normal at finite u_max,infinite,0.30514688706223414,0.32396447243496473,0.7728392491316705,cv,0.00012251649092325266,0.0,8192,5180928,0.3051468870622338,26,4194304,0.2682283818721771,2,completed,128,20.0,0.9893449491445322,0.7733531988448702
4,677,185e953d57699e678314593985abe20c62d7d129,cuda,1.0,1,0.5,mixture,0.9974423177131432,64,0.14229324184750697,0.30061095864644244,0.11538434015080865,0.2476093570879181,0.30073091638107885,standard normal at finite u_max,infinite,0.11538434015080556,0.14229324184750697,0.3006109586464427,cv,0.2976639074988189,0.0,8192,5180928,0.11538434015080606,18,16777216,1.0269828215241432,1,completed,512,20.0,0.24760935708791776,0.30073131820673393
4,705,185e953d57699e678314593985abe20c62d7d129,cuda,1.0,1,0.5,mixture,0.9999991725105599,64,0.12527439324913459,0.28389792589918833,0.11191499129379678,0.24974994514784687,0.28403954508044704,standard normal at finite u_max,infinite,0.11191499129379559,0.12527439324913459,0.28389792589918894,cv,0.44615337112425235,0.0,8192,5180928,0.11191499129379412,14,67108864,4.185204491019249,0,completed,2048,20.0,0.2497499451478461,0.28403797559563193
4,733,185e953d57699e678314593985abe20c62d7d129,cuda,1.0,1,0.5,mixture,0.7129287405746124,64,0.21451972564385358,0.4720244868920849,0.18169912755522197,0.47384742540819114,0.472666805008878,standard normal at finite u_max,infinite,0.1816991275552181,0.21451972564385358,0.47202448689208487,cv,0.41085188544367013,0.0,8192,5180928,0.1816991275552195,16,67108864,4.097038254141808,4,completed,2048,20.0,0.47384742540819114,0.47266897926113305
4,761,185e953d57699e678314593985abe20c62d7d129,cuda,1.0,8,0.5,mixture,0.945384400002266,64,0.48146449059269647,1.1280555645418326,0.4512867217655593,0.9917997311920882,1.1335037187415613,standard normal at finite u_max,infinite,0.9953975204328022,0.48146449059269647,1.1280555645418326,cv,0.0001220703170236593,0.12306553455614196,8192,37777408,0.4512867217655586,34,4194304,0.27924979478120804,3,completed,128,20.0,0.9917997311920882,1.1335038145437568
4,789,185e953d57699e678314593985abe20c62d7d129,cuda,1.0,8,0.5,mixture,0.9663747550478999,64,0.28802722981109374,0.6778596970498847,0.27309492281522274,0.6664362641314434,0.6787051173253165,standard normal at finite u_max,infinite,0.8941101650406251,0.28802722981109374,0.6778596970498845,cv,0.006044810390514134,0.2826977046103057,8192,37777408,0.27309492281522196,78,16777216,1.0773535296320915,2,completed,512,20.0,0.6664362641314432,0.6787052352693355
4,817,185e953d57699e678314593985abe20c62d7d129,cuda,1.0,8,0.5,mixture,0.9046936400818238,64,0.5556422704644033,1.3483339059562365,0.5468378657317537,0.9802240086674605,1.3483994804184156,standard normal at finite u_max,infinite,0.9970911937276755,0.5556422704644033,1.348333905956237,cv,0.3436649032081061,0.2300989704470167,8192,37777408,0.5468378657317545,46,67108864,4.158255353569984,1,completed,2048,20.0,0.9802240086674605,1.3483991595941667
4,845,185e953d57699e678314593985abe20c62d7d129,cuda,1.0,1,0.5,weak_mixture,0.9065122857919096,16,0.017738165180954668,0.013485817877833888,0.011615674371371676,0.11525778917616725,0.021431348220532664,standard normal at finite u_max,finite,0.01161567387487672,0.017738165180954668,0.013485817877833851,cv,0.47851708426132106,0.0,8192,5179904,0.011615673874876387,1,4194304,0.263250507414341,0,completed,128,20.0,0.11525778917616747,0.021433014466592896
4,873,185e953d57699e678314593985abe20c62d7d129,cuda,1.0,1,0.5,weak_mixture,0.9141162084827055,16,0.009047232365747782,0.0056205282274066695,0.00732282996003053,0.012691972273953578,0.006301779825693314,standard normal at finite u_max,finite,0.00732283045652532,0.009047232365747782,0.0056205282274067025,cv,0.4917194044171374,0.0,8192,5179904,0.0073228304565255975,1,4194304,0.26617149263620377,4,completed,128,20.0,0.012691972273953911,0.006299785081332304
4,901,185e953d57699e678314593985abe20c62d7d129,cuda,1.0,1,0.5,weak_mixture,0.6636607125208717,16,0.01822432681558439,0.01430536443543669,0.015179767271455591,0.01607243823696647,0.016474895254022785,standard normal at finite u_max,finite,0.015179766774960884,0.01822432681558439,0.014305364435436653,cv,0.4876577744001928,0.0,8192,5179904,0.015179766774960468,1,16777216,1.0317236334085464,3,completed,512,20.0,0.01607243823696669,0.016471584228219364
4,929,185e953d57699e678314593985abe20c62d7d129,cuda,1.0,1,0.5,weak_mixture,0.9950377532084318,16,0.012220889284743408,0.0036588859070517937,0.0012980078848041643,0.06010506592520215,0.010104082535999603,standard normal at finite u_max,finite,0.0012980083812996202,0.012220889284743408,0.0036588859070518214,cv,0.49894352993207525,0.0,8192,5179904,0.0012980083812990095,1,67108864,4.105276517570019,2,completed,2048,20.0,0.060105065925202816,0.01010099796304129
4,957,185e953d57699e678314593985abe20c62d7d129,cuda,1.0,8,0.5,weak_mixture,0.9340646033576457,16,0.08538556879152791,0.0957861065129025,0.07675868055142593,0.12053627312260529,0.09786322726258762,standard normal at finite u_max,finite,0.20763725700216248,0.08538556879152791,0.09578610651290245,cv,0.4354056932281344,0.11501934435236162,8192,37755904,0.07675868030317834,4,4194304,0.26802825182676315,1,completed,128,20.0,0.12053627312260526,0.09786293168125357
4,985,185e953d57699e678314593985abe20c62d7d129,cuda,1.0,8,0.5,weak_mixture,0.7847987262864051,16,0.015126751477346052,0.010113277846997806,0.008903622261373728,0.023390547084961077,0.013898530736004784,standard normal at finite u_max,finite,0.10166921721612289,0.015126751477346052,0.010113277846997771,cv,0.48671134625178497,0.0338617507085805,8192,37755904,0.008903622385497661,3,16777216,1.036219596862793,0,completed,512,20.0,0.023390547084961036,0.013898271261426528
4,1013,185e953d57699e678314593985abe20c62d7d129,cuda,1.0,8,0.5,weak_mixture,0.6800467364629841,16,0.02351964661684218,0.018840668814237536,0.014994365488554588,0.05222042383223206,0.02245802248341667,standard normal at finite u_max,finite,0.11440240204821094,0.02351964661684218,0.01884066881423751,cv,0.485324366590907,0.04305019147603802,8192,37755904,0.014994365116183107,3,16777216,1.0386334881186485,4,completed,512,20.0,0.052220423832232035,0.022458209054373738
4,1041,185e953d57699e678314593985abe20c62d7d129,cuda,1.0,8,0.5,weak_mixture,0.6699355010717547,16,0.10470810292922224,0.11625196807991509,0.07693341945328354,0.24941468999666933,0.1184541695722881,standard normal at finite u_max,finite,0.2178546356201532,0.10470810292922222,0.11625196807991511,cv,0.4865735071113676,0.2214886537892468,8192,37755904,0.07693341945328352,4,67108864,4.116879820823669,3,completed,2048,20.0,0.24941468999666933,0.11845351247100584
4,1069,185e953d57699e678314593985abe20c62d7d129,cuda,1.0,1,0.5,weak_mixture,0.999560861907651,64,0.026332400271662282,0.02682218082876752,0.018532999555058827,0.01771548203434148,0.0281170803348081,standard normal at finite u_max,finite,0.018533000183881432,0.026332400271662282,0.026822180828767465,cv,0.45188325439882504,0.0,8192,5180928,0.0185330001838806,2,4194304,0.33968060463666916,2,completed,128,20.0,0.017715482034341257,0.028118235904855345
4,1097,185e953d57699e678314593985abe20c62d7d129,cuda,1.0,1,0.5,weak_mixture,0.9297290784311981,64,0.010188743210979269,0.002043886997186415,0.005469318122974576,0.07614490867144086,0.01325591786846812,standard normal at finite u_max,finite,0.005469318751797236,0.010188743210979269,0.0020438869971863647,cv,0.49956444625396906,0.0,8192,5180928,0.005469318751796348,1,16777216,1.0105789825320244,1,completed,512,20.0,0.07614490867144097,0.013255258295431085
4,1125,185e953d57699e678314593985abe20c62d7d129,cuda,1.0,1,0.5,weak_mixture,0.8018905345188297,64,0.019555168971625014,0.023887700263572814,0.01830079231990256,0.02114016628592963,0.024054336529337507,standard normal at finite u_max,finite,0.018300792948724776,0.019555168971625014,0.02388770026357278,cv,0.49670930574908906,0.0,8192,5180928,0.018300792948724665,1,67108864,4.018264688551426,0,completed,2048,20.0,0.021140166285930073,0.02405488720186241
4,1153,185e953d57699e678314593985abe20c62d7d129,cuda,1.0,1,0.5,weak_mixture,0.918625359307789,64,0.012382830784979565,0.0069242065470168125,0.008881463351568919,0.043946733686968664,0.012625626146159866,standard normal at finite u_max,finite,0.008881463980390442,0.012382830784979565,0.006924206547016769,cv,0.498836247948374,0.0,8192,5180928,0.008881463980391024,1,67108864,4.021192491054535,4,completed,2048,20.0,0.04394673368696833,0.01262758127782636
4,1181,185e953d57699e678314593985abe20c62d7d129,cuda,1.0,8,0.5,weak_mixture,0.9969043107128861,64,0.0182980730537101,0.014450971263477278,0.010524584122040152,0.04545166573965162,0.018434839062745408,standard normal at finite u_max,finite,0.10322296960505653,0.0182980730537101,0.014450971263477289,cv,0.4302482128499551,0.02634448282397623,8192,37777408,0.010524583964834716,4,4194304,0.2642056792974472,3,completed,128,20.0,0.04545166573965177,0.018434809096547662
4,1209,185e953d57699e678314593985abe20c62d7d129,cuda,1.0,8,0.5,weak_mixture,0.9760622461701375,64,0.01945480548574663,0.014917790257807652,0.013283892522655147,0.048399804018122744,0.01837723051872055,standard normal at finite u_max,finite,0.09858209201059788,0.01945480548574663,0.01491779025780764,cv,0.48020397538057713,0.028402477237824287,8192,37777408,0.013283892679860486,4,16777216,1.0193765386939049,2,completed,512,20.0,0.04839980401812334,0.018376697323394933
4,1237,185e953d57699e678314593985abe20c62d7d129,cuda,1.0,8,0.5,weak_mixture,0.6358891145353324,64,0.035198860070631235,0.0320630773353047,0.028358459379879616,0.042456674918712925,0.033283680060209056,standard normal at finite u_max,finite,0.1321944546128583,0.035198860070631235,0.0320630773353047,cv,0.4938677147286273,0.046817717610772934,8192,37777408,0.028358459222674173,4,67108864,4.034397661685944,1,completed,2048,20.0,0.04245667491871302,0.03328348432687249
4,6,185e953d57699e678314593985abe20c62d7d129,cuda,1.0,1,0.5,gaussian,0.6189237844493602,16,0.08576271182031325,0.046896235747146964,0.000404105676852895,0.014551941783849331,0.04728706154260509,standard normal at finite u_max,finite,0.0004041111589175874,0.08576271182031325,0.046896235747146964,cv_cumulant,0.16335098055020295,0.0,8192,5310976,0.0004041111589156987,9,8388608,0.4857817441225052,0,completed,128,20.0,0.014551941783848887,0.04728708581597561
4,34,185e953d57699e678314593985abe20c62d7d129,cuda,1.0,1,0.5,gaussian,0.8477537941053905,16,0.0733844856834478,0.04045346548834894,0.002660296222796954,0.08644933796034282,0.040549478403058434,standard normal at finite u_max,finite,0.002660301704860011,0.0733844856834478,0.04045346548834883,cv_cumulant,0.07749245855335714,0.0,8192,5310976,0.0026603017048597577,10,8388608,0.47674016654491425,4,completed,128,20.0,0.08644933796034282,0.0405499822488874
4,62,185e953d57699e678314593985abe20c62d7d129,cuda,1.0,1,0.5,gaussian,0.998086198196515,16,0.08336974438126071,0.04715631826820532,0.00304373724871132,0.12330358866620705,0.047656977856737795,standard normal at finite u_max,finite,0.0030437427307753798,0.08336974438126071,0.04715631826820488,cv_cumulant,0.4536939558494628,0.0,8192,5310976,0.0030437427307736797,9,33554432,1.8715460374951363,3,completed,512,20.0,0.12330358866620728,0.047656175809883156
4,90,185e953d57699e678314593985abe20c62d7d129,cuda,1.0,1,0.5,gaussian,0.7285700921297498,16,0.05020092707726592,0.02537220364872972,0.003201894436323016,0.1408115357827998,0.025704859684070255,standard normal at finite u_max,finite,0.003201899918386153,0.05020092707726592,0.025372203648729608,cv_cumulant,0.48529442449784754,0.0,8192,5310976,0.003201899918385709,9,134217728,7.420724894851446,2,completed,2048,20.0,0.1408115357827997,0.02570598902530161
4,118,185e953d57699e678314593985abe20c62d7d129,cuda,1.0,8,0.5,gaussian,0.9989037510134147,16,0.08291381797877534,0.0421768344385066,0.0023509816048097737,0.11374947299268805,0.04711528958619016,standard normal at finite u_max,finite,0.01852266706827816,0.08291381797877534,0.04217683443850638,cv_cumulant,0.21846794367673514,0.06736826198510089,8192,38345728,0.0023509870868717725,22,8388608,0.4852641150355339,1,completed,128,20.0,0.11374947299268838,0.04711504389497904
4,146,185e953d57699e678314593985abe20c62d7d129,cuda,1.0,8,0.5,gaussian,0.8666447643347125,16,0.07777250685509943,0.039079861480641395,0.0021710742953086892,0.09044244210252855,0.03985861081726251,standard normal at finite u_max,finite,0.01698015767169162,0.07777250685509943,0.03907986148064173,cv_cumulant,0.3883826721159497,0.06424216271060837,8192,38345728,0.002171078406856042,22,33554432,1.8886186443269253,0,completed,512,20.0,0.09044244210252823,0.03985863796592414
4,174,185e953d57699e678314593985abe20c62d7d129,cuda,1.0,8,0.5,gaussian,0.8470837559373949,16,0.10524730671847628,0.05701796978586764,0.0022945504518983167,0.11909714031821048,0.060449774785637664,standard normal at finite u_max,finite,0.018071217844986862,0.10524730671847626,0.057017969785867706,cv_cumulant,0.3391904263832138,0.08748298233102535,8192,38345728,0.00229455593396119,24,33554432,1.8950471356511116,4,completed,512,20.0,0.11909714031821038,0.06044976766346387
4,202,185e953d57699e678314593985abe20c62d7d129,cuda,1.0,8,0.5,gaussian,0.948067905511193,16,0.05222579579562278,0.019451832292902774,0.002525354579469466,0.1703199639752132,0.026968545082986912,standard normal at finite u_max,finite,0.01991765086555679,0.05222579579562278,0.019451832292902593,cv_cumulant,0.4737632350432389,0.026149217627125087,8192,38345728,0.002525360061531673,23,134217728,7.505813226103783,3,completed,2048,20.0,0.17031996397521354,0.026968412070282773
4,230,185e953d57699e678314593985abe20c62d7d129,cuda,1.0,1,0.5,gaussian,0.9510304539837692,64,0.0630531658529555,0.01544202133672179,1.3000392207196398e-08,0.13583986319764785,0.016191441931127242,standard normal at finite u_max,infinite,1.3000723386724644e-08,0.0630531658529555,0.015442021336721568,cv_cumulant,0.00016975016812284977,0.0,8192,5312000,1.3000722165479317e-08,40,8388608,0.4871102422475815,2,completed,128,20.0,0.13583986319764796,0.01619139138200914
4,258,185e953d57699e678314593985abe20c62d7d129,cuda,1.0,1,0.5,gaussian,0.9564811837319491,64,0.09743802415526231,0.029632501099159936,1.3000392207196398e-08,0.002451024022050552,0.029680676025632447,standard normal at finite u_max,finite,1.3000722831613132e-08,0.09743802415526231,0.029632501099160047,cv_cumulant,0.195354249687277,0.0,8192,5312000,1.300072227650162e-08,42,33554432,1.8739675097167492,1,completed,512,20.0,0.002451024022050885,0.029681132736564985
4,286,185e953d57699e678314593985abe20c62d7d129,cuda,1.0,1,0.5,gaussian,0.7453631169279706,64,0.0335328962429082,0.0056791617815620254,1.3000392207196398e-08,0.1571159686815763,0.008081482146963536,standard normal at finite u_max,finite,1.3000723386724644e-08,0.0335328962429082,0.005679161781561914,cv_cumulant,0.347170822493019,0.0,8192,5312000,1.300072227650162e-08,40,134217728,7.420563213527203,0,completed,2048,20.0,0.1571159686815764,0.008081946072368406
4,314,185e953d57699e678314593985abe20c62d7d129,cuda,1.0,1,0.5,gaussian,0.831450953552796,64,0.051505356806956254,0.014964227553533105,1.3000392207196398e-08,0.09947450599277707,0.014982871032319062,standard normal at finite u_max,finite,1.3000722165479317e-08,0.051505356806956254,0.014964227553532883,cv_cumulant,0.42083180715821106,0.0,8192,5312000,1.3000722165479317e-08,40,134217728,7.44337510690093,4,completed,2048,20.0,0.09947450599277718,0.014983177724767833
4,342,185e953d57699e678314593985abe20c62d7d129,cuda,1.0,8,0.5,gaussian,0.6975153793482668,64,0.04955916880901577,0.009770593323314786,1.3000392415363216e-08,0.15632951602674722,0.012375578135362875,standard normal at finite u_max,infinite,1.0400577551268312e-07,0.04955916880901577,0.009770593323314758,cv_cumulant,0.00012234372270807933,0.038319244383285746,8192,38367232,1.3000722498546224e-08,50,8388608,0.498868178576231,3,completed,128,20.0,0.15632951602674725,0.012375482084195262
4,370,185e953d57699e678314593985abe20c62d7d129,cuda,1.0,8,0.5,gaussian,0.6908253805801634,64,0.14201412892190993,0.037177896579194084,1.3000392415363216e-08,0.16758468844133545,0.03969012208726332,standard normal at finite u_max,finite,1.0400577839926298e-07,0.14201412892190993,0.037177896579194,cv_cumulant,0.07936633364196431,0.14031771540036414,8192,38367232,1.300072227650162e-08,88,33554432,1.9244510009884834,2,completed,512,20.0,0.16758468844133556,0.03969048832390168
4,398,185e953d57699e678314593985abe20c62d7d129,cuda,1.0,8,0.5,gaussian,0.9731682679164375,64,0.05239427253536132,0.009634930854369977,1.3000392415363216e-08,0.1869287037468202,0.01317995078113348,standard normal at finite u_max,finite,1.0400577684495075e-07,0.05239427253536132,0.00963493085436995,cv_cumulant,0.34078470322236676,0.07038789512900914,8192,38367232,1.3000722498546224e-08,94,134217728,7.561379108577967,1,completed,2048,20.0,0.1869287037468202,0.013179693958532832
4,426,185e953d57699e678314593985abe20c62d7d129,cuda,1.0,1,0.5,mixture,0.8072729146107182,16,0.03439792098250061,0.06663568314968038,0.02330632364594215,0.034759500263426446,0.06669779946056043,standard normal at finite u_max,infinite,0.02330632358694351,0.03439792098250061,0.06663568314968024,cv_cumulant,0.23198205280344822,0.0,8192,5310976,0.02330632358694329,2,8388608,0.47491808235645294,0,completed,128,20.0,0.03475950026342667,0.06669858914931383
4,454,185e953d57699e678314593985abe20c62d7d129,cuda,1.0,1,0.5,mixture,0.5069232452561256,16,0.017418390616384394,0.022166424234199983,0.004004894503097045,0.013580322525036381,0.023343220967370445,standard normal at finite u_max,infinite,0.004004894444098489,0.017418390616384394,0.022166424234199816,cv_cumulant,0.31424481884613187,0.0,8192,5310976,0.00400489444409835,1,8388608,0.47862327098846436,4,completed,128,20.0,0.013580322525036603,0.0233434725937718
4,482,185e953d57699e678314593985abe20c62d7d129,cuda,1.0,1,0.5,mixture,0.5699729928489694,16,0.027434628620112644,0.05842972574372356,0.020637415956585137,0.0016994007362121089,0.059555852852667596,standard normal at finite u_max,infinite,0.02063741589758533,0.027434628620112644,0.05842972574372339,cv_cumulant,0.4737992579265445,0.0,8192,5310976,0.020637415897586497,1,33554432,1.8650231063365936,3,completed,512,20.0,0.001699400736212775,0.05955877639202191
4,510,185e953d57699e678314593985abe20c62d7d129,cuda,1.0,1,0.5,mixture,0.6614311391053223,16,0.0225318918298473,0.03661702788721648,0.013392641369043667,0.016239173988894517,0.040467394554732125,standard normal at finite u_max,infinite,0.013392641310044195,0.0225318918298473,0.036617027887216325,cv_cumulant,0.49936682001970006,0.0,8192,5310976,0.013392641310044917,1,134217728,7.444089189171791,2,completed,2048,20.0,0.016239173988894184,0.040466342530313774
4,538,185e953d57699e678314593985abe20c62d7d129,cuda,1.0,8,0.5,mixture,0.5044592023299452,16,0.06415315359835477,0.12561714553610276,0.0545188883925983,0.029323670153080197,0.12932685755809284,standard normal at finite u_max,infinite,0.3936272215187471,0.06415315359835477,0.12561714553610276,cv_cumulant,0.04025186060980616,0.11283475309174672,8192,38345728,0.05451888836309832,6,8388608,0.48273828625679016,1,completed,128,20.0,0.0293236701530801,0.1293259086635634
4,566,185e953d57699e678314593985abe20c62d7d129,cuda,1.0,8,0.5,mixture,0.9075654368237979,16,0.03494439380808584,0.06604953239938245,0.028179049541043562,0.018214924807093677,0.07011757454255452,standard normal at finite u_max,infinite,0.24837759866561487,0.03494439380808584,0.06604953239938252,cv_cumulant,0.4416176623144154,0.04164610394611048,8192,38345728,0.028179049526293132,5,33554432,1.8835230097174644,0,completed,512,20.0,0.018214924807093455,0.07011667860252445
4,594,185e953d57699e678314593985abe20c62d7d129,cuda,1.0,8,0.5,mixture,0.5583675929844691,16,0.04181964407777097,0.07202189283230837,0.027637321006777807,0.018148577069616686,0.07543370580405753,standard normal at finite u_max,infinite,0.2875213076705788,0.04181964407777097,0.07202189283230837,cv_cumulant,0.4679220743983466,0.07660899696653045,8192,38345728,0.02763732102152766,5,33554432,1.8792266547679901,4,completed,512,20.0,0.0181485770696167,0.0754336230958534
4,622,185e953d57699e678314593985abe20c62d7d129,cuda,1.0,8,0.5,mixture,0.9645186582031894,16,0.04885298153340829,0.10624353491013164,0.04485250422251055,0.02371728923062738,0.10709386630327551,standard normal at finite u_max,infinite,0.2866498900147605,0.04885298153340829,0.10624353491013164,cv_cumulant,0.48621592997469554,0.07865642618107052,8192,38345728,0.04485250420776051,6,134217728,7.4824034087359905,3,completed,2048,20.0,0.02371728923062734,0.1070940402753362
4,650,185e953d57699e678314593985abe20c62d7d129,cuda,1.0,1,0.5,mixture,0.9967483183276595,64,0.3103621140901427,0.7533107822653891,0.3051468870622363,0.9879017934377623,0.753346709758518,standard normal at finite u_max,infinite,0.30514688706223336,0.3103621140901427,0.7533107822653882,cv_cumulant,0.00014556513057914256,0.0,8192,5312000,0.3051468870622338,23,8388608,0.48398688808083534,2,completed,128,20.0,0.9879017934377623,0.7533485833721801
4,678,185e953d57699e678314593985abe20c62d7d129,cuda,1.0,1,0.5,mixture,0.8138862453179725,64,0.17220531681749784,0.41063738088570817,0.1698466768709323,0.18562121679928123,0.4107770956943338,standard normal at finite u_max,infinite,0.16984667687093616,0.17220531681749784,0.4106373808857082,cv_cumulant,0.3282584845631263,0.0,8192,5312000,0.16984667687093508,14,33554432,1.8725852817296982,1,completed,512,20.0,0.1856212167992819,0.4107755329294892
4,706,185e953d57699e678314593985abe20c62d7d129,cuda,1.0,1,0.5,mixture,0.9604503047264908,64,0.11865157012895455,0.2679694986491367,0.11085619580847622,0.1685185497015973,0.2681264447246032,standard normal at finite u_max,infinite,0.11085619580847925,0.11865157012895455,0.26796949864913683,cv_cumulant,0.48047029043996564,0.0,8192,5312000,0.11085619580847861,13,134217728,7.431429520249367,0,completed,2048,20.0,0.16851854970159708,0.2681256652375469
4,734,185e953d57699e678314593985abe20c62d7d129,cuda,1.0,1,0.5,mixture,0.627873861113891,64,0.040507676316912655,0.034856482977640046,0.00883063604485368,0.00985447935468231,0.03485789250731455,standard normal at finite u_max,infinite,0.008830636044851292,0.040507676316912655,0.0348564829776401,cv_cumulant,0.4286040501654389,0.0,8192,5312000,0.008830636044851126,13,134217728,7.426492862403393,4,completed,2048,20.0,0.009854479354681978,0.03485606491852991
4,762,185e953d57699e678314593985abe20c62d7d129,cuda,1.0,8,0.5,mixture,0.6296584725951808,64,0.5187462994216248,1.2493178973938184,0.5,0.9897592455087859,1.24987011963767,standard normal at finite u_max,infinite,0.9979788069067426,0.5187462994216248,1.2493178973938188,cv_cumulant,0.00012332352844729954,0.07681325548465981,8192,38367232,0.5000000000000002,30,8388608,0.491825595498085,3,completed,128,20.0,0.9897592455087859,1.2498710726617657
4,790,185e953d57699e678314593985abe20c62d7d129,cuda,1.0,8,0.5,mixture,0.7954139888855385,64,0.10216553390277154,0.2020539571816067,0.08147481887937896,0.14865550162098382,0.20488506088399755,standard normal at finite u_max,infinite,0.8459578828070552,0.10216553390277155,0.20205395718160674,cv_cumulant,0.11305598496167779,0.32629034830956855,8192,38367232,0.08147481887938016,41,33554432,1.9079036489129066,2,completed,512,20.0,0.14865550162098368,0.20488470848075976
4,818,185e953d57699e678314593985abe20c62d7d129,cuda,1.0,8,0.5,mixture,0.9473189462722097,64,0.25080241188466573,0.589127517177515,0.23615437351074173,0.40122637904077896,0.5912128394693181,standard normal at finite u_max,infinite,0.8653844523009793,0.25080241188466573,0.5891275171775149,cv_cumulant,0.39265158455562504,0.40822652610013105,8192,38367232,0.2361543735107404,36,134217728,7.528258178383112,1,completed,2048,20.0,0.40122637904077907,0.5912129519173814
4,846,185e953d57699e678314593985abe20c62d7d129,cuda,1.0,1,0.5,weak_mixture,0.8967887642180887,16,0.011520976333599109,0.011440364545022778,0.011114159650966016,0.027356541782214805,0.01304276674230518,standard normal at finite u_max,finite,0.011114159154472336,0.011520976333599109,0.011440364545022742,cv_cumulant,0.485140838557725,0.0,8192,5310976,0.011114159154471004,1,8388608,0.4731709733605385,0,completed,128,20.0,0.027356541782214583,0.013043753706823667
4,874,185e953d57699e678314593985abe20c62d7d129,cuda,1.0,1,0.5,weak_mixture,0.953996405722352,16,0.01105444059212557,0.011301581473053997,0.009092299910006152,0.002875664457941296,0.01136751454570398,standard normal at finite u_max,finite,0.00909230040650058,0.01105444059212557,0.011301581473054033,cv_cumulant,0.49846578931344815,0.0,8192,5310976,0.00909230040650133,1,8388608,0.4735826998949051,4,completed,128,20.0,0.002875664457941074,0.01136689754452883
4,902,185e953d57699e678314593985abe20c62d7d129,cuda,1.0,1,0.5,weak_mixture,0.9946812517047008,16,0.009609762635148955,0.0024932699229512426,0.002412450736342775,0.028396670929649814,0.0075394740488006415,standard normal at finite u_max,finite,0.002412451232837315,0.009609762635148955,0.0024932699229512877,cv_cumulant,0.4966550192818212,0.0,8192,5310976,0.0024124512328382863,1,33554432,1.8697835020720959,3,completed,512,20.0,0.02839667092964926,0.007537568662143473
4,930,185e953d57699e678314593985abe20c62d7d129,cuda,1.0,1,0.5,weak_mixture,0.8908085825475497,16,0.03001806254499617,0.034602149194774466,0.020158066011593534,0.03059453759045505,0.034762308610591666,standard normal at finite u_max,finite,0.02015806650808774,0.03001806254499617,0.03460214919477452,cv_cumulant,0.4980002494387881,0.0,8192,5310976,0.020158066508088934,1,134217728,7.451069340109825,2,completed,2048,20.0,0.030594537590455495,0.034761790943303505
4,958,185e953d57699e678314593985abe20c62d7d129,cuda,1.0,8,0.5,weak_mixture,0.61758442364548,16,0.0403436843976117,0.03782278720657413,0.032686104989467044,0.06930552574319573,0.04101629428431356,standard normal at finite u_max,finite,0.12843647657290438,0.0403436843976117,0.03782278720657412,cv_cumulant,0.3764413855865732,0.03216787888310243,8192,38345728,0.03268610498946699,3,8388608,0.47991207987070084,1,completed,128,20.0,0.06930552574319569,0.041016542886218865
4,986,185e953d57699e678314593985abe20c62d7d129,cuda,1.0,8,0.5,weak_mixture,0.6901157008925421,16,0.020745648919445737,0.015499136801999824,0.015456141455757216,0.03729791858569306,0.018812623734863768,standard normal at finite u_max,finite,0.10307449694881424,0.020745648919445737,0.015499136801999828,cv_cumulant,0.4796554505047073,0.03447008206839224,8192,38345728,0.01545614145575712,3,33554432,1.8775150179862976,0,completed,512,20.0,0.03729791858569312,0.018811731309256376
4,1014,185e953d57699e678314593985abe20c62d7d129,cuda,1.0,8,0.5,weak_mixture,0.7625101771062062,16,0.023988474361199205,0.023493554398151897,0.01592815118153952,0.043635661969468054,0.0247506594876963,standard normal at finite u_max,finite,0.10392680422840131,0.023988474361199205,0.0234935543981519,cv_cumulant,0.4792878533535613,0.04099615454617221,8192,38345728,0.015928151181539563,3,33554432,1.8838245943188667,4,completed,512,20.0,0.04363566196946801,0.024751282934380663
4,1042,185e953d57699e678314593985abe20c62d7d129,cuda,1.0,8,0.5,weak_mixture,0.9374025408133277,16,0.01568064646233125,0.010767493333427778,0.008300992258244558,0.038621623148183126,0.015856269586172027,standard normal at finite u_max,finite,0.09220095863673254,0.01568064646233125,0.010767493333427764,cv_cumulant,0.49588597702333914,0.028008726148132934,8192,38345728,0.008300992134120631,3,134217728,7.492349926382303,3,completed,2048,20.0,0.038621623148183015,0.01585601597181911
4,1070,185e953d57699e678314593985abe20c62d7d129,cuda,1.0,1,0.5,weak_mixture,0.7706087535427962,64,0.016340022531836862,0.022515991677911767,0.011582731176199457,0.01088155334714136,0.02261029796295007,standard normal at finite u_max,finite,0.011582730547376768,0.016340022531836862,0.022515991677911816,cv_cumulant,0.4866664302991318,0.0,8192,5312000,0.011582730547377573,1,8388608,0.47420260310173035,2,completed,128,20.0,0.01088155334714136,0.022612584676172515
4,1098,185e953d57699e678314593985abe20c62d7d129,cuda,1.0,1,0.5,weak_mixture,0.9971860707778993,64,0.041864886506749965,0.05223260955232437,0.03589039119189075,0.016476723936998505,0.05223825794457035,standard normal at finite u_max,finite,0.035890390563068,0.041864886506749965,0.052232609552324394,cv_cumulant,0.497810949271563,0.0,8192,5312000,0.0358903905630692,2,33554432,1.8616860881447792,1,completed,512,20.0,0.01647672393699806,0.05223957513906032
4,1126,185e953d57699e678314593985abe20c62d7d129,cuda,1.0,1,0.5,weak_mixture,0.6003012858368554,64,0.010598978786638569,0.006888077812911097,1.7812051028576192e-06,0.08922129232228637,0.01285507752524443,standard normal at finite u_max,finite,1.7805762805023218e-06,0.010598978786638569,0.006888077812911142,cv_cumulant,0.49693156332314464,0.0,8192,5312000,1.7805762808631442e-06,1,134217728,7.448930516839027,0,completed,2048,20.0,0.0892212923222866,0.012851885106272958
4,1154,185e953d57699e678314593985abe20c62d7d129,cuda,1.0,1,0.5,weak_mixture,0.9988930606358188,64,0.024087718156050153,0.03771865049201173,0.01845258031289365,0.06709180810417603,0.037721021108034755,standard normal at finite u_max,finite,0.018452580941716645,0.024087718156050153,0.03771865049201173,cv_cumulant,0.4977766404100537,0.0,8192,5312000,0.01845258094171598,2,134217728,7.447093587368727,4,completed,2048,20.0,0.06709180810417692,0.03771920102117094
4,1182,185e953d57699e678314593985abe20c62d7d129,cuda,1.0,8,0.5,weak_mixture,0.990377852624502,64,0.017515392864596056,0.013326868373852201,0.012895569083436469,0.04088731863028991,0.01584870627791765,standard normal at finite u_max,finite,0.10199287463505215,0.017515392864596056,0.013326868373852205,cv_cumulant,0.4119471946556184,0.03475134304000073,8192,38367232,0.012895568926231019,4,8388608,0.4841398745775223,3,completed,128,20.0,0.04088731863029009,0.01584818542693972
4,1210,185e953d57699e678314593985abe20c62d7d129,cuda,1.0,8,0.5,weak_mixture,0.7489426871839218,64,0.02227565585771385,0.01849194639516641,0.013847436942266547,0.044198821215115425,0.022021756963442565,standard normal at finite u_max,finite,0.11535881113819954,0.02227565585771385,0.018491946395166402,cv_cumulant,0.47106962003450836,0.0700456928035175,8192,38367232,0.013847437413882904,4,33554432,1.8924526646733284,2,completed,512,20.0,0.044198821215115425,0.022021239262713335
4,1238,185e953d57699e678314593985abe20c62d7d129,cuda,1.0,8,0.5,weak_mixture,0.9927141347815291,64,0.046398828802799906,0.048793058377394546,0.03670681181695626,0.08650863469771358,0.05181399136122478,standard normal at finite u_max,finite,0.1605009078612177,0.0463988288027999,0.04879305837739452,cv_cumulant,0.49013599444888717,0.075622143990596,8192,38367232,0.036706811659750954,5,134217728,7.497857570648193,1,completed,2048,20.0,0.08650863469771347,0.051813866438756365
4,7,185e953d57699e678314593985abe20c62d7d129,cuda,1.0,1,0.5,gaussian,0.9123425985462141,16,0.0881836161777671,0.04871126622011579,0.0028406972046726153,0.09218974564794868,0.048774982345737405,standard normal at finite u_max,finite,0.002840702686733718,0.0881836161777671,0.04871126622011568,full,0.2597094517391846,0.0,8192,10948608,0.002840702686735308,9,16777216,0.16800865530967712,1,completed,128,20.0,0.09218974564794857,0.04877243541443693
4,35,185e953d57699e678314593985abe20c62d7d129,cuda,1.0,1,0.5,gaussian,0.9320340973555085,16,0.07019106086822263,0.0374499391814046,0.0016787866530730833,0.001699960818184021,0.037838885944183054,standard normal at finite u_max,finite,0.0016787921351353486,0.07019106086822263,0.03744993918140482,full,0.4343002501364127,0.0,8192,10948608,0.001678792135135665,11,67108864,0.6006383113563061,0,completed,512,20.0,0.001699960818184021,0.03783903154767214
4,63,185e953d57699e678314593985abe20c62d7d129,cuda,1.0,1,0.5,gaussian,0.8208823762460373,16,0.06723445693740804,0.031612131413968236,0.003201894436323016,0.09525851750375958,0.03299452016057193,standard normal at finite u_max,finite,0.003201899918384654,0.06723445693740804,0.031612131413968125,full,0.42315464843164385,0.0,8192,10948608,0.003201899918385709,9,67108864,0.6032462790608406,4,completed,512,20.0,0.09525851750375947,0.03299309781777595
4,91,185e953d57699e678314593985abe20c62d7d129,cuda,1.0,1,0.5,gaussian,0.7329129316136686,16,0.028376858075321976,0.01480003221744397,0.003201894436323016,0.09377927659467666,0.01637426737027927,standard normal at finite u_max,finite,0.0032018999183839325,0.028376858075321976,0.014800032217443526,full,0.48431743354982953,0.0,8192,10948608,0.0032018999183852648,10,268435456,2.352559842169285,3,completed,2048,20.0,0.093779276594677,0.01637442916638876
4,119,185e953d57699e678314593985abe20c62d7d129,cuda,1.0,8,0.5,gaussian,0.5963098064357878,16,0.19055379840357825,0.10147925267481882,0.005148988258175613,0.17000234287911248,0.10201357397283153,standard normal at finite u_max,finite,0.02889448720298541,0.19055379840357825,0.10147925267481879,full,0.0411702788816444,0.11214964042912644,8192,85731328,0.005148990999206904,20,16777216,0.2119256965816021,2,completed,128,20.0,0.17000234287911245,0.10201318084958702
4,147,185e953d57699e678314593985abe20c62d7d129,cuda,1.0,8,0.5,gaussian,0.8903308319725686,16,0.19890391915461242,0.10256365565329455,0.0034500078182908567,0.15570406844241946,0.10794788773633161,standard normal at finite u_max,finite,0.017123215247080922,0.19890391915461242,0.10256365565329452,full,0.38551815717683086,0.19495109593415125,8192,85731328,0.003450011929837793,22,67108864,0.7581930905580521,1,completed,512,20.0,0.15570406844241952,0.10794750670300743
4,175,185e953d57699e678314593985abe20c62d7d129,cuda,1.0,8,0.5,gaussian,0.9522398135049454,16,0.062306917840973586,0.028471295837206326,0.001968126033567233,0.12478496997842894,0.03273660413490012,standard normal at finite u_max,finite,0.015208904652082782,0.062306917840973586,0.02847129583720616,full,0.4654483402823921,0.06550595451545446,8192,85731328,0.0019681301451137667,24,268435456,2.9503928795456886,0,completed,2048,20.0,0.12478496997842942,0.03273590999634514
4,203,185e953d57699e678314593985abe20c62d7d129,cuda,1.0,8,0.5,gaussian,0.5119975591476321,16,0.06793623896805501,0.03451872540271768,0.0018946829666140752,0.1212523839296345,0.03607354046098795,standard normal at finite u_max,finite,0.014872277962710949,0.06793623896805501,0.03451872540271765,full,0.4676289588263968,0.0656466851524495,8192,85731328,0.0018946884486767401,23,268435456,2.95925260335207,4,completed,2048,20.0,0.12125238392963446,0.03607328184640799
4,231,185e953d57699e678314593985abe20c62d7d129,cuda,1.0,1,0.5,gaussian,0.9297909818221579,64,0.015051873602328902,0.00044341651612744837,1.3000392207196398e-08,0.10040932906416855,0.004550000999038654,standard normal at finite u_max,infinite,1.3000722831613132e-08,0.015051873602328902,0.00044341651612778143,full,0.0002844338761916539,0.0,8192,42406912,1.3000722942635434e-08,39,67108864,0.1694812886416912,3,completed,128,20.0,0.10040932906416788,0.004548870120136542
4,259,185e953d57699e678314593985abe20c62d7d129,cuda,1.0,1,0.5,gaussian,0.706749682029945,64,0.015417906043932006,0.00468916145302789,1.3000392207196398e-08,3.483920813396324e-06,0.004898672782929872,standard normal at finite u_max,finite,1.3000720888722839e-08,0.015417906043932006,0.004689161453027557,full,0.2633897371058953,0.0,8192,42406912,1.3000722942635434e-08,40,268435456,0.6796718463301659,2,completed,512,20.0,3.483920813840413e-06,0.004898608622706211
4,287,185e953d57699e678314593985abe20c62d7d129,cuda,1.0,1,0.5,gaussian,0.9898684301841697,64,0.04754247391670707,0.006275027696292068,1.3000392207196398e-08,0.15391673975980946,0.01048726786264043,standard normal at finite u_max,finite,1.3000720611167083e-08,0.04754247391670707,0.006275027696291735,full,0.3743639108465475,0.0,8192,42406912,1.3000722054457015e-08,41,1073741824,2.345643673092127,1,completed,2048,20.0,0.1539167397598098,0.010487059510260894
4,315,185e953d57699e678314593985abe20c62d7d129,cuda,1.0,8,0.5,gaussian,0.7041871697343637,64,0.056766185242800596,0.01222801095569942,1.3000392415363216e-08,0.15500836552255093,0.014439915323868529,standard normal at finite u_max,infinite,1.040057744024601e-07,0.056766185242800596,0.01222801095569942,full,0.00012410119969608207,0.04897872686076589,8192,337420288,1.3000722498546224e-08,48,67108864,0.5080034658312798,0,completed,128,20.0,0.15500836552255093,0.01443998495279868
4,343,185e953d57699e678314593985abe20c62d7d129,cuda,1.0,8,0.5,gaussian,0.6408719225222109,64,0.09241868090244171,0.023262401500057414,1.3000392415363216e-08,0.13136230270593688,0.02575286789737634,standard normal at finite u_max,infinite,1.0400577468001585e-07,0.09241868090244171,0.02326240150005747,full,0.0003806333680658797,0.07268867563947534,8192,337420288,1.300072272059083e-08,49,67108864,0.5105963386595249,4,completed,128,20.0,0.1313623027059368,0.02575296423262524
4,371,185e953d57699e678314593985abe20c62d7d129,cuda,1.0,8,0.5,gaussian,0.8881494674318858,64,0.07427661506188918,0.01812977857831588,1.3000392415363216e-08,0.1736278527304841,0.020288641751258604,standard normal at finite u_max,finite,1.0400577406939319e-07,0.07427661506188918,0.01812977857831588,full,0.052479933674177505,0.10045903910481187,8192,337420288,1.300072272059083e-08,78,268435456,1.9360631331801414,3,completed,512,20.0,0.17362785273048395,0.02028891949549761
4,399,185e953d57699e678314593985abe20c62d7d129,cuda,1.0,8,0.5,gaussian,0.7859694691280447,64,0.05302614713058276,0.010277916847461002,1.3000392415363216e-08,0.19682141690323932,0.013521887741830847,standard normal at finite u_max,finite,1.0400577490206046e-07,0.05302614713058276,0.010277916847460863,full,0.36285348776182474,0.047059363080320216,8192,337420288,1.300072227650162e-08,94,1073741824,7.598159518092871,2,completed,2048,20.0,0.19682141690323945,0.013522022672702088
4,427,185e953d57699e678314593985abe20c62d7d129,cuda,1.0,1,0.5,mixture,0.9613446948551656,16,0.08215063073771217,0.16849805070079932,0.059020744840675377,0.03290970673117788,0.1690297210780904,standard normal at finite u_max,finite,0.05902074489967413,0.08215063073771217,0.1684980507007995,full,0.21763208867314518,0.0,8192,10948608,0.05902074489967413,3,16777216,0.15408575162291527,1,completed,128,20.0,0.03290970673117832,0.1690285162191898
4,455,185e953d57699e678314593985abe20c62d7d129,cuda,1.0,1,0.5,mixture,0.8469292905366305,16,0.009566716678415688,0.00656460330921757,0.004690118199928317,0.014825174639944705,0.01461593670171623,standard normal at finite u_max,finite,0.0046901181409299275,0.009566716678415688,0.006564603309217376,full,0.49688493622255364,0.0,8192,10948608,0.004690118140929678,1,67108864,0.5909794121980667,0,completed,512,20.0,0.014825174639944039,0.014615903145267147
4,483,185e953d57699e678314593985abe20c62d7d129,cuda,1.0,1,0.5,mixture,0.8780131193909904,16,0.008803876620643858,0.005696319576664832,0.00013280919050751017,0.0004141236222019451,0.007926370495691056,standard normal at finite u_max,finite,0.00013280924950723194,0.008803876620643858,0.0056963195766646935,full,0.4974372677942959,0.0,8192,10948608,0.000132809249506316,1,67108864,0.5922228842973709,4,completed,512,20.0,0.0004141236222019451,0.007924493973401841
4,511,185e953d57699e678314593985abe20c62d7d129,cuda,1.0,1,0.5,mixture,0.5079862289625928,16,0.024163580384251482,0.054678368617921025,0.02043475233751152,0.012028428968084759,0.057141936035188884,standard normal at finite u_max,finite,0.020434752278512547,0.024163580384251482,0.054678368617920914,full,0.49608030885350995,0.0,8192,10948608,0.020434752278512436,1,268435456,2.3388924784958363,3,completed,2048,20.0,0.012028428968084315,0.05714168039925326
4,539,185e953d57699e678314593985abe20c62d7d129,cuda,1.0,8,0.5,mixture,0.6770556338500292,16,0.07630706143612563,0.13903927030690427,0.05360600129466927,0.05661859352245392,0.14080084754528766,standard normal at finite u_max,finite,0.3901819310996728,0.07630706143612563,0.13903927030690422,full,0.13902515291460313,0.1655453741155727,8192,85731328,0.05360600130941939,6,16777216,0.203402291983366,2,completed,128,20.0,0.05661859352245381,0.14080091794655908
4,567,185e953d57699e678314593985abe20c62d7d129,cuda,1.0,8,0.5,mixture,0.7690806133183982,16,0.03638159932385809,0.06419973962610254,0.02865734797366354,0.027357003540854186,0.07059171108213158,standard normal at finite u_max,finite,0.2762775265252539,0.03638159932385809,0.06419973962610248,full,0.44898576470518936,0.09183256189799792,8192,85731328,0.02865734795891376,5,67108864,0.753704097121954,1,completed,512,20.0,0.027357003540854172,0.0705908807659453
4,595,185e953d57699e678314593985abe20c62d7d129,cuda,1.0,8,0.5,mixture,0.9163215401340031,16,0.03567899919067813,0.06320777007164102,0.027879982627136327,0.02325654464185639,0.06919388922391653,standard normal at finite u_max,finite,0.25404047000354435,0.03567899919067813,0.06320777007164112,full,0.4915801186907732,0.06986996515346608,8192,85731328,0.027879982627136063,5,268435456,2.9428455159068108,0,completed,2048,20.0,0.023256544641856197,0.0691943013747595
4,623,185e953d57699e678314593985abe20c62d7d129,cuda,1.0,8,0.5,mixture,0.9768634980595997,16,0.12222215012256044,0.2314730176589574,0.10961060243550949,0.10073866655218516,0.2479517239083825,standard normal at finite u_max,finite,0.35676474418027704,0.12222215012256042,0.2314730176589574,full,0.4905829328708311,0.15999990467297406,8192,85731328,0.10961060245025925,6,268435456,2.94947462528944,4,completed,2048,20.0,0.10073866655218522,0.24795179484505858
4,651,185e953d57699e678314593985abe20c62d7d129,cuda,1.0,1,0.5,mixture,0.812803018000049,64,0.6941061759356087,1.708125568217968,0.6940449257337662,0.9834908940250312,1.7081414387725067,standard normal at finite u_max,infinite,0.694044925733769,0.6941061759356087,1.7081255682179677,full,0.0001436898459932955,0.0,8192,42406912,0.6940449257337686,20,67108864,0.1614367701113224,3,completed,128,20.0,0.9834908940250312,1.7081415191113543
4,679,185e953d57699e678314593985abe20c62d7d129,cuda,1.0,1,0.5,mixture,0.8003686519093971,64,0.04844656701308925,0.0709913930098463,0.028162565890283042,0.05146201129037875,0.07344340802535361,standard normal at finite u_max,finite,0.0281625658902801,0.04844656701308925,0.07099139300984647,full,0.38116869583452306,0.0,8192,42406912,0.028162565890280378,15,268435456,0.5973187759518623,2,completed,512,20.0,0.05146201129037831,0.07344322499306023
4,707,185e953d57699e678314593985abe20c62d7d129,cuda,1.0,1,0.5,mixture,0.9055145226950414,64,0.1432812234475086,0.35027376922268055,0.1414851758693409,0.3438255933818253,0.3503552954669163,standard normal at finite u_max,finite,0.14148517586933834,0.1432812234475086,0.3502737692226803,full,0.46552494823506946,0.0,8192,42406912,0.14148517586933843,16,1073741824,2.338420767337084,1,completed,2048,20.0,0.3438255933818254,0.3503541670346979
4,735,185e953d57699e678314593985abe20c62d7d129,cuda,1.0,8,0.5,mixture,0.9875178242583108,64,0.4097831153335928,1.0033056568753917,0.4025734435311179,0.9882156704591658,1.0033903919283957,standard normal at finite u_max,infinite,0.989519646471608,0.40978311533359285,1.003305656875391,full,0.00019371549484548627,0.03776494990370047,8192,337420288,0.4025734435311165,28,67108864,0.5015515945851803,0,completed,128,20.0,0.9882156704591658,1.003390195975206
4,763,185e953d57699e678314593985abe20c62d7d129,cuda,1.0,8,0.5,mixture,0.9843353674169766,64,0.5063267880418849,1.2479384966930065,0.5000000000000001,0.9880877418555691,1.2479880236736913,standard normal at finite u_max,infinite,0.9979788069067418,0.506326788041885,1.2479384966930072,full,0.0005353978125132823,0.07058173207853374,8192,337420288,0.5000000000000004,27,67108864,0.4997897259891033,4,completed,128,20.0,0.988087741855569,1.2479879383879628
4,791,185e953d57699e678314593985abe20c62d7d129,cuda,1.0,8,0.5,mixture,0.921511028649391,64,0.24924014400615147,0.5785853578567517,0.22950734922381438,0.46855326230155336,0.5787074171882332,standard normal at finite u_max,finite,0.9180049182866961,0.2492401440061515,0.5785853578567512,full,0.2255042087502447,0.40657082164016495,8192,337420288,0.229507349223813,32,268435456,1.9213291332125664,3,completed,512,20.0,0.4685532623015535,0.57870848897812
4,819,185e953d57699e678314593985abe20c62d7d129,cuda,1.0,8,0.5,mixture,0.9710076404677946,64,0.28367544168113507,0.6728968244633939,0.2737350267699766,0.6580882760727403,0.6742439300408161,standard normal at finite u_max,finite,0.9087676873692991,0.28367544168113507,0.6728968244633939,full,0.42803222265328333,0.2850291157413763,8192,337420288,0.27373502676997463,39,1073741824,7.575557596981525,2,completed,2048,20.0,0.6580882760727403,0.674243663627589
4,847,185e953d57699e678314593985abe20c62d7d129,cuda,1.0,1,0.5,weak_mixture,0.8296129871474992,16,0.02527902664063919,0.02486533234258808,0.02140555484487705,0.017157758362572384,0.02648564628148031,standard normal at finite u_max,finite,0.021405555341372284,0.02527902664063919,0.024865332342588115,full,0.4942079566993526,0.0,8192,10948608,0.02140555534137223,1,16777216,0.1552225425839424,1,completed,128,20.0,0.017157758362572384,0.026486667059012547
4,875,185e953d57699e678314593985abe20c62d7d129,cuda,1.0,1,0.5,weak_mixture,0.9933180054106506,16,0.008577251616870618,0.0003650137476070049,0.0020934554185200183,0.020087740871808646,0.006882033622538418,standard normal at finite u_max,finite,0.0020934549220247844,0.008577251616870618,0.00036501374760696155,full,0.4972958189023704,0.0,8192,10948608,0.002093454922024507,1,67108864,0.5941775366663933,0,completed,512,20.0,0.020087740871808202,0.006880661117163807
4,903,185e953d57699e678314593985abe20c62d7d129,cuda,1.0,1,0.5,weak_mixture,0.9225573667303569,16,0.008022192600149247,0.004469046804299889,0.0016720544998756193,0.0130138174284673,0.007053775885716799,standard normal at finite u_max,finite,0.0016720540033804132,0.008022192600149247,0.004469046804299851,full,0.4991982152276208,0.0,8192,10948608,0.00167205400338033,1,67108864,0.5954880006611347,4,completed,512,20.0,0.01301381742846719,0.007053619137425006
4,931,185e953d57699e678314593985abe20c62d7d129,cuda,1.0,1,0.5,weak_mixture,0.9175041863507657,16,0.014488803617902501,0.01782026685049806,0.010086935211161774,0.015234405417318353,0.018044741032649105,standard normal at finite u_max,finite,0.010086935707656675,0.014488803617902501,0.017820266850498097,full,0.49914455413941194,0.0,8192,10948608,0.010086935707656952,1,268435456,2.3475351706147194,3,completed,2048,20.0,0.015234405417318131,0.0180460731082058
4,959,185e953d57699e678314593985abe20c62d7d129,cuda,1.0,8,0.5,weak_mixture,0.5257645872506074,16,0.03709111029402784,0.0331793047750234,0.02553930816097546,0.07491615490308143,0.03607971727807303,standard normal at finite u_max,finite,0.13709846964414124,0.03709111029402784,0.033179304775023385,full,0.4084229588006941,0.07172998750792843,8192,85731328,0.025539308160975396,3,16777216,0.2010619193315506,2,completed,128,20.0,0.0749161549030814,0.03607968012449549
4,987,185e953d57699e678314593985abe20c62d7d129,cuda,1.0,8,0.5,weak_mixture,0.7643376202620407,16,0.027599823585235845,0.026968753296074142,0.02245169277235974,0.032769310803881055,0.029313015657497634,standard normal at finite u_max,finite,0.10264870995598724,0.027599823585235845,0.026968753296074125,full,0.48371757337229015,0.034919634700741393,8192,85731328,0.02245169277235977,3,67108864,0.7544220760464668,1,completed,512,20.0,0.03276931080388103,0.029312492481322592
4,1015,185e953d57699e678314593985abe20c62d7d129,cuda,1.0,8,0.5,weak_mixture,0.7303541982076607,16,0.015274143853871505,0.010283453907401296,0.0077721884576411465,0.02760569441563747,0.013625851707357334,standard normal at finite u_max,finite,0.09575106087007279,0.015274143853871505,0.010283453907401305,full,0.49560661923937105,0.04332794522889164,8192,85731328,0.007772188457641174,3,268435456,2.9408437348902225,0,completed,2048,20.0,0.027605694415637608,0.013625594869880776
4,1043,185e953d57699e678314593985abe20c62d7d129,cuda,1.0,8,0.5,weak_mixture,0.7896419422581591,16,0.02438300362734558,0.017233890445339854,0.011563278845180235,0.05809489393858129,0.022583441143087576,standard normal at finite u_max,finite,0.09235523333782403,0.02438300362734558,0.017233890445339864,full,0.4958684733239268,0.038334005181108716,8192,85731328,0.011563278969304001,3,268435456,2.9428905695676804,4,completed,2048,20.0,0.05809489393858154,0.022583978389944227
4,1071,185e953d57699e678314593985abe20c62d7d129,cuda,1.0,1,0.5,weak_mixture,0.8812009873668379,64,0.013877463037043014,0.011673808447302658,0.003687957483922033,0.04364494114546258,0.012323744931058206,standard normal at finite u_max,finite,0.0036879581127433336,0.013877463037043014,0.011673808447302607,full,0.48646291345155523,0.0,8192,42406912,0.0036879581127439165,1,67108864,0.15386522188782692,3,completed,128,20.0,0.04364494114546269,0.012323235095904744
4,1099,185e953d57699e678314593985abe20c62d7d129,cuda,1.0,1,0.5,weak_mixture,0.7177043647632606,64,0.011425567055582064,0.0097412153797573,0.0060888780337599036,0.02037309386654418,0.010221489049049157,standard normal at finite u_max,finite,0.006088878662581121,0.011425567055582064,0.009741215379757253,full,0.4956803449652541,0.0,8192,42406912,0.006088878662581898,1,268435456,0.5943971201777458,2,completed,512,20.0,0.02037309386654418,0.010222752867719606
4,1127,185e953d57699e678314593985abe20c62d7d129,cuda,1.0,1,0.5,weak_mixture,0.5964042871961888,64,0.03616544818844514,0.031727433192981956,0.02744088235437747,0.05470127198702879,0.03220428861422779,standard normal at finite u_max,finite,0.027440882983198606,0.03616544818844514,0.031727433192981915,full,0.49881910337584556,0.0,8192,42406912,0.027440882983199466,1,1073741824,2.3499636463820934,1,completed,2048,20.0,0.05470127198702901,0.032203099224035935
4,1155,185e953d57699e678314593985abe20c62d7d129,cuda,1.0,8,0.5,weak_mixture,0.9543233182459323,64,0.024375624134989275,0.019831840136681336,0.021052343960839826,0.0355135442859766,0.02291174901649954,standard normal at finite u_max,finite,0.10548556752842636,0.024375624134989275,0.019831840136681347,full,0.44421768569647907,0.028217655772896907,8192,337420288,0.02105234427525078,4,67108864,0.49235666915774345,0,completed,128,20.0,0.03551354428597629,0.022912590390627846
4,1183,185e953d57699e678314593985abe20c62d7d129,cuda,1.0,8,0.5,weak_mixture,0.951045322113847,64,0.02450709703807666,0.0220308297994955,0.020614375429007112,0.0314167477170504,0.02394555653465611,standard normal at finite u_max,finite,0.10742111154779994,0.02450709703807666,0.02203082979949551,full,0.43000583654864566,0.0319662931386435,8192,337420288,0.020614375271801627,4,67108864,0.48985761776566505,4,completed,128,20.0,0.03141674771705037,0.02394551461324487
4,1211,185e953d57699e678314593985abe20c62d7d129,cuda,1.0,8,0.5,weak_mixture,0.940725915616555,64,0.02869285277573501,0.023861882723155294,0.018448829018420716,0.05343444144101642,0.02764876477877118,standard normal at finite u_max,finite,0.10834771603395896,0.02869285277573501,0.023861882723155273,full,0.47450276859417123,0.03867664942394233,8192,337420288,0.01844882901842071,4,268435456,1.908919084817171,3,completed,512,20.0,0.05343444144101635,0.027648939324558766
4,1239,185e953d57699e678314593985abe20c62d7d129,cuda,1.0,8,0.5,weak_mixture,0.7957120646976936,64,0.020500684703432075,0.01315589956355148,0.012492869072308802,0.06299634548345823,0.020087308714396714,standard normal at finite u_max,finite,0.10399518782721152,0.020500684703432075,0.013155899563551458,full,0.4939255681213985,0.03897638236150028,8192,337420288,0.012492868915103414,4,1073741824,7.560910243541002,2,completed,2048,20.0,0.06299634548345813,0.020087338064764357
4,8,185e953d57699e678314593985abe20c62d7d129,cuda,1.0,1,0.5,gaussian,0.9999999999999984,16,0.11708726442691789,0.041321201270044905,0.003079824123823016,0.3907943731326333,0.05313446104359103,standard normal at finite u_max,finite,0.0030798296058857644,0.11708726442691789,0.04132120127004513,unweighted,0.9999999999999987,0.0,8192,10948608,0.003079829605886153,0,16777216,0.1552114188671112,1,completed,128,20.0,0.390794373132633,0.05313570009555914
4,36,185e953d57699e678314593985abe20c62d7d129,cuda,1.0,1,0.5,gaussian,0.9999999999999984,16,0.12303895719756755,0.03987760621960312,0.003201894436323016,0.4390179442466855,0.05759520317665113,standard normal at finite u_max,finite,0.00320189991838582,0.12303895719756755,0.039877606219603345,unweighted,0.9999999999999987,0.0,8192,10948608,0.003201899918386153,0,67108864,0.5894638299942017,0,completed,512,20.0,0.43901794424668517,0.05759385175098078
4,64,185e953d57699e678314593985abe20c62d7d129,cuda,1.0,1,0.5,gaussian,0.9999999999999984,16,0.12147293586342942,0.03925161147635525,0.002957753811323016,0.42917299186334734,0.055501532296076295,standard normal at finite u_max,finite,0.0029577592933857644,0.12147293586342942,0.039251611476355475,unweighted,0.9999999999999987,0.0,8192,10948608,0.002957759293386153,0,67108864,0.5875195935368538,4,completed,512,20.0,0.429172991863347,0.05550162078958153
4,92,185e953d57699e678314593985abe20c62d7d129,cuda,1.0,1,0.5,gaussian,0.9999999999999984,16,0.12779539432946904,0.038821422338974454,0.002835683498823016,0.45058594880419334,0.057482145314403904,standard normal at finite u_max,finite,0.0028356889808857644,0.12779539432946904,0.038821422338974676,unweighted,0.9999999999999987,0.0,8192,10948608,0.002835688980886153,0,268435456,2.3138609901070595,3,completed,2048,20.0,0.450585948804193,0.057483259301116876
4,120,185e953d57699e678314593985abe20c62d7d129,cuda,1.0,8,0.5,gaussian,0.9999999999999984,16,0.11596326729489193,0.04004036380042984,0.0030950829128858492,0.39282809972992905,0.05258026788001473,standard normal at finite u_max,finite,0.024475477532887167,0.11596326729489193,0.040040363800430176,unweighted,0.9999999999999987,0.012664594423601334,8192,85731328,0.0030950883949489305,0,16777216,0.2018774375319481,2,completed,128,20.0,0.3928280997299288,0.052581453294523614
4,148,185e953d57699e678314593985abe20c62d7d129,cuda,1.0,8,0.5,gaussian,0.9999999999999984,16,0.12238782258579033,0.037756312401419884,0.0030950829128858492,0.4340186133493178,0.055488858899536836,standard normal at finite u_max,finite,0.024475477532887167,0.12238782258579034,0.03775631240142022,unweighted,0.9999999999999987,0.009843429339067676,8192,85731328,0.0030950883949489305,0,67108864,0.7474839389324188,1,completed,512,20.0,0.4340186133493176,0.05548882329835973
4,176,185e953d57699e678314593985abe20c62d7d129,cuda,1.0,8,0.5,gaussian,0.9999999999999984,16,0.1263345968038444,0.03915914120310762,0.0031561180691358492,0.44801427126644255,0.057819023458874914,standard normal at finite u_max,finite,0.024963758782887167,0.1263345968038444,0.039159141203107956,unweighted,0.9999999999999987,0.008741270622258018,8192,85731328,0.0031561235511989305,0,268435456,2.923905774950981,0,completed,2048,20.0,0.4480142712664423,0.0578190376340894
4,204,185e953d57699e678314593985abe20c62d7d129,cuda,1.0,8,0.5,gaussian,0.9999999999999984,16,0.12599645187356265,0.039561071543304155,0.0031713768581983492,0.44595232207857305,0.05773847899664972,standard normal at finite u_max,finite,0.025085829095387167,0.12599645187356268,0.03956107154330449,unweighted,0.9999999999999987,0.010819317349075104,8192,85731328,0.0031713823402614305,0,268435456,2.916702300310135,4,completed,2048,20.0,0.4459523220785729,0.05773878590767442
4,232,185e953d57699e678314593985abe20c62d7d129,cuda,1.0,1,0.5,gaussian,0.9999999999999984,64,0.08182496498604999,0.009652493307733434,1.3000392207196398e-08,0.37670573975394006,0.02148982846597264,standard normal at finite u_max,finite,1.3000722609568527e-08,0.08182496498604999,0.009652493307733767,unweighted,0.9999999999999987,0.0,8192,42406912,1.3000722942635434e-08,0,67108864,0.1515466272830963,3,completed,128,20.0,0.37670573975393984,0.02148923446428921
4,260,185e953d57699e678314593985abe20c62d7d129,cuda,1.0,1,0.5,gaussian,0.9999999999999984,64,0.10471704427259229,0.011657547196670115,1.3000392207196398e-08,0.461679713196242,0.0269580899087388,standard normal at finite u_max,finite,1.3000722609568527e-08,0.10471704427259229,0.011657547196670448,unweighted,0.9999999999999987,0.0,8192,42406912,1.3000722942635434e-08,0,268435456,0.5884759649634361,2,completed,512,20.0,0.4616797131962417,0.02695944981350733
4,288,185e953d57699e678314593985abe20c62d7d129,cuda,1.0,1,0.5,gaussian,0.9999999999999984,64,0.10706252912379881,0.010761545664854544,1.3000392207196398e-08,0.4769859190893756,0.027471138645241124,standard normal at finite u_max,finite,1.3000722609568527e-08,0.10706252912379881,0.010761545664854877,unweighted,0.9999999999999987,0.0,8192,42406912,1.3000722942635434e-08,0,1073741824,2.309197098016739,1,completed,2048,20.0,0.47698591908937527,0.027471030909543098
4,316,185e953d57699e678314593985abe20c62d7d129,cuda,1.0,8,0.5,gaussian,0.9999999999999984,64,0.0857427320939725,0.010371775645369147,1.3000392415363216e-08,0.37776729242525303,0.021493333138133647,standard normal at finite u_max,finite,1.0400577529063851e-07,0.08574273209397251,0.010371775645369452,unweighted,0.9999999999999987,0.008243443365208016,8192,337420288,1.3000722942635434e-08,0,67108864,0.48860883712768555,0,completed,128,20.0,0.37776729242525287,0.02149321141362707
4,344,185e953d57699e678314593985abe20c62d7d129,cuda,1.0,8,0.5,gaussian,0.9999999999999984,64,0.08605320774380848,0.010723597578524105,1.3000392415363216e-08,0.3801085476690318,0.021944239616863707,standard normal at finite u_max,finite,1.0400577529063851e-07,0.08605320774380848,0.01072359757852441,unweighted,0.9999999999999987,0.012416053118392011,8192,337420288,1.3000722942635434e-08,0,67108864,0.49156659096479416,4,completed,128,20.0,0.38010854766903157,0.021944142780480277
4,372,185e953d57699e678314593985abe20c62d7d129,cuda,1.0,8,0.5,gaussian,0.9999999999999984,64,0.10310620703276213,0.009907703958811492,1.3000392415363216e-08,0.4650834231550463,0.02667178075048348,standard normal at finite u_max,finite,1.0400577529063851e-07,0.10310620703276213,0.009907703958811798,unweighted,0.9999999999999987,0.010267407771286308,8192,337420288,1.3000722942635434e-08,0,268435456,1.8875096663832664,3,completed,512,20.0,0.465083423155046,0.02667238241579463
4,400,185e953d57699e678314593985abe20c62d7d129,cuda,1.0,8,0.5,gaussian,0.9999999999999984,64,0.10757389383264122,0.010816389035170057,1.3000392415363216e-08,0.47993529569155996,0.02774567861595901,standard normal at finite u_max,finite,1.0400577529063851e-07,0.10757389383264121,0.010816389035170362,unweighted,0.9999999999999987,0.012813503255363652,8192,337420288,1.3000722942635434e-08,0,1073741824,7.490822799503803,2,completed,2048,20.0,0.4799352956915598,0.027745992569725614
4,428,185e953d57699e678314593985abe20c62d7d129,cuda,1.0,1,0.5,mixture,0.9999999999999984,16,0.05695170606001654,0.07693603292364193,0.03557452748255546,0.03480072663243461,0.08864431239967802,standard normal at finite u_max,finite,0.03557452742355646,0.05695170606001654,0.07693603292364176,unweighted,0.9999999999999987,0.0,8192,10948608,0.03557452742355671,0,16777216,0.15261612087488174,1,completed,128,20.0,0.034800726632435275,0.0886445822370352
4,456,185e953d57699e678314593985abe20c62d7d129,cuda,1.0,1,0.5,mixture,0.9999999999999984,16,0.07013067579408439,0.09066409508290296,0.04155597279505546,0.047786360452998,0.10574907014530255,standard normal at finite u_max,finite,0.04155597273605646,0.07013067579408439,0.09066409508290282,unweighted,0.9999999999999987,0.0,8192,10948608,0.04155597273605671,0,67108864,0.5862650200724602,0,completed,512,20.0,0.04778636045299889,0.10574820588026489
4,484,185e953d57699e678314593985abe20c62d7d129,cuda,1.0,1,0.5,mixture,0.9999999999999984,16,0.06680183896000014,0.07759631070412398,0.03557452748255546,0.05397881553000028,0.0958352644434868,standard normal at finite u_max,finite,0.03557452742355646,0.06680183896000014,0.07759631070412383,unweighted,0.9999999999999987,0.0,8192,10948608,0.03557452742355671,0,67108864,0.5876685753464699,4,completed,512,20.0,0.053978815530000945,0.09583748287158966
4,512,185e953d57699e678314593985abe20c62d7d129,cuda,1.0,1,0.5,mixture,0.9999999999999984,16,0.06672368374148663,0.0680361544473567,0.029715152482555462,0.05538598032823949,0.09052315778170815,standard normal at finite u_max,finite,0.029715152423556462,0.06672368374148663,0.06803615444735653,unweighted,0.9999999999999987,0.0,8192,10948608,0.029715152423556712,0,268435456,2.3098940178751945,3,completed,2048,20.0,0.05538598032824016,0.09052363566780397
4,540,185e953d57699e678314593985abe20c62d7d129,cuda,1.0,8,0.5,mixture,0.9999999999999984,16,0.058211629126529316,0.07751520680515621,0.03488789735488965,0.040696465044301466,0.08960127491952097,standard normal at finite u_max,finite,0.10372781526619745,0.058211629126529316,0.07751520680515611,unweighted,0.9999999999999987,0.013282072970929426,8192,85731328,0.034887897295890063,0,16777216,0.20181278884410858,2,completed,128,20.0,0.04069646504430202,0.08960140959565388
4,568,185e953d57699e678314593985abe20c62d7d129,cuda,1.0,8,0.5,mixture,0.9999999999999984,16,0.06807441266630085,0.08110890805471889,0.03711568055801465,0.05194284484964387,0.09941604338043934,standard normal at finite u_max,finite,0.10706395553841264,0.06807441266630085,0.08110890805471879,unweighted,0.9999999999999987,0.009732661681433776,8192,85731328,0.037115680499015063,0,67108864,0.7493642941117287,1,completed,512,20.0,0.05194284484964434,0.09941551489870594
4,596,185e953d57699e678314593985abe20c62d7d129,cuda,1.0,8,0.5,mixture,0.9999999999999984,16,0.06921270485102458,0.07783776546860625,0.03542195497207715,0.05360302101154901,0.0982302960759726,standard normal at finite u_max,finite,0.10092939589786112,0.06921270485102458,0.07783776546860616,unweighted,0.9999999999999987,0.008722907062403017,8192,85731328,0.035421954913077563,0,268435456,2.919823907315731,0,completed,2048,20.0,0.053603021011549484,0.09823103430338637
4,624,185e953d57699e678314593985abe20c62d7d129,cuda,1.0,8,0.5,mixture,0.9999999999999984,16,0.06967348069989297,0.07944248621816756,0.03595601258926465,0.052165855072839246,0.098125069464207,standard normal at finite u_max,finite,0.10766717069614158,0.06967348069989297,0.07944248621816746,unweighted,0.9999999999999987,0.011971695907738071,8192,85731328,0.035956012530265063,0,268435456,2.925381690263748,4,completed,2048,20.0,0.05216585507283972,0.09812486976883847
4,652,185e953d57699e678314593985abe20c62d7d129,cuda,1.0,1,0.5,mixture,0.9999999999999984,64,0.17703322484368145,0.3884420458277581,0.1598189332502638,0.20887996677016218,0.3891140061831301,standard normal at finite u_max,finite,0.15981893325026617,0.17703322484368145,0.3884420458277581,unweighted,0.9999999999999987,0.0,8192,42406912,0.15981893325026636,0,67108864,0.1519671380519867,3,completed,128,20.0,0.20887996677016263,0.38911368123342877
4,680,185e953d57699e678314593985abe20c62d7d129,cuda,1.0,1,0.5,mixture,0.9999999999999984,64,0.19192282049719356,0.41377357434824424,0.1690962770002638,0.21028997086121204,0.4147862836873586,standard normal at finite u_max,finite,0.16909627700026617,0.19192282049719356,0.41377357434824424,unweighted,0.9999999999999987,0.0,8192,42406912,0.16909627700026642,0,268435456,0.6542491465806961,2,completed,512,20.0,0.2102899708612127,0.4147868309166266
4,708,185e953d57699e678314593985abe20c62d7d129,cuda,1.0,1,0.5,mixture,0.9999999999999984,64,0.18872791665230426,0.4008695822546393,0.1642134645002638,0.20239117248588867,0.40251756979935516,standard normal at finite u_max,finite,0.16421346450026617,0.18872791665230426,0.4008695822546393,unweighted,0.9999999999999987,0.0,8192,42406912,0.16421346450026636,0,1073741824,2.2751727029681206,1,completed,2048,20.0,0.20239117248588911,0.40251769310043695
4,736,185e953d57699e678314593985abe20c62d7d129,cuda,1.0,8,0.5,mixture,0.9999999999999984,64,0.1819355217070847,0.4004517265526517,0.1642592408674512,0.20611743023933138,0.4011730743885525,standard normal at finite u_max,finite,0.37744760287456447,0.1819355217070847,0.4004517265526517,unweighted,0.9999999999999987,0.007840160111821622,8192,337420288,0.16425924086745392,0,67108864,0.48556336015462875,0,completed,128,20.0,0.20611743023933196,0.401172370820564
4,764,185e953d57699e678314593985abe20c62d7d129,cuda,1.0,8,0.5,mixture,0.9999999999999984,64,0.18159764610203197,0.401525748522713,0.1645338990705762,0.20634319389075426,0.4021085296830379,standard normal at finite u_max,finite,0.37003750611986597,0.18159764610203197,0.401525748522713,unweighted,0.9999999999999987,0.009771188691787946,8192,337420288,0.16453389907057892,0,67108864,0.48831677436828613,4,completed,128,20.0,0.2063431938907548,0.40210934866305403
4,792,185e953d57699e678314593985abe20c62d7d129,cuda,1.0,8,0.5,mixture,0.9999999999999984,64,0.1858571794438309,0.39797474839409874,0.1635268189924512,0.2059816431040748,0.39927745987764984,standard normal at finite u_max,finite,0.3736499297979688,0.18585717944383087,0.39797474839409863,unweighted,0.9999999999999987,0.01112663597536582,8192,337420288,0.16352681899245392,0,268435456,1.882596492767334,3,completed,512,20.0,0.20598164310407532,0.3992773709526174
4,820,185e953d57699e678314593985abe20c62d7d129,cuda,1.0,8,0.5,mixture,0.9999999999999984,64,0.19005743575208556,0.40685175496748305,0.1666853883283887,0.20599585241301147,0.4083390721051624,standard normal at finite u_max,finite,0.3778904862871532,0.19005743575208556,0.40685175496748294,unweighted,0.9999999999999987,0.011748842067687828,8192,337420288,0.16668538832839142,0,1073741824,7.476098999381065,2,completed,2048,20.0,0.20599585241301202,0.4083389963215802
4,848,185e953d57699e678314593985abe20c62d7d129,cuda,1.0,1,0.5,weak_mixture,0.9999999999999984,16,0.04863884371838195,0.0051369584805792436,0.005164966357662171,0.2900362660089155,0.05958839321454873,standard normal at finite u_max,finite,0.005164966854157377,0.04863884371838195,0.005136958480579287,unweighted,0.9999999999999987,0.0,8192,10948608,0.005164966854157571,0,16777216,0.15193770825862885,1,completed,128,20.0,0.2900362660089152,0.05958766571481276
4,876,185e953d57699e678314593985abe20c62d7d129,cuda,1.0,1,0.5,weak_mixture,0.9999999999999984,16,0.05264438149981443,0.001607988574711958,0.0027696039548378293,0.32900330977531234,0.06782646976512637,standard normal at finite u_max,finite,0.0027696034583426232,0.05264438149981443,0.0016079885747119164,unweighted,0.9999999999999987,0.0,8192,10948608,0.002769603458342429,0,67108864,0.5745166838169098,0,completed,512,20.0,0.3290033097753121,0.06782649278139409
4,904,185e953d57699e678314593985abe20c62d7d129,cuda,1.0,1,0.5,weak_mixture,0.9999999999999984,16,0.05254331771683107,0.00012772108001991335,0.006187572704837829,0.32153727868702,0.06914274475151724,standard normal at finite u_max,finite,0.006187572208342623,0.05254331771683107,0.00012772108001987172,unweighted,0.9999999999999987,0.0,8192,10948608,0.006187572208342429,0,67108864,0.5770097896456718,4,completed,512,20.0,0.32153727868701987,0.06914340247095456
4,932,185e953d57699e678314593985abe20c62d7d129,cuda,1.0,1,0.5,weak_mixture,0.9999999999999984,16,0.0481746015445189,0.00020647836179197784,0.0026475336423378293,0.31040470906948614,0.06475399470561191,standard normal at finite u_max,finite,0.0026475331458426232,0.0481746015445189,0.00020647836179201948,unweighted,0.9999999999999987,0.0,8192,10948608,0.002647533145842429,0,268435456,2.2819745615124702,3,completed,2048,20.0,0.31040470906948603,0.06475355827918762
4,960,185e953d57699e678314593985abe20c62d7d129,cuda,1.0,8,0.5,weak_mixture,0.9999999999999984,16,0.04661565742106582,0.0034108223831854256,0.0036410951050405427,0.298681594336712,0.0617507873579953,standard normal at finite u_max,finite,0.07490412742542084,0.04661565742106581,0.0034108223831854374,unweighted,0.9999999999999987,0.010694239421039482,8192,85731328,0.0036410952291644205,0,16777216,0.1997552067041397,2,completed,128,20.0,0.29868159433671165,0.06175037557005185
4,988,185e953d57699e678314593985abe20c62d7d129,cuda,1.0,8,0.5,weak_mixture,0.9999999999999984,16,0.05158833309525137,0.003174175662460104,0.0034027099609375278,0.3226595118504485,0.06743337691355217,standard normal at finite u_max,finite,0.0645489230338479,0.05158833309525137,0.0031741756624600846,unweighted,0.9999999999999987,0.010863319166135163,8192,85731328,0.0034027099609374722,0,67108864,0.7364246398210526,1,completed,512,20.0,0.32265951185044817,0.06743370689739372
4,1016,185e953d57699e678314593985abe20c62d7d129,cuda,1.0,8,0.5,weak_mixture,0.9999999999999984,16,0.053863913422057055,0.0038599364888186015,0.005105938855040584,0.3300120804578155,0.0685776564442224,standard normal at finite u_max,finite,0.07033784673727997,0.053863913422057055,0.0038599364888186136,unweighted,0.9999999999999987,0.01004495338189449,8192,85731328,0.005105938979164393,0,268435456,2.8929614648222923,0,completed,2048,20.0,0.33001208045781516,0.06857697091924961
4,1044,185e953d57699e678314593985abe20c62d7d129,cuda,1.0,8,0.5,weak_mixture,0.9999999999999984,16,0.052785982944154944,0.0030516243819773293,0.005628485510434059,0.33331523274946906,0.07008523465336879,standard normal at finite u_max,finite,0.07557491433687695,0.052785982944154944,0.003051624381977344,unweighted,0.9999999999999987,0.013476446909989495,8192,85731328,0.005628485882805789,0,268435456,2.8999736309051514,4,completed,2048,20.0,0.33331523274946867,0.07008500278286373
4,1072,185e953d57699e678314593985abe20c62d7d129,cuda,1.0,1,0.5,weak_mixture,0.9999999999999984,64,0.04914391382065331,0.0027795987279743348,0.005976499948480707,0.3233477814438228,0.06598972993618603,standard normal at finite u_max,finite,0.005976500577302618,0.04914391382065331,0.002779598727974295,unweighted,0.9999999999999987,0.0,8192,42406912,0.005976500577302812,0,67108864,0.14926999062299728,3,completed,128,20.0,0.3233477814438226,0.0659907919634765
4,1100,185e953d57699e678314593985abe20c62d7d129,cuda,1.0,1,0.5,weak_mixture,0.9999999999999984,64,0.05893459022241282,0.00480669078822827,0.009028257760980707,0.3525923956445076,0.0739552339494906,standard normal at finite u_max,finite,0.009028258389802618,0.05893459022241282,0.00480669078822823,unweighted,0.9999999999999987,0.0,8192,42406912,0.009028258389802812,0,268435456,0.5761905536055565,2,completed,512,20.0,0.3525923956445074,0.07395422896476574
4,1128,185e953d57699e678314593985abe20c62d7d129,cuda,1.0,1,0.5,weak_mixture,0.9999999999999984,64,0.05983557664496744,0.011627500049941116,0.017084898385980707,0.34539746348225064,0.07068038196122835,standard normal at finite u_max,finite,0.017084899014802618,0.05983557664496744,0.01162750004994108,unweighted,0.9999999999999987,0.0,8192,42406912,0.017084899014802812,0,1073741824,2.2816750705242157,1,completed,2048,20.0,0.3453974634822504,0.07068036456146126
4,1156,185e953d57699e678314593985abe20c62d7d129,cuda,1.0,8,0.5,weak_mixture,0.9999999999999984,64,0.051920760907443894,0.004127979184846979,0.006739439401605804,0.32644997274727017,0.06659557647355244,standard normal at finite u_max,finite,0.07309356063631611,0.051920760907443894,0.004127979184846975,unweighted,0.9999999999999987,0.009238652455434425,8192,337420288,0.006739440030427729,0,67108864,0.48940250277519226,0,completed,128,20.0,0.32644997274726983,0.06659488971628946
4,1184,185e953d57699e678314593985abe20c62d7d129,cuda,1.0,8,0.5,weak_mixture,0.9999999999999984,64,0.05073772181894229,0.003446009030592079,0.0062371357035480995,0.3232767871110773,0.06644850693739605,standard normal at finite u_max,finite,0.06699099569394318,0.05073772181894229,0.003446009030592068,unweighted,0.9999999999999987,0.01149599236452931,8192,337420288,0.006237136175164526,0,67108864,0.48687511682510376,4,completed,128,20.0,0.32327678711107705,0.06644836111783557
4,1212,185e953d57699e678314593985abe20c62d7d129,cuda,1.0,8,0.5,weak_mixture,0.9999999999999984,64,0.055639743604100435,0.0030644670240901686,0.005383879857052867,0.3494427740942979,0.07196188474952564,standard normal at finite u_max,finite,0.0665143973368311,0.05563974360410043,0.0030644670240901496,unweighted,0.9999999999999987,0.011207618018514191,8192,337420288,0.005383880171463851,0,268435456,1.8793055191636086,3,completed,512,20.0,0.3494427740942976,0.07196224202021309
4,1240,185e953d57699e678314593985abe20c62d7d129,cuda,1.0,8,0.5,weak_mixture,0.9999999999999984,64,0.055935680620382476,0.003905058041933278,0.005352125937923127,0.3485710868035517,0.0715608283292007,standard normal at finite u_max,finite,0.06903371825516558,0.055935680620382476,0.0039050580419332666,unweighted,0.9999999999999987,0.007906247575317537,8192,337420288,0.005352126409539609,0,1073741824,7.475660644471645,2,completed,2048,20.0,0.3485710868035514,0.07156114029375048
4,9,185e953d57699e678314593985abe20c62d7d129,cuda,1.0,1,0.5,gaussian,0.5730330853566767,16,0.21480351181192248,0.12712253572856713,0.0029261717728257253,0.09810325344107351,0.12712276974630005,standard normal at finite u_max,infinite,0.0029261772548881304,0.21480351181192248,0.12712253572856724,naive,0.14356305836140934,0.0,8192,5179904,0.00292617725488864,17,4194304,0.20224673300981522,1,completed,128,20.0,0.09810325344107418,0.12712270646668744
4,37,185e953d57699e678314593985abe20c62d7d129,cuda,1.0,1,0.5,gaussian,0.9985798308174229,16,0.12791177886664284,0.06981757331447136,0.002357906378549046,0.022573093888512474,0.06995210698383075,standard normal at finite u_max,infinite,0.002357911860610825,0.12791177886664284,0.0698175733144708,naive,0.4085573555619006,0.0,8192,5179904,0.0023579118606110727,12,16777216,0.7510391995310783,0,completed,512,20.0,0.02257309388851303,0.06995270318266912
4,65,185e953d57699e678314593985abe20c62d7d129,cuda,1.0,1,0.5,gaussian,0.7409528338090684,16,0.05811116725559784,0.03256114056333148,0.0025608767070818272,0.012050123732998186,0.03264437338816597,standard normal at finite u_max,infinite,0.002560882189147223,0.05811116725559784,0.032561140563331814,naive,0.4238818077854945,0.0,8192,5179904,0.002560882189145186,10,16777216,0.7451082989573479,4,completed,512,20.0,0.012050123732999074,0.03264179784441415
4,93,185e953d57699e678314593985abe20c62d7d129,cuda,1.0,1,0.5,gaussian,0.6269439338325474,16,0.1393600714529607,0.08077125435905463,0.003201894436323016,0.009077337164265287,0.08097515611765703,standard normal at finite u_max,infinite,0.003201899918386375,0.1393600714529607,0.08077125435905441,naive,0.4574228297318097,0.0,8192,5179904,0.003201899918385598,9,67108864,2.934330493211746,3,completed,2048,20.0,0.009077337164265287,0.08097459181332416
4,121,185e953d57699e678314593985abe20c62d7d129,cuda,1.0,8,0.5,gaussian,0.9889146740581507,16,0.10718930256085732,0.04733607971049626,0.002824935549753174,0.259869329909054,0.05478675571560245,standard normal at finite u_max,infinite,0.022314298627826537,0.10718930256085732,0.04733607971049621,naive,0.00013871618538457167,0.08676587559562657,8192,37755904,0.002824941031815728,42,4194304,0.20955713093280792,2,completed,128,20.0,0.25986932990905415,0.054786889481218605
4,149,185e953d57699e678314593985abe20c62d7d129,cuda,1.0,8,0.5,gaussian,0.9600946918559591,16,0.16994975110091196,0.08963360968727983,0.0027288258784109454,0.1780893687118763,0.09127548707793953,standard normal at finite u_max,infinite,0.01745154052412499,0.16994975110091196,0.08963360968727997,naive,0.29378316556486567,0.08750975065072832,8192,37755904,0.0027288299899582147,40,16777216,0.7592282742261887,1,completed,512,20.0,0.17808936871187606,0.09127562343685755
4,177,185e953d57699e678314593985abe20c62d7d129,cuda,1.0,8,0.5,gaussian,0.9980477290403447,16,0.13192900753188716,0.07104372013915754,0.002717439292049109,0.15392991548303842,0.07156712635423855,standard normal at finite u_max,infinite,0.021454328566194236,0.13192900753188716,0.07104372013915787,naive,0.4701000271960101,0.05875453214828055,8192,37755904,0.002717444774112232,26,67108864,2.962751530110836,0,completed,2048,20.0,0.15392991548303797,0.07156740339869082
4,205,185e953d57699e678314593985abe20c62d7d129,cuda,1.0,8,0.5,gaussian,0.9684767399859391,16,0.11322589527910688,0.06013155965640529,0.0026191598640350894,0.1085930137469299,0.06036568105389438,standard normal at finite u_max,infinite,0.020668093142080565,0.11322589527910688,0.06013155965640529,naive,0.47198621922400663,0.05065487786396687,8192,37755904,0.0026191653460977127,26,67108864,2.968901105225086,4,completed,2048,20.0,0.10859301374692998,0.06036509651989529
4,233,185e953d57699e678314593985abe20c62d7d129,cuda,1.0,1,0.5,gaussian,0.9098834355731634,64,0.1275730428821059,0.03198420213420483,1.3000392207196398e-08,0.2931121864821026,0.03228664238886922,standard normal at finite u_max,infinite,1.3000722220990468e-08,0.1275730428821059,0.03198420213420483,naive,0.0001220703125,0.0,8192,5180928,1.3000722498546224e-08,52,4194304,0.20830366760492325,3,completed,128,20.0,0.29311218648210247,0.032286921777999966
4,261,185e953d57699e678314593985abe20c62d7d129,cuda,1.0,1,0.5,gaussian,0.5131893074490761,64,0.1516628998472377,0.04094695847620755,1.3000392207196398e-08,0.15504115072128388,0.040963534339984155,standard normal at finite u_max,infinite,1.3000723497746947e-08,0.1516628998472377,0.04094695847620755,naive,0.00046107417088547223,0.0,8192,5180928,1.3000722498546224e-08,137,16777216,0.7908378839492798,2,completed,512,20.0,0.15504115072128377,0.040962034001271456
4,289,185e953d57699e678314593985abe20c62d7d129,cuda,1.0,1,0.5,gaussian,0.9993124105353489,64,0.2880926199667105,0.08055711622513828,1.3000392207196398e-08,0.147901295327302,0.08057080209655142,standard normal at finite u_max,infinite,1.3000724830014576e-08,0.2880926199667105,0.08055711622513861,naive,0.24944846597304185,0.0,8192,5180928,1.3000722942635434e-08,84,67108864,2.972318395972252,1,completed,2048,20.0,0.14790129532730156,0.08056857172271048
4,317,185e953d57699e678314593985abe20c62d7d129,cuda,1.0,8,0.5,gaussian,0.007511590059874085,64,0.49790267794857956,0.0801471616407653,1.3000392415363216e-08,0.7987420209655823,0.09748597008886697,standard normal at finite u_max,infinite,1.0400577362530398e-07,0.49790267794857956,0.08014716164076544,naive,0.0001220703125,0.26765668779918966,8192,37777408,1.3000721943434712e-08,68,4194304,0.21798238903284073,0,completed,128,20.0,0.7987420209655824,0.0974800404868411
4,345,185e953d57699e678314593985abe20c62d7d129,cuda,1.0,8,0.5,gaussian,0.008128315472256904,64,0.4666306429291397,0.07270270883441024,1.3000392415363216e-08,0.8018252686564343,0.09391226500481077,standard normal at finite u_max,infinite,1.0400577351428167e-07,0.4666306429291397,0.07270270883440996,naive,0.0001220703125,0.24549913178224014,8192,37777408,1.300072316468004e-08,68,4194304,0.22007586061954498,4,completed,128,20.0,0.8018252686564342,0.09391748420926006
4,373,185e953d57699e678314593985abe20c62d7d129,cuda,1.0,8,0.5,gaussian,0.5880936197937495,64,0.1250923757131589,0.017850138791835585,1.3000392415363216e-08,0.42387868101899917,0.03235792344998299,standard normal at finite u_max,infinite,1.0400577640086154e-07,0.1250923757131589,0.017850138791835488,naive,0.00012208160530114456,0.18442536700000067,8192,37777408,1.3000722942635434e-08,228,16777216,0.8359533846378326,3,completed,512,20.0,0.42387868101899895,0.0323582266468936
4,401,185e953d57699e678314593985abe20c62d7d129,cuda,1.0,8,0.5,gaussian,0.7757354163124438,64,0.1617142594077588,0.037271998904022705,1.3000392415363216e-08,0.3231600764359589,0.0395180697571573,standard normal at finite u_max,infinite,1.040057746245047e-07,0.1617142594077588,0.03727199890402273,naive,0.0002707177223229007,0.054642899443567795,8192,37777408,1.300072272059083e-08,574,67108864,3.1846620365977287,2,completed,2048,20.0,0.3231600764359588,0.03951886520309918
4,429,185e953d57699e678314593985abe20c62d7d129,cuda,1.0,1,0.5,mixture,0.9357611794513648,16,0.2564045800645797,0.47373109433602056,0.1956308660229376,0.24118891756756522,0.5236637573553309,standard normal at finite u_max,infinite,0.19563086596393933,0.2564045800645797,0.47373109433602056,naive,0.01650384255562069,0.0,8192,5179904,0.19563086596393908,11,4194304,0.19442766159772873,1,completed,128,20.0,0.2411889175675661,0.5236638348494781
4,457,185e953d57699e678314593985abe20c62d7d129,cuda,1.0,1,0.5,mixture,0.7089161604918282,16,0.15758487446434938,0.052466961747302115,0.0022321758936714176,0.29035470257120677,0.17027005782669,standard normal at finite u_max,infinite,0.002232175952669807,0.15758487446434938,0.052466961747302227,naive,0.3437698271069651,0.0,8192,5179904,0.00223217595267039,5,16777216,0.7419629991054535,0,completed,512,20.0,0.29035470257120677,0.17026989466308792
4,485,185e953d57699e678314593985abe20c62d7d129,cuda,1.0,1,0.5,mixture,0.9486764328316432,16,0.20315919579922403,0.3878834780486776,0.15439228016378886,0.17214414871491823,0.40019240231780523,standard normal at finite u_max,infinite,0.15439228010478864,0.20315919579922403,0.3878834780486775,naive,0.19656052793460393,0.0,8192,5179904,0.15439228010479022,5,16777216,0.7409841194748878,4,completed,512,20.0,0.17214414871491868,0.40019277938956727
4,513,185e953d57699e678314593985abe20c62d7d129,cuda,1.0,1,0.5,mixture,0.7704240276433687,16,0.20092057054507217,0.41192456386480714,0.15640997149488195,0.19384475032980952,0.4207824853703086,standard normal at finite u_max,infinite,0.156409971435883,0.20092057054507217,0.411924563864807,naive,0.4906224837353587,0.0,8192,5179904,0.1564099714358832,3,67108864,2.930578052997589,3,completed,2048,20.0,0.19384475032980975,0.4207802009485876
4,541,185e953d57699e678314593985abe20c62d7d129,cuda,1.0,8,0.5,mixture,0.8805064505924616,16,0.564583433580006,1.2503853411902073,0.5380675726810518,0.9542630532986641,1.261357709962487,standard normal at finite u_max,infinite,0.9946941770990154,0.564583433580006,1.2503853411902068,naive,0.00015873829370503413,0.1443737433559465,8192,37755904,0.538067572636802,26,4194304,0.2021910846233368,2,completed,128,20.0,0.9542630532986642,1.2613573333931978
4,569,185e953d57699e678314593985abe20c62d7d129,cuda,1.0,8,0.5,mixture,0.5420143634717168,16,0.5419685146739709,1.266622163157696,0.5021194471574809,0.8482564126331777,1.2666397904221367,standard normal at finite u_max,infinite,0.9630730228319877,0.5419685146739708,1.2666221631576955,naive,0.043417578441396716,0.2341544027108139,8192,37755904,0.5021194471279806,34,16777216,0.7575898393988609,1,completed,512,20.0,0.8482564126331777,1.2666387028947894
4,597,185e953d57699e678314593985abe20c62d7d129,cuda,1.0,8,0.5,mixture,0.9907868515251408,16,0.43760901799177415,0.9538335607235726,0.3688290581999836,0.3709821458478295,0.9540463948150695,standard normal at finite u_max,infinite,0.7904184368723086,0.43760901799177415,0.953833560723573,naive,0.4671138239735248,0.40645217949274526,8192,37755904,0.3688290581852344,12,67108864,2.971583776175976,0,completed,2048,20.0,0.3709821458478292,0.9540465326296472
4,625,185e953d57699e678314593985abe20c62d7d129,cuda,1.0,8,0.5,mixture,0.9529257311459807,16,0.1776612916643757,0.3039296108847629,0.1216816674700799,0.15712313501641872,0.34477306553415865,standard normal at finite u_max,infinite,0.6263826198194459,0.17766129166437566,0.3039296108847631,naive,0.4770048745913301,0.21368440805014943,8192,37755904,0.12168166745533057,10,67108864,2.958531118929386,4,completed,2048,20.0,0.15712313501641956,0.3447741673900161
4,653,185e953d57699e678314593985abe20c62d7d129,cuda,1.0,1,0.5,mixture,0.9313434155906989,64,0.3051599887199805,0.6412835196503746,0.3051468870622363,0.9903021356477519,0.7233203602118741,standard normal at finite u_max,infinite,0.30514688706223514,0.3051599887199805,0.6412835196503746,naive,0.00012207031250601602,0.0,8192,5180928,0.3051468870622338,42,4194304,0.204400472342968,3,completed,128,20.0,0.9903021356477519,0.7233185160248401
4,681,185e953d57699e678314593985abe20c62d7d129,cuda,1.0,1,0.5,mixture,0.917063515357684,64,0.7036571884662366,1.7528784665110646,0.6948531129377638,0.9903855800487411,1.7528925265774087,standard normal at finite u_max,infinite,0.694853112937767,0.7036571884662366,1.7528784665110648,naive,0.00015805881807429752,0.0,8192,5180928,0.6948531129377664,124,16777216,0.7871628925204277,2,completed,512,20.0,0.9903855800487411,1.7528942861876518
4,709,185e953d57699e678314593985abe20c62d7d129,cuda,1.0,1,0.5,mixture,0.5303602247635932,64,0.7277922728619991,1.8065325987991252,0.6948531129377638,0.9900111074277562,1.8065380139310134,standard normal at finite u_max,infinite,0.6948531129377651,0.7277922728619991,1.8065325987991245,naive,0.05543636503493497,0.0,8192,5180928,0.6948531129377657,101,67108864,2.9734556674957275,1,completed,2048,20.0,0.9900111074277562,1.8065374811537407
4,737,185e953d57699e678314593985abe20c62d7d129,cuda,1.0,8,0.5,mixture,0.03721833622456816,64,0.5751319915274435,1.1072824549539635,0.5000000000000003,0.9969758635526929,1.1925433870751212,standard normal at finite u_max,infinite,0.997978806906743,0.5751319915274435,1.1072824549539633,naive,0.0001220703125,0.3197350007109027,8192,37777408,0.5000000000000002,55,4194304,0.21423808485269547,0,completed,128,20.0,0.9969758635526929,1.1925426630146105
4,765,185e953d57699e678314593985abe20c62d7d129,cuda,1.0,8,0.5,mixture,0.003444756236199026,64,0.4313055296572143,0.7271344452125122,0.30514688706223647,0.9979043165944965,0.79063539797788,standard normal at finite u_max,infinite,0.9456569436900976,0.43130552965721436,0.727134445212512,naive,0.0001220703125146133,0.4708458047844258,8192,37777408,0.3051468870622338,55,4194304,0.21663618087768555,4,completed,128,20.0,0.9979043165944965,0.7906291463656611
4,793,185e953d57699e678314593985abe20c62d7d129,cuda,1.0,8,0.5,mixture,0.8471321904488615,64,0.7003782775225055,1.618475658147063,0.6948531129377636,0.995018746587513,1.641976851048905,standard normal at finite u_max,infinite,0.9999248253264069,0.7003782775225056,1.6184756581470627,naive,0.0001221025579087083,0.2422130794357216,8192,37777408,0.6948531129377661,177,16777216,0.8183692321181297,3,completed,512,20.0,0.9950187465875131,1.6419772826681327
4,821,185e953d57699e678314593985abe20c62d7d129,cuda,1.0,8,0.5,mixture,0.9463892311335617,64,0.7235537077985978,1.7247908747234764,0.6948531129377636,0.9939569066156345,1.7278644796690577,standard normal at finite u_max,infinite,0.9999248253264047,0.723553707798598,1.7247908747234766,naive,0.00012813875939531223,0.08490309801836446,8192,37777408,0.6948531129377664,535,67108864,3.1747655123472214,2,completed,2048,20.0,0.9939569066156344,1.7278644153517488
4,849,185e953d57699e678314593985abe20c62d7d129,cuda,1.0,1,0.5,weak_mixture,0.8041495698042771,16,0.02753114564553838,0.024986607451718726,0.017197028121854308,0.0841046074648546,0.026067779092102037,standard normal at finite u_max,infinite,0.017197027625360628,0.02753114564553838,0.02498660745171869,naive,0.4959607585402969,0.0,8192,5179904,0.017197027625358963,1,4194304,0.19117571413516998,1,completed,128,20.0,0.08410460746485482,0.026067958127161943
4,877,185e953d57699e678314593985abe20c62d7d129,cuda,1.0,1,0.5,weak_mixture,0.8416616814461847,16,0.016838776750990936,0.007756423251970309,0.0014246535674404814,0.03523697359506972,0.010651403138183592,standard normal at finite u_max,finite,0.0014246530709458027,0.016838776750990936,0.007756423251970274,naive,0.48336050497903116,0.0,8192,5179904,0.0014246530709454142,1,16777216,0.7429622858762741,0,completed,512,20.0,0.0352369735950695,0.010651242103511874
4,905,185e953d57699e678314593985abe20c62d7d129,cuda,1.0,1,0.5,weak_mixture,0.9006819336171509,16,0.019677445389667536,0.014219788028422907,0.018688413146814298,0.05175283281664256,0.01648169394077044,standard normal at finite u_max,finite,0.018688412650319564,0.019677445389667536,0.01421978802842287,naive,0.4982836178847087,0.0,8192,5179904,0.01868841265031912,1,16777216,0.7416521683335304,4,completed,512,20.0,0.051752832816642336,0.016480765825401828
4,933,185e953d57699e678314593985abe20c62d7d129,cuda,1.0,1,0.5,weak_mixture,0.9858084188924254,16,0.01492054590732117,0.013295132514800205,0.011331682379395358,0.05016737825661555,0.014595739437186764,standard normal at finite u_max,finite,0.011331681882900152,0.01492054590732117,0.013295132514800169,naive,0.49829243671760787,0.0,8192,5179904,0.011331681882900235,1,67108864,2.938096284866333,3,completed,2048,20.0,0.05016737825661599,0.014595267862374936
4,961,185e953d57699e678314593985abe20c62d7d129,cuda,1.0,8,0.5,weak_mixture,0.9956291919704435,16,0.021961607956622498,0.01836829581518102,0.015218416054954234,0.04102015431075792,0.021227633264939972,standard normal at finite u_max,infinite,0.11228667559336361,0.021961607956622498,0.018368295815181,naive,0.44895951378577614,0.03139953141070915,8192,37755904,0.01521841593083035,4,4194304,0.19396790862083435,2,completed,128,20.0,0.041020154310757895,0.021227618448558687
4,989,185e953d57699e678314593985abe20c62d7d129,cuda,1.0,8,0.5,weak_mixture,0.714663284953518,16,0.01704677704117764,0.012677071635207416,0.01058183710774864,0.03610725319732318,0.017050718778717628,standard normal at finite u_max,finite,0.09914125074046096,0.01704677704117764,0.012677071635207399,naive,0.4910509613798012,0.03595372797968564,8192,37755904,0.010581836983624839,3,16777216,0.7446975857019424,1,completed,512,20.0,0.03610725319732326,0.01705073753148121
4,1017,185e953d57699e678314593985abe20c62d7d129,cuda,1.0,8,0.5,weak_mixture,0.9929008914853481,16,0.038521391684140295,0.03701303263055274,0.030270363322358496,0.07180045837502821,0.039281828965806155,standard normal at finite u_max,finite,0.11659038114603058,0.038521391684140295,0.037013032630552736,naive,0.4965078357184053,0.07444425111046686,8192,37755904,0.030270363570606036,4,67108864,2.950948156416416,0,completed,2048,20.0,0.07180045837502837,0.03928158000066382
4,1045,185e953d57699e678314593985abe20c62d7d129,cuda,1.0,8,0.5,weak_mixture,0.9675852817549107,16,0.04760665287985935,0.05374859457280397,0.04038023496094694,0.0904211462391854,0.055701163296977226,standard normal at finite u_max,finite,0.1384119850520714,0.04760665287985935,0.05374859457280398,naive,0.4980003543312028,0.0740917739721279,8192,37755904,0.04038023496094686,4,67108864,2.9524795934557915,4,completed,2048,20.0,0.09042114623918561,0.05570125713355448
4,1073,185e953d57699e678314593985abe20c62d7d129,cuda,1.0,1,0.5,weak_mixture,0.8085088313036166,64,0.026599827663730535,0.02232236865226815,0.0209588507582652,0.009869026373015455,0.02380626053644041,standard normal at finite u_max,infinite,0.020958850129444068,0.026599827663730535,0.0223223686522682,naive,0.48184983481589777,0.0,8192,5180928,0.020958850129443263,1,4194304,0.19275657832622528,3,completed,128,20.0,0.009869026373015455,0.023805489075794828
4,1101,185e953d57699e678314593985abe20c62d7d129,cuda,1.0,1,0.5,weak_mixture,0.8087338492073536,64,0.028650957433332847,0.0349172512549895,0.023875216910338448,0.014228141513848547,0.03498442862328996,standard normal at finite u_max,infinite,0.023875216281515593,0.028650957433332847,0.03491725125498954,naive,0.4958019336830841,0.0,8192,5180928,0.023875216281516565,1,16777216,0.7432082146406174,2,completed,512,20.0,0.014228141513848547,0.03498385761963135
4,1129,185e953d57699e678314593985abe20c62d7d129,cuda,1.0,1,0.5,weak_mixture,0.846588248019706,64,0.006563596642591409,0.0014569856768137691,0.0036799604965115362,0.024084459352053278,0.005680489509775881,standard normal at finite u_max,infinite,0.0036799598676902634,0.006563596642591409,0.0014569856768137223,naive,0.49859821690211653,0.0,8192,5180928,0.0036799598676896528,1,67108864,2.932533785700798,1,completed,2048,20.0,0.024084459352053278,0.005679310145031703
4,1157,185e953d57699e678314593985abe20c62d7d129,cuda,1.0,8,0.5,weak_mixture,0.5339587557204578,64,0.06673272091060392,0.06876824677900428,0.05268021461695054,0.1126740190348427,0.0700930620244541,standard normal at finite u_max,infinite,0.17609471761422568,0.06673272091060393,0.06876824677900428,naive,0.381053835416393,0.10895966457215374,8192,37777408,0.052680214302539635,5,4194304,0.1963859274983406,0,completed,128,20.0,0.11267401903484273,0.07009294744791035
4,1185,185e953d57699e678314593985abe20c62d7d129,cuda,1.0,8,0.5,weak_mixture,0.7438551966771494,64,0.03623974895499403,0.030996313966588907,0.02816991694104317,0.06529430514537893,0.03458323496368605,standard normal at finite u_max,infinite,0.12554538472897184,0.03623974895499403,0.030996313966588897,naive,0.3674935572759164,0.032759696549770574,8192,37777408,0.028169916783837755,5,4194304,0.1969882994890213,4,completed,128,20.0,0.0652943051453788,0.034583857493139296
4,1213,185e953d57699e678314593985abe20c62d7d129,cuda,1.0,8,0.5,weak_mixture,0.8185094597948586,64,0.13004975019800813,0.14349342712309365,0.11789962445631408,0.09112137474929874,0.14459988378525312,standard normal at finite u_max,infinite,0.3718534937354282,0.13004975019800818,0.14349342712309368,naive,0.4652323002178038,0.06635305993389583,8192,37777408,0.11789962445631405,6,16777216,0.7526921257376671,3,completed,512,20.0,0.09112137474929874,0.1445997804446627
4,1241,185e953d57699e678314593985abe20c62d7d129,cuda,1.0,8,0.5,weak_mixture,0.6829731463584876,64,0.027779115139681274,0.022933361535398687,0.022289860748982496,0.0749483288784117,0.02843368068205465,standard normal at finite u_max,infinite,0.1172103214344517,0.027779115139681274,0.022933361535398704,naive,0.49525293609035886,0.030192681110866284,8192,37777408,0.022289860591777087,4,67108864,2.9561481326818466,2,completed,2048,20.0,0.07494832887841148,0.028433433439492853
4,10,185e953d57699e678314593985abe20c62d7d129,cuda,1.0,1,0.5,gaussian,0.8627521730026902,16,0.01760590458543143,0.005326760734497782,0.0009275731084251726,0.0074614565406661,0.0068162783007519444,standard normal at finite u_max,infinite,0.0009275676263616767,0.01760590458543143,0.005326760734497893,unbiased,0.022484739058188298,0.0,8192,5179904,0.0009275676263624799,21,4194304,0.20785196125507355,1,completed,128,20.0,0.007461456540665989,0.006816654026524273
4,38,185e953d57699e678314593985abe20c62d7d129,cuda,1.0,1,0.5,gaussian,0.7975475349292735,16,0.011407154791141266,0.0018963626233531317,0.00296385481480943,0.07735655021022425,0.0061174332091127916,standard normal at finite u_max,infinite,0.0029638602968729173,0.011407154791141266,0.0018963626233530206,unbiased,0.43894799238123783,0.0,8192,5179904,0.002963860296872012,12,16777216,0.7569671906530857,0,completed,512,20.0,0.07735655021022414,0.006116682114870406
4,66,185e953d57699e678314593985abe20c62d7d129,cuda,1.0,1,0.5,gaussian,0.9821605259769385,16,0.08051537798181557,0.04526102072136995,0.0023563689795342846,0.06470978590099707,0.04538576737461285,standard normal at finite u_max,infinite,0.002356374461597804,0.08051537798181557,0.04526102072136973,unbiased,0.4166958585267931,0.0,8192,5179904,0.0023563744615969773,10,16777216,0.7561541683971882,4,completed,512,20.0,0.06470978590099707,0.045384968840157434
4,94,185e953d57699e678314593985abe20c62d7d129,cuda,1.0,1,0.5,gaussian,0.9977501743157892,16,0.06354476047215502,0.03372905298253537,0.002403556678378105,0.13507288547482244,0.034352633137063604,standard normal at finite u_max,infinite,0.0024035621604426853,0.06354476047215502,0.033729052982534924,unbiased,0.48422062902239094,0.0,8192,5179904,0.0024035621604401314,9,67108864,2.976704977452755,3,completed,2048,20.0,0.13507288547482277,0.034353311294896306
4,122,185e953d57699e678314593985abe20c62d7d129,cuda,1.0,8,0.5,gaussian,0.7722570727024618,16,0.12927248633862048,0.05495522786900876,0.0026143936800552686,0.2742739513351888,0.06887802868109377,standard normal at finite u_max,infinite,0.020559119872289703,0.12927248633862048,0.05495522786900886,unbiased,0.0001240369488541469,0.11346878529954442,8192,37755904,0.0026143977916024547,43,4194304,0.21268728375434875,2,completed,128,20.0,0.2742739513351886,0.06887846535213918
4,150,185e953d57699e678314593985abe20c62d7d129,cuda,1.0,8,0.5,gaussian,0.541470643025609,16,0.09875388987953254,0.0497302338101587,0.0025624221404638298,0.14860753123692894,0.052202512369720656,standard normal at finite u_max,infinite,0.01982021116527247,0.09875388987953257,0.0497302338101587,unbiased,0.12915055675425935,0.053346866989522686,8192,37755904,0.00256242625201078,47,16777216,0.7728504911065102,1,completed,512,20.0,0.148607531236929,0.05220225038749325
4,178,185e953d57699e678314593985abe20c62d7d129,cuda,1.0,8,0.5,gaussian,0.6299013044723836,16,0.08878416609005943,0.04429855844727003,0.003822931406627761,0.14336702166411375,0.04857573560166832,standard normal at finite u_max,infinite,0.019742136930762523,0.08878416609005943,0.04429855844727036,unbiased,0.4533812912352369,0.047637122994960465,8192,37755904,0.003822935518175072,27,67108864,3.003998029977083,0,completed,2048,20.0,0.1433670216641133,0.04857547955961925
4,206,185e953d57699e678314593985abe20c62d7d129,cuda,1.0,8,0.5,gaussian,0.9873976263276859,16,0.12699518707246613,0.06205657127079339,0.002836083818222479,0.17302944062900366,0.06756218188174704,standard normal at finite u_max,infinite,0.018176665690853955,0.12699518707246615,0.062056571270793476,unbiased,0.45714331503562705,0.07879610576639613,8192,37755904,0.0028360879297698455,28,67108864,3.009120050817728,4,completed,2048,20.0,0.1730294406290033,0.06756167603554561
4,234,185e953d57699e678314593985abe20c62d7d129,cuda,1.0,1,0.5,gaussian,0.7811771101241128,64,0.11354958015604977,0.029446878967090417,1.3000392207196398e-08,0.07233904400168856,0.029495105473018427,standard normal at finite u_max,infinite,1.3000722942635434e-08,0.11354958015604977,0.02944687896709075,unbiased,0.0001220703125,0.0,8192,5180928,1.3000722054457015e-08,52,4194304,0.2123672477900982,3,completed,128,20.0,0.07233904400168878,0.029493554633366323
4,262,185e953d57699e678314593985abe20c62d7d129,cuda,1.0,1,0.5,gaussian,0.6405889116346051,64,0.09855429462573262,0.02505409777195622,1.3000392207196398e-08,0.16126036131099353,0.025362227240836442,standard normal at finite u_max,infinite,1.3000722443035073e-08,0.09855429462573262,0.02505409777195622,unbiased,0.00015178155307055005,0.0,8192,5180928,1.3000722498546224e-08,136,16777216,0.8038508147001266,2,completed,512,20.0,0.16126036131099342,0.025362350595091693
4,290,185e953d57699e678314593985abe20c62d7d129,cuda,1.0,1,0.5,gaussian,0.9813997084175093,64,0.05096190254228411,0.012300499136775556,1.3000392207196398e-08,0.11713194043481556,0.012649620653905437,standard normal at finite u_max,infinite,1.3000722609568527e-08,0.05096190254228411,0.012300499136775889,unbiased,0.22458399351453526,0.0,8192,5180928,1.3000722942635434e-08,87,67108864,3.0012214332818985,1,completed,2048,20.0,0.11713194043481501,0.012648395156596229
4,318,185e953d57699e678314593985abe20c62d7d129,cuda,1.0,8,0.5,gaussian,0.012386820583372317,64,0.27596330090738364,0.03507144442362012,1.3000392415363216e-08,0.6687234892500749,0.052297712893105336,standard normal at finite u_max,infinite,1.0400577401388204e-07,0.2759633009073836,0.035071444423620174,unbiased,0.0001220703125,0.2418976370463204,8192,37777408,1.3000722387523922e-08,68,4194304,0.22063560411334038,0,completed,128,20.0,0.6687234892500749,0.05229043688442491
4,346,185e953d57699e678314593985abe20c62d7d129,cuda,1.0,8,0.5,gaussian,0.00706555861382801,64,0.47311557550483235,0.07266044715417255,1.3000392415363216e-08,0.8136605530459832,0.0948612130570384,standard normal at finite u_max,infinite,1.0400577418041549e-07,0.4731155755048324,0.07266044715417275,unbiased,0.0001220703125,0.2622690595263961,8192,37777408,1.3000722054457015e-08,68,4194304,0.22246871516108513,4,completed,128,20.0,0.8136605530459833,0.09486718356135913
4,374,185e953d57699e678314593985abe20c62d7d129,cuda,1.0,8,0.5,gaussian,0.9849520938154482,64,0.32812927399557257,0.07431695654104359,1.3000392415363216e-08,0.5513860231942759,0.07747492031054472,standard normal at finite u_max,infinite,1.0400577673392845e-07,0.32812927399557257,0.07431695654104356,unbiased,0.00012285073202935746,0.14841712536053578,8192,37777408,1.3000722942635434e-08,232,16777216,0.8504216931760311,3,completed,512,20.0,0.5513860231942755,0.0774753083692955
4,402,185e953d57699e678314593985abe20c62d7d129,cuda,1.0,8,0.5,gaussian,0.6331000942637252,64,0.11918811864614268,0.02789897493318881,1.3000392415363216e-08,0.2424655162008371,0.031053359041883763,standard normal at finite u_max,infinite,1.0400577606779463e-07,0.11918811864614268,0.027898974933189033,unbiased,0.0004917701827724136,0.10078490963694652,8192,37777408,1.3000722942635434e-08,602,67108864,3.251773450523615,2,completed,2048,20.0,0.24246551620083695,0.031053145047416356
4,430,185e953d57699e678314593985abe20c62d7d129,cuda,1.0,1,0.5,mixture,0.8491956801345105,16,0.4077114242527155,0.8749111565171955,0.3390786307844742,0.5399629554565619,0.8750142578794842,standard normal at finite u_max,infinite,0.33907863084347334,0.4077114242527155,0.8749111565171961,unbiased,0.00019435762095511278,0.0,8192,5179904,0.339078630843473,8,4194304,0.19867464900016785,1,completed,128,20.0,0.5399629554565617,0.87501599603456
4,458,185e953d57699e678314593985abe20c62d7d129,cuda,1.0,1,0.5,mixture,0.9939522839825431,16,0.011791754860350112,0.011998622786160817,0.009410138817975033,0.005692473463855263,0.021920350436714406,standard normal at finite u_max,infinite,0.009410138876973173,0.011791754860350112,0.0119986227861609,unbiased,0.45422948013003084,0.0,8192,5179904,0.009410138876974061,2,16777216,0.7531756050884724,0,completed,512,20.0,0.005692473463855041,0.021921867380464064
4,486,185e953d57699e678314593985abe20c62d7d129,cuda,1.0,1,0.5,mixture,0.8622707442000969,16,0.016641039519240577,0.01398006992943121,0.002743422571975296,0.020587872140408914,0.017433227450026928,standard normal at finite u_max,infinite,0.0027434226309734633,0.016641039519240577,0.013980069929431349,unbiased,0.40652299162307876,0.0,8192,5179904,0.0027434226309741017,2,16777216,0.7504681572318077,4,completed,512,20.0,0.020587872140409136,0.017432117754727396
4,514,185e953d57699e678314593985abe20c62d7d129,cuda,1.0,1,0.5,mixture,0.5175866529707964,16,0.03191973527728176,0.06969437122140917,0.025667069280949806,0.0017483394808727182,0.07020889436012519,standard normal at finite u_max,infinite,0.025667069221951305,0.03191973527728176,0.06969437122140903,unbiased,0.3975880563562785,0.0,8192,5179904,0.025667069221950833,1,67108864,2.982544519007206,3,completed,2048,20.0,0.0017483394808729402,0.07021380568235618
4,542,185e953d57699e678314593985abe20c62d7d129,cuda,1.0,8,0.5,mixture,0.861810570935326,16,0.5661710909852351,1.20532713142884,0.5396395236552867,0.9595401320334658,1.2260912576540823,standard normal at finite u_max,infinite,0.995921157905017,0.5661710909852351,1.20532713142884,unbiased,0.00013360471750796396,0.09007525989232137,8192,37755904,0.5396395236110371,27,4194304,0.2067846581339836,2,completed,128,20.0,0.959540132033466,1.2260914631958393
4,570,185e953d57699e678314593985abe20c62d7d129,cuda,1.0,8,0.5,mixture,0.6108264911830689,16,0.22539139362402072,0.4903254846745559,0.19800134618692042,0.09171317929158053,0.4904993859456579,standard normal at finite u_max,infinite,0.6364068580650111,0.22539139362402072,0.49032548467455583,unbiased,0.10998764468269887,0.3046450609635789,8192,37755904,0.19800134615742104,22,16777216,0.7631313391029835,1,completed,512,20.0,0.09171317929158043,0.4904989023738814
4,598,185e953d57699e678314593985abe20c62d7d129,cuda,1.0,8,0.5,mixture,0.7428510110255824,16,0.07016863105387663,0.1261462724991352,0.05342911967069886,0.034006797635488584,0.13077574077760418,standard normal at finite u_max,infinite,0.31525100162216324,0.07016863105387663,0.12614627249913513,unbiased,0.48927006578890464,0.11097427748367583,8192,37755904,0.05342911967069969,6,67108864,2.9987634867429733,0,completed,2048,20.0,0.034006797635488514,0.13077576258723958
4,626,185e953d57699e678314593985abe20c62d7d129,cuda,1.0,8,0.5,mixture,0.9968168844693724,16,0.056366396397846644,0.10996657984462732,0.0489621589836092,0.03176581511098829,0.11838417670470415,standard normal at finite u_max,infinite,0.3285432570775356,0.056366396397846644,0.10996657984462728,unbiased,0.48758965324904313,0.09991035426023415,8192,37755904,0.0489621589541092,7,67108864,3.0067123696208,4,completed,2048,20.0,0.03176581511098826,0.11838371278237893
4,654,185e953d57699e678314593985abe20c62d7d129,cuda,1.0,1,0.5,mixture,0.8630909077344809,64,0.4544971871565137,0.5160478194627174,0.3051468870622363,0.9904210786122736,0.7671533535441089,standard normal at finite u_max,infinite,0.30514688706223325,0.4544971871565137,0.5160478194627174,unbiased,0.00012207031371959387,0.0,8192,5180928,0.3051468870622338,42,4194304,0.20795970410108566,3,completed,128,20.0,0.9904210786122736,0.7671536369522443
4,682,185e953d57699e678314593985abe20c62d7d129,cuda,1.0,1,0.5,mixture,0.8278655583951356,64,0.7064456938724452,1.7636120303035194,0.6948531129377638,0.9907688103464692,1.7636147686792987,standard normal at finite u_max,infinite,0.6948531129377661,0.7064456938724452,1.7636120303035197,unbiased,0.00012229833003686816,0.0,8192,5180928,0.6948531129377664,118,16777216,0.7929510176181793,2,completed,512,20.0,0.9907688103464692,1.7636164005514914
4,710,185e953d57699e678314593985abe20c62d7d129,cuda,1.0,1,0.5,mixture,0.9084082944780338,64,0.6686262596086494,1.6688289840102724,0.6653371706672679,0.8450411536109268,1.668849757622545,standard normal at finite u_max,infinite,0.6653371706672719,0.6686262596086494,1.6688289840102724,unbiased,0.09132857477806373,0.0,8192,5180928,0.6653371706672704,64,67108864,2.9883399717509747,1,completed,2048,20.0,0.8450411536109268,1.668850383999301
4,738,185e953d57699e678314593985abe20c62d7d129,cuda,1.0,8,0.5,mixture,0.006021976501622052,64,0.43590874712570754,0.7595346923750729,0.3538601652966772,0.9963493658766187,0.8565436644441631,standard normal at finite u_max,infinite,0.9761350792596958,0.4359087471257075,0.7595346923750728,unbiased,0.0001220703125000694,0.41745903732411493,8192,37777408,0.35386016529667524,56,4194304,0.22083508223295212,0,completed,128,20.0,0.9963493658766187,0.8565437522656336
4,766,185e953d57699e678314593985abe20c62d7d129,cuda,1.0,8,0.5,mixture,0.0002478126870306932,64,0.5461242107998776,0.926998239782278,0.40257344353111824,0.9951147347501624,0.9944461558754304,standard normal at finite u_max,infinite,0.9895196464716095,0.5461242107998776,0.9269982397822779,unbiased,0.0001220703125,0.5537719166846452,8192,37777408,0.4025734435311169,56,4194304,0.2163001373410225,4,completed,128,20.0,0.9951147347501623,0.9944298848138082
4,794,185e953d57699e678314593985abe20c62d7d129,cuda,1.0,8,0.5,mixture,0.7759838211829203,64,0.7063126621626923,1.6284532799808544,0.6948531129377636,0.9963426407012502,1.6544074294448676,standard normal at finite u_max,infinite,0.9999248253264038,0.7063126621626923,1.6284532799808544,unbiased,0.0001220703140448719,0.2173596958729223,8192,37777408,0.6948531129377664,179,16777216,0.8277212642133236,3,completed,512,20.0,0.9963426407012502,1.6544072582275984
4,822,185e953d57699e678314593985abe20c62d7d129,cuda,1.0,8,0.5,mixture,0.8185276386262501,64,0.6988986529504595,1.6885798237871452,0.6948531129377636,0.9916383743965974,1.6912243564543739,standard normal at finite u_max,infinite,0.999924825326404,0.6988986529504595,1.688579823787145,unbiased,0.00013551070453457327,0.08122659721693758,8192,37777408,0.6948531129377661,509,67108864,3.211316015571356,2,completed,2048,20.0,0.9916383743965975,1.6912245314394863
4,850,185e953d57699e678314593985abe20c62d7d129,cuda,1.0,1,0.5,weak_mixture,0.9260354697478599,16,0.014066553442284552,0.002426299446796197,1.558989826844215e-05,0.060252080187561896,0.011977946858563501,standard normal at finite u_max,infinite,1.5590394763370652e-05,0.014066553442284552,0.0024262994467961606,unbiased,0.45708754517694267,0.0,8192,5179904,1.5590394763620452e-05,1,4194304,0.19821759313344955,1,completed,128,20.0,0.060252080187561674,0.011977795874906733
4,878,185e953d57699e678314593985abe20c62d7d129,cuda,1.0,1,0.5,weak_mixture,0.8853555428511024,16,0.008807689526997176,0.004118302385138266,0.0017913388149412013,0.0025976279899467825,0.006040786167588249,standard normal at finite u_max,finite,0.001791339311436324,0.008807689526997176,0.004118302385138295,unbiased,0.49926169045174673,0.0,8192,5179904,0.0017913393114361575,1,16777216,0.7561616562306881,0,completed,512,20.0,0.0025976279899474486,0.006039263390867276
4,906,185e953d57699e678314593985abe20c62d7d129,cuda,1.0,1,0.5,weak_mixture,0.9449529526236747,16,0.012294847850364388,0.008195397273534273,0.007470593235825995,0.011043556312298364,0.008961634580276469,standard normal at finite u_max,finite,0.007470592739330539,0.012294847850364388,0.008195397273534239,unbiased,0.4973488939654036,0.0,8192,5179904,0.007470592739331039,1,16777216,0.7525798305869102,4,completed,512,20.0,0.011043556312297698,0.008961974849369643
4,934,185e953d57699e678314593985abe20c62d7d129,cuda,1.0,1,0.5,weak_mixture,0.9988302976055886,16,0.01636658489835341,0.0060529328181580105,0.002081425045036167,0.08118806317333904,0.0174757767466587,standard normal at finite u_max,finite,0.0020814245485414606,0.01636658489835341,0.0060529328181579715,unbiased,0.49957038436255136,0.0,8192,5179904,0.0020814245485407668,1,67108864,2.9833191484212875,3,completed,2048,20.0,0.08118806317333882,0.017475671650262953
4,962,185e953d57699e678314593985abe20c62d7d129,cuda,1.0,8,0.5,weak_mixture,0.6378145699574294,16,0.02459608366842813,0.021203931926142748,0.015102483918656123,0.06606162000576306,0.023377506137570024,standard normal at finite u_max,infinite,0.10508110203400456,0.02459608366842813,0.021203931926142765,unbiased,0.4608752814040932,0.04865975118439248,8192,37755904,0.015102484166903768,3,4194304,0.19853758811950684,2,completed,128,20.0,0.06606162000576311,0.023377440006910045
4,990,185e953d57699e678314593985abe20c62d7d129,cuda,1.0,8,0.5,weak_mixture,0.7396499886248532,16,0.02202854927967441,0.020765303640889844,0.013965323633157466,0.05093079899950506,0.02397332138961026,standard normal at finite u_max,finite,0.09992145053281237,0.02202854927967441,0.02076530364088989,unbiased,0.4855270238824451,0.029689169884294122,8192,37755904,0.013965323881405207,3,16777216,0.7541647143661976,1,completed,512,20.0,0.050930798999504895,0.02397315147431858
4,1018,185e953d57699e678314593985abe20c62d7d129,cuda,1.0,8,0.5,weak_mixture,0.773384048757841,16,0.02074117336408231,0.019529397044249216,0.01544611273750196,0.029193728065214322,0.022077171718666532,standard normal at finite u_max,finite,0.09923890374796607,0.02074117336408231,0.01952939704424924,unbiased,0.4949078266702391,0.028564247544983788,8192,37755904,0.015446112985749584,3,67108864,2.9963327012956142,0,completed,2048,20.0,0.02919372806521428,0.022077429082198563
4,1046,185e953d57699e678314593985abe20c62d7d129,cuda,1.0,8,0.5,weak_mixture,0.8705169420715226,16,0.06632488312232901,0.0739557117227614,0.05180751680395799,0.15063678780489248,0.07981309965242209,standard normal at finite u_max,finite,0.18584037967120665,0.06632488312232901,0.07395571172276137,unbiased,0.49168142101867035,0.13338033977370556,8192,37755904,0.05180751680395785,4,67108864,2.99316331371665,4,completed,2048,20.0,0.1506367878048922,0.07981313845015989
4,1074,185e953d57699e678314593985abe20c62d7d129,cuda,1.0,1,0.5,weak_mixture,0.8967580945885626,64,0.017120477694391623,0.015902466197602237,0.013820192489485794,0.014556779776695006,0.016086358983441792,standard normal at finite u_max,infinite,0.013820191860664716,0.017120477694391623,0.015902466197602282,unbiased,0.4680484890221984,0.0,8192,5180928,0.013820191860664022,1,4194304,0.1943238452076912,3,completed,128,20.0,0.014556779776694784,0.01608545122633682
4,1102,185e953d57699e678314593985abe20c62d7d129,cuda,1.0,1,0.5,weak_mixture,0.9137687662735087,64,0.016767930806719678,0.018488326563963854,0.009685701973717764,0.02635115916735309,0.019583428402108485,standard normal at finite u_max,infinite,0.009685701344897157,0.016767930806719678,0.0184883265639639,unbiased,0.4978787460051501,0.0,8192,5180928,0.009685701344895992,1,16777216,0.752089649438858,2,completed,512,20.0,0.026351159167353422,0.019584238212463575
4,1130,185e953d57699e678314593985abe20c62d7d129,cuda,1.0,1,0.5,weak_mixture,0.9036856716498167,64,0.02073990486628019,0.019098722355625326,0.015069886738327654,0.054973743343280645,0.019929873023505903,standard normal at finite u_max,infinite,0.015069887367150758,0.02073990486628019,0.01909872235562527,unbiased,0.49834580059652855,0.0,8192,5180928,0.015069887367149426,1,67108864,2.9878197871148586,1,completed,2048,20.0,0.054973743343280757,0.019928276785328776
4,1158,185e953d57699e678314593985abe20c62d7d129,cuda,1.0,8,0.5,weak_mixture,0.9943243725692371,64,0.028731193585443883,0.026724941785648024,0.023043818911962277,0.039791446849828216,0.028634662675857542,standard normal at finite u_max,infinite,0.11885053404452839,0.028731193585443883,0.026724941785648035,unbiased,0.37393869207065544,0.04605289057114548,8192,37777408,0.02304381891196225,5,4194304,0.19698169454932213,0,completed,128,20.0,0.03979144684982858,0.028634554539401877
4,1186,185e953d57699e678314593985abe20c62d7d129,cuda,1.0,8,0.5,weak_mixture,0.5264931963710211,64,0.024362638801729015,0.019306615830186415,0.015549113596292428,0.044745905453615634,0.023390310094461235,standard normal at finite u_max,infinite,0.11954090321669919,0.024362638801729015,0.01930661583018642,unbiased,0.3783604060561465,0.03885622695472583,8192,37777408,0.01554911375349776,4,4194304,0.20007575675845146,4,completed,128,20.0,0.04474590545361565,0.023390129127084925
4,1214,185e953d57699e678314593985abe20c62d7d129,cuda,1.0,8,0.5,weak_mixture,0.5257695039511547,64,0.10584637277669035,0.11169074328967334,0.09196331171090662,0.10702923603174937,0.1134327738390189,standard normal at finite u_max,infinite,0.2626775838834962,0.10584637277669035,0.11169074328967338,unbiased,0.46723913134778633,0.07109735613927404,8192,37777408,0.09196331171090662,5,16777216,0.7608424350619316,3,completed,512,20.0,0.10702923603174928,0.11343257135841034
4,1242,185e953d57699e678314593985abe20c62d7d129,cuda,1.0,8,0.5,weak_mixture,0.8855805956186233,64,0.02211881430928388,0.01562309058229747,0.01457836632535487,0.06566585744767857,0.020675771873165702,standard normal at finite u_max,infinite,0.09649945164282714,0.02211881430928388,0.015623090582297463,unbiased,0.49487658310819976,0.023972277456090714,8192,37777408,0.014578366325354905,4,67108864,3.0059195831418037,2,completed,2048,20.0,0.06566585744767854,0.02067599467129536
4,11,185e953d57699e678314593985abe20c62d7d129,cuda,1.0,1,0.5,gaussian,0.6715765308778564,16,0.03010017829401218,0.01411105632929932,0.0029739286711443214,0.14033387788630503,0.017445445712412036,standard normal at finite u_max,infinite,0.00297393415320712,0.03010017829401218,0.014111056329299099,cumulant,0.053339198291472864,0.0,8192,5310976,0.002973934153206792,12,8388608,0.33161621913313866,1,completed,128,20.0,0.14033387788630503,0.01744698831618335
4,39,185e953d57699e678314593985abe20c62d7d129,cuda,1.0,1,0.5,gaussian,0.7781761155465039,16,0.05739477605422311,0.026549489663612813,0.002733687570915966,0.11022585264385576,0.027627717305260334,standard normal at finite u_max,infinite,0.002733693052979126,0.05739477605422311,0.02654948966361248,cumulant,0.4301318497616805,0.0,8192,5310976,0.0027336930529783254,9,33554432,1.2596873827278614,0,completed,512,20.0,0.11022585264385609,0.027627167748736095
4,67,185e953d57699e678314593985abe20c62d7d129,cuda,1.0,1,0.5,gaussian,0.98708019176963,16,0.030669373083388463,0.007566925765154275,0.002319800354052548,0.1456733243722098,0.014890827551564293,standard normal at finite u_max,infinite,0.0023198058361148773,0.030669373083388463,0.007566925765154053,cumulant,0.4275454420932296,0.0,8192,5310976,0.0023198058361150187,11,33554432,1.263204824179411,4,completed,512,20.0,0.1456733243722098,0.014893320829932234
4,95,185e953d57699e678314593985abe20c62d7d129,cuda,1.0,1,0.5,gaussian,0.8278660617607123,16,0.02804506543129867,0.008072870092154627,0.0022545666959361554,0.09805216425283714,0.014175972313423525,standard normal at finite u_max,infinite,0.0022545612138724913,0.02804506543129867,0.008072870092154405,cumulant,0.48239411746897626,0.0,8192,5310976,0.002254561213873685,10,134217728,4.9975606463849545,3,completed,2048,20.0,0.09805216425283725,0.014177991659097172
4,123,185e953d57699e678314593985abe20c62d7d129,cuda,1.0,8,0.5,gaussian,0.9928574817189613,16,0.08829045256787585,0.03762624266794787,0.0026690527172996276,0.22172832363930262,0.044627259303481125,standard normal at finite u_max,infinite,0.021067235968196617,0.08829045256787585,0.037626242667947826,cumulant,0.00024093183787978872,0.05399581472243413,8192,38345728,0.0026690581993618206,35,8388608,0.3367011696100235,2,completed,128,20.0,0.221728323639303,0.04462858875101025
4,151,185e953d57699e678314593985abe20c62d7d129,cuda,1.0,8,0.5,gaussian,0.9873429292877827,16,0.1633804344412183,0.07842204771072481,0.004422005135883297,0.23150957172793352,0.08707177835113242,standard normal at finite u_max,infinite,0.021228586662980865,0.1633804344412183,0.0784220477107252,cumulant,0.2732407532404746,0.05175956174515529,8192,38345728,0.004422009247430886,28,33554432,1.2778979577124119,1,completed,512,20.0,0.23150957172793274,0.08707165539306852
4,179,185e953d57699e678314593985abe20c62d7d129,cuda,1.0,8,0.5,gaussian,0.6462511317894682,16,0.08990572609496461,0.04487254565810088,0.0022986957149473686,0.15567329758585874,0.0463824445070596,standard normal at finite u_max,infinite,0.018104379949380706,0.0899057260949646,0.04487254565810077,cumulant,0.4762971157369045,0.04571851029107718,8192,38345728,0.002298701197009853,23,134217728,5.053023304790258,0,completed,2048,20.0,0.15567329758585885,0.0463830517521049
4,207,185e953d57699e678314593985abe20c62d7d129,cuda,1.0,8,0.5,gaussian,0.8630264496454534,16,0.06480201362667554,0.029842226530439053,0.0020459573432324435,0.12205151883782932,0.03222220512236891,standard normal at finite u_max,infinite,0.014719629113714465,0.06480201362667554,0.02984222653043908,cumulant,0.4636495605546619,0.06155625812460714,8192,38345728,0.002045961454779449,24,134217728,5.0528779700398445,4,completed,2048,20.0,0.12205151883782929,0.03222167576547601
4,235,185e953d57699e678314593985abe20c62d7d129,cuda,1.0,1,0.5,gaussian,0.9586086783272231,64,0.02785642892256157,0.007333988388517176,1.3000392207196398e-08,0.06173118677479139,0.0077567520909666374,standard normal at finite u_max,infinite,1.3000721055256292e-08,0.02785642892256157,0.007333988388517287,cumulant,0.0001220703125,0.0,8192,5312000,1.300072227650162e-08,48,8388608,0.33958252519369125,3,completed,128,20.0,0.0617311867747915,0.007759162181343225
4,263,185e953d57699e678314593985abe20c62d7d129,cuda,1.0,1,0.5,gaussian,0.5105758169339841,64,0.05060014878141461,0.007964816079612635,1.3000392207196398e-08,0.2178851620664809,0.012294133691525929,standard normal at finite u_max,infinite,1.300072272059083e-08,0.05060014878141461,0.007964816079612635,cumulant,0.002729051313917389,0.0,8192,5312000,1.3000722498546224e-08,101,33554432,1.3051676638424397,2,completed,512,20.0,0.2178851620664808,0.012292548902645533
4,291,185e953d57699e678314593985abe20c62d7d129,cuda,1.0,1,0.5,gaussian,0.7024281115259637,64,0.03502158065760719,0.0038241134475296423,1.3000392207196398e-08,0.217569953831368,0.011133873235598994,standard normal at finite u_max,infinite,1.3000723608769249e-08,0.03502158065760719,0.0038241134475299754,cumulant,0.4143746462318971,0.0,8192,5312000,1.3000722942635434e-08,42,134217728,5.01708621904254,1,completed,2048,20.0,0.21756995383136757,0.011133488143413998
4,319,185e953d57699e678314593985abe20c62d7d129,cuda,1.0,8,0.5,gaussian,0.022910510525994857,64,0.3162958114806501,0.0482192389291284,1.3000392415363216e-08,0.702910481647262,0.07123522864112142,standard normal at finite u_max,infinite,1.0400577501308276e-07,0.3162958114806501,0.04821923892912848,cumulant,0.0001220703125,0.42848567153566236,8192,38367232,1.3000722165479317e-08,66,8388608,0.34797780588269234,0,completed,128,20.0,0.702910481647262,0.07123430128472505
4,347,185e953d57699e678314593985abe20c62d7d129,cuda,1.0,8,0.5,gaussian,0.0037099727536943437,64,0.42014579825449844,0.05109777577679417,1.3000392415363216e-08,0.8354082294743991,0.07794719129426153,standard normal at finite u_max,infinite,1.0400577628983924e-07,0.4201457982544984,0.05109777577679417,cumulant,0.0001220703125,0.3292333566295877,8192,38367232,1.3000722498546224e-08,66,8388608,0.35110289976000786,4,completed,128,20.0,0.8354082294743992,0.0779474100990678
4,375,185e953d57699e678314593985abe20c62d7d129,cuda,1.0,8,0.5,gaussian,0.9359319481678228,64,0.2067161809971253,0.037287050178692854,1.3000392415363216e-08,0.5388001206277916,0.0467918442875855,standard normal at finite u_max,infinite,1.0400577517961621e-07,0.2067161809971253,0.037287050178692854,cumulant,0.00012207326482388948,0.09968622839669353,8192,38367232,1.3000722498546224e-08,210,33554432,1.3516537845134735,3,completed,512,20.0,0.5388001206277916,0.046791607685940415
4,403,185e953d57699e678314593985abe20c62d7d129,cuda,1.0,8,0.5,gaussian,0.638639701924872,64,0.08271875285936008,0.018351319812207112,1.3000392415363216e-08,0.19723388565425043,0.021706924013419344,standard normal at finite u_max,infinite,1.0400577529063851e-07,0.08271875285936008,0.018351319812207112,cumulant,0.001020651628346169,0.04515033815874678,8192,38367232,1.300072272059083e-08,470,134217728,5.24597417935729,2,completed,2048,20.0,0.19723388565425048,0.021707052025906656
4,431,185e953d57699e678314593985abe20c62d7d129,cuda,1.0,1,0.5,mixture,0.5499852577743183,16,0.011045165363134712,0.005225337506920086,0.002710808071486215,0.0014130682106674453,0.01096044949587531,standard normal at finite u_max,infinite,0.0027108080124869094,0.011045165363134712,0.005225337506919975,cumulant,0.47049217947142874,0.0,8192,5310976,0.0027108080124872425,1,8388608,0.321145236492157,1,completed,128,20.0,0.0014130682106674453,0.010960945713437918
4,459,185e953d57699e678314593985abe20c62d7d129,cuda,1.0,1,0.5,mixture,0.9816598735675421,16,0.007407050817443972,0.0014188674514087896,0.0009082697230399783,0.004494055669098218,0.010036670190271761,standard normal at finite u_max,infinite,0.0009082696640414223,0.007407050817443972,0.0014188674514088867,cumulant,0.4666765130922561,0.0,8192,5310976,0.000908269664041006,2,33554432,1.262308619916439,0,completed,512,20.0,0.004494055669097996,0.010035283506000787
4,487,185e953d57699e678314593985abe20c62d7d129,cuda,1.0,1,0.5,mixture,0.9999570020738279,16,0.016755141529009032,0.014340535331490684,0.003203618926661378,0.013351454104212679,0.015521377884406188,standard normal at finite u_max,infinite,0.003203618867661462,0.016755141529009032,0.014340535331490614,cumulant,0.4527274486920542,0.0,8192,5310976,0.0032036188676621835,2,33554432,1.262428306043148,4,completed,512,20.0,0.013351454104213234,0.015521500828829037
4,515,185e953d57699e678314593985abe20c62d7d129,cuda,1.0,1,0.5,mixture,0.6240083750947294,16,0.04285521116502766,0.09224593397267433,0.03322450609943023,0.017237929819638675,0.09249749262868798,standard normal at finite u_max,infinite,0.0332245061584282,0.04285521116502766,0.09224593397267447,cumulant,0.4962974552214313,0.0,8192,5310976,0.03322450615842909,2,134217728,5.014589391648769,3,completed,2048,20.0,0.017237929819638453,0.09249686235896704
4,543,185e953d57699e678314593985abe20c62d7d129,cuda,1.0,8,0.5,mixture,0.603483393086176,16,0.0702831263682287,0.11912197676248729,0.0552398677421687,0.04645414349878939,0.1325069351364953,standard normal at finite u_max,infinite,0.5176270214548585,0.0702831263682287,0.11912197676248731,cumulant,0.03135830574261072,0.1329598346523511,8192,38345728,0.05523986774216855,17,8388608,0.3297632709145546,2,completed,128,20.0,0.04645414349878926,0.1325069349190397
4,571,185e953d57699e678314593985abe20c62d7d129,cuda,1.0,8,0.5,mixture,0.8267014860887046,16,0.10352698538722199,0.22088743080579618,0.09540842925094808,0.06070156723362356,0.22660641122076886,standard normal at finite u_max,infinite,0.40092543906224665,0.10352698538722199,0.22088743080579626,cumulant,0.44808941399000474,0.1421157036141615,8192,38345728,0.09540842926569731,8,33554432,1.278197541832924,1,completed,512,20.0,0.06070156723362351,0.22660693541880356
4,599,185e953d57699e678314593985abe20c62d7d129,cuda,1.0,8,0.5,mixture,0.6731571670722524,16,0.022553355441190512,0.02726222093444438,0.011364185818358477,0.022429086121480785,0.03680901710890984,standard normal at finite u_max,infinite,0.24708700662896235,0.022553355441190512,0.027262220934444352,cumulant,0.4870742862926956,0.06365185877103947,8192,38345728,0.011364185818358248,5,134217728,5.039499185979366,0,completed,2048,20.0,0.022429086121481465,0.03680869429441139
4,627,185e953d57699e678314593985abe20c62d7d129,cuda,1.0,8,0.5,mixture,0.5028220750326029,16,0.04253483288172789,0.08563605997590941,0.03646443464767053,0.024554451517636966,0.08907452261462143,standard normal at finite u_max,infinite,0.28543113528782954,0.04253483288172789,0.0856360599759094,cumulant,0.49096212656593813,0.06277448467655501,8192,38345728,0.03646443461817094,5,134217728,5.041224990040064,4,completed,2048,20.0,0.024554451517636994,0.08907433950460712
4,655,185e953d57699e678314593985abe20c62d7d129,cuda,1.0,1,0.5,mixture,0.6104468808207673,64,0.30524123510018475,0.7322613533561921,0.3051468870622363,0.9840777305820275,0.7322707491848778,standard normal at finite u_max,infinite,0.3051468870622315,0.30524123510018475,0.7322613533561917,cumulant,0.00012207031250229504,0.0,8192,5312000,0.3051468870622338,33,8388608,0.33459171280264854,3,completed,128,20.0,0.9840777305820275,0.7322712255861605
4,683,185e953d57699e678314593985abe20c62d7d129,cuda,1.0,1,0.5,mixture,0.6188156573887513,64,0.23180103833943788,0.5451548654226388,0.22054839620037486,0.6205565342949793,0.5458950002097629,standard normal at finite u_max,infinite,0.2205483962003721,0.23180103833943788,0.5451548654226384,cumulant,0.0004346189569397276,0.0,8192,5312000,0.2205483962003724,51,33554432,1.287390973418951,2,completed,512,20.0,0.6205565342949793,0.5458950538996076
4,711,185e953d57699e678314593985abe20c62d7d129,cuda,1.0,1,0.5,mixture,0.8757761255897902,64,0.03026972595765265,0.015333745898535367,0.005184755520527884,0.005066293770980446,0.022157395142334245,standard normal at finite u_max,infinite,0.005184755520526052,0.03026972595765265,0.0153337458985352,cumulant,0.3985901233121478,0.0,8192,5312000,0.005184755520525441,17,134217728,5.02038786932826,1,completed,2048,20.0,0.005066293770980668,0.022157020080290895
4,739,185e953d57699e678314593985abe20c62d7d129,cuda,1.0,8,0.5,mixture,0.00016013287042803415,64,0.6862269105489671,1.0070357942628432,0.40257344353111835,0.9977175862281409,1.0500855848980966,standard normal at finite u_max,infinite,0.9895196464716085,0.6862269105489673,1.0070357942628432,cumulant,0.0001220703125,0.5778619560385146,8192,38367232,0.402573443531117,52,8388608,0.34506502747535706,0,completed,128,20.0,0.9977175862281409,1.050098660227588
4,767,185e953d57699e678314593985abe20c62d7d129,cuda,1.0,8,0.5,mixture,0.05733731374161431,64,0.5341891544411379,1.1707192070897472,0.49999999999999967,0.9959489597768832,1.2158718108770203,standard normal at finite u_max,infinite,0.9979788069067447,0.5341891544411378,1.1707192070897479,cumulant,0.0001220703125,0.26394964343826205,8192,38367232,0.5,51,8388608,0.34528690204024315,4,completed,128,20.0,0.9959489597768834,1.2158695127254093
4,795,185e953d57699e678314593985abe20c62d7d129,cuda,1.0,8,0.5,mixture,0.9930839368358436,64,0.7101631182891581,1.6885727107669979,0.6948531129377636,0.9929862935067182,1.6918957668098258,standard normal at finite u_max,infinite,0.9999248253264058,0.7101631182891581,1.6885727107669983,cumulant,0.0001220703125010547,0.1856511770393814,8192,38367232,0.6948531129377666,152,33554432,1.331961840391159,3,completed,512,20.0,0.9929862935067182,1.6918953852510286
4,823,185e953d57699e678314593985abe20c62d7d129,cuda,1.0,8,0.5,mixture,0.5220378999656502,64,0.37519513881417826,0.8784356927807744,0.3538601652966773,0.9895498897540957,0.8788756135771194,standard normal at finite u_max,infinite,0.9761350792596923,0.37519513881417826,0.8784356927807739,cumulant,0.0003640459666600351,0.052685838944732194,8192,38367232,0.3538601652966753,326,134217728,5.193676024675369,2,completed,2048,20.0,0.9895498897540957,0.8788746713722841
4,851,185e953d57699e678314593985abe20c62d7d129,cuda,1.0,1,0.5,weak_mixture,0.9999942450623729,16,0.010188396803640365,0.013201739933830888,0.00787746660281663,0.01616471525207519,0.013928698885408748,standard normal at finite u_max,infinite,0.007877467099312307,0.010188396803640365,0.013201739933830935,cumulant,0.4989695365191188,0.0,8192,5310976,0.00787746709931203,1,8388608,0.32234761491417885,1,completed,128,20.0,0.016164715252075412,0.01392831128719508
4,879,185e953d57699e678314593985abe20c62d7d129,cuda,1.0,1,0.5,weak_mixture,0.8948980757809893,16,0.011828980610333217,0.007963519425707437,0.00762678379024917,0.012629681293584771,0.009207309844056422,standard normal at finite u_max,finite,0.007626784286744209,0.011828980610333217,0.007963519425707484,cumulant,0.48755127707477475,0.0,8192,5310976,0.00762678428674457,1,33554432,1.2591759338974953,0,completed,512,20.0,0.012629681293584438,0.009207376464440994
4,907,185e953d57699e678314593985abe20c62d7d129,cuda,1.0,1,0.5,weak_mixture,0.7668946484086258,16,0.02116436954508294,0.013125761729093202,0.011765540147572473,0.0075865332844649025,0.015873914341710725,standard normal at finite u_max,finite,0.011765539651077517,0.02116436954508294,0.013125761729093167,cumulant,0.4994442984429548,0.0,8192,5310976,0.011765539651077017,1,33554432,1.259070921689272,4,completed,512,20.0,0.007586533284465347,0.015875112934798107
4,935,185e953d57699e678314593985abe20c62d7d129,cuda,1.0,1,0.5,weak_mixture,0.9371910909979142,16,0.017620063243500905,0.006103079045248112,0.010514623686291302,0.040667300303044884,0.010682672635514957,standard normal at finite u_max,finite,0.010514624182786314,0.017620063243500905,0.006103079045248155,cumulant,0.49836164089138557,0.0,8192,5310976,0.010514624182786592,1,134217728,5.01264414191246,3,completed,2048,20.0,0.04066730030304466,0.010682535940478327
4,963,185e953d57699e678314593985abe20c62d7d129,cuda,1.0,8,0.5,weak_mixture,0.6105742340358559,16,0.0363132010077962,0.035304558800112754,0.029665611223482907,0.040522643479689674,0.03798872315911711,standard normal at finite u_max,infinite,0.12582649434677834,0.0363132010077962,0.03530455880011277,cumulant,0.43108787103440926,0.04303593544404251,8192,38345728,0.02966561159585425,3,8388608,0.3269291892647743,2,completed,128,20.0,0.04052264347968945,0.037988551777003055
4,991,185e953d57699e678314593985abe20c62d7d129,cuda,1.0,8,0.5,weak_mixture,0.7050907642060693,16,0.01757415198979268,0.009258166308458143,0.007315291595403672,0.05333356608026256,0.01570132324600216,standard normal at finite u_max,finite,0.10116417144380008,0.01757415198979268,0.009258166308458169,cumulant,0.48242097120952415,0.04055781978130584,8192,38345728,0.0073152918436514,3,33554432,1.265404086560011,1,completed,512,20.0,0.05333356608026264,0.015700989910550887
4,1019,185e953d57699e678314593985abe20c62d7d129,cuda,1.0,8,0.5,weak_mixture,0.7660820708274318,16,0.01739438162930378,0.011392501499019339,0.010751675489592133,0.04970324397301522,0.015485705176319715,standard normal at finite u_max,finite,0.09772029811947223,0.01739438162930378,0.011392501499019367,cumulant,0.49657051256828133,0.03563503006369984,8192,38345728,0.010751675489592119,3,134217728,5.032316241413355,0,completed,2048,20.0,0.04970324397301501,0.01548489392192478
4,1047,185e953d57699e678314593985abe20c62d7d129,cuda,1.0,8,0.5,weak_mixture,0.7284434404263901,16,0.02702849242846552,0.027743607458363424,0.021145231955845042,0.061859274685016355,0.029476900565416873,standard normal at finite u_max,finite,0.1045746699654481,0.02702849242846552,0.027743607458363406,cumulant,0.49679748211573627,0.04422191151158763,8192,38345728,0.021145231831721296,3,134217728,5.037698846310377,4,completed,2048,20.0,0.06185927468501641,0.029478034365341167
4,1075,185e953d57699e678314593985abe20c62d7d129,cuda,1.0,1,0.5,weak_mixture,0.7930475182455582,64,0.013670140035914824,0.007811880703413064,0.00856033720114191,0.016695753403660918,0.012621575740496806,standard normal at finite u_max,infinite,0.008560336572320054,0.013670140035914824,0.007811880703413113,cumulant,0.47767849155168346,0.0,8192,5312000,0.008560336572320248,1,8388608,0.32297874242067337,3,completed,128,20.0,0.016695753403660474,0.012621083878884625
4,1103,185e953d57699e678314593985abe20c62d7d129,cuda,1.0,1,0.5,weak_mixture,0.5463754876834569,64,0.0998537103782029,0.12753953927669148,0.05210362845891925,0.5898871499682805,0.1276979118165285,standard normal at finite u_max,infinite,0.052103629087741216,0.0998537103782029,0.12753953927669137,cumulant,0.4825794286822857,0.0,8192,5312000,0.05210362908774091,2,33554432,1.2585094049572945,2,completed,512,20.0,0.5898871499682796,0.1276958129870257
4,1131,185e953d57699e678314593985abe20c62d7d129,cuda,1.0,1,0.5,weak_mixture,0.7887372857401748,64,0.02194662771281372,0.017296513463252866,0.0041448056291500945,0.07525067801529994,0.018018792314882733,standard normal at finite u_max,infinite,0.004144806257971367,0.02194662771281372,0.017296513463252818,cumulant,0.49912039084472354,0.0,8192,5312000,0.004144806257971978,1,134217728,5.018349837511778,1,completed,2048,20.0,0.07525067801529994,0.01801993316318096
4,1159,185e953d57699e678314593985abe20c62d7d129,cuda,1.0,8,0.5,weak_mixture,0.8955030961673071,64,0.02226477236098568,0.01999456022218914,0.014968535533323647,0.035692187933096,0.021546801384904717,standard normal at finite u_max,infinite,0.09596884031389769,0.02226477236098568,0.019994560222189133,cumulant,0.4158248591098833,0.03305721961573246,8192,38367232,0.014968535847734672,4,8388608,0.3262166231870651,0,completed,128,20.0,0.03569218793309577,0.021546232456820254
4,1187,185e953d57699e678314593985abe20c62d7d129,cuda,1.0,8,0.5,weak_mixture,0.6823770606290747,64,0.01908741295093668,0.014006067837205002,0.011443768187966288,0.029462739050558448,0.016311462783672435,standard normal at finite u_max,infinite,0.10540950188586724,0.01908741295093668,0.014006067837205007,cumulant,0.4682378623528067,0.043629871040937865,8192,38367232,0.01144376818796624,4,8388608,0.32835622504353523,4,completed,128,20.0,0.02946273905055824,0.016312237934552037
4,1215,185e953d57699e678314593985abe20c62d7d129,cuda,1.0,8,0.5,weak_mixture,0.7804865784125262,64,0.04926307423717062,0.050512317041326436,0.04330214693540263,0.06409835553482586,0.05350815906066012,standard normal at finite u_max,infinite,0.14554839446677614,0.04926307423717062,0.05051231704132643,cumulant,0.48182894843167473,0.06034468955546361,8192,38367232,0.04330214709260807,4,33554432,1.2722987681627274,3,completed,512,20.0,0.06409835553482585,0.05350800553098109
4,1243,185e953d57699e678314593985abe20c62d7d129,cuda,1.0,8,0.5,weak_mixture,0.6685074515894972,64,0.05056152099314935,0.055233055347693814,0.042859992770413594,0.056755446965977535,0.05606139521332322,standard normal at finite u_max,infinite,0.14528134220681158,0.05056152099314935,0.05523305534769381,cumulant,0.4951735006963049,0.07104404707771032,8192,38367232,0.042859992456002735,4,134217728,5.041593451052904,2,completed,2048,20.0,0.05675544696597751,0.056061779907535546
4,12,185e953d57699e678314593985abe20c62d7d129,cuda,1.0,1,0.5,gaussian,0.9965658123479447,16,0.028265206516093766,0.003949648408623441,0.00046457607758465524,0.08325143215143394,0.011367074076974423,standard normal at finite u_max,finite,0.00046458155964727507,0.028265206516093766,0.003949648408623663,cv,0.2541148637731145,0.0,8192,5179904,0.000464581559647681,9,4194304,0.2707863748073578,1,completed,128,20.0,0.0832514321514346,0.011367492036430768
4,40,185e953d57699e678314593985abe20c62d7d129,cuda,1.0,1,0.5,gaussian,0.872967520104865,16,0.0365692182332491,0.01775130227219679,0.001537541335473236,0.010324500731521469,0.01842642945516921,standard normal at finite u_max,finite,0.0015375468175350812,0.0365692182332491,0.017751302272197123,cv,0.40310243204566476,0.0,8192,5179904,0.0015375468175354845,13,16777216,1.0295259952545166,0,completed,512,20.0,0.010324500731521802,0.018426025605800492
4,68,185e953d57699e678314593985abe20c62d7d129,cuda,1.0,1,0.5,gaussian,0.9719285126600219,16,0.044798070205507357,0.027275693312791893,0.0026946616899085063,0.09597878992820075,0.027285606878267546,standard normal at finite u_max,finite,0.0026946671719721245,0.044798070205507357,0.027275693312791782,cv,0.45998348892400615,0.0,8192,5179904,0.002694667171971199,9,16777216,1.0257174372673035,4,completed,512,20.0,0.09597878992820064,0.027285121658435187
4,96,185e953d57699e678314593985abe20c62d7d129,cuda,1.0,1,0.5,gaussian,0.944986803302974,16,0.011475753646061015,0.002017872175347435,0.002957200522364478,0.07486786420503444,0.007053183364065019,standard normal at finite u_max,finite,0.002957206004427538,0.011475753646061015,0.002017872175347657,cv,0.48725357853138723,0.0,8192,5179904,0.002957206004427615,9,67108864,4.09353069961071,3,completed,2048,20.0,0.07486786420503388,0.007054628587890917
4,124,185e953d57699e678314593985abe20c62d7d129,cuda,1.0,8,0.5,gaussian,0.7500636370024769,16,0.06076388873479526,0.02665556329814836,0.0021133659479892625,0.11364570049992685,0.029238884589023385,standard normal at finite u_max,finite,0.016621741813714258,0.06076388873479526,0.02665556329814807,cv,0.1504908563101578,0.05059316962527525,8192,37755904,0.0021133714300514556,18,4194304,0.2725376710295677,2,completed,128,20.0,0.11364570049992706,0.029239439492878293
4,152,185e953d57699e678314593985abe20c62d7d129,cuda,1.0,8,0.5,gaussian,0.9936268429669057,16,0.13359917053523818,0.06650456659833477,0.0036215630184674164,0.19321643841816988,0.06856736902098945,standard normal at finite u_max,finite,0.016871098078486736,0.13359917053523818,0.06650456659833472,cv,0.363419881429428,0.11570463312493,8192,37755904,0.003621567130014172,22,16777216,1.0502474382519722,1,completed,512,20.0,0.19321643841817007,0.06856732352551073
4,180,185e953d57699e678314593985abe20c62d7d129,cuda,1.0,8,0.5,gaussian,0.8898814192328592,16,0.056817289264448095,0.023774127176498572,0.002417746887218075,0.15876356007016063,0.03070964807705904,standard normal at finite u_max,finite,0.019056789327543844,0.056817289264448095,0.02377412717649846,cv,0.45496800271206467,0.031638153526270064,8192,37755904,0.002417752369280504,26,67108864,4.137045606970787,0,completed,2048,20.0,0.1587635600701608,0.03071000322392441
4,208,185e953d57699e678314593985abe20c62d7d129,cuda,1.0,8,0.5,gaussian,0.5663959261773042,16,0.07263889080030558,0.034659922563546997,0.0025586960945208903,0.15750518752629608,0.03764136050776066,standard normal at finite u_max,finite,0.02018438298596544,0.07263889080030558,0.03465992256354666,cv,0.46315705756574266,0.03912959881458546,8192,37755904,0.0025587015765830556,22,67108864,4.138763107359409,4,completed,2048,20.0,0.15750518752629647,0.037642542342769654
4,236,185e953d57699e678314593985abe20c62d7d129,cuda,1.0,1,0.5,gaussian,0.493738747710924,64,0.06883701007921084,0.016546072892910213,1.3000392207196398e-08,0.16018883431536646,0.017721479407922628,standard normal at finite u_max,infinite,1.3000724385925366e-08,0.06883701007921084,0.016546072892910546,cv,0.00018588239122654973,0.0,8192,5180928,1.3000722942635434e-08,40,4194304,0.2798863872885704,3,completed,128,20.0,0.1601888343153659,0.017721415842515676
4,264,185e953d57699e678314593985abe20c62d7d129,cuda,1.0,1,0.5,gaussian,0.9111484830358313,64,0.017452994167042046,0.0033858448051526935,1.3000392207196398e-08,0.08023096847157885,0.004156352650816094,standard normal at finite u_max,finite,1.3000722942635434e-08,0.017452994167042046,0.0033858448051528045,cv,0.17207212019687573,0.0,8192,5180928,1.3000722387523922e-08,42,16777216,1.046134926378727,2,completed,512,20.0,0.08023096847157885,0.004156794913962763
4,292,185e953d57699e678314593985abe20c62d7d129,cuda,1.0,1,0.5,gaussian,0.7250624117605037,64,0.06626325375409897,0.013970285400694449,1.3000392207196398e-08,0.18879523102454843,0.014679473355442587,standard normal at finite u_max,finite,1.3000722609568527e-08,0.06626325375409897,0.01397028540069456,cv,0.39208682234459147,0.0,8192,5180928,1.300072272059083e-08,41,67108864,4.121244877576828,1,completed,2048,20.0,0.18879523102454798,0.014677409563402534
4,320,185e953d57699e678314593985abe20c62d7d129,cuda,1.0,8,0.5,gaussian,0.7282784714036408,64,0.08505028656239448,0.019812981854099798,1.3000392415363216e-08,0.18907679427769056,0.02183760835880577,standard normal at finite u_max,infinite,1.0400577401388204e-07,0.0850502865623945,0.019812981854099687,cv,0.00012208548346847827,0.030017454448242328,8192,37777408,1.3000722054457015e-08,50,4194304,0.28491611778736115,0,completed,128,20.0,0.18907679427769095,0.021837267570772555
4,348,185e953d57699e678314593985abe20c62d7d129,cuda,1.0,8,0.5,gaussian,0.9810115212270102,64,0.07875826176061607,0.01826754031800404,1.3000392415363216e-08,0.17485247891535716,0.021072694488567398,standard normal at finite u_max,infinite,1.0400577390285973e-07,0.07875826176061607,0.018267540318004233,cv,0.00012231782011354293,0.05722498084890937,8192,37777408,1.300072316468004e-08,47,4194304,0.28571759164333344,4,completed,128,20.0,0.17485247891535666,0.021072373340075938
4,376,185e953d57699e678314593985abe20c62d7d129,cuda,1.0,8,0.5,gaussian,0.9618385859174875,64,0.0636212249276297,0.013018440017587299,1.3000392415363216e-08,0.2026142058764155,0.01641404798810524,standard normal at finite u_max,finite,1.0400577573472772e-07,0.0636212249276297,0.01301844001758716,cv,0.07915149866263438,0.04808759057605125,8192,37777408,1.3000722387523922e-08,80,16777216,1.0707064867019653,3,completed,512,20.0,0.2026142058764156,0.016413976658817955
4,404,185e953d57699e678314593985abe20c62d7d129,cuda,1.0,8,0.5,gaussian,0.992993964386786,64,0.06461916293124008,0.01507487337438293,1.3000392415363216e-08,0.14153535384435273,0.016626564807721633,standard normal at finite u_max,finite,1.0400577584575003e-07,0.06461916293124008,0.015074873374382958,cv,0.32371916235856446,0.07143006106947433,8192,37777408,1.3000722498546224e-08,96,67108864,4.170376695692539,2,completed,2048,20.0,0.14153535384435278,0.016626045127441622
4,432,185e953d57699e678314593985abe20c62d7d129,cuda,1.0,1,0.5,mixture,0.8296993534349479,16,0.023191979631473347,0.04155600195215425,0.014255982187393268,0.019354997568887367,0.04190537891804204,standard normal at finite u_max,infinite,0.014255982128394323,0.023191979631473347,0.04155600195215414,cv,0.4560583400581416,0.0,8192,5179904,0.014255982128394185,2,4194304,0.2641739696264267,1,completed,128,20.0,0.019354997568887145,0.041905328641726185
4,460,185e953d57699e678314593985abe20c62d7d129,cuda,1.0,1,0.5,mixture,0.9863522773192998,16,0.009536588843252147,0.002168190817885454,0.001247802008437382,0.0013277888753634448,0.009290897596226196,standard normal at finite u_max,infinite,0.0012478020674374368,0.009536588843252147,0.00216819081788526,cv,0.4889277761083044,0.0,8192,5179904,0.0012478020674360213,2,16777216,1.0308100432157516,0,completed,512,20.0,0.0013277888753627787,0.00929133388443111
4,488,185e953d57699e678314593985abe20c62d7d129,cuda,1.0,1,0.5,mixture,0.8059180792837899,16,0.020263543343499724,0.03583536075989116,0.010736447185700826,0.016493954047745785,0.03592321115448848,standard normal at finite u_max,infinite,0.010736447244700464,0.020263543343499724,0.03583536075989127,cv,0.4992793504508801,0.0,8192,5179904,0.010736447244699798,1,16777216,1.0534604713320732,4,completed,512,20.0,0.016493954047745785,0.03592264710710759
4,516,185e953d57699e678314593985abe20c62d7d129,cuda,1.0,1,0.5,mixture,0.9304877890274309,16,0.0402838676019015,0.09680028333093389,0.03443673418852594,0.03555167351534583,0.09681981712886806,standard normal at finite u_max,infinite,0.03443673412952841,0.0402838676019015,0.09680028333093374,cv,0.48618519842484575,0.0,8192,5179904,0.0344367341295273,2,67108864,4.014065034687519,3,completed,2048,20.0,0.035551673515346494,0.096818890406316
4,544,185e953d57699e678314593985abe20c62d7d129,cuda,1.0,8,0.5,mixture,0.6717206648493053,16,0.06312590095459704,0.10122735741522906,0.04546536873032669,0.05149472936177561,0.1172922539456513,standard normal at finite u_max,infinite,0.4320343560253615,0.06312590095459704,0.10122735741522902,cv,0.29332836305870036,0.1920491459637202,8192,37755904,0.045465368730326666,8,4194304,0.264775775372982,2,completed,128,20.0,0.05149472936177561,0.11729168237494589
4,572,185e953d57699e678314593985abe20c62d7d129,cuda,1.0,8,0.5,mixture,0.764194428789702,16,0.4367821541318467,0.8980816389773281,0.372830019324537,0.47056802471396353,0.919302646523982,standard normal at finite u_max,infinite,0.7447780384493712,0.4367821541318467,0.8980816389773284,cv,0.40121484289487763,0.3949026794514857,8192,37755904,0.37283001930978776,9,16777216,1.0261235907673836,1,completed,512,20.0,0.4705680247139633,0.9193018278410122
4,600,185e953d57699e678314593985abe20c62d7d129,cuda,1.0,8,0.5,mixture,0.7679133969615037,16,0.03406121437290646,0.06634674765932846,0.02779016480567075,0.02473122596703209,0.06929920579886989,standard normal at finite u_max,infinite,0.25783745388121393,0.03406121437290646,0.06634674765932848,cv,0.4908317306501303,0.06011647857278591,8192,37755904,0.027790164790921043,5,67108864,4.068146273493767,0,completed,2048,20.0,0.02473122596703209,0.06929938763123443
4,628,185e953d57699e678314593985abe20c62d7d129,cuda,1.0,8,0.5,mixture,0.7624303114728663,16,0.024018771923337914,0.04051500361054028,0.019533220081826,0.014588420512471445,0.047087793090001176,standard normal at finite u_max,infinite,0.2799075120907734,0.024018771923337914,0.04051500361054026,cv,0.4908710695810386,0.06306117030139947,8192,37755904,0.019533220081825765,5,67108864,4.069798529148102,4,completed,2048,20.0,0.01458842051247157,0.04708827850484422
4,656,185e953d57699e678314593985abe20c62d7d129,cuda,1.0,1,0.5,mixture,0.9946798941607968,64,0.30523976208202575,0.7378312127168809,0.3051468870622363,0.9871925813540608,0.7385424541143634,standard normal at finite u_max,infinite,0.30514688706223375,0.30523976208202575,0.7378312127168811,cv,0.00012791797554713612,0.0,8192,5180928,0.3051468870622338,26,4194304,0.26886023581027985,3,completed,128,20.0,0.9871925813540608,0.738541086963077
4,684,185e953d57699e678314593985abe20c62d7d129,cuda,1.0,1,0.5,mixture,0.7344969679827977,64,0.19191287097892262,0.43888572568185685,0.1751380397523856,0.4483440607539907,0.43933877161269075,standard normal at finite u_max,infinite,0.17513803975238237,0.19191287097892262,0.4388857256818567,cv,0.21629209382911507,0.0,8192,5180928,0.17513803975238312,19,16777216,1.0142032727599144,2,completed,512,20.0,0.4483440607539908,0.4393388205806915
4,712,185e953d57699e678314593985abe20c62d7d129,cuda,1.0,1,0.5,mixture,0.9201844460834893,64,0.16321724182328223,0.3853097677523006,0.16003084908314064,0.40218378135146404,0.3854601484940442,standard normal at finite u_max,infinite,0.16003084908313808,0.16321724182328223,0.3853097677523005,cv,0.40301491847022186,0.0,8192,5180928,0.16003084908313814,15,67108864,4.013911500573158,1,completed,2048,20.0,0.40218378135146404,0.38545809822315036
4,740,185e953d57699e678314593985abe20c62d7d129,cuda,1.0,8,0.5,mixture,0.9311809721362481,64,0.47889533012035534,1.114615946084608,0.45128672176555906,0.9907516828954129,1.122356154262348,standard normal at finite u_max,infinite,0.9953975204328024,0.47889533012035534,1.1146159460846081,cv,0.00012250006913037446,0.09347637656021936,8192,37777408,0.45128672176555845,33,4194304,0.2775086537003517,0,completed,128,20.0,0.9907516828954129,1.1223561625388516
4,768,185e953d57699e678314593985abe20c62d7d129,cuda,1.0,8,0.5,mixture,0.9140976867084958,64,0.38496615840750853,0.8503047463599716,0.3538601652966772,0.9925286742943494,0.8797962552625473,standard normal at finite u_max,infinite,0.9761350792596946,0.38496615840750864,0.8503047463599712,cv,0.00012210615764928867,0.2235162049459028,8192,37777408,0.3538601652966752,32,4194304,0.2736511081457138,4,completed,128,20.0,0.9925286742943495,0.8797964359216206
4,796,185e953d57699e678314593985abe20c62d7d129,cuda,1.0,8,0.5,mixture,0.6582806703936679,64,0.28892939176391197,0.6529524021331241,0.2586050116763505,0.6645684761012904,0.6531640830990421,standard normal at finite u_max,infinite,0.9311661785939109,0.28892939176391197,0.6529524021331242,cv,0.033646831384412115,0.3775582254014247,8192,37777408,0.25860501167634997,78,16777216,1.048262245953083,3,completed,512,20.0,0.6645684761012906,0.6531636604063801
4,824,185e953d57699e678314593985abe20c62d7d129,cuda,1.0,8,0.5,mixture,0.9424016635057885,64,0.4190078426016227,1.0238263928786169,0.410242210788873,0.8263043899588696,1.0239304553515423,standard normal at finite u_max,infinite,0.9806074757713028,0.4190078426016227,1.023826392878617,cv,0.3827514088331305,0.33690410186877756,8192,37777408,0.4102422107888726,46,67108864,4.072970442473888,2,completed,2048,20.0,0.8263043899588696,1.0239307454918074
4,852,185e953d57699e678314593985abe20c62d7d129,cuda,1.0,1,0.5,weak_mixture,0.9347109488901806,16,0.011929828451688135,0.0008116581066561403,0.006350954638761119,0.06160948453508097,0.012764338203728263,standard normal at finite u_max,finite,0.0063509551352558535,0.011929828451688135,0.0008116581066561768,cv,0.4842874110252647,0.0,8192,5179904,0.006350955135256409,1,4194304,0.25826143473386765,1,completed,128,20.0,0.06160948453508075,0.01276462881400078
4,880,185e953d57699e678314593985abe20c62d7d129,cuda,1.0,1,0.5,weak_mixture,0.8933885499546134,16,0.006952819566881541,0.003570217957766436,0.004122977671551453,0.033813027215323976,0.007304829232343093,standard normal at finite u_max,finite,0.004122978168045882,0.006952819566881541,0.003570217957766469,cv,0.48823969363113645,0.0,8192,5179904,0.0041229781680465205,1,16777216,1.0178589150309563,0,completed,512,20.0,0.03381302721532431,0.007304176160094477
4,908,185e953d57699e678314593985abe20c62d7d129,cuda,1.0,1,0.5,weak_mixture,0.956117431471562,16,0.012600182640151447,0.007224707086781512,0.005416908268890741,0.026627363396319104,0.01078836523789198,standard normal at finite u_max,finite,0.0054169077723954795,0.012600182640151447,0.0072247070867814765,cv,0.49698067788305617,0.0,8192,5179904,0.005416907772395563,1,16777216,1.0132389813661575,4,completed,512,20.0,0.026627363396319326,0.01078861513033492
4,936,185e953d57699e678314593985abe20c62d7d129,cuda,1.0,1,0.5,weak_mixture,0.99949177681231,16,0.016545309957852194,0.004206195468991867,0.0007627015453354202,0.08829873221149709,0.016979312948888717,standard normal at finite u_max,finite,0.0007627020418306818,0.016545309957852194,0.004206195468991827,cv,0.49989534867683666,0.0,8192,5179904,0.0007627020418308206,1,67108864,4.014139913022518,3,completed,2048,20.0,0.08829873221149687,0.016978175224296926
4,964,185e953d57699e678314593985abe20c62d7d129,cuda,1.0,8,0.5,weak_mixture,0.7797802512321468,16,0.01825781676362459,0.010771818655133844,0.008669974821225467,0.045962337183386576,0.016052554299224305,standard normal at finite u_max,finite,0.0960021671556675,0.01825781676362459,0.010771818655133835,cv,0.479753211401965,0.0428821757609066,8192,37755904,0.008669974945349435,3,4194304,0.26225555688142776,2,completed,128,20.0,0.04596233718338673,0.016051486951526923
4,992,185e953d57699e678314593985abe20c62d7d129,cuda,1.0,8,0.5,weak_mixture,0.7881811094279726,16,0.024844591590824982,0.02321237469461994,0.01736355925215126,0.046576331368749835,0.02563268812488781,standard normal at finite u_max,finite,0.10322164314165674,0.02484459159082498,0.023212374694619935,cv,0.48305512578070103,0.031216039017692498,8192,37755904,0.017363559128027353,3,16777216,1.0172929987311363,1,completed,512,20.0,0.046576331368749835,0.02563234977796938
4,1020,185e953d57699e678314593985abe20c62d7d129,cuda,1.0,8,0.5,weak_mixture,0.6209680815506504,16,0.017415164294322792,0.012494268230416822,0.01005172378018123,0.0430264008877172,0.015902492970492975,standard normal at finite u_max,finite,0.09936409880616232,0.017415164294322792,0.012494268230416836,cv,0.49814924966928015,0.053313828788420836,8192,37755904,0.010051723904305088,3,67108864,4.059685051441193,0,completed,2048,20.0,0.04302640088771709,0.015901773139650452
4,1048,185e953d57699e678314593985abe20c62d7d129,cuda,1.0,8,0.5,weak_mixture,0.9687508337090526,16,0.05930314061784526,0.06358264520077239,0.04992786255623497,0.10741968846321992,0.06649200856209067,standard normal at finite u_max,finite,0.15945415396888868,0.05930314061784526,0.06358264520077236,cv,0.4955961942311243,0.08928035714107037,8192,37755904,0.04992786255623485,4,67108864,4.051854155957699,4,completed,2048,20.0,0.1074196884632197,0.06649184788598808
4,1076,185e953d57699e678314593985abe20c62d7d129,cuda,1.0,1,0.5,weak_mixture,0.9068176358900647,64,0.01662418865573778,0.011977354963135244,0.015088069019031203,0.013965719995874148,0.012934859061671305,standard normal at finite u_max,finite,0.015088068390209153,0.01662418865573778,0.011977354963135291,cv,0.49105543919305283,0.0,8192,5180928,0.015088068390209375,1,4194304,0.258853480219841,3,completed,128,20.0,0.01396571999587426,0.012935983303171293
4,1104,185e953d57699e678314593985abe20c62d7d129,cuda,1.0,1,0.5,weak_mixture,0.9316686904525586,64,0.013968043772421557,0.014357875072927476,0.011415655522162838,0.04220793892742203,0.016008749943346567,standard normal at finite u_max,finite,0.01141565489334112,0.013968043772421557,0.014357875072927523,cv,0.4951377498637509,0.0,8192,5180928,0.011415654893340621,1,16777216,1.0173045620322227,2,completed,512,20.0,0.042207938927421695,0.01600851150981215
4,1132,185e953d57699e678314593985abe20c62d7d129,cuda,1.0,1,0.5,weak_mixture,0.8981197941617153,64,0.01677735923473478,0.01774505041929094,0.014348019065699491,0.05088840276993711,0.019705257166097997,standard normal at finite u_max,finite,0.014348019694522735,0.01677735923473478,0.017745050419290906,cv,0.4985431210778955,0.0,8192,5180928,0.014348019694521486,1,67108864,4.031262136995792,1,completed,2048,20.0,0.05088840276993678,0.01970384695409491
4,1160,185e953d57699e678314593985abe20c62d7d129,cuda,1.0,8,0.5,weak_mixture,0.951182776064182,64,0.03373111309674975,0.030604084688508344,0.026747722445330448,0.04249482191079146,0.03301505905048588,standard normal at finite u_max,finite,0.10397802528459464,0.03373111309674975,0.030604084688508313,cv,0.42407621167722215,0.02844121049104115,8192,37777408,0.026747722602535814,4,4194304,0.2650289908051491,0,completed,128,20.0,0.04249482191079161,0.03301545562508955
4,1188,185e953d57699e678314593985abe20c62d7d129,cuda,1.0,8,0.5,weak_mixture,0.8620945855048837,64,0.02052291636115964,0.01677535234434951,0.01565884438207326,0.03312450786782828,0.019001712592779465,standard normal at finite u_max,finite,0.10522896192263216,0.02052291636115964,0.016775352344349518,cv,0.4363183826748473,0.03570026565674605,8192,37777408,0.015658844539278807,4,4194304,0.26476410031318665,4,completed,128,20.0,0.033124507867828265,0.019001326424267342
4,1216,185e953d57699e678314593985abe20c62d7d129,cuda,1.0,8,0.5,weak_mixture,0.8224454959318,64,0.09908390558870744,0.11238723043356881,0.09144482356985478,0.07144311831285437,0.11276324041208918,standard normal at finite u_max,finite,0.265421122420061,0.09908390558870744,0.11238723043356882,cv,0.47191373753221405,0.08027625708911103,8192,37777408,0.09144482356985473,5,16777216,1.0253276750445366,3,completed,512,20.0,0.0714431183128544,0.11276292862203889
4,1244,185e953d57699e678314593985abe20c62d7d129,cuda,1.0,8,0.5,weak_mixture,0.9143102878673012,64,0.024560467215981353,0.02271693064175777,0.019401832222947182,0.06026159800963671,0.026069532730222316,standard normal at finite u_max,finite,0.09634253465515741,0.024560467215981353,0.022716930641757758,cv,0.4974720687546141,0.03067365265973495,8192,37777408,0.019401832380152535,4,67108864,4.060328990221024,2,completed,2048,20.0,0.06026159800963704,0.02606980182447882
4,13,185e953d57699e678314593985abe20c62d7d129,cuda,1.0,1,0.5,gaussian,0.9975397278782676,16,0.05194801557456097,0.028672856964483517,0.0027394641165989775,0.09644330986531402,0.02873386623627056,standard normal at finite u_max,finite,0.002739469598660298,0.05194801557456097,0.028672856964483406,cv_cumulant,0.2542855117132588,0.0,8192,5310976,0.00273946959866167,11,8388608,0.4774099662899971,1,completed,128,20.0,0.09644330986531391,0.028734214193936493
4,41,185e953d57699e678314593985abe20c62d7d129,cuda,1.0,1,0.5,gaussian,0.5427948913222427,16,0.06292147783888835,0.03328722446159671,0.00400985839327328,0.037396296072625956,0.03440579681479276,standard normal at finite u_max,finite,0.0040098529112123065,0.06292147783888835,0.0332872244615966,cv_cumulant,0.46549280738968674,0.0,8192,5310976,0.004009852911210365,8,33554432,1.843098796904087,0,completed,512,20.0,0.037396296072625845,0.03440564256267712
4,69,185e953d57699e678314593985abe20c62d7d129,cuda,1.0,1,0.5,gaussian,0.8312418230524351,16,0.030989198845064736,0.011862312463356117,0.0028877278413279583,0.09096617463379997,0.01396654547834967,standard normal at finite u_max,finite,0.002887733323390122,0.030989198845064736,0.011862312463356117,cv_cumulant,0.4518825124590232,0.0,8192,5310976,0.002887733323390873,10,33554432,1.8474037796258926,4,completed,512,20.0,0.09096617463379963,0.013965064089420071
4,97,185e953d57699e678314593985abe20c62d7d129,cuda,1.0,1,0.5,gaussian,0.9867911205419455,16,0.0463749046568569,0.02308358959342327,0.005567838602332342,0.026181777797686268,0.0254273372811629,standard normal at finite u_max,finite,0.00556783312026885,0.0463749046568569,0.02308358959342327,cv_cumulant,0.4880724946631896,0.0,8192,5310976,0.0055678331202694276,10,134217728,7.331100568175316,3,completed,2048,20.0,0.02618177779768671,0.025428695555141493
4,125,185e953d57699e678314593985abe20c62d7d129,cuda,1.0,8,0.5,gaussian,0.9988684810977935,16,0.045452417991987584,0.018079360994554747,0.0019316964443273632,0.12418585407229585,0.02257779163982779,standard normal at finite u_max,finite,0.015168385784417246,0.045452417991987584,0.018079360994554525,cv_cumulant,0.13818929867076393,0.08112990120487819,8192,38345728,0.0019317019263892093,20,8388608,0.47669055312871933,2,completed,128,20.0,0.12418585407229633,0.022576945413817277
4,153,185e953d57699e678314593985abe20c62d7d129,cuda,1.0,8,0.5,gaussian,0.9159185885138325,16,0.12312078241390516,0.06337975276943379,0.0032761329926881133,0.14505537964822363,0.0670858531020618,standard normal at finite u_max,finite,0.020219919539409752,0.12312078241390514,0.06337975276943363,cv_cumulant,0.376126066225217,0.059216371407366616,8192,38345728,0.0032761371042348136,24,33554432,1.85862997174263,1,completed,512,20.0,0.14505537964822376,0.06708602369938711
4,181,185e953d57699e678314593985abe20c62d7d129,cuda,1.0,8,0.5,gaussian,0.9596987152200012,16,0.05999968228829236,0.025295623246328655,0.0024250272320227584,0.13295769917329775,0.03014596511343597,standard normal at finite u_max,finite,0.012478451242384414,0.05999968228829236,0.025295623246329016,cv_cumulant,0.46215495467356954,0.08372829969068096,8192,38345728,0.0024250299730543406,24,134217728,7.410841777920723,0,completed,2048,20.0,0.13295769917329747,0.030146103139142878
4,209,185e953d57699e678314593985abe20c62d7d129,cuda,1.0,8,0.5,gaussian,0.9643267847749147,16,0.06000348634346078,0.026454727688085003,0.003072111595385965,0.14305247502857904,0.029565053905457887,standard normal at finite u_max,finite,0.017627520238959173,0.06000348634346078,0.026454727688085336,cv_cumulant,0.45505759873423596,0.05350494529504374,8192,38345728,0.0030721157069332483,24,134217728,7.394755028188229,4,completed,2048,20.0,0.14305247502857876,0.029565125025765568
4,237,185e953d57699e678314593985abe20c62d7d129,cuda,1.0,1,0.5,gaussian,0.938269210790155,64,0.04776141485656077,0.008363528422545286,1.3000392207196398e-08,0.13166304364200176,0.010944856961918057,standard normal at finite u_max,infinite,1.3000723386724644e-08,0.04776141485656077,0.008363528422545174,cv_cumulant,0.00012254146795776116,0.0,8192,5312000,1.300072227650162e-08,40,8388608,0.48005034029483795,3,completed,128,20.0,0.131663043642002,0.010944656148875655
4,265,185e953d57699e678314593985abe20c62d7d129,cuda,1.0,1,0.5,gaussian,0.627088992803267,64,0.06324271778333934,0.017969055369877363,1.3000392207196398e-08,0.11499827495140025,0.01823470934225471,standard normal at finite u_max,finite,1.3000723053657737e-08,0.06324271778333934,0.01796905536987725,cv_cumulant,0.14111718713629134,0.0,8192,5312000,1.3000722387523922e-08,43,33554432,1.8517433106899261,2,completed,512,20.0,0.11499827495140025,0.018236653063338253
4,293,185e953d57699e678314593985abe20c62d7d129,cuda,1.0,1,0.5,gaussian,0.6981672081835877,64,0.06724083946417209,0.016778537658197368,1.3000392207196398e-08,0.1540137153339307,0.016969911707604392,standard normal at finite u_max,finite,1.3000723830813854e-08,0.06724083946417209,0.016778537658197257,cv_cumulant,0.41377925377710223,0.0,8192,5312000,1.3000722387523922e-08,45,134217728,7.357771955430508,1,completed,2048,20.0,0.1540137153339307,0.016968494150534974
4,321,185e953d57699e678314593985abe20c62d7d129,cuda,1.0,8,0.5,gaussian,0.6921169388452751,64,0.08118132777969361,0.019341265384146128,1.3000392415363216e-08,0.14368460190561017,0.020464022022712778,standard normal at finite u_max,infinite,1.0400577684495075e-07,0.08118132777969361,0.019341265384146433,cv_cumulant,0.00012531917755015322,0.08167048441255502,8192,38367232,1.3000722942635434e-08,49,8388608,0.49075815081596375,0,completed,128,20.0,0.14368460190560983,0.0204647459045774
4,349,185e953d57699e678314593985abe20c62d7d129,cuda,1.0,8,0.5,gaussian,0.6198602618731859,64,0.09053325410970929,0.02304556267018544,1.3000392415363216e-08,0.1471951867558256,0.024157708763473222,standard normal at finite u_max,infinite,1.040057726816144e-07,0.0905332541097093,0.02304556267018544,cv_cumulant,0.0001400172167726447,0.08909006436568938,8192,38367232,1.3000722498546224e-08,48,8388608,0.48829253762960434,4,completed,128,20.0,0.14719518675582563,0.02415684002827152
4,377,185e953d57699e678314593985abe20c62d7d129,cuda,1.0,8,0.5,gaussian,0.9999280700804275,64,0.07331086773937968,0.016400953080697278,1.3000392415363216e-08,0.1771088122932596,0.018532448248526436,standard normal at finite u_max,finite,1.0400577784415147e-07,0.0733108677393797,0.016400953080697583,cv_cumulant,0.10065054558324708,0.08211148896466616,8192,38367232,1.3000722942635434e-08,86,33554432,1.9075507298111916,3,completed,512,20.0,0.1771088122932592,0.01853271693684496
4,405,185e953d57699e678314593985abe20c62d7d129,cuda,1.0,8,0.5,gaussian,0.803473496632126,64,0.0597037977968648,0.011407694204186539,1.3000392415363216e-08,0.1959454363429921,0.015486672315477762,standard normal at finite u_max,finite,1.0400577573472772e-07,0.0597037977968648,0.011407694204186539,cv_cumulant,0.2906803030672866,0.05416063208191692,8192,38367232,1.3000722498546224e-08,92,134217728,7.4311762154102325,2,completed,2048,20.0,0.19594543634299216,0.015485715334995908
4,433,185e953d57699e678314593985abe20c62d7d129,cuda,1.0,1,0.5,mixture,0.9060069723429338,16,0.023936710878856515,0.03985102757485745,0.01608634924490665,0.017204926340372406,0.04332530284629871,standard normal at finite u_max,infinite,0.016086349185907095,0.023936710878856515,0.03985102757485731,cv_cumulant,0.474261480441205,0.0,8192,5310976,0.01608634918590779,1,8388608,0.46706773340702057,1,completed,128,20.0,0.017204926340372628,0.043327270442122215
4,461,185e953d57699e678314593985abe20c62d7d129,cuda,1.0,1,0.5,mixture,0.5471888028948214,16,0.03109991193605549,0.06551581465845495,0.026964245272495746,0.0040189175614059325,0.06724772678461949,standard normal at finite u_max,infinite,0.026964245213498605,0.03109991193605549,0.0655158146584548,cv_cumulant,0.479885268341323,0.0,8192,5310976,0.02696424521349705,1,33554432,1.8397129103541374,0,completed,512,20.0,0.004018917561405599,0.06724617673661606
4,489,185e953d57699e678314593985abe20c62d7d129,cuda,1.0,1,0.5,mixture,0.5416879425780464,16,0.009469168748289403,0.008231897271082977,0.003617977236885117,0.008116488616626838,0.012357284011573856,standard normal at finite u_max,infinite,0.003617977295884117,0.009469168748289403,0.008231897271083116,cv_cumulant,0.4905510080271557,0.0,8192,5310976,0.003617977295884034,1,33554432,1.8367220908403397,4,completed,512,20.0,0.008116488616626616,0.012354683400081064
4,517,185e953d57699e678314593985abe20c62d7d129,cuda,1.0,1,0.5,mixture,0.9988333778825903,16,0.052373993275159125,0.11659196768167784,0.040974510425421884,0.011714626614054646,0.1168082488492322,standard normal at finite u_max,infinite,0.04097451048442205,0.052373993275159125,0.11659196768167798,cv_cumulant,0.4814731350521412,0.0,8192,5310976,0.040974510484420745,3,134217728,7.336712636053562,3,completed,2048,20.0,0.011714626614054424,0.11680742698707491
4,545,185e953d57699e678314593985abe20c62d7d129,cuda,1.0,8,0.5,mixture,0.9461117493623346,16,0.04444442253831267,0.09319356496993564,0.039749825263345626,0.01246569957597328,0.09455653856762357,standard normal at finite u_max,infinite,0.2760446328029466,0.04444442253831267,0.09319356496993561,cv_cumulant,0.3434523750143648,0.0632197021195342,8192,38345728,0.039749825248595216,6,8388608,0.4751584157347679,2,completed,128,20.0,0.012465699575973252,0.09455607516239352
4,573,185e953d57699e678314593985abe20c62d7d129,cuda,1.0,8,0.5,mixture,0.8072152789774596,16,0.03125158922879633,0.05594657228200093,0.020691817486850193,0.023339097414139504,0.059063705627769754,standard normal at finite u_max,infinite,0.2586381750924579,0.03125158922879633,0.05594657228200088,cv_cumulant,0.4602855195808737,0.052934868551011906,8192,38345728,0.020691817501600207,5,33554432,1.8572299182415009,1,completed,512,20.0,0.02333909741413978,0.05906293248011484
4,601,185e953d57699e678314593985abe20c62d7d129,cuda,1.0,8,0.5,mixture,0.7039611350631862,16,0.04716510617309109,0.09459720444676424,0.0384869214721421,0.030831924728224755,0.09856072811752967,standard normal at finite u_max,infinite,0.28344044714557237,0.04716510617309109,0.09459720444676434,cv_cumulant,0.4927250772267262,0.07691448985015087,8192,38345728,0.038486921472142034,5,134217728,7.394169144332409,0,completed,2048,20.0,0.030831924728224602,0.09856099046873448
4,629,185e953d57699e678314593985abe20c62d7d129,cuda,1.0,8,0.5,mixture,0.7796961737320511,16,0.03570654642781678,0.059650987784192276,0.0274034687877849,0.020745843759072957,0.06740030105600356,standard normal at finite u_max,infinite,0.26380672854540965,0.03570654642781678,0.059650987784192255,cv_cumulant,0.48887139550195563,0.0689816825254923,8192,38345728,0.027403468743534838,5,134217728,7.378073751926422,4,completed,2048,20.0,0.020745843759073,0.06740004380729386
4,657,185e953d57699e678314593985abe20c62d7d129,cuda,1.0,1,0.5,mixture,0.7609589613483845,64,0.3073587126639885,0.7556104713018552,0.3051468870622363,0.9872831901531639,0.7556262805235977,standard normal at finite u_max,infinite,0.3051468870622345,0.3073587126639885,0.7556104713018554,cv_cumulant,0.00013642048322257645,0.0,8192,5312000,0.3051468870622338,22,8388608,0.4741995930671692,3,completed,128,20.0,0.9872831901531639,0.7556258119894423
4,685,185e953d57699e678314593985abe20c62d7d129,cuda,1.0,1,0.5,mixture,0.9263672702070624,64,0.0386139472900609,0.01753708367486745,0.010676889026233594,0.03512724057484573,0.03565237338733374,standard normal at finite u_max,infinite,0.010676889026236924,0.0386139472900609,0.017537083674867393,cv_cumulant,0.29523923314480166,0.0,8192,5312000,0.010676889026236147,13,33554432,1.847034864127636,2,completed,512,20.0,0.03512724057484595,0.03565342059274407
4,713,185e953d57699e678314593985abe20c62d7d129,cuda,1.0,1,0.5,mixture,0.5021111012971523,64,0.09720565003677617,0.21186990931251487,0.09003327133070763,0.22863691920481488,0.22068553358858378,standard normal at finite u_max,infinite,0.09003327133070706,0.09720565003677617,0.2118699093125147,cv_cumulant,0.46305959895567994,0.0,8192,5312000,0.09003327133070518,14,134217728,7.349016919732094,1,completed,2048,20.0,0.2286369192048151,0.2206836954505406
4,741,185e953d57699e678314593985abe20c62d7d129,cuda,1.0,8,0.5,mixture,0.5320224333827752,64,0.34822828458792127,0.7605223002362723,0.30514688706223647,0.9907771968514258,0.7701663614014576,standard normal at finite u_max,infinite,0.9456569436900965,0.3482282845879212,0.7605223002362724,cv_cumulant,0.00012728723548911992,0.0917111253692071,8192,38367232,0.3051468870622338,29,8388608,0.49025847017765045,0,completed,128,20.0,0.9907771968514258,0.7701661509711324
4,769,185e953d57699e678314593985abe20c62d7d129,cuda,1.0,8,0.5,mixture,0.5818425875281535,64,0.5123024447629139,1.2377289492930243,0.4999999999999999,0.9895012399353634,1.2395354095258917,standard normal at finite u_max,infinite,0.9979788069067438,0.5123024447629139,1.2377289492930243,cv_cumulant,0.00015426765776282287,0.05900786570919084,8192,38367232,0.49999999999999994,29,8388608,0.4840406998991966,4,completed,128,20.0,0.9895012399353635,1.2395354606349798
4,797,185e953d57699e678314593985abe20c62d7d129,cuda,1.0,8,0.5,mixture,0.7090816611352126,64,0.18454756003918626,0.4058667500127602,0.16048554694549427,0.27626004874450183,0.406103088409851,standard normal at finite u_max,infinite,0.827545311646099,0.18454756003918624,0.40586675001276007,cv_cumulant,0.12143336827090769,0.36327231175052377,8192,38367232,0.16048554694549558,41,33554432,1.8765039891004562,3,completed,512,20.0,0.2762600487445016,0.40610349761903414
4,825,185e953d57699e678314593985abe20c62d7d129,cuda,1.0,8,0.5,mixture,0.6819461891508648,64,0.3131035993711824,0.7401039370232854,0.29808214118556675,0.7823077358071012,0.740872035545492,standard normal at finite u_max,infinite,0.950703677733228,0.3131035993711823,0.7401039370232853,cv_cumulant,0.37350149384008197,0.19827635114081593,8192,38367232,0.29808214118556486,40,134217728,7.446453437209129,2,completed,2048,20.0,0.7823077358071012,0.740871739859882
4,853,185e953d57699e678314593985abe20c62d7d129,cuda,1.0,1,0.5,weak_mixture,0.5034797801648417,16,0.014302885787654818,0.017607396740392686,0.010433171014300413,0.008222079550457284,0.018466612143423725,standard normal at finite u_max,finite,0.010433171510794703,0.014302885787654818,0.01760739674039273,cv_cumulant,0.5034797801648417,0.0,8192,5310976,0.010433171510795702,0,8388608,0.46556883305311203,1,completed,128,20.0,0.008222079550457284,0.01846497755055214
4,881,185e953d57699e678314593985abe20c62d7d129,cuda,1.0,1,0.5,weak_mixture,0.8921439753320931,16,0.011077720743588482,0.006614934273939107,0.004988871457801469,0.01954993054147769,0.009516819185074622,standard normal at finite u_max,finite,0.004988871954295732,0.011077720743588482,0.00661493427393914,cv_cumulant,0.495275602477873,0.0,8192,5310976,0.0049888719542965365,1,33554432,1.8411964997649193,0,completed,512,20.0,0.019549930541477467,0.00951787362698536
4,909,185e953d57699e678314593985abe20c62d7d129,cuda,1.0,1,0.5,weak_mixture,0.7946332030740764,16,0.016795669810819508,0.010928755251747262,0.010024071020470204,0.01646332341571277,0.015710163889050607,standard normal at finite u_max,finite,0.010024070523974943,0.016795669810819508,0.010928755251747226,cv_cumulant,0.49345872076206015,0.0,8192,5310976,0.010024070523975248,1,33554432,1.8384240418672562,4,completed,512,20.0,0.016463323415712328,0.015710461826752214
4,937,185e953d57699e678314593985abe20c62d7d129,cuda,1.0,1,0.5,weak_mixture,0.9345442740605724,16,0.011011182879058334,0.005330828571149027,0.006062915415569914,0.038045877608010814,0.010006366450628246,standard normal at finite u_max,finite,0.006062915912065064,0.011011182879058334,0.0053308285711490665,cv_cumulant,0.49801992403888085,0.0,8192,5310976,0.006062915912065203,1,134217728,7.343468979001045,3,completed,2048,20.0,0.0380458776080107,0.010004561140135907
4,965,185e953d57699e678314593985abe20c62d7d129,cuda,1.0,8,0.5,weak_mixture,0.6749957585644772,16,0.03235864143019964,0.030221300156849012,0.027991066202270987,0.019446080144695774,0.03181212879695621,standard normal at finite u_max,finite,0.12367784894342385,0.03235864143019964,0.030221300156849037,cv_cumulant,0.42971747042340985,0.046688485924896,8192,38345728,0.027991066574642398,3,8388608,0.4696524515748024,2,completed,128,20.0,0.019446080144695704,0.03181155514197043
4,993,185e953d57699e678314593985abe20c62d7d129,cuda,1.0,8,0.5,weak_mixture,0.816137889915381,16,0.014754857730261636,0.009317176831195775,0.008379973993461978,0.02950731923402905,0.013041949981485234,standard normal at finite u_max,finite,0.08802626061316694,0.014754857730261636,0.009317176831195779,cv_cumulant,0.48410953148866565,0.03218999135762232,8192,38345728,0.008379974117585814,3,33554432,1.8478255420923233,1,completed,512,20.0,0.029507319234029022,0.013041944564605296
4,1021,185e953d57699e678314593985abe20c62d7d129,cuda,1.0,8,0.5,weak_mixture,0.6952877885980061,16,0.020722774966857614,0.014821075408211377,0.012013730176545251,0.056385596768903604,0.02127331223274326,standard normal at finite u_max,finite,0.10925535653831327,0.020722774966857614,0.014821075408211365,cv_cumulant,0.49519667531739037,0.043604562002018295,8192,38345728,0.012013730176545355,3,134217728,7.390699952840805,0,completed,2048,20.0,0.056385596768903645,0.02127320379614909
4,1049,185e953d57699e678314593985abe20c62d7d129,cuda,1.0,8,0.5,weak_mixture,0.7862518544505629,16,0.02242208380210719,0.018508956034274195,0.014360534114615714,0.05104987886878852,0.022687148695186024,standard normal at finite u_max,finite,0.09766620177590296,0.02242208380210719,0.018508956034274195,cv_cumulant,0.4980534117313319,0.03428845801597024,8192,38345728,0.014360534114615763,3,134217728,7.362351030111313,4,completed,2048,20.0,0.051049878868788534,0.02268686172119333
4,1077,185e953d57699e678314593985abe20c62d7d129,cuda,1.0,1,0.5,weak_mixture,0.7471454827819969,64,0.015224086280930638,0.008308505302640129,0.008281182775345397,0.034019589715514,0.012347358496406112,standard normal at finite u_max,finite,0.008281182146522625,0.015224086280930638,0.008308505302640174,cv_cumulant,0.49767564629994127,0.0,8192,5312000,0.008281182146523403,1,8388608,0.4652058184146881,3,completed,128,20.0,0.03401958971551444,0.012345645807684298
4,1105,185e953d57699e678314593985abe20c62d7d129,cuda,1.0,1,0.5,weak_mixture,0.5181618567188772,64,0.11673030559767072,0.14925678616434437,0.060269907732268035,0.6932459200764185,0.14935971542743412,standard normal at finite u_max,finite,0.06026990836108903,0.11673030559767072,0.14925678616434435,cv_cumulant,0.45385590814748034,0.0,8192,5312000,0.06026990836108992,2,33554432,1.8431053757667542,2,completed,512,20.0,0.6932459200764185,0.14936199456207186
4,1133,185e953d57699e678314593985abe20c62d7d129,cuda,1.0,1,0.5,weak_mixture,0.730181076577931,64,0.01158671746769066,0.00536980965908854,0.0024628031660982597,0.04574336097174592,0.009757025818727224,standard normal at finite u_max,finite,0.0024628037949208648,0.01158671746769066,0.005369809659088487,cv_cumulant,0.49870590451573166,0.0,8192,5312000,0.002462803794919921,1,134217728,7.367126166820526,1,completed,2048,20.0,0.04574336097174614,0.009755177585464004
4,1161,185e953d57699e678314593985abe20c62d7d129,cuda,1.0,8,0.5,weak_mixture,0.9993509701475046,64,0.025637872148073462,0.02163367475930308,0.02096248954551074,0.034739629791167737,0.02555953747760477,standard normal at finite u_max,finite,0.10551603414311185,0.025637872148073462,0.021633674759303098,cv_cumulant,0.43751177521482304,0.030610456032554956,8192,38367232,0.020962489545510776,4,8388608,0.4710698649287224,0,completed,128,20.0,0.034739629791167084,0.025559717794635704
4,1189,185e953d57699e678314593985abe20c62d7d129,cuda,1.0,8,0.5,weak_mixture,0.9039017964660291,64,0.026513474958759404,0.022753616666660863,0.02001595276741492,0.04961967545204034,0.027522278986884086,standard normal at finite u_max,finite,0.11968333580509691,0.026513474958759404,0.022753616666660845,cv_cumulant,0.3864056896946856,0.05451302905545183,8192,38367232,0.020015953081825626,4,8388608,0.473804347217083,4,completed,128,20.0,0.04961967545204021,0.027522463766977034
4,1217,185e953d57699e678314593985abe20c62d7d129,cuda,1.0,8,0.5,weak_mixture,0.9456952047844698,64,0.020030177261231276,0.017322903901967446,0.012433157233311579,0.04439423346492792,0.019860007646820436,standard normal at finite u_max,finite,0.10240002494183294,0.020030177261231276,0.017322903901967432,cv_cumulant,0.48372746244359005,0.0458877664141574,8192,38367232,0.012433157233311572,4,33554432,1.853451944887638,3,completed,512,20.0,0.04439423346492785,0.019859765392280057
4,1245,185e953d57699e678314593985abe20c62d7d129,cuda,1.0,8,0.5,weak_mixture,0.9108838705592188,64,0.026830993506808634,0.021120169936781702,0.018521813996778116,0.06074065950908997,0.027729830964351748,standard normal at finite u_max,finite,0.10510805175383367,0.026830993506808634,0.021120169936781695,cv_cumulant,0.49626910175677125,0.03499847009427701,8192,38367232,0.01852181368236728,4,134217728,7.386190310120583,2,completed,2048,20.0,0.060740659509089995,0.02772965743217219
4,14,185e953d57699e678314593985abe20c62d7d129,cuda,1.0,1,0.5,gaussian,0.9666988141984248,16,0.04378752191179658,0.019981615626184945,0.002768782571121342,0.15355236100700642,0.022175995966763253,standard normal at finite u_max,finite,0.0027687880531838834,0.04378752191179658,0.019981615626184834,full,0.2552625513134255,0.0,8192,10948608,0.0027687880531840348,10,16777216,0.16710394620895386,2,completed,128,20.0,0.1535523610070063,0.022176117343172125
4,42,185e953d57699e678314593985abe20c62d7d129,cuda,1.0,1,0.5,gaussian,0.9645421904592687,16,0.03538123656261888,0.022829251128923866,0.003201894436323016,0.08095371128300966,0.022935594247555462,standard normal at finite u_max,finite,0.003201899918385487,0.03538123656261888,0.02282925112892409,full,0.41602997653535007,0.0,8192,10948608,0.003201899918386153,11,67108864,0.6168386191129684,1,completed,512,20.0,0.0809537112830091,0.02293552727580583
4,70,185e953d57699e678314593985abe20c62d7d129,cuda,1.0,1,0.5,gaussian,0.9746111436102467,16,0.034581272519020795,0.016725666263764705,0.00204261909349035,0.11436317278327279,0.017690850700343333,standard normal at finite u_max,finite,0.0020426245755518382,0.034581272519020795,0.01672566626376426,full,0.4877831441607301,0.0,8192,10948608,0.0020426245755525985,9,268435456,2.4188362807035446,0,completed,2048,20.0,0.11436317278327313,0.017690967464305714
4,98,185e953d57699e678314593985abe20c62d7d129,cuda,1.0,1,0.5,gaussian,0.6015372168736782,16,0.03797149826262575,0.014114473687884654,0.004514158070447527,0.03345087162343907,0.016649426526007094,standard normal at finite u_max,finite,0.004514152588385736,0.03797149826262575,0.014114473687884654,full,0.4902162246117453,0.0,8192,10948608,0.004514152588384834,9,268435456,2.4145118966698647,4,completed,2048,20.0,0.03345087162343874,0.01665037396847741
4,126,185e953d57699e678314593985abe20c62d7d129,cuda,1.0,8,0.5,gaussian,0.919921860009888,16,0.0685228861084336,0.03260888969600398,0.0019626361010933735,0.11796497244365692,0.03473091610368123,standard normal at finite u_max,finite,0.01622910559147961,0.0685228861084336,0.03260888969600431,full,0.03512583073112813,0.0561469027092749,8192,85731328,0.0019626415831564964,18,16777216,0.21240045502781868,3,completed,128,20.0,0.11796497244365656,0.03472983915621866
4,154,185e953d57699e678314593985abe20c62d7d129,cuda,1.0,8,0.5,gaussian,0.5078541877371798,16,0.08439793667039343,0.04259368705713033,0.002396389952174463,0.10049048588439591,0.04465450719311317,standard normal at finite u_max,finite,0.017552633177372098,0.08439793667039344,0.042593687057130625,full,0.35997844412092384,0.09079069555654247,8192,85731328,0.002396394063721774,22,67108864,0.7733483836054802,2,completed,512,20.0,0.10049048588439567,0.04465429040604006
4,182,185e953d57699e678314593985abe20c62d7d129,cuda,1.0,8,0.5,gaussian,0.9245888688768552,16,0.0836067611684792,0.04195168850468531,0.002613911264924662,0.139833444949892,0.04369182500218299,standard normal at finite u_max,finite,0.020626104349199762,0.0836067611684792,0.041951688504684975,full,0.4731223131460528,0.04254113356934203,8192,85731328,0.002613916746986883,21,268435456,2.972435362637043,1,completed,2048,20.0,0.13983344494989233,0.043691786473264195
4,210,185e953d57699e678314593985abe20c62d7d129,cuda,1.0,1,0.5,gaussian,0.949442789855524,64,0.05476288488168721,0.014083117253145594,1.3000392207196398e-08,0.13995230149526305,0.014681691148848597,standard normal at finite u_max,infinite,1.3000722942635434e-08,0.05476288488168721,0.014083117253145927,full,0.00012207420743076683,0.0,8192,42406912,1.3000722942635434e-08,38,67108864,0.16952529549598694,0,completed,128,20.0,0.1399523014952626,0.014682675614914917
4,238,185e953d57699e678314593985abe20c62d7d129,cuda,1.0,1,0.5,gaussian,0.9192470489822634,64,0.04214305497485121,0.010653529727807642,1.3000392207196398e-08,0.0675310449343075,0.01073253007158648,standard normal at finite u_max,infinite,1.3000723386724644e-08,0.04214305497485121,0.01065352972780731,full,0.0003293020877275093,0.0,8192,42406912,1.3000722054457015e-08,40,67108864,0.170235775411129,4,completed,128,20.0,0.06753104493430784,0.010731185518727412
4,266,185e953d57699e678314593985abe20c62d7d129,cuda,1.0,1,0.5,gaussian,0.6140904626961929,64,0.06846795579880238,0.0164458196147641,1.3000392207196398e-08,0.09861984639062138,0.017172703649550335,standard normal at finite u_max,finite,1.3000724496947669e-08,0.06846795579880238,0.01644581961476388,full,0.2036170114117603,0.0,8192,42406912,1.3000722165479317e-08,40,268435456,0.6191536150872707,3,completed,512,20.0,0.09861984639062138,0.017172332227509413
4,294,185e953d57699e678314593985abe20c62d7d129,cuda,1.0,1,0.5,gaussian,0.9455588943175905,64,0.06648791654832692,0.017203033259677314,1.3000392207196398e-08,0.16122840663164162,0.017584161450033952,standard normal at finite u_max,finite,1.3000722942635434e-08,0.06648791654832692,0.017203033259677203,full,0.39553821945870465,0.0,8192,42406912,1.3000722387523922e-08,41,1073741824,2.4262920543551445,2,completed,2048,20.0,0.16122840663164173,0.017584751762525542
4,322,185e953d57699e678314593985abe20c62d7d129,cuda,1.0,8,0.5,gaussian,0.6498193296289446,64,0.08787980363611717,0.021186396612207184,1.3000392415363216e-08,0.1463353746915045,0.022319476480883282,standard normal at finite u_max,infinite,1.0400577573472772e-07,0.08787980363611717,0.02118639661220713,full,0.0001221674678314705,0.05315332654514042,8192,337420288,1.300072227650162e-08,44,67108864,0.5145224370062351,1,completed,128,20.0,0.1463353746915047,0.022320590169000922
4,350,185e953d57699e678314593985abe20c62d7d129,cuda,1.0,8,0.5,gaussian,0.6606501767410249,64,0.04401941843438208,0.0067056823592077375,1.3000392415363216e-08,0.19679396134348373,0.01160807539512981,standard normal at finite u_max,finite,1.0400577301468131e-07,0.04401941843438208,0.0067056823592079595,full,0.07798775354116305,0.03549863347222081,8192,337420288,1.3000722942635434e-08,83,268435456,1.938072968274355,0,completed,512,20.0,0.19679396134348343,0.011608554138527743
4,378,185e953d57699e678314593985abe20c62d7d129,cuda,1.0,8,0.5,gaussian,0.9633039244917703,64,0.05882178747301743,0.01054462724435562,1.3000392415363216e-08,0.22233135506517765,0.01490380454293284,standard normal at finite u_max,finite,1.0400577562370542e-07,0.05882178747301743,0.010544627244355481,full,0.10067738040093255,0.042403835561632595,8192,337420288,1.300072227650162e-08,82,268435456,1.9440001286566257,4,completed,512,20.0,0.2223313550651778,0.01490425817465239
4,406,185e953d57699e678314593985abe20c62d7d129,cuda,1.0,8,0.5,gaussian,0.9535959257217745,64,0.04647369771120761,0.006331535423703516,1.3000392415363216e-08,0.2138583542271404,0.012183592676879516,standard normal at finite u_max,finite,1.0400577562370542e-07,0.046473697711207615,0.006331535423703488,full,0.2896989396587369,0.03351399914613565,8192,337420288,1.3000722498546224e-08,94,1073741824,7.6236383356153965,3,completed,2048,20.0,0.2138583542271404,0.012183700999541277
4,434,185e953d57699e678314593985abe20c62d7d129,cuda,1.0,1,0.5,mixture,0.7509783752289081,16,0.01563473355934908,0.01258494322272928,0.0015368611196738824,0.00983333188855151,0.014569156276402876,standard normal at finite u_max,finite,0.0015368610606754096,0.01563473355934908,0.012584943222729156,full,0.4808365222907068,0.0,8192,10948608,0.0015368610606749655,1,16777216,0.1614966057240963,2,completed,128,20.0,0.00983333188855151,0.014568159131012748
4,462,185e953d57699e678314593985abe20c62d7d129,cuda,1.0,1,0.5,mixture,0.6943008193926997,16,0.0177107590235675,0.01221489103494866,0.007062353937723864,0.018589178100688053,0.02263879464896854,standard normal at finite u_max,finite,0.007062353878724614,0.0177107590235675,0.012214891034948522,full,0.48838111163693315,0.0,8192,10948608,0.007062353878725003,1,67108864,0.6137139685451984,1,completed,512,20.0,0.018589178100687942,0.022635804466275854
4,490,185e953d57699e678314593985abe20c62d7d129,cuda,1.0,1,0.5,mixture,0.9302889480697488,16,0.010119760571086212,0.007901040721323083,0.005651955193698488,0.00884385899010598,0.014438013852291041,standard normal at finite u_max,finite,0.005651955134699488,0.010119760571086212,0.007901040721322916,full,0.4979237010022151,0.0,8192,10948608,0.005651955134699738,1,268435456,2.4101376309990883,0,completed,2048,20.0,0.008843858990105646,0.014437818826943135
4,518,185e953d57699e678314593985abe20c62d7d129,cuda,1.0,1,0.5,mixture,0.9873878305356194,16,0.01910696470997908,0.0382456443448807,0.018389051362131648,0.02541843822630796,0.040567933317502206,standard normal at finite u_max,finite,0.018389051421131036,0.01910696470997908,0.038245644344880786,full,0.4971904105490366,0.0,8192,10948608,0.01838905142113062,2,268435456,2.411647979170084,4,completed,2048,20.0,0.02541843822630807,0.040570273539735247
4,546,185e953d57699e678314593985abe20c62d7d129,cuda,1.0,8,0.5,mixture,0.9524085590168239,16,0.10170042798235068,0.20940543763446917,0.08640919287311585,0.05019902409235796,0.21052004902241767,standard normal at finite u_max,finite,0.38665375659547563,0.10170042798235068,0.20940543763446934,full,0.3157234346309993,0.16380864816090066,8192,85731328,0.08640919290261553,6,16777216,0.20359793677926064,3,completed,128,20.0,0.050199024092357644,0.2105197897199193
4,574,185e953d57699e678314593985abe20c62d7d129,cuda,1.0,8,0.5,mixture,0.8757332109190894,16,0.044739256361532385,0.07787566512563873,0.03537960980725058,0.03497279006503948,0.0902538096427034,standard normal at finite u_max,finite,0.24516483161892955,0.044739256361532385,0.07787566512563876,full,0.4482016862638244,0.07737916500165536,8192,85731328,0.03537960982200036,5,67108864,0.7585511691868305,2,completed,512,20.0,0.03497279006503949,0.0902534988974027
4,602,185e953d57699e678314593985abe20c62d7d129,cuda,1.0,8,0.5,mixture,0.7946047837450725,16,0.044309065226749635,0.060180831692287905,0.026223747642089602,0.046128749221037726,0.07418894406130438,standard normal at finite u_max,finite,0.30808462219476795,0.044309065226749635,0.06018083169228794,full,0.4903944457965458,0.09829741737051809,8192,85731328,0.02622374767158965,6,268435456,2.971159625798464,1,completed,2048,20.0,0.0461287492210377,0.0741894775118522
4,630,185e953d57699e678314593985abe20c62d7d129,cuda,1.0,1,0.5,mixture,0.6709171067232053,64,0.6306213885884447,1.545963285610802,0.6305440924950156,0.6991395128829347,1.5459775030287322,standard normal at finite u_max,infinite,0.6305440924950172,0.6306213885884447,1.5459632856108019,full,0.00038339609681898896,0.0,8192,42406912,0.6305440924950181,22,67108864,0.16478992626070976,0,completed,128,20.0,0.6991395128829347,1.5459772662177138
4,658,185e953d57699e678314593985abe20c62d7d129,cuda,1.0,1,0.5,mixture,0.9715946847374843,64,0.13754095679171907,0.29393477635478066,0.11641397351350458,0.26237588125740696,0.29414986935704446,standard normal at finite u_max,infinite,0.1164139735135,0.13754095679171907,0.2939347763547806,full,0.00023395742935775348,0.0,8192,42406912,0.1164139735135021,22,67108864,0.16717341914772987,4,completed,128,20.0,0.26237588125740696,0.29414962167489245
4,686,185e953d57699e678314593985abe20c62d7d129,cuda,1.0,1,0.5,mixture,0.8829816165744905,64,0.03692747346143299,0.06391602774585553,0.026724678542469793,0.053192695551775415,0.06491995799861786,standard normal at finite u_max,finite,0.02672467854247315,0.03692747346143299,0.06391602774585559,full,0.27104419411204084,0.0,8192,42406912,0.026724678542472236,15,268435456,0.6159852482378483,3,completed,512,20.0,0.053192695551775415,0.06491894308803346
4,714,185e953d57699e678314593985abe20c62d7d129,cuda,1.0,1,0.5,mixture,0.9997419717368017,64,0.4903633639223086,1.0868044931823744,0.49031097533599227,0.3121804825676615,1.1071426817966845,standard normal at finite u_max,finite,0.4903109753359943,0.4903633639223086,1.086804493182374,full,0.47207788045049476,0.0,8192,42406912,0.4903109753359942,16,1073741824,2.4167927242815495,2,completed,2048,20.0,0.3121804825676623,1.1071430977408712
4,742,185e953d57699e678314593985abe20c62d7d129,cuda,1.0,8,0.5,mixture,0.9854419486973431,64,0.6063338125068214,1.4756348425660455,0.5974265564688819,0.9886044637405659,1.4758426106979352,standard normal at finite u_max,infinite,0.9996102019355385,0.6063338125068214,1.4756348425660444,full,0.00034635075543681677,0.030553091721031704,8192,337420288,0.5974265564688825,29,67108864,0.5040412656962872,1,completed,128,20.0,0.988604463740566,1.4758421485213518
4,770,185e953d57699e678314593985abe20c62d7d129,cuda,1.0,8,0.5,mixture,0.6403560655065165,64,0.1805817189067861,0.377247394402267,0.15219325476058415,0.32392974743716957,0.3879988184910372,standard normal at finite u_max,finite,0.9203885266420848,0.1805817189067861,0.37724739440226696,full,0.2080937027486914,0.640101637823427,8192,337420288,0.15219325476058532,35,268435456,1.9301129095256329,0,completed,512,20.0,0.3239297474371693,0.3879978941357993
4,798,185e953d57699e678314593985abe20c62d7d129,cuda,1.0,8,0.5,mixture,0.9667532799050378,64,0.5082287257299316,1.2248981862487929,0.4980640278364453,0.9794500368278586,1.2251346095451907,standard normal at finite u_max,finite,0.9932700914786403,0.5082287257299316,1.2248981862487924,full,0.1082455615983244,0.2244163315059435,8192,337420288,0.498064027836445,36,268435456,1.920927669852972,4,completed,512,20.0,0.9794500368278587,1.2251347939161483
4,826,185e953d57699e678314593985abe20c62d7d129,cuda,1.0,8,0.5,mixture,0.9510991135092992,64,0.2978179308160053,0.6933364525185208,0.2784191166886544,0.6614903537672395,0.6951948466815132,standard normal at finite u_max,finite,0.9363866552218749,0.2978179308160053,0.6933364525185202,full,0.42550847050448587,0.36812398168623683,8192,337420288,0.2784191166886524,36,1073741824,7.60657175630331,3,completed,2048,20.0,0.6614903537672399,0.6951939688663826
4,854,185e953d57699e678314593985abe20c62d7d129,cuda,1.0,1,0.5,weak_mixture,0.9774089939604323,16,0.009907859160051768,0.0027414715798801167,0.005610344560249558,0.02407457490495346,0.008607152259545127,standard normal at finite u_max,finite,0.005610344063753991,0.009907859160051768,0.0027414715798800855,full,0.488016515763263,0.0,8192,10948608,0.005610344063754713,1,16777216,0.16209972277283669,2,completed,128,20.0,0.024074574904954127,0.008605570893891577
4,882,185e953d57699e678314593985abe20c62d7d129,cuda,1.0,1,0.5,weak_mixture,0.8716567844281773,16,0.018986792602103675,0.016362984523787354,0.017691952959185575,0.01428411129858076,0.017212941776573697,standard normal at finite u_max,finite,0.017691953455680254,0.018986792602103675,0.0163629845237874,full,0.4956868646777484,0.0,8192,10948608,0.017691953455680975,1,67108864,0.6146791875362396,1,completed,512,20.0,0.014284111298580648,0.017211614635742865
4,910,185e953d57699e678314593985abe20c62d7d129,cuda,1.0,1,0.5,weak_mixture,0.8663286157987367,16,0.016776400489084464,0.01906478996664121,0.011722992764496287,0.047731862580375095,0.01938598823685296,standard normal at finite u_max,finite,0.011722993260991937,0.016776400489084464,0.019064789966641245,full,0.4967412737530316,0.0,8192,10948608,0.011722993260991466,1,268435456,2.4386640153825283,0,completed,2048,20.0,0.04773186258037487,0.019385650828033757
4,938,185e953d57699e678314593985abe20c62d7d129,cuda,1.0,1,0.5,weak_mixture,0.8034841634355104,16,0.029031805248602383,0.03095698409662151,0.018962372589659715,0.06738148979011394,0.031023591296305407,standard normal at finite u_max,finite,0.018962372093163732,0.029031805248602383,0.030956984096621475,full,0.4949037156583383,0.0,8192,10948608,0.018962372093164537,1,268435456,2.422073867172003,4,completed,2048,20.0,0.06738148979011394,0.031024222411315527
4,966,185e953d57699e678314593985abe20c62d7d129,cuda,1.0,8,0.5,weak_mixture,0.9560880142228372,16,0.024603155141924425,0.022078618433968123,0.017312489651899646,0.03301577987077037,0.02342563212606272,standard normal at finite u_max,finite,0.10640122584119381,0.024603155141924425,0.0220786184339681,full,0.4083642403093143,0.03290842123447347,8192,85731328,0.017312489651899576,3,16777216,0.19973989948630333,3,completed,128,20.0,0.03301577987077044,0.02342579516594799
4,994,185e953d57699e678314593985abe20c62d7d129,cuda,1.0,8,0.5,weak_mixture,0.5991029263476306,16,0.020569032844673707,0.017268379226390386,0.014007986757268595,0.04016605151141872,0.019680163149888637,standard normal at finite u_max,finite,0.1033790547744477,0.020569032844673707,0.017268379226390372,full,0.48307351998546266,0.04157776817172006,8192,85731328,0.014007986509020916,3,67108864,0.7606014236807823,2,completed,512,20.0,0.04016605151141872,0.019680450048858197
4,1022,185e953d57699e678314593985abe20c62d7d129,cuda,1.0,8,0.5,weak_mixture,0.8097674597510135,16,0.014483277874974672,0.006216000097046578,0.00658297621768069,0.047394845958969645,0.012453499873868613,standard normal at finite u_max,finite,0.0860026250195525,0.014483277874974672,0.0062160000970465715,full,0.49601310218842815,0.029176143917878174,8192,85731328,0.006582976093556889,3,268435456,2.9742301367223263,1,completed,2048,20.0,0.04739484595896977,0.012452854213631504
4,1050,185e953d57699e678314593985abe20c62d7d129,cuda,1.0,1,0.5,weak_mixture,0.690342379458523,64,0.008973480196628358,0.006405758601681855,0.0021941967227173675,0.022261237695407887,0.009148632539767856,standard normal at finite u_max,finite,0.0021941960938954563,0.008973480196628358,0.006405758601681903,full,0.4573347095422001,0.0,8192,42406912,0.002194196093895484,1,67108864,0.16002081334590912,0,completed,128,20.0,0.022261237695407665,0.009147462385962911
4,1078,185e953d57699e678314593985abe20c62d7d129,cuda,1.0,1,0.5,weak_mixture,0.9867288656576495,64,0.028908057803339604,0.01540318569792417,0.0018863380004351393,0.24376547730033704,0.03797524585151427,standard normal at finite u_max,finite,0.0018863386292568007,0.028908057803339604,0.015403185697924137,full,0.4884233569820506,0.0,8192,42406912,0.0018863386292572448,2,67108864,0.15920573845505714,4,completed,128,20.0,0.24376547730033749,0.0379746282542634
4,1106,185e953d57699e678314593985abe20c62d7d129,cuda,1.0,1,0.5,weak_mixture,0.6874754353519487,64,0.008443458723955688,0.001594125162447866,0.004437958970069489,0.03404996812020389,0.009276908738253594,standard normal at finite u_max,finite,0.004437958341246689,0.008443458723955688,0.0015941251624479076,full,0.4911331620789146,0.0,8192,42406912,0.004437958341247383,1,268435456,0.6084480620920658,3,completed,512,20.0,0.034049968120203555,0.009276746520660297
4,1134,185e953d57699e678314593985abe20c62d7d129,cuda,1.0,1,0.5,weak_mixture,0.5893084920457128,64,0.024677012567396073,0.029419863762212332,0.019891632346457744,0.012080143396741794,0.029454270157605003,standard normal at finite u_max,finite,0.019891632975278822,0.024677012567396073,0.02941986376221229,full,0.4963782403123532,0.0,8192,42406912,0.01989163297527974,1,1073741824,2.4096720665693283,2,completed,2048,20.0,0.012080143396741572,0.02945396385372083
4,1162,185e953d57699e678314593985abe20c62d7d129,cuda,1.0,8,0.5,weak_mixture,0.8043628067296303,64,0.034216491335622434,0.0298374089594519,0.028296683409999655,0.06351349422195782,0.03576996961352142,standard normal at finite u_max,finite,0.12664388148156913,0.034216491335622434,0.029837408959451923,full,0.42679911675459775,0.04482092323700834,8192,337420288,0.028296683567205057,4,67108864,0.4963880255818367,1,completed,128,20.0,0.0635134942219578,0.03576969562145996
4,1190,185e953d57699e678314593985abe20c62d7d129,cuda,1.0,8,0.5,weak_mixture,0.9092101400716432,64,0.018385052260643332,0.01342955205068745,0.010955615033093107,0.06124461098404051,0.017881107734194074,standard normal at finite u_max,finite,0.08716241090591506,0.018385052260643332,0.013429552050687452,full,0.48931252060093217,0.02971246564379451,8192,337420288,0.010955614875887643,4,268435456,1.9079348109662533,0,completed,512,20.0,0.06124461098404045,0.017880181865616223
4,1218,185e953d57699e678314593985abe20c62d7d129,cuda,1.0,8,0.5,weak_mixture,0.7538044790217419,64,0.02705971840937764,0.027432974518343856,0.018928792869451566,0.07096067322726919,0.030974448394147504,standard normal at finite u_max,finite,0.115038399215616,0.02705971840937764,0.027432974518343853,full,0.481255580487487,0.04763577470064231,8192,337420288,0.018928792869451573,4,268435456,1.9114366918802261,4,completed,512,20.0,0.07096067322726926,0.030974304969901098
4,1246,185e953d57699e678314593985abe20c62d7d129,cuda,1.0,8,0.5,weak_mixture,0.8104652432648931,64,0.0284442594446181,0.02698452759773846,0.0232510309669599,0.04972639873663444,0.028979567488061183,standard normal at finite u_max,finite,0.11210394161714152,0.0284442594446181,0.02698452759773845,full,0.4961284146491915,0.037131740491692114,8192,337420288,0.023251030809754512,4,1073741824,7.582127403467894,3,completed,2048,20.0,0.04972639873663451,0.02897926884630248
4,15,185e953d57699e678314593985abe20c62d7d129,cuda,1.0,1,0.5,gaussian,0.9999999999999984,16,0.11477818892873473,0.03976975802228788,0.003201894436323016,0.40224931225078764,0.05315845749047015,standard normal at finite u_max,finite,0.00320189991838582,0.11477818892873473,0.039769758022288104,unweighted,0.9999999999999987,0.0,8192,10948608,0.003201899918386153,0,16777216,0.16420839354395866,2,completed,128,20.0,0.4022493122507873,0.05315974652448433
4,43,185e953d57699e678314593985abe20c62d7d129,cuda,1.0,1,0.5,gaussian,0.9999999999999984,16,0.12370511868025078,0.03656900118049722,0.003079824123823016,0.4294706867826015,0.054465051113670365,standard normal at finite u_max,finite,0.0030798296058857644,0.12370511868025078,0.03656900118049744,unweighted,0.9999999999999987,0.0,8192,10948608,0.003079829605886153,0,67108864,0.6130120195448399,1,completed,512,20.0,0.42947068678260114,0.054464163312592774
4,71,185e953d57699e678314593985abe20c62d7d129,cuda,1.0,1,0.5,gaussian,0.9999999999999984,16,0.12037198427916915,0.03714868887277678,0.003079824123823016,0.4364920659029996,0.05573172051845836,standard normal at finite u_max,finite,0.0030798296058857644,0.12037198427916915,0.037148688872777,unweighted,0.9999999999999987,0.0,8192,10948608,0.003079829605886153,0,268435456,2.4208797849714756,0,completed,2048,20.0,0.43649206590299927,0.05572965906478609
4,99,185e953d57699e678314593985abe20c62d7d129,cuda,1.0,1,0.5,gaussian,0.9999999999999984,16,0.13185420641991416,0.042259657208124635,0.003201894436323016,0.4440618126562257,0.05944444941820179,standard normal at finite u_max,finite,0.00320189991838582,0.13185420641991416,0.04225965720812486,unweighted,0.9999999999999987,0.0,8192,10948608,0.003201899918386153,0,268435456,2.421098217368126,4,completed,2048,20.0,0.44406181265622546,0.05944605823309013
4,127,185e953d57699e678314593985abe20c62d7d129,cuda,1.0,8,0.5,gaussian,0.9999999999999984,16,0.11516223438521303,0.03857330123049185,0.0030950829128858492,0.4004897396558189,0.0525396763473951,standard normal at finite u_max,finite,0.024475477532887167,0.11516223438521303,0.038573301230492185,unweighted,0.9999999999999987,0.011603937834778918,8192,85731328,0.0030950883949489305,0,16777216,0.21118956804275513,3,completed,128,20.0,0.40048973965581874,0.05253935882061948
4,155,185e953d57699e678314593985abe20c62d7d129,cuda,1.0,8,0.5,gaussian,0.9999999999999984,16,0.12478382770276103,0.03903985628806489,0.0031561180691358492,0.43832076446515145,0.056577788630891364,standard normal at finite u_max,finite,0.024963758782887167,0.12478382770276103,0.03903985628806522,unweighted,0.9999999999999987,0.010638794251757953,8192,85731328,0.0031561235511989305,0,67108864,0.7736686579883099,2,completed,512,20.0,0.43832076446515117,0.05657759712732773
4,183,185e953d57699e678314593985abe20c62d7d129,cuda,1.0,8,0.5,gaussian,0.9999999999999984,16,0.12817446713730055,0.03999476552066196,0.0031408592800733492,0.44744251445635097,0.05801799118335634,standard normal at finite u_max,finite,0.024841688470387167,0.12817446713730057,0.03999476552066229,unweighted,0.9999999999999987,0.009240814070695696,8192,85731328,0.0031408647621364305,0,268435456,3.0392131097614765,1,completed,2048,20.0,0.44744251445635086,0.05801802996270316
4,211,185e953d57699e678314593985abe20c62d7d129,cuda,1.0,1,0.5,gaussian,0.9999999999999984,64,0.08425430892729716,0.009746011910283459,1.3000392207196398e-08,0.3835975832032298,0.021797820083063163,standard normal at finite u_max,finite,1.3000722609568527e-08,0.08425430892729716,0.009746011910283792,unweighted,0.9999999999999987,0.0,8192,42406912,1.3000722942635434e-08,0,67108864,0.1628100350499153,0,completed,128,20.0,0.38359758320322945,0.021798305610655454
4,239,185e953d57699e678314593985abe20c62d7d129,cuda,1.0,1,0.5,gaussian,0.9999999999999984,64,0.08814729745915106,0.010823743948171316,1.3000392207196398e-08,0.38633907789402455,0.022288204632389428,standard normal at finite u_max,finite,1.3000722609568527e-08,0.08814729745915106,0.010823743948171649,unweighted,0.9999999999999987,0.0,8192,42406912,1.3000722942635434e-08,0,67108864,0.15994937345385551,4,completed,128,20.0,0.3863390778940242,0.02228856871509423
4,267,185e953d57699e678314593985abe20c62d7d129,cuda,1.0,1,0.5,gaussian,0.9999999999999984,64,0.10188416207442466,0.009225775145192516,1.3000392207196398e-08,0.4664966514934721,0.026509018378118046,standard normal at finite u_max,finite,1.3000722609568527e-08,0.10188416207442466,0.00922577514519285,unweighted,0.9999999999999987,0.0,8192,42406912,1.3000722942635434e-08,0,268435456,0.6107958666980267,3,completed,512,20.0,0.46649665149347175,0.026510839187220938
4,295,185e953d57699e678314593985abe20c62d7d129,cuda,1.0,1,0.5,gaussian,0.9999999999999984,64,0.10855100517570639,0.010916882270187611,1.3000392207196398e-08,0.47906726621019724,0.02793008432927189,standard normal at finite u_max,finite,1.3000722609568527e-08,0.10855100517570639,0.010916882270187944,unweighted,0.9999999999999987,0.0,8192,42406912,1.3000722942635434e-08,0,1073741824,2.480562712997198,2,completed,2048,20.0,0.4790672662101968,0.027926352973632385
4,323,185e953d57699e678314593985abe20c62d7d129,cuda,1.0,8,0.5,gaussian,0.9999999999999984,64,0.08445081905010698,0.010013742022083938,1.3000392415363216e-08,0.379200240327794,0.02175682353460887,standard normal at finite u_max,finite,1.0400577529063851e-07,0.08445081905010698,0.010013742022084243,unweighted,0.9999999999999987,0.011808699799241039,8192,337420288,1.3000722942635434e-08,0,67108864,0.5010913722217083,1,completed,128,20.0,0.37920024032779365,0.021757415481352394
4,351,185e953d57699e678314593985abe20c62d7d129,cuda,1.0,8,0.5,gaussian,0.9999999999999984,64,0.10262160216581735,0.010208696619997598,1.3000392415363216e-08,0.4656106818591969,0.02683959831583045,standard normal at finite u_max,finite,1.0400577529063851e-07,0.10262160216581737,0.010208696619997903,unweighted,0.9999999999999987,0.011304463049573697,8192,337420288,1.3000722942635434e-08,0,268435456,1.9189390763640404,0,completed,512,20.0,0.46561068185919674,0.02683934502735435
4,379,185e953d57699e678314593985abe20c62d7d129,cuda,1.0,8,0.5,gaussian,0.9999999999999984,64,0.10037726814298166,0.009889862724793669,1.3000392415363216e-08,0.4599664975219506,0.026390781048774032,standard normal at finite u_max,finite,1.0400577529063851e-07,0.10037726814298165,0.009889862724793974,unweighted,0.9999999999999987,0.011110362523999303,8192,337420288,1.3000722942635434e-08,0,268435456,1.9290696531534195,4,completed,512,20.0,0.4599664975219504,0.02639129371295835
4,407,185e953d57699e678314593985abe20c62d7d129,cuda,1.0,8,0.5,gaussian,0.9999999999999984,64,0.10718867728224722,0.010297983145180697,1.3000392415363216e-08,0.4824101510362505,0.02783616461123062,standard normal at finite u_max,finite,1.0400577529063851e-07,0.10718867728224721,0.010297983145181003,unweighted,0.9999999999999987,0.009863574039969611,8192,337420288,1.3000722942635434e-08,0,1073741824,7.611323140561581,3,completed,2048,20.0,0.4824101510362503,0.02783625243100462
4,435,185e953d57699e678314593985abe20c62d7d129,cuda,1.0,1,0.5,mixture,0.9999999999999984,16,0.05358059710051921,0.06163141543380033,0.028494449357555462,0.043477788798135464,0.07841244921690677,standard normal at finite u_max,finite,0.028494449298556462,0.05358059710051921,0.061631415433800164,unweighted,0.9999999999999987,0.0,8192,10948608,0.028494449298556712,0,16777216,0.15721500292420387,2,completed,128,20.0,0.04347778879813613,0.07841405950529051
4,463,185e953d57699e678314593985abe20c62d7d129,cuda,1.0,1,0.5,mixture,0.9999999999999984,16,0.0734554074166861,0.09244474062866659,0.04314288685755546,0.055948706929987546,0.10944033165551503,standard normal at finite u_max,finite,0.04314288679855646,0.0734554074166861,0.09244474062866644,unweighted,0.9999999999999987,0.0,8192,10948608,0.04314288679855671,0,67108864,0.6121952272951603,1,completed,512,20.0,0.05594870692998821,0.10944118915263842
4,491,185e953d57699e678314593985abe20c62d7d129,cuda,1.0,1,0.5,mixture,0.9999999999999984,16,0.07270633771956336,0.07898376643266022,0.03642901967005546,0.06213770046815581,0.09986039349172832,standard normal at finite u_max,finite,0.03642901961105646,0.07270633771956336,0.07898376643266006,unweighted,0.9999999999999987,0.0,8192,10948608,0.03642901961105671,0,268435456,2.4191837571561337,0,completed,2048,20.0,0.062137700468156476,0.09986197986915826
4,519,185e953d57699e678314593985abe20c62d7d129,cuda,1.0,1,0.5,mixture,0.9999999999999984,16,0.07287658368377203,0.08893181480490013,0.03752765248255546,0.04748285611352565,0.10140702468804226,standard normal at finite u_max,finite,0.03752765242355646,0.07287658368377203,0.08893181480489998,unweighted,0.9999999999999987,0.0,8192,10948608,0.03752765242355671,0,268435456,2.4214090034365654,4,completed,2048,20.0,0.04748285611352632,0.10140741148889774
4,547,185e953d57699e678314593985abe20c62d7d129,cuda,1.0,8,0.5,mixture,0.9999999999999984,16,0.05891208452811397,0.07521877520541373,0.03421651063613965,0.045513476269147646,0.09012230588898301,standard normal at finite u_max,finite,0.10282607055056153,0.05891208452811397,0.07521877520541363,unweighted,0.9999999999999987,0.010774388833254203,8192,85731328,0.034216510577140063,0,16777216,0.20655972510576248,3,completed,128,20.0,0.04551347626914809,0.09012257483635594
4,575,185e953d57699e678314593985abe20c62d7d129,cuda,1.0,8,0.5,mixture,0.9999999999999984,16,0.06767417950372727,0.07604960883896712,0.03472005067520215,0.05141664575900379,0.09533889589728456,standard normal at finite u_max,finite,0.10317072635892613,0.06767417950372727,0.07604960883896703,unweighted,0.9999999999999987,0.010642144869449493,8192,85731328,0.03472005061620256,0,67108864,0.7755635492503643,2,completed,512,20.0,0.05141664575900423,0.09533909716961989
4,603,185e953d57699e678314593985abe20c62d7d129,cuda,1.0,8,0.5,mixture,0.9999999999999984,16,0.06979958024706764,0.07674712467169467,0.03439961610488965,0.05194637737548927,0.09697628986936556,standard normal at finite u_max,finite,0.1011705654385881,0.06979958024706764,0.07674712467169457,unweighted,0.9999999999999987,0.010676130906735169,8192,85731328,0.034399616045890063,0,268435456,3.0211810544133186,1,completed,2048,20.0,0.051946377375489766,0.09697648721796318
4,631,185e953d57699e678314593985abe20c62d7d129,cuda,1.0,1,0.5,mixture,0.9999999999999984,64,0.17555275009592364,0.3806921337097021,0.1566451051252638,0.20582663141357171,0.3814246278883284,standard normal at finite u_max,finite,0.15664510512526617,0.17555275009592364,0.3806921337097022,unweighted,0.9999999999999987,0.0,8192,42406912,0.15664510512526636,0,67108864,0.16161559894680977,0,completed,128,20.0,0.20582663141357216,0.38142349321794433
4,659,185e953d57699e678314593985abe20c62d7d129,cuda,1.0,1,0.5,mixture,0.9999999999999984,64,0.18113491675092197,0.40281521447871893,0.1650679566877638,0.20674285492454492,0.4035684526064024,standard normal at finite u_max,finite,0.16506795668776617,0.18113491675092197,0.40281521447871893,unweighted,0.9999999999999987,0.0,8192,42406912,0.16506795668776642,0,67108864,0.15893971920013428,4,completed,128,20.0,0.20674285492454558,0.4035695174399866
4,687,185e953d57699e678314593985abe20c62d7d129,cuda,1.0,1,0.5,mixture,0.9999999999999984,64,0.18421274744017468,0.3944948007977595,0.1625044801252638,0.20588756274695852,0.3957261167241417,standard normal at finite u_max,finite,0.16250448012526617,0.18421274744017468,0.3944948007977595,unweighted,0.9999999999999987,0.0,8192,42406912,0.16250448012526636,0,268435456,0.6144120655953884,3,completed,512,20.0,0.20588756274695919,0.3957256463816668
4,715,185e953d57699e678314593985abe20c62d7d129,cuda,1.0,1,0.5,mixture,0.9999999999999984,64,0.1963455433173843,0.4212743414413651,0.1723921754377638,0.21084166320926,0.42259048382089304,standard normal at finite u_max,finite,0.17239217543776617,0.1963455433173843,0.42127434144136516,unweighted,0.9999999999999987,0.0,8192,42406912,0.17239217543776642,0,1073741824,2.415060829371214,2,completed,2048,20.0,0.21084166320926045,0.422590145725553
4,743,185e953d57699e678314593985abe20c62d7d129,cuda,1.0,8,0.5,mixture,0.9999999999999984,64,0.18387345028172128,0.4082557450502302,0.1675856568830762,0.20661844543731,0.4088725883127219,standard normal at finite u_max,finite,0.3803049057589617,0.18387345028172128,0.4082557450502301,unweighted,0.9999999999999987,0.00989289977864514,8192,337420288,0.16758565688307892,0,67108864,0.489299226552248,1,completed,128,20.0,0.20661844543731056,0.4088729627909604
4,771,185e953d57699e678314593985abe20c62d7d129,cuda,1.0,8,0.5,mixture,0.9999999999999984,64,0.18710493934982403,0.4025737044745718,0.1652510621565137,0.2059091241886569,0.4039642554518099,standard normal at finite u_max,finite,0.3800245728261603,0.18710493934982403,0.4025737044745718,unweighted,0.9999999999999987,0.008752197699662343,8192,337420288,0.1652510621565164,0,268435456,1.926004622131586,0,completed,512,20.0,0.20590912418865745,0.40396438551266745
4,799,185e953d57699e678314593985abe20c62d7d129,cuda,1.0,8,0.5,mixture,0.9999999999999984,64,0.18617101030088157,0.40087607753928106,0.1647017457502637,0.20681575555457984,0.40218712543691554,standard normal at finite u_max,finite,0.3718329409844835,0.18617101030088157,0.400876077539281,unweighted,0.9999999999999987,0.012940828392758615,8192,337420288,0.16470174575026642,0,268435456,1.9196318946778774,4,completed,512,20.0,0.20681575555458043,0.40218699854905104
4,827,185e953d57699e678314593985abe20c62d7d129,cuda,1.0,8,0.5,mixture,0.9999999999999984,64,0.18939416673480713,0.4048679919966933,0.1661055543440137,0.20648440934819176,0.40635740859061337,standard normal at finite u_max,finite,0.38283219001366026,0.18939416673480713,0.4048679919966933,unweighted,0.9999999999999987,0.010018617720833468,8192,337420288,0.16610555434401642,0,1073741824,7.62685726583004,3,completed,2048,20.0,0.20648440934819234,0.4063578389286502
4,855,185e953d57699e678314593985abe20c62d7d129,cuda,1.0,1,0.5,weak_mixture,0.9999999999999984,16,0.04798635942163948,0.00017383665345018819,0.004112377392337829,0.2912191454936983,0.060795726143013123,standard normal at finite u_max,finite,0.004112376895842623,0.04798635942163948,0.00017383665345014655,unweighted,0.9999999999999987,0.0,8192,10948608,0.004112376895842429,0,16777216,0.1592266820371151,2,completed,128,20.0,0.291219145493698,0.06079545254602409
4,883,185e953d57699e678314593985abe20c62d7d129,cuda,1.0,1,0.5,weak_mixture,0.9999999999999984,16,0.05023278768319077,0.0016493084392546365,0.0021132085451621707,0.3151001479931177,0.06554675745743144,standard normal at finite u_max,finite,0.0021132090416573768,0.05023278768319077,0.0016493084392546781,unweighted,0.9999999999999987,0.0,8192,10948608,0.002113209041657571,0,67108864,0.6091836877167225,1,completed,512,20.0,0.3151001479931176,0.06554964827261273
4,911,185e953d57699e678314593985abe20c62d7d129,cuda,1.0,1,0.5,weak_mixture,0.9999999999999984,16,0.04791630962611711,0.004145690822684237,0.007774486767337829,0.31441992159056065,0.06649968540918032,standard normal at finite u_max,finite,0.007774486270842623,0.04791630962611711,0.004145690822684197,unweighted,0.9999999999999987,0.0,8192,10948608,0.007774486270842429,0,268435456,2.416681483387947,0,completed,2048,20.0,0.3144199215905604,0.06649925761439104
4,939,185e953d57699e678314593985abe20c62d7d129,cuda,1.0,1,0.5,weak_mixture,0.9999999999999984,16,0.061096348283238344,0.008371932887672486,0.006873950732662171,0.33684155584942144,0.07107126421094366,standard normal at finite u_max,finite,0.006873951229157377,0.061096348283238344,0.008371932887672533,unweighted,0.9999999999999987,0.0,8192,10948608,0.006873951229157571,0,268435456,2.421144776046276,4,completed,2048,20.0,0.3368415558494211,0.0710712807125766
4,967,185e953d57699e678314593985abe20c62d7d129,cuda,1.0,8,0.5,weak_mixture,0.9999999999999984,16,0.04824957678787427,0.00398527066824436,0.005828857421874986,0.30335282010259623,0.0626228132767329,standard normal at finite u_max,finite,0.07107673254920378,0.04824957678787427,0.003985270668244348,unweighted,0.9999999999999987,0.0098675479452635,8192,85731328,0.005828857421874972,0,16777216,0.20562677085399628,3,completed,128,20.0,0.30335282010259584,0.06262248528403755
4,995,185e953d57699e678314593985abe20c62d7d129,cuda,1.0,8,0.5,weak_mixture,0.9999999999999984,16,0.05230243257254372,0.002171009035895393,0.004123620874143558,0.32608023969644717,0.06885283036562741,standard normal at finite u_max,finite,0.06932498382902468,0.05230243257254372,0.0021710090358953733,unweighted,0.9999999999999987,0.012959651926104156,8192,85731328,0.004123621122391313,0,67108864,0.7738229632377625,2,completed,512,20.0,0.32608023969644684,0.06885259693955456
4,1023,185e953d57699e678314593985abe20c62d7d129,cuda,1.0,8,0.5,weak_mixture,0.9999999999999984,16,0.051396542541537873,0.003167708750222488,0.006214074975706016,0.3307377458686868,0.06901923948949744,standard normal at finite u_max,finite,0.06915320997089508,0.051396542541537873,0.003167708750222517,unweighted,0.9999999999999987,0.009127271045501607,8192,85731328,0.006214075223953869,0,268435456,3.0346806794404984,1,completed,2048,20.0,0.3307377458686865,0.06901951709940578
4,1051,185e953d57699e678314593985abe20c62d7d129,cuda,1.0,1,0.5,weak_mixture,0.9999999999999984,64,0.052179650857792054,0.0009672899920128691,0.002802671823480707,0.33408692040688037,0.06914803576450755,standard normal at finite u_max,finite,0.002802672452302618,0.052179650857792054,0.0009672899920129107,unweighted,0.9999999999999987,0.0,8192,42406912,0.0028026724523028124,0,67108864,0.15973525121808052,0,completed,128,20.0,0.33408692040688004,0.06914802896517337
4,1079,185e953d57699e678314593985abe20c62d7d129,cuda,1.0,1,0.5,weak_mixture,0.9999999999999984,64,0.04773044617472477,0.000521235230623399,0.002558531198480707,0.3074847701435166,0.06390547228770664,standard normal at finite u_max,finite,0.002558531827302618,0.04773044617472477,0.0005212352306234388,unweighted,0.9999999999999987,0.0,8192,42406912,0.0025585318273028124,0,67108864,0.15979858115315437,4,completed,128,20.0,0.3074847701435164,0.06390469860285893
4,1107,185e953d57699e678314593985abe20c62d7d129,cuda,1.0,1,0.5,weak_mixture,0.9999999999999984,64,0.053799661912607766,0.0036413523668180365,0.003544984426519293,0.3341722487484182,0.06776645602273348,standard normal at finite u_max,finite,0.003544983797697382,0.053799661912607766,0.003641352366818078,unweighted,0.9999999999999987,0.0,8192,42406912,0.0035449837976971876,0,268435456,0.6143397353589535,3,completed,512,20.0,0.334172248748418,0.0677669890452453
4,1135,185e953d57699e678314593985abe20c62d7d129,cuda,1.0,1,0.5,weak_mixture,0.9999999999999984,64,0.05636665165234522,0.0018465203155187612,0.002924742135980707,0.35499266188087264,0.07412493234376497,standard normal at finite u_max,finite,0.002924742764802618,0.05636665165234522,0.0018465203155187213,unweighted,0.9999999999999987,0.0,8192,42406912,0.0029247427648028124,0,1073741824,2.4320408813655376,2,completed,2048,20.0,0.3549926618808724,0.07412449183960292
4,1163,185e953d57699e678314593985abe20c62d7d129,cuda,1.0,8,0.5,weak_mixture,0.9999999999999984,64,0.052352708282329685,0.003885718682778032,0.005460173802365367,0.3238916733160176,0.06640036122474231,standard normal at finite u_max,finite,0.06741871827749962,0.052352708282329685,0.0038857186827780128,unweighted,0.9999999999999987,0.011908001973677937,8192,337420288,0.005460174116776351,0,67108864,0.4956969618797302,1,completed,128,20.0,0.32389167331601726,0.06639985875125726
4,1191,185e953d57699e678314593985abe20c62d7d129,cuda,1.0,8,0.5,weak_mixture,0.9999999999999984,64,0.05632365173525529,0.003742445741982972,0.0050469501566730995,0.3475656129438847,0.07167124415258441,standard normal at finite u_max,finite,0.07201940135801366,0.05632365173525529,0.003742445741982964,unweighted,0.9999999999999987,0.011411814812109924,8192,337420288,0.005046950628289526,0,268435456,1.9203739129006863,0,completed,512,20.0,0.3475656129438845,0.07167178977026864
4,1219,185e953d57699e678314593985abe20c62d7d129,cuda,1.0,8,0.5,weak_mixture,0.9999999999999984,64,0.05545878731397389,0.0037351093852661145,0.0059039150261827045,0.34380445771247437,0.07124467803122163,standard normal at finite u_max,finite,0.06715367464756608,0.05545878731397389,0.00373510938526613,unweighted,0.9999999999999987,0.008503017672615519,8192,337420288,0.00590391518338812,0,268435456,1.9207420498132706,4,completed,512,20.0,0.34380445771247414,0.07124490274412976
4,1247,185e953d57699e678314593985abe20c62d7d129,cuda,1.0,8,0.5,weak_mixture,0.9999999999999984,64,0.055347453751049255,0.0038788198872821288,0.005793394479730804,0.3495555843485992,0.07191718692607618,standard normal at finite u_max,finite,0.07927527001380838,0.055347453751049255,0.003878819887282117,unweighted,0.9999999999999987,0.011176057023608715,8192,337420288,0.005793395108552729,0,1073741824,7.62992250174284,3,completed,2048,20.0,0.34955558434859885,0.07191685302373277
4,16,185e953d57699e678314593985abe20c62d7d129,cuda,1.0,1,0.5,gaussian,0.9539173102921625,16,0.145136767391976,0.08229127325311136,0.003201894436323016,0.06334054043875936,0.08231625224668196,standard normal at finite u_max,infinite,0.003201899918385487,0.145136767391976,0.08229127325311114,naive,0.04498860056855315,0.0,8192,5179904,0.003201899918385487,18,4194304,0.2001292183995247,2,completed,128,20.0,0.06334054043875958,0.0823170385637261
4,44,185e953d57699e678314593985abe20c62d7d129,cuda,1.0,1,0.5,gaussian,0.9774445730859312,16,0.04625653759023218,0.025850638326964326,0.0028233729485742654,0.06451704344711073,0.02614290510429984,standard normal at finite u_max,infinite,0.0028233784306379915,0.04625653759023218,0.025850638326964104,naive,0.20216981061115255,0.0,8192,5179904,0.002823378430636736,12,16777216,0.7379573956131935,1,completed,512,20.0,0.06451704344711084,0.02614236414381096
4,72,185e953d57699e678314593985abe20c62d7d129,cuda,1.0,1,0.5,gaussian,0.9531765880104818,16,0.23763834256480565,0.1347702530875431,0.003201894436323016,0.06343861891218816,0.13487688849141594,standard normal at finite u_max,infinite,0.00320189991838582,0.23763834256480565,0.13477025308754298,naive,0.4294141213407026,0.0,8192,5179904,0.003201899918385709,11,67108864,2.9130603298544884,0,completed,2048,20.0,0.06343861891218805,0.13487706832863777
4,100,185e953d57699e678314593985abe20c62d7d129,cuda,1.0,1,0.5,gaussian,0.5027023652418205,16,0.26888571540951217,0.1582336665939329,0.0005313703343403642,0.15454828531665643,0.15835487049422065,standard normal at finite u_max,infinite,0.0005313758164042081,0.26888571540951217,0.15823366659393256,naive,0.48072677303491934,0.0,8192,5179904,0.0005313758164029458,10,67108864,2.9987722858786583,4,completed,2048,20.0,0.1545482853166562,0.15835374608051958
4,128,185e953d57699e678314593985abe20c62d7d129,cuda,1.0,8,0.5,gaussian,0.8319744966033821,16,0.10465272002961824,0.048210158955612176,0.0027602578841598863,0.2101481651199893,0.05543626971074368,standard normal at finite u_max,infinite,0.01914852501579138,0.10465272002961826,0.04821015895561219,naive,0.0005168793331107697,0.17063651144986947,8192,37755904,0.0027602619957070446,43,4194304,0.20587585866451263,3,completed,128,20.0,0.21014816511998918,0.05543638752285035
4,156,185e953d57699e678314593985abe20c62d7d129,cuda,1.0,8,0.5,gaussian,0.5503779987961842,16,0.1233272178660236,0.061964023103764726,0.0021318221455002007,0.1415401199091309,0.06332058596750473,standard normal at finite u_max,infinite,0.016811943871284207,0.12332721786602359,0.0619640231037646,naive,0.20151901617413637,0.05069376679395257,8192,37755904,0.0021318276275625603,42,16777216,0.7520841881632805,2,completed,512,20.0,0.141540119909131,0.063320933859771
4,184,185e953d57699e678314593985abe20c62d7d129,cuda,1.0,8,0.5,gaussian,0.6832588452466754,16,0.11703386155821073,0.05989039819274705,0.005896614405047684,0.19347334480757547,0.06465896550874331,standard normal at finite u_max,infinite,0.02920768409826944,0.11703386155821074,0.05989039819274708,naive,0.4596253238374756,0.08400278182309005,8192,37755904,0.005896618516594773,26,67108864,2.921824671328068,1,completed,2048,20.0,0.1934733448075754,0.06465970360893877
4,212,185e953d57699e678314593985abe20c62d7d129,cuda,1.0,1,0.5,gaussian,0.8919844409399803,64,0.12796842490617272,0.028543068724865672,1.3000392207196398e-08,0.17028468502407856,0.028566714961169092,standard normal at finite u_max,infinite,1.3000721499345502e-08,0.12796842490617272,0.02854306872486534,naive,0.0001220703125,0.0,8192,5180928,1.3000722054457015e-08,51,4194304,0.20388923585414886,0,completed,128,20.0,0.1702846850240789,0.02856715309697899
4,240,185e953d57699e678314593985abe20c62d7d129,cuda,1.0,1,0.5,gaussian,0.694497361554562,64,0.19379831095585676,0.05592446154310371,1.3000392207196398e-08,0.7193091650584422,0.05592595691136578,standard normal at finite u_max,infinite,1.3000723386724644e-08,0.19379831095585676,0.05592446154310382,naive,0.0001220703125,0.0,8192,5180928,1.300072272059083e-08,51,4194304,0.20533926784992218,4,completed,128,20.0,0.7193091650584429,0.055926236819421306
4,268,185e953d57699e678314593985abe20c62d7d129,cuda,1.0,1,0.5,gaussian,0.5580385833724765,64,0.14838564538339116,0.039513981018403865,1.3000392207196398e-08,0.08352422916022995,0.039556773022693156,standard normal at finite u_max,infinite,1.3000722498546224e-08,0.14838564538339116,0.0395139810184042,naive,0.00019189525860934195,0.0,8192,5180928,1.3000722942635434e-08,132,16777216,0.7737663835287094,3,completed,512,20.0,0.08352422916022939,0.039557462938721075
4,296,185e953d57699e678314593985abe20c62d7d129,cuda,1.0,1,0.5,gaussian,0.8674879080449969,64,0.1266557438532896,0.030376602668962693,1.3000392207196398e-08,0.10516993277078135,0.03042223775766755,standard normal at finite u_max,infinite,1.3000721554856653e-08,0.1266557438532896,0.030376602668962582,naive,0.15363238230958698,0.0,8192,5180928,1.3000722387523922e-08,81,67108864,2.925491325557232,2,completed,2048,20.0,0.10516993277078113,0.030422388529310947
4,324,185e953d57699e678314593985abe20c62d7d129,cuda,1.0,8,0.5,gaussian,0.00899984757163026,64,0.3962944594991683,0.07958255594438376,1.3000392415363216e-08,0.6498372189946522,0.08558828837061266,standard normal at finite u_max,infinite,1.0400577551268312e-07,0.3962944594991683,0.07958255594438382,naive,0.0001220703125,0.36482416126528744,8192,37777408,1.3000722387523922e-08,68,4194304,0.21691837161779404,1,completed,128,20.0,0.6498372189946523,0.08558806188168044
4,352,185e953d57699e678314593985abe20c62d7d129,cuda,1.0,8,0.5,gaussian,0.5238838142718226,64,0.1782399586113419,0.03573944870069637,1.3000392415363216e-08,0.43190841639422395,0.045037758663446927,standard normal at finite u_max,infinite,1.0400577606779463e-07,0.1782399586113419,0.03573944870069634,naive,0.00012240174063566498,0.13724151128293907,8192,37777408,1.3000722498546224e-08,228,16777216,0.8247751444578171,0,completed,512,20.0,0.43190841639422395,0.045037778377996926
4,380,185e953d57699e678314593985abe20c62d7d129,cuda,1.0,8,0.5,gaussian,0.5365720995492057,64,0.1857445477536421,0.032878548668725,1.3000392415363216e-08,0.5257789817877913,0.042940375993882576,standard normal at finite u_max,infinite,1.0400577695597305e-07,0.1857445477536421,0.03287854866872503,naive,0.00012207566245458804,0.18053375985747205,8192,37777408,1.300072272059083e-08,227,16777216,0.8237056136131287,4,completed,512,20.0,0.5257789817877911,0.042940740551711654
4,408,185e953d57699e678314593985abe20c62d7d129,cuda,1.0,8,0.5,gaussian,0.580177157964736,64,0.11317422407880753,0.023806589960959634,1.3000392415363216e-08,0.2944917242112868,0.027351460401805153,standard normal at finite u_max,infinite,1.0400577506859391e-07,0.11317422407880752,0.023806589960959607,naive,0.00034166893259378117,0.04819355801093649,8192,37777408,1.3000722498546224e-08,566,67108864,3.142732933163643,3,completed,2048,20.0,0.2944917242112868,0.027351880123991423
4,436,185e953d57699e678314593985abe20c62d7d129,cuda,1.0,1,0.5,mixture,0.9900702495466754,16,0.303984095121611,0.6218212072057288,0.24359114530938725,0.08976215466816195,0.6260985995817213,standard normal at finite u_max,infinite,0.24359114525038877,0.303984095121611,0.6218212072057286,naive,0.04073557577310206,0.0,8192,5179904,0.24359114525038827,13,4194304,0.19457422196865082,2,completed,128,20.0,0.08976215466816218,0.6260995922791268
4,464,185e953d57699e678314593985abe20c62d7d129,cuda,1.0,1,0.5,mixture,0.9049009985025577,16,0.21519332236302668,0.435170939620689,0.1694072477673783,0.15373282760093376,0.43993236480754927,standard normal at finite u_max,infinite,0.16940724770837878,0.21519332236302668,0.43517093962068887,naive,0.43488386594007195,0.0,8192,5179904,0.16940724770837956,4,16777216,0.7352452725172043,1,completed,512,20.0,0.15373282760093443,0.4399337924382921
4,492,185e953d57699e678314593985abe20c62d7d129,cuda,1.0,1,0.5,mixture,0.9836405437992407,16,0.15149946250476365,0.3030403048945304,0.1242459075317392,0.15892712901546902,0.3169991497057125,standard normal at finite u_max,infinite,0.124245907472741,0.15149946250476365,0.30304030489453027,naive,0.4959973893736,0.0,8192,5179904,0.12424590747274034,3,67108864,2.9001630917191505,0,completed,2048,20.0,0.15892712901546924,0.31699813778698077
4,520,185e953d57699e678314593985abe20c62d7d129,cuda,1.0,1,0.5,mixture,0.9706455185177291,16,0.16682368919017754,0.3254064955283934,0.13131534648871496,0.1591748858889841,0.3381140837136135,standard normal at finite u_max,infinite,0.13131534642971543,0.16682368919017754,0.3254064955283934,naive,0.4960085218274577,0.0,8192,5179904,0.13131534642971632,3,67108864,2.8956661596894264,4,completed,2048,20.0,0.15917488588898476,0.33811464162181987
4,548,185e953d57699e678314593985abe20c62d7d129,cuda,1.0,8,0.5,mixture,0.794034527784207,16,0.5798645478863736,1.2789059382309913,0.541878663287745,0.9673066529599215,1.297929872012175,standard normal at finite u_max,infinite,0.9981044435739697,0.5798645478863738,1.2789059382309909,naive,0.0001431889819134903,0.1911274049800181,8192,37755904,0.5418786632434951,27,4194304,0.20029976963996887,3,completed,128,20.0,0.9673066529599215,1.2979299441869299
4,576,185e953d57699e678314593985abe20c62d7d129,cuda,1.0,8,0.5,mixture,0.981391983260605,16,0.5450883819494762,1.234646221756574,0.48244057337326507,0.8042776612431446,1.2428404150221133,standard normal at finite u_max,infinite,0.9542176186701321,0.5450883819494763,1.2346462217565737,naive,0.10619465026239157,0.25231991411876104,8192,37755904,0.4824405733290148,35,16777216,0.7457537651062012,2,completed,512,20.0,0.8042776612431447,1.2428402161249212
4,604,185e953d57699e678314593985abe20c62d7d129,cuda,1.0,8,0.5,mixture,0.9696615753351484,16,0.1742844468683475,0.35455648519833527,0.14833823723037826,0.10779882072538526,0.3712402292756537,standard normal at finite u_max,infinite,0.5813854448982592,0.1742844468683475,0.3545564851983353,naive,0.4836643414890529,0.11838957648562952,8192,37755904,0.14833823717137878,10,67108864,2.904029242694378,1,completed,2048,20.0,0.10779882072538562,0.3712407296498242
4,632,185e953d57699e678314593985abe20c62d7d129,cuda,1.0,1,0.5,mixture,0.9275173760310822,64,0.30563273772121435,0.6268471393586741,0.3051468870622363,0.9922767305577984,0.7349642890134138,standard normal at finite u_max,infinite,0.3051468870622347,0.30563273772121435,0.6268471393586743,naive,0.0001221307970484022,0.0,8192,5180928,0.3051468870622338,41,4194304,0.20003168284893036,0,completed,128,20.0,0.9922767305577984,0.7349643347888895
4,660,185e953d57699e678314593985abe20c62d7d129,cuda,1.0,1,0.5,mixture,0.9213388564855529,64,0.6612983673059024,1.5163017498852016,0.6611918983959808,0.8609121171753896,1.5383462780118302,standard normal at finite u_max,infinite,0.6611918983959819,0.6612983673059024,1.5163017498852016,naive,0.00012214435235948805,0.0,8192,5180928,0.6611918983959832,41,4194304,0.20005453377962112,4,completed,128,20.0,0.8609121171753896,1.538343267049493
4,688,185e953d57699e678314593985abe20c62d7d129,cuda,1.0,1,0.5,mixture,0.9164544091714528,64,0.699309721991251,1.7375957948446232,0.6948531129377638,0.9897954102734844,1.7375960915001087,standard normal at finite u_max,infinite,0.694853112937764,0.699309721991251,1.7375957948446232,naive,0.00013789215180770053,0.0,8192,5180928,0.6948531129377662,123,16777216,0.7719159498810768,3,completed,512,20.0,0.9897954102734844,1.7375943107495293
4,716,185e953d57699e678314593985abe20c62d7d129,cuda,1.0,1,0.5,mixture,0.5851919491215934,64,0.7275756077370013,1.8057153681628066,0.6948531129377638,0.9904955988663556,1.805717441243452,standard normal at finite u_max,infinite,0.6948531129377665,0.7275756077370013,1.8057153681628066,naive,0.0025156309973840465,0.0,8192,5180928,0.6948531129377662,101,67108864,2.9254154562950134,2,completed,2048,20.0,0.9904955988663556,1.8057186455676448
4,744,185e953d57699e678314593985abe20c62d7d129,cuda,1.0,8,0.5,mixture,0.004784351776239053,64,0.48979200690694014,0.766382256044388,0.3538601652966773,0.9985350988960522,0.8908936487519804,standard normal at finite u_max,infinite,0.9761350792596941,0.48979200690694014,0.766382256044388,naive,0.0001220703125,0.4051655746535842,8192,37777408,0.3538601652966753,55,4194304,0.21361710131168365,1,completed,128,20.0,0.9985350988960522,0.890897058716251
4,772,185e953d57699e678314593985abe20c62d7d129,cuda,1.0,8,0.5,mixture,0.7999850769066628,64,0.7162179071470991,1.6781379641396619,0.6948531129377636,0.9958154623800294,1.6937547150188301,standard normal at finite u_max,infinite,0.9999248253264051,0.7162179071470991,1.6781379641396619,naive,0.0001220898182349918,0.2809869360345676,8192,37777408,0.6948531129377662,177,16777216,0.821668304502964,0,completed,512,20.0,0.9958154623800293,1.69375374739781
4,800,185e953d57699e678314593985abe20c62d7d129,cuda,1.0,8,0.5,mixture,0.8498274193067901,64,0.7114807358288177,1.6388636956835745,0.6948531129377636,0.9969827740215206,1.6653524779836009,standard normal at finite u_max,infinite,0.9999248253264069,0.7114807358288175,1.6388636956835745,naive,0.00012207496645331726,0.2437669461363284,8192,37777408,0.6948531129377662,176,16777216,0.8230621963739395,4,completed,512,20.0,0.9969827740215206,1.6653523502105636
4,828,185e953d57699e678314593985abe20c62d7d129,cuda,1.0,8,0.5,mixture,0.5999076312595019,64,0.65210954448774,1.5763856870494215,0.6461398347033228,0.9913073486425522,1.5843703894136845,standard normal at finite u_max,infinite,0.9998288189780843,0.6521095444877401,1.576385687049422,naive,0.0001314916447802714,0.08783192003264387,8192,37777408,0.6461398347033248,534,67108864,3.1212547346949577,3,completed,2048,20.0,0.9913073486425523,1.5843700382872576
4,856,185e953d57699e678314593985abe20c62d7d129,cuda,1.0,1,0.5,weak_mixture,0.5064212068690276,16,0.019145278837392074,0.001609149500820823,0.0067292600599517804,0.1535584677355013,0.025997818823985816,standard normal at finite u_max,infinite,0.006729260556446459,0.019145278837392074,0.001609149500820863,naive,0.49840877593856225,0.0,8192,5179904,0.00672926055644707,1,4194304,0.19099906831979752,2,completed,128,20.0,0.15355846773550152,0.02599880275349299
4,884,185e953d57699e678314593985abe20c62d7d129,cuda,1.0,1,0.5,weak_mixture,0.9972702370918348,16,0.009779244666209636,0.005386332096644335,0.0005159100135988526,0.01734998685007272,0.006693075155146153,standard normal at finite u_max,finite,0.0005159095171040629,0.009779244666209636,0.005386332096644299,naive,0.4976497360975981,0.0,8192,5179904,0.0005159095171037853,1,16777216,0.7333021312952042,1,completed,512,20.0,0.01734998685007294,0.006692608821358902
4,912,185e953d57699e678314593985abe20c62d7d129,cuda,1.0,1,0.5,weak_mixture,0.9237464181767446,16,0.012790793211333251,0.012348074621776565,0.0008324787394627942,0.04648455229913129,0.01348626977141617,standard normal at finite u_max,finite,0.0008324792359583888,0.012790793211333251,0.012348074621776598,naive,0.49803192208469593,0.0,8192,5179904,0.0008324792359578614,1,67108864,2.8903406262397766,0,completed,2048,20.0,0.046484552299131066,0.013486645229890085
4,940,185e953d57699e678314593985abe20c62d7d129,cuda,1.0,1,0.5,weak_mixture,0.9855701124604828,16,0.009893647362616775,0.004668246175217716,0.007477502348030907,0.015212412321371716,0.007407295951145632,standard normal at finite u_max,finite,0.007477501851535506,0.009893647362616775,0.004668246175217684,naive,0.498892143533311,0.0,8192,5179904,0.007477501851536061,1,67108864,2.89365067332983,4,completed,2048,20.0,0.015212412321372493,0.007406075609156676
4,968,185e953d57699e678314593985abe20c62d7d129,cuda,1.0,8,0.5,weak_mixture,0.6200224809226643,16,0.020852271593239834,0.01787713717807935,0.01634115262499125,0.03107771608735989,0.02082520271380945,standard normal at finite u_max,infinite,0.10028663473520838,0.020852271593239834,0.017877137178079344,naive,0.4049360591580407,0.03496557943388497,8192,37755904,0.01634115237674351,3,4194304,0.27117061614990234,3,completed,128,20.0,0.031077716087359805,0.020825559300532967
4,996,185e953d57699e678314593985abe20c62d7d129,cuda,1.0,8,0.5,weak_mixture,0.6247134060639515,16,0.025865877654492428,0.022333816073250863,0.018041892294301025,0.057161177621277204,0.025204831959800035,standard normal at finite u_max,finite,0.11583467282075446,0.025865877654492428,0.022333816073250863,naive,0.48433695702354546,0.04741242330758292,8192,37755904,0.018041892170177175,3,16777216,0.7520328015089035,2,completed,512,20.0,0.05716117762127719,0.02520525963281553
4,1024,185e953d57699e678314593985abe20c62d7d129,cuda,1.0,8,0.5,weak_mixture,0.938905270482426,16,0.04345324628272617,0.04264085618608756,0.030845199740213887,0.08591027611846923,0.04835190410616892,standard normal at finite u_max,finite,0.13132867625396577,0.04345324628272616,0.042640856186087574,naive,0.49177838311650224,0.06858220702336872,8192,37755904,0.030845199864337723,4,67108864,2.9799774885177612,1,completed,2048,20.0,0.08591027611846923,0.0483520115921219
4,1052,185e953d57699e678314593985abe20c62d7d129,cuda,1.0,1,0.5,weak_mixture,0.9305563341295695,64,0.07689880865107934,0.09679831326613483,0.04815584602897982,0.30904746809206785,0.0968048807067909,standard normal at finite u_max,infinite,0.04815584540015874,0.07689880865107934,0.09679831326613485,naive,0.4289042101422631,0.0,8192,5180928,0.04815584540015805,2,4194304,0.33868711441755295,0,completed,128,20.0,0.3090474680920674,0.09680414889184212
4,1080,185e953d57699e678314593985abe20c62d7d129,cuda,1.0,1,0.5,weak_mixture,0.596940429835079,64,0.01738680710658974,0.006058912015691843,0.002725437404909492,0.04013138920649473,0.013310833806986715,standard normal at finite u_max,infinite,0.0027254367760884413,0.01738680710658974,0.006058912015691894,naive,0.4740070489871652,0.0,8192,5180928,0.0027254367760877196,1,4194304,0.19009756296873093,4,completed,128,20.0,0.04013138920649428,0.013311490364226852
4,1108,185e953d57699e678314593985abe20c62d7d129,cuda,1.0,1,0.5,weak_mixture,0.5714578835324782,64,0.082218946746758,0.0929890888636643,0.06842804390375379,0.10698605517748905,0.09368688283319364,standard normal at finite u_max,infinite,0.06842804327493204,0.082218946746758,0.09298908886366436,naive,0.4349360915042434,0.0,8192,5180928,0.0684280432749319,2,16777216,0.7322212532162666,3,completed,512,20.0,0.10698605517748927,0.0936860456120066
4,1136,185e953d57699e678314593985abe20c62d7d129,cuda,1.0,1,0.5,weak_mixture,0.828518000193076,64,0.029680726050105077,0.03152280499755224,0.027309177755342917,0.0819201567777198,0.033068559889261606,standard normal at finite u_max,infinite,0.02730917712652109,0.029680726050105077,0.031522804997552285,naive,0.4984720593373951,0.0,8192,5180928,0.027309177126520923,1,67108864,2.9559865295886993,2,completed,2048,20.0,0.08192015677771958,0.03306836684151716
4,1164,185e953d57699e678314593985abe20c62d7d129,cuda,1.0,8,0.5,weak_mixture,0.7910682463195787,64,0.03743689109784998,0.03451241081210321,0.03311124041141785,0.02480362055486797,0.03587004544410757,standard normal at finite u_max,infinite,0.13577393129513893,0.03743689109784998,0.034512410812103246,naive,0.42906338732391275,0.035929641354558166,8192,37777408,0.03311123978259605,5,4194304,0.19589031487703323,1,completed,128,20.0,0.024803620554867845,0.035869709396960214
4,1192,185e953d57699e678314593985abe20c62d7d129,cuda,1.0,8,0.5,weak_mixture,0.6554385700215735,64,0.028219209268918445,0.02739218900054813,0.02077358954556007,0.03879432270127452,0.029328859024238974,standard normal at finite u_max,infinite,0.10445502043341973,0.028219209268918445,0.027392189000548132,naive,0.4671450478232156,0.03670460194674156,8192,37777408,0.020773589231149227,4,16777216,0.7571324706077576,0,completed,512,20.0,0.03879432270127449,0.029328628808701393
4,1220,185e953d57699e678314593985abe20c62d7d129,cuda,1.0,8,0.5,weak_mixture,0.5264346281223633,64,0.02520879212188095,0.017998293121741265,0.018772169655401565,0.06615766926592104,0.02213588502282735,standard normal at finite u_max,infinite,0.1141958731622476,0.02520879212188095,0.01799829312174129,naive,0.4845493830572201,0.03486589963181059,8192,37777408,0.018772169340990658,4,16777216,0.7535310238599777,4,completed,512,20.0,0.06615766926592101,0.02213632401451656
4,1248,185e953d57699e678314593985abe20c62d7d129,cuda,1.0,8,0.5,weak_mixture,0.8589014549392207,64,0.03766731569596571,0.03410430897409263,0.03067763789730761,0.052778037688193224,0.03566298994732218,standard normal at finite u_max,infinite,0.14156716969612237,0.03766731569596571,0.03410430897409264,naive,0.49555225837126987,0.05266307506200558,8192,37777408,0.03067763742569133,5,67108864,2.978923477232456,3,completed,2048,20.0,0.05277803768819339,0.03566268488421221
4,17,185e953d57699e678314593985abe20c62d7d129,cuda,1.0,1,0.5,gaussian,0.6056986562399658,16,0.09235805069400366,0.050365975509015115,0.0025158064933634705,0.07093108681620308,0.0504532117308344,standard normal at finite u_max,infinite,0.0025158119754282544,0.09235805069400366,0.05036597550901534,unbiased,0.06433158805557677,0.0,8192,5179904,0.0025158119754266073,16,4194304,0.20693866908550262,2,completed,128,20.0,0.07093108681620253,0.05045225650808039
4,45,185e953d57699e678314593985abe20c62d7d129,cuda,1.0,1,0.5,gaussian,0.7004954384299072,16,0.04771596013038748,0.02360469329113557,0.002876364798171549,0.07347798853610421,0.023870526338752293,standard normal at finite u_max,infinite,0.0028763702802346407,0.04771596013038748,0.02360469329113557,unbiased,0.43238142180563344,0.0,8192,5179904,0.0028763702802343527,10,16777216,0.7597982250154018,1,completed,512,20.0,0.07347798853610388,0.023870406034371613
4,73,185e953d57699e678314593985abe20c62d7d129,cuda,1.0,1,0.5,gaussian,0.604269020562132,16,0.04695589984315801,0.020735229703230607,0.003201894436323016,0.1296998135911187,0.023653901252861317,standard normal at finite u_max,infinite,0.003201899918386819,0.04695589984315801,0.020735229703230607,unbiased,0.4827259507602783,0.0,8192,5179904,0.003201899918385931,9,67108864,2.9801321551203728,0,completed,2048,20.0,0.12969981359111837,0.023656846362983736
4,101,185e953d57699e678314593985abe20c62d7d129,cuda,1.0,1,0.5,gaussian,0.5979235157789854,16,0.05232526359174891,0.026589637183379033,0.004208757336887303,0.21915738073935143,0.026895929067626174,standard normal at finite u_max,infinite,0.004208751854825639,0.05232526359174891,0.026589637183378922,unbiased,0.4777227421882227,0.0,8192,5179904,0.0042087518548242775,10,67108864,2.9756488911807537,4,completed,2048,20.0,0.2191573807393521,0.026894776895237824
4,129,185e953d57699e678314593985abe20c62d7d129,cuda,1.0,8,0.5,gaussian,0.7691432227912578,16,0.1022456466027119,0.04623874815697743,0.002824145935381245,0.20705789275533043,0.053356731939756014,standard normal at finite u_max,infinite,0.020736342543020994,0.10224564660271192,0.04623874815697748,unbiased,0.00012732220078126634,0.08489318977589388,8192,37755904,0.002824150046928417,44,4194304,0.21469707787036896,3,completed,128,20.0,0.2070578927553302,0.05335715870655729
4,157,185e953d57699e678314593985abe20c62d7d129,cuda,1.0,8,0.5,gaussian,0.9167310628420434,16,0.08057710552115716,0.04141298568074418,0.0020056446689998703,0.13654416906601147,0.044056539990697634,standard normal at finite u_max,infinite,0.015759971581798007,0.08057710552115716,0.04141298568074418,unbiased,0.22622048805111816,0.0658441335347019,8192,37755904,0.002005650151062549,46,16777216,0.7721288688480854,2,completed,512,20.0,0.13654416906601147,0.044056289235795916
4,185,185e953d57699e678314593985abe20c62d7d129,cuda,1.0,8,0.5,gaussian,0.5449167519992513,16,0.10799538214972497,0.05566449139399836,0.002548529967457802,0.1262834984788453,0.057412428369040695,standard normal at finite u_max,infinite,0.01990231491712737,0.10799538214972497,0.05566449139399823,unbiased,0.46580165306230087,0.06778999993371165,8192,37755904,0.002548534079004572,26,67108864,2.9891327507793903,1,completed,2048,20.0,0.12628349847884543,0.05741244746255012
4,213,185e953d57699e678314593985abe20c62d7d129,cuda,1.0,1,0.5,gaussian,0.8703418976493111,64,0.09843827340684624,0.020107298484339675,1.3000392207196398e-08,0.2274632840974562,0.02014017406614166,standard normal at finite u_max,infinite,1.300072272059083e-08,0.09843827340684624,0.020107298484339786,unbiased,0.0001220703125,0.0,8192,5180928,1.300072272059083e-08,51,4194304,0.21003670245409012,0,completed,128,20.0,0.22746328409745586,0.020139581886187048
4,241,185e953d57699e678314593985abe20c62d7d129,cuda,1.0,1,0.5,gaussian,0.8982885662497812,64,0.07711051143076109,0.016744252713380203,1.3000392207196398e-08,0.20096694885750355,0.017836097548372086,standard normal at finite u_max,infinite,1.3000723941836156e-08,0.07711051143076109,0.016744252713380536,unbiased,0.0001220703125,0.0,8192,5180928,1.3000722054457015e-08,52,4194304,0.21031851693987846,4,completed,128,20.0,0.20096694885750377,0.017835001050458085
4,269,185e953d57699e678314593985abe20c62d7d129,cuda,1.0,1,0.5,gaussian,0.9156380569927488,64,0.13550430481596099,0.03795538759942274,1.3000392207196398e-08,0.009263844536598231,0.037961750630879386,standard normal at finite u_max,infinite,1.3000722109968166e-08,0.13550430481596099,0.03795538759942252,unbiased,0.00015298445986965386,0.0,8192,5180928,1.3000722165479317e-08,135,16777216,0.794484693557024,3,completed,512,20.0,0.009263844536598564,0.03796262181868092
4,297,185e953d57699e678314593985abe20c62d7d129,cuda,1.0,1,0.5,gaussian,0.7994067827587549,64,0.1342577305428989,0.03734754791103534,1.3000392207196398e-08,0.13415300936523888,0.03753464761949647,standard normal at finite u_max,infinite,1.3000722942635434e-08,0.1342577305428989,0.03734754791103545,unbiased,0.33429760065490377,0.0,8192,5180928,1.300072272059083e-08,85,67108864,2.9934374429285526,2,completed,2048,20.0,0.13415300936523855,0.037533681532170245
4,325,185e953d57699e678314593985abe20c62d7d129,cuda,1.0,8,0.5,gaussian,0.006843798348218233,64,0.29325347782381045,0.04453244484332834,1.3000392415363216e-08,0.6930306631578735,0.06605841804228536,standard normal at finite u_max,infinite,1.0400577584575003e-07,0.29325347782381045,0.04453244484332834,unbiased,0.0001220703125,0.3055284891658475,8192,37777408,1.3000722498546224e-08,68,4194304,0.21964582800865173,1,completed,128,20.0,0.6930306631578735,0.06605863045661049
4,353,185e953d57699e678314593985abe20c62d7d129,cuda,1.0,8,0.5,gaussian,0.8128310126051048,64,0.20949684015454392,0.04158760781636274,1.3000392415363216e-08,0.48988412067193843,0.05012207697083594,standard normal at finite u_max,infinite,1.0400577595677233e-07,0.20949684015454392,0.04158760781636277,unbiased,0.000123681514065612,0.18107858328993845,8192,37777408,1.3000722498546224e-08,231,16777216,0.8440746888518333,0,completed,512,20.0,0.48988412067193843,0.05012277849366051
4,381,185e953d57699e678314593985abe20c62d7d129,cuda,1.0,8,0.5,gaussian,0.8102415553609849,64,0.25417011049306276,0.048958802703935225,1.3000392415363216e-08,0.5429758799665431,0.057550090369883636,standard normal at finite u_max,infinite,1.0400577740006226e-07,0.25417011049306276,0.048958802703935225,unbiased,0.00012311001386025586,0.22203819375698738,8192,37777408,1.3000722165479317e-08,232,16777216,0.8516993150115013,4,completed,512,20.0,0.5429758799665433,0.05755088039911853
4,409,185e953d57699e678314593985abe20c62d7d129,cuda,1.0,8,0.5,gaussian,0.6314653521732402,64,0.25855393056542364,0.06133961344420216,1.3000392415363216e-08,0.39961083232077355,0.06322535648699726,standard normal at finite u_max,infinite,1.0400577390285973e-07,0.25855393056542364,0.061339613444202065,unbiased,0.00027936108697022903,0.08229333937529656,8192,37777408,1.300072227650162e-08,604,67108864,3.2356356643140316,3,completed,2048,20.0,0.3996108323207737,0.06322533938862862
4,437,185e953d57699e678314593985abe20c62d7d129,cuda,1.0,1,0.5,mixture,0.9562235986875136,16,0.13479743598646432,0.24543522324170652,0.09637393257159194,0.14452928883805916,0.2562345253898399,standard normal at finite u_max,infinite,0.09637393251259363,0.13479743598646432,0.24543522324170636,unbiased,0.05114657086658028,0.0,8192,5179904,0.09637393251259307,10,4194304,0.19606909528374672,2,completed,128,20.0,0.14452928883805916,0.2562336368616904
4,465,185e953d57699e678314593985abe20c62d7d129,cuda,1.0,1,0.5,mixture,0.7074903150175523,16,0.012937896279666794,0.005908355373239457,0.000350726581844929,0.012289135739078194,0.012793920764010766,standard normal at finite u_max,infinite,0.0003507265228451517,0.012937896279666794,0.005908355373239596,unbiased,0.46952191573350627,0.0,8192,5179904,0.00035072652284612316,1,16777216,0.7495863176882267,1,completed,512,20.0,0.012289135739078416,0.012795003379218779
4,493,185e953d57699e678314593985abe20c62d7d129,cuda,1.0,1,0.5,mixture,0.6585747050024973,16,0.02733020695848537,0.04296760958774819,0.01589935205287346,0.023564293133769176,0.04692192128205345,standard normal at finite u_max,infinite,0.01589935199387446,0.02733020695848537,0.042967609587748035,unbiased,0.48841673789030465,0.0,8192,5179904,0.01589935199387471,1,67108864,2.9650234431028366,0,completed,2048,20.0,0.023564293133768843,0.04692146657241511
4,521,185e953d57699e678314593985abe20c62d7d129,cuda,1.0,1,0.5,mixture,0.5234398110865461,16,0.014910700924716913,0.011721615434474947,0.005162042961332547,0.031119104751431204,0.023328836299654227,standard normal at finite u_max,infinite,0.005162043020331741,0.014910700924716913,0.011721615434475086,unbiased,0.5234398110865462,0.0,8192,5179904,0.005162043020331408,0,67108864,2.9745891131460667,4,completed,2048,20.0,0.03111910475143098,0.023328657287554976
4,549,185e953d57699e678314593985abe20c62d7d129,cuda,1.0,8,0.5,mixture,0.8436127554827607,16,0.48787582770794835,1.091305670519771,0.4659078857377003,0.7348778957308618,1.092902382377356,standard normal at finite u_max,infinite,0.9940237035054111,0.48787582770794835,1.0913056705197706,unbiased,0.00018256296807881735,0.43876209554551926,8192,37755904,0.4659078857082002,27,4194304,0.20705502852797508,3,completed,128,20.0,0.7348778957308617,1.0929031403200287
4,577,185e953d57699e678314593985abe20c62d7d129,cuda,1.0,8,0.5,mixture,0.5548065045294533,16,0.13705947121049644,0.23283519242787282,0.0879037368724003,0.078938624201213,0.251758639289516,standard normal at finite u_max,infinite,0.5180655593126638,0.13705947121049644,0.2328351924278727,unbiased,0.09500344549416605,0.23933899703027517,8192,37755904,0.08790373682815053,17,16777216,0.7600244358181953,2,completed,512,20.0,0.07893862420121284,0.251757997829982
4,605,185e953d57699e678314593985abe20c62d7d129,cuda,1.0,8,0.5,mixture,0.7210886002204759,16,0.05180505126878988,0.07835526954640191,0.029238919416525795,0.04042550255283267,0.08643201220100248,standard normal at finite u_max,infinite,0.31865127268513266,0.05180505126878988,0.07835526954640196,unbiased,0.43788369317178377,0.08590632240350776,8192,37755904,0.029238919446025635,7,67108864,3.0016052648425102,1,completed,2048,20.0,0.040425502552832546,0.08643172283301412
4,633,185e953d57699e678314593985abe20c62d7d129,cuda,1.0,1,0.5,mixture,0.8927036064688781,64,0.30549946785992244,0.6050993054986729,0.3051468870622363,0.9922712502766866,0.7407053858306458,standard normal at finite u_max,infinite,0.30514688706223236,0.30549946785992244,0.6050993054986729,unbiased,0.0001220703125,0.0,8192,5180928,0.3051468870622338,41,4194304,0.20575669780373573,0,completed,128,20.0,0.9922712502766866,0.7407048164440115
4,661,185e953d57699e678314593985abe20c62d7d129,cuda,1.0,1,0.5,mixture,0.8261610141414921,64,0.6949562420478871,1.6576183425463689,0.6948531129377638,0.9897832965444022,1.6576183958642818,standard normal at finite u_max,infinite,0.694853112937764,0.6949562420478871,1.6576183425463693,unbiased,0.0001220703125,0.0,8192,5180928,0.6948531129377666,41,4194304,0.20746580883860588,4,completed,128,20.0,0.9897832965444022,1.6576191041741692
4,689,185e953d57699e678314593985abe20c62d7d129,cuda,1.0,1,0.5,mixture,0.7217099740478277,64,0.6961403987406393,1.7260666939057567,0.6948531129377638,0.98939336285533,1.726074275937646,standard normal at finite u_max,infinite,0.6948531129377659,0.6961403987406393,1.7260666939057565,unbiased,0.00012955973283756096,0.0,8192,5180928,0.6948531129377661,119,16777216,0.7914119772613049,3,completed,512,20.0,0.98939336285533,1.72607388331683
4,717,185e953d57699e678314593985abe20c62d7d129,cuda,1.0,1,0.5,mixture,0.8972245827405798,64,0.6924796164164121,1.7393496933990589,0.688235101440392,0.9550319563287452,1.7393514097141851,standard normal at finite u_max,infinite,0.6882351014403956,0.6924796164164121,1.7393496933990589,unbiased,0.10248462148763528,0.0,8192,5180928,0.6882351014403945,73,67108864,3.003814537078142,2,completed,2048,20.0,0.9550319563287452,1.7393493124983916
4,745,185e953d57699e678314593985abe20c62d7d129,cuda,1.0,8,0.5,mixture,0.010751684206444725,64,0.5044459208284292,0.8006449920712203,0.402552363346386,0.9967033980300292,0.9441044757420891,standard normal at finite u_max,infinite,0.9893510049937518,0.5044459208284291,0.8006449920712204,unbiased,0.0001220703125,0.3365900278397321,8192,37777408,0.4025523633463848,56,4194304,0.21535474061965942,1,completed,128,20.0,0.996703398030029,0.9441036881311755
4,773,185e953d57699e678314593985abe20c62d7d129,cuda,1.0,8,0.5,mixture,0.7837338557665977,64,0.7110909978622325,1.6423627378247174,0.6948531129377636,0.9960452726170399,1.661742798165459,standard normal at finite u_max,infinite,0.9999248253264045,0.7110909978622325,1.6423627378247174,unbiased,0.00012207055751376256,0.26282669744782705,8192,37777408,0.6948531129377662,180,16777216,0.8282790668308735,0,completed,512,20.0,0.9960452726170399,1.661742236951152
4,801,185e953d57699e678314593985abe20c62d7d129,cuda,1.0,8,0.5,mixture,0.7900096474883286,64,0.7009703245424364,1.620996142577946,0.6948531129377636,0.9944363424413794,1.6364654761984065,standard normal at finite u_max,infinite,0.999924825326406,0.7009703245424364,1.6209961425779462,unbiased,0.00012207033182153366,0.2198490383801932,8192,37777408,0.694853112937766,178,16777216,0.8274929001927376,4,completed,512,20.0,0.9944363424413794,1.6364665170603858
4,829,185e953d57699e678314593985abe20c62d7d129,cuda,1.0,8,0.5,mixture,0.7373892535047928,64,0.7015282911584907,1.7080691627333686,0.6948531129377636,0.9917961761255136,1.709597880982069,standard normal at finite u_max,infinite,0.9999248253264083,0.7015282911584907,1.7080691627333688,unbiased,0.0001387128372410646,0.08730917284500839,8192,37777408,0.6948531129377662,517,67108864,3.2031497582793236,3,completed,2048,20.0,0.9917961761255139,1.7095981459481875
4,857,185e953d57699e678314593985abe20c62d7d129,cuda,1.0,1,0.5,weak_mixture,0.4937103475371566,16,0.03186356481205588,0.03775906614493764,0.02217611239884998,0.17078360349869492,0.03970549306869046,standard normal at finite u_max,infinite,0.02217611289534549,0.03186356481205588,0.03775906614493766,unbiased,0.4873539944599776,0.0,8192,5179904,0.022176112895345046,1,4194304,0.20184160768985748,2,completed,128,20.0,0.1707836034986947,0.039703815181907146
4,885,185e953d57699e678314593985abe20c62d7d129,cuda,1.0,1,0.5,weak_mixture,0.5039570523910663,16,0.012688546602212303,0.0013663755892754578,0.003482685158715304,0.018129393396909332,0.009582859098851797,standard normal at finite u_max,finite,0.0034826846622207086,0.012688546602212303,0.0013663755892754977,unbiased,0.5039570523910663,0.0,8192,5179904,0.0034826846622200147,0,16777216,0.7525108642876148,1,completed,512,20.0,0.01812939339690922,0.009582538099449882
4,913,185e953d57699e678314593985abe20c62d7d129,cuda,1.0,1,0.5,weak_mixture,0.9453217265793858,16,0.014187763506185336,0.0182021458863781,0.010728457850311512,0.02833883636409751,0.018300664699075743,standard normal at finite u_max,finite,0.01072845834680658,0.014187763506185336,0.018202145886378127,unbiased,0.49681131216899344,0.0,8192,5179904,0.010728458346806469,1,67108864,2.987459745258093,0,completed,2048,20.0,0.028338836364097064,0.018300152675003473
4,941,185e953d57699e678314593985abe20c62d7d129,cuda,1.0,1,0.5,weak_mixture,0.9966978143970342,16,0.009709325378010447,0.004747912321377123,0.0032901294125629033,0.028195512397360956,0.007703797821352931,standard normal at finite u_max,finite,0.003290129909058165,0.009709325378010447,0.004747912321377166,unbiased,0.49919016273533484,0.0,8192,5179904,0.0032901299090581926,1,67108864,2.983315270394087,4,completed,2048,20.0,0.028195512397360734,0.007703697073986739
4,969,185e953d57699e678314593985abe20c62d7d129,cuda,1.0,8,0.5,weak_mixture,0.6985082020708941,16,0.02018430026619828,0.016269951277753176,0.011865591991564367,0.0264461724507377,0.019016889122030006,standard normal at finite u_max,infinite,0.09662021614149398,0.02018430026619828,0.01626995127775317,unbiased,0.421180308699745,0.025864459422091524,8192,37755904,0.011865591991564318,3,4194304,0.19646228477358818,3,completed,128,20.0,0.026446172450737826,0.019016849759669874
4,997,185e953d57699e678314593985abe20c62d7d129,cuda,1.0,8,0.5,weak_mixture,0.9256587448980739,16,0.018337204320834813,0.013851158883372808,0.010430670437065831,0.04563570285290927,0.017100554227462386,standard normal at finite u_max,finite,0.09042481562884887,0.018337204320834813,0.013851158883372829,unbiased,0.4845828342784514,0.025677914072204763,8192,37755904,0.010430670561189688,3,16777216,0.7545560486614704,2,completed,512,20.0,0.04563570285290906,0.017099564984227312
4,1025,185e953d57699e678314593985abe20c62d7d129,cuda,1.0,8,0.5,weak_mixture,0.9963679310166647,16,0.03746333100347937,0.03574929350762642,0.030645690676204172,0.060432739925187454,0.0396095498363665,standard normal at finite u_max,finite,0.13159080847408866,0.03746333100347937,0.03574929350762645,unbiased,0.49137327478479004,0.06516907832501195,8192,37755904,0.03064569055208031,4,67108864,2.98292051628232,1,completed,2048,20.0,0.06043273992518752,0.03961006965225432
4,1053,185e953d57699e678314593985abe20c62d7d129,cuda,1.0,1,0.5,weak_mixture,0.9422074620519953,64,0.059220536264462026,0.07065188659963081,0.03603995222738221,0.2714169888283855,0.07083674425038308,standard normal at finite u_max,infinite,0.03603995159855877,0.059220536264462026,0.07065188659963087,unbiased,0.4573498594882776,0.0,8192,5180928,0.03603995159856033,2,4194304,0.19762979447841644,0,completed,128,20.0,0.2714169888283855,0.07083784260547304
4,1081,185e953d57699e678314593985abe20c62d7d129,cuda,1.0,1,0.5,weak_mixture,0.7586708624652433,64,0.015281411061092154,0.013551616445355373,0.012202752655902982,0.005446787025838895,0.015429110934103481,standard normal at finite u_max,infinite,0.01220275328472456,0.015281411061092154,0.013551616445355333,unbiased,0.4519601761923931,0.0,8192,5180928,0.012202753284724976,1,4194304,0.1962248533964157,4,completed,128,20.0,0.005446787025838562,0.015429937718186638
4,1109,185e953d57699e678314593985abe20c62d7d129,cuda,1.0,1,0.5,weak_mixture,0.8299167359114997,64,0.05507098962032261,0.06188264380804516,0.04277328421271592,0.0986349880689954,0.062061284046957516,standard normal at finite u_max,infinite,0.042773283583894095,0.05507098962032261,0.061882643808045194,unbiased,0.4570194983674872,0.0,8192,5180928,0.04277328358389415,2,16777216,0.7523735240101814,3,completed,512,20.0,0.09863498806899518,0.06206235071530579
4,1137,185e953d57699e678314593985abe20c62d7d129,cuda,1.0,1,0.5,weak_mixture,0.9250728897513291,64,0.015102867035996725,0.009549878835597273,0.01145847009168699,0.0701844289347302,0.015618832764007618,standard normal at finite u_max,infinite,0.011458469462865356,0.015102867035996725,0.009549878835597318,unbiased,0.49849012457174774,0.0,8192,5180928,0.011458469462864995,1,67108864,2.986456587910652,2,completed,2048,20.0,0.07018442893472998,0.015618397294289968
4,1165,185e953d57699e678314593985abe20c62d7d129,cuda,1.0,8,0.5,weak_mixture,0.960880171783047,64,0.024277995596954483,0.017793075847885143,0.015248505475996786,0.06481031279569831,0.023847522790106757,standard normal at finite u_max,infinite,0.11592994912865831,0.024277995596954483,0.017793075847885143,unbiased,0.4098857985513138,0.06768203533378274,8192,37777408,0.015248505318791315,5,4194304,0.20106804370880127,1,completed,128,20.0,0.06481031279569832,0.02384833466638283
4,1193,185e953d57699e678314593985abe20c62d7d129,cuda,1.0,8,0.5,weak_mixture,0.8617045900816426,64,0.09487622376046352,0.10192468235644894,0.08631916419061997,0.0850686343248203,0.10456338966598,standard normal at finite u_max,infinite,0.23584490382413398,0.09487622376046352,0.10192468235644894,unbiased,0.4583429501677881,0.09044259825275444,8192,37777408,0.08631916419061991,5,16777216,0.7602092660963535,0,completed,512,20.0,0.08506863432482034,0.10456300941296964
4,1221,185e953d57699e678314593985abe20c62d7d129,cuda,1.0,8,0.5,weak_mixture,0.7657541580724158,64,0.024349639597526423,0.02223609137577782,0.018511017092476885,0.046761973496390996,0.0243828095536458,standard normal at finite u_max,infinite,0.10621495216913776,0.024349639597526423,0.022236091375777835,unbiased,0.4759526587410374,0.04181453185859805,8192,37777408,0.018511016935271386,4,16777216,0.7635947912931442,4,completed,512,20.0,0.04676197349639093,0.024381798513154678
4,1249,185e953d57699e678314593985abe20c62d7d129,cuda,1.0,8,0.5,weak_mixture,0.9778915057930402,64,0.032623068106976134,0.0313510438473954,0.024678482285888363,0.08323964494045027,0.03312888079749307,standard normal at finite u_max,infinite,0.12946428570769752,0.032623068106976134,0.03135104384739538,unbiased,0.49116896467279947,0.06405795198149547,8192,37777408,0.02467848260029913,5,67108864,3.0000966414809227,3,completed,2048,20.0,0.08323964494045032,0.033128276623964545
4,18,185e953d57699e678314593985abe20c62d7d129,cuda,1.0,1,0.5,gaussian,0.7326077425525008,16,0.06404965402799212,0.03464089383716473,0.0008128242798309815,0.11708684337163877,0.03494681195088455,standard normal at finite u_max,infinite,0.0008128297618947057,0.06404965402799212,0.03464089383716462,cumulant,0.30772215604715564,0.0,8192,5310976,0.0008128297618935632,9,8388608,0.34066908061504364,2,completed,128,20.0,0.11708684337163866,0.03494742094605485
4,46,185e953d57699e678314593985abe20c62d7d129,cuda,1.0,1,0.5,gaussian,0.8546720545049614,16,0.07874254826405341,0.042000024125679936,0.002196233820959681,0.1433237768425425,0.042161722295044515,standard normal at finite u_max,infinite,0.0021962393030216416,0.07874254826405341,0.042000024125679936,cumulant,0.334017513809504,0.0,8192,5310976,0.0021962393030225957,9,33554432,1.284762680530548,1,completed,512,20.0,0.14332377684254227,0.04216161118570516
4,74,185e953d57699e678314593985abe20c62d7d129,cuda,1.0,1,0.5,gaussian,0.5723790401971139,16,0.05800232683964113,0.03154397104819939,0.0028015353725987513,0.11658362408155587,0.032432709784510266,standard normal at finite u_max,infinite,0.002801540854659575,0.05800232683964113,0.03154397104819928,cumulant,0.48135178622253055,0.0,8192,5310976,0.002801540854661444,8,134217728,5.09226243942976,0,completed,2048,20.0,0.11658362408155576,0.032435483353565366
4,102,185e953d57699e678314593985abe20c62d7d129,cuda,1.0,1,0.5,gaussian,0.8269577896519033,16,0.02894872402521577,0.012859931652484557,0.0038149726946874463,0.13874347039080726,0.01427211471597002,standard normal at finite u_max,infinite,0.003814967212623661,0.02894872402521577,0.01285993165248478,cumulant,0.47866446894577486,0.0,8192,5310976,0.0038149672126249756,10,134217728,5.1018944680690765,4,completed,2048,20.0,0.1387434703908068,0.014270553862231392
4,130,185e953d57699e678314593985abe20c62d7d129,cuda,1.0,8,0.5,gaussian,0.9177394162373037,16,0.06695664528081956,0.02844082351177782,0.0020244372037108993,0.16283631311738517,0.03469729559497138,standard normal at finite u_max,infinite,0.015910311859488553,0.06695664528081956,0.02844082351177782,cumulant,0.0006813162679312323,0.053448921461145285,8192,38345728,0.0020244426857735226,36,8388608,0.34087516367435455,3,completed,128,20.0,0.16283631311738517,0.03469707645300009
4,158,185e953d57699e678314593985abe20c62d7d129,cuda,1.0,8,0.5,gaussian,0.6261850105007216,16,0.0713941554384965,0.03629192812311734,0.002504465311849058,0.10816094850351794,0.03826676444252503,standard normal at finite u_max,infinite,0.019750536724593815,0.0713941554384965,0.0362919281231176,cumulant,0.3821982665949285,0.08605250519364696,8192,38345728,0.0025044707939120975,26,33554432,1.2918353751301765,2,completed,512,20.0,0.10816094850351754,0.03826695762236271
4,186,185e953d57699e678314593985abe20c62d7d129,cuda,1.0,8,0.5,gaussian,0.7864586443816681,16,0.06885090982646783,0.03238419552279248,0.002558856976863491,0.15817328667104358,0.0350272108079391,standard normal at finite u_max,infinite,0.02018567004470913,0.06885090982646783,0.03238419552279215,cumulant,0.4713688317795038,0.035779573942320175,8192,38345728,0.0025588624589256564,23,134217728,5.1091360449790955,1,completed,2048,20.0,0.1581732866710439,0.03502738773185102
4,214,185e953d57699e678314593985abe20c62d7d129,cuda,1.0,1,0.5,gaussian,0.9556853439180639,64,0.056862437491681406,0.015911209012522298,1.3000392207196398e-08,0.06190284684115044,0.01609536356210165,standard normal at finite u_max,infinite,1.3000722220990468e-08,0.056862437491681406,0.01591120901252241,cumulant,0.0001220703125,0.0,8192,5312000,1.300072272059083e-08,48,8388608,0.3457121253013611,0,completed,128,20.0,0.06190284684115088,0.01609493587890071
4,242,185e953d57699e678314593985abe20c62d7d129,cuda,1.0,1,0.5,gaussian,0.9634476367352364,64,0.10419073206454321,0.021437597996417423,1.3000392207196398e-08,0.021248202791729787,0.021711378315532718,standard normal at finite u_max,infinite,1.3000722831613132e-08,0.10419073206454321,0.021437597996417423,cumulant,0.0001220703125,0.0,8192,5312000,1.3000722498546224e-08,47,8388608,0.3421388044953346,4,completed,128,20.0,0.021248202791729787,0.021711188463796747
4,270,185e953d57699e678314593985abe20c62d7d129,cuda,1.0,1,0.5,gaussian,0.733028802758843,64,0.04317186479866311,0.0031378234825437668,1.3000392207196398e-08,0.2528964296928772,0.012848318672344894,standard normal at finite u_max,infinite,1.300072272059083e-08,0.04317186479866311,0.0031378234825438778,cumulant,0.0007855899230237324,0.0,8192,5312000,1.300072272059083e-08,91,33554432,1.3110452815890312,3,completed,512,20.0,0.25289642969287685,0.012846044475081753
4,298,185e953d57699e678314593985abe20c62d7d129,cuda,1.0,1,0.5,gaussian,0.8564297152542885,64,0.02587557656557493,0.0013637863151313434,1.3000392207196398e-08,0.12130324933676184,0.007065620369595292,standard normal at finite u_max,infinite,1.3000725607170693e-08,0.02587557656557493,0.0013637863151316765,cumulant,0.3723371752610204,0.0,8192,5312000,1.3000722942635434e-08,42,134217728,5.096908137202263,2,completed,2048,20.0,0.1213032493367614,0.007067137746372593
4,326,185e953d57699e678314593985abe20c62d7d129,cuda,1.0,8,0.5,gaussian,0.0027821369776606622,64,0.5263145942087623,0.08858029783554129,1.3000392415363216e-08,0.8455738973317815,0.10617793204514743,standard normal at finite u_max,infinite,1.0400577423592664e-07,0.5263145942087621,0.08858029783554132,cumulant,0.0001220703125,0.3160247513755509,8192,38367232,1.3000722498546224e-08,66,8388608,0.3560352176427841,1,completed,128,20.0,0.8455738973317815,0.10619011253078328
4,354,185e953d57699e678314593985abe20c62d7d129,cuda,1.0,8,0.5,gaussian,0.5385549305411328,64,0.19421166674875895,0.03857751760650656,1.3000392415363216e-08,0.46942570916425186,0.04676309295793632,standard normal at finite u_max,infinite,1.0400577395837088e-07,0.19421166674875892,0.03857751760650653,cumulant,0.00012209109806925753,0.14475354089900241,8192,38367232,1.300072227650162e-08,206,33554432,1.3678364157676697,0,completed,512,20.0,0.469425709164252,0.0467630116655957
4,382,185e953d57699e678314593985abe20c62d7d129,cuda,1.0,8,0.5,gaussian,0.5597865281624177,64,0.136862133779396,0.019508361200623728,1.3000392415363216e-08,0.4700516835380122,0.03564372472612316,standard normal at finite u_max,infinite,1.040057746245047e-07,0.136862133779396,0.019508361200623672,cumulant,0.00012207960389427807,0.14719080962830253,8192,38367232,1.3000722387523922e-08,204,33554432,1.3655447885394096,4,completed,512,20.0,0.4700516835380123,0.03564461374710706
4,410,185e953d57699e678314593985abe20c62d7d129,cuda,1.0,8,0.5,gaussian,0.7745019635788615,64,0.0931884020599984,0.021760033318400013,1.3000392415363216e-08,0.19739086662309985,0.02492349140450898,standard normal at finite u_max,infinite,1.0400577490206046e-07,0.0931884020599984,0.02176003331840004,cumulant,0.0006233161834637544,0.0840708778066146,8192,38367232,1.300072272059083e-08,471,134217728,5.383012346923351,3,completed,2048,20.0,0.19739086662309985,0.02492321795374515
4,438,185e953d57699e678314593985abe20c62d7d129,cuda,1.0,1,0.5,mixture,0.5410373741349396,16,0.01316805480618563,0.010283342406404536,0.0025958010546204835,0.009710003283001867,0.012999827020851968,standard normal at finite u_max,infinite,0.002595800995620512,0.01316805480618563,0.010283342406404397,cumulant,0.4459103479721047,0.0,8192,5310976,0.002595800995621622,1,8388608,0.3278164118528366,2,completed,128,20.0,0.009710003283001645,0.01299976568507552
4,466,185e953d57699e678314593985abe20c62d7d129,cuda,1.0,1,0.5,mixture,0.5211155817216804,16,0.027749099409198896,0.05229234152244547,0.021123760639565614,0.034151019796386906,0.05558079405157294,standard normal at finite u_max,infinite,0.021123760698565114,0.027749099409198896,0.05229234152244558,cumulant,0.4946535284830523,0.0,8192,5310976,0.021123760698564586,1,33554432,1.290249727666378,1,completed,512,20.0,0.034151019796386906,0.055580393193741466
4,494,185e953d57699e678314593985abe20c62d7d129,cuda,1.0,1,0.5,mixture,0.9934060035042751,16,0.023658651775710804,0.05316226445916197,0.01800359393362938,0.017926639323494253,0.053316649649144524,standard normal at finite u_max,infinite,0.018003593992626854,0.023658651775710804,0.05316226445916203,cumulant,0.4913342045652894,0.0,8192,5310976,0.01800359399262841,2,134217728,5.228941597044468,0,completed,2048,20.0,0.017926639323494586,0.05331652969154313
4,522,185e953d57699e678314593985abe20c62d7d129,cuda,1.0,1,0.5,mixture,0.9998369144533402,16,0.032724903543724926,0.07215504087123893,0.030096766498869276,0.015420748087817682,0.07587356788132096,standard normal at finite u_max,infinite,0.030096766439869888,0.032724903543724926,0.07215504087123877,cumulant,0.48848980462457586,0.0,8192,5310976,0.030096766439870692,2,134217728,5.091390624642372,4,completed,2048,20.0,0.01542074808781857,0.07587308369438707
4,550,185e953d57699e678314593985abe20c62d7d129,cuda,1.0,8,0.5,mixture,0.6079532437429138,16,0.3235592442507932,0.7053424045419967,0.3075930105651501,0.34814107570291786,0.7209305675339475,standard normal at finite u_max,infinite,0.790011942296541,0.3235592442507932,0.7053424045419967,cumulant,0.0005395018533296914,0.34319875367830394,8192,38345728,0.30759301055039995,17,8388608,0.3352547809481621,3,completed,128,20.0,0.34814107570291797,0.720931414323023
4,578,185e953d57699e678314593985abe20c62d7d129,cuda,1.0,8,0.5,mixture,0.8219942667436873,16,0.02496373005372006,0.04335867969637314,0.021691538970914172,0.01602188642040714,0.048783442214395026,standard normal at finite u_max,infinite,0.28361387292801576,0.02496373005372006,0.04335867969637314,cumulant,0.42411068447696443,0.046822115633598595,8192,38345728,0.021691539000413984,7,33554432,1.2861661463975906,2,completed,512,20.0,0.01602188642040729,0.04878342725770254
4,606,185e953d57699e678314593985abe20c62d7d129,cuda,1.0,8,0.5,mixture,0.610632572034064,16,0.05792251642813009,0.10383633231211899,0.04520821436668416,0.057582738133168124,0.11702030340683582,standard normal at finite u_max,infinite,0.3546165645755948,0.05792251642813009,0.103836332312119,cumulant,0.4917793536454577,0.09345799258427465,8192,38345728,0.04520821435193422,6,134217728,5.118372283875942,1,completed,2048,20.0,0.05758273813316808,0.11702072510422154
4,634,185e953d57699e678314593985abe20c62d7d129,cuda,1.0,1,0.5,mixture,0.9679428398580929,64,0.30519685158998,0.6728016723779671,0.3051468870622363,0.9871386511530269,0.7053832215194602,standard normal at finite u_max,infinite,0.30514688706223614,0.30519685158998,0.6728016723779675,cumulant,0.00012207043722770424,0.0,8192,5312000,0.3051468870622338,34,8388608,0.338600292801857,0,completed,128,20.0,0.9871386511530269,0.7053862693829329
4,662,185e953d57699e678314593985abe20c62d7d129,cuda,1.0,1,0.5,mixture,0.5421309101852517,64,0.6948669604116515,1.527707572959174,0.6948531129377638,0.9896256542211499,1.563489269814311,standard normal at finite u_max,infinite,0.6948531129377665,0.6948669604116515,1.5277075729591745,cumulant,0.00012221465626412837,0.0,8192,5312000,0.6948531129377666,32,8388608,0.3374776765704155,4,completed,128,20.0,0.9896256542211499,1.5634879539615425
4,690,185e953d57699e678314593985abe20c62d7d129,cuda,1.0,1,0.5,mixture,0.9352997402179845,64,0.26208597851702076,0.6271868144913606,0.2534014715199925,0.7568612916850959,0.6279876253526875,standard normal at finite u_max,infinite,0.2534014715199896,0.26208597851702076,0.6271868144913604,cumulant,0.000188043404862601,0.0,8192,5312000,0.25340147151999,51,33554432,1.3011382818222046,3,completed,512,20.0,0.7568612916850959,0.6279875487092782
4,718,185e953d57699e678314593985abe20c62d7d129,cuda,1.0,1,0.5,mixture,0.9785330397111098,64,0.07295161574801878,0.11719482618398686,0.04608487748523321,0.09115209686923242,0.12121126527749058,standard normal at finite u_max,infinite,0.046084877485230547,0.07295161574801878,0.1171948261839868,cumulant,0.28063547333873234,0.0,8192,5312000,0.04608487748523077,16,134217728,5.09240435063839,2,completed,2048,20.0,0.09115209686923242,0.12121185840733699
4,746,185e953d57699e678314593985abe20c62d7d129,cuda,1.0,8,0.5,mixture,0.045286028495266244,64,0.6904213302658838,1.525649208357555,0.6461398347033227,0.9964652005468179,1.5671970553757189,standard normal at finite u_max,infinite,0.9998288189780863,0.6904213302658837,1.525649208357555,cumulant,0.0001220703125,0.2950023155765365,8192,38367232,0.6461398347033246,52,8388608,0.34926051646471024,1,completed,128,20.0,0.996465200546818,1.5671971740980901
4,774,185e953d57699e678314593985abe20c62d7d129,cuda,1.0,8,0.5,mixture,0.5101970242008671,64,0.7060659591957792,1.7037602885349141,0.6948531129377636,0.9918463136783151,1.704721355623755,standard normal at finite u_max,infinite,0.9999248253264056,0.7060659591957792,1.7037602885349141,cumulant,0.0001220703362948967,0.17365739806453773,8192,38367232,0.6948531129377661,150,33554432,1.3411382958292961,0,completed,512,20.0,0.9918463136783151,1.7047216460668686
4,802,185e953d57699e678314593985abe20c62d7d129,cuda,1.0,8,0.5,mixture,0.7981765090391969,64,0.6774259474357767,1.5926886884156655,0.6461398347033227,0.9946713351741752,1.5967082108854953,standard normal at finite u_max,infinite,0.9998288189780856,0.6774259474357767,1.5926886884156657,cumulant,0.00012207311941950014,0.154592968672308,8192,38367232,0.6461398347033245,151,33554432,1.345346599817276,4,completed,512,20.0,0.9946713351741752,1.596708290965805
4,830,185e953d57699e678314593985abe20c62d7d129,cuda,1.0,8,0.5,mixture,0.5632305993118497,64,0.43553827758991415,0.998966047540172,0.40257344353111835,0.9900183376882264,1.0008708324239537,standard normal at finite u_max,infinite,0.9895196464716072,0.4355382775899142,0.9989660475401718,cumulant,0.00013715735747707857,0.045229542699852535,8192,38367232,0.402573443531117,324,134217728,5.238706685602665,3,completed,2048,20.0,0.9900183376882264,1.0008708741721457
4,858,185e953d57699e678314593985abe20c62d7d129,cuda,1.0,1,0.5,weak_mixture,0.9543398417732941,16,0.014341722680876412,0.006402545068380378,0.010079827330495172,0.016503159302973414,0.01088548957190522,standard normal at finite u_max,infinite,0.010079826834000188,0.014341722680876412,0.006402545068380342,cumulant,0.4990324083619558,0.0,8192,5310976,0.010079826834000105,1,8388608,0.3256126791238785,2,completed,128,20.0,0.01650315930297319,0.010885462105140655
4,886,185e953d57699e678314593985abe20c62d7d129,cuda,1.0,1,0.5,weak_mixture,0.9995107602957698,16,0.06085904434384895,0.07023457485781723,0.043008969925247165,0.1465210023253516,0.07025545972867434,standard normal at finite u_max,finite,0.04300896942875207,0.06085904434384895,0.07023457485781721,cumulant,0.49283856169769985,0.0,8192,5310976,0.043008969428751764,2,33554432,1.28037441521883,1,completed,512,20.0,0.14652100232535203,0.0702558395376764
4,914,185e953d57699e678314593985abe20c62d7d129,cuda,1.0,1,0.5,weak_mixture,0.8921511082892818,16,0.015387166513762568,0.012698007707221038,0.006018934224120809,0.03742231247947991,0.013584710315704691,standard normal at finite u_max,finite,0.006018933727624576,0.015387166513762568,0.012698007707221001,cumulant,0.49823111451980623,0.0,8192,5310976,0.0060189337276256305,1,134217728,5.08354776352644,0,completed,2048,20.0,0.03742231247947947,0.013584435742603183
4,942,185e953d57699e678314593985abe20c62d7d129,cuda,1.0,1,0.5,weak_mixture,0.9349468574874863,16,0.01148729397313386,0.011638428012147917,0.009591074957544854,0.011816774316827039,0.012096799467946088,standard normal at finite u_max,finite,0.009591075454039782,0.01148729397313386,0.011638428012147954,cumulant,0.4999981210147297,0.0,8192,5310976,0.009591075454040032,1,134217728,5.078518986701965,4,completed,2048,20.0,0.01181677431682715,0.012097828523401905
4,970,185e953d57699e678314593985abe20c62d7d129,cuda,1.0,8,0.5,weak_mixture,0.6058275364869997,16,0.0441477620754988,0.041460105511942916,0.03583205348786892,0.06428622491156087,0.042698468822131984,standard normal at finite u_max,infinite,0.12801572152576812,0.0441477620754988,0.0414601055119429,cumulant,0.3966467766942894,0.077598759355302,8192,38345728,0.035832053487868866,3,8388608,0.3288862109184265,3,completed,128,20.0,0.0642862249115608,0.04269786641688323
4,998,185e953d57699e678314593985abe20c62d7d129,cuda,1.0,8,0.5,weak_mixture,0.8246635661321835,16,0.020814456410793575,0.016687554970716476,0.013886399348298425,0.03168737563150614,0.01925148914909765,standard normal at finite u_max,finite,0.10160618755860423,0.020814456410793575,0.016687554970716483,cumulant,0.4907769106893777,0.04125863001322881,8192,38345728,0.013886399472422331,3,33554432,1.271699458360672,2,completed,512,20.0,0.03168737563150607,0.019251443707497595
4,1026,185e953d57699e678314593985abe20c62d7d129,cuda,1.0,8,0.5,weak_mixture,0.8322038332677734,16,0.023095688567654118,0.02089882480343388,0.01647544693029624,0.032337026252918497,0.022082679161376167,standard normal at finite u_max,finite,0.10370932440731516,0.023095688567654118,0.0208988248034339,cumulant,0.4949606576664424,0.023409932580482334,8192,38345728,0.016475447054420042,3,134217728,5.07657428085804,1,completed,2048,20.0,0.03233702625291843,0.02208283366196106
4,1054,185e953d57699e678314593985abe20c62d7d129,cuda,1.0,1,0.5,weak_mixture,0.6114360094452982,64,0.01728309989492327,0.018697144671327,0.014006963359561309,0.018371987982494398,0.019179851939466676,standard normal at finite u_max,infinite,0.01400696398838358,0.01728309989492327,0.01869714467132695,cumulant,0.47997285114346666,0.0,8192,5312000,0.014006963988383192,1,8388608,0.32598990201950073,0,completed,128,20.0,0.018371987982494398,0.01918011585002356
4,1082,185e953d57699e678314593985abe20c62d7d129,cuda,1.0,1,0.5,weak_mixture,0.8910822566358104,64,0.012376545102989911,0.010209208474977721,0.009293827234254759,0.02266798998689068,0.011587169402416601,standard normal at finite u_max,infinite,0.009293827863076642,0.012376545102989911,0.010209208474977667,cumulant,0.47175540501507013,0.0,8192,5312000,0.009293827863076531,1,8388608,0.3285931274294853,4,completed,128,20.0,0.022667989986890458,0.01159060954373089
4,1110,185e953d57699e678314593985abe20c62d7d129,cuda,1.0,1,0.5,weak_mixture,0.791367694627999,64,0.013583185230967354,0.0035184995049160946,0.0008665755414629661,0.0654873395923602,0.01071780525913457,standard normal at finite u_max,infinite,0.000866574912641499,0.013583185230967354,0.003518499504916143,cumulant,0.4951672279657282,0.0,8192,5312000,0.0008665749126411937,1,33554432,1.27566958963871,3,completed,512,20.0,0.06548733959236042,0.010717642843814974
4,1138,185e953d57699e678314593985abe20c62d7d129,cuda,1.0,1,0.5,weak_mixture,0.7740684406978108,64,0.012736925849441895,0.002142696958171611,0.0010107341072166376,0.09349868594554545,0.016687639524923022,standard normal at finite u_max,infinite,0.0010107334783952537,0.012736925849441895,0.002142696958171571,cumulant,0.49904397266068723,0.0,8192,5312000,0.001010733478394532,1,134217728,5.078623414039612,2,completed,2048,20.0,0.09349868594554511,0.01668640634817534
4,1166,185e953d57699e678314593985abe20c62d7d129,cuda,1.0,8,0.5,weak_mixture,0.7048605056945177,64,0.03418763407809388,0.030383471060625736,0.023996526127157053,0.05512964347207221,0.03606832132829906,standard normal at finite u_max,infinite,0.12512979018046322,0.03418763407809389,0.030383471060625722,cumulant,0.3939574789724175,0.04642499150921866,8192,38367232,0.023996526598773327,4,8388608,0.3292051628232002,1,completed,128,20.0,0.05512964347207225,0.03606795020348813
4,1194,185e953d57699e678314593985abe20c62d7d129,cuda,1.0,8,0.5,weak_mixture,0.9148659280326126,64,0.02293205423013592,0.017520972096070446,0.017395433901317127,0.044643802151310696,0.021425014426872654,standard normal at finite u_max,infinite,0.10670340285029586,0.02293205423013592,0.017520972096070446,cumulant,0.47161238327599514,0.031035364664667855,8192,38367232,0.017395433744111656,4,33554432,1.2822758108377457,0,completed,512,20.0,0.04464380215131064,0.02142474337655641
4,1222,185e953d57699e678314593985abe20c62d7d129,cuda,1.0,8,0.5,weak_mixture,0.6038208280225427,64,0.04109558584385169,0.03690139804499576,0.028495373620614953,0.1008755403094745,0.03988241317946603,standard normal at finite u_max,infinite,0.1485043739377088,0.04109558584385169,0.03690139804499579,cumulant,0.45917246132302586,0.06729931151571358,8192,38367232,0.028495373620615015,4,33554432,1.283082328736782,4,completed,512,20.0,0.10087554030947446,0.039882980061278564
4,1250,185e953d57699e678314593985abe20c62d7d129,cuda,1.0,8,0.5,weak_mixture,0.8879129425207619,64,0.020090095778899773,0.016300433922855965,0.012749323382305236,0.057578065848345766,0.020645131586356308,standard normal at finite u_max,infinite,0.10833913761740206,0.020090095778899773,0.01630043392285597,cumulant,0.49300805280724036,0.04044969262888749,8192,38367232,0.012749323067894433,4,134217728,5.076715208590031,3,completed,2048,20.0,0.05757806584834581,0.02064521116272008
4,19,185e953d57699e678314593985abe20c62d7d129,cuda,1.0,1,0.5,gaussian,0.9593849061033272,16,0.07912679278248985,0.044742498754628324,0.0029730755036401213,0.12128592173426656,0.04475521425442633,standard normal at finite u_max,finite,0.0029730809857023907,0.07912679278248985,0.04474249875462788,cv,0.33359595232196,0.0,8192,5179904,0.002973080985702481,9,4194304,0.28507374227046967,2,completed,128,20.0,0.12128592173426689,0.044754933280898315
4,47,185e953d57699e678314593985abe20c62d7d129,cuda,1.0,1,0.5,gaussian,0.8873427553556108,16,0.037195143055740065,0.012716527652542609,0.0016638067386071098,0.1011698339304603,0.015899294408732972,standard normal at finite u_max,finite,0.0016638122206709134,0.037195143055740065,0.012716527652542609,cv,0.4468560751470032,0.0,8192,5179904,0.0016638122206700245,10,16777216,1.0701804496347904,1,completed,512,20.0,0.10116983393045997,0.015900385873648597
4,75,185e953d57699e678314593985abe20c62d7d129,cuda,1.0,1,0.5,gaussian,0.5048192086020364,16,0.07791644040983675,0.04214511032991097,0.003201894436323016,0.09050114718190594,0.042945022077903315,standard normal at finite u_max,finite,0.003201899918386042,0.07791644040983675,0.042145110329911195,cv,0.4866617922118187,0.0,8192,5179904,0.003201899918386153,9,67108864,4.245728403329849,0,completed,2048,20.0,0.0905011471819055,0.04294542035065707
4,103,185e953d57699e678314593985abe20c62d7d129,cuda,1.0,1,0.5,gaussian,0.7444692992517211,16,0.02032241052079886,0.009767930665152469,7.740007238843383e-05,0.07148797096711945,0.010782109549663365,standard normal at finite u_max,finite,7.740555444852573e-05,0.02032241052079886,0.009767930665152691,cv,0.4779672634741292,0.0,8192,5179904,7.740555445112651e-05,10,67108864,4.224368188530207,4,completed,2048,20.0,0.07148797096711945,0.010780057122365043
4,131,185e953d57699e678314593985abe20c62d7d129,cuda,1.0,8,0.5,gaussian,0.983338412919414,16,0.05330191293382848,0.023919607930897327,0.002473488605574614,0.12713347630382899,0.027037123381697798,standard normal at finite u_max,finite,0.01568002282634873,0.05330191293382847,0.023919607930897216,cv,0.08879661906909102,0.03774802978447366,8192,37755904,0.0024734913466058217,22,4194304,0.2844974957406521,3,completed,128,20.0,0.12713347630382912,0.027037069083572954
4,159,185e953d57699e678314593985abe20c62d7d129,cuda,1.0,8,0.5,gaussian,0.8542108359602947,16,0.08445231639915202,0.04217606883512881,0.0024392164171197356,0.12555986826255966,0.04418973622379629,standard normal at finite u_max,finite,0.019228545566759885,0.08445231639915202,0.042176068835129144,cv,0.3515070377712398,0.07843830153627984,8192,37755904,0.002439221899182803,23,16777216,1.080247636884451,2,completed,512,20.0,0.1255598682625593,0.044189434766208145
4,187,185e953d57699e678314593985abe20c62d7d129,cuda,1.0,8,0.5,gaussian,0.9804745878352963,16,0.10555852564647963,0.05611556455186256,0.0034672776380528236,0.17515205606395323,0.058777687633413636,standard normal at finite u_max,finite,0.014957651288462784,0.10555852564647963,0.05611556455186249,cv,0.4672367213949318,0.12975708371809583,8192,37755904,0.0034672803790839896,24,67108864,4.272933155298233,1,completed,2048,20.0,0.1751520560639533,0.058777373736464106
4,215,185e953d57699e678314593985abe20c62d7d129,cuda,1.0,1,0.5,gaussian,0.940712827735515,64,0.032559719698452144,0.005561149994503745,1.3000392207196398e-08,0.11179474193413863,0.007766954867493046,standard normal at finite u_max,infinite,1.3000722165479317e-08,0.032559719698452144,0.0055611499945036336,cv,0.00016020270262135413,0.0,8192,5180928,1.3000722387523922e-08,39,4194304,0.2878645360469818,0,completed,128,20.0,0.11179474193413863,0.007765419257288969
4,243,185e953d57699e678314593985abe20c62d7d129,cuda,1.0,1,0.5,gaussian,0.9425576202975171,64,0.05655079701099497,0.016954382868664575,1.3000392207196398e-08,0.09313585696301296,0.01708013950455846,standard normal at finite u_max,infinite,1.3000720333611326e-08,0.05655079701099497,0.016954382868664686,cv,0.0003100416164371199,0.0,8192,5180928,1.300072272059083e-08,42,4194304,0.28929244726896286,4,completed,128,20.0,0.09313585696301263,0.01707856472227111
4,271,185e953d57699e678314593985abe20c62d7d129,cuda,1.0,1,0.5,gaussian,0.8861609708304574,64,0.06359261719143444,0.014320519270372478,1.3000392207196398e-08,0.19167434720069298,0.015422273615631437,standard normal at finite u_max,finite,1.3000720777700536e-08,0.06359261719143444,0.01432051927037259,cv,0.24586705197893405,0.0,8192,5180928,1.300072272059083e-08,37,16777216,1.07587181776762,3,completed,512,20.0,0.19167434720069276,0.015423457271266554
4,299,185e953d57699e678314593985abe20c62d7d129,cuda,1.0,1,0.5,gaussian,0.9998254932341091,64,0.047702384558679645,0.008199075912115439,1.3000392207196398e-08,0.13359187389582627,0.009790710274338883,standard normal at finite u_max,finite,1.3000721055256292e-08,0.047702384558679645,0.008199075912114884,cv,0.39319056384515366,0.0,8192,5180928,1.3000721721390107e-08,41,67108864,4.246053263545036,2,completed,2048,20.0,0.1335918738958266,0.00979134987388404
4,327,185e953d57699e678314593985abe20c62d7d129,cuda,1.0,8,0.5,gaussian,0.6599693570169062,64,0.09846830309554433,0.023705914423590588,1.3000392415363216e-08,0.1572855550717529,0.0253167216373969,standard normal at finite u_max,infinite,1.0400577584575003e-07,0.09846830309554433,0.02370591442359056,cv,0.00012420954689746296,0.049770063629826444,8192,37777408,1.3000722165479317e-08,50,4194304,0.2965611480176449,1,completed,128,20.0,0.15728555507175315,0.02531671338094396
4,355,185e953d57699e678314593985abe20c62d7d129,cuda,1.0,8,0.5,gaussian,0.8422080396950578,64,0.06025772990145541,0.01239657459199471,1.3000392415363216e-08,0.18613188405775177,0.016160751320603975,standard normal at finite u_max,finite,1.0400577445797125e-07,0.06025772990145542,0.012396574591994627,cv,0.05233451727056624,0.04701112985793969,8192,37777408,1.300072227650162e-08,86,16777216,1.113896831870079,0,completed,512,20.0,0.186131884057752,0.016161145747816987
4,383,185e953d57699e678314593985abe20c62d7d129,cuda,1.0,8,0.5,gaussian,0.7712200430109964,64,0.0910753086396198,0.02322929535607704,1.3000392415363216e-08,0.1410145004048607,0.02491115686833702,standard normal at finite u_max,finite,1.0400577517961621e-07,0.0910753086396198,0.023229295356077068,cv,0.10813307051211739,0.11218748691926066,8192,37777408,1.300072272059083e-08,83,16777216,1.1145628951489925,4,completed,512,20.0,0.1410145004048606,0.024911755819364167
4,411,185e953d57699e678314593985abe20c62d7d129,cuda,1.0,8,0.5,gaussian,0.9998141538095319,64,0.10428138728165881,0.02526966460179407,1.3000392415363216e-08,0.18537227144690804,0.028514220356778707,standard normal at finite u_max,finite,1.0400577806619608e-07,0.10428138728165884,0.025269664601794264,cv,0.32373852274690035,0.08705809797994486,8192,37777408,1.300072316468004e-08,95,67108864,4.335635431110859,3,completed,2048,20.0,0.1853722714469077,0.02851432760172187
4,439,185e953d57699e678314593985abe20c62d7d129,cuda,1.0,1,0.5,mixture,0.541268515516278,16,0.01285333876125272,0.015784612844318494,0.008197718637728169,0.006744427269052666,0.02320410422867651,standard normal at finite u_max,infinite,0.008197718578730084,0.01285333876125272,0.015784612844318313,cv,0.46693588508006795,0.0,8192,5179904,0.00819771857872953,1,4194304,0.2744653709232807,2,completed,128,20.0,0.0067444272690533325,0.023204901444562588
4,467,185e953d57699e678314593985abe20c62d7d129,cuda,1.0,1,0.5,mixture,0.9794677597365425,16,0.015459003341731004,0.035171722468269495,0.013100734076216425,0.012476075405184583,0.03523216527394728,standard normal at finite u_max,infinite,0.013100734135214342,0.015459003341731004,0.035171722468269634,cv,0.499297985008272,0.0,8192,5179904,0.013100734135215286,1,16777216,1.0653037168085575,1,completed,512,20.0,0.012476075405184361,0.03523164836677956
4,495,185e953d57699e678314593985abe20c62d7d129,cuda,1.0,1,0.5,mixture,0.5516488705624567,16,0.02683424567881454,0.05272094404741391,0.018778226851846214,0.014715703399214686,0.05617203443838527,standard normal at finite u_max,infinite,0.018778226792847574,0.02683424567881454,0.05272094404741379,cv,0.49299686479502997,0.0,8192,5179904,0.01877822679284724,1,67108864,4.236498136073351,0,completed,2048,20.0,0.014715703399214686,0.05616828063377434
4,523,185e953d57699e678314593985abe20c62d7d129,cuda,1.0,1,0.5,mixture,0.5259141080161699,16,0.016679550766265594,0.012955372226253786,0.00652729445604483,0.039035917742850534,0.02933693896613304,standard normal at finite u_max,infinite,0.006527294515042997,0.016679550766265594,0.012955372226253953,cv,0.5259141080161699,0.0,8192,5179904,0.00652729451504358,0,67108864,4.24225565418601,4,completed,2048,20.0,0.03903591774285031,0.029337518328214175
4,551,185e953d57699e678314593985abe20c62d7d129,cuda,1.0,8,0.5,mixture,0.9987650171211597,16,0.09111776891133824,0.19159927051279793,0.08188005497494236,0.047192878188936596,0.1957817897099979,standard normal at finite u_max,infinite,0.4753176474954763,0.09111776891133824,0.19159927051279788,cv,0.10033002355996175,0.13810748771288522,8192,37755904,0.0818800549601919,9,4194304,0.28163496032357216,3,completed,128,20.0,0.04719287818893651,0.19578202755999202
4,579,185e953d57699e678314593985abe20c62d7d129,cuda,1.0,8,0.5,mixture,0.6128185002002986,16,0.07425331687747914,0.14939517210894798,0.06330148030361499,0.032319087393721385,0.15698107260132732,standard normal at finite u_max,infinite,0.34181262914919175,0.07425331687747913,0.14939517210894798,cv,0.31993048807209706,0.13756912330019525,8192,37755904,0.06330148030361477,6,16777216,1.0834007076919079,2,completed,512,20.0,0.03231908739372123,0.15698055257382765
4,607,185e953d57699e678314593985abe20c62d7d129,cuda,1.0,8,0.5,mixture,0.9253677069364338,16,0.032392988055975826,0.059326223238917494,0.025795173262902704,0.01806199419978649,0.06603343385466252,standard normal at finite u_max,infinite,0.2849280690927244,0.032392988055975826,0.05932622323891751,cv,0.48504071682304284,0.07075961703033438,8192,37755904,0.025795173248152538,6,67108864,4.287441965192556,1,completed,2048,20.0,0.018061994199786657,0.06603322359122181
4,635,185e953d57699e678314593985abe20c62d7d129,cuda,1.0,1,0.5,mixture,0.9925475199318429,64,0.3092911866498663,0.7579509011658465,0.3051468870622363,0.98720708199078,0.7579532634461978,standard normal at finite u_max,infinite,0.30514688706223503,0.3092911866498663,0.7579509011658465,cv,0.00012959780359567087,0.0,8192,5180928,0.3051468870622338,27,4194304,0.28341198712587357,0,completed,128,20.0,0.98720708199078,0.757953128288545
4,663,185e953d57699e678314593985abe20c62d7d129,cuda,1.0,1,0.5,mixture,0.5087128644218141,64,0.312901992996267,0.750966732868257,0.3051468870622363,0.9886225352064693,0.7513180029210841,standard normal at finite u_max,infinite,0.30514688706223514,0.312901992996267,0.750966732868257,cv,0.000124554771920138,0.0,8192,5180928,0.3051468870622338,23,4194304,0.2841237671673298,4,completed,128,20.0,0.9886225352064693,0.751320204854914
4,691,185e953d57699e678314593985abe20c62d7d129,cuda,1.0,1,0.5,mixture,0.9939369398320639,64,0.13326665639824153,0.259747218910866,0.09930069055870078,0.21169593612870585,0.2598284420972856,standard normal at finite u_max,infinite,0.09930069055869899,0.13326665639824153,0.25974721891086583,cv,0.2451841612597457,0.0,8192,5180928,0.09930069055869833,22,16777216,1.0822280384600163,3,completed,512,20.0,0.21169593612870596,0.2598285810672334
4,719,185e953d57699e678314593985abe20c62d7d129,cuda,1.0,1,0.5,mixture,0.9093778277287106,64,0.08115837510749535,0.15548817618250826,0.057867413625927094,0.10607135181259775,0.15552699216657673,standard normal at finite u_max,infinite,0.05786741362592446,0.08115837510749535,0.1554881761825081,cv,0.41367785045068634,0.0,8192,5180928,0.05786741362592465,15,67108864,4.240350052714348,2,completed,2048,20.0,0.10607135181259797,0.15552664369867542
4,747,185e953d57699e678314593985abe20c62d7d129,cuda,1.0,8,0.5,mixture,0.9478076154664724,64,0.4978014115392524,1.116629314235891,0.45128672176555895,0.993426106875779,1.1244306028048006,standard normal at finite u_max,infinite,0.9953975204328008,0.49780141153925234,1.1166293142358912,cv,0.00012305875239585292,0.13758966993265587,8192,37777408,0.4512867217655583,33,4194304,0.29119617119431496,1,completed,128,20.0,0.9934261068757789,1.1244314654823016
4,775,185e953d57699e678314593985abe20c62d7d129,cuda,1.0,8,0.5,mixture,0.9997184554025977,64,0.398021437960432,0.8964261308377106,0.3538601652966774,0.9893031169508261,0.8992906056682887,standard normal at finite u_max,infinite,0.9761350792596962,0.398021437960432,0.8964261308377108,cv,0.001577808603813107,0.07790092063422056,8192,37777408,0.35386016529667547,85,16777216,1.1211796514689922,0,completed,512,20.0,0.9893031169508261,0.8992906295660776
4,803,185e953d57699e678314593985abe20c62d7d129,cuda,1.0,8,0.5,mixture,0.6150454392664629,64,0.31174158028972215,0.71448475749881,0.2840924926185861,0.726825300452411,0.7158007514419165,standard normal at finite u_max,infinite,0.9363670608081636,0.3117415802897221,0.7144847574988102,cv,0.007541494373088702,0.3261625215786454,8192,37777408,0.28409249261858416,79,16777216,1.1151720769703388,4,completed,512,20.0,0.7268253004524108,0.715801341742605
4,831,185e953d57699e678314593985abe20c62d7d129,cuda,1.0,8,0.5,mixture,0.9995526257458255,64,0.2902586768258947,0.6179690733882152,0.2527497437358287,0.45457475392924895,0.6244023612842168,standard normal at finite u_max,infinite,0.960574179197839,0.29025867682589473,0.6179690733882152,cv,0.21414198686861602,0.535799403426296,8192,37777408,0.2527497437358303,46,67108864,4.300150007009506,3,completed,2048,20.0,0.4545747539292493,0.6244018120052519
4,859,185e953d57699e678314593985abe20c62d7d129,cuda,1.0,1,0.5,weak_mixture,0.7886060434138097,16,0.020184511304670694,0.02039219157603652,0.019075448122387484,0.007120552218737197,0.02124885175195344,standard normal at finite u_max,finite,0.019075448618883217,0.020184511304670694,0.02039219157603655,cv,0.45234883177372653,0.0,8192,5179904,0.019075448618882662,1,4194304,0.2720087952911854,2,completed,128,20.0,0.007120552218737419,0.021250029088208014
4,887,185e953d57699e678314593985abe20c62d7d129,cuda,1.0,1,0.5,weak_mixture,0.9999639825243748,16,0.009734021031594042,0.0031874079756705025,0.0036900375024945253,0.039744923018751765,0.010418401543987307,standard normal at finite u_max,finite,0.003690037005999486,0.009734021031594042,0.003187407975670473,cv,0.49912219627293436,0.0,8192,5179904,0.003690037005999791,1,16777216,1.0626188665628433,1,completed,512,20.0,0.039744923018752765,0.01041678824708892
4,915,185e953d57699e678314593985abe20c62d7d129,cuda,1.0,1,0.5,weak_mixture,0.9426469656130246,16,0.018734421299691606,0.021824062572244327,0.018586318969371685,0.035833256023221516,0.02189076912088423,standard normal at finite u_max,finite,0.018586319465867474,0.018734421299691606,0.02182406257224436,cv,0.4971872768898732,0.0,8192,5179904,0.018586319465866863,1,67108864,4.231448978185654,0,completed,2048,20.0,0.035833256023221516,0.0218897067283303
4,943,185e953d57699e678314593985abe20c62d7d129,cuda,1.0,1,0.5,weak_mixture,0.9966322332917961,16,0.011935984515136444,0.003803024014602061,0.005084654261413912,0.029157606193730534,0.008596978974106322,standard normal at finite u_max,finite,0.005084654757908563,0.011935984515136444,0.0038030240146020907,cv,0.49982750909851414,0.0,8192,5179904,0.0050846547579088686,1,67108864,4.227744963020086,4,completed,2048,20.0,0.02915760619373109,0.008597272124802793
4,971,185e953d57699e678314593985abe20c62d7d129,cuda,1.0,8,0.5,weak_mixture,0.8700571121272366,16,0.016073493501990027,0.007953665964608853,0.003591128935345883,0.05878807065202653,0.015337796465475095,standard normal at finite u_max,finite,0.10576608534227819,0.016073493501990027,0.007953665964608858,cv,0.4225508568777507,0.03447919039940354,8192,37755904,0.003591128811222012,3,4194304,0.2768237926065922,3,completed,128,20.0,0.05878807065202675,0.015337863769728502
4,999,185e953d57699e678314593985abe20c62d7d129,cuda,1.0,8,0.5,weak_mixture,0.864269214352478,16,0.014285567508336976,0.011014466077582804,0.007568198741923694,0.02853238820721403,0.014392269509023222,standard normal at finite u_max,finite,0.09078220124013751,0.014285567508336976,0.011014466077582795,cv,0.4875511796659075,0.035618324806022894,8192,37755904,0.007568198741923576,3,16777216,1.0751177929341793,2,completed,512,20.0,0.028532388207214016,0.014392589575995079
4,1027,185e953d57699e678314593985abe20c62d7d129,cuda,1.0,8,0.5,weak_mixture,0.7925765116055646,16,0.019669012547540374,0.013096947490070291,0.012103617467175046,0.05405640126398377,0.018322009773496732,standard normal at finite u_max,finite,0.09446632618815295,0.019669012547540374,0.013096947490070305,cv,0.4943921149631892,0.02882350045869741,8192,37755904,0.012103617467175073,3,67108864,4.263702418655157,1,completed,2048,20.0,0.05405640126398377,0.018321807226125773
4,1055,185e953d57699e678314593985abe20c62d7d129,cuda,1.0,1,0.5,weak_mixture,0.6702657441190614,64,0.03259000874914941,0.033819600227579155,0.016652243841604686,0.11411063148624012,0.0348647983480362,standard normal at finite u_max,finite,0.016652243212782747,0.03259000874914941,0.0338196002275792,cv,0.46536415099604084,0.0,8192,5180928,0.016652243212782913,1,4194304,0.27551107108592987,0,completed,128,20.0,0.1141106314862399,0.03486533784321724
4,1083,185e953d57699e678314593985abe20c62d7d129,cuda,1.0,1,0.5,weak_mixture,0.748318539704783,64,0.01343232262570343,0.011080821691089801,0.008858022375123675,0.011841912962911483,0.012422361105081783,standard normal at finite u_max,finite,0.008858023003945559,0.01343232262570343,0.011080821691089744,cv,0.46416821031878047,0.0,8192,5180928,0.008858023003945337,1,4194304,0.27348922938108444,4,completed,128,20.0,0.011841912962911816,0.012420890172881607
4,1111,185e953d57699e678314593985abe20c62d7d129,cuda,1.0,1,0.5,weak_mixture,0.7544395337773421,64,0.05959120132983042,0.06725972140986067,0.047109649454863844,0.14899543363528678,0.06764505848916369,standard normal at finite u_max,finite,0.04710964882604193,0.05959120132983042,0.06725972140986072,cv,0.46380520155221394,0.0,8192,5180928,0.04710964882604196,2,16777216,1.066001895815134,3,completed,512,20.0,0.14899543363528678,0.06764467114436418
4,1139,185e953d57699e678314593985abe20c62d7d129,cuda,1.0,1,0.5,weak_mixture,0.9133842723791924,64,0.014008074157032424,0.007195401634070278,0.00751593148340679,0.06234087768528018,0.014363931185234376,standard normal at finite u_max,finite,0.0075159308545842685,0.014008074157032424,0.007195401634070326,cv,0.49886401490649307,0.0,8192,5180928,0.007515930854585018,1,67108864,4.23124311491847,2,completed,2048,20.0,0.062340877685280405,0.014363288422296474
4,1167,185e953d57699e678314593985abe20c62d7d129,cuda,1.0,8,0.5,weak_mixture,0.9056780989447683,64,0.02835461499584846,0.025308868067691875,0.019527026233150238,0.05144423812962233,0.0300373885199028,standard normal at finite u_max,finite,0.10990932403385695,0.02835461499584846,0.025308868067691857,cv,0.40423518307156114,0.038205058486658526,8192,37777408,0.019527026704766498,4,4194304,0.27708760276436806,1,completed,128,20.0,0.05144423812962243,0.030036634320922254
4,1195,185e953d57699e678314593985abe20c62d7d129,cuda,1.0,8,0.5,weak_mixture,0.9909546774086713,64,0.06199619186698454,0.06737831363336969,0.05414810429549923,0.07607001745674567,0.07052683866074691,standard normal at finite u_max,finite,0.1985385306115825,0.061996191866984546,0.06737831363336969,cv,0.48823155679526664,0.07225181197767995,8192,37777408,0.05414810398108833,5,16777216,1.076809074729681,0,completed,512,20.0,0.07607001745674569,0.07052691750692894
4,1223,185e953d57699e678314593985abe20c62d7d129,cuda,1.0,8,0.5,weak_mixture,0.8335248912735392,64,0.023115300955978097,0.015364644164584676,0.01293961503283364,0.06841836248779293,0.021497744647370073,standard normal at finite u_max,finite,0.10915915568700307,0.023115300955978097,0.015364644164584669,cv,0.47764251952253933,0.05296147022917384,8192,37777408,0.012939615032833626,4,16777216,1.077127106487751,4,completed,512,20.0,0.06841836248779287,0.021497490246813914
4,1251,185e953d57699e678314593985abe20c62d7d129,cuda,1.0,8,0.5,weak_mixture,0.5484037699020453,64,0.021925086665997046,0.01580296039669293,0.011011486822662696,0.046301934362267566,0.01892340276360439,standard normal at finite u_max,finite,0.10992886095599019,0.021925086665997046,0.015802960396692933,cv,0.49309608827644924,0.033667356169912434,8192,37777408,0.011011486979868187,4,67108864,4.2548218965530396,3,completed,2048,20.0,0.04630193436226737,0.01892304295596138
4,20,185e953d57699e678314593985abe20c62d7d129,cuda,1.0,1,0.5,gaussian,0.8570633981496011,16,0.044645064996754025,0.01896363014155622,0.0005844758269647476,0.024118114569219307,0.02044315993394194,standard normal at finite u_max,finite,0.0005844703449026812,0.044645064996754025,0.01896363014155611,cv_cumulant,0.27383140348011137,0.0,8192,5310976,0.000584470344902055,9,8388608,0.45687055960297585,2,completed,128,20.0,0.02411811456921953,0.020442395594830964
4,48,185e953d57699e678314593985abe20c62d7d129,cuda,1.0,1,0.5,gaussian,0.98990968355949,16,0.06326684905892088,0.03479780676801325,0.002545183534649942,0.12242294226736028,0.03548397856913266,standard normal at finite u_max,finite,0.0025451890167133206,0.06326684905892088,0.034797806768012696,cv_cumulant,0.46039057200712874,0.0,8192,5310976,0.0025451890167119684,9,33554432,1.7688316330313683,1,completed,512,20.0,0.12242294226736072,0.03548474300282886
4,76,185e953d57699e678314593985abe20c62d7d129,cuda,1.0,1,0.5,gaussian,0.5194491115745541,16,0.052765786565719786,0.027742331699462275,0.0018551720702058017,0.1292305832183659,0.02933607015891193,standard normal at finite u_max,finite,0.001855177552269216,0.052765786565719786,0.027742331699462164,cv_cumulant,0.48106546684371254,0.0,8192,5310976,0.0018551775522684943,8,134217728,7.043107349425554,0,completed,2048,20.0,0.12923058321836578,0.02933565896191831
4,104,185e953d57699e678314593985abe20c62d7d129,cuda,1.0,1,0.5,gaussian,0.831284314097077,16,0.19055490379906087,0.1072297394861278,0.009118648394743745,0.07892280789554162,0.10725299292862917,standard normal at finite u_max,finite,0.009118642912681725,0.19055490379906087,0.10722973948612813,cv_cumulant,0.4542560165308787,0.0,8192,5310976,0.009118642912681385,13,134217728,7.042911175638437,4,completed,2048,20.0,0.07892280789554174,0.10725270483515581
4,132,185e953d57699e678314593985abe20c62d7d129,cuda,1.0,8,0.5,gaussian,0.7234669082486428,16,0.0692915023907148,0.03464754279409414,0.002263679237723193,0.09474766838457381,0.03602390402973074,standard normal at finite u_max,finite,0.017824248131586243,0.0692915023907148,0.03464754279409436,cv_cumulant,0.05089747672882597,0.06471023956182202,8192,38345728,0.0022636847197862325,18,8388608,0.45612454041838646,3,completed,128,20.0,0.09474766838457344,0.036024245136559635
4,160,185e953d57699e678314593985abe20c62d7d129,cuda,1.0,8,0.5,gaussian,0.5128102837226693,16,0.0745443494829984,0.03611689347992382,0.0021850551417597064,0.1252328474989553,0.03861582777192986,standard normal at finite u_max,finite,0.01719525536387729,0.0745443494829984,0.03611689347992374,cv_cumulant,0.3821809825404976,0.06858042838857537,8192,38345728,0.002185060623822163,23,33554432,1.785972312092781,2,completed,512,20.0,0.12523284749895536,0.0386160231295896
4,188,185e953d57699e678314593985abe20c62d7d129,cuda,1.0,8,0.5,gaussian,0.518788543052233,16,0.07780281475341576,0.03728912999375958,0.0021773061020750883,0.1518487641111143,0.03849172688102046,standard normal at finite u_max,finite,0.017153902062136975,0.07780281475341576,0.03728912999375952,cv_cumulant,0.46291863236098685,0.049480511073720444,8192,38345728,0.0021773102136218997,22,134217728,7.083670124411583,1,completed,2048,20.0,0.15184876411111442,0.03849087750922778
4,216,185e953d57699e678314593985abe20c62d7d129,cuda,1.0,1,0.5,gaussian,0.9321624472920019,64,0.04269145069300684,0.0104344261046605,1.3000392207196398e-08,0.07476689576585271,0.010905600926523384,standard normal at finite u_max,infinite,1.300072050014478e-08,0.04269145069300684,0.010434426104660277,cv_cumulant,0.00012777602483008196,0.0,8192,5312000,1.3000722165479317e-08,41,8388608,0.4666389673948288,0,completed,128,20.0,0.07476689576585294,0.01090485717471318
4,244,185e953d57699e678314593985abe20c62d7d129,cuda,1.0,1,0.5,gaussian,0.5677511800074508,64,0.09211999879883487,0.028083764644334153,1.3000392207196398e-08,0.013547098511010436,0.02814483015024972,standard normal at finite u_max,infinite,1.3000723053657737e-08,0.09211999879883487,0.028083764644334153,cv_cumulant,0.00013572260905022707,0.0,8192,5312000,1.3000722498546224e-08,40,8388608,0.46683549508452415,4,completed,128,20.0,0.013547098511010658,0.028144677606237557
4,272,185e953d57699e678314593985abe20c62d7d129,cuda,1.0,1,0.5,gaussian,0.6360954649874752,64,0.02929543965770587,0.002643881905217582,1.3000392207196398e-08,0.17056941271269443,0.00879288405232751,standard normal at finite u_max,finite,1.3000723497746947e-08,0.02929543965770587,0.002643881905217693,cv_cumulant,0.18498286986924156,0.0,8192,5312000,1.300072272059083e-08,41,33554432,1.7893139123916626,3,completed,512,20.0,0.1705694127126942,0.008792448754717134
4,300,185e953d57699e678314593985abe20c62d7d129,cuda,1.0,1,0.5,gaussian,0.547865415725038,64,0.042026686311052,0.007792830091692626,1.3000392207196398e-08,0.1786047488450575,0.0112545571995655,standard normal at finite u_max,finite,1.3000721610367805e-08,0.042026686311052,0.007792830091692737,cv_cumulant,0.4180482277139969,0.0,8192,5312000,1.300072272059083e-08,40,134217728,7.055246077477932,2,completed,2048,20.0,0.17860474884505717,0.011253809480290138
4,328,185e953d57699e678314593985abe20c62d7d129,cuda,1.0,8,0.5,gaussian,0.5403302329298584,64,0.08825191655597939,0.02192189650916493,1.3000392415363216e-08,0.1702932426430177,0.024444144928471752,standard normal at finite u_max,infinite,1.0400577529063851e-07,0.08825191655597939,0.021921896509164984,cv_cumulant,0.0001232530168569826,0.12237219213548632,8192,38367232,1.3000722942635434e-08,49,8388608,0.47036199271678925,1,completed,128,20.0,0.17029324264301765,0.024445342121040554
4,356,185e953d57699e678314593985abe20c62d7d129,cuda,1.0,8,0.5,gaussian,0.628649360578679,64,0.14266348641636475,0.033588510881437716,1.3000392415363216e-08,0.24542039076050953,0.03710768451337469,standard normal at finite u_max,finite,1.0400577695597305e-07,0.14266348641636478,0.03358851088143769,cv_cumulant,0.05514912845237321,0.042199034345890694,8192,38367232,1.3000722498546224e-08,86,33554432,1.825215831398964,0,completed,512,20.0,0.24542039076050953,0.0371085522624921
4,384,185e953d57699e678314593985abe20c62d7d129,cuda,1.0,8,0.5,gaussian,0.9984223973794278,64,0.06389759589208036,0.012387430674329028,1.3000392415363216e-08,0.15375264942997974,0.016315101537200512,standard normal at finite u_max,finite,1.0400577334774822e-07,0.06389759589208036,0.012387430674329,cv_cumulant,0.070876203906105,0.08217897159783402,8192,38367232,1.3000722498546224e-08,86,33554432,1.8205331787467003,4,completed,512,20.0,0.15375264942997968,0.016314210645493286
4,412,185e953d57699e678314593985abe20c62d7d129,cuda,1.0,8,0.5,gaussian,0.940354176362113,64,0.11081381872893062,0.02665110769276094,1.3000392415363216e-08,0.20777115150092829,0.029507445957940734,standard normal at finite u_max,finite,1.0400577540166082e-07,0.11081381872893063,0.02665110769276098,cv_cumulant,0.3117291355821251,0.06072272117671514,8192,38367232,1.3000723386724644e-08,96,134217728,7.12623755633831,3,completed,2048,20.0,0.20777115150092762,0.029507328565373643
4,440,185e953d57699e678314593985abe20c62d7d129,cuda,1.0,1,0.5,mixture,0.9660243084706409,16,0.013903419505096576,0.01867896674735614,0.005120017584989867,0.0027338073162401777,0.018802565116931902,standard normal at finite u_max,infinite,0.005120017643988062,0.013903419505096576,0.01867896674735625,cv_cumulant,0.4361975892069584,0.0,8192,5310976,0.0051200176439887835,2,8388608,0.44944290444254875,2,completed,128,20.0,0.0027338073162399557,0.018805410488196974
4,468,185e953d57699e678314593985abe20c62d7d129,cuda,1.0,1,0.5,mixture,0.9195846744542737,16,0.03607267001157777,0.07085611799743152,0.02811969609464926,0.030466513812847484,0.07142731133641678,standard normal at finite u_max,infinite,0.02811969615364826,0.03607267001157777,0.07085611799743158,cv_cumulant,0.4743579216164863,0.0,8192,5310976,0.028119696153648288,2,33554432,1.7653074525296688,1,completed,512,20.0,0.030466513812847817,0.07142715673880276
4,496,185e953d57699e678314593985abe20c62d7d129,cuda,1.0,1,0.5,mixture,0.5304896709529259,16,0.03263469494585891,0.07122947385168918,0.02581020296820785,0.024262447190702363,0.0721374487791866,standard normal at finite u_max,infinite,0.025810203027206907,0.03263469494585891,0.07122947385168932,cv_cumulant,0.49878530821921113,0.0,8192,5310976,0.025810203027206713,1,134217728,7.024829167872667,0,completed,2048,20.0,0.024262447190702252,0.07213847205735649
4,524,185e953d57699e678314593985abe20c62d7d129,cuda,1.0,1,0.5,mixture,0.9999209127136273,16,0.03992154450518498,0.09935856961402417,0.034853974471924565,0.022479289631170074,0.09941603560320636,standard normal at finite u_max,infinite,0.034853974412924926,0.03992154450518498,0.09935856961402403,cv_cumulant,0.4975937272163596,0.0,8192,5310976,0.03485397441292565,2,134217728,7.016114521771669,4,completed,2048,20.0,0.022479289631170074,0.09941648524609316
4,552,185e953d57699e678314593985abe20c62d7d129,cuda,1.0,8,0.5,mixture,0.6858286659801589,16,0.0600740886625036,0.10612724214611999,0.04618550183426412,0.03386724342032356,0.11856741210168174,standard normal at finite u_max,infinite,0.3453792199765738,0.0600740886625036,0.10612724214612002,cv_cumulant,0.2485628567700721,0.08331236514076029,8192,38345728,0.046185501819514446,6,8388608,0.45286788418889046,3,completed,128,20.0,0.033867243420323684,0.1185666110984602
4,580,185e953d57699e678314593985abe20c62d7d129,cuda,1.0,8,0.5,mixture,0.8234828286374465,16,0.03818775173871017,0.07248113421332401,0.030345489682377456,0.02209918325833346,0.07693994849665975,standard normal at finite u_max,infinite,0.2692217859195887,0.03818775173871017,0.07248113421332403,cv_cumulant,0.4402623767570861,0.0733226414676475,8192,38345728,0.03034548968237736,5,33554432,1.7772357948124409,2,completed,512,20.0,0.022099183258333585,0.0769403261672658
4,608,185e953d57699e678314593985abe20c62d7d129,cuda,1.0,8,0.5,mixture,0.6673173732325602,16,0.04923169216390795,0.09933820409917937,0.04042120130656703,0.030883411062806912,0.10132515156748681,standard normal at finite u_max,infinite,0.2658460628572794,0.04923169216390795,0.09933820409917929,cv_cumulant,0.49271545979956305,0.07890413633430413,8192,38345728,0.04042120135081721,5,134217728,7.0745605900883675,1,completed,2048,20.0,0.03088341106280762,0.10132562667251431
4,636,185e953d57699e678314593985abe20c62d7d129,cuda,1.0,1,0.5,mixture,0.5421344041375199,64,0.31484386495542427,0.7565657191643262,0.3051468870622363,0.9890644084598954,0.756958488274746,standard normal at finite u_max,infinite,0.30514688706223403,0.31484386495542427,0.7565657191643258,cv_cumulant,0.000250337560439333,0.0,8192,5312000,0.3051468870622338,24,8388608,0.4548027366399765,0,completed,128,20.0,0.9890644084598954,0.7569585520281095
4,664,185e953d57699e678314593985abe20c62d7d129,cuda,1.0,1,0.5,mixture,0.5753179968353418,64,0.31761154346266074,0.7606988541507098,0.3051468870622363,0.9891835908501371,0.7612238108383621,standard normal at finite u_max,infinite,0.3051468870622357,0.31761154346266074,0.7606988541507103,cv_cumulant,0.00018169925894812375,0.0,8192,5312000,0.3051468870622338,22,8388608,0.45654839277267456,4,completed,128,20.0,0.9891835908501371,0.7612238873033776
4,692,185e953d57699e678314593985abe20c62d7d129,cuda,1.0,1,0.5,mixture,0.9905679454089809,64,0.07446532871502687,0.16381279418004596,0.07217845363243036,0.16272623979781786,0.1730215292690252,standard normal at finite u_max,infinite,0.07217845363242689,0.07446532871502687,0.16381279418004557,cv_cumulant,0.23915152288785702,0.0,8192,5312000,0.07217845363242797,15,33554432,1.7710623778402805,3,completed,512,20.0,0.1627262397978182,0.17302192646384418
4,720,185e953d57699e678314593985abe20c62d7d129,cuda,1.0,1,0.5,mixture,0.9973509030130994,64,0.02215791450120924,0.012321354402901663,0.0029985022261423966,0.002863345591477051,0.015190317548493407,standard normal at finite u_max,infinite,0.0029985022261452,0.02215791450120924,0.012321354402901719,cv_cumulant,0.4621261969813056,0.0,8192,5312000,0.00299850222614495,15,134217728,7.043668743222952,2,completed,2048,20.0,0.002863345591477051,0.015191810323947588
4,748,185e953d57699e678314593985abe20c62d7d129,cuda,1.0,8,0.5,mixture,0.9651200898704567,64,0.4175709680993147,1.0003306317015324,0.4025734435311181,0.9897209058692924,1.0023534222339938,standard normal at finite u_max,infinite,0.9895196464716113,0.41757096809931465,1.0003306317015317,cv_cumulant,0.00013627318445452486,0.06352382549812487,8192,38367232,0.4025734435311168,29,8388608,0.4625859893858433,1,completed,128,20.0,0.9897209058692924,1.0023540842901169
4,776,185e953d57699e678314593985abe20c62d7d129,cuda,1.0,8,0.5,mixture,0.959644483338418,64,0.1855234729459309,0.4125622044843894,0.16532003401741607,0.3710319956554991,0.4144792332591507,standard normal at finite u_max,infinite,0.8507748495270723,0.1855234729459309,0.4125622044843894,cv_cumulant,0.060256298670649876,0.28439244742525804,8192,38367232,0.16532003401741527,40,33554432,1.7979161329567432,0,completed,512,20.0,0.371031995655499,0.41447851749316
4,804,185e953d57699e678314593985abe20c62d7d129,cuda,1.0,8,0.5,mixture,0.6263706942857062,64,0.1887790323175337,0.4155483658233171,0.16856333898385661,0.27667476008939457,0.4232170203727057,standard normal at finite u_max,infinite,0.9089151533245838,0.18877903231753373,0.415548365823317,cv_cumulant,0.13813903028265112,0.4323037310928352,8192,38367232,0.16856333898385717,42,33554432,1.7981980554759502,4,completed,512,20.0,0.2766747600893946,0.423217236739257
4,832,185e953d57699e678314593985abe20c62d7d129,cuda,1.0,8,0.5,mixture,0.7760191206101795,64,0.35899915235234536,0.8540117763993057,0.34390341513711126,0.7322631766587536,0.8545915808283185,standard normal at finite u_max,infinite,0.950579438336819,0.35899915235234536,0.8540117763993058,cv_cumulant,0.4405244049768744,0.48975749137683006,8192,38367232,0.3439034151371099,37,134217728,7.114386074244976,3,completed,2048,20.0,0.7322631766587536,0.854591295599515
4,860,185e953d57699e678314593985abe20c62d7d129,cuda,1.0,1,0.5,weak_mixture,0.9383237023853942,16,0.016981201981928096,0.01222407615470913,0.016500964248021333,0.010838511556513053,0.013101209769289697,standard normal at finite u_max,finite,0.016500963751526487,0.016981201981928096,0.012224076154709093,cv_cumulant,0.4917002806978587,0.0,8192,5310976,0.01650096375152621,1,8388608,0.44614552706480026,2,completed,128,20.0,0.010838511556512609,0.013102660827714106
4,888,185e953d57699e678314593985abe20c62d7d129,cuda,1.0,1,0.5,weak_mixture,0.5317761661260977,16,0.05003938526724175,0.06108537493082882,0.03830608464937496,0.11193541838339005,0.06121041201422411,standard normal at finite u_max,finite,0.03830608415287992,0.05003938526724175,0.061085374930828766,cv_cumulant,0.479284662481765,0.0,8192,5310976,0.038306084152880004,1,33554432,1.7695905417203903,1,completed,512,20.0,0.1119354183833896,0.061208141474811475
4,916,185e953d57699e678314593985abe20c62d7d129,cuda,1.0,1,0.5,weak_mixture,0.8984575266943213,16,0.017536105184416367,0.012803603826457347,0.009992262582908695,0.03129719002321907,0.01411033003276253,standard normal at finite u_max,finite,0.00999226208641285,0.017536105184416367,0.01280360382645731,cv_cumulant,0.49959579426717826,0.0,8192,5310976,0.009992262086413628,1,134217728,7.034536603838205,0,completed,2048,20.0,0.031297190023218846,0.0141094431152851
4,944,185e953d57699e678314593985abe20c62d7d129,cuda,1.0,1,0.5,weak_mixture,0.9480956513624055,16,0.013206290989701386,0.010310975485003687,0.003397175731943314,0.025199472987610716,0.010759507649788353,standard normal at finite u_max,finite,0.003397176228438853,0.013206290989701386,0.010310975485003713,cv_cumulant,0.49989880606556975,0.0,8192,5310976,0.003397176228438381,1,134217728,7.055269505828619,4,completed,2048,20.0,0.02519947298761127,0.01075759775599243
4,972,185e953d57699e678314593985abe20c62d7d129,cuda,1.0,8,0.5,weak_mixture,0.7201046558788284,16,0.03172203224342241,0.02684752165657085,0.021840746044242243,0.05969382974118799,0.03164920871395446,standard normal at finite u_max,finite,0.11926925541106545,0.03172203224342241,0.026847521656570866,cv_cumulant,0.4036761127036269,0.0576800514865836,8192,38345728,0.02184074604424227,3,8388608,0.45270612090826035,3,completed,128,20.0,0.059693829741188004,0.03164936532676818
4,1000,185e953d57699e678314593985abe20c62d7d129,cuda,1.0,8,0.5,weak_mixture,0.9140492695787769,16,0.017989431269730773,0.014185517034802926,0.010664697013511623,0.047816302319206125,0.017642941382304725,standard normal at finite u_max,finite,0.09861535304719089,0.017989431269730773,0.014185517034802928,cv_cumulant,0.48306979292838925,0.035568345381656916,8192,38345728,0.010664697261759351,3,33554432,1.7745185792446136,2,completed,512,20.0,0.04781630231920618,0.01764235275140534
4,1028,185e953d57699e678314593985abe20c62d7d129,cuda,1.0,8,0.5,weak_mixture,0.8548744564116326,16,0.016557150732487355,0.01251754403867089,0.009533741637006002,0.040661610794548206,0.01688755159706351,standard normal at finite u_max,finite,0.08782287360888502,0.016557150732487355,0.012517544038670898,cv_cumulant,0.4943756390386617,0.026932895599563633,8192,38345728,0.009533741388758267,3,134217728,7.0743760615587234,1,completed,2048,20.0,0.040661610794548136,0.01688717298833488
4,1056,185e953d57699e678314593985abe20c62d7d129,cuda,1.0,1,0.5,weak_mixture,0.5196864994003364,64,0.018100600434609593,0.02181253478926061,0.00756616658219722,0.0700053105440892,0.022382712704607573,standard normal at finite u_max,finite,0.007566167211018465,0.018100600434609593,0.02181253478926056,cv_cumulant,0.4643050294900519,0.0,8192,5312000,0.007566167211019104,1,8388608,0.44686830043792725,0,completed,128,20.0,0.0700053105440892,0.02238136991559022
4,1084,185e953d57699e678314593985abe20c62d7d129,cuda,1.0,1,0.5,weak_mixture,0.8161580355705965,64,0.013395062715624517,0.010961778281344127,0.005555985305114364,0.016604518220685316,0.012080463479000048,standard normal at finite u_max,finite,0.005555985933935831,0.013395062715624517,0.010961778281344087,cv_cumulant,0.4904833101778919,0.0,8192,5312000,0.005555985933936358,1,8388608,0.4473128952085972,4,completed,128,20.0,0.016604518220685538,0.012081515482880967
4,1112,185e953d57699e678314593985abe20c62d7d129,cuda,1.0,1,0.5,weak_mixture,0.8007565759116169,64,0.013757907336570174,0.0026947030273188864,0.003283184622731694,0.0745290621354765,0.013601553994885697,standard normal at finite u_max,finite,0.0032831852515537996,0.013757907336570174,0.002694703027318836,cv_cumulant,0.4977429846699975,0.0,8192,5312000,0.0032831852515533555,1,33554432,1.7679973803460598,3,completed,512,20.0,0.07452906213547672,0.013600230759846947
4,1140,185e953d57699e678314593985abe20c62d7d129,cuda,1.0,1,0.5,weak_mixture,0.7582652381571862,64,0.017668941713523095,0.005250102314637201,0.001711416100505847,0.07763222585142526,0.01435118453930004,standard normal at finite u_max,finite,0.0017114167293283966,0.017668941713523095,0.005250102314637158,cv_cumulant,0.49887219738861716,0.0,8192,5312000,0.0017114167293278415,1,134217728,7.34439666941762,2,completed,2048,20.0,0.07763222585142504,0.01435081840917179
4,1168,185e953d57699e678314593985abe20c62d7d129,cuda,1.0,8,0.5,weak_mixture,0.8923603660033279,64,0.025538912901037814,0.025156439057512067,0.01837401047322903,0.03752513778110125,0.026607967365915784,standard normal at finite u_max,finite,0.11586947618148721,0.025538912901037814,0.02515643905751206,cv_cumulant,0.4183840917299605,0.03967862726419409,8192,38367232,0.018374010630434465,4,8388608,0.45469919964671135,1,completed,128,20.0,0.03752513778110125,0.02660737904582458
4,1196,185e953d57699e678314593985abe20c62d7d129,cuda,1.0,8,0.5,weak_mixture,0.7652542985853207,64,0.029662656646184633,0.02773595505248935,0.022282309598448465,0.05769467500124467,0.030776174268309513,standard normal at finite u_max,finite,0.13322441202464042,0.029662656646184633,0.02773595505248936,cv_cumulant,0.47559047995980364,0.07016651567520632,8192,38367232,0.022282309598448506,4,33554432,1.7880284935235977,0,completed,512,20.0,0.05769467500124485,0.030776325128249744
4,1224,185e953d57699e678314593985abe20c62d7d129,cuda,1.0,8,0.5,weak_mixture,0.8809456203258247,64,0.02242173987841773,0.019695688551944694,0.01700873792428468,0.03408353110343913,0.02151585138644493,standard normal at finite u_max,finite,0.11007920969564189,0.02242173987841773,0.0196956885519447,cv_cumulant,0.4847315532373307,0.0451383876280171,8192,38367232,0.017008738081490116,4,33554432,1.7846828773617744,4,completed,512,20.0,0.03408353110343919,0.021515682339548543
4,1252,185e953d57699e678314593985abe20c62d7d129,cuda,1.0,8,0.5,weak_mixture,0.9486771784052889,64,0.02542545179202943,0.02284600291536051,0.01847253211995914,0.057036184131617346,0.025620899289085113,standard normal at finite u_max,finite,0.10388260542828118,0.02542545179202943,0.022846002915360493,cv_cumulant,0.4930129954857394,0.022944637708454115,8192,38367232,0.018472532277164506,4,134217728,7.089373901486397,3,completed,2048,20.0,0.057036184131617526,0.02562092161762666
4,21,185e953d57699e678314593985abe20c62d7d129,cuda,1.0,1,0.5,gaussian,0.7362808883396669,16,0.0851493278333374,0.04526416503311681,0.0029706642469340405,0.1274137870195653,0.0460719340100131,standard normal at finite u_max,finite,0.0029706697289970845,0.0851493278333374,0.0452641650331167,full,0.3348391801075986,0.0,8192,10948608,0.002970669728996733,9,16777216,0.16523859649896622,3,completed,128,20.0,0.12741378701956518,0.04607104225561631
4,49,185e953d57699e678314593985abe20c62d7d129,cuda,1.0,1,0.5,gaussian,0.9999578500712473,16,0.07041345278415578,0.03436239989944345,0.003201894436323016,0.1216632790713994,0.03483500374173312,standard normal at finite u_max,finite,0.0032018999183853203,0.07041345278415578,0.03436239989944334,full,0.4474873857603444,0.0,8192,10948608,0.003201899918385709,9,67108864,0.6020600832998753,2,completed,512,20.0,0.12166327907139929,0.034835500654441645
4,77,185e953d57699e678314593985abe20c62d7d129,cuda,1.0,1,0.5,gaussian,0.9402908480550451,16,0.0859875188400378,0.04915835337737051,0.003201894436323016,0.12852511807953604,0.04920129691653197,standard normal at finite u_max,finite,0.0032018999183842656,0.0859875188400378,0.04915835337737007,full,0.49212089604653436,0.0,8192,10948608,0.0032018999183852648,10,268435456,2.37041175365448,1,completed,2048,20.0,0.12852511807953626,0.049202165814314365
4,105,185e953d57699e678314593985abe20c62d7d129,cuda,1.0,8,0.5,gaussian,0.9105843119246407,16,0.06458477069524715,0.03445964027021779,0.00201209351797349,0.08957581474738445,0.034936931692646014,standard normal at finite u_max,finite,0.01581156237358738,0.06458477069524715,0.03445964027021768,full,0.050693208219800986,0.053727757122042176,8192,85731328,0.0020120990000358496,19,16777216,0.20686987042427063,0,completed,128,20.0,0.08957581474738467,0.034937090645967506
4,133,185e953d57699e678314593985abe20c62d7d129,cuda,1.0,8,0.5,gaussian,0.9170358652439041,16,0.07929975178200521,0.04160331415647285,0.0024476422768188733,0.10311765006358807,0.0422567912260787,standard normal at finite u_max,finite,0.019295952444351554,0.07929975178200521,0.04160331415647296,full,0.12019101692317034,0.039111225993024766,8192,85731328,0.0024476477588817186,19,16777216,0.20407627522945404,4,completed,128,20.0,0.10311765006358783,0.04225696287291126
4,161,185e953d57699e678314593985abe20c62d7d129,cuda,1.0,8,0.5,gaussian,0.5063268938516765,16,0.07216418133656796,0.03344752954224596,0.0021201737047309988,0.15631918545191556,0.03713842678227544,standard normal at finite u_max,finite,0.01583150470121038,0.07216418133656796,0.033447529542245905,full,0.41663162733873593,0.0666479570617782,8192,85731328,0.0021201778162779072,22,67108864,0.7497732155025005,3,completed,512,20.0,0.1563191854519157,0.03713819826866169
4,189,185e953d57699e678314593985abe20c62d7d129,cuda,1.0,8,0.5,gaussian,0.7025273789718207,16,0.05866531943726666,0.028491016572337685,0.0023244428425993613,0.11003073956459407,0.03157645805087166,standard normal at finite u_max,finite,0.013707415785187131,0.058665319437266654,0.028491016572337546,full,0.46421796121007014,0.12257003937430799,8192,85731328,0.002324444213114965,23,268435456,2.9349121674895287,2,completed,2048,20.0,0.11003073956459418,0.031576458698649536
4,217,185e953d57699e678314593985abe20c62d7d129,cuda,1.0,1,0.5,gaussian,0.9013711535729859,64,0.07708975983499627,0.02067265757927006,1.3000392207196398e-08,0.018615200144799005,0.020781109609712696,standard normal at finite u_max,infinite,1.3000724052858459e-08,0.07708975983499627,0.020672657579269726,full,0.00014630537095293585,0.0,8192,42406912,1.3000722054457015e-08,40,67108864,0.17972995340824127,1,completed,128,20.0,0.01861520014479856,0.02078136258245651
4,245,185e953d57699e678314593985abe20c62d7d129,cuda,1.0,1,0.5,gaussian,0.9736431262097782,64,0.09615027532427045,0.02770797832520977,1.3000392207196398e-08,0.13228028283894167,0.027849373836709636,standard normal at finite u_max,finite,1.3000722165479317e-08,0.09615027532427045,0.027707978325210103,full,0.17778709997228925,0.0,8192,42406912,1.3000722942635434e-08,42,268435456,0.6178678683936596,0,completed,512,20.0,0.1322802828389411,0.027849978675606183
4,273,185e953d57699e678314593985abe20c62d7d129,cuda,1.0,1,0.5,gaussian,0.8989398324040607,64,0.06146223966956205,0.014618078140820834,1.3000392207196398e-08,0.13451866988821126,0.01470139902054524,standard normal at finite u_max,finite,1.3000722109968166e-08,0.06146223966956205,0.014618078140820945,full,0.15157044346299195,0.0,8192,42406912,1.300072272059083e-08,43,268435456,0.6146646589040756,4,completed,512,20.0,0.13451866988821093,0.014702590156775289
4,301,185e953d57699e678314593985abe20c62d7d129,cuda,1.0,1,0.5,gaussian,0.8917756446165668,64,0.04830482320458379,0.009607417999048296,1.3000392207196398e-08,0.18964565910494824,0.012320161198168356,standard normal at finite u_max,finite,1.3000722109968166e-08,0.04830482320458379,0.009607417999048184,full,0.30992768451188857,0.0,8192,42406912,1.3000722387523922e-08,45,1073741824,2.379133813083172,3,completed,2048,20.0,0.18964565910494813,0.012319916901292291
4,329,185e953d57699e678314593985abe20c62d7d129,cuda,1.0,8,0.5,gaussian,0.6831926068736088,64,0.04520553619339756,0.008444449988903938,1.3000392415363216e-08,0.14814815665871772,0.011168291745209105,standard normal at finite u_max,infinite,1.0400577684495075e-07,0.04520553619339756,0.008444449988903938,full,0.000122886868464678,0.040311715576474214,8192,337420288,1.3000722498546224e-08,51,67108864,0.5056452862918377,2,completed,128,20.0,0.14814815665871772,0.011167956452070402
4,357,185e953d57699e678314593985abe20c62d7d129,cuda,1.0,8,0.5,gaussian,0.9948607939665663,64,0.057257001112749166,0.01235403346086332,1.3000392415363216e-08,0.18567200762959923,0.0151068658817456,standard normal at finite u_max,finite,1.04005774735527e-07,0.05725700111274917,0.012354033460863376,full,0.08287215449496663,0.06434275600429537,8192,337420288,1.300072272059083e-08,80,268435456,1.913645964115858,1,completed,512,20.0,0.18567200762959904,0.015106428569018717
4,385,185e953d57699e678314593985abe20c62d7d129,cuda,1.0,8,0.5,gaussian,0.7204965696616671,64,0.05697663540013085,0.011898445048660986,1.3000392415363216e-08,0.17275470545886074,0.015307698462901904,standard normal at finite u_max,finite,1.0400577595677233e-07,0.05697663540013086,0.011898445048660708,full,0.3686917021370185,0.0926123388693898,8192,337420288,1.3000722054457015e-08,91,1073741824,7.508309554308653,0,completed,2048,20.0,0.17275470545886107,0.015307646822084813
4,413,185e953d57699e678314593985abe20c62d7d129,cuda,1.0,8,0.5,gaussian,0.6206165387617515,64,0.07664175420724534,0.01705181276194151,1.3000392415363216e-08,0.19111321085284919,0.01962940656016608,standard normal at finite u_max,finite,1.0400577640086154e-07,0.07664175420724535,0.01705181276194151,full,0.3699271933864791,0.05824085044959636,8192,337420288,1.3000722498546224e-08,92,1073741824,7.515149015933275,4,completed,2048,20.0,0.1911132108528492,0.019629112961198028
4,441,185e953d57699e678314593985abe20c62d7d129,cuda,1.0,1,0.5,mixture,0.9854373017010489,16,0.013950179121381523,0.02220664080904146,0.009096217850426302,0.011852650011505705,0.025940486457200387,standard normal at finite u_max,finite,0.009096217791427219,0.013950179121381523,0.022206640809041278,full,0.43018888917949144,0.0,8192,10948608,0.009096217791427663,2,16777216,0.15660028904676437,3,completed,128,20.0,0.011852650011506372,0.02593829123678465
4,469,185e953d57699e678314593985abe20c62d7d129,cuda,1.0,1,0.5,mixture,0.677997966214621,16,0.007937314416433777,0.0012509327920153662,0.002091418473419815,0.007084270513070257,0.007549761125902267,standard normal at finite u_max,finite,0.002091418532418371,0.007937314416433777,0.0012509327920155605,full,0.49412011165420766,0.0,8192,10948608,0.0020914185324185097,1,67108864,0.5969440191984177,2,completed,512,20.0,0.007084270513070923,0.00754867724279188
4,497,185e953d57699e678314593985abe20c62d7d129,cuda,1.0,1,0.5,mixture,0.9024710958270045,16,0.030263380062588302,0.022315259376261012,0.0037667705455096123,0.02681867407974492,0.02381463181849097,standard normal at finite u_max,finite,0.003766770486511667,0.030263380062588302,0.022315259376260874,full,0.4987051060434349,0.0,8192,10948608,0.003766770486510751,1,268435456,2.361171070486307,1,completed,2048,20.0,0.026818674079744698,0.023813805854293244
4,525,185e953d57699e678314593985abe20c62d7d129,cuda,1.0,8,0.5,mixture,0.8780269024716167,16,0.2661941911620727,0.6145807159608222,0.2519669158134119,0.19227680057447716,0.614680024721434,standard normal at finite u_max,finite,0.5783039527988696,0.26619419116207277,0.6145807159608223,full,0.17014291024044875,0.341385945439492,8192,85731328,0.25196691581341146,7,16777216,0.1995151937007904,0,completed,128,20.0,0.192276800574477,0.614680619251198
4,553,185e953d57699e678314593985abe20c62d7d129,cuda,1.0,8,0.5,mixture,0.9619744805588617,16,0.043229869801423834,0.08036657645460747,0.03522781925095282,0.023278125581962933,0.08317775672220372,standard normal at finite u_max,finite,0.318080663273265,0.043229869801423834,0.08036657645460749,full,0.29772961097526784,0.06589343520075967,8192,85731328,0.035227819250952745,6,16777216,0.20299940556287766,4,completed,128,20.0,0.023278125581962947,0.08317693659943987
4,581,185e953d57699e678314593985abe20c62d7d129,cuda,1.0,8,0.5,mixture,0.5433463433291437,16,0.02605115965773112,0.04806777017179639,0.020292241638409446,0.013253838212498273,0.05052601314356404,standard normal at finite u_max,finite,0.23295985280694817,0.02605115965773112,0.048067770171796406,full,0.47827780129559383,0.04101651407446974,8192,85731328,0.02029224163840987,4,67108864,0.7495328448712826,3,completed,512,20.0,0.013253838212498287,0.050525110295253924
4,609,185e953d57699e678314593985abe20c62d7d129,cuda,1.0,8,0.5,mixture,0.887050819270925,16,0.07178673174017572,0.1588565890811955,0.0674813927884382,0.033788143925737577,0.16084330997808222,standard normal at finite u_max,finite,0.28973727172849384,0.07178673174017572,0.15885658908119546,full,0.4693044700448684,0.13828994809269726,8192,85731328,0.06748139278843776,6,268435456,2.9243667870759964,2,completed,2048,20.0,0.033788143925737577,0.16084380715080082
4,637,185e953d57699e678314593985abe20c62d7d129,cuda,1.0,1,0.5,mixture,0.9593368837746938,64,0.6946762249140228,1.7247118756606359,0.6942881952356099,0.9842577392380856,1.7247249860286586,standard normal at finite u_max,infinite,0.6942881952356137,0.6946762249140228,1.7247118756606366,full,0.0002748906611686903,0.0,8192,42406912,0.6942881952356129,22,67108864,0.16171685606241226,1,completed,128,20.0,0.9842577392380856,1.7247254751613763
4,665,185e953d57699e678314593985abe20c62d7d129,cuda,1.0,1,0.5,mixture,0.9929159510457024,64,0.034299997902279555,0.05197121818271805,0.02542320219968891,0.06482344296270526,0.06614154921966209,standard normal at finite u_max,finite,0.025423202199691908,0.034299997902279555,0.051971218182718104,full,0.4139563521918592,0.0,8192,42406912,0.025423202199691408,12,268435456,0.6036253646016121,0,completed,512,20.0,0.06482344296270526,0.06614299660961541
4,693,185e953d57699e678314593985abe20c62d7d129,cuda,1.0,1,0.5,mixture,0.8900717914266147,64,0.24292013201555018,0.5788762103788971,0.22690285448456343,0.645192502166789,0.5789046668533973,standard normal at finite u_max,finite,0.2269028544845602,0.24292013201555018,0.5788762103788974,full,0.2796983261128847,0.0,8192,42406912,0.22690285448456088,15,268435456,0.6043853610754013,4,completed,512,20.0,0.6451925021667888,0.5789050776934033
4,721,185e953d57699e678314593985abe20c62d7d129,cuda,1.0,1,0.5,mixture,0.6838633475516613,64,0.06122612669293026,0.13729658636853953,0.05450799178402943,0.12005541970018585,0.138045095317936,standard normal at finite u_max,finite,0.05450799178402657,0.06122612669293026,0.13729658636853914,full,0.4719862843396953,0.0,8192,42406912,0.0545079917840271,13,1073741824,2.373758763074875,3,completed,2048,20.0,0.1200554197001864,0.13804415158449956
4,749,185e953d57699e678314593985abe20c62d7d129,cuda,1.0,8,0.5,mixture,0.9867685902771571,64,0.41088787278905675,1.0010207078004942,0.4025734435311181,0.9880322901495965,1.0011799902349199,standard normal at finite u_max,infinite,0.9895196464716084,0.4108878727890568,1.001020707800494,full,0.0002480680131131172,0.04043898824784186,8192,337420288,0.4025734435311167,27,67108864,0.4972875081002712,2,completed,128,20.0,0.9880322901495967,1.001180185986418
4,777,185e953d57699e678314593985abe20c62d7d129,cuda,1.0,8,0.5,mixture,0.9460175841110813,64,0.46245529101049926,1.114410313494945,0.44363616579415566,0.9525703378853255,1.114469982788659,standard normal at finite u_max,finite,0.9816703443075525,0.46245529101049926,1.1144103134949452,full,0.1406784617720395,0.3350794885291348,8192,337420288,0.44363616579415527,40,268435456,1.9050260074436665,1,completed,512,20.0,0.9525703378853254,1.114469524180518
4,805,185e953d57699e678314593985abe20c62d7d129,cuda,1.0,8,0.5,mixture,0.9224111826834085,64,0.3499065101953396,0.8387903059154672,0.340117599007368,0.6534809424980198,0.8405387410923523,standard normal at finite u_max,finite,0.9561345624803965,0.3499065101953396,0.8387903059154674,full,0.40957410783177656,0.47505028858954856,8192,337420288,0.3401175990073674,38,1073741824,7.499984927475452,0,completed,2048,20.0,0.6534809424980197,0.8405389592374295
4,833,185e953d57699e678314593985abe20c62d7d129,cuda,1.0,8,0.5,mixture,0.999549037030863,64,0.47514972253154053,1.1278067871360482,0.45921833112483534,0.8029785459251083,1.1315615103020678,standard normal at finite u_max,finite,0.9673734263141979,0.4751497225315406,1.127806787136047,full,0.3787581138824577,0.5106397374320648,8192,337420288,0.45921833112483496,36,1073741824,7.497153040021658,4,completed,2048,20.0,0.8029785459251084,1.131561204575072
4,861,185e953d57699e678314593985abe20c62d7d129,cuda,1.0,1,0.5,weak_mixture,0.9739138262303372,16,0.01152808057380017,0.011841164504534037,0.00503451719095338,0.008871698323629662,0.011948033409444565,standard normal at finite u_max,finite,0.005034517687448198,0.01152808057380017,0.011841164504534067,full,0.46661302717772984,0.0,8192,10948608,0.005034517687448448,1,16777216,0.1572859212756157,3,completed,128,20.0,0.00887169832362944,0.01195045353512181
4,889,185e953d57699e678314593985abe20c62d7d129,cuda,1.0,1,0.5,weak_mixture,0.9477353492026058,16,0.009127909998743827,0.010497353771946636,0.005562136971661524,0.008521538981045018,0.010770260236967328,standard normal at finite u_max,finite,0.005562137468156814,0.009127909998743827,0.010497353771946669,full,0.49491982355186687,0.0,8192,10948608,0.005562137468156592,1,67108864,0.5967867448925972,2,completed,512,20.0,0.008521538981045351,0.010768767163587845
4,917,185e953d57699e678314593985abe20c62d7d129,cuda,1.0,1,0.5,weak_mixture,0.8669894483498081,16,0.010019775680820797,0.001909141517973445,0.007810240677295188,0.018044064951501904,0.010249375157419024,standard normal at finite u_max,finite,0.007810241173789645,0.010019775680820797,0.0019091415179734814,full,0.49768261067485353,0.0,8192,10948608,0.0078102411737903665,1,268435456,2.370413437485695,1,completed,2048,20.0,0.018044064951501904,0.010251216589024567
4,945,185e953d57699e678314593985abe20c62d7d129,cuda,1.0,8,0.5,weak_mixture,0.5593262334582546,16,0.025929443500752488,0.02267540431946026,0.016298359376412247,0.08000506348117711,0.02558757831461735,standard normal at finite u_max,finite,0.1128377591725473,0.025929443500752488,0.022675404319460277,full,0.47136332753216226,0.06282389082915062,8192,85731328,0.01629835962465996,3,16777216,0.20214584469795227,0,completed,128,20.0,0.0800050634811773,0.025587560468251048
4,973,185e953d57699e678314593985abe20c62d7d129,cuda,1.0,8,0.5,weak_mixture,0.9745507842640101,16,0.24726080670037015,0.2860237562512916,0.20373751495944337,0.20024887183345236,0.29085129474146143,standard normal at finite u_max,finite,0.5181680333249772,0.24726080670037015,0.2860237562512915,full,0.34450407721115184,0.21966837523744917,8192,85731328,0.20373751471119567,5,16777216,0.20302272215485573,4,completed,128,20.0,0.20024887183345236,0.2908512885608847
4,1001,185e953d57699e678314593985abe20c62d7d129,cuda,1.0,8,0.5,weak_mixture,0.8917382670398668,16,0.017963820144982087,0.009824245449157009,0.010110219307821099,0.05039096858645897,0.01650435413678449,standard normal at finite u_max,finite,0.0897408454754769,0.017963820144982087,0.009824245449156995,full,0.4780123519563213,0.02293650385670159,8192,85731328,0.010110219059573315,3,67108864,0.7491451762616634,3,completed,512,20.0,0.05039096858645867,0.016503372659912054
4,1029,185e953d57699e678314593985abe20c62d7d129,cuda,1.0,8,0.5,weak_mixture,0.9977021527338386,16,0.03202315414256088,0.03445249569388993,0.02348531988220514,0.04969648634161758,0.03675103993812873,standard normal at finite u_max,finite,0.12388734220821299,0.03202315414256088,0.034452495693889945,full,0.49515106906634204,0.05624194331176495,8192,85731328,0.023485319882205175,4,268435456,2.92227566242218,2,completed,2048,20.0,0.04969648634161765,0.036750745259334736
4,1057,185e953d57699e678314593985abe20c62d7d129,cuda,1.0,1,0.5,weak_mixture,0.997701001740871,64,0.03951245092376188,0.04745936429151425,0.02670502157207555,0.17993762243654543,0.0475687201315801,standard normal at finite u_max,finite,0.02670502220089785,0.03951245092376188,0.04745936429151418,full,0.4632693330060334,0.0,8192,42406912,0.02670502220089721,2,67108864,0.15681452676653862,1,completed,128,20.0,0.17993762243654499,0.047568751547973596
4,1085,185e953d57699e678314593985abe20c62d7d129,cuda,1.0,1,0.5,weak_mixture,0.8326399833862026,64,0.010870964698018182,0.008629391637875232,0.005479801960998287,0.0037269908937859197,0.010086791702999533,standard normal at finite u_max,finite,0.005479801332176654,0.010870964698018182,0.00862939163787528,full,0.49516082654371246,0.0,8192,42406912,0.005479801332176515,1,268435456,0.599365621805191,0,completed,512,20.0,0.003726990893786253,0.010087867864118132
4,1113,185e953d57699e678314593985abe20c62d7d129,cuda,1.0,1,0.5,weak_mixture,0.7461405624573321,64,0.01219468585528305,0.003344903319957994,0.005352369403249013,0.034879607986831984,0.009259308077790619,standard normal at finite u_max,finite,0.0053523687744272685,0.01219468585528305,0.0033449033199580407,full,0.49704596799426126,0.0,8192,42406912,0.00535236877442713,1,268435456,0.5985410511493683,4,completed,512,20.0,0.034879607986831984,0.009259395280705981
4,1141,185e953d57699e678314593985abe20c62d7d129,cuda,1.0,1,0.5,weak_mixture,0.6888789563435492,64,0.025378472321469725,0.024431372555920212,0.015320575425478489,0.05302073336288404,0.024804209915632043,standard normal at finite u_max,finite,0.015320576054299623,0.025378472321469725,0.02443137255592017,full,0.49779282495531824,0.0,8192,42406912,0.015320576054300483,1,1073741824,2.366950996220112,3,completed,2048,20.0,0.053020733362884265,0.024804167058797955
4,1169,185e953d57699e678314593985abe20c62d7d129,cuda,1.0,8,0.5,weak_mixture,0.7536472703088776,64,0.037803324303472226,0.03889020621493615,0.03160249583078061,0.06105212459186046,0.040750837045717664,standard normal at finite u_max,finite,0.13912684220501334,0.037803324303472226,0.03889020621493616,full,0.3869429805165716,0.05261635070316157,8192,337420288,0.03160249567357522,4,67108864,0.49112990871071815,2,completed,128,20.0,0.06105212459186049,0.040750275776086566
4,1197,185e953d57699e678314593985abe20c62d7d129,cuda,1.0,8,0.5,weak_mixture,0.9857053763013066,64,0.026751275497098787,0.022307597455948777,0.01952489059138618,0.05783548190822796,0.02588515151265174,standard normal at finite u_max,finite,0.10492242470341952,0.026751275497098787,0.022307597455948798,full,0.47475544240784867,0.036749203299247746,8192,337420288,0.01952488996256413,4,268435456,1.894540123641491,1,completed,512,20.0,0.05783548190822728,0.025884820286271766
4,1225,185e953d57699e678314593985abe20c62d7d129,cuda,1.0,8,0.5,weak_mixture,0.891166168305482,64,0.024678740909397694,0.020428379640143594,0.017694549449112827,0.055578452212378976,0.023813952517225644,standard normal at finite u_max,finite,0.10074009654646865,0.024678740909397694,0.0204283796401436,full,0.4955414931951278,0.03271931332067097,8192,337420288,0.01769454913470201,4,1073741824,7.4839186668396,0,completed,2048,20.0,0.055578452212378684,0.023813773675979432
4,1253,185e953d57699e678314593985abe20c62d7d129,cuda,1.0,8,0.5,weak_mixture,0.9489562508111993,64,0.028849243227168232,0.026668602270144382,0.02200691526891102,0.06294523118993268,0.02999689157133624,standard normal at finite u_max,finite,0.10559580180328867,0.028849243227168232,0.026668602270144358,full,0.49271630769998154,0.03202514526757282,8192,337420288,0.022006915268911034,4,1073741824,7.478068254888058,4,completed,2048,20.0,0.06294523118993305,0.029997527605611446
4,22,185e953d57699e678314593985abe20c62d7d129,cuda,1.0,1,0.5,gaussian,0.9999999999999984,16,0.11231968298018377,0.03828336153841727,0.003201894436323016,0.3955276048164036,0.05216350918276247,standard normal at finite u_max,finite,0.00320189991838582,0.11231968298018377,0.03828336153841749,unweighted,0.9999999999999987,0.0,8192,10948608,0.003201899918386153,0,16777216,0.1536278948187828,3,completed,128,20.0,0.39552760481640326,0.05216185238763518
4,50,185e953d57699e678314593985abe20c62d7d129,cuda,1.0,1,0.5,gaussian,0.9999999999999984,16,0.12586531618058258,0.041342724946774934,0.003201894436323016,0.44009692786249244,0.05872892694961834,standard normal at finite u_max,finite,0.00320189991838582,0.12586531618058258,0.041342724946775156,unweighted,0.9999999999999987,0.0,8192,10948608,0.003201899918386153,0,67108864,0.5794574096798897,2,completed,512,20.0,0.440096927862492,0.05872976726878777
4,78,185e953d57699e678314593985abe20c62d7d129,cuda,1.0,1,0.5,gaussian,0.9999999999999984,16,0.126415558315863,0.042088907335188885,0.003201894436323016,0.4342052196023519,0.05832197087593426,standard normal at finite u_max,finite,0.00320189991838582,0.126415558315863,0.04208890733518911,unweighted,0.9999999999999987,0.0,8192,10948608,0.003201899918386153,0,268435456,2.290096238255501,1,completed,2048,20.0,0.4342052196023517,0.05832450677976062
4,106,185e953d57699e678314593985abe20c62d7d129,cuda,1.0,8,0.5,gaussian,0.9999999999999984,16,0.11738063869770682,0.039760601744169274,0.0031256004910108492,0.39824468583840367,0.05308405284080109,standard normal at finite u_max,finite,0.024719618157887167,0.11738063869770682,0.03976060174416961,unweighted,0.9999999999999987,0.011540479076553119,8192,85731328,0.0031256059730739305,0,16777216,0.1997206062078476,0,completed,128,20.0,0.3982446858384034,0.05308404258474974
4,134,185e953d57699e678314593985abe20c62d7d129,cuda,1.0,8,0.5,gaussian,0.9999999999999984,16,0.11815820021374156,0.0401328077673402,0.0031408592800733492,0.3987871724321286,0.053200547852489774,standard normal at finite u_max,finite,0.024841688470387167,0.11815820021374154,0.04013280776734053,unweighted,0.9999999999999987,0.009539046464502729,8192,85731328,0.0031408647621364305,0,16777216,0.20115400850772858,4,completed,128,20.0,0.3987871724321283,0.05320054737754761
4,162,185e953d57699e678314593985abe20c62d7d129,cuda,1.0,8,0.5,gaussian,0.9999999999999984,16,0.12299617019192943,0.03840173467010506,0.0031103417019483492,0.438024601745708,0.056215407818350716,standard normal at finite u_max,finite,0.024597547845387167,0.12299617019192942,0.038401734670105395,unweighted,0.9999999999999987,0.011457045747231283,8192,85731328,0.0031103471840114305,0,67108864,0.7432420402765274,3,completed,512,20.0,0.4380246017457077,0.05621571047765172
4,190,185e953d57699e678314593985abe20c62d7d129,cuda,1.0,8,0.5,gaussian,0.9999999999999984,16,0.1255838489699623,0.039811240299562276,0.0031561180691358492,0.44298631629293306,0.0569392442722785,standard normal at finite u_max,finite,0.024963758782887167,0.12558384896996228,0.03981124029956261,unweighted,0.9999999999999987,0.011352211984036641,8192,85731328,0.0031561235511989305,0,268435456,2.913631670176983,2,completed,2048,20.0,0.44298631629293284,0.056939119965300544
4,218,185e953d57699e678314593985abe20c62d7d129,cuda,1.0,1,0.5,gaussian,0.9999999999999984,64,0.08673264219921148,0.011500001816181049,1.3000392207196398e-08,0.37819525296152934,0.02162920951685919,standard normal at finite u_max,finite,1.3000722609568527e-08,0.08673264219921148,0.011500001816181382,unweighted,0.9999999999999987,0.0,8192,42406912,1.3000722942635434e-08,0,67108864,0.15190815925598145,1,completed,128,20.0,0.3781952529615289,0.021629761406590144
4,246,185e953d57699e678314593985abe20c62d7d129,cuda,1.0,1,0.5,gaussian,0.9999999999999984,64,0.10600422366445184,0.011823734831330257,1.3000392207196398e-08,0.46335201399215054,0.02720353774685712,standard normal at finite u_max,finite,1.3000722609568527e-08,0.10600422366445184,0.01182373483133059,unweighted,0.9999999999999987,0.0,8192,42406912,1.3000722942635434e-08,0,268435456,0.57438575476408,0,completed,512,20.0,0.4633520139921502,0.027203302988153214
4,274,185e953d57699e678314593985abe20c62d7d129,cuda,1.0,1,0.5,gaussian,0.9999999999999984,64,0.09761813399226668,0.010068381583474784,1.3000392207196398e-08,0.4528399853354541,0.02594844752922482,standard normal at finite u_max,finite,1.3000722609568527e-08,0.09761813399226668,0.010068381583475117,unweighted,0.9999999999999987,0.0,8192,42406912,1.3000722942635434e-08,0,268435456,0.5749211609363556,4,completed,512,20.0,0.4528399853354539,0.02594966641011666
4,302,185e953d57699e678314593985abe20c62d7d129,cuda,1.0,1,0.5,gaussian,0.9999999999999984,64,0.10775189361760287,0.009417087860319362,1.3000392207196398e-08,0.4884032729688713,0.028049105591522232,standard normal at finite u_max,finite,1.3000722609568527e-08,0.10775189361760287,0.009417087860319695,unweighted,0.9999999999999987,0.0,8192,42406912,1.3000722942635434e-08,0,1073741824,2.2943749502301216,3,completed,2048,20.0,0.488403272968871,0.028047764968330308
4,330,185e953d57699e678314593985abe20c62d7d129,cuda,1.0,8,0.5,gaussian,0.9999999999999984,64,0.08593067976501627,0.01087220533203094,1.3000392415363216e-08,0.3759679333432379,0.021662987589323928,standard normal at finite u_max,finite,1.0400577529063851e-07,0.08593067976501625,0.010872205332031246,unweighted,0.9999999999999987,0.01062801868893556,8192,337420288,1.3000722942635434e-08,0,67108864,0.48755207657814026,2,completed,128,20.0,0.3759679333432378,0.02166271457519479
4,358,185e953d57699e678314593985abe20c62d7d129,cuda,1.0,8,0.5,gaussian,0.9999999999999984,64,0.0985867307468342,0.009321317684455918,1.3000392415363216e-08,0.4625555397299427,0.026482134988684118,standard normal at finite u_max,finite,1.0400577529063851e-07,0.0985867307468342,0.009321317684456223,unweighted,0.9999999999999987,0.010093722737332922,8192,337420288,1.3000722942635434e-08,0,268435456,1.8945652693510056,1,completed,512,20.0,0.46255553972994246,0.02648245321649839
4,386,185e953d57699e678314593985abe20c62d7d129,cuda,1.0,8,0.5,gaussian,0.9999999999999984,64,0.10756317649387907,0.010570545936962661,1.3000392415363216e-08,0.48497326589338363,0.027994117787930584,standard normal at finite u_max,finite,1.0400577529063851e-07,0.10756317649387906,0.010570545936962966,unweighted,0.9999999999999987,0.01176058792227442,8192,337420288,1.3000722942635434e-08,0,1073741824,7.5271042585372925,0,completed,2048,20.0,0.4849732658933835,0.02799418675021699
4,414,185e953d57699e678314593985abe20c62d7d129,cuda,1.0,8,0.5,gaussian,0.9999999999999984,64,0.10600158978974235,0.010328967103371958,1.3000392415363216e-08,0.4813272984112169,0.027746859640435353,standard normal at finite u_max,finite,1.0400577529063851e-07,0.10600158978974236,0.010328967103372264,unweighted,0.9999999999999987,0.010925180378016229,8192,337420288,1.3000722942635434e-08,0,1073741824,7.522246725857258,4,completed,2048,20.0,0.4813272984112167,0.02774781687984792
4,442,185e953d57699e678314593985abe20c62d7d129,cuda,1.0,1,0.5,mixture,0.9999999999999984,16,0.060744901683105534,0.08020569275834305,0.03630694935755546,0.05068831494327264,0.09378399529808779,standard normal at finite u_max,finite,0.03630694929855646,0.060744901683105534,0.0802056927583429,unweighted,0.9999999999999987,0.0,8192,10948608,0.03630694929855671,0,16777216,0.15180622786283493,3,completed,128,20.0,0.05068831494327308,0.09378273114961969
4,470,185e953d57699e678314593985abe20c62d7d129,cuda,1.0,1,0.5,mixture,0.9999999999999984,16,0.07146260960512674,0.0835059322906935,0.03777179310755546,0.0538479891079271,0.10058297145151582,standard normal at finite u_max,finite,0.03777179304855646,0.07146260960512674,0.08350593229069335,unweighted,0.9999999999999987,0.0,8192,10948608,0.03777179304855671,0,67108864,0.579693615436554,2,completed,512,20.0,0.05384798910792776,0.10058274198071959
4,498,185e953d57699e678314593985abe20c62d7d129,cuda,1.0,1,0.5,mixture,0.9999999999999984,16,0.07360336578493609,0.08154010656322727,0.03435382435755546,0.04723247621938498,0.09498062980960695,standard normal at finite u_max,finite,0.03435382429855646,0.07360336578493609,0.08154010656322712,unweighted,0.9999999999999987,0.0,8192,10948608,0.03435382429855671,0,268435456,2.2991607189178467,1,completed,2048,20.0,0.047232476219385644,0.09498028368524107
4,526,185e953d57699e678314593985abe20c62d7d129,cuda,1.0,8,0.5,mixture,0.9999999999999984,16,0.06139529604071135,0.08154893619991406,0.03676472840957715,0.043688127880514765,0.093377064850675,standard normal at finite u_max,finite,0.10598465738370921,0.06139529604071135,0.08154893619991398,unweighted,0.9999999999999987,0.009183772192004969,8192,85731328,0.036764728350577563,0,16777216,0.19995959103107452,0,completed,128,20.0,0.04368812788051524,0.09337720031011353
4,554,185e953d57699e678314593985abe20c62d7d129,cuda,1.0,8,0.5,mixture,0.9999999999999984,16,0.0590944639172461,0.07603944556014874,0.03461323915176465,0.040832260533961495,0.08818465716568283,standard normal at finite u_max,finite,0.10563289385454497,0.0590944639172461,0.07603944556014866,unweighted,0.9999999999999987,0.010561703089644145,8192,85731328,0.03461323909276506,0,16777216,0.1986132338643074,4,completed,128,20.0,0.04083226053396194,0.08818410522540282
4,582,185e953d57699e678314593985abe20c62d7d129,cuda,1.0,8,0.5,mixture,0.9999999999999984,16,0.06656733422185049,0.07456714941277107,0.03418599305801465,0.05033217826667705,0.09437740678479004,standard normal at finite u_max,finite,0.1063751494341402,0.06656733422185049,0.07456714941277098,unweighted,0.9999999999999987,0.011798729825950783,8192,85731328,0.034185992999015063,0,67108864,0.7702802792191505,3,completed,512,20.0,0.050332178266677574,0.09437788915683712
4,610,185e953d57699e678314593985abe20c62d7d129,cuda,1.0,8,0.5,mixture,0.9999999999999984,16,0.06880058947418696,0.07885768458195992,0.03537617860488965,0.0524071712059761,0.09844808225279598,standard normal at finite u_max,finite,0.11106736091188281,0.06880058947418696,0.07885768458195982,unweighted,0.9999999999999987,0.011193221865909991,8192,85731328,0.03537617854589006,0,268435456,2.9197775945067406,2,completed,2048,20.0,0.0524071712059766,0.09844796739249553
4,638,185e953d57699e678314593985abe20c62d7d129,cuda,1.0,1,0.5,mixture,0.9999999999999984,64,0.18800566409820052,0.4158766727780405,0.1700728395002638,0.20119392686740833,0.41669441043628286,standard normal at finite u_max,finite,0.17007283950026617,0.18800566409820052,0.4158766727780406,unweighted,0.9999999999999987,0.0,8192,42406912,0.17007283950026642,0,67108864,0.15002170950174332,1,completed,128,20.0,0.201193926867409,0.41669328871052475
4,666,185e953d57699e678314593985abe20c62d7d129,cuda,1.0,1,0.5,mixture,0.9999999999999984,64,0.1886021852437726,0.4101848073547728,0.1676314332502638,0.2053916936305773,0.41163484865691596,standard normal at finite u_max,finite,0.16763143325026617,0.1886021852437726,0.41018480735477286,unweighted,0.9999999999999987,0.0,8192,42406912,0.16763143325026642,0,268435456,0.5865794941782951,0,completed,512,20.0,0.20539169363057774,0.41163332397845265
4,694,185e953d57699e678314593985abe20c62d7d129,cuda,1.0,1,0.5,mixture,0.9999999999999984,64,0.19158816090359276,0.4148703159177003,0.1701949098127638,0.20751123155045592,0.41607546537808926,standard normal at finite u_max,finite,0.17019490981276617,0.19158816090359276,0.41487031591770035,unweighted,0.9999999999999987,0.0,8192,42406912,0.17019490981276642,0,268435456,0.5813189372420311,4,completed,512,20.0,0.2075112315504566,0.41607409832690107
4,722,185e953d57699e678314593985abe20c62d7d129,cuda,1.0,1,0.5,mixture,0.9999999999999984,64,0.1859410334747249,0.3958901068247832,0.1628706910627638,0.20430315315299485,0.39761377837758627,standard normal at finite u_max,finite,0.16287069106276617,0.1859410334747249,0.39589010682478326,unweighted,0.9999999999999987,0.0,8192,42406912,0.16287069106276636,0,1073741824,2.298689089715481,3,completed,2048,20.0,0.20430315315299552,0.3976159312100134
4,750,185e953d57699e678314593985abe20c62d7d129,cuda,1.0,8,0.5,mixture,0.9999999999999984,64,0.18355944673671587,0.4083774273208716,0.1672499635237012,0.20617109169024683,0.40896986200065827,standard normal at finite u_max,finite,0.3840890854464617,0.18355944673671587,0.40837742732087157,unweighted,0.9999999999999987,0.01043013568099332,8192,337420288,0.16724996352370392,0,67108864,0.48533789068460464,2,completed,128,20.0,0.20617109169024733,0.40896999039385573
4,778,185e953d57699e678314593985abe20c62d7d129,cuda,1.0,8,0.5,mixture,0.9999999999999984,64,0.1886988507338651,0.4050079290346291,0.1665785768049512,0.20719959460180987,0.4064564513445592,standard normal at finite u_max,finite,0.37812113352305743,0.1886988507338651,0.40500792903462907,unweighted,0.9999999999999987,0.009904819211225107,8192,337420288,0.16657857680495392,0,268435456,1.897044375538826,1,completed,512,20.0,0.20719959460181042,0.4064566879264342
4,806,185e953d57699e678314593985abe20c62d7d129,cuda,1.0,8,0.5,mixture,0.9999999999999984,64,0.19087174529310946,0.40589213783480294,0.1664259889143262,0.2068051171904906,0.40741313809615987,standard normal at finite u_max,finite,0.3722120728261603,0.19087174529310946,0.4058921378348028,unweighted,0.9999999999999987,0.011554805780376216,8192,337420288,0.16642598891432892,0,1073741824,7.50520896166563,0,completed,2048,20.0,0.20680511719049116,0.40741374923628304
4,834,185e953d57699e678314593985abe20c62d7d129,cuda,1.0,8,0.5,mixture,0.9999999999999984,64,0.1857906840364164,0.39541838738056323,0.1622908570783887,0.20573539625197385,0.3969472558207463,standard normal at finite u_max,finite,0.3673654526339617,0.1857906840364164,0.3954183873805631,unweighted,0.9999999999999987,0.011049643219725276,8192,337420288,0.1622908570783914,0,1073741824,7.511238791048527,4,completed,2048,20.0,0.2057353962519744,0.39694710449987314
4,862,185e953d57699e678314593985abe20c62d7d129,cuda,1.0,1,0.5,weak_mixture,0.9999999999999984,16,0.046225296716541964,0.001339676399850125,0.007362231982662171,0.29855115965197965,0.06168853127134378,standard normal at finite u_max,finite,0.007362232479157377,0.046225296716541964,0.0013396763998501666,unweighted,0.9999999999999987,0.0,8192,10948608,0.007362232479157571,0,16777216,0.1512182652950287,3,completed,128,20.0,0.2985511596519793,0.06168904707756916
4,890,185e953d57699e678314593985abe20c62d7d129,cuda,1.0,1,0.5,weak_mixture,0.9999999999999984,16,0.05394480191342785,0.0034766518019819104,0.006996021045162171,0.32906030268820163,0.06966735175921795,standard normal at finite u_max,finite,0.006996021541657377,0.05394480191342785,0.003476651801981954,unweighted,0.9999999999999987,0.0,8192,10948608,0.006996021541657571,0,67108864,0.5833093523979187,2,completed,512,20.0,0.3290603026882015,0.06966971978229988
4,918,185e953d57699e678314593985abe20c62d7d129,cuda,1.0,1,0.5,weak_mixture,0.9999999999999984,16,0.05502316987127684,0.010384912499980907,0.01541887260766217,0.3224485790539059,0.06635620928478053,standard normal at finite u_max,finite,0.015418873104157377,0.05502316987127684,0.010384912499980954,unweighted,0.9999999999999987,0.0,8192,10948608,0.015418873104157571,0,268435456,2.3110418543219566,1,completed,2048,20.0,0.3224485790539058,0.06635659261823007
4,946,185e953d57699e678314593985abe20c62d7d129,cuda,1.0,8,0.5,weak_mixture,0.9999999999999984,16,0.04787753767137612,0.003265406325774242,0.0048960636354340725,0.30263813574007953,0.06227704760683531,standard normal at finite u_max,finite,0.07172269907840893,0.04787753767137612,0.003265406325774247,unweighted,0.9999999999999987,0.00898284531136561,8192,85731328,0.004896064007805789,0,16777216,0.19925057142972946,0,completed,128,20.0,0.30263813574007914,0.06227693188443832
4,974,185e953d57699e678314593985abe20c62d7d129,cuda,1.0,8,0.5,weak_mixture,0.9999999999999984,16,0.04618296396025302,0.0032777862051651093,0.005334820690978043,0.29940373382909863,0.06213115151408584,standard normal at finite u_max,finite,0.06594783629584988,0.04618296396025302,0.0032777862051651067,unweighted,0.9999999999999987,0.01150588174075583,8192,85731328,0.005334820815101893,0,16777216,0.20367074012756348,4,completed,128,20.0,0.29940373382909824,0.06213137362361074
4,1002,185e953d57699e678314593985abe20c62d7d129,cuda,1.0,8,0.5,weak_mixture,0.9999999999999984,16,0.051780724462479485,0.00307244930535394,0.0045203493897685715,0.32631790888974943,0.06786476018904893,standard normal at finite u_max,finite,0.06522140435412398,0.051780724462479485,0.003072449305353949,unweighted,0.9999999999999987,0.011129116096539552,8192,85731328,0.004520349638016313,0,67108864,0.748303085565567,3,completed,512,20.0,0.3263179088897491,0.06786460801559381
4,1030,185e953d57699e678314593985abe20c62d7d129,cuda,1.0,8,0.5,weak_mixture,0.9999999999999984,16,0.05184902773161056,0.003766025346886594,0.004220929089415515,0.3253495275341839,0.06744225762212283,standard normal at finite u_max,finite,0.06792446101511708,0.05184902773161056,0.0037660253468865994,unweighted,0.9999999999999987,0.00779293008110051,8192,85731328,0.0042209292135394205,0,268435456,2.921959266066551,2,completed,2048,20.0,0.32534952753418356,0.06744211264962566
4,1058,185e953d57699e678314593985abe20c62d7d129,cuda,1.0,1,0.5,weak_mixture,0.9999999999999984,64,0.05496356024978863,0.0067335624001550985,0.009150328073480707,0.313440302068026,0.06387474121958428,standard normal at finite u_max,finite,0.009150328702302618,0.05496356024978863,0.006733562400155062,unweighted,0.9999999999999987,0.0,8192,42406912,0.009150328702302812,0,67108864,0.15063325315713882,1,completed,128,20.0,0.31344030206802576,0.06387481261693252
4,1086,185e953d57699e678314593985abe20c62d7d129,cuda,1.0,1,0.5,weak_mixture,0.9999999999999984,64,0.055289919926346576,8.75219693492399e-06,0.002202210989019293,0.35198873829956456,0.07185041090716177,standard normal at finite u_max,finite,0.002202210360197382,0.055289919926346576,8.752196934963888e-06,unweighted,0.9999999999999987,0.0,8192,42406912,0.0022022103601971876,0,268435456,0.5820291489362717,0,completed,512,20.0,0.35198873829956434,0.07185280742617119
4,1114,185e953d57699e678314593985abe20c62d7d129,cuda,1.0,1,0.5,weak_mixture,0.9999999999999984,64,0.05780625054781577,0.0014147329052640045,0.0004932266140192931,0.34494941492716336,0.07330874410815402,standard normal at finite u_max,finite,0.0004932259851973819,0.05780625054781577,0.0014147329052639646,unweighted,0.9999999999999987,0.0,8192,42406912,0.0004932259851971876,0,268435456,0.581797406077385,4,completed,512,20.0,0.34494941492716313,0.0733097387692319
4,1142,185e953d57699e678314593985abe20c62d7d129,cuda,1.0,1,0.5,weak_mixture,0.9999999999999984,64,0.053795746150186494,0.0018967475609043064,0.0004932266140192931,0.33527032003412605,0.06917941381136447,standard normal at finite u_max,finite,0.0004932259851973819,0.053795746150186494,0.0018967475609042665,unweighted,0.9999999999999987,0.0,8192,42406912,0.0004932259851971876,0,1073741824,2.2936882600188255,3,completed,2048,20.0,0.3352703200341257,0.06917727325163202
4,1170,185e953d57699e678314593985abe20c62d7d129,cuda,1.0,8,0.5,weak_mixture,0.9999999999999984,64,0.05106912438257489,0.003478669123760762,0.004849822239865423,0.3223076671659623,0.06597707547531775,standard normal at finite u_max,finite,0.07428416938592872,0.05106912438257489,0.0034786691237607466,unweighted,0.9999999999999987,0.010816231035514032,8192,337420288,0.004849822554276434,0,67108864,0.4827745035290718,2,completed,128,20.0,0.32230766716596204,0.06597690816730431
4,1198,185e953d57699e678314593985abe20c62d7d129,cuda,1.0,8,0.5,weak_mixture,0.9999999999999984,64,0.05563850972146503,0.0029878772860131813,0.004849822239865395,0.34578405254914224,0.07156349247448585,standard normal at finite u_max,finite,0.06715916794742235,0.05563850972146502,0.002987877286013176,unweighted,0.9999999999999987,0.01073801244112075,8192,337420288,0.004849822554276378,0,268435456,1.8958426043391228,1,completed,512,20.0,0.34578405254914196,0.07156299782382824
4,1226,185e953d57699e678314593985abe20c62d7d129,cuda,1.0,8,0.5,weak_mixture,0.9999999999999984,64,0.05782971948430583,0.0038476087542047965,0.005598739244932691,0.3530080330024969,0.07268658601431678,standard normal at finite u_max,finite,0.06958570673802106,0.05782971948430584,0.003847608754204798,unweighted,0.9999999999999987,0.009997312152551441,8192,337420288,0.005598739402138231,0,1073741824,7.505950145423412,0,completed,2048,20.0,0.3530080330024966,0.07268655618982957
4,1254,185e953d57699e678314593985abe20c62d7d129,cuda,1.0,8,0.5,weak_mixture,0.9999999999999984,64,0.05722242505978763,0.0034577846828786284,0.007732497031673127,0.35604151145924384,0.07417043454364333,standard normal at finite u_max,finite,0.07378232683799496,0.05722242505978763,0.00345778468287862,unweighted,0.9999999999999987,0.01333081300911206,8192,337420288,0.007732497503289609,0,1073741824,7.509266033768654,4,completed,2048,20.0,0.3560415114592435,0.07417023794325145
4,23,185e953d57699e678314593985abe20c62d7d129,cuda,1.0,1,0.5,gaussian,0.5876964397566985,16,0.20175619073755985,0.11378357449191301,0.0020277013245342257,0.04102404879211574,0.11379661330895613,standard normal at finite u_max,infinite,0.0020277068065982207,0.20175619073755985,0.11378357449191323,naive,0.037939157220713664,0.0,8192,5179904,0.0020277068065973625,16,4194304,0.28022996336221695,3,completed,128,20.0,0.0410240487921153,0.11379581067978056
4,51,185e953d57699e678314593985abe20c62d7d129,cuda,1.0,1,0.5,gaussian,0.5606395488906518,16,0.11131708681369701,0.0572031947049102,0.001745460556087819,0.05742950485079101,0.05770585382521629,standard normal at finite u_max,infinite,0.0017454660381497737,0.11131708681369701,0.05720319470491009,naive,0.40691198343417223,0.0,8192,5179904,0.0017454660381502896,10,16777216,0.7273540124297142,2,completed,512,20.0,0.0574295048507909,0.05770867330280012
4,79,185e953d57699e678314593985abe20c62d7d129,cuda,1.0,1,0.5,gaussian,0.5944209699852826,16,0.10783975629399833,0.07079387976900986,0.002732811333619023,0.15852465612609223,0.07091749315395414,standard normal at finite u_max,infinite,0.002732816815682281,0.10783975629399833,0.07079387976900975,naive,0.46094295829124016,0.0,8192,5179904,0.0027328168156818267,11,67108864,2.8660141229629517,1,completed,2048,20.0,0.15852465612609223,0.07091770084755877
4,107,185e953d57699e678314593985abe20c62d7d129,cuda,1.0,8,0.5,gaussian,0.7917160349566664,16,0.14598623605293432,0.06647027349907121,0.0028426533105014307,0.2917615087846083,0.07433837536857271,standard normal at finite u_max,infinite,0.022714488571892216,0.1459862360529343,0.06647027349907118,naive,0.00015849150936021294,0.17106170752542071,8192,37755904,0.0028426587925639707,42,4194304,0.20698053389787674,0,completed,128,20.0,0.29176150878460827,0.07433743541346419
4,135,185e953d57699e678314593985abe20c62d7d129,cuda,1.0,8,0.5,gaussian,0.8299631914597636,16,0.15686689440318768,0.07613358183359052,0.0030335652582375305,0.2794792089405804,0.08139849684544763,standard normal at finite u_max,infinite,0.01852231927597318,0.15686689440318768,0.07613358183359045,naive,0.0002508725836671698,0.1421648639285611,8192,37755904,0.003033567999268627,42,4194304,0.20653019100427628,4,completed,128,20.0,0.27947920894058065,0.08139802874704002
4,163,185e953d57699e678314593985abe20c62d7d129,cuda,1.0,8,0.5,gaussian,0.5423548207307929,16,0.10729317367417071,0.05854619145336373,0.0023041718068739364,0.0801930967473439,0.05928067413333611,standard normal at finite u_max,infinite,0.01817993588387768,0.1072931736741707,0.05854619145336365,naive,0.25335470031473467,0.06910882795659204,8192,37755904,0.0023041772889363377,43,16777216,0.7585135996341705,3,completed,512,20.0,0.08019309674734411,0.05928052967309893
4,191,185e953d57699e678314593985abe20c62d7d129,cuda,1.0,8,0.5,gaussian,0.9957091879605688,16,0.11615736782269494,0.059680718156790644,0.0026706380817394654,0.1420618173515052,0.06015279304822983,standard normal at finite u_max,infinite,0.021079918883716037,0.11615736782269494,0.05968071815679098,naive,0.4618148537010581,0.042752637720418506,8192,37755904,0.0026706435638025466,26,67108864,2.940674714744091,2,completed,2048,20.0,0.1420618173515048,0.06015280025549885
4,219,185e953d57699e678314593985abe20c62d7d129,cuda,1.0,1,0.5,gaussian,0.8888265810663251,64,0.24684164277684828,0.058892045290632966,1.3000392207196398e-08,0.056638998138666796,0.05890334231842112,standard normal at finite u_max,infinite,1.3000723608769249e-08,0.24684164277684828,0.058892045290632966,naive,0.0001220703125,0.0,8192,5180928,1.3000722498546224e-08,52,4194304,0.20319059491157532,1,completed,128,20.0,0.056638998138666796,0.05890348523009401
4,247,185e953d57699e678314593985abe20c62d7d129,cuda,1.0,1,0.5,gaussian,0.6919327784214556,64,0.2603421382838837,0.07733668326897092,1.3000392207196398e-08,0.03395893501168634,0.07733684355334827,standard normal at finite u_max,infinite,1.300072316468004e-08,0.2603421382838837,0.07733668326897081,naive,0.00012750551872773119,0.0,8192,5180928,1.300072227650162e-08,136,16777216,0.7656111270189285,0,completed,512,20.0,0.03395893501168634,0.07733549745053907
4,275,185e953d57699e678314593985abe20c62d7d129,cuda,1.0,1,0.5,gaussian,0.8017516429638322,64,0.15612864875716942,0.04238682403803162,1.3000392207196398e-08,0.0801939636943736,0.04242779604887105,standard normal at finite u_max,infinite,1.3000722387523922e-08,0.15612864875716942,0.04238682403803162,naive,0.00012244408491717272,0.0,8192,5180928,1.3000722498546224e-08,134,16777216,0.7621224597096443,4,completed,512,20.0,0.08019396369437348,0.042425913663580686
4,303,185e953d57699e678314593985abe20c62d7d129,cuda,1.0,1,0.5,gaussian,0.6579432742769729,64,0.2140499070533194,0.05979441492266757,1.3000392207196398e-08,0.10238747730466713,0.059814781436641845,standard normal at finite u_max,infinite,1.3000722942635434e-08,0.2140499070533194,0.05979441492266746,naive,0.18288190244413374,0.0,8192,5180928,1.300072227650162e-08,82,67108864,2.87460445612669,3,completed,2048,20.0,0.10238747730466746,0.05981515956884709
4,331,185e953d57699e678314593985abe20c62d7d129,cuda,1.0,8,0.5,gaussian,0.013947692269191006,64,0.23322785903141807,0.033125303765151576,1.3000392415363216e-08,0.5810759144084163,0.04811029557809877,standard normal at finite u_max,infinite,1.0400577434694894e-07,0.23322785903141807,0.033125303765151576,naive,0.0001220703125,0.2449772591451921,8192,37777408,1.3000722498546224e-08,68,4194304,0.21087796986103058,2,completed,128,20.0,0.5810759144084163,0.048109623828232216
4,359,185e953d57699e678314593985abe20c62d7d129,cuda,1.0,8,0.5,gaussian,0.5396428681188247,64,0.14628343248641235,0.02542898923993936,1.3000392415363216e-08,0.46109164964261073,0.0335721723834623,standard normal at finite u_max,infinite,1.0400577673392845e-07,0.14628343248641235,0.02542898923993936,naive,0.0001244490165824518,0.19849815969943577,8192,37777408,1.300072227650162e-08,229,16777216,0.808854803442955,1,completed,512,20.0,0.4610916496426109,0.033571935606817774
4,387,185e953d57699e678314593985abe20c62d7d129,cuda,1.0,8,0.5,gaussian,0.9448026199420204,64,0.14715482707842112,0.03462812851817794,1.3000392415363216e-08,0.2695546919970692,0.038881920556067796,standard normal at finite u_max,infinite,1.0400577329223707e-07,0.14715482707842115,0.03462812851817816,naive,0.0005271260851781454,0.0957668478290913,8192,37777408,1.3000722942635434e-08,578,67108864,3.1022364869713783,0,completed,2048,20.0,0.26955469199706894,0.03888226743777948
4,415,185e953d57699e678314593985abe20c62d7d129,cuda,1.0,8,0.5,gaussian,0.5146523083168598,64,0.12788911577975376,0.02928959199505686,1.3000392415363216e-08,0.27680326115475273,0.03252117932151492,standard normal at finite u_max,infinite,1.0400577584575003e-07,0.12788911577975376,0.0292895919950565,naive,0.0004585636258433713,0.08530813806805354,8192,37777408,1.3000722054457015e-08,573,67108864,3.0863448083400726,4,completed,2048,20.0,0.27680326115475307,0.03252083272867293
4,443,185e953d57699e678314593985abe20c62d7d129,cuda,1.0,1,0.5,mixture,0.9874844980879655,16,0.22723906613418543,0.37307923370874213,0.14738958094558402,0.2655029460624423,0.4144743143078683,standard normal at finite u_max,infinite,0.14738958088658471,0.22723906613418543,0.3730792337087421,naive,0.007351843631549526,0.0,8192,5179904,0.14738958088658527,14,4194304,0.19155170768499374,3,completed,128,20.0,0.26550294606244274,0.4144731058767986
4,471,185e953d57699e678314593985abe20c62d7d129,cuda,1.0,1,0.5,mixture,0.9736621494697231,16,0.29009666780368404,0.30210895829599893,0.08340595422705777,0.30248997487496143,0.3618521896919067,standard normal at finite u_max,infinite,0.08340595428605618,0.29009666780368404,0.3021089582959988,naive,0.37842353167655984,0.0,8192,5179904,0.08340595428605685,8,16777216,0.721909761428833,2,completed,512,20.0,0.302489974874961,0.3618539316938526
4,499,185e953d57699e678314593985abe20c62d7d129,cuda,1.0,1,0.5,mixture,0.9987525791799625,16,0.32065184844274325,0.7105666251280981,0.25142554423360736,0.11904165196794891,0.7105715386687002,standard normal at finite u_max,infinite,0.25142554417460916,0.32065184844274325,0.7105666251280982,naive,0.47638309960629355,0.0,8192,5179904,0.25142554417460883,5,67108864,2.8489121422171593,1,completed,2048,20.0,0.11904165196794958,0.7105730148471922
4,527,185e953d57699e678314593985abe20c62d7d129,cuda,1.0,8,0.5,mixture,0.8698886118605703,16,0.5787638011759659,1.2645485121742555,0.5279191134483562,0.9706066925131808,1.2682774045390377,standard normal at finite u_max,infinite,0.9976278404202046,0.5787638011759659,1.2645485121742552,naive,0.00014119491800512407,0.1306988018283324,8192,37755904,0.5279191134188561,27,4194304,0.19581545889377594,0,completed,128,20.0,0.9706066925131809,1.2682771106846997
4,555,185e953d57699e678314593985abe20c62d7d129,cuda,1.0,8,0.5,mixture,0.5546081560593618,16,0.5387378717802112,1.1280280878246023,0.48589025816054815,0.9718060978544525,1.1415068810976774,standard normal at finite u_max,infinite,0.9941494667150292,0.5387378717802112,1.1280280878246016,naive,0.00014047772454952838,0.13135359288857004,8192,37755904,0.48589025817529785,26,4194304,0.19779450446367264,4,completed,128,20.0,0.9718060978544524,1.141506163255364
4,583,185e953d57699e678314593985abe20c62d7d129,cuda,1.0,8,0.5,mixture,0.8140345524666847,16,0.40274928388957093,0.8669229060610167,0.33342943677524994,0.36477745615068924,0.869572332148377,standard normal at finite u_max,infinite,0.9150419727124637,0.402749283889571,0.8669229060610166,naive,0.07447051257381092,0.46917231223788125,8192,37755904,0.3334294367900001,28,16777216,0.734384573996067,3,completed,512,20.0,0.3647774561506893,0.8695722700305335
4,611,185e953d57699e678314593985abe20c62d7d129,cuda,1.0,8,0.5,mixture,0.9435960149514997,16,0.14052126060687528,0.215518337356398,0.10375491365980513,0.14790289129058598,0.27343494405742574,standard normal at finite u_max,infinite,0.7072980751111362,0.14052126060687528,0.21551833735639792,naive,0.4589862847914342,0.308968835907076,8192,37755904,0.10375491363030523,11,67108864,2.9496764168143272,2,completed,2048,20.0,0.14790289129058576,0.2734352797910984
4,639,185e953d57699e678314593985abe20c62d7d129,cuda,1.0,1,0.5,mixture,0.9251427827231539,64,0.30520080915355186,0.6905453593442472,0.3051468870622363,0.9895925412679998,0.7199980821465717,standard normal at finite u_max,infinite,0.30514688706223336,0.30520080915355186,0.6905453593442468,naive,0.00012207031294107773,0.0,8192,5180928,0.3051468870622338,41,4194304,0.1977635696530342,1,completed,128,20.0,0.9895925412679998,0.7200000487566212
4,667,185e953d57699e678314593985abe20c62d7d129,cuda,1.0,1,0.5,mixture,0.6188018234852269,64,0.7037962328962462,1.7614488345925465,0.6948531129377638,0.9898756065129348,1.76145326974444,standard normal at finite u_max,infinite,0.6948531129377661,0.7037962328962462,1.7614488345925472,naive,0.00012419250299592239,0.0,8192,5180928,0.6948531129377666,128,16777216,0.7630883753299713,0,completed,512,20.0,0.9898756065129348,1.76145320079003
4,695,185e953d57699e678314593985abe20c62d7d129,cuda,1.0,1,0.5,mixture,0.8251758280472997,64,0.6992123893696686,1.7474540812473571,0.6948531129377638,0.9900499207686965,1.74745681662659,standard normal at finite u_max,infinite,0.6948531129377646,0.6992123893696686,1.747454081247357,naive,0.00012983595149273027,0.0,8192,5180928,0.694853112937766,125,16777216,0.7607510164380074,4,completed,512,20.0,0.9900499207686965,1.7474530692364065
4,723,185e953d57699e678314593985abe20c62d7d129,cuda,1.0,1,0.5,mixture,0.9940702716450995,64,0.7396462714020613,1.8171371182358167,0.6948531129377638,0.9910235907065905,1.8171374940623641,standard normal at finite u_max,infinite,0.6948531129377652,0.7396462714020613,1.8171371182358174,naive,0.10486058796645314,0.0,8192,5180928,0.6948531129377666,115,67108864,2.884616270661354,3,completed,2048,20.0,0.9910235907065905,1.8171378950398513
4,751,185e953d57699e678314593985abe20c62d7d129,cuda,1.0,8,0.5,mixture,0.0006770669861300116,64,0.4387113866843062,0.7895735480971886,0.3538601652966774,0.9958800719484476,0.8661072068665074,standard normal at finite u_max,infinite,0.9761350792596936,0.4387113866843062,0.7895735480971884,naive,0.0001220703125,0.5908455850314736,8192,37777408,0.3538601652966754,55,4194304,0.20987114310264587,2,completed,128,20.0,0.9958800719484477,0.8661203597144683
4,779,185e953d57699e678314593985abe20c62d7d129,cuda,1.0,8,0.5,mixture,0.9894904116594568,64,0.7063322473328987,1.6160161421687367,0.6948531129377636,0.9955849921039768,1.644390230873305,standard normal at finite u_max,infinite,0.9999248253264049,0.7063322473328988,1.6160161421687362,naive,0.00012207032306271257,0.2414306638906746,8192,37777408,0.6948531129377657,177,16777216,0.7973096072673798,1,completed,512,20.0,0.9955849921039768,1.6443904271181864
4,807,185e953d57699e678314593985abe20c62d7d129,cuda,1.0,8,0.5,mixture,0.525270189444724,64,0.7058074505621359,1.7214596269179037,0.6948531129377636,0.9916968786452063,1.7220651238465825,standard normal at finite u_max,infinite,0.9999248253264076,0.705807450562136,1.7214596269179032,naive,0.0001583749642376617,0.17039657652567755,8192,37777408,0.6948531129377659,538,67108864,3.0907781571149826,0,completed,2048,20.0,0.9916968786452063,1.72206499952684
4,835,185e953d57699e678314593985abe20c62d7d129,cuda,1.0,8,0.5,mixture,0.9328245120639314,64,0.7224606958580462,1.7464865457045269,0.6948531129377636,0.9938000691973164,1.7485972481279735,standard normal at finite u_max,infinite,0.9999248253264045,0.7224606958580462,1.7464865457045273,naive,0.00012715511138035746,0.12543672030977857,8192,37777408,0.6948531129377666,530,67108864,3.0915104001760483,4,completed,2048,20.0,0.9938000691973164,1.7485964368376923
4,863,185e953d57699e678314593985abe20c62d7d129,cuda,1.0,1,0.5,weak_mixture,0.9558150552491704,16,0.01881403890494532,0.020040531625693532,0.01676914039829064,0.017696278805275023,0.020415845902342883,standard normal at finite u_max,infinite,0.01676913990179482,0.01881403890494532,0.02004053162569349,naive,0.49033993019297095,0.0,8192,5179904,0.016769139901795627,1,4194304,0.18887776136398315,3,completed,128,20.0,0.017696278805274357,0.02041873918506594
4,891,185e953d57699e678314593985abe20c62d7d129,cuda,1.0,1,0.5,weak_mixture,0.9890372056022275,16,0.018586599712014096,0.01871070176872706,0.01172767605649061,0.007140276195766182,0.02002991414254369,standard normal at finite u_max,finite,0.011727675559994655,0.018586599712014096,0.018710701768727023,naive,0.4965581956261635,0.0,8192,5179904,0.011727675559995598,1,16777216,0.72353895008564,2,completed,512,20.0,0.007140276195766848,0.020028526124821405
4,919,185e953d57699e678314593985abe20c62d7d129,cuda,1.0,1,0.5,weak_mixture,0.9762395203968681,16,0.011110263494654035,0.007803021194232589,0.0012122759650782244,0.03474139911902363,0.01035881675521493,standard normal at finite u_max,finite,0.0012122754685818526,0.011110263494654035,0.007803021194232632,naive,0.49904958253267895,0.0,8192,5179904,0.0012122754685829351,1,67108864,2.870424821972847,1,completed,2048,20.0,0.03474139911902341,0.010358934323678055
4,947,185e953d57699e678314593985abe20c62d7d129,cuda,1.0,8,0.5,weak_mixture,0.998610736582091,16,0.0982433049821606,0.11633370017588059,0.07940858143304358,0.17872281398205464,0.11837212761122158,standard normal at finite u_max,infinite,0.2717068397177998,0.09824330498216059,0.11633370017588071,naive,0.3280645701571972,0.110374424620309,8192,37755904,0.07940858168129158,5,4194304,0.19051231443881989,0,completed,128,20.0,0.17872281398205508,0.11837261116715891
4,975,185e953d57699e678314593985abe20c62d7d129,cuda,1.0,8,0.5,weak_mixture,0.9376176457223931,16,0.03916914689873784,0.03606775189392161,0.0317929933735766,0.06375685744907879,0.038940683934536605,standard normal at finite u_max,infinite,0.12685027590260448,0.03916914689873784,0.03606775189392162,naive,0.3349395739246576,0.05175657102540409,8192,37755904,0.0317929933735766,4,4194304,0.1904483512043953,4,completed,128,20.0,0.06375685744907907,0.03894010793907532
4,1003,185e953d57699e678314593985abe20c62d7d129,cuda,1.0,8,0.5,weak_mixture,0.9751176455170444,16,0.13218988586210098,0.14733828012735978,0.120471358935531,0.11392096629447218,0.15125707007398656,standard normal at finite u_max,finite,0.3218773927160794,0.13218988586210098,0.14733828012735967,naive,0.4530273323405871,0.13523713956370562,8192,37755904,0.12047135905965464,5,16777216,0.7341460213065147,3,completed,512,20.0,0.1139209662944718,0.15125602069303729
4,1031,185e953d57699e678314593985abe20c62d7d129,cuda,1.0,8,0.5,weak_mixture,0.587066134700696,16,0.028211060188026764,0.024469372365397934,0.018642388420337025,0.06278948653369282,0.028207120517336315,standard normal at finite u_max,finite,0.1160321092057428,0.028211060188026764,0.02446937236539795,naive,0.49655100572590255,0.04423013380717133,8192,37755904,0.01864238854446096,3,67108864,2.9089261442422867,2,completed,2048,20.0,0.06278948653369276,0.028207090420970252
4,1059,185e953d57699e678314593985abe20c62d7d129,cuda,1.0,1,0.5,weak_mixture,0.694537694462405,64,0.020881970939789593,0.017300113240063683,0.010491157028846176,0.05419059779371027,0.020363467282668718,standard normal at finite u_max,infinite,0.010491156400024376,0.020881970939789593,0.01730011324006373,naive,0.4785072600213729,0.0,8192,5180928,0.010491156400024293,1,4194304,0.18780285120010376,1,completed,128,20.0,0.05419059779370983,0.02036101848504522
4,1087,185e953d57699e678314593985abe20c62d7d129,cuda,1.0,1,0.5,weak_mixture,0.645446691548604,64,0.019974650595764032,0.012596899060246884,0.01078478546829853,0.008976181263823046,0.015364037310849697,standard normal at finite u_max,infinite,0.010784784839476286,0.019974650595764032,0.01259689906024693,naive,0.48409987607061417,0.0,8192,5180928,0.010784784839476869,1,16777216,0.7294711843132973,0,completed,512,20.0,0.00897618126382338,0.015363858015850603
4,1115,185e953d57699e678314593985abe20c62d7d129,cuda,1.0,1,0.5,weak_mixture,0.7227208858162623,64,0.023040929180552228,0.02344956831467543,0.021454890410098737,0.008471525600285967,0.02517232424215951,standard normal at finite u_max,infinite,0.021454889781276937,0.023040929180552228,0.02344956831467547,naive,0.4947480022954882,0.0,8192,5180928,0.021454889781276854,1,16777216,0.7284956946969032,4,completed,512,20.0,0.008471525600286078,0.025175369057145496
4,1143,185e953d57699e678314593985abe20c62d7d129,cuda,1.0,1,0.5,weak_mixture,0.8249542223484017,64,0.03030936177254695,0.02872592909267886,0.02995541690923509,0.03777355944829652,0.031155327891805272,standard normal at finite u_max,infinite,0.029955416280413177,0.03030936177254695,0.028725929092678903,naive,0.4995453620120245,0.0,8192,5180928,0.029955416280413205,1,67108864,2.8912302181124687,3,completed,2048,20.0,0.03777355944829652,0.031153831512732297
4,1171,185e953d57699e678314593985abe20c62d7d129,cuda,1.0,8,0.5,weak_mixture,0.6458455535847387,64,0.04498658994341704,0.04422243335297386,0.03700045838388796,0.10123855845713352,0.04827550046161804,standard normal at finite u_max,infinite,0.14973466702551338,0.044986589943417046,0.04422243335297387,naive,0.41120389778052957,0.06913497430256746,8192,37777408,0.03700045822668246,5,4194304,0.19231202453374863,2,completed,128,20.0,0.10123855845713375,0.048275387423838245
4,1199,185e953d57699e678314593985abe20c62d7d129,cuda,1.0,8,0.5,weak_mixture,0.9986560719326442,64,0.03990320192055857,0.035772444210925444,0.028920368857360636,0.09783933292813198,0.04076020859504003,standard normal at finite u_max,infinite,0.1325585233998765,0.03990320192055857,0.03577244421092546,naive,0.46234769304662815,0.042624704111885764,8192,37777408,0.028920368700155144,5,16777216,0.7353146448731422,1,completed,512,20.0,0.09783933292813206,0.04075996697970718
4,1227,185e953d57699e678314593985abe20c62d7d129,cuda,1.0,8,0.5,weak_mixture,0.9988680538450913,64,0.03330047252981426,0.03050115065957328,0.027293737611938165,0.029426643860653634,0.032776668780294525,standard normal at finite u_max,infinite,0.1328404392826632,0.03330047252981426,0.03050115065957329,naive,0.4937518891772952,0.046210187404035194,8192,37777408,0.02729373745473266,5,67108864,2.920078307390213,0,completed,2048,20.0,0.029426643860653495,0.032776195604880154
4,1255,185e953d57699e678314593985abe20c62d7d129,cuda,1.0,8,0.5,weak_mixture,0.5842612523341922,64,0.025553283191086865,0.0222660674791426,0.019836091344670737,0.0516685111311993,0.02670303083984581,standard normal at finite u_max,infinite,0.12734952246771553,0.025553283191086865,0.022266067479142622,naive,0.4928561537712566,0.05320947669534622,8192,37777408,0.019836091030259885,4,67108864,2.910743273794651,4,completed,2048,20.0,0.05166851113119926,0.026702626950856914
4,24,185e953d57699e678314593985abe20c62d7d129,cuda,1.0,1,0.5,gaussian,0.9907761030947303,16,0.0887261619344325,0.052603801395739724,0.0020771340527666604,0.026860282549728165,0.05273440435055059,standard normal at finite u_max,infinite,0.002077139534827751,0.0887261619344325,0.0526038013957395,unbiased,0.10041805467089761,0.0,8192,5179904,0.002077139534829242,20,4194304,0.20899175107479095,3,completed,128,20.0,0.026860282549728387,0.052735567085493415
4,52,185e953d57699e678314593985abe20c62d7d129,cuda,1.0,1,0.5,gaussian,0.858630827257504,16,0.02379711141967744,0.008572079940715183,0.0006895320745863298,0.06315125097122998,0.009201239828321342,standard normal at finite u_max,infinite,0.0006895265925242447,0.02379711141967744,0.008572079940715072,unbiased,0.3534822713144183,0.0,8192,5179904,0.000689526592523193,12,16777216,0.7735373303294182,2,completed,512,20.0,0.06315125097122942,0.00919887762638242
4,80,185e953d57699e678314593985abe20c62d7d129,cuda,1.0,1,0.5,gaussian,0.9673381778845171,16,0.07785079520631533,0.038598684483338586,0.0029205044323518115,0.16461154400675249,0.039231046751467026,standard normal at finite u_max,infinite,0.0029205099144133237,0.07785079520631533,0.03859868448333825,unbiased,0.4895019238821157,0.0,8192,5179904,0.002920509914414171,9,67108864,3.04834009334445,1,completed,2048,20.0,0.1646115440067526,0.03923135069404182
4,108,185e953d57699e678314593985abe20c62d7d129,cuda,1.0,8,0.5,gaussian,0.7364734921684449,16,0.15193079334220108,0.05988433908107098,0.0030865706892332506,0.39182708431534086,0.0723900030521364,standard normal at finite u_max,infinite,0.02440737974366471,0.15193079334220105,0.05988433908107098,unbiased,0.0001607585555534182,0.15409438311362714,8192,37755904,0.003086576171295874,43,4194304,0.21609824150800705,0,completed,128,20.0,0.39182708431534075,0.07238935129043067
4,136,185e953d57699e678314593985abe20c62d7d129,cuda,1.0,8,0.5,gaussian,0.7238028315575966,16,0.2163893788599664,0.10466920882761493,0.00508223118290034,0.33217076064172196,0.11252350232427337,standard normal at finite u_max,infinite,0.022238760938563692,0.2163893788599664,0.10466920882761488,unbiased,0.000188228573687327,0.17516404866215327,8192,37755904,0.0050822339239315895,43,4194304,0.22190125659108162,4,completed,128,20.0,0.332170760641722,0.11252350352372584
4,164,185e953d57699e678314593985abe20c62d7d129,cuda,1.0,8,0.5,gaussian,0.8396552343805962,16,0.06962395280235043,0.03223151349282388,0.002724814806299977,0.13605188911212773,0.03437021242156709,standard normal at finite u_max,infinite,0.017517643835670133,0.06962395280235043,0.032231513492823854,unbiased,0.04563391733456965,0.05576445582366951,8192,37755904,0.0027248189178469134,46,16777216,0.7938759513199329,3,completed,512,20.0,0.13605188911212782,0.03437070925782779
4,192,185e953d57699e678314593985abe20c62d7d129,cuda,1.0,8,0.5,gaussian,0.8863694690730021,16,0.0789488517550727,0.042052735822720774,0.0023884123468228824,0.13165238469899188,0.044540773349634535,standard normal at finite u_max,infinite,0.018822113004384994,0.0789488517550727,0.042052735822720774,unbiased,0.4665779874196091,0.08234668828946361,8192,37755904,0.0023884178288855473,26,67108864,3.0590456128120422,2,completed,2048,20.0,0.13165238469899188,0.04454047189657586
4,220,185e953d57699e678314593985abe20c62d7d129,cuda,1.0,1,0.5,gaussian,0.8721453235389934,64,0.0884380878280463,0.020022989081531883,1.3000392207196398e-08,0.21209090477682635,0.02125290937911162,standard normal at finite u_max,infinite,1.3000723941836156e-08,0.0884380878280463,0.020022989081531772,unbiased,0.0001220703125,0.0,8192,5180928,1.300072272059083e-08,52,4194304,0.215408306568861,1,completed,128,20.0,0.21209090477682613,0.021252231505996415
4,248,185e953d57699e678314593985abe20c62d7d129,cuda,1.0,1,0.5,gaussian,0.8725104943810654,64,0.15057214691681764,0.04228302749908164,1.3000392207196398e-08,0.10311428902214637,0.04238133571118299,standard normal at finite u_max,infinite,1.3000721610367805e-08,0.15057214691681764,0.04228302749908153,unbiased,0.00023255232011229926,0.0,8192,5180928,1.3000722387523922e-08,139,16777216,0.817818321287632,0,completed,512,20.0,0.10311428902214637,0.0423801332848228
4,276,185e953d57699e678314593985abe20c62d7d129,cuda,1.0,1,0.5,gaussian,0.7814951903642496,64,0.11690320785161229,0.03496244090294465,1.3000392207196398e-08,0.11485982072276157,0.035038953373841254,standard normal at finite u_max,infinite,1.300072233201277e-08,0.11690320785161229,0.03496244090294465,unbiased,0.00014196088918243127,0.0,8192,5180928,1.3000722498546224e-08,138,16777216,0.8113819174468517,4,completed,512,20.0,0.11485982072276146,0.03503914428251059
4,304,185e953d57699e678314593985abe20c62d7d129,cuda,1.0,1,0.5,gaussian,0.8598308302775487,64,0.024314357063518977,0.001681671233015547,1.3000392207196398e-08,0.16415431018540938,0.00801377666189682,standard normal at finite u_max,infinite,1.300072005605557e-08,0.024314357063518977,0.001681671233015214,unbiased,0.2715419667968795,0.0,8192,5180928,1.3000722054457015e-08,76,67108864,3.057743612676859,3,completed,2048,20.0,0.1641543101854096,0.008011822939176516
4,332,185e953d57699e678314593985abe20c62d7d129,cuda,1.0,8,0.5,gaussian,0.010541060525558832,64,0.23712783198253942,0.033062486502655086,1.3000392415363216e-08,0.5626876918803142,0.0479089704686327,standard normal at finite u_max,infinite,1.0400577401388204e-07,0.2371278319825394,0.03306248650265506,unbiased,0.0001220703125,0.23762327218802246,8192,37777408,1.300072227650162e-08,68,4194304,0.22640562057495117,2,completed,128,20.0,0.5626876918803143,0.047905433349097824
4,360,185e953d57699e678314593985abe20c62d7d129,cuda,1.0,8,0.5,gaussian,0.9849622611334328,64,0.16168567055090963,0.02907251940491823,1.3000392415363216e-08,0.40522355456601966,0.03771785832631803,standard normal at finite u_max,infinite,1.0400577351428167e-07,0.16168567055090965,0.02907251940491823,unbiased,0.0001223043235169254,0.16976742193572605,8192,37777408,1.300072183241241e-08,233,16777216,0.8662200607359409,1,completed,512,20.0,0.4052235545660201,0.03771706543097564
4,388,185e953d57699e678314593985abe20c62d7d129,cuda,1.0,8,0.5,gaussian,0.5738911877001266,64,0.12215467231522942,0.028377847174462775,1.3000392415363216e-08,0.27666703013065697,0.030129599247820056,standard normal at finite u_max,infinite,1.0400577617881693e-07,0.12215467231522945,0.028377847174462748,unbiased,0.0005468839895251542,0.09003707762257766,8192,37777408,1.3000722498546224e-08,605,67108864,3.305029820650816,0,completed,2048,20.0,0.276667030130657,0.03012959151623002
4,416,185e953d57699e678314593985abe20c62d7d129,cuda,1.0,8,0.5,gaussian,0.9602894902697167,64,0.1159749003626098,0.026032150297927548,1.3000392415363216e-08,0.27642240876952057,0.0296055043029704,standard normal at finite u_max,infinite,1.0400577412490434e-07,0.11597490036260981,0.026032150297927353,unbiased,0.0003029418025606292,0.07800052121302171,8192,37777408,1.3000722054457015e-08,602,67108864,3.2950019501149654,4,completed,2048,20.0,0.27642240876952084,0.02960514686174944
4,444,185e953d57699e678314593985abe20c62d7d129,cuda,1.0,1,0.5,mixture,0.8194751011995987,16,0.4877186645343888,1.179077046153147,0.45946117729116814,0.5499854134810445,1.1792146364115894,standard normal at finite u_max,infinite,0.4594611772321686,0.4877186645343888,1.1790770461531466,unbiased,0.00684234267690274,0.0,8192,5179904,0.45946117723216906,13,4194304,0.20601319149136543,3,completed,128,20.0,0.5499854134810445,1.1792138499761715
4,472,185e953d57699e678314593985abe20c62d7d129,cuda,1.0,1,0.5,mixture,0.9357117257472797,16,0.02773909892087789,0.050292558321926265,0.021411697367154703,0.041588062980524976,0.05709522835982083,standard normal at finite u_max,infinite,0.02141169730815748,0.02773909892087789,0.05029255832192611,unbiased,0.4394682464243987,0.0,8192,5179904,0.021411697308155953,2,16777216,0.766523465514183,2,completed,512,20.0,0.0415880629805252,0.05709432949346387
4,500,185e953d57699e678314593985abe20c62d7d129,cuda,1.0,1,0.5,mixture,0.9764369741064427,16,0.014677881363209064,0.026649497439277747,0.00681591446847396,0.007663076225345566,0.026668343729801963,standard normal at finite u_max,infinite,0.006815914527472849,0.014677881363209064,0.02664949743927783,unbiased,0.4951610124788852,0.0,8192,5179904,0.006815914527472988,2,67108864,3.0340631082654,1,completed,2048,20.0,0.007663076225345122,0.02666913062293617
4,528,185e953d57699e678314593985abe20c62d7d129,cuda,1.0,8,0.5,mixture,0.5311488371108775,16,0.564724329686861,1.216708464079713,0.541304138649918,0.9631252262128961,1.239463795174996,standard normal at finite u_max,infinite,0.9955766968608375,0.564724329686861,1.2167084640797126,unbiased,0.00018863425008524372,0.12160982869233763,8192,37755904,0.541304138605668,25,4194304,0.20803822576999664,0,completed,128,20.0,0.963125226212896,1.239463035040051
4,556,185e953d57699e678314593985abe20c62d7d129,cuda,1.0,8,0.5,mixture,0.8162996385771476,16,0.5398182479830741,1.2144509692547683,0.527836132719752,0.960943286619796,1.2158184779995027,standard normal at finite u_max,infinite,0.9970810170420351,0.5398182479830741,1.214450969254768,unbiased,0.00013134417320192056,0.10658000040045285,8192,37755904,0.5278361326902524,27,4194304,0.2084948681294918,4,completed,128,20.0,0.960943286619796,1.2158192155130776
4,584,185e953d57699e678314593985abe20c62d7d129,cuda,1.0,8,0.5,mixture,0.5390377336804669,16,0.14445407121775572,0.27813996123610535,0.10929288106101628,0.0818669756633896,0.29252784786119357,standard normal at finite u_max,infinite,0.6147727264636293,0.14445407121775575,0.2781399612361055,unbiased,0.2578413437129938,0.2213517620265239,8192,37755904,0.10929288106101614,20,16777216,0.7784990966320038,3,completed,512,20.0,0.08186697566338974,0.29252679849297425
4,612,185e953d57699e678314593985abe20c62d7d129,cuda,1.0,8,0.5,mixture,0.6080245880812761,16,0.04252862547912771,0.08241858960652278,0.033652851822582895,0.02682315680101925,0.0862375454797331,standard normal at finite u_max,infinite,0.3170812180619816,0.04252862547912771,0.08241858960652282,unbiased,0.4875574251131146,0.07603674266865976,8192,37755904,0.033652851852082596,6,67108864,3.0504450537264347,2,completed,2048,20.0,0.026823156801019307,0.08623705254010679
4,640,185e953d57699e678314593985abe20c62d7d129,cuda,1.0,1,0.5,mixture,0.8882110936810641,64,0.31495748135045953,0.7349441367361806,0.3051468870622363,0.9917117916662952,0.7481781829476555,standard normal at finite u_max,infinite,0.3051468870622345,0.31495748135045953,0.7349441367361804,unbiased,0.00012209097130538995,0.0,8192,5180928,0.3051468870622338,41,4194304,0.21062195301055908,1,completed,128,20.0,0.9917117916662952,0.7481798377451434
4,668,185e953d57699e678314593985abe20c62d7d129,cuda,1.0,1,0.5,mixture,0.6881791016155328,64,0.6972467191058914,1.7364343229912804,0.6948531129377638,0.9896264141187762,1.7364371572323365,standard normal at finite u_max,infinite,0.6948531129377646,0.6972467191058914,1.7364343229912798,unbiased,0.00017460378332798766,0.0,8192,5180928,0.6948531129377657,115,16777216,0.808624766767025,0,completed,512,20.0,0.9896264141187762,1.7364388864153701
4,696,185e953d57699e678314593985abe20c62d7d129,cuda,1.0,1,0.5,mixture,0.9605085179037016,64,0.6970488771298061,1.7396821176571504,0.6948531129377638,0.9891163872327327,1.7396904422700983,standard normal at finite u_max,infinite,0.6948531129377646,0.6970488771298061,1.7396821176571502,unbiased,0.00012340366970574627,0.0,8192,5180928,0.694853112937766,123,16777216,0.808980755507946,4,completed,512,20.0,0.9891163872327328,1.7396895815660447
4,724,185e953d57699e678314593985abe20c62d7d129,cuda,1.0,1,0.5,mixture,0.9983942403701329,64,0.48480320733481885,1.2018541621087093,0.48462570314270254,0.12026733102146314,1.2027866146769133,standard normal at finite u_max,infinite,0.484625703142705,0.48480320733481885,1.2018541621087095,unbiased,0.009944565533427277,0.0,8192,5180928,0.48462570314270526,69,67108864,3.0713608600199223,3,completed,2048,20.0,0.12026733102146281,1.2027832155008487
4,752,185e953d57699e678314593985abe20c62d7d129,cuda,1.0,8,0.5,mixture,0.0024102286721254126,64,0.4811257750768951,0.6318609039391773,0.3538601652966774,0.9944327690920262,0.9234321511762091,standard normal at finite u_max,infinite,0.9761350792596964,0.481125775076895,0.6318609039391772,unbiased,0.0001220703125,0.5724026941061723,8192,37777408,0.35386016529667547,56,4194304,0.22062605246901512,2,completed,128,20.0,0.994432769092026,0.9234249867884956
4,780,185e953d57699e678314593985abe20c62d7d129,cuda,1.0,8,0.5,mixture,0.8133624798605879,64,0.7007580858593836,1.6203801444744823,0.6948531129377636,0.994716819155412,1.6440907889342165,standard normal at finite u_max,infinite,0.9999248253264067,0.7007580858593836,1.620380144474483,unbiased,0.00012207031308642848,0.2576128408747768,8192,37777408,0.6948531129377666,180,16777216,0.8473615385591984,1,completed,512,20.0,0.994716819155412,1.6440908916008228
4,808,185e953d57699e678314593985abe20c62d7d129,cuda,1.0,8,0.5,mixture,0.5505252140502924,64,0.7027951496807466,1.70646363890598,0.6948531129377636,0.9922232242692978,1.7080318914871497,standard normal at finite u_max,infinite,0.9999248253264051,0.7027951496807466,1.7064636389059797,unbiased,0.0001229977161278469,0.09173155370353106,8192,37777408,0.6948531129377662,533,67108864,3.283614821732044,0,completed,2048,20.0,0.9922232242692979,1.7080324047589597
4,836,185e953d57699e678314593985abe20c62d7d129,cuda,1.0,8,0.5,mixture,0.5384783399706923,64,0.703298609490514,1.7039144268873416,0.6948531129377636,0.9923401193325085,1.7050394761069225,standard normal at finite u_max,infinite,0.9999248253264049,0.7032986094905139,1.7039144268873412,unbiased,0.00012549144346507278,0.07785608474022354,8192,37777408,0.6948531129377657,511,67108864,3.2759866677224636,4,completed,2048,20.0,0.9923401193325085,1.705039958906284
4,864,185e953d57699e678314593985abe20c62d7d129,cuda,1.0,1,0.5,weak_mixture,0.9846580144900473,16,0.01717074106986094,0.009545813142574511,0.013699858875118542,0.05038994909951244,0.013924205162270081,standard normal at finite u_max,infinite,0.013699858378623642,0.01717074106986094,0.009545813142574475,unbiased,0.4949319199431354,0.0,8192,5179904,0.01369985837862342,1,4194304,0.20125407725572586,3,completed,128,20.0,0.050389949099512665,0.013921835774493319
4,892,185e953d57699e678314593985abe20c62d7d129,cuda,1.0,1,0.5,weak_mixture,0.9980695728116675,16,0.009352176170406845,0.008159770101008896,0.0011554689845167943,9.196093022179053e-05,0.009091983667042128,standard normal at finite u_max,finite,0.0011554694810112787,0.009352176170406845,0.00815977010100886,unbiased,0.49637702329106315,0.0,8192,5179904,0.0011554694810119726,1,16777216,0.7655094377696514,2,completed,512,20.0,9.19609302216795e-05,0.009091776162736523
4,920,185e953d57699e678314593985abe20c62d7d129,cuda,1.0,1,0.5,weak_mixture,0.9952279781884026,16,0.014665988550932596,0.007606187738296636,0.011155725842682984,0.07768378939293541,0.01720168650851282,standard normal at finite u_max,finite,0.011155726339178745,0.014665988550932596,0.007606187738296662,unbiased,0.49965180374097756,0.0,8192,5179904,0.01115572633917794,1,67108864,3.043881520628929,1,completed,2048,20.0,0.07768378939293596,0.017199773022180738
4,948,185e953d57699e678314593985abe20c62d7d129,cuda,1.0,8,0.5,weak_mixture,0.6727926083075113,16,0.017401130025947283,0.01381573685078951,0.010147240598024881,0.027775520457141073,0.01655555612800542,standard normal at finite u_max,infinite,0.09640239332120863,0.017401130025947283,0.013815736850789523,unbiased,0.4563362207522313,0.027249982274253765,8192,37755904,0.010147240598024812,3,4194304,0.20029564574360847,0,completed,128,20.0,0.027775520457141198,0.016555041353768105
4,976,185e953d57699e678314593985abe20c62d7d129,cuda,1.0,8,0.5,weak_mixture,0.7471213787750304,16,0.01944956726440842,0.01694952762286704,0.012272341698994785,0.04588710698426536,0.019919551159896756,standard normal at finite u_max,infinite,0.10216442042741433,0.01944956726440842,0.016949527622867007,unbiased,0.41648317332900986,0.03601566243845097,8192,37755904,0.012272341574870962,3,4194304,0.20085931941866875,4,completed,128,20.0,0.04588710698426532,0.0199197094848846
4,1004,185e953d57699e678314593985abe20c62d7d129,cuda,1.0,8,0.5,weak_mixture,0.7616451601101347,16,0.19960561962609738,0.22768901271559633,0.17614817097629393,0.1396365469225141,0.22789322215895264,standard normal at finite u_max,finite,0.458704022172332,0.19960561962609738,0.22768901271559633,unbiased,0.4368908099098211,0.1479501664150118,8192,37755904,0.17614817110041775,5,16777216,0.7718102857470512,3,completed,512,20.0,0.13963654692251415,0.2278936871963505
4,1032,185e953d57699e678314593985abe20c62d7d129,cuda,1.0,8,0.5,weak_mixture,0.732399900439667,16,0.020233077330894585,0.018004558763621333,0.01477227679955638,0.03452314386165757,0.020619155696662686,standard normal at finite u_max,finite,0.10512030462365332,0.020233077330894585,0.01800455876362136,unbiased,0.49569820527533837,0.04498948001451855,8192,37755904,0.014772277171928083,3,67108864,3.0508459620177746,2,completed,2048,20.0,0.03452314386165728,0.02061871697938695
4,1060,185e953d57699e678314593985abe20c62d7d129,cuda,1.0,1,0.5,weak_mixture,0.7630455931646936,64,0.009878984773069518,0.006125292109906224,0.006484970273823998,0.008389300460913018,0.008565031778331619,standard normal at finite u_max,infinite,0.006484969645002586,0.009878984773069518,0.006125292109906267,unbiased,0.46166369783651817,0.0,8192,5180928,0.006484969645001781,1,4194304,0.1995367854833603,1,completed,128,20.0,0.008389300460913462,0.008567301966968626
4,1088,185e953d57699e678314593985abe20c62d7d129,cuda,1.0,1,0.5,weak_mixture,0.6439884244085942,64,0.013801055901307202,0.005296068621403843,0.007031018643273268,0.06130652923555013,0.014514461793726667,standard normal at finite u_max,infinite,0.00703101927209468,0.013801055901307202,0.005296068621403806,unbiased,0.47566591759402244,0.0,8192,5180928,0.0070310192720953735,1,16777216,0.7683585286140442,0,completed,512,20.0,0.061306529235550355,0.014513634858331521
4,1116,185e953d57699e678314593985abe20c62d7d129,cuda,1.0,1,0.5,weak_mixture,0.7643196777538452,64,0.01613534399279848,0.01587582075352073,0.006433705447575044,0.0291466023879402,0.016576487249733388,standard normal at finite u_max,infinite,0.006433704818753411,0.01613534399279848,0.01587582075352078,unbiased,0.49859308350173676,0.0,8192,5180928,0.006433704818753383,1,16777216,0.7676895298063755,4,completed,512,20.0,0.029146602387940534,0.01657571366522321
4,1144,185e953d57699e678314593985abe20c62d7d129,cuda,1.0,1,0.5,weak_mixture,0.9365123528660195,64,0.023908684014773973,0.015472369962411915,0.007023286674126328,0.08440095028276029,0.01971558568581138,standard normal at finite u_max,infinite,0.007023286045304028,0.023908684014773973,0.015472369962411962,unbiased,0.4997249743043592,0.0,8192,5180928,0.007023286045304444,1,67108864,3.040140524506569,3,completed,2048,20.0,0.08440095028276029,0.01971643228343828
4,1172,185e953d57699e678314593985abe20c62d7d129,cuda,1.0,8,0.5,weak_mixture,0.8015165050020774,64,0.05890795908738335,0.05635968266638332,0.0477963865012196,0.12924500744839995,0.06148040864182938,standard normal at finite u_max,infinite,0.16947770338354629,0.058907959087383346,0.05635968266638329,unbiased,0.35032624835107773,0.12837113363669803,8192,37777408,0.04779638634401422,5,4194304,0.2026914581656456,2,completed,128,20.0,0.1292450074484,0.06148006125611402
4,1200,185e953d57699e678314593985abe20c62d7d129,cuda,1.0,8,0.5,weak_mixture,0.5879443560365547,64,0.04175274651534293,0.03912780872047149,0.03130328013523945,0.09938603840081503,0.04381976485541905,standard normal at finite u_max,infinite,0.13225992968413117,0.04175274651534293,0.03912780872047147,unbiased,0.4666802292371639,0.06263365833896883,8192,37777408,0.03130328029244485,4,16777216,0.7749268151819706,1,completed,512,20.0,0.0993860384008151,0.043819898249235975
4,1228,185e953d57699e678314593985abe20c62d7d129,cuda,1.0,8,0.5,weak_mixture,0.9998518587178028,64,0.048164244393547856,0.043634591057155815,0.039699652684205694,0.08289792576736202,0.04709449092542609,standard normal at finite u_max,infinite,0.14784867311312977,0.048164244393547856,0.04363459105715582,unbiased,0.4922985825891628,0.05726247443861356,8192,37777408,0.039699652998616664,5,67108864,3.0604924373328686,0,completed,2048,20.0,0.08289792576736209,0.047093967780619764
4,1256,185e953d57699e678314593985abe20c62d7d129,cuda,1.0,8,0.5,weak_mixture,0.7288974801164774,64,0.02931108820300572,0.021181407530130092,0.019310893406452506,0.07819504148171087,0.02845167196775443,standard normal at finite u_max,infinite,0.12324053259038815,0.02931108820300572,0.021181407530130085,unbiased,0.49534861033989613,0.05386481312728848,8192,37777408,0.0193108930920418,4,67108864,3.0579263269901276,4,completed,2048,20.0,0.0781950414817108,0.02845196827132122
4,25,185e953d57699e678314593985abe20c62d7d129,cuda,1.0,1,0.5,gaussian,0.49682833104361185,16,0.06315777045205268,0.02832314581359463,0.0009983094076451149,0.12907629233043527,0.029029732329963916,standard normal at finite u_max,infinite,0.0009983148897072653,0.06315777045205268,0.028323145813594408,cumulant,0.36372084308971225,0.0,8192,5310976,0.0009983148897074745,9,8388608,0.3237752951681614,3,completed,128,20.0,0.1290762923304355,0.02902878547013028
4,53,185e953d57699e678314593985abe20c62d7d129,cuda,1.0,1,0.5,gaussian,0.9848863618428683,16,0.030272146537330458,0.008859303136694363,0.00036439758054207516,0.09436583353832739,0.013214717545783235,standard normal at finite u_max,infinite,0.0003644030626066355,0.030272146537330458,0.008859303136694141,cumulant,0.46036469334073177,0.0,8192,5310976,0.0003644030626046568,10,33554432,1.2406595423817635,2,completed,512,20.0,0.09436583353832739,0.01321234443965177
4,81,185e953d57699e678314593985abe20c62d7d129,cuda,1.0,1,0.5,gaussian,0.9860131438917747,16,0.09782153071692162,0.05622657516810603,0.002164130002849096,0.06047028349903871,0.056238489243524335,standard normal at finite u_max,infinite,0.002164135484912147,0.09782153071692162,0.0562265751681057,cumulant,0.4889825245882527,0.0,8192,5310976,0.0021641354849113448,10,134217728,4.928864251822233,1,completed,2048,20.0,0.060470283499038824,0.056237397037229825
4,109,185e953d57699e678314593985abe20c62d7d129,cuda,1.0,8,0.5,gaussian,0.4817732950245993,16,0.10748879821364273,0.045777771584696814,0.0030074596930285136,0.25307928724021944,0.05160371356289027,standard normal at finite u_max,infinite,0.023774491774029804,0.10748879821364273,0.045777771584697036,cumulant,0.000217656877821411,0.047759013226256336,8192,38345728,0.0030074651750916087,33,8388608,0.3317778594791889,0,completed,128,20.0,0.2530792872402191,0.05160384912618604
4,137,185e953d57699e678314593985abe20c62d7d129,cuda,1.0,8,0.5,gaussian,0.9927052888814897,16,0.08003694056355372,0.03383055621071507,0.002009247033657305,0.19811475751133056,0.04107242140415106,standard normal at finite u_max,infinite,0.01564446058884448,0.08003694056355372,0.03383055621071494,cumulant,0.00044208730194458535,0.06706550701319862,8192,38345728,0.002009251145203811,37,8388608,0.3353550583124161,4,completed,128,20.0,0.198114757511331,0.041071902308772786
4,165,185e953d57699e678314593985abe20c62d7d129,cuda,1.0,8,0.5,gaussian,0.7358532260033337,16,0.05946180362529748,0.02562279279430471,0.003243075162672693,0.11168308737491531,0.029598196242198244,standard normal at finite u_max,infinite,0.014824653845911891,0.05946180362529748,0.02562279279430471,cumulant,0.38426678014596943,0.0738924437794599,8192,38345728,0.0032430779037039975,27,33554432,1.270186711102724,3,completed,512,20.0,0.11168308737491535,0.02959769949774978
4,193,185e953d57699e678314593985abe20c62d7d129,cuda,1.0,8,0.5,gaussian,0.5903025142247581,16,0.0693835116520545,0.0326199213528993,0.0031159517978381762,0.1574425963130605,0.03493408384910741,standard normal at finite u_max,infinite,0.020545376183104216,0.0693835116520545,0.03261992135289919,cumulant,0.46538071478953047,0.07169026889741155,8192,38345728,0.0031159559093850014,22,134217728,4.960802152752876,2,completed,2048,20.0,0.1574425963130605,0.03493403978860398
4,221,185e953d57699e678314593985abe20c62d7d129,cuda,1.0,1,0.5,gaussian,0.9613226776114487,64,0.11464786539786576,0.03440354630984854,1.3000392207196398e-08,0.14875581658964698,0.03442632512238969,standard normal at finite u_max,infinite,1.3000722609568527e-08,0.11464786539786576,0.03440354630984843,cumulant,0.0001220703125,0.0,8192,5312000,1.300072272059083e-08,48,8388608,0.33050497993826866,1,completed,128,20.0,0.14875581658964665,0.03442679171179266
4,249,185e953d57699e678314593985abe20c62d7d129,cuda,1.0,1,0.5,gaussian,0.8397474595505531,64,0.054753418919886915,0.005556963248250724,1.3000392207196398e-08,0.23667934032747873,0.013057087084474221,standard normal at finite u_max,infinite,1.3000724496947669e-08,0.054753418919886915,0.005556963248250835,cumulant,0.00035197107750260895,0.0,8192,5312000,1.300072272059083e-08,95,33554432,1.2730174027383327,0,completed,512,20.0,0.2366793403274785,0.013057040256768775
4,277,185e953d57699e678314593985abe20c62d7d129,cuda,1.0,1,0.5,gaussian,0.5896383198101299,64,0.05138029549432435,0.007190473315771495,1.3000392207196398e-08,0.2201187767542626,0.012528600870971518,standard normal at finite u_max,infinite,1.3000722498546224e-08,0.05138029549432435,0.007190473315771495,cumulant,0.0066105245327555545,0.0,8192,5312000,1.3000722498546224e-08,92,33554432,1.2679750882089138,4,completed,512,20.0,0.2201187767542625,0.012528750267914307
4,305,185e953d57699e678314593985abe20c62d7d129,cuda,1.0,1,0.5,gaussian,0.8620962163706148,64,0.044164214396354096,0.008394836245628534,1.3000392207196398e-08,0.14506367761600392,0.010110161194704835,standard normal at finite u_max,infinite,1.3000724163880761e-08,0.044164214396354096,0.008394836245628534,cumulant,0.4343453020940266,0.0,8192,5312000,1.3000722498546224e-08,40,134217728,4.941945891827345,3,completed,2048,20.0,0.1450636776160038,0.010111281502113517
4,333,185e953d57699e678314593985abe20c62d7d129,cuda,1.0,8,0.5,gaussian,0.009773952750835705,64,0.41606069582966,0.07450421890129788,1.3000392415363216e-08,0.7973312800293645,0.09811229382854424,standard normal at finite u_max,infinite,1.0400577540166082e-07,0.41606069582966,0.0745042189012979,cumulant,0.0001220703125,0.30929191297335556,8192,38367232,1.300072227650162e-08,66,8388608,0.3430422358214855,2,completed,128,20.0,0.7973312800293645,0.09811569600019242
4,361,185e953d57699e678314593985abe20c62d7d129,cuda,1.0,8,0.5,gaussian,0.7730345150611193,64,0.2644810544645048,0.06113527683065978,1.3000392415363216e-08,0.4288250327368591,0.06548322252567712,standard normal at finite u_max,infinite,1.0400577501308276e-07,0.26448105446450476,0.06113527683065978,cumulant,0.00012207039425952818,0.14700313740141857,8192,38367232,1.300072227650162e-08,207,33554432,1.32815295830369,1,completed,512,20.0,0.4288250327368593,0.06548287133823341
4,389,185e953d57699e678314593985abe20c62d7d129,cuda,1.0,8,0.5,gaussian,0.8035097244412336,64,0.055784325066136425,0.008684894949162927,1.3000392415363216e-08,0.23159809330533176,0.014094684096146327,standard normal at finite u_max,infinite,1.040057745134824e-07,0.055784325066136425,0.008684894949162844,cumulant,0.00042036673491882505,0.03948922396850429,8192,38367232,1.300072227650162e-08,467,134217728,5.147128544747829,0,completed,2048,20.0,0.23159809330533204,0.014093463870722033
4,417,185e953d57699e678314593985abe20c62d7d129,cuda,1.0,8,0.5,gaussian,0.8374704775873377,64,0.07878046179732336,0.018355887732047826,1.3000392415363216e-08,0.18220888033554328,0.020816341401022037,standard normal at finite u_max,infinite,1.040057746245047e-07,0.07878046179732337,0.01835588773204791,cumulant,0.0006042847386289895,0.08221556632713031,8192,38367232,1.3000722942635434e-08,470,134217728,5.159635614603758,4,completed,2048,20.0,0.18220888033554294,0.02081671282826568
4,445,185e953d57699e678314593985abe20c62d7d129,cuda,1.0,1,0.5,mixture,0.7992318168752748,16,0.020565514544336416,0.038432840067213134,0.013639080934869652,0.0022033842242323853,0.03968585114530561,standard normal at finite u_max,infinite,0.01363908087587079,0.020565514544336416,0.03843284006721304,cumulant,0.09305420263724966,0.0,8192,5310976,0.013639080875870513,3,8388608,0.31588681787252426,3,completed,128,20.0,0.0022033842242321633,0.03968594280105954
4,473,185e953d57699e678314593985abe20c62d7d129,cuda,1.0,1,0.5,mixture,0.9981219331533175,16,0.12609898536990494,0.30006626724777863,0.11012041708532821,0.07315336514013215,0.30010125255091497,standard normal at finite u_max,infinite,0.1101204170263286,0.12609898536990494,0.3000662672477784,cumulant,0.3782918341977713,0.0,8192,5310976,0.11012041702632913,4,33554432,1.2433638349175453,2,completed,512,20.0,0.07315336514013193,0.30009793723973205
4,501,185e953d57699e678314593985abe20c62d7d129,cuda,1.0,1,0.5,mixture,0.7874150623255302,16,0.012904657188260504,0.007685778454885384,0.003298667722598181,0.024326054178372636,0.017346836835071308,standard normal at finite u_max,infinite,0.00329866778159707,0.012904657188260504,0.007685778454885495,cumulant,0.499814249414178,0.0,8192,5310976,0.0032986677815971532,1,134217728,4.923388209193945,1,completed,2048,20.0,0.024326054178372636,0.01734423567795972
4,529,185e953d57699e678314593985abe20c62d7d129,cuda,1.0,8,0.5,mixture,0.8178524820492686,16,0.21973905091918758,0.4861777453202897,0.20626705483700494,0.13845770727009016,0.48715405123373723,standard normal at finite u_max,infinite,0.6512330292700921,0.2197390509191876,0.4861777453202896,cumulant,0.0007897243038469234,0.3197433585750072,8192,38345728,0.20626705483700541,18,8388608,0.3240272328257561,0,completed,128,20.0,0.13845770727009032,0.48715413778816846
4,557,185e953d57699e678314593985abe20c62d7d129,cuda,1.0,8,0.5,mixture,0.6459377100453202,16,0.5699718820992652,1.2498395710422945,0.4931608980199871,0.9411923571835543,1.250533494676743,standard normal at finite u_max,infinite,0.9831269326237737,0.5699718820992652,1.2498395710422945,cumulant,0.00012527781981676078,0.31323359332670286,8192,38345728,0.49316089801998725,17,8388608,0.3237120918929577,4,completed,128,20.0,0.9411923571835542,1.2505329272655583
4,585,185e953d57699e678314593985abe20c62d7d129,cuda,1.0,8,0.5,mixture,0.8807824864319549,16,0.04776235418876668,0.09505525705930637,0.042376427689196694,0.022559793713930104,0.09729004893335023,standard normal at finite u_max,infinite,0.27902000402035254,0.04776235418876668,0.09505525705930634,cumulant,0.4349544379728454,0.07016604259215238,8192,38345728,0.04237642768919677,7,33554432,1.2485855296254158,3,completed,512,20.0,0.022559793713930007,0.09729055478423337
4,613,185e953d57699e678314593985abe20c62d7d129,cuda,1.0,8,0.5,mixture,0.9122247516914808,16,0.044216727839412114,0.08179097238524399,0.03430998980422292,0.04290024052215276,0.08815875977043308,standard normal at finite u_max,infinite,0.27472975089800195,0.044216727839412114,0.08179097238524405,cumulant,0.48235343055210883,0.08789976093008552,8192,38345728,0.03430998983372291,6,134217728,4.96192791312933,2,completed,2048,20.0,0.04290024052215273,0.08815873425264756
4,641,185e953d57699e678314593985abe20c62d7d129,cuda,1.0,1,0.5,mixture,0.569760457489324,64,0.6949459972769177,1.6908348884308246,0.6948531129377638,0.9889479513437912,1.6909072089855752,standard normal at finite u_max,infinite,0.6948531129377655,0.6949459972769177,1.6908348884308246,cumulant,0.00012258488731368,0.0,8192,5312000,0.6948531129377662,34,8388608,0.32669390365481377,1,completed,128,20.0,0.9889479513437912,1.6909091865498425
4,669,185e953d57699e678314593985abe20c62d7d129,cuda,1.0,1,0.5,mixture,0.9727828072868006,64,0.054472563040490085,0.11646545608849113,0.0544302434911933,0.0835128575464239,0.11898951777614157,standard normal at finite u_max,infinite,0.05443024349119613,0.054472563040490085,0.11646545608849124,cumulant,0.004491963370797688,0.0,8192,5312000,0.05443024349119574,51,33554432,1.260696068406105,0,completed,512,20.0,0.0835128575464239,0.11898943175735087
4,697,185e953d57699e678314593985abe20c62d7d129,cuda,1.0,1,0.5,mixture,0.7574325496594155,64,0.23968869229013645,0.5513352843581962,0.22184855709649712,0.631723480479687,0.5520077729839425,standard normal at finite u_max,infinite,0.22184855709649437,0.23968869229013645,0.5513352843581965,cumulant,0.0004371911938872452,0.0,8192,5312000,0.2218485570964946,53,33554432,1.2746287621557713,4,completed,512,20.0,0.6317234804796867,0.5520075641734201
4,725,185e953d57699e678314593985abe20c62d7d129,cuda,1.0,1,0.5,mixture,0.9826461156942452,64,0.12026136508600438,0.21968510302043404,0.08483140542255124,0.1671555815210849,0.22004840502824852,standard normal at finite u_max,infinite,0.084831405422548,0.12026136508600438,0.21968510302043454,cumulant,0.25344598174997196,0.0,8192,5312000,0.08483140542254855,21,134217728,4.949339523911476,3,completed,2048,20.0,0.16715558152108423,0.22004929966057157
4,753,185e953d57699e678314593985abe20c62d7d129,cuda,1.0,8,0.5,mixture,0.06495947055987698,64,0.5040983989160924,1.066608439992533,0.45128672176555895,0.9934623934803699,1.1064078652531997,standard normal at finite u_max,infinite,0.9953975204327995,0.5040983989160924,1.0666084399925329,cumulant,0.00012207031250004163,0.5315883857928522,8192,38367232,0.4512867217655582,52,8388608,0.33989647775888443,2,completed,128,20.0,0.9934623934803699,1.1064081261742165
4,781,185e953d57699e678314593985abe20c62d7d129,cuda,1.0,8,0.5,mixture,0.9349351221025894,64,0.6809860913019071,1.5798115723388957,0.6461398347033228,0.9946502695467625,1.589740424395251,standard normal at finite u_max,infinite,0.9998288189780872,0.6809860913019072,1.5798115723388957,cumulant,0.00012207076971453162,0.12693790452417034,8192,38367232,0.6461398347033247,150,33554432,1.3082868345081806,1,completed,512,20.0,0.9946502695467626,1.5897402337883706
4,809,185e953d57699e678314593985abe20c62d7d129,cuda,1.0,8,0.5,mixture,0.8363630852167226,64,0.4959083249149942,1.2114922524796672,0.49290056532332827,0.9553736348728864,1.2121395973875282,standard normal at finite u_max,infinite,0.9970911937276766,0.49590832491499415,1.2114922524796667,cumulant,0.0001415756416022834,0.500169485305891,8192,38367232,0.49290056532332815,324,134217728,5.092738855630159,0,completed,2048,20.0,0.9553736348728864,1.2121399296575495
4,837,185e953d57699e678314593985abe20c62d7d129,cuda,1.0,8,0.5,mixture,0.5520924484872749,64,0.2833567630180795,0.6601053958932555,0.26610025774386037,0.4262124491970259,0.6655377229630364,standard normal at finite u_max,infinite,0.9828959738111526,0.2833567630180795,0.6601053958932557,cumulant,0.0001928956200664841,0.5848445732758925,8192,38367232,0.2661002577438618,320,134217728,5.106278833001852,4,completed,2048,20.0,0.42621244919702606,0.6655371225807625
4,865,185e953d57699e678314593985abe20c62d7d129,cuda,1.0,1,0.5,weak_mixture,0.9716003930052153,16,0.010761437328050683,0.001592339466237963,0.00569717283437976,0.02929535993721788,0.007297774249240453,standard normal at finite u_max,infinite,0.005697173330874494,0.010761437328050683,0.0015923394662379995,cumulant,0.4985370158200092,0.0,8192,5310976,0.005697173330874827,1,8388608,0.31569457426667213,3,completed,128,20.0,0.029295359937217658,0.007299027287007775
4,893,185e953d57699e678314593985abe20c62d7d129,cuda,1.0,1,0.5,weak_mixture,0.6693682494933657,16,0.018404094794953363,0.009083445114929376,0.0021468963987700818,0.08119094075606825,0.015706241067503176,standard normal at finite u_max,finite,0.0021468959022750145,0.018404094794953363,0.00908344511492934,cumulant,0.49278170137160476,0.0,8192,5310976,0.0021468959022747924,1,33554432,1.2402514778077602,2,completed,512,20.0,0.08119094075606825,0.01570755436250449
4,921,185e953d57699e678314593985abe20c62d7d129,cuda,1.0,1,0.5,weak_mixture,0.9855879993756467,16,0.013890719766130766,0.014435641950653035,0.009487927378171723,0.03018696298244139,0.014579599449368232,standard normal at finite u_max,finite,0.009487927874667262,0.013890719766130766,0.01443564195065306,cumulant,0.49988844095162055,0.0,8192,5310976,0.00948792787466668,1,134217728,4.934774972498417,1,completed,2048,20.0,0.030186962982441834,0.014578576788091555
4,949,185e953d57699e678314593985abe20c62d7d129,cuda,1.0,8,0.5,weak_mixture,0.7751209572955987,16,0.021983163239496242,0.019840756173202828,0.015379620873941492,0.03362060617555154,0.02237543068734134,standard normal at finite u_max,infinite,0.1018394682120213,0.021983163239496242,0.019840756173202818,cumulant,0.4193728436163297,0.032767164201553574,8192,38345728,0.015379620873941555,3,8388608,0.32141798362135887,0,completed,128,20.0,0.03362060617555146,0.022375568930158928
4,977,185e953d57699e678314593985abe20c62d7d129,cuda,1.0,8,0.5,weak_mixture,0.8700978955865607,16,0.02337188145094116,0.022289466614137974,0.017442012597088198,0.05080796347779795,0.02450963234071977,standard normal at finite u_max,infinite,0.09868626637557021,0.02337188145094116,0.022289466614137943,cumulant,0.4177847594393259,0.02242372758532242,8192,38345728,0.01744201247296439,3,8388608,0.32357078418135643,4,completed,128,20.0,0.050807963477797896,0.024509338207311656
4,1005,185e953d57699e678314593985abe20c62d7d129,cuda,1.0,8,0.5,weak_mixture,0.5508190047721861,16,0.031615581066451334,0.027971604800105493,0.020336230733282813,0.09892551467335356,0.03258625973961875,standard normal at finite u_max,finite,0.11727693239610408,0.031615581066451334,0.027971604800105507,cumulant,0.4794565813163414,0.06558854883592041,8192,38345728,0.020336230733282785,3,33554432,1.2472590766847134,3,completed,512,20.0,0.09892551467335353,0.03258507282474522
4,1033,185e953d57699e678314593985abe20c62d7d129,cuda,1.0,8,0.5,weak_mixture,0.8241413465621952,16,0.017799870630518945,0.01625428548049261,0.011664607765637366,0.032232109272205295,0.017905958778805457,standard normal at finite u_max,finite,0.09192551552431538,0.017799870630518945,0.016254285480492615,cumulant,0.49549640992568994,0.02598406846170283,8192,38345728,0.011664607889761328,3,134217728,4.948833920061588,2,completed,2048,20.0,0.032232109272204906,0.017905233782012003
4,1061,185e953d57699e678314593985abe20c62d7d129,cuda,1.0,1,0.5,weak_mixture,0.9766476646678588,64,0.01677782484375348,0.012518687366998932,0.0110548188844658,0.03653361308599001,0.013617798882897367,standard normal at finite u_max,infinite,0.0110548195132876,0.01677782484375348,0.012518687366998875,cumulant,0.4844628800369345,0.0,8192,5312000,0.011054819513287573,1,8388608,0.31849901005625725,1,completed,128,20.0,0.036533613085990346,0.013618984671614555
4,1089,185e953d57699e678314593985abe20c62d7d129,cuda,1.0,1,0.5,weak_mixture,0.7128390796987832,64,0.014152757546381012,0.00840007651376869,0.004264377636799321,0.017969038826544548,0.01165314200296861,standard normal at finite u_max,infinite,0.004264378265621899,0.014152757546381012,0.008400076513768654,cumulant,0.48914967954420707,0.0,8192,5312000,0.004264378265621427,1,33554432,1.241481427103281,0,completed,512,20.0,0.017969038826544992,0.01165263827672442
4,1117,185e953d57699e678314593985abe20c62d7d129,cuda,1.0,1,0.5,weak_mixture,0.5343679864540859,64,0.013654981672393651,0.004058502173916727,0.00758065311043421,0.011590314232389876,0.011217332670597996,standard normal at finite u_max,infinite,0.007580653739255622,0.013654981672393651,0.00405850217391668,cumulant,0.4954378350362774,0.0,8192,5312000,0.0075806537392560935,1,33554432,1.2456020526587963,4,completed,512,20.0,0.011590314232389876,0.011218549132727405
4,1145,185e953d57699e678314593985abe20c62d7d129,cuda,1.0,1,0.5,weak_mixture,0.5911768141408442,64,0.020421658416836214,0.008861587228003643,0.0038841545572193548,0.06131597392160382,0.014562817405324913,standard normal at finite u_max,infinite,0.003884153928396472,0.020421658416836214,0.008861587228003691,cumulant,0.4970919472204773,0.0,8192,5312000,0.0038841539283976934,1,134217728,4.940621513873339,3,completed,2048,20.0,0.061315973921603595,0.014565040362180074
4,1173,185e953d57699e678314593985abe20c62d7d129,cuda,1.0,8,0.5,weak_mixture,0.7809959293610554,64,0.04111492097451299,0.040385590695153316,0.03266409969479078,0.09590597461197871,0.04255700896251953,standard normal at finite u_max,infinite,0.13281445532111996,0.04111492097451299,0.04038559069515328,cumulant,0.35604216320818144,0.049501074808582936,8192,38367232,0.03266410016640697,4,8388608,0.31999069824814796,2,completed,128,20.0,0.09590597461197874,0.042557538415437746
4,1201,185e953d57699e678314593985abe20c62d7d129,cuda,1.0,8,0.5,weak_mixture,0.7758818680331592,64,0.027048456778815608,0.019571033503958033,0.017146703956777067,0.07272393903261262,0.02463241596470271,standard normal at finite u_max,infinite,0.11573806939549575,0.027048456778815608,0.019571033503958037,cumulant,0.47369192333479765,0.050191427288340404,8192,38367232,0.017146703799571623,4,33554432,1.2496319338679314,1,completed,512,20.0,0.0727239390326126,0.02463216572761172
4,1229,185e953d57699e678314593985abe20c62d7d129,cuda,1.0,8,0.5,weak_mixture,0.7497588414933288,64,0.04175261850406202,0.04159424829276762,0.03718069918243168,0.04854879248224131,0.044473172660670156,standard normal at finite u_max,infinite,0.13398960412272426,0.04175261850406202,0.04159424829276765,cumulant,0.49642545216722894,0.056330247943416525,8192,38367232,0.03718069933963711,4,134217728,4.959708031266928,0,completed,2048,20.0,0.048548792482241074,0.04447271969673432
4,1257,185e953d57699e678314593985abe20c62d7d129,cuda,1.0,8,0.5,weak_mixture,0.9950462968441972,64,0.03792241284319367,0.038287747421600744,0.024239324410009144,0.1324034334616497,0.04315869120719322,standard normal at finite u_max,infinite,0.11804574601186255,0.03792241284319367,0.038287747421600724,cumulant,0.493836736752207,0.09286658029444883,8192,38367232,0.024239324881625543,5,134217728,4.959225088357925,4,completed,2048,20.0,0.13240343346164968,0.04315911984828553
4,26,185e953d57699e678314593985abe20c62d7d129,cuda,1.0,1,0.5,gaussian,0.5096342127534548,16,0.06977078128699227,0.03775803632199848,0.002904752039874614,0.10543605414713819,0.038085952102233575,standard normal at finite u_max,finite,0.002904757521938066,0.06977078128699227,0.0377580363219987,cv,0.3099937773767089,0.0,8192,5179904,0.002904757521937751,8,4194304,0.29896920919418335,3,completed,128,20.0,0.10543605414713786,0.038088311341830904
4,54,185e953d57699e678314593985abe20c62d7d129,cuda,1.0,1,0.5,gaussian,0.9061734857777777,16,0.023243150487653352,0.005111176993669364,0.003201894436323016,0.1394788816866005,0.01256693973332898,standard normal at finite u_max,finite,0.0032018999183843766,0.023243150487653352,0.005111176993669364,cv,0.41918296170357006,0.0,8192,5179904,0.003201899918385931,10,16777216,1.0383544266223907,2,completed,512,20.0,0.13947888168660005,0.0125675743852303
4,82,185e953d57699e678314593985abe20c62d7d129,cuda,1.0,1,0.5,gaussian,0.8579766720794354,16,0.03766870810274443,0.01746381741873404,0.0025803392713733553,0.15758205945291082,0.01970984845813293,standard normal at finite u_max,finite,0.0025803447534355865,0.03766870810274443,0.017463817418733818,cv,0.48245426533071684,0.0,8192,5179904,0.002580344753435715,9,67108864,4.0771485939621925,1,completed,2048,20.0,0.15758205945291082,0.01970836846290954
4,110,185e953d57699e678314593985abe20c62d7d129,cuda,1.0,8,0.5,gaussian,0.8853807243105022,16,0.08140771271381456,0.04203420246834311,0.0024240568954093794,0.09758478837265608,0.04366213785080549,standard normal at finite u_max,finite,0.01734271693105953,0.08140771271381454,0.042034202468342774,cv,0.07364296623216623,0.05289069807395017,8192,37755904,0.0024240610069559826,19,4194304,0.2714115306735039,0,completed,128,20.0,0.0975847883726562,0.04366239219297042
4,138,185e953d57699e678314593985abe20c62d7d129,cuda,1.0,8,0.5,gaussian,0.9201571584332324,16,0.07923378280521556,0.0397650683903369,0.0026246124400068904,0.12939792331248212,0.04045643952172373,standard normal at finite u_max,finite,0.02071171374985506,0.07923378280521556,0.03976506839033679,cv,0.05939997278536081,0.04764338726274462,8192,37755904,0.0026246179220693194,19,4194304,0.2713456153869629,4,completed,128,20.0,0.1293979233124823,0.040455900169841935
4,166,185e953d57699e678314593985abe20c62d7d129,cuda,1.0,8,0.5,gaussian,0.9907553026647199,16,0.0736535069130485,0.03566612888067727,0.002126605378285601,0.14023701234025954,0.03908398175960906,standard normal at finite u_max,finite,0.01672765725608473,0.0736535069130485,0.03566612888067716,cv,0.3998865541830436,0.030097195661048813,8192,37755904,0.002126610860348044,22,16777216,1.0477387607097626,3,completed,512,20.0,0.14023701234025973,0.0390833107977663
4,194,185e953d57699e678314593985abe20c62d7d129,cuda,1.0,8,0.5,gaussian,0.7321222141811974,16,0.05513686601687602,0.022627986544017875,0.0019367201509994103,0.16124157137029543,0.028329250385191577,standard normal at finite u_max,finite,0.015208575437794549,0.05513686601687602,0.022627986544017847,cv,0.4656578580319973,0.05325947942012506,8192,37755904,0.0019367256330620752,22,67108864,4.137536138296127,2,completed,2048,20.0,0.16124157137029543,0.028328063496657976
4,222,185e953d57699e678314593985abe20c62d7d129,cuda,1.0,1,0.5,gaussian,0.6112722009079358,64,0.09411989326713921,0.023544083851757214,1.3000392207196398e-08,0.13412863424126042,0.02427062878251252,standard normal at finite u_max,infinite,1.3000721721390107e-08,0.09411989326713921,0.023544083851757547,cv,0.0001352300758963333,0.0,8192,5180928,1.3000722942635434e-08,39,4194304,0.3270825520157814,1,completed,128,20.0,0.13412863424125998,0.02427141178041596
4,250,185e953d57699e678314593985abe20c62d7d129,cuda,1.0,1,0.5,gaussian,0.843182907271324,64,0.02600484391432767,0.007305319455455317,1.3000392207196398e-08,0.016257168692014656,0.007511832547418504,standard normal at finite u_max,finite,1.3000720999745141e-08,0.02600484391432767,0.007305319455455539,cv,0.2301019793467482,0.0,8192,5180928,1.3000722165479317e-08,38,16777216,1.046180672943592,0,completed,512,20.0,0.016257168692014767,0.007510353899308654
4,278,185e953d57699e678314593985abe20c62d7d129,cuda,1.0,1,0.5,gaussian,0.9116929934550906,64,0.1116035133132754,0.026512851955604044,1.3000392207196398e-08,0.20569484941313243,0.02724503923742207,standard normal at finite u_max,finite,1.3000722609568527e-08,0.1116035133132754,0.026512851955604155,cv,0.18801862318590445,0.0,8192,5180928,1.300072272059083e-08,44,16777216,1.0685555338859558,4,completed,512,20.0,0.2056948494131322,0.027244904268372536
4,306,185e953d57699e678314593985abe20c62d7d129,cuda,1.0,1,0.5,gaussian,0.670975358554306,64,0.04661112949466692,0.006561856356049556,1.3000392207196398e-08,0.2209947338080298,0.01242135437547967,standard normal at finite u_max,finite,1.3000722109968166e-08,0.04661112949466692,0.006561856356049889,cv,0.4391724565441402,0.0,8192,5180928,1.3000722942635434e-08,37,67108864,4.195382125675678,3,completed,2048,20.0,0.22099473380802925,0.012419433423458016
4,334,185e953d57699e678314593985abe20c62d7d129,cuda,1.0,8,0.5,gaussian,0.7031620698323559,64,0.05824960379477015,0.011268998864847668,1.3000392415363216e-08,0.1934747416639518,0.015233401462620234,standard normal at finite u_max,infinite,1.0400577456899355e-07,0.05824960379477015,0.011268998864847668,cv,0.00012370178349807928,0.03693491062039696,8192,37777408,1.300072272059083e-08,49,4194304,0.36383023113012314,2,completed,128,20.0,0.19347474166395168,0.015233765710887356
4,362,185e953d57699e678314593985abe20c62d7d129,cuda,1.0,8,0.5,gaussian,0.8788344696996739,64,0.05180934815609958,0.012954050132983244,1.3000392415363216e-08,0.11858474680924844,0.014709239466427744,standard normal at finite u_max,finite,1.0400577529063851e-07,0.05180934815609958,0.012954050132983161,cv,0.028453949707751214,0.0884517100213605,8192,37777408,1.300072227650162e-08,84,16777216,1.0593457594513893,1,completed,512,20.0,0.11858474680924865,0.014708079929386388
4,390,185e953d57699e678314593985abe20c62d7d129,cuda,1.0,8,0.5,gaussian,0.7332895982568359,64,0.1006103299164571,0.028532180026998616,1.3000392415363216e-08,0.11330694211197637,0.02906012020804579,standard normal at finite u_max,finite,1.0400577490206046e-07,0.1006103299164571,0.02853218002699892,cv,0.36833953796132496,0.10727340579219398,8192,37777408,1.3000722942635434e-08,93,67108864,4.120642192661762,0,completed,2048,20.0,0.11330694211197605,0.029059283968216026
4,418,185e953d57699e678314593985abe20c62d7d129,cuda,1.0,8,0.5,gaussian,0.9961721403129479,64,0.09361730564090578,0.021893019618291015,1.3000392415363216e-08,0.21603042818066742,0.024022138481903058,standard normal at finite u_max,finite,1.0400577573472772e-07,0.0936173056409058,0.021893019618291154,cv,0.30619604049065324,0.050521528563183773,8192,37777408,1.3000723386724644e-08,94,67108864,4.132437199354172,4,completed,2048,20.0,0.21603042818066678,0.024021786808096447
4,446,185e953d57699e678314593985abe20c62d7d129,cuda,1.0,1,0.5,mixture,0.6606042149266322,16,0.01568511051486987,0.014661764226889418,0.0007894671181319368,0.0027957259733220052,0.01513223375658403,standard normal at finite u_max,infinite,0.0007894671771306871,0.01568511051486987,0.014661764226889612,cv,0.4910040656578582,0.0,8192,5179904,0.0007894671771305761,1,4194304,0.2653060182929039,3,completed,128,20.0,0.0027957259733226714,0.01512934837580667
4,474,185e953d57699e678314593985abe20c62d7d129,cuda,1.0,1,0.5,mixture,0.7720665657112628,16,0.01601772491224651,0.02533231503778763,0.013121329632887813,0.0077529692862517985,0.026706994892115327,standard normal at finite u_max,infinite,0.013121329573888896,0.01601772491224651,0.02533231503778749,cv,0.49101926002516305,0.0,8192,5179904,0.013121329573889007,1,16777216,1.0335501283407211,2,completed,512,20.0,0.0077529692862515764,0.026704133663977975
4,502,185e953d57699e678314593985abe20c62d7d129,cuda,1.0,1,0.5,mixture,0.9183745243393073,16,0.01047481141880291,0.003818434117635383,0.001363882477041889,0.014628918890580822,0.010630062682034988,standard normal at finite u_max,infinite,0.0013638824180424447,0.01047481141880291,0.003818434117635272,cv,0.49905816251374074,0.0,8192,5179904,0.0013638824180429165,1,67108864,4.1004850044846535,1,completed,2048,20.0,0.014628918890580822,0.01062804559992044
4,530,185e953d57699e678314593985abe20c62d7d129,cuda,1.0,8,0.5,mixture,0.9295712778475566,16,0.0491957679712317,0.09031258176431656,0.040290794441672224,0.03292285747112958,0.09783094297052379,standard normal at finite u_max,infinite,0.3568763396687953,0.0491957679712317,0.0903125817643165,cv,0.18260291577326873,0.08253811550856613,8192,37755904,0.040290794426922044,8,4194304,0.27139783650636673,0,completed,128,20.0,0.032922857471129496,0.09783076123496413
4,558,185e953d57699e678314593985abe20c62d7d129,cuda,1.0,8,0.5,mixture,0.5428179476021134,16,0.132294375473966,0.2787206427412058,0.11773105727099867,0.07274176558473218,0.2898818105244608,standard normal at finite u_max,infinite,0.5157312997639327,0.132294375473966,0.2787206427412058,cv,0.19707637496141073,0.1926714704426008,8192,37755904,0.11773105728574892,8,4194304,0.27131251245737076,4,completed,128,20.0,0.07274176558473226,0.2898815776864987
4,586,185e953d57699e678314593985abe20c62d7d129,cuda,1.0,8,0.5,mixture,0.5791352577084556,16,0.05503358049914305,0.10836757947983874,0.04619250724317619,0.0486228159664175,0.11617814855659538,standard normal at finite u_max,infinite,0.3247971094511328,0.05503358049914305,0.10836757947983874,cv,0.4302900644968392,0.08999440924744027,8192,37755904,0.04619250724317642,6,16777216,1.043856866657734,3,completed,512,20.0,0.04862281596641749,0.1161785835482211
4,614,185e953d57699e678314593985abe20c62d7d129,cuda,1.0,8,0.5,mixture,0.9920073386309489,16,0.024925430530365365,0.04232884137463028,0.01774052634415256,0.016631552871892205,0.048890775077337065,standard normal at finite u_max,infinite,0.23436999468761838,0.024925430530365365,0.04232884137463028,cv,0.4925895038519289,0.05417528420646002,8192,37755904,0.017740526344152754,5,67108864,4.135528013110161,2,completed,2048,20.0,0.016631552871892483,0.048891128084575464
4,642,185e953d57699e678314593985abe20c62d7d129,cuda,1.0,1,0.5,mixture,0.9940118527674138,64,0.3087448085471237,0.7546177726444008,0.3051468870622363,0.9878553091968493,0.754639732527193,standard normal at finite u_max,infinite,0.305146887062233,0.3087448085471237,0.7546177726444012,cv,0.00013763358804794174,0.0,8192,5180928,0.3051468870622338,26,4194304,0.2741367146372795,1,completed,128,20.0,0.9878553091968493,0.7546392473446448
4,670,185e953d57699e678314593985abe20c62d7d129,cuda,1.0,1,0.5,mixture,0.5206220505971427,64,0.14889300274408523,0.33080090356856334,0.1276115455312134,0.2829226978780499,0.3308046996551317,standard normal at finite u_max,infinite,0.1276115455312121,0.14889300274408523,0.33080090356856306,cv,0.15951011965269393,0.0,8192,5180928,0.12761154553121096,17,16777216,1.0375997051596642,0,completed,512,20.0,0.28292269787805013,0.33080579391267323
4,698,185e953d57699e678314593985abe20c62d7d129,cuda,1.0,1,0.5,mixture,0.6803152969845466,64,0.0866561965218915,0.1826820521546157,0.07614636489037965,0.15313008508025017,0.1850896791655266,standard normal at finite u_max,infinite,0.076146364890377,0.0866561965218915,0.18268205215461553,cv,0.3104852075671805,0.0,8192,5180928,0.07614636489037718,18,16777216,1.039991743862629,4,completed,512,20.0,0.15313008508025028,0.18508736110767138
4,726,185e953d57699e678314593985abe20c62d7d129,cuda,1.0,1,0.5,mixture,0.9569952124709731,64,0.1261820495964694,0.26559735654459954,0.10400487374079964,0.22308106066513533,0.26562334286611783,standard normal at finite u_max,infinite,0.1040048737407957,0.1261820495964694,0.2655973565445995,cv,0.44028993368616637,0.0,8192,5180928,0.10400487374079714,14,67108864,4.057060778141022,3,completed,2048,20.0,0.22308106066513533,0.2656244556927133
4,754,185e953d57699e678314593985abe20c62d7d129,cuda,1.0,8,0.5,mixture,0.9279469801475464,64,0.4213714337804267,0.987881797183719,0.40257344353111824,0.9913606497679146,0.9945580131178791,standard normal at finite u_max,infinite,0.9895196464716081,0.4213714337804267,0.9878817971837193,cv,0.000122072137554754,0.09393694990918251,8192,37777408,0.4025734435311169,33,4194304,0.2769536226987839,2,completed,128,20.0,0.9913606497679147,0.9945581436378922
4,782,185e953d57699e678314593985abe20c62d7d129,cuda,1.0,8,0.5,mixture,0.9227907551911425,64,0.3295903885626451,0.7615011144487566,0.30514688706223647,0.9891938232044498,0.763568296947179,standard normal at finite u_max,infinite,0.9456569436900978,0.3295903885626451,0.761501114448756,cv,0.0034580253737927433,0.06656791412049684,8192,37777408,0.3051468870622338,82,16777216,1.0638903602957726,1,completed,512,20.0,0.9891938232044497,0.7635686866515969
4,810,185e953d57699e678314593985abe20c62d7d129,cuda,1.0,8,0.5,mixture,0.846130537176126,64,0.4009713277554249,0.9308622343728128,0.37380230964568556,0.8577469607206913,0.9350733704295898,standard normal at finite u_max,infinite,0.974437819514141,0.4009713277554248,0.9308622343728128,cv,0.3239553898517659,0.554668091878347,8192,37777408,0.3738023096456843,48,67108864,4.122410409152508,0,completed,2048,20.0,0.8577469607206913,0.9350730877210929
4,838,185e953d57699e678314593985abe20c62d7d129,cuda,1.0,8,0.5,mixture,0.8841207675644773,64,0.2232186010978361,0.47930280817021625,0.19493945083827985,0.2291073791410307,0.48255253186267777,standard normal at finite u_max,infinite,0.9434503562157535,0.2232186010978361,0.47930280817021625,cv,0.4126362030192814,0.6104053343738983,8192,37777408,0.19493945083828113,43,67108864,4.107726074755192,4,completed,2048,20.0,0.22910737914103071,0.4825519398012365
4,866,185e953d57699e678314593985abe20c62d7d129,cuda,1.0,1,0.5,weak_mixture,0.9948753168168258,16,0.017004248283614132,0.00916673209606485,0.013068426231923613,0.03832669540322886,0.01363078992330254,standard normal at finite u_max,finite,0.013068425735428851,0.017004248283614132,0.009166732096064813,cv,0.4899107084658228,0.0,8192,5179904,0.013068425735428546,1,4194304,0.26131658256053925,3,completed,128,20.0,0.038326695403229305,0.013632658591161044
4,894,185e953d57699e678314593985abe20c62d7d129,cuda,1.0,1,0.5,weak_mixture,0.9980905930380847,16,0.008750124327527725,0.006175455132094868,0.0032769799850637105,0.019626939027606927,0.007778187404607008,standard normal at finite u_max,finite,0.003276980481558417,0.008750124327527725,0.006175455132094826,cv,0.4989578118711555,0.0,8192,5179904,0.003276980481559333,1,16777216,1.0228769183158875,2,completed,512,20.0,0.019626939027607593,0.00777859630190721
4,922,185e953d57699e678314593985abe20c62d7d129,cuda,1.0,1,0.5,weak_mixture,0.9926551942057601,16,0.018190691220557387,0.012124020732919821,0.01147057365815829,0.09010853055568901,0.022044078681247272,standard normal at finite u_max,finite,0.011470574154652885,0.018190691220557387,0.012124020732919868,cv,0.4997773408076594,0.0,8192,5179904,0.011470574154653912,1,67108864,4.067717306315899,1,completed,2048,20.0,0.09010853055568879,0.022044347337506376
4,950,185e953d57699e678314593985abe20c62d7d129,cuda,1.0,8,0.5,weak_mixture,0.8714435807062101,16,0.02124214943778918,0.0208827967658489,0.014916483769539406,0.03663812096813468,0.022709910272522976,standard normal at finite u_max,finite,0.09862526700325976,0.02124214943778918,0.020882796765848914,cv,0.4315279203062965,0.02679259271508421,8192,37755904,0.01491648389366318,3,4194304,0.2685519978404045,0,completed,128,20.0,0.03663812096813464,0.022709842750160282
4,978,185e953d57699e678314593985abe20c62d7d129,cuda,1.0,8,0.5,weak_mixture,0.8692417393783658,16,0.014956484711188687,0.009664817041079432,0.008418166814053794,0.03503656565163839,0.013134893033668542,standard normal at finite u_max,finite,0.09622153398367209,0.014956484711188687,0.009664817041079403,cv,0.456867026168271,0.031205853258699123,8192,37755904,0.00841816668992991,3,4194304,0.2652023881673813,4,completed,128,20.0,0.03503656565163839,0.013134965579669956
4,1006,185e953d57699e678314593985abe20c62d7d129,cuda,1.0,8,0.5,weak_mixture,0.5212454823140231,16,0.04162022093200894,0.042121146130029874,0.034408760169915634,0.018560459110908603,0.04280976814000706,standard normal at finite u_max,finite,0.12948277884299925,0.04162022093200894,0.04212114613002982,cv,0.47144858182839083,0.03455093261077761,8192,37755904,0.0344087600457918,3,16777216,1.0331264287233353,3,completed,512,20.0,0.018560459110908686,0.042809303648390806
4,1034,185e953d57699e678314593985abe20c62d7d129,cuda,1.0,8,0.5,weak_mixture,0.7527717282549506,16,0.017489460794290965,0.011979434146155616,0.009131709614959266,0.04394236525784971,0.016065345663785233,standard normal at finite u_max,finite,0.10376113271616304,0.017489460794290965,0.01197943414615563,cv,0.49638995517453594,0.04534782731211532,8192,37755904,0.009131709739083088,3,67108864,4.111606180667877,2,completed,2048,20.0,0.04394236525784974,0.01606514789858146
4,1062,185e953d57699e678314593985abe20c62d7d129,cuda,1.0,1,0.5,weak_mixture,0.754983173246703,64,0.008510766096452294,0.001141881676633802,0.003025209287025321,0.014078342807963384,0.006359562977281409,standard normal at finite u_max,finite,0.003025208658204631,0.008510766096452294,0.0011418816766337585,cv,0.47895017778508414,0.0,8192,5180928,0.0030252086582033266,1,4194304,0.26332661509513855,1,completed,128,20.0,0.014078342807963162,0.006357558219475828
4,1090,185e953d57699e678314593985abe20c62d7d129,cuda,1.0,1,0.5,weak_mixture,0.680677147997715,64,0.011123735024937909,0.003955248571836097,0.004037843404847363,0.02714034214434413,0.008152449420346864,standard normal at finite u_max,finite,0.004037844033667748,0.011123735024937909,0.0039552485718360505,cv,0.4860410275464221,0.0,8192,5180928,0.004037844033669136,1,16777216,1.0287810936570168,0,completed,512,20.0,0.02714034214434413,0.008151533670850504
4,1118,185e953d57699e678314593985abe20c62d7d129,cuda,1.0,1,0.5,weak_mixture,0.8137305985429367,64,0.01296868308036389,0.012302026036009456,0.007258162657652112,0.0045865028904360505,0.012577767186955705,standard normal at finite u_max,finite,0.007258162028829729,0.01296868308036389,0.012302026036009505,cv,0.4987689762364458,0.0,8192,5180928,0.0072581620288303395,1,16777216,1.0280998945236206,4,completed,512,20.0,0.004586502890436384,0.01257522056402974
4,1146,185e953d57699e678314593985abe20c62d7d129,cuda,1.0,1,0.5,weak_mixture,0.9242691744580906,64,0.019621911011873605,0.013020546609187987,0.01187409180926835,0.07895428993847342,0.0177634978354968,standard normal at finite u_max,finite,0.011874091180446994,0.019621911011873605,0.013020546609188036,cv,0.4998217714375478,0.0,8192,5180928,0.011874091180446689,1,67108864,4.0884125381708145,3,completed,2048,20.0,0.07895428993847375,0.01776333815551849
4,1174,185e953d57699e678314593985abe20c62d7d129,cuda,1.0,8,0.5,weak_mixture,0.7959651241056915,64,0.03740636010254465,0.029685542611485604,0.02549428197783378,0.12807693209696352,0.03883466613200753,standard normal at finite u_max,finite,0.13511405346326566,0.03740636010254466,0.02968554261148558,cv,0.4387679838637814,0.062361230216876076,8192,37777408,0.025494281977833766,4,4194304,0.3513762652873993,2,completed,128,20.0,0.12807693209696358,0.03883432126869478
4,1202,185e953d57699e678314593985abe20c62d7d129,cuda,1.0,8,0.5,weak_mixture,0.8455779691587203,64,0.036856872975580685,0.03325219048265496,0.029365190639011343,0.07505618205974708,0.037726533042052,standard normal at finite u_max,finite,0.1258909275641394,0.036856872975580685,0.033252190482654986,cv,0.4746914630796963,0.053454850618197595,8192,37777408,0.0293651903246004,4,16777216,1.047318734228611,1,completed,512,20.0,0.0750561820597471,0.03772642280142722
4,1230,185e953d57699e678314593985abe20c62d7d129,cuda,1.0,8,0.5,weak_mixture,0.7496143714212813,64,0.022183692668893657,0.01765052440735114,0.015894407004458586,0.025141577431096976,0.020474258852220914,standard normal at finite u_max,finite,0.11767598914094758,0.022183692668893657,0.01765052440735111,cv,0.4930646211964335,0.044416687847119024,8192,37777408,0.015894407161663945,4,67108864,4.205085143446922,0,completed,2048,20.0,0.025141577431097184,0.020473818203624386
4,1258,185e953d57699e678314593985abe20c62d7d129,cuda,1.0,8,0.5,weak_mixture,0.8874760929078683,64,0.01712045671918607,0.011535778951961752,0.009233582941988158,0.04930491025688524,0.01652094157094527,standard normal at finite u_max,finite,0.1002896666070614,0.01712045671918607,0.011535778951961775,cv,0.49464339597238144,0.039082531626040494,8192,37777408,0.009233582470371954,4,67108864,4.195457302033901,4,completed,2048,20.0,0.04930491025688542,0.016520670880557017
4,27,185e953d57699e678314593985abe20c62d7d129,cuda,1.0,1,0.5,gaussian,0.5147324456880467,16,0.055430396238891344,0.02702310692983889,0.0028053055812008454,0.12024049325924369,0.027817097157348668,standard normal at finite u_max,finite,0.0028053110632636634,0.055430396238891344,0.027023106929838447,cv_cumulant,0.35543584530622147,0.0,8192,5310976,0.002805311063262983,8,8388608,0.4754932001233101,3,completed,128,20.0,0.12024049325924413,0.027816175542615316
4,55,185e953d57699e678314593985abe20c62d7d129,cuda,1.0,1,0.5,gaussian,0.9487660341398317,16,0.11081048965695828,0.06828886930882339,0.0025564635792306722,0.07630020358275691,0.0683036121098771,standard normal at finite u_max,finite,0.0025564690612906588,0.11081048965695828,0.06828886930882305,cv_cumulant,0.39844754907653296,0.0,8192,5310976,0.002556469061293032,11,33554432,1.835276298224926,2,completed,512,20.0,0.07630020358275691,0.06830405443609842
4,83,185e953d57699e678314593985abe20c62d7d129,cuda,1.0,1,0.5,gaussian,0.7849914366666856,16,0.07584717283997927,0.040971406401403176,0.0021540574952648717,0.014746991285219946,0.041135175923183415,standard normal at finite u_max,finite,0.002154062977327322,0.07584717283997927,0.040971406401403065,cv_cumulant,0.4844150429002618,0.0,8192,5310976,0.0021540629773274533,9,134217728,7.354855388402939,1,completed,2048,20.0,0.014746991285219724,0.04113724841427632
4,111,185e953d57699e678314593985abe20c62d7d129,cuda,1.0,8,0.5,gaussian,0.7926346218674563,16,0.0653489117426127,0.03010211130468561,0.0024866023863065467,0.14507316571979342,0.032713123867345054,standard normal at finite u_max,finite,0.019607633320252324,0.0653489117426127,0.030102111304685666,cv_cumulant,0.07687158521543315,0.03130400844294252,8192,38345728,0.002486607868369392,22,8388608,0.4816601127386093,0,completed,128,20.0,0.1450731657197933,0.03271241092186333
4,139,185e953d57699e678314593985abe20c62d7d129,cuda,1.0,8,0.5,gaussian,0.910961440038316,16,0.08336664806842811,0.04313820063102365,0.002076031432022063,0.10871477323542686,0.04393259195475967,standard normal at finite u_max,finite,0.01632306568597558,0.08336664806842811,0.04313820063102376,cv_cumulant,0.1712326317145307,0.03017267365627616,8192,38345728,0.0020760369140848806,20,8388608,0.47771917283535004,4,completed,128,20.0,0.10871477323542666,0.04393220220392263
4,167,185e953d57699e678314593985abe20c62d7d129,cuda,1.0,8,0.5,gaussian,0.6566697984989142,16,0.12669019955448535,0.06320523719227256,0.002252473720508394,0.16957309611193433,0.06726611346404997,standard normal at finite u_max,finite,0.01595710481516031,0.12669019955448535,0.0632052371922726,cv_cumulant,0.35206453410813,0.05977945648179142,8192,38345728,0.0022524778320555244,24,33554432,1.8538896143436432,3,completed,512,20.0,0.16957309611193416,0.06726474689844271
4,195,185e953d57699e678314593985abe20c62d7d129,cuda,1.0,8,0.5,gaussian,0.6487416113896314,16,0.07457646064313558,0.039078430545248594,0.0020795965984420905,0.1028712577673078,0.04027381122390588,standard normal at finite u_max,finite,0.016351587017336282,0.07457646064313558,0.039078430545248566,cv_cumulant,0.4726781146276468,0.06932392481398654,8192,38345728,0.002079602080504714,22,134217728,7.318130239844322,2,completed,2048,20.0,0.1028712577673078,0.04027325061163507
4,223,185e953d57699e678314593985abe20c62d7d129,cuda,1.0,1,0.5,gaussian,0.9215415978387916,64,0.05166321394474244,0.01173573100046943,1.3000392207196398e-08,0.024248602317420653,0.012281048262918355,standard normal at finite u_max,infinite,1.3000721887923561e-08,0.05166321394474244,0.011735731000469318,cv_cumulant,0.000692444779940128,0.0,8192,5312000,1.3000722387523922e-08,40,8388608,0.47735072672367096,1,completed,128,20.0,0.024248602317420653,0.0122812188357898
4,251,185e953d57699e678314593985abe20c62d7d129,cuda,1.0,1,0.5,gaussian,0.5302221956684688,64,0.06960006307822747,0.016269987190487667,1.3000392207196398e-08,0.16592818436285905,0.01708901207831492,standard normal at finite u_max,finite,1.300072272059083e-08,0.06960006307822747,0.016269987190487556,cv_cumulant,0.177426255126769,0.0,8192,5312000,1.3000722387523922e-08,40,33554432,1.8433466777205467,0,completed,512,20.0,0.16592818436285905,0.01709062908461164
4,279,185e953d57699e678314593985abe20c62d7d129,cuda,1.0,1,0.5,gaussian,0.6729172197586806,64,0.03527102378838083,0.006433133537829927,1.3000392207196398e-08,0.12549925098787496,0.0074372705691298,standard normal at finite u_max,finite,1.3000723719791552e-08,0.03527102378838083,0.006433133537829816,cv_cumulant,0.16277120551642293,0.0,8192,5312000,1.300072227650162e-08,39,33554432,1.841994971036911,4,completed,512,20.0,0.12549925098787507,0.007435600641214136
4,307,185e953d57699e678314593985abe20c62d7d129,cuda,1.0,1,0.5,gaussian,0.867173436204409,64,0.12225524248682224,0.0303215973995824,1.3000392207196398e-08,0.20097639499147224,0.030775870493033444,standard normal at finite u_max,finite,1.3000724163880761e-08,0.12225524248682224,0.0303215973995824,cv_cumulant,0.36598650663271426,0.0,8192,5312000,1.3000722498546224e-08,51,134217728,7.306169055402279,3,completed,2048,20.0,0.20097639499147213,0.030776653600084917
4,335,185e953d57699e678314593985abe20c62d7d129,cuda,1.0,8,0.5,gaussian,0.6415068080574201,64,0.06681016988761256,0.015485265425314296,1.3000392415363216e-08,0.14826216335652018,0.016899748007525212,standard normal at finite u_max,infinite,1.0400577412490434e-07,0.06681016988761254,0.015485265425314296,cv_cumulant,0.000126505602639158,0.04225738354339317,8192,38367232,1.3000722498546224e-08,48,8388608,0.4856434613466263,2,completed,128,20.0,0.1482621633565202,0.01689984487062945
4,363,185e953d57699e678314593985abe20c62d7d129,cuda,1.0,8,0.5,gaussian,0.8294117789182563,64,0.04926236188986105,0.009339781036458328,1.3000392415363216e-08,0.15820481528685781,0.011915320934511439,standard normal at finite u_max,finite,1.0400577651188384e-07,0.04926236188986105,0.009339781036458272,cv_cumulant,0.057498514897775,0.04282017171778798,8192,38367232,1.3000722387523922e-08,83,33554432,1.8810807764530182,1,completed,512,20.0,0.15820481528685792,0.011915965849193156
4,391,185e953d57699e678314593985abe20c62d7d129,cuda,1.0,8,0.5,gaussian,0.9999171557236112,64,0.09442230038187976,0.0233415665672492,1.3000392415363216e-08,0.1493046809908642,0.025221714766591477,standard normal at finite u_max,finite,1.040057745134824e-07,0.09442230038187976,0.02334156656724909,cv_cumulant,0.3462068330256847,0.07372981753503276,8192,38367232,1.300072227650162e-08,93,134217728,7.396930500864983,0,completed,2048,20.0,0.14930468099086436,0.025221901949233207
4,419,185e953d57699e678314593985abe20c62d7d129,cuda,1.0,8,0.5,gaussian,0.5125379247988292,64,0.06680694853796526,0.013832708151736095,1.3000392415363216e-08,0.1843152555265316,0.01675110816045645,standard normal at finite u_max,finite,1.0400577573472772e-07,0.06680694853796526,0.013832708151735845,cv_cumulant,0.36498398237618024,0.05047143620048461,8192,38367232,1.3000722165479317e-08,91,134217728,7.39607734978199,4,completed,2048,20.0,0.18431525552653183,0.016750267374980917
4,447,185e953d57699e678314593985abe20c62d7d129,cuda,1.0,1,0.5,mixture,0.55302518376468,16,0.009626958182066492,0.005509898837927629,0.0023539452997943244,0.00010542233129240408,0.010689854572519645,standard normal at finite u_max,infinite,0.0023539452407958517,0.009626958182066492,0.005509898837927518,cv_cumulant,0.49627998981058596,0.0,8192,5310976,0.0023539452407954076,1,8388608,0.4653928875923157,3,completed,128,20.0,0.00010542233129218204,0.010689465039947959
4,475,185e953d57699e678314593985abe20c62d7d129,cuda,1.0,1,0.5,mixture,0.9363032616833158,16,0.10329727981202363,0.2227040769766767,0.08207808185334103,0.08580313213875512,0.22315053104171967,standard normal at finite u_max,infinite,0.08207808179434281,0.10329727981202363,0.2227040769766766,cv_cumulant,0.42482717480176757,0.0,8192,5310976,0.0820780817943425,4,33554432,1.832614228129387,2,completed,512,20.0,0.08580313213875579,0.22314989384165856
4,503,185e953d57699e678314593985abe20c62d7d129,cuda,1.0,1,0.5,mixture,0.8346304222764479,16,0.011892549365484617,0.0026866860658591174,0.0008656640143799299,0.007801424180136851,0.006449752936562013,standard normal at finite u_max,infinite,0.0008656639553805134,0.011892549365484617,0.0026866860658589786,cv_cumulant,0.497428289185503,0.0,8192,5310976,0.000865663955381013,1,134217728,7.294253669679165,1,completed,2048,20.0,0.00780142418013674,0.006449198657906733
4,531,185e953d57699e678314593985abe20c62d7d129,cuda,1.0,8,0.5,mixture,0.6862855950602907,16,0.05384936731844596,0.08856493437005013,0.037708270774154395,0.03947697029370199,0.09437017084660254,standard normal at finite u_max,infinite,0.3112087127451326,0.05384936731844596,0.0885649343700502,cv_cumulant,0.2840128638868942,0.09683863555114797,8192,38345728,0.037708270788904395,6,8388608,0.4702826365828514,0,completed,128,20.0,0.03947697029370212,0.09437086217644453
4,559,185e953d57699e678314593985abe20c62d7d129,cuda,1.0,8,0.5,mixture,0.8414230259525027,16,0.049446320807625996,0.09515844611437521,0.041795108385019195,0.040603581288357796,0.10662764661298789,standard normal at finite u_max,infinite,0.31976450206299134,0.049446320807625996,0.09515844611437527,cv_cumulant,0.2872795426295197,0.07002615206659603,8192,38345728,0.04179510841451918,6,8388608,0.4680589437484741,4,completed,128,20.0,0.040603581288357754,0.1066280456206574
4,587,185e953d57699e678314593985abe20c62d7d129,cuda,1.0,8,0.5,mixture,0.9891393518027697,16,0.038948565116194864,0.07717781084097286,0.030273574978556615,0.015475994868875395,0.0798864004943665,standard normal at finite u_max,infinite,0.23824469528651837,0.038948565116194864,0.07717781084097283,cv_cumulant,0.47607584425216976,0.050144063862340583,8192,38345728,0.03027357493430638,5,33554432,1.8371781706809998,3,completed,512,20.0,0.015475994868875562,0.07988568128963436
4,615,185e953d57699e678314593985abe20c62d7d129,cuda,1.0,8,0.5,mixture,0.5864506859710595,16,0.03124466471074998,0.052256552927943165,0.021852147263357824,0.029246090684620918,0.059264438253218955,standard normal at finite u_max,infinite,0.2178072274150945,0.03124466471074998,0.052256552927943165,cv_cumulant,0.4922277358593977,0.04836884964735742,8192,38345728,0.02185214726335722,4,134217728,7.327185824513435,2,completed,2048,20.0,0.029246090684621015,0.059264629115430865
4,643,185e953d57699e678314593985abe20c62d7d129,cuda,1.0,1,0.5,mixture,0.7689406242065968,64,0.31689142344433285,0.7581668638450001,0.3051468870622363,0.9887091549166717,0.7584512719580652,standard normal at finite u_max,infinite,0.30514688706223436,0.31689142344433285,0.7581668638449997,cv_cumulant,0.00012268460170861126,0.0,8192,5312000,0.3051468870622338,22,8388608,0.47055862098932266,1,completed,128,20.0,0.9887091549166717,0.7584513397500245
4,671,185e953d57699e678314593985abe20c62d7d129,cuda,1.0,1,0.5,mixture,0.6104355171850661,64,0.311674198560815,0.7503305522436085,0.30820031851244384,0.12855757339356355,0.7504573019753256,standard normal at finite u_max,infinite,0.3082003185124453,0.311674198560815,0.7503305522436083,cv_cumulant,0.37778391644808185,0.0,8192,5312000,0.3082003185124459,14,33554432,1.863040454685688,0,completed,512,20.0,0.12855757339356289,0.7504578438002637
4,699,185e953d57699e678314593985abe20c62d7d129,cuda,1.0,1,0.5,mixture,0.5661237058465646,64,0.022849444266144325,0.009533688016448993,0.004546976832370708,0.0201759236341279,0.020136499883495973,standard normal at finite u_max,infinite,0.004546976832374372,0.022849444266144325,0.00953368801644916,cv_cumulant,0.3987191228936098,0.0,8192,5312000,0.004546976832373151,14,33554432,1.8363460302352905,4,completed,512,20.0,0.02017592363412768,0.020136455645876565
4,727,185e953d57699e678314593985abe20c62d7d129,cuda,1.0,1,0.5,mixture,0.8314662137154332,64,0.13823013731571987,0.32077902046360157,0.12994544899510482,0.306400786358906,0.32098795598199914,standard normal at finite u_max,infinite,0.1299454489951014,0.13823013731571987,0.32077902046360185,cv_cumulant,0.46980689544334087,0.0,8192,5312000,0.12994544899510221,14,134217728,7.297651559114456,3,completed,2048,20.0,0.30640078635890566,0.3209872995460287
4,755,185e953d57699e678314593985abe20c62d7d129,cuda,1.0,8,0.5,mixture,0.6082647780729182,64,0.4601887503445559,1.1131003300884295,0.45128672176555906,0.9897831538344569,1.1146084315993432,standard normal at finite u_max,infinite,0.9953975204328023,0.460188750344556,1.1131003300884292,cv_cumulant,0.00012221077124035336,0.06811916918851758,8192,38367232,0.45128672176555834,28,8388608,0.4782395139336586,2,completed,128,20.0,0.989783153834457,1.1146089047907588
4,783,185e953d57699e678314593985abe20c62d7d129,cuda,1.0,8,0.5,mixture,0.8163375915439677,64,0.3437179814812364,0.8288269220652875,0.33506921307891135,0.41730048996398483,0.829135518484603,standard normal at finite u_max,infinite,0.9304614770139871,0.34371798148123645,0.8288269220652876,cv_cumulant,0.12545458939842882,0.40095982218054804,8192,38367232,0.33506921307891213,41,33554432,1.864762857556343,1,completed,512,20.0,0.41730048996398483,0.8291346725397037
4,811,185e953d57699e678314593985abe20c62d7d129,cuda,1.0,8,0.5,mixture,0.5618155087567704,64,0.14900252711791034,0.30786357448116336,0.12368357227506997,0.23102896697398143,0.3103717164607078,standard normal at finite u_max,infinite,0.8273179686945398,0.14900252711791032,0.3078635744811633,cv_cumulant,0.40808095337965467,0.42821415735272367,8192,38367232,0.1236835722750706,35,134217728,7.380054913461208,0,completed,2048,20.0,0.23102896697398131,0.31037217080217927
4,839,185e953d57699e678314593985abe20c62d7d129,cuda,1.0,8,0.5,mixture,0.8829671611961388,64,0.22043360389949068,0.49244306627964524,0.19752558349433347,0.3184531450342604,0.4972632066541407,standard normal at finite u_max,infinite,0.9275116463758505,0.22043360389949068,0.4924430662796451,cv_cumulant,0.42201202683454153,0.3837865037870366,8192,38367232,0.19752558349433344,38,134217728,7.404133185744286,4,completed,2048,20.0,0.3184531450342605,0.49726252286085165
4,867,185e953d57699e678314593985abe20c62d7d129,cuda,1.0,1,0.5,weak_mixture,0.9712776068216875,16,0.005416271190907929,0.0017498904236513315,0.001127110111429519,0.024942338475169468,0.005154913715460223,standard normal at finite u_max,finite,0.0011271106079247528,0.005416271190907929,0.001749890423651368,cv_cumulant,0.48240782455147746,0.0,8192,5310976,0.0011271106079246973,1,8388608,0.4643428772687912,3,completed,128,20.0,0.024942338475169246,0.00515424879965319
4,895,185e953d57699e678314593985abe20c62d7d129,cuda,1.0,1,0.5,weak_mixture,0.649751459094746,16,0.02049113870256966,0.012937983835744881,0.006967580735432466,0.0969592950667495,0.021777653953816645,standard normal at finite u_max,finite,0.006967580238937093,0.02049113870256966,0.012937983835744845,cv_cumulant,0.49604803263846414,0.0,8192,5310976,0.006967580238937066,1,33554432,1.828968234360218,2,completed,512,20.0,0.09695929506674994,0.021778752323741254
4,923,185e953d57699e678314593985abe20c62d7d129,cuda,1.0,1,0.5,weak_mixture,0.9785450665622802,16,0.012531134939748056,0.007330490513552643,0.003354312314931107,0.013075212109916023,0.010036901209226548,standard normal at finite u_max,finite,0.0033543128114256193,0.012531134939748056,0.00733049051355268,cv_cumulant,0.4994619262253751,0.0,8192,5310976,0.0033543128114263965,1,134217728,7.295081697404385,1,completed,2048,20.0,0.013075212109916134,0.010037126744288442
4,951,185e953d57699e678314593985abe20c62d7d129,cuda,1.0,8,0.5,weak_mixture,0.8868643423857244,16,0.01806344914933748,0.01641005507625852,0.01299736519322088,0.02907476005919782,0.018071417711819204,standard normal at finite u_max,finite,0.0983075904450815,0.01806344914933748,0.016410055076258527,cv_cumulant,0.4661182645297082,0.02482034750190131,8192,38345728,0.012997365069097162,3,8388608,0.4677649587392807,0,completed,128,20.0,0.029074760059198013,0.01807167389276073
4,979,185e953d57699e678314593985abe20c62d7d129,cuda,1.0,8,0.5,weak_mixture,0.5474674510832016,16,0.0698565992773235,0.06906501140985527,0.055319250058796635,0.113901073213635,0.07174228148997544,standard normal at finite u_max,finite,0.1677144962459321,0.0698565992773235,0.06906501140985524,cv_cumulant,0.3702531265742359,0.10131477097649462,8192,38345728,0.05531924981054904,3,8388608,0.46716421097517014,4,completed,128,20.0,0.113901073213635,0.07174191048041273
4,1007,185e953d57699e678314593985abe20c62d7d129,cuda,1.0,8,0.5,weak_mixture,0.5333510931272146,16,0.03810516759077426,0.0352048341998433,0.024492895633483364,0.08405830975982469,0.03911848827779989,standard normal at finite u_max,finite,0.12417704825554392,0.03810516759077426,0.03520483419984331,cv_cumulant,0.47360579872514186,0.07604551238364034,8192,38345728,0.02449289575760713,3,33554432,1.8352328687906265,3,completed,512,20.0,0.0840583097598246,0.039118826471141566
4,1035,185e953d57699e678314593985abe20c62d7d129,cuda,1.0,8,0.5,weak_mixture,0.8128051157642634,16,0.022271323624412687,0.015680519560543494,0.01345127924976152,0.047956881980021196,0.0202961372393141,standard normal at finite u_max,finite,0.09929579893368533,0.022271323624412687,0.015680519560543494,cv_cumulant,0.4964376980589997,0.030621084129213924,8192,38345728,0.013451279373885357,3,134217728,7.319677829742432,2,completed,2048,20.0,0.04795688198002114,0.020296288433637566
4,1063,185e953d57699e678314593985abe20c62d7d129,cuda,1.0,1,0.5,weak_mixture,0.9639351067117717,64,0.01917154006380753,0.008363376840772475,0.004084473608336969,0.04750464982866465,0.011769398872878804,standard normal at finite u_max,finite,0.004084474237159158,0.01917154006380753,0.008363376840772438,cv_cumulant,0.4995667301214562,0.0,8192,5312000,0.004084474237158964,1,8388608,0.4618937075138092,1,completed,128,20.0,0.047504649828664314,0.011769287308528508
4,1091,185e953d57699e678314593985abe20c62d7d129,cuda,1.0,1,0.5,weak_mixture,0.6525012761781839,64,0.012135621286821996,0.004789917436899365,0.010044143006101458,0.011155723604406198,0.010905245668352721,standard normal at finite u_max,finite,0.010044143634923591,0.012135621286821996,0.004789917436899311,cv_cumulant,0.49884044943728156,0.0,8192,5312000,0.01004414363492312,1,33554432,1.8255916759371758,0,completed,512,20.0,0.011155723604405532,0.01090401598780328
4,1119,185e953d57699e678314593985abe20c62d7d129,cuda,1.0,1,0.5,weak_mixture,0.5217791402788667,64,0.014180514075879003,0.003713817643577741,0.002440987275987627,0.02059779484894264,0.009450331866783694,standard normal at finite u_max,finite,0.002440987904809344,0.014180514075879003,0.0037138176435777895,cv_cumulant,0.49289362662123837,0.0,8192,5312000,0.0024409879048093996,1,33554432,1.8304153382778168,4,completed,512,20.0,0.02059779484894242,0.009449491296574271
4,1147,185e953d57699e678314593985abe20c62d7d129,cuda,1.0,1,0.5,weak_mixture,0.6209051446080243,64,0.015459239151557613,0.0008153571482525813,0.001045921068960065,0.06282503125955485,0.011849898120902709,standard normal at finite u_max,finite,0.001045921697782587,0.015459239151557613,0.0008153571482526299,cv_cumulant,0.49873289925445236,0.0,8192,5312000,0.0010459216977819485,1,134217728,7.303622022271156,3,completed,2048,20.0,0.06282503125955463,0.011847586094084026
4,1175,185e953d57699e678314593985abe20c62d7d129,cuda,1.0,8,0.5,weak_mixture,0.9500875128276792,64,0.030559232614018987,0.029262209613227525,0.024459421655362815,0.02926014021093594,0.030679245863640733,standard normal at finite u_max,finite,0.11345169703217162,0.030559232614018987,0.02926220961322751,cv_cumulant,0.4006712520483345,0.04388219376345111,8192,38367232,0.024459422284184643,4,8388608,0.47604937851428986,2,completed,128,20.0,0.029260140210935925,0.030678271162200867
4,1203,185e953d57699e678314593985abe20c62d7d129,cuda,1.0,8,0.5,weak_mixture,0.9007369800346515,64,0.017423440089402546,0.010197522504251606,0.008983876507961376,0.061306558024103855,0.01677459487001799,standard normal at finite u_max,finite,0.09451617167654534,0.017423440089402546,0.010197522504251613,cv_cumulant,0.4840196668982083,0.038984841514116395,8192,38367232,0.008983876507961355,4,33554432,1.849827341735363,1,completed,512,20.0,0.06130655802410394,0.016774585552465048
4,1231,185e953d57699e678314593985abe20c62d7d129,cuda,1.0,8,0.5,weak_mixture,0.850990020804751,64,0.016107064567329903,0.006954897403467936,0.009577979793655017,0.04542250225596496,0.014155849239974747,standard normal at finite u_max,finite,0.09129297867849244,0.016107064567329903,0.006954897403467952,cv_cumulant,0.4939021350330842,0.03363175055569041,8192,38367232,0.009577979793654955,4,134217728,7.345013000071049,0,completed,2048,20.0,0.04542250225596482,0.014155551497080959
4,1259,185e953d57699e678314593985abe20c62d7d129,cuda,1.0,8,0.5,weak_mixture,0.6167696811110619,64,0.028029330478389052,0.024490751754153644,0.018793128418232045,0.06069285756529606,0.02888981634690554,standard normal at finite u_max,finite,0.11504684357578732,0.028029330478389052,0.024490751754153644,cv_cumulant,0.49246102934935737,0.03548935267745943,8192,38367232,0.01879312841823208,4,134217728,7.320195563137531,4,completed,2048,20.0,0.060692857565296035,0.028890182610202236
