batch,cell_id,commit,device,diffusion,dimension,ess_threshold,family,final_ess_fraction,groups,initialization,ks_mean,mean_absolute_error,method,minimum_ess_fraction,particles,peak_gpu_bytes,positive_mass_error,relative_path,resampling_count,score_evaluations,seconds,seed,status,steps,u_max,variance_relative_error,w1_mean
4,0,185e953d57699e678314593985abe20c62d7d129,cuda,1.0,1,0.5,gaussian,0.9112126076998854,16,standard normal at finite u_max,0.09016363064978472,0.04823403985487951,full,0.1563965140066135,8192,10948608,0.002044607649797081,task_000/cell_0000,9,16777216,0.17128588259220123,0,completed,128,20.0,0.09139179905758377,0.04847848538595197
4,1,185e953d57699e678314593985abe20c62d7d129,cuda,1.0,1,0.5,gaussian,0.9999999999999984,16,standard normal at finite u_max,0.11543390636551812,0.03781368614855107,unweighted,0.9999999999999987,8192,10948608,0.003201899918386153,task_001/cell_0001,0,16777216,0.15997746586799622,0,completed,128,20.0,0.405088095366137,0.05267504282366621
4,2,185e953d57699e678314593985abe20c62d7d129,cuda,1.0,1,0.5,gaussian,0.7478017456087899,16,standard normal at finite u_max,0.10509391829345371,0.05742217711908082,naive,0.12085320155227375,8192,5179904,0.00197656142979985,task_002/cell_0002,17,4194304,0.21809231489896774,0,completed,128,20.0,0.06183822147419149,0.05745042821864343
4,3,185e953d57699e678314593985abe20c62d7d129,cuda,1.0,1,0.5,gaussian,0.880368774450912,16,standard normal at finite u_max,0.0911153764970522,0.05071602839843903,unbiased,0.0739566050181585,8192,5179904,0.002861146516734414,task_003/cell_0003,16,4194304,0.2133205309510231,0,completed,128,20.0,0.05717312097235461,0.05072331291117997
4,4,185e953d57699e678314593985abe20c62d7d129,cuda,1.0,1,0.5,gaussian,0.9996208487042955,16,standard normal at finite u_max,0.05776431001256571,0.02702678370238809,cumulant,0.2741855268625046,8192,5310976,0.0025271786134449803,task_004/cell_0004,10,8388608,0.33537715673446655,0,completed,128,20.0,0.13478816524322113,0.027841226091676944
4,5,185e953d57699e678314593985abe20c62d7d129,cuda,1.0,1,0.5,gaussian,0.6722664782448456,16,standard normal at finite u_max,0.044887319916695256,0.021353744057965307,cv,0.3386323066434587,8192,5179904,0.003201899918385487,task_005/cell_0005,9,4194304,0.26882515847682953,0,completed,128,20.0,0.12867033541704065,0.023243802432397476
4,6,185e953d57699e678314593985abe20c62d7d129,cuda,1.0,1,0.5,gaussian,0.6189237844493602,16,standard normal at finite u_max,0.08576271182031325,0.046896235747146964,cv_cumulant,0.16335098055020295,8192,5310976,0.0004041111589156987,task_006/cell_0006,9,8388608,0.4857817441225052,0,completed,128,20.0,0.014551941783848887,0.04728708581597561
4,7,185e953d57699e678314593985abe20c62d7d129,cuda,1.0,1,0.5,gaussian,0.9123425985462141,16,standard normal at finite u_max,0.0881836161777671,0.04871126622011568,full,0.2597094517391846,8192,10948608,0.002840702686735308,task_007/cell_0007,9,16777216,0.16800865530967712,1,completed,128,20.0,0.09218974564794857,0.04877243541443693
4,8,185e953d57699e678314593985abe20c62d7d129,cuda,1.0,1,0.5,gaussian,0.9999999999999984,16,standard normal at finite u_max,0.11708726442691789,0.04132120127004513,unweighted,0.9999999999999987,8192,10948608,0.003079829605886153,task_008/cell_0008,0,16777216,0.1552114188671112,1,completed,128,20.0,0.390794373132633,0.05313570009555914
4,9,185e953d57699e678314593985abe20c62d7d129,cuda,1.0,1,0.5,gaussian,0.5730330853566767,16,standard normal at finite u_max,0.21480351181192248,0.12712253572856724,naive,0.14356305836140934,8192,5179904,0.00292617725488864,task_009/cell_0009,17,4194304,0.20224673300981522,1,completed,128,20.0,0.09810325344107418,0.12712270646668744
4,10,185e953d57699e678314593985abe20c62d7d129,cuda,1.0,1,0.5,gaussian,0.8627521730026902,16,standard normal at finite u_max,0.01760590458543143,0.005326760734497893,unbiased,0.022484739058188298,8192,5179904,0.0009275676263624799,task_010/cell_0010,21,4194304,0.20785196125507355,1,completed,128,20.0,0.007461456540665989,0.006816654026524273
4,11,185e953d57699e678314593985abe20c62d7d129,cuda,1.0,1,0.5,gaussian,0.6715765308778564,16,standard normal at finite u_max,0.03010017829401218,0.014111056329299099,cumulant,0.053339198291472864,8192,5310976,0.002973934153206792,task_011/cell_0011,12,8388608,0.33161621913313866,1,completed,128,20.0,0.14033387788630503,0.01744698831618335
4,12,185e953d57699e678314593985abe20c62d7d129,cuda,1.0,1,0.5,gaussian,0.9965658123479447,16,standard normal at finite u_max,0.028265206516093766,0.003949648408623663,cv,0.2541148637731145,8192,5179904,0.000464581559647681,task_012/cell_0012,9,4194304,0.2707863748073578,1,completed,128,20.0,0.0832514321514346,0.011367492036430768
4,13,185e953d57699e678314593985abe20c62d7d129,cuda,1.0,1,0.5,gaussian,0.9975397278782676,16,standard normal at finite u_max,0.05194801557456097,0.028672856964483406,cv_cumulant,0.2542855117132588,8192,5310976,0.00273946959866167,task_013/cell_0013,11,8388608,0.4774099662899971,1,completed,128,20.0,0.09644330986531391,0.028734214193936493
4,14,185e953d57699e678314593985abe20c62d7d129,cuda,1.0,1,0.5,gaussian,0.9666988141984248,16,standard normal at finite u_max,0.04378752191179658,0.019981615626184834,full,0.2552625513134255,8192,10948608,0.0027687880531840348,task_014/cell_0014,10,16777216,0.16710394620895386,2,completed,128,20.0,0.1535523610070063,0.022176117343172125
4,15,185e953d57699e678314593985abe20c62d7d129,cuda,1.0,1,0.5,gaussian,0.9999999999999984,16,standard normal at finite u_max,0.11477818892873473,0.039769758022288104,unweighted,0.9999999999999987,8192,10948608,0.003201899918386153,task_015/cell_0015,0,16777216,0.16420839354395866,2,completed,128,20.0,0.4022493122507873,0.05315974652448433
4,16,185e953d57699e678314593985abe20c62d7d129,cuda,1.0,1,0.5,gaussian,0.9539173102921625,16,standard normal at finite u_max,0.145136767391976,0.08229127325311114,naive,0.04498860056855315,8192,5179904,0.003201899918385487,task_016/cell_0016,18,4194304,0.2001292183995247,2,completed,128,20.0,0.06334054043875958,0.0823170385637261
4,17,185e953d57699e678314593985abe20c62d7d129,cuda,1.0,1,0.5,gaussian,0.6056986562399658,16,standard normal at finite u_max,0.09235805069400366,0.05036597550901534,unbiased,0.06433158805557677,8192,5179904,0.0025158119754266073,task_017/cell_0017,16,4194304,0.20693866908550262,2,completed,128,20.0,0.07093108681620253,0.05045225650808039
4,18,185e953d57699e678314593985abe20c62d7d129,cuda,1.0,1,0.5,gaussian,0.7326077425525008,16,standard normal at finite u_max,0.06404965402799212,0.03464089383716462,cumulant,0.30772215604715564,8192,5310976,0.0008128297618935632,task_018/cell_0018,9,8388608,0.34066908061504364,2,completed,128,20.0,0.11708684337163866,0.03494742094605485
4,19,185e953d57699e678314593985abe20c62d7d129,cuda,1.0,1,0.5,gaussian,0.9593849061033272,16,standard normal at finite u_max,0.07912679278248985,0.04474249875462788,cv,0.33359595232196,8192,5179904,0.002973080985702481,task_019/cell_0019,9,4194304,0.28507374227046967,2,completed,128,20.0,0.12128592173426689,0.044754933280898315
4,20,185e953d57699e678314593985abe20c62d7d129,cuda,1.0,1,0.5,gaussian,0.8570633981496011,16,standard normal at finite u_max,0.044645064996754025,0.01896363014155611,cv_cumulant,0.27383140348011137,8192,5310976,0.000584470344902055,task_020/cell_0020,9,8388608,0.45687055960297585,2,completed,128,20.0,0.02411811456921953,0.020442395594830964
4,21,185e953d57699e678314593985abe20c62d7d129,cuda,1.0,1,0.5,gaussian,0.7362808883396669,16,standard normal at finite u_max,0.0851493278333374,0.0452641650331167,full,0.3348391801075986,8192,10948608,0.002970669728996733,task_021/cell_0021,9,16777216,0.16523859649896622,3,completed,128,20.0,0.12741378701956518,0.04607104225561631
4,22,185e953d57699e678314593985abe20c62d7d129,cuda,1.0,1,0.5,gaussian,0.9999999999999984,16,standard normal at finite u_max,0.11231968298018377,0.03828336153841749,unweighted,0.9999999999999987,8192,10948608,0.003201899918386153,task_022/cell_0022,0,16777216,0.1536278948187828,3,completed,128,20.0,0.39552760481640326,0.05216185238763518
4,23,185e953d57699e678314593985abe20c62d7d129,cuda,1.0,1,0.5,gaussian,0.5876964397566985,16,standard normal at finite u_max,0.20175619073755985,0.11378357449191323,naive,0.037939157220713664,8192,5179904,0.0020277068065973625,task_023/cell_0023,16,4194304,0.28022996336221695,3,completed,128,20.0,0.0410240487921153,0.11379581067978056
4,24,185e953d57699e678314593985abe20c62d7d129,cuda,1.0,1,0.5,gaussian,0.9907761030947303,16,standard normal at finite u_max,0.0887261619344325,0.0526038013957395,unbiased,0.10041805467089761,8192,5179904,0.002077139534829242,task_024/cell_0024,20,4194304,0.20899175107479095,3,completed,128,20.0,0.026860282549728387,0.052735567085493415
4,25,185e953d57699e678314593985abe20c62d7d129,cuda,1.0,1,0.5,gaussian,0.49682833104361185,16,standard normal at finite u_max,0.06315777045205268,0.028323145813594408,cumulant,0.36372084308971225,8192,5310976,0.0009983148897074745,task_025/cell_0025,9,8388608,0.3237752951681614,3,completed,128,20.0,0.1290762923304355,0.02902878547013028
4,26,185e953d57699e678314593985abe20c62d7d129,cuda,1.0,1,0.5,gaussian,0.5096342127534548,16,standard normal at finite u_max,0.06977078128699227,0.0377580363219987,cv,0.3099937773767089,8192,5179904,0.002904757521937751,task_026/cell_0026,8,4194304,0.29896920919418335,3,completed,128,20.0,0.10543605414713786,0.038088311341830904
4,27,185e953d57699e678314593985abe20c62d7d129,cuda,1.0,1,0.5,gaussian,0.5147324456880467,16,standard normal at finite u_max,0.055430396238891344,0.027023106929838447,cv_cumulant,0.35543584530622147,8192,5310976,0.002805311063262983,task_027/cell_0027,8,8388608,0.4754932001233101,3,completed,128,20.0,0.12024049325924413,0.027816175542615316
4,28,185e953d57699e678314593985abe20c62d7d129,cuda,1.0,1,0.5,gaussian,0.781693717120491,16,standard normal at finite u_max,0.024675521084512986,0.012225994995967993,full,0.24200843861592336,8192,10948608,0.0005286497113828892,task_000/cell_0028,9,16777216,0.16587035357952118,4,completed,128,20.0,0.06037872931375643,0.013347388863813182
4,29,185e953d57699e678314593985abe20c62d7d129,cuda,1.0,1,0.5,gaussian,0.9999999999999984,16,standard normal at finite u_max,0.11139923202955568,0.038520624024422245,unweighted,0.9999999999999987,8192,10948608,0.003079829605886153,task_001/cell_0029,0,16777216,0.1587524563074112,4,completed,128,20.0,0.39125256552210097,0.05181228310674765
4,30,185e953d57699e678314593985abe20c62d7d129,cuda,1.0,1,0.5,gaussian,0.5488675971037723,16,standard normal at finite u_max,0.16015478393356009,0.08687502276905845,naive,0.055180753348862015,8192,5179904,0.0025629693322780644,task_002/cell_0030,19,4194304,0.20623092725872993,4,completed,128,20.0,0.04695502872243651,0.08689407865305507
4,31,185e953d57699e678314593985abe20c62d7d129,cuda,1.0,1,0.5,gaussian,0.9912416854763677,16,standard normal at finite u_max,0.06447827145634993,0.037122733804061614,unbiased,0.14261269754226066,8192,5179904,0.0024941781596884427,task_003/cell_0031,19,4194304,0.20474116504192352,4,completed,128,20.0,0.029764452560826493,0.037265368975357746
4,32,185e953d57699e678314593985abe20c62d7d129,cuda,1.0,1,0.5,gaussian,0.9949965190052377,16,standard normal at finite u_max,0.06079398852924034,0.03326593889604956,cumulant,0.03699060209433711,8192,5310976,0.002610790789001838,task_004/cell_0032,12,8388608,0.33130984008312225,4,completed,128,20.0,0.06261382588527864,0.033324493056419595
4,33,185e953d57699e678314593985abe20c62d7d129,cuda,1.0,1,0.5,gaussian,0.6884023783124872,16,standard normal at finite u_max,0.063496330401694,0.031736660274844786,cv,0.2910701284554193,8192,5179904,0.003201899918386153,task_005/cell_0033,9,4194304,0.26320096105337143,4,completed,128,20.0,0.11195690800327607,0.03229482534857152
4,34,185e953d57699e678314593985abe20c62d7d129,cuda,1.0,1,0.5,gaussian,0.8477537941053905,16,standard normal at finite u_max,0.0733844856834478,0.04045346548834883,cv_cumulant,0.07749245855335714,8192,5310976,0.0026603017048597577,task_006/cell_0034,10,8388608,0.47674016654491425,4,completed,128,20.0,0.08644933796034282,0.0405499822488874
4,35,185e953d57699e678314593985abe20c62d7d129,cuda,1.0,1,0.5,gaussian,0.9320340973555085,16,standard normal at finite u_max,0.07019106086822263,0.03744993918140482,full,0.4343002501364127,8192,10948608,0.001678792135135665,task_007/cell_0035,11,67108864,0.6006383113563061,0,completed,512,20.0,0.001699960818184021,0.03783903154767214
4,36,185e953d57699e678314593985abe20c62d7d129,cuda,1.0,1,0.5,gaussian,0.9999999999999984,16,standard normal at finite u_max,0.12303895719756755,0.039877606219603345,unweighted,0.9999999999999987,8192,10948608,0.003201899918386153,task_008/cell_0036,0,67108864,0.5894638299942017,0,completed,512,20.0,0.43901794424668517,0.05759385175098078
4,37,185e953d57699e678314593985abe20c62d7d129,cuda,1.0,1,0.5,gaussian,0.9985798308174229,16,standard normal at finite u_max,0.12791177886664284,0.0698175733144708,naive,0.4085573555619006,8192,5179904,0.0023579118606110727,task_009/cell_0037,12,16777216,0.7510391995310783,0,completed,512,20.0,0.02257309388851303,0.06995270318266912
4,38,185e953d57699e678314593985abe20c62d7d129,cuda,1.0,1,0.5,gaussian,0.7975475349292735,16,standard normal at finite u_max,0.011407154791141266,0.0018963626233530206,unbiased,0.43894799238123783,8192,5179904,0.002963860296872012,task_010/cell_0038,12,16777216,0.7569671906530857,0,completed,512,20.0,0.07735655021022414,0.006116682114870406
4,39,185e953d57699e678314593985abe20c62d7d129,cuda,1.0,1,0.5,gaussian,0.7781761155465039,16,standard normal at finite u_max,0.05739477605422311,0.02654948966361248,cumulant,0.4301318497616805,8192,5310976,0.0027336930529783254,task_011/cell_0039,9,33554432,1.2596873827278614,0,completed,512,20.0,0.11022585264385609,0.027627167748736095
4,40,185e953d57699e678314593985abe20c62d7d129,cuda,1.0,1,0.5,gaussian,0.872967520104865,16,standard normal at finite u_max,0.0365692182332491,0.017751302272197123,cv,0.40310243204566476,8192,5179904,0.0015375468175354845,task_012/cell_0040,13,16777216,1.0295259952545166,0,completed,512,20.0,0.010324500731521802,0.018426025605800492
4,41,185e953d57699e678314593985abe20c62d7d129,cuda,1.0,1,0.5,gaussian,0.5427948913222427,16,standard normal at finite u_max,0.06292147783888835,0.0332872244615966,cv_cumulant,0.46549280738968674,8192,5310976,0.004009852911210365,task_013/cell_0041,8,33554432,1.843098796904087,0,completed,512,20.0,0.037396296072625845,0.03440564256267712
4,42,185e953d57699e678314593985abe20c62d7d129,cuda,1.0,1,0.5,gaussian,0.9645421904592687,16,standard normal at finite u_max,0.03538123656261888,0.02282925112892409,full,0.41602997653535007,8192,10948608,0.003201899918386153,task_014/cell_0042,11,67108864,0.6168386191129684,1,completed,512,20.0,0.0809537112830091,0.02293552727580583
4,43,185e953d57699e678314593985abe20c62d7d129,cuda,1.0,1,0.5,gaussian,0.9999999999999984,16,standard normal at finite u_max,0.12370511868025078,0.03656900118049744,unweighted,0.9999999999999987,8192,10948608,0.003079829605886153,task_015/cell_0043,0,67108864,0.6130120195448399,1,completed,512,20.0,0.42947068678260114,0.054464163312592774
4,44,185e953d57699e678314593985abe20c62d7d129,cuda,1.0,1,0.5,gaussian,0.9774445730859312,16,standard normal at finite u_max,0.04625653759023218,0.025850638326964104,naive,0.20216981061115255,8192,5179904,0.002823378430636736,task_016/cell_0044,12,16777216,0.7379573956131935,1,completed,512,20.0,0.06451704344711084,0.02614236414381096
4,45,185e953d57699e678314593985abe20c62d7d129,cuda,1.0,1,0.5,gaussian,0.7004954384299072,16,standard normal at finite u_max,0.04771596013038748,0.02360469329113557,unbiased,0.43238142180563344,8192,5179904,0.0028763702802343527,task_017/cell_0045,10,16777216,0.7597982250154018,1,completed,512,20.0,0.07347798853610388,0.023870406034371613
4,46,185e953d57699e678314593985abe20c62d7d129,cuda,1.0,1,0.5,gaussian,0.8546720545049614,16,standard normal at finite u_max,0.07874254826405341,0.042000024125679936,cumulant,0.334017513809504,8192,5310976,0.0021962393030225957,task_018/cell_0046,9,33554432,1.284762680530548,1,completed,512,20.0,0.14332377684254227,0.04216161118570516
4,47,185e953d57699e678314593985abe20c62d7d129,cuda,1.0,1,0.5,gaussian,0.8873427553556108,16,standard normal at finite u_max,0.037195143055740065,0.012716527652542609,cv,0.4468560751470032,8192,5179904,0.0016638122206700245,task_019/cell_0047,10,16777216,1.0701804496347904,1,completed,512,20.0,0.10116983393045997,0.015900385873648597
4,48,185e953d57699e678314593985abe20c62d7d129,cuda,1.0,1,0.5,gaussian,0.98990968355949,16,standard normal at finite u_max,0.06326684905892088,0.034797806768012696,cv_cumulant,0.46039057200712874,8192,5310976,0.0025451890167119684,task_020/cell_0048,9,33554432,1.7688316330313683,1,completed,512,20.0,0.12242294226736072,0.03548474300282886
4,49,185e953d57699e678314593985abe20c62d7d129,cuda,1.0,1,0.5,gaussian,0.9999578500712473,16,standard normal at finite u_max,0.07041345278415578,0.03436239989944334,full,0.4474873857603444,8192,10948608,0.003201899918385709,task_021/cell_0049,9,67108864,0.6020600832998753,2,completed,512,20.0,0.12166327907139929,0.034835500654441645
4,50,185e953d57699e678314593985abe20c62d7d129,cuda,1.0,1,0.5,gaussian,0.9999999999999984,16,standard normal at finite u_max,0.12586531618058258,0.041342724946775156,unweighted,0.9999999999999987,8192,10948608,0.003201899918386153,task_022/cell_0050,0,67108864,0.5794574096798897,2,completed,512,20.0,0.440096927862492,0.05872976726878777
4,51,185e953d57699e678314593985abe20c62d7d129,cuda,1.0,1,0.5,gaussian,0.5606395488906518,16,standard normal at finite u_max,0.11131708681369701,0.05720319470491009,naive,0.40691198343417223,8192,5179904,0.0017454660381502896,task_023/cell_0051,10,16777216,0.7273540124297142,2,completed,512,20.0,0.0574295048507909,0.05770867330280012
4,52,185e953d57699e678314593985abe20c62d7d129,cuda,1.0,1,0.5,gaussian,0.858630827257504,16,standard normal at finite u_max,0.02379711141967744,0.008572079940715072,unbiased,0.3534822713144183,8192,5179904,0.000689526592523193,task_024/cell_0052,12,16777216,0.7735373303294182,2,completed,512,20.0,0.06315125097122942,0.00919887762638242
4,53,185e953d57699e678314593985abe20c62d7d129,cuda,1.0,1,0.5,gaussian,0.9848863618428683,16,standard normal at finite u_max,0.030272146537330458,0.008859303136694141,cumulant,0.46036469334073177,8192,5310976,0.0003644030626046568,task_025/cell_0053,10,33554432,1.2406595423817635,2,completed,512,20.0,0.09436583353832739,0.01321234443965177
4,54,185e953d57699e678314593985abe20c62d7d129,cuda,1.0,1,0.5,gaussian,0.9061734857777777,16,standard normal at finite u_max,0.023243150487653352,0.005111176993669364,cv,0.41918296170357006,8192,5179904,0.003201899918385931,task_026/cell_0054,10,16777216,1.0383544266223907,2,completed,512,20.0,0.13947888168660005,0.0125675743852303
4,55,185e953d57699e678314593985abe20c62d7d129,cuda,1.0,1,0.5,gaussian,0.9487660341398317,16,standard normal at finite u_max,0.11081048965695828,0.06828886930882305,cv_cumulant,0.39844754907653296,8192,5310976,0.002556469061293032,task_027/cell_0055,11,33554432,1.835276298224926,2,completed,512,20.0,0.07630020358275691,0.06830405443609842
4,56,185e953d57699e678314593985abe20c62d7d129,cuda,1.0,1,0.5,gaussian,0.7435808227422337,16,standard normal at finite u_max,0.09769552747425847,0.05751098301318325,full,0.43093681353265806,8192,10948608,0.002456390550590215,task_000/cell_0056,9,67108864,0.6107505336403847,3,completed,512,20.0,0.05222852471302364,0.05754817696938445
4,57,185e953d57699e678314593985abe20c62d7d129,cuda,1.0,1,0.5,gaussian,0.9999999999999984,16,standard normal at finite u_max,0.12002570515043678,0.03607788596372963,unweighted,0.9999999999999987,8192,10948608,0.002957759293386153,task_001/cell_0057,0,67108864,0.6051144897937775,3,completed,512,20.0,0.4337524299664385,0.053795544971754324
4,58,185e953d57699e678314593985abe20c62d7d129,cuda,1.0,1,0.5,gaussian,0.9045025156798551,16,standard normal at finite u_max,0.10983122894628228,0.06415171985739077,naive,0.4334355058985332,8192,5179904,0.0027843362009355443,task_002/cell_0058,10,16777216,0.7710318900644779,3,completed,512,20.0,0.021972461679168998,0.06420853227350753
4,59,185e953d57699e678314593985abe20c62d7d129,cuda,1.0,1,0.5,gaussian,0.6895550253499585,16,standard normal at finite u_max,0.04750697215137378,0.03175095678708517,unbiased,0.42383606797573253,8192,5179904,0.002148307212820666,task_003/cell_0059,10,16777216,0.7605944201350212,3,completed,512,20.0,0.004416619061013094,0.03181927222350766
4,60,185e953d57699e678314593985abe20c62d7d129,cuda,1.0,1,0.5,gaussian,0.9467860911231265,16,standard normal at finite u_max,0.06347983081318448,0.03152069989179995,cumulant,0.367975943129748,8192,5310976,0.0027836206796737484,task_004/cell_0060,9,33554432,1.2812485992908478,3,completed,512,20.0,0.16341589026442316,0.03249466355883015
4,61,185e953d57699e678314593985abe20c62d7d129,cuda,1.0,1,0.5,gaussian,0.8515104523456786,16,standard normal at finite u_max,0.06256192779989972,0.032173631568943706,cv,0.4500224671778358,8192,5179904,0.002254814304946229,task_005/cell_0061,9,16777216,1.027160495519638,3,completed,512,20.0,0.10037559595286039,0.032381904365746436
4,62,185e953d57699e678314593985abe20c62d7d129,cuda,1.0,1,0.5,gaussian,0.998086198196515,16,standard normal at finite u_max,0.08336974438126071,0.04715631826820488,cv_cumulant,0.4536939558494628,8192,5310976,0.0030437427307736797,task_006/cell_0062,9,33554432,1.8715460374951363,3,completed,512,20.0,0.12330358866620728,0.047656175809883156
4,63,185e953d57699e678314593985abe20c62d7d129,cuda,1.0,1,0.5,gaussian,0.8208823762460373,16,standard normal at finite u_max,0.06723445693740804,0.031612131413968125,full,0.42315464843164385,8192,10948608,0.003201899918385709,task_007/cell_0063,9,67108864,0.6032462790608406,4,completed,512,20.0,0.09525851750375947,0.03299309781777595
4,64,185e953d57699e678314593985abe20c62d7d129,cuda,1.0,1,0.5,gaussian,0.9999999999999984,16,standard normal at finite u_max,0.12147293586342942,0.039251611476355475,unweighted,0.9999999999999987,8192,10948608,0.002957759293386153,task_008/cell_0064,0,67108864,0.5875195935368538,4,completed,512,20.0,0.429172991863347,0.05550162078958153
4,65,185e953d57699e678314593985abe20c62d7d129,cuda,1.0,1,0.5,gaussian,0.7409528338090684,16,standard normal at finite u_max,0.05811116725559784,0.032561140563331814,naive,0.4238818077854945,8192,5179904,0.002560882189145186,task_009/cell_0065,10,16777216,0.7451082989573479,4,completed,512,20.0,0.012050123732999074,0.03264179784441415
4,66,185e953d57699e678314593985abe20c62d7d129,cuda,1.0,1,0.5,gaussian,0.9821605259769385,16,standard normal at finite u_max,0.08051537798181557,0.04526102072136973,unbiased,0.4166958585267931,8192,5179904,0.0023563744615969773,task_010/cell_0066,10,16777216,0.7561541683971882,4,completed,512,20.0,0.06470978590099707,0.045384968840157434
4,67,185e953d57699e678314593985abe20c62d7d129,cuda,1.0,1,0.5,gaussian,0.98708019176963,16,standard normal at finite u_max,0.030669373083388463,0.007566925765154053,cumulant,0.4275454420932296,8192,5310976,0.0023198058361150187,task_011/cell_0067,11,33554432,1.263204824179411,4,completed,512,20.0,0.1456733243722098,0.014893320829932234
4,68,185e953d57699e678314593985abe20c62d7d129,cuda,1.0,1,0.5,gaussian,0.9719285126600219,16,standard normal at finite u_max,0.044798070205507357,0.027275693312791782,cv,0.45998348892400615,8192,5179904,0.002694667171971199,task_012/cell_0068,9,16777216,1.0257174372673035,4,completed,512,20.0,0.09597878992820064,0.027285121658435187
4,69,185e953d57699e678314593985abe20c62d7d129,cuda,1.0,1,0.5,gaussian,0.8312418230524351,16,standard normal at finite u_max,0.030989198845064736,0.011862312463356117,cv_cumulant,0.4518825124590232,8192,5310976,0.002887733323390873,task_013/cell_0069,10,33554432,1.8474037796258926,4,completed,512,20.0,0.09096617463379963,0.013965064089420071
4,70,185e953d57699e678314593985abe20c62d7d129,cuda,1.0,1,0.5,gaussian,0.9746111436102467,16,standard normal at finite u_max,0.034581272519020795,0.01672566626376426,full,0.4877831441607301,8192,10948608,0.0020426245755525985,task_014/cell_0070,9,268435456,2.4188362807035446,0,completed,2048,20.0,0.11436317278327313,0.017690967464305714
4,71,185e953d57699e678314593985abe20c62d7d129,cuda,1.0,1,0.5,gaussian,0.9999999999999984,16,standard normal at finite u_max,0.12037198427916915,0.037148688872777,unweighted,0.9999999999999987,8192,10948608,0.003079829605886153,task_015/cell_0071,0,268435456,2.4208797849714756,0,completed,2048,20.0,0.43649206590299927,0.05572965906478609
4,72,185e953d57699e678314593985abe20c62d7d129,cuda,1.0,1,0.5,gaussian,0.9531765880104818,16,standard normal at finite u_max,0.23763834256480565,0.13477025308754298,naive,0.4294141213407026,8192,5179904,0.003201899918385709,task_016/cell_0072,11,67108864,2.9130603298544884,0,completed,2048,20.0,0.06343861891218805,0.13487706832863777
4,73,185e953d57699e678314593985abe20c62d7d129,cuda,1.0,1,0.5,gaussian,0.604269020562132,16,standard normal at finite u_max,0.04695589984315801,0.020735229703230607,unbiased,0.4827259507602783,8192,5179904,0.003201899918385931,task_017/cell_0073,9,67108864,2.9801321551203728,0,completed,2048,20.0,0.12969981359111837,0.023656846362983736
4,74,185e953d57699e678314593985abe20c62d7d129,cuda,1.0,1,0.5,gaussian,0.5723790401971139,16,standard normal at finite u_max,0.05800232683964113,0.03154397104819928,cumulant,0.48135178622253055,8192,5310976,0.002801540854661444,task_018/cell_0074,8,134217728,5.09226243942976,0,completed,2048,20.0,0.11658362408155576,0.032435483353565366
4,75,185e953d57699e678314593985abe20c62d7d129,cuda,1.0,1,0.5,gaussian,0.5048192086020364,16,standard normal at finite u_max,0.07791644040983675,0.042145110329911195,cv,0.4866617922118187,8192,5179904,0.003201899918386153,task_019/cell_0075,9,67108864,4.245728403329849,0,completed,2048,20.0,0.0905011471819055,0.04294542035065707
4,76,185e953d57699e678314593985abe20c62d7d129,cuda,1.0,1,0.5,gaussian,0.5194491115745541,16,standard normal at finite u_max,0.052765786565719786,0.027742331699462164,cv_cumulant,0.48106546684371254,8192,5310976,0.0018551775522684943,task_020/cell_0076,8,134217728,7.043107349425554,0,completed,2048,20.0,0.12923058321836578,0.02933565896191831
4,77,185e953d57699e678314593985abe20c62d7d129,cuda,1.0,1,0.5,gaussian,0.9402908480550451,16,standard normal at finite u_max,0.0859875188400378,0.04915835337737007,full,0.49212089604653436,8192,10948608,0.0032018999183852648,task_021/cell_0077,10,268435456,2.37041175365448,1,completed,2048,20.0,0.12852511807953626,0.049202165814314365
4,78,185e953d57699e678314593985abe20c62d7d129,cuda,1.0,1,0.5,gaussian,0.9999999999999984,16,standard normal at finite u_max,0.126415558315863,0.04208890733518911,unweighted,0.9999999999999987,8192,10948608,0.003201899918386153,task_022/cell_0078,0,268435456,2.290096238255501,1,completed,2048,20.0,0.4342052196023517,0.05832450677976062
4,79,185e953d57699e678314593985abe20c62d7d129,cuda,1.0,1,0.5,gaussian,0.5944209699852826,16,standard normal at finite u_max,0.10783975629399833,0.07079387976900975,naive,0.46094295829124016,8192,5179904,0.0027328168156818267,task_023/cell_0079,11,67108864,2.8660141229629517,1,completed,2048,20.0,0.15852465612609223,0.07091770084755877
4,80,185e953d57699e678314593985abe20c62d7d129,cuda,1.0,1,0.5,gaussian,0.9673381778845171,16,standard normal at finite u_max,0.07785079520631533,0.03859868448333825,unbiased,0.4895019238821157,8192,5179904,0.002920509914414171,task_024/cell_0080,9,67108864,3.04834009334445,1,completed,2048,20.0,0.1646115440067526,0.03923135069404182
4,81,185e953d57699e678314593985abe20c62d7d129,cuda,1.0,1,0.5,gaussian,0.9860131438917747,16,standard normal at finite u_max,0.09782153071692162,0.0562265751681057,cumulant,0.4889825245882527,8192,5310976,0.0021641354849113448,task_025/cell_0081,10,134217728,4.928864251822233,1,completed,2048,20.0,0.060470283499038824,0.056237397037229825
4,82,185e953d57699e678314593985abe20c62d7d129,cuda,1.0,1,0.5,gaussian,0.8579766720794354,16,standard normal at finite u_max,0.03766870810274443,0.017463817418733818,cv,0.48245426533071684,8192,5179904,0.002580344753435715,task_026/cell_0082,9,67108864,4.0771485939621925,1,completed,2048,20.0,0.15758205945291082,0.01970836846290954
4,83,185e953d57699e678314593985abe20c62d7d129,cuda,1.0,1,0.5,gaussian,0.7849914366666856,16,standard normal at finite u_max,0.07584717283997927,0.040971406401403065,cv_cumulant,0.4844150429002618,8192,5310976,0.0021540629773274533,task_027/cell_0083,9,134217728,7.354855388402939,1,completed,2048,20.0,0.014746991285219724,0.04113724841427632
4,84,185e953d57699e678314593985abe20c62d7d129,cuda,1.0,1,0.5,gaussian,0.9997097283706102,16,standard normal at finite u_max,0.039062544340873806,0.021621497889858565,full,0.4894033009400981,8192,10948608,0.0030655350993010755,task_000/cell_0084,9,268435456,2.4028072506189346,2,completed,2048,20.0,0.11267140828521816,0.02268405285670913
4,85,185e953d57699e678314593985abe20c62d7d129,cuda,1.0,1,0.5,gaussian,0.9999999999999984,16,standard normal at finite u_max,0.12630654628794183,0.04022937030063645,unweighted,0.9999999999999987,8192,10948608,0.003201899918386153,task_001/cell_0085,0,268435456,2.4475836008787155,2,completed,2048,20.0,0.4394338247585996,0.05674797309294767
4,86,185e953d57699e678314593985abe20c62d7d129,cuda,1.0,1,0.5,gaussian,0.891965781842775,16,standard normal at finite u_max,0.1136051873804248,0.06128795310074875,naive,0.48637473037927575,8192,5179904,0.003201899918385709,task_002/cell_0086,9,67108864,3.0517235957086086,2,completed,2048,20.0,0.0989619624279856,0.06158165873000137
4,87,185e953d57699e678314593985abe20c62d7d129,cuda,1.0,1,0.5,gaussian,0.960302205591036,16,standard normal at finite u_max,0.03340485173265165,0.012960508980692897,unbiased,0.491729528645855,8192,5179904,0.0019766550904350977,task_003/cell_0087,9,67108864,3.0118222758173943,2,completed,2048,20.0,0.099854377124581,0.01601445978837571
4,88,185e953d57699e678314593985abe20c62d7d129,cuda,1.0,1,0.5,gaussian,0.8414058533262877,16,standard normal at finite u_max,0.04902458938948645,0.020169928151627436,cumulant,0.48702822361345693,8192,5310976,0.00013571189227834513,task_004/cell_0088,8,134217728,5.083376109600067,2,completed,2048,20.0,0.09870347524417222,0.02237837022141851
4,89,185e953d57699e678314593985abe20c62d7d129,cuda,1.0,1,0.5,gaussian,0.926703932410712,16,standard normal at finite u_max,0.04613081252797471,0.018495085222866803,cv,0.4858464787237337,8192,5179904,0.002015416630741451,task_005/cell_0089,9,67108864,4.060818947851658,2,completed,2048,20.0,0.1641814328293727,0.020939005212998133
4,90,185e953d57699e678314593985abe20c62d7d129,cuda,1.0,1,0.5,gaussian,0.7285700921297498,16,standard normal at finite u_max,0.05020092707726592,0.025372203648729608,cv_cumulant,0.48529442449784754,8192,5310976,0.003201899918385709,task_006/cell_0090,9,134217728,7.420724894851446,2,completed,2048,20.0,0.1408115357827997,0.02570598902530161
4,91,185e953d57699e678314593985abe20c62d7d129,cuda,1.0,1,0.5,gaussian,0.7329129316136686,16,standard normal at finite u_max,0.028376858075321976,0.014800032217443526,full,0.48431743354982953,8192,10948608,0.0032018999183852648,task_007/cell_0091,10,268435456,2.352559842169285,3,completed,2048,20.0,0.093779276594677,0.01637442916638876
4,92,185e953d57699e678314593985abe20c62d7d129,cuda,1.0,1,0.5,gaussian,0.9999999999999984,16,standard normal at finite u_max,0.12779539432946904,0.038821422338974676,unweighted,0.9999999999999987,8192,10948608,0.002835688980886153,task_008/cell_0092,0,268435456,2.3138609901070595,3,completed,2048,20.0,0.450585948804193,0.057483259301116876
4,93,185e953d57699e678314593985abe20c62d7d129,cuda,1.0,1,0.5,gaussian,0.6269439338325474,16,standard normal at finite u_max,0.1393600714529607,0.08077125435905441,naive,0.4574228297318097,8192,5179904,0.003201899918385598,task_009/cell_0093,9,67108864,2.934330493211746,3,completed,2048,20.0,0.009077337164265287,0.08097459181332416
4,94,185e953d57699e678314593985abe20c62d7d129,cuda,1.0,1,0.5,gaussian,0.9977501743157892,16,standard normal at finite u_max,0.06354476047215502,0.033729052982534924,unbiased,0.48422062902239094,8192,5179904,0.0024035621604401314,task_010/cell_0094,9,67108864,2.976704977452755,3,completed,2048,20.0,0.13507288547482277,0.034353311294896306
4,95,185e953d57699e678314593985abe20c62d7d129,cuda,1.0,1,0.5,gaussian,0.8278660617607123,16,standard normal at finite u_max,0.02804506543129867,0.008072870092154405,cumulant,0.48239411746897626,8192,5310976,0.002254561213873685,task_011/cell_0095,10,134217728,4.9975606463849545,3,completed,2048,20.0,0.09805216425283725,0.014177991659097172
4,96,185e953d57699e678314593985abe20c62d7d129,cuda,1.0,1,0.5,gaussian,0.944986803302974,16,standard normal at finite u_max,0.011475753646061015,0.002017872175347657,cv,0.48725357853138723,8192,5179904,0.002957206004427615,task_012/cell_0096,9,67108864,4.09353069961071,3,completed,2048,20.0,0.07486786420503388,0.007054628587890917
4,97,185e953d57699e678314593985abe20c62d7d129,cuda,1.0,1,0.5,gaussian,0.9867911205419455,16,standard normal at finite u_max,0.0463749046568569,0.02308358959342327,cv_cumulant,0.4880724946631896,8192,5310976,0.0055678331202694276,task_013/cell_0097,10,134217728,7.331100568175316,3,completed,2048,20.0,0.02618177779768671,0.025428695555141493
4,98,185e953d57699e678314593985abe20c62d7d129,cuda,1.0,1,0.5,gaussian,0.6015372168736782,16,standard normal at finite u_max,0.03797149826262575,0.014114473687884654,full,0.4902162246117453,8192,10948608,0.004514152588384834,task_014/cell_0098,9,268435456,2.4145118966698647,4,completed,2048,20.0,0.03345087162343874,0.01665037396847741
4,99,185e953d57699e678314593985abe20c62d7d129,cuda,1.0,1,0.5,gaussian,0.9999999999999984,16,standard normal at finite u_max,0.13185420641991416,0.04225965720812486,unweighted,0.9999999999999987,8192,10948608,0.003201899918386153,task_015/cell_0099,0,268435456,2.421098217368126,4,completed,2048,20.0,0.44406181265622546,0.05944605823309013
4,100,185e953d57699e678314593985abe20c62d7d129,cuda,1.0,1,0.5,gaussian,0.5027023652418205,16,standard normal at finite u_max,0.26888571540951217,0.15823366659393256,naive,0.48072677303491934,8192,5179904,0.0005313758164029458,task_016/cell_0100,10,67108864,2.9987722858786583,4,completed,2048,20.0,0.1545482853166562,0.15835374608051958
4,101,185e953d57699e678314593985abe20c62d7d129,cuda,1.0,1,0.5,gaussian,0.5979235157789854,16,standard normal at finite u_max,0.05232526359174891,0.026589637183378922,unbiased,0.4777227421882227,8192,5179904,0.0042087518548242775,task_017/cell_0101,10,67108864,2.9756488911807537,4,completed,2048,20.0,0.2191573807393521,0.026894776895237824
4,102,185e953d57699e678314593985abe20c62d7d129,cuda,1.0,1,0.5,gaussian,0.8269577896519033,16,standard normal at finite u_max,0.02894872402521577,0.01285993165248478,cumulant,0.47866446894577486,8192,5310976,0.0038149672126249756,task_018/cell_0102,10,134217728,5.1018944680690765,4,completed,2048,20.0,0.1387434703908068,0.014270553862231392
4,103,185e953d57699e678314593985abe20c62d7d129,cuda,1.0,1,0.5,gaussian,0.7444692992517211,16,standard normal at finite u_max,0.02032241052079886,0.009767930665152691,cv,0.4779672634741292,8192,5179904,7.740555445112651e-05,task_019/cell_0103,10,67108864,4.224368188530207,4,completed,2048,20.0,0.07148797096711945,0.010780057122365043
4,104,185e953d57699e678314593985abe20c62d7d129,cuda,1.0,1,0.5,gaussian,0.831284314097077,16,standard normal at finite u_max,0.19055490379906087,0.10722973948612813,cv_cumulant,0.4542560165308787,8192,5310976,0.009118642912681385,task_020/cell_0104,13,134217728,7.042911175638437,4,completed,2048,20.0,0.07892280789554174,0.10725270483515581
4,105,185e953d57699e678314593985abe20c62d7d129,cuda,1.0,8,0.5,gaussian,0.9105843119246407,16,standard normal at finite u_max,0.06458477069524715,0.03445964027021768,full,0.050693208219800986,8192,85731328,0.0020120990000358496,task_021/cell_0105,19,16777216,0.20686987042427063,0,completed,128,20.0,0.08957581474738467,0.034937090645967506
4,106,185e953d57699e678314593985abe20c62d7d129,cuda,1.0,8,0.5,gaussian,0.9999999999999984,16,standard normal at finite u_max,0.11738063869770682,0.03976060174416961,unweighted,0.9999999999999987,8192,85731328,0.0031256059730739305,task_022/cell_0106,0,16777216,0.1997206062078476,0,completed,128,20.0,0.3982446858384034,0.05308404258474974
4,107,185e953d57699e678314593985abe20c62d7d129,cuda,1.0,8,0.5,gaussian,0.7917160349566664,16,standard normal at finite u_max,0.1459862360529343,0.06647027349907118,naive,0.00015849150936021294,8192,37755904,0.0028426587925639707,task_023/cell_0107,42,4194304,0.20698053389787674,0,completed,128,20.0,0.29176150878460827,0.07433743541346419
4,108,185e953d57699e678314593985abe20c62d7d129,cuda,1.0,8,0.5,gaussian,0.7364734921684449,16,standard normal at finite u_max,0.15193079334220105,0.05988433908107098,unbiased,0.0001607585555534182,8192,37755904,0.003086576171295874,task_024/cell_0108,43,4194304,0.21609824150800705,0,completed,128,20.0,0.39182708431534075,0.07238935129043067
4,109,185e953d57699e678314593985abe20c62d7d129,cuda,1.0,8,0.5,gaussian,0.4817732950245993,16,standard normal at finite u_max,0.10748879821364273,0.045777771584697036,cumulant,0.000217656877821411,8192,38345728,0.0030074651750916087,task_025/cell_0109,33,8388608,0.3317778594791889,0,completed,128,20.0,0.2530792872402191,0.05160384912618604
4,110,185e953d57699e678314593985abe20c62d7d129,cuda,1.0,8,0.5,gaussian,0.8853807243105022,16,standard normal at finite u_max,0.08140771271381454,0.042034202468342774,cv,0.07364296623216623,8192,37755904,0.0024240610069559826,task_026/cell_0110,19,4194304,0.2714115306735039,0,completed,128,20.0,0.0975847883726562,0.04366239219297042
4,111,185e953d57699e678314593985abe20c62d7d129,cuda,1.0,8,0.5,gaussian,0.7926346218674563,16,standard normal at finite u_max,0.0653489117426127,0.030102111304685666,cv_cumulant,0.07687158521543315,8192,38345728,0.002486607868369392,task_027/cell_0111,22,8388608,0.4816601127386093,0,completed,128,20.0,0.1450731657197933,0.03271241092186333
4,112,185e953d57699e678314593985abe20c62d7d129,cuda,1.0,8,0.5,gaussian,0.8971604573364894,16,standard normal at finite u_max,0.12488988918754823,0.06420375032590646,full,0.11265068681768996,8192,85731328,0.002225981112738362,task_000/cell_0112,19,16777216,0.20985736697912216,1,completed,128,20.0,0.1396063154312933,0.06656412845769151
4,113,185e953d57699e678314593985abe20c62d7d129,cuda,1.0,8,0.5,gaussian,0.9999999999999984,16,standard normal at finite u_max,0.11517757990151911,0.03873876963782895,unweighted,0.9999999999999987,8192,85731328,0.0031103471840114305,task_001/cell_0113,0,16777216,0.20164823532104492,1,completed,128,20.0,0.3999907875032903,0.05272097624566417
4,114,185e953d57699e678314593985abe20c62d7d129,cuda,1.0,8,0.5,gaussian,0.800922233876947,16,standard normal at finite u_max,0.14361651455417698,0.0729738343111081,naive,0.00020251832260488828,8192,37755904,0.002384719069090671,task_002/cell_0114,42,4194304,0.21720682457089424,1,completed,128,20.0,0.21023057596456998,0.07790172465789261
4,115,185e953d57699e678314593985abe20c62d7d129,cuda,1.0,8,0.5,gaussian,0.7496589411442328,16,standard normal at finite u_max,0.13998209784536803,0.06371923590949795,unbiased,0.00014032545171975658,8192,37755904,0.0027543014120250953,task_003/cell_0115,43,4194304,0.21557217463850975,1,completed,128,20.0,0.27516656015876545,0.07298709369817603
4,116,185e953d57699e678314593985abe20c62d7d129,cuda,1.0,8,0.5,gaussian,0.9231340228199139,16,standard normal at finite u_max,0.07434876515847189,0.031312618894137154,cumulant,0.00022170955206999226,8192,38345728,0.0025334455088766306,task_004/cell_0116,36,8388608,0.3412425294518471,1,completed,128,20.0,0.20281864739504651,0.03519837895566306
4,117,185e953d57699e678314593985abe20c62d7d129,cuda,1.0,8,0.5,gaussian,0.8878263051694665,16,standard normal at finite u_max,0.06982955661086536,0.034813902850168055,cv,0.16636501021032601,8192,37755904,0.0023181618182015057,task_005/cell_0117,20,4194304,0.2722495347261429,1,completed,128,20.0,0.09403048130563786,0.0361529496873626
4,118,185e953d57699e678314593985abe20c62d7d129,cuda,1.0,8,0.5,gaussian,0.9989037510134147,16,standard normal at finite u_max,0.08291381797877534,0.04217683443850638,cv_cumulant,0.21846794367673514,8192,38345728,0.0023509870868717725,task_006/cell_0118,22,8388608,0.4852641150355339,1,completed,128,20.0,0.11374947299268838,0.04711504389497904
4,119,185e953d57699e678314593985abe20c62d7d129,cuda,1.0,8,0.5,gaussian,0.5963098064357878,16,standard normal at finite u_max,0.19055379840357825,0.10147925267481879,full,0.0411702788816444,8192,85731328,0.005148990999206904,task_007/cell_0119,20,16777216,0.2119256965816021,2,completed,128,20.0,0.17000234287911245,0.10201318084958702
4,120,185e953d57699e678314593985abe20c62d7d129,cuda,1.0,8,0.5,gaussian,0.9999999999999984,16,standard normal at finite u_max,0.11596326729489193,0.040040363800430176,unweighted,0.9999999999999987,8192,85731328,0.0030950883949489305,task_008/cell_0120,0,16777216,0.2018774375319481,2,completed,128,20.0,0.3928280997299288,0.052581453294523614
4,121,185e953d57699e678314593985abe20c62d7d129,cuda,1.0,8,0.5,gaussian,0.9889146740581507,16,standard normal at finite u_max,0.10718930256085732,0.04733607971049621,naive,0.00013871618538457167,8192,37755904,0.002824941031815728,task_009/cell_0121,42,4194304,0.20955713093280792,2,completed,128,20.0,0.25986932990905415,0.054786889481218605
4,122,185e953d57699e678314593985abe20c62d7d129,cuda,1.0,8,0.5,gaussian,0.7722570727024618,16,standard normal at finite u_max,0.12927248633862048,0.05495522786900886,unbiased,0.0001240369488541469,8192,37755904,0.0026143977916024547,task_010/cell_0122,43,4194304,0.21268728375434875,2,completed,128,20.0,0.2742739513351886,0.06887846535213918
4,123,185e953d57699e678314593985abe20c62d7d129,cuda,1.0,8,0.5,gaussian,0.9928574817189613,16,standard normal at finite u_max,0.08829045256787585,0.037626242667947826,cumulant,0.00024093183787978872,8192,38345728,0.0026690581993618206,task_011/cell_0123,35,8388608,0.3367011696100235,2,completed,128,20.0,0.221728323639303,0.04462858875101025
4,124,185e953d57699e678314593985abe20c62d7d129,cuda,1.0,8,0.5,gaussian,0.7500636370024769,16,standard normal at finite u_max,0.06076388873479526,0.02665556329814807,cv,0.1504908563101578,8192,37755904,0.0021133714300514556,task_012/cell_0124,18,4194304,0.2725376710295677,2,completed,128,20.0,0.11364570049992706,0.029239439492878293
4,125,185e953d57699e678314593985abe20c62d7d129,cuda,1.0,8,0.5,gaussian,0.9988684810977935,16,standard normal at finite u_max,0.045452417991987584,0.018079360994554525,cv_cumulant,0.13818929867076393,8192,38345728,0.0019317019263892093,task_013/cell_0125,20,8388608,0.47669055312871933,2,completed,128,20.0,0.12418585407229633,0.022576945413817277
4,126,185e953d57699e678314593985abe20c62d7d129,cuda,1.0,8,0.5,gaussian,0.919921860009888,16,standard normal at finite u_max,0.0685228861084336,0.03260888969600431,full,0.03512583073112813,8192,85731328,0.0019626415831564964,task_014/cell_0126,18,16777216,0.21240045502781868,3,completed,128,20.0,0.11796497244365656,0.03472983915621866
4,127,185e953d57699e678314593985abe20c62d7d129,cuda,1.0,8,0.5,gaussian,0.9999999999999984,16,standard normal at finite u_max,0.11516223438521303,0.038573301230492185,unweighted,0.9999999999999987,8192,85731328,0.0030950883949489305,task_015/cell_0127,0,16777216,0.21118956804275513,3,completed,128,20.0,0.40048973965581874,0.05253935882061948
4,128,185e953d57699e678314593985abe20c62d7d129,cuda,1.0,8,0.5,gaussian,0.8319744966033821,16,standard normal at finite u_max,0.10465272002961826,0.04821015895561219,naive,0.0005168793331107697,8192,37755904,0.0027602619957070446,task_016/cell_0128,43,4194304,0.20587585866451263,3,completed,128,20.0,0.21014816511998918,0.05543638752285035
4,129,185e953d57699e678314593985abe20c62d7d129,cuda,1.0,8,0.5,gaussian,0.7691432227912578,16,standard normal at finite u_max,0.10224564660271192,0.04623874815697748,unbiased,0.00012732220078126634,8192,37755904,0.002824150046928417,task_017/cell_0129,44,4194304,0.21469707787036896,3,completed,128,20.0,0.2070578927553302,0.05335715870655729
4,130,185e953d57699e678314593985abe20c62d7d129,cuda,1.0,8,0.5,gaussian,0.9177394162373037,16,standard normal at finite u_max,0.06695664528081956,0.02844082351177782,cumulant,0.0006813162679312323,8192,38345728,0.0020244426857735226,task_018/cell_0130,36,8388608,0.34087516367435455,3,completed,128,20.0,0.16283631311738517,0.03469707645300009
4,131,185e953d57699e678314593985abe20c62d7d129,cuda,1.0,8,0.5,gaussian,0.983338412919414,16,standard normal at finite u_max,0.05330191293382847,0.023919607930897216,cv,0.08879661906909102,8192,37755904,0.0024734913466058217,task_019/cell_0131,22,4194304,0.2844974957406521,3,completed,128,20.0,0.12713347630382912,0.027037069083572954
4,132,185e953d57699e678314593985abe20c62d7d129,cuda,1.0,8,0.5,gaussian,0.7234669082486428,16,standard normal at finite u_max,0.0692915023907148,0.03464754279409436,cv_cumulant,0.05089747672882597,8192,38345728,0.0022636847197862325,task_020/cell_0132,18,8388608,0.45612454041838646,3,completed,128,20.0,0.09474766838457344,0.036024245136559635
4,133,185e953d57699e678314593985abe20c62d7d129,cuda,1.0,8,0.5,gaussian,0.9170358652439041,16,standard normal at finite u_max,0.07929975178200521,0.04160331415647296,full,0.12019101692317034,8192,85731328,0.0024476477588817186,task_021/cell_0133,19,16777216,0.20407627522945404,4,completed,128,20.0,0.10311765006358783,0.04225696287291126
4,134,185e953d57699e678314593985abe20c62d7d129,cuda,1.0,8,0.5,gaussian,0.9999999999999984,16,standard normal at finite u_max,0.11815820021374154,0.04013280776734053,unweighted,0.9999999999999987,8192,85731328,0.0031408647621364305,task_022/cell_0134,0,16777216,0.20115400850772858,4,completed,128,20.0,0.3987871724321283,0.05320054737754761
4,135,185e953d57699e678314593985abe20c62d7d129,cuda,1.0,8,0.5,gaussian,0.8299631914597636,16,standard normal at finite u_max,0.15686689440318768,0.07613358183359045,naive,0.0002508725836671698,8192,37755904,0.003033567999268627,task_023/cell_0135,42,4194304,0.20653019100427628,4,completed,128,20.0,0.27947920894058065,0.08139802874704002
4,136,185e953d57699e678314593985abe20c62d7d129,cuda,1.0,8,0.5,gaussian,0.7238028315575966,16,standard normal at finite u_max,0.2163893788599664,0.10466920882761488,unbiased,0.000188228573687327,8192,37755904,0.0050822339239315895,task_024/cell_0136,43,4194304,0.22190125659108162,4,completed,128,20.0,0.332170760641722,0.11252350352372584
4,137,185e953d57699e678314593985abe20c62d7d129,cuda,1.0,8,0.5,gaussian,0.9927052888814897,16,standard normal at finite u_max,0.08003694056355372,0.03383055621071494,cumulant,0.00044208730194458535,8192,38345728,0.002009251145203811,task_025/cell_0137,37,8388608,0.3353550583124161,4,completed,128,20.0,0.198114757511331,0.041071902308772786
4,138,185e953d57699e678314593985abe20c62d7d129,cuda,1.0,8,0.5,gaussian,0.9201571584332324,16,standard normal at finite u_max,0.07923378280521556,0.03976506839033679,cv,0.05939997278536081,8192,37755904,0.0026246179220693194,task_026/cell_0138,19,4194304,0.2713456153869629,4,completed,128,20.0,0.1293979233124823,0.040455900169841935
4,139,185e953d57699e678314593985abe20c62d7d129,cuda,1.0,8,0.5,gaussian,0.910961440038316,16,standard normal at finite u_max,0.08336664806842811,0.04313820063102376,cv_cumulant,0.1712326317145307,8192,38345728,0.0020760369140848806,task_027/cell_0139,20,8388608,0.47771917283535004,4,completed,128,20.0,0.10871477323542666,0.04393220220392263
4,140,185e953d57699e678314593985abe20c62d7d129,cuda,1.0,8,0.5,gaussian,0.5130245862096897,16,standard normal at finite u_max,0.1168021879072525,0.061945564248978915,full,0.3691449396390334,8192,85731328,0.0031724608114844927,task_000/cell_0140,22,67108864,0.7651728242635727,0,completed,512,20.0,0.1275402537976284,0.06250754286303484
4,141,185e953d57699e678314593985abe20c62d7d129,cuda,1.0,8,0.5,gaussian,0.9999999999999984,16,standard normal at finite u_max,0.12254275633390121,0.038746009853532604,unweighted,0.9999999999999987,8192,85731328,0.0031561235511989305,task_001/cell_0141,0,67108864,0.7486170828342438,0,completed,512,20.0,0.4400922286697691,0.056563291448682246
4,142,185e953d57699e678314593985abe20c62d7d129,cuda,1.0,8,0.5,gaussian,0.9827928796232915,16,standard normal at finite u_max,0.12679054698848244,0.06452729743639464,naive,0.22657700047327226,8192,37755904,0.002106580421788573,task_002/cell_0142,44,16777216,0.7955803424119949,0,completed,512,20.0,0.17492877498060144,0.06822445090481546
4,143,185e953d57699e678314593985abe20c62d7d129,cuda,1.0,8,0.5,gaussian,0.8693478334441449,16,standard normal at finite u_max,0.09827914907390262,0.054351399170141965,unbiased,0.15701083591596982,8192,37755904,0.00225182527310408,task_003/cell_0143,45,16777216,0.7955412454903126,0,completed,512,20.0,0.09855282391429702,0.05580583323234318
4,144,185e953d57699e678314593985abe20c62d7d129,cuda,1.0,8,0.5,gaussian,0.9068995548843853,16,standard normal at finite u_max,0.057885836560361975,0.025268969975367095,cumulant,0.3584555587213664,8192,38345728,0.0021898290106695806,task_004/cell_0144,26,33554432,1.2941833809018135,0,completed,512,20.0,0.13713251147342417,0.03058679304286736
4,145,185e953d57699e678314593985abe20c62d7d129,cuda,1.0,8,0.5,gaussian,0.9063569037389502,16,standard normal at finite u_max,0.06406434857745329,0.029699304927047823,cv,0.3868866428210162,8192,37755904,0.002091841422922472,task_005/cell_0145,21,16777216,1.0353574454784393,0,completed,512,20.0,0.15422642043397566,0.032180040392851945
4,146,185e953d57699e678314593985abe20c62d7d129,cuda,1.0,8,0.5,gaussian,0.8666447643347125,16,standard normal at finite u_max,0.07777250685509943,0.03907986148064173,cv_cumulant,0.3883826721159497,8192,38345728,0.002171078406856042,task_006/cell_0146,22,33554432,1.8886186443269253,0,completed,512,20.0,0.09044244210252823,0.03985863796592414
4,147,185e953d57699e678314593985abe20c62d7d129,cuda,1.0,8,0.5,gaussian,0.8903308319725686,16,standard normal at finite u_max,0.19890391915461242,0.10256365565329452,full,0.38551815717683086,8192,85731328,0.003450011929837793,task_007/cell_0147,22,67108864,0.7581930905580521,1,completed,512,20.0,0.15570406844241952,0.10794750670300743
4,148,185e953d57699e678314593985abe20c62d7d129,cuda,1.0,8,0.5,gaussian,0.9999999999999984,16,standard normal at finite u_max,0.12238782258579034,0.03775631240142022,unweighted,0.9999999999999987,8192,85731328,0.0030950883949489305,task_008/cell_0148,0,67108864,0.7474839389324188,1,completed,512,20.0,0.4340186133493176,0.05548882329835973
4,149,185e953d57699e678314593985abe20c62d7d129,cuda,1.0,8,0.5,gaussian,0.9600946918559591,16,standard normal at finite u_max,0.16994975110091196,0.08963360968727997,naive,0.29378316556486567,8192,37755904,0.0027288299899582147,task_009/cell_0149,40,16777216,0.7592282742261887,1,completed,512,20.0,0.17808936871187606,0.09127562343685755
4,150,185e953d57699e678314593985abe20c62d7d129,cuda,1.0,8,0.5,gaussian,0.541470643025609,16,standard normal at finite u_max,0.09875388987953257,0.0497302338101587,unbiased,0.12915055675425935,8192,37755904,0.00256242625201078,task_010/cell_0150,47,16777216,0.7728504911065102,1,completed,512,20.0,0.148607531236929,0.05220225038749325
4,151,185e953d57699e678314593985abe20c62d7d129,cuda,1.0,8,0.5,gaussian,0.9873429292877827,16,standard normal at finite u_max,0.1633804344412183,0.0784220477107252,cumulant,0.2732407532404746,8192,38345728,0.004422009247430886,task_011/cell_0151,28,33554432,1.2778979577124119,1,completed,512,20.0,0.23150957172793274,0.08707165539306852
4,152,185e953d57699e678314593985abe20c62d7d129,cuda,1.0,8,0.5,gaussian,0.9936268429669057,16,standard normal at finite u_max,0.13359917053523818,0.06650456659833472,cv,0.363419881429428,8192,37755904,0.003621567130014172,task_012/cell_0152,22,16777216,1.0502474382519722,1,completed,512,20.0,0.19321643841817007,0.06856732352551073
4,153,185e953d57699e678314593985abe20c62d7d129,cuda,1.0,8,0.5,gaussian,0.9159185885138325,16,standard normal at finite u_max,0.12312078241390514,0.06337975276943363,cv_cumulant,0.376126066225217,8192,38345728,0.0032761371042348136,task_013/cell_0153,24,33554432,1.85862997174263,1,completed,512,20.0,0.14505537964822376,0.06708602369938711
4,154,185e953d57699e678314593985abe20c62d7d129,cuda,1.0,8,0.5,gaussian,0.5078541877371798,16,standard normal at finite u_max,0.08439793667039344,0.042593687057130625,full,0.35997844412092384,8192,85731328,0.002396394063721774,task_014/cell_0154,22,67108864,0.7733483836054802,2,completed,512,20.0,0.10049048588439567,0.04465429040604006
4,155,185e953d57699e678314593985abe20c62d7d129,cuda,1.0,8,0.5,gaussian,0.9999999999999984,16,standard normal at finite u_max,0.12478382770276103,0.03903985628806522,unweighted,0.9999999999999987,8192,85731328,0.0031561235511989305,task_015/cell_0155,0,67108864,0.7736686579883099,2,completed,512,20.0,0.43832076446515117,0.05657759712732773
4,156,185e953d57699e678314593985abe20c62d7d129,cuda,1.0,8,0.5,gaussian,0.5503779987961842,16,standard normal at finite u_max,0.12332721786602359,0.0619640231037646,naive,0.20151901617413637,8192,37755904,0.0021318276275625603,task_016/cell_0156,42,16777216,0.7520841881632805,2,completed,512,20.0,0.141540119909131,0.063320933859771
4,157,185e953d57699e678314593985abe20c62d7d129,cuda,1.0,8,0.5,gaussian,0.9167310628420434,16,standard normal at finite u_max,0.08057710552115716,0.04141298568074418,unbiased,0.22622048805111816,8192,37755904,0.002005650151062549,task_017/cell_0157,46,16777216,0.7721288688480854,2,completed,512,20.0,0.13654416906601147,0.044056289235795916
4,158,185e953d57699e678314593985abe20c62d7d129,cuda,1.0,8,0.5,gaussian,0.6261850105007216,16,standard normal at finite u_max,0.0713941554384965,0.0362919281231176,cumulant,0.3821982665949285,8192,38345728,0.0025044707939120975,task_018/cell_0158,26,33554432,1.2918353751301765,2,completed,512,20.0,0.10816094850351754,0.03826695762236271
4,159,185e953d57699e678314593985abe20c62d7d129,cuda,1.0,8,0.5,gaussian,0.8542108359602947,16,standard normal at finite u_max,0.08445231639915202,0.042176068835129144,cv,0.3515070377712398,8192,37755904,0.002439221899182803,task_019/cell_0159,23,16777216,1.080247636884451,2,completed,512,20.0,0.1255598682625593,0.044189434766208145
4,160,185e953d57699e678314593985abe20c62d7d129,cuda,1.0,8,0.5,gaussian,0.5128102837226693,16,standard normal at finite u_max,0.0745443494829984,0.03611689347992374,cv_cumulant,0.3821809825404976,8192,38345728,0.002185060623822163,task_020/cell_0160,23,33554432,1.785972312092781,2,completed,512,20.0,0.12523284749895536,0.0386160231295896
4,161,185e953d57699e678314593985abe20c62d7d129,cuda,1.0,8,0.5,gaussian,0.5063268938516765,16,standard normal at finite u_max,0.07216418133656796,0.033447529542245905,full,0.41663162733873593,8192,85731328,0.0021201778162779072,task_021/cell_0161,22,67108864,0.7497732155025005,3,completed,512,20.0,0.1563191854519157,0.03713819826866169
4,162,185e953d57699e678314593985abe20c62d7d129,cuda,1.0,8,0.5,gaussian,0.9999999999999984,16,standard normal at finite u_max,0.12299617019192942,0.038401734670105395,unweighted,0.9999999999999987,8192,85731328,0.0031103471840114305,task_022/cell_0162,0,67108864,0.7432420402765274,3,completed,512,20.0,0.4380246017457077,0.05621571047765172
4,163,185e953d57699e678314593985abe20c62d7d129,cuda,1.0,8,0.5,gaussian,0.5423548207307929,16,standard normal at finite u_max,0.1072931736741707,0.05854619145336365,naive,0.25335470031473467,8192,37755904,0.0023041772889363377,task_023/cell_0163,43,16777216,0.7585135996341705,3,completed,512,20.0,0.08019309674734411,0.05928052967309893
4,164,185e953d57699e678314593985abe20c62d7d129,cuda,1.0,8,0.5,gaussian,0.8396552343805962,16,standard normal at finite u_max,0.06962395280235043,0.032231513492823854,unbiased,0.04563391733456965,8192,37755904,0.0027248189178469134,task_024/cell_0164,46,16777216,0.7938759513199329,3,completed,512,20.0,0.13605188911212782,0.03437070925782779
4,165,185e953d57699e678314593985abe20c62d7d129,cuda,1.0,8,0.5,gaussian,0.7358532260033337,16,standard normal at finite u_max,0.05946180362529748,0.02562279279430471,cumulant,0.38426678014596943,8192,38345728,0.0032430779037039975,task_025/cell_0165,27,33554432,1.270186711102724,3,completed,512,20.0,0.11168308737491535,0.02959769949774978
4,166,185e953d57699e678314593985abe20c62d7d129,cuda,1.0,8,0.5,gaussian,0.9907553026647199,16,standard normal at finite u_max,0.0736535069130485,0.03566612888067716,cv,0.3998865541830436,8192,37755904,0.002126610860348044,task_026/cell_0166,22,16777216,1.0477387607097626,3,completed,512,20.0,0.14023701234025973,0.0390833107977663
4,167,185e953d57699e678314593985abe20c62d7d129,cuda,1.0,8,0.5,gaussian,0.6566697984989142,16,standard normal at finite u_max,0.12669019955448535,0.0632052371922726,cv_cumulant,0.35206453410813,8192,38345728,0.0022524778320555244,task_027/cell_0167,24,33554432,1.8538896143436432,3,completed,512,20.0,0.16957309611193416,0.06726474689844271
4,168,185e953d57699e678314593985abe20c62d7d129,cuda,1.0,8,0.5,gaussian,0.9834262285911731,16,standard normal at finite u_max,0.06323076440686812,0.02967905964364516,full,0.37773181328013933,8192,85731328,0.002664825731269471,task_000/cell_0168,21,67108864,0.7679660692811012,4,completed,512,20.0,0.1495588302414271,0.03139917656865808
4,169,185e953d57699e678314593985abe20c62d7d129,cuda,1.0,8,0.5,gaussian,0.9999999999999984,16,standard normal at finite u_max,0.12333209413420448,0.038148513379078944,unweighted,0.9999999999999987,8192,85731328,0.0031256059730739305,task_001/cell_0169,0,67108864,0.7530755996704102,4,completed,512,20.0,0.4383561082075068,0.056052249653303805
4,170,185e953d57699e678314593985abe20c62d7d129,cuda,1.0,8,0.5,gaussian,0.5635750479519032,16,standard normal at finite u_max,0.18944177327489575,0.10205369765408426,naive,0.23724549127848701,8192,37755904,0.002315857599307816,task_002/cell_0170,42,16777216,0.7947311215102673,4,completed,512,20.0,0.19832463335723785,0.10373785628274321
4,171,185e953d57699e678314593985abe20c62d7d129,cuda,1.0,8,0.5,gaussian,0.9943639405858659,16,standard normal at finite u_max,0.07926208729313448,0.0407831002144321,unbiased,0.14244423181290566,8192,37755904,0.0025742606004472424,task_003/cell_0171,49,16777216,0.7844134643673897,4,completed,512,20.0,0.13375494986817482,0.041133482762574315
4,172,185e953d57699e678314593985abe20c62d7d129,cuda,1.0,8,0.5,gaussian,0.9791714384904809,16,standard normal at finite u_max,0.060909201873759776,0.027021255032288388,cumulant,0.4045489163490496,8192,38345728,0.002055673469398847,task_004/cell_0172,26,33554432,1.295001082122326,4,completed,512,20.0,0.14228885273511324,0.03104737995052146
4,173,185e953d57699e678314593985abe20c62d7d129,cuda,1.0,8,0.5,gaussian,0.7892520565083689,16,standard normal at finite u_max,0.07361329647675537,0.03976584313797395,cv,0.3817889132970997,8192,37755904,0.0020034930675020685,task_005/cell_0173,25,16777216,1.0548196882009506,4,completed,512,20.0,0.11529372225489537,0.04233217756924723
4,174,185e953d57699e678314593985abe20c62d7d129,cuda,1.0,8,0.5,gaussian,0.8470837559373949,16,standard normal at finite u_max,0.10524730671847626,0.057017969785867706,cv_cumulant,0.3391904263832138,8192,38345728,0.00229455593396119,task_006/cell_0174,24,33554432,1.8950471356511116,4,completed,512,20.0,0.11909714031821038,0.06044976766346387
4,175,185e953d57699e678314593985abe20c62d7d129,cuda,1.0,8,0.5,gaussian,0.9522398135049454,16,standard normal at finite u_max,0.062306917840973586,0.02847129583720616,full,0.4654483402823921,8192,85731328,0.0019681301451137667,task_007/cell_0175,24,268435456,2.9503928795456886,0,completed,2048,20.0,0.12478496997842942,0.03273590999634514
4,176,185e953d57699e678314593985abe20c62d7d129,cuda,1.0,8,0.5,gaussian,0.9999999999999984,16,standard normal at finite u_max,0.1263345968038444,0.039159141203107956,unweighted,0.9999999999999987,8192,85731328,0.0031561235511989305,task_008/cell_0176,0,268435456,2.923905774950981,0,completed,2048,20.0,0.4480142712664423,0.0578190376340894
4,177,185e953d57699e678314593985abe20c62d7d129,cuda,1.0,8,0.5,gaussian,0.9980477290403447,16,standard normal at finite u_max,0.13192900753188716,0.07104372013915787,naive,0.4701000271960101,8192,37755904,0.002717444774112232,task_009/cell_0177,26,67108864,2.962751530110836,0,completed,2048,20.0,0.15392991548303797,0.07156740339869082
4,178,185e953d57699e678314593985abe20c62d7d129,cuda,1.0,8,0.5,gaussian,0.6299013044723836,16,standard normal at finite u_max,0.08878416609005943,0.04429855844727036,unbiased,0.4533812912352369,8192,37755904,0.003822935518175072,task_010/cell_0178,27,67108864,3.003998029977083,0,completed,2048,20.0,0.1433670216641133,0.04857547955961925
4,179,185e953d57699e678314593985abe20c62d7d129,cuda,1.0,8,0.5,gaussian,0.6462511317894682,16,standard normal at finite u_max,0.0899057260949646,0.04487254565810077,cumulant,0.4762971157369045,8192,38345728,0.002298701197009853,task_011/cell_0179,23,134217728,5.053023304790258,0,completed,2048,20.0,0.15567329758585885,0.0463830517521049
4,180,185e953d57699e678314593985abe20c62d7d129,cuda,1.0,8,0.5,gaussian,0.8898814192328592,16,standard normal at finite u_max,0.056817289264448095,0.02377412717649846,cv,0.45496800271206467,8192,37755904,0.002417752369280504,task_012/cell_0180,26,67108864,4.137045606970787,0,completed,2048,20.0,0.1587635600701608,0.03071000322392441
4,181,185e953d57699e678314593985abe20c62d7d129,cuda,1.0,8,0.5,gaussian,0.9596987152200012,16,standard normal at finite u_max,0.05999968228829236,0.025295623246329016,cv_cumulant,0.46215495467356954,8192,38345728,0.0024250299730543406,task_013/cell_0181,24,134217728,7.410841777920723,0,completed,2048,20.0,0.13295769917329747,0.030146103139142878
4,182,185e953d57699e678314593985abe20c62d7d129,cuda,1.0,8,0.5,gaussian,0.9245888688768552,16,standard normal at finite u_max,0.0836067611684792,0.041951688504684975,full,0.4731223131460528,8192,85731328,0.002613916746986883,task_014/cell_0182,21,268435456,2.972435362637043,1,completed,2048,20.0,0.13983344494989233,0.043691786473264195
4,183,185e953d57699e678314593985abe20c62d7d129,cuda,1.0,8,0.5,gaussian,0.9999999999999984,16,standard normal at finite u_max,0.12817446713730057,0.03999476552066229,unweighted,0.9999999999999987,8192,85731328,0.0031408647621364305,task_015/cell_0183,0,268435456,3.0392131097614765,1,completed,2048,20.0,0.44744251445635086,0.05801802996270316
4,184,185e953d57699e678314593985abe20c62d7d129,cuda,1.0,8,0.5,gaussian,0.6832588452466754,16,standard normal at finite u_max,0.11703386155821074,0.05989039819274708,naive,0.4596253238374756,8192,37755904,0.005896618516594773,task_016/cell_0184,26,67108864,2.921824671328068,1,completed,2048,20.0,0.1934733448075754,0.06465970360893877
4,185,185e953d57699e678314593985abe20c62d7d129,cuda,1.0,8,0.5,gaussian,0.5449167519992513,16,standard normal at finite u_max,0.10799538214972497,0.05566449139399823,unbiased,0.46580165306230087,8192,37755904,0.002548534079004572,task_017/cell_0185,26,67108864,2.9891327507793903,1,completed,2048,20.0,0.12628349847884543,0.05741244746255012
4,186,185e953d57699e678314593985abe20c62d7d129,cuda,1.0,8,0.5,gaussian,0.7864586443816681,16,standard normal at finite u_max,0.06885090982646783,0.03238419552279215,cumulant,0.4713688317795038,8192,38345728,0.0025588624589256564,task_018/cell_0186,23,134217728,5.1091360449790955,1,completed,2048,20.0,0.1581732866710439,0.03502738773185102
4,187,185e953d57699e678314593985abe20c62d7d129,cuda,1.0,8,0.5,gaussian,0.9804745878352963,16,standard normal at finite u_max,0.10555852564647963,0.05611556455186249,cv,0.4672367213949318,8192,37755904,0.0034672803790839896,task_019/cell_0187,24,67108864,4.272933155298233,1,completed,2048,20.0,0.1751520560639533,0.058777373736464106
4,188,185e953d57699e678314593985abe20c62d7d129,cuda,1.0,8,0.5,gaussian,0.518788543052233,16,standard normal at finite u_max,0.07780281475341576,0.03728912999375952,cv_cumulant,0.46291863236098685,8192,38345728,0.0021773102136218997,task_020/cell_0188,22,134217728,7.083670124411583,1,completed,2048,20.0,0.15184876411111442,0.03849087750922778
4,189,185e953d57699e678314593985abe20c62d7d129,cuda,1.0,8,0.5,gaussian,0.7025273789718207,16,standard normal at finite u_max,0.058665319437266654,0.028491016572337546,full,0.46421796121007014,8192,85731328,0.002324444213114965,task_021/cell_0189,23,268435456,2.9349121674895287,2,completed,2048,20.0,0.11003073956459418,0.031576458698649536
4,190,185e953d57699e678314593985abe20c62d7d129,cuda,1.0,8,0.5,gaussian,0.9999999999999984,16,standard normal at finite u_max,0.12558384896996228,0.03981124029956261,unweighted,0.9999999999999987,8192,85731328,0.0031561235511989305,task_022/cell_0190,0,268435456,2.913631670176983,2,completed,2048,20.0,0.44298631629293284,0.056939119965300544
4,191,185e953d57699e678314593985abe20c62d7d129,cuda,1.0,8,0.5,gaussian,0.9957091879605688,16,standard normal at finite u_max,0.11615736782269494,0.05968071815679098,naive,0.4618148537010581,8192,37755904,0.0026706435638025466,task_023/cell_0191,26,67108864,2.940674714744091,2,completed,2048,20.0,0.1420618173515048,0.06015280025549885
4,192,185e953d57699e678314593985abe20c62d7d129,cuda,1.0,8,0.5,gaussian,0.8863694690730021,16,standard normal at finite u_max,0.0789488517550727,0.042052735822720774,unbiased,0.4665779874196091,8192,37755904,0.0023884178288855473,task_024/cell_0192,26,67108864,3.0590456128120422,2,completed,2048,20.0,0.13165238469899188,0.04454047189657586
4,193,185e953d57699e678314593985abe20c62d7d129,cuda,1.0,8,0.5,gaussian,0.5903025142247581,16,standard normal at finite u_max,0.0693835116520545,0.03261992135289919,cumulant,0.46538071478953047,8192,38345728,0.0031159559093850014,task_025/cell_0193,22,134217728,4.960802152752876,2,completed,2048,20.0,0.1574425963130605,0.03493403978860398
4,194,185e953d57699e678314593985abe20c62d7d129,cuda,1.0,8,0.5,gaussian,0.7321222141811974,16,standard normal at finite u_max,0.05513686601687602,0.022627986544017847,cv,0.4656578580319973,8192,37755904,0.0019367256330620752,task_026/cell_0194,22,67108864,4.137536138296127,2,completed,2048,20.0,0.16124157137029543,0.028328063496657976
4,195,185e953d57699e678314593985abe20c62d7d129,cuda,1.0,8,0.5,gaussian,0.6487416113896314,16,standard normal at finite u_max,0.07457646064313558,0.039078430545248566,cv_cumulant,0.4726781146276468,8192,38345728,0.002079602080504714,task_027/cell_0195,22,134217728,7.318130239844322,2,completed,2048,20.0,0.1028712577673078,0.04027325061163507
4,196,185e953d57699e678314593985abe20c62d7d129,cuda,1.0,8,0.5,gaussian,0.5726824289125038,16,standard normal at finite u_max,0.08486693379602434,0.043313239728175454,full,0.4594730390614038,8192,85731328,0.0022305987246700326,task_000/cell_0196,23,268435456,2.955207049846649,3,completed,2048,20.0,0.09387519346402878,0.04435126874804826
4,197,185e953d57699e678314593985abe20c62d7d129,cuda,1.0,8,0.5,gaussian,0.9999999999999984,16,standard normal at finite u_max,0.12677824967556892,0.039587124862639225,unweighted,0.9999999999999987,8192,85731328,0.0030493120277614305,task_001/cell_0197,0,268435456,2.932169623672962,3,completed,2048,20.0,0.44482527415967643,0.05743410207896282
4,198,185e953d57699e678314593985abe20c62d7d129,cuda,1.0,8,0.5,gaussian,0.6061184807304041,16,standard normal at finite u_max,0.1004857053753384,0.051499502779687775,naive,0.4645235599000778,8192,37755904,0.002124929543630444,task_002/cell_0198,26,67108864,3.0794209390878677,3,completed,2048,20.0,0.11926634858482564,0.0523525118814017
4,199,185e953d57699e678314593985abe20c62d7d129,cuda,1.0,8,0.5,gaussian,0.9973405897943066,16,standard normal at finite u_max,0.08247851662896638,0.04294468852000545,unbiased,0.4380513881961086,8192,37755904,0.0024773954969485035,task_003/cell_0199,27,67108864,3.0401402451097965,3,completed,2048,20.0,0.13339625071287056,0.04406544556460104
4,200,185e953d57699e678314593985abe20c62d7d129,cuda,1.0,8,0.5,gaussian,0.7518851960100161,16,standard normal at finite u_max,0.05770529554771132,0.023748001696699023,cumulant,0.46270804359396195,8192,38345728,0.0022957601044929082,task_004/cell_0200,24,134217728,5.1118867844343185,3,completed,2048,20.0,0.14635565004376952,0.030538678507545138
4,201,185e953d57699e678314593985abe20c62d7d129,cuda,1.0,8,0.5,gaussian,0.7612009050895263,16,standard normal at finite u_max,0.06875864404202853,0.03161166982026671,cv,0.4621507102076134,8192,37755904,0.002632509837980343,task_005/cell_0201,23,67108864,4.084416396915913,3,completed,2048,20.0,0.1755859407274305,0.03463638656777168
4,202,185e953d57699e678314593985abe20c62d7d129,cuda,1.0,8,0.5,gaussian,0.948067905511193,16,standard normal at finite u_max,0.05222579579562278,0.019451832292902593,cv_cumulant,0.4737632350432389,8192,38345728,0.002525360061531673,task_006/cell_0202,23,134217728,7.505813226103783,3,completed,2048,20.0,0.17031996397521354,0.026968412070282773
4,203,185e953d57699e678314593985abe20c62d7d129,cuda,1.0,8,0.5,gaussian,0.5119975591476321,16,standard normal at finite u_max,0.06793623896805501,0.03451872540271765,full,0.4676289588263968,8192,85731328,0.0018946884486767401,task_007/cell_0203,23,268435456,2.95925260335207,4,completed,2048,20.0,0.12125238392963446,0.03607328184640799
4,204,185e953d57699e678314593985abe20c62d7d129,cuda,1.0,8,0.5,gaussian,0.9999999999999984,16,standard normal at finite u_max,0.12599645187356268,0.03956107154330449,unweighted,0.9999999999999987,8192,85731328,0.0031713823402614305,task_008/cell_0204,0,268435456,2.916702300310135,4,completed,2048,20.0,0.4459523220785729,0.05773878590767442
4,205,185e953d57699e678314593985abe20c62d7d129,cuda,1.0,8,0.5,gaussian,0.9684767399859391,16,standard normal at finite u_max,0.11322589527910688,0.06013155965640529,naive,0.47198621922400663,8192,37755904,0.0026191653460977127,task_009/cell_0205,26,67108864,2.968901105225086,4,completed,2048,20.0,0.10859301374692998,0.06036509651989529
4,206,185e953d57699e678314593985abe20c62d7d129,cuda,1.0,8,0.5,gaussian,0.9873976263276859,16,standard normal at finite u_max,0.12699518707246615,0.062056571270793476,unbiased,0.45714331503562705,8192,37755904,0.0028360879297698455,task_010/cell_0206,28,67108864,3.009120050817728,4,completed,2048,20.0,0.1730294406290033,0.06756167603554561
4,207,185e953d57699e678314593985abe20c62d7d129,cuda,1.0,8,0.5,gaussian,0.8630264496454534,16,standard normal at finite u_max,0.06480201362667554,0.02984222653043908,cumulant,0.4636495605546619,8192,38345728,0.002045961454779449,task_011/cell_0207,24,134217728,5.0528779700398445,4,completed,2048,20.0,0.12205151883782929,0.03222167576547601
4,208,185e953d57699e678314593985abe20c62d7d129,cuda,1.0,8,0.5,gaussian,0.5663959261773042,16,standard normal at finite u_max,0.07263889080030558,0.03465992256354666,cv,0.46315705756574266,8192,37755904,0.0025587015765830556,task_012/cell_0208,22,67108864,4.138763107359409,4,completed,2048,20.0,0.15750518752629647,0.037642542342769654
4,209,185e953d57699e678314593985abe20c62d7d129,cuda,1.0,8,0.5,gaussian,0.9643267847749147,16,standard normal at finite u_max,0.06000348634346078,0.026454727688085336,cv_cumulant,0.45505759873423596,8192,38345728,0.0030721157069332483,task_013/cell_0209,24,134217728,7.394755028188229,4,completed,2048,20.0,0.14305247502857876,0.029565125025765568
4,210,185e953d57699e678314593985abe20c62d7d129,cuda,1.0,1,0.5,gaussian,0.949442789855524,64,standard normal at finite u_max,0.05476288488168721,0.014083117253145927,full,0.00012207420743076683,8192,42406912,1.3000722942635434e-08,task_014/cell_0210,38,67108864,0.16952529549598694,0,completed,128,20.0,0.1399523014952626,0.014682675614914917
4,211,185e953d57699e678314593985abe20c62d7d129,cuda,1.0,1,0.5,gaussian,0.9999999999999984,64,standard normal at finite u_max,0.08425430892729716,0.009746011910283792,unweighted,0.9999999999999987,8192,42406912,1.3000722942635434e-08,task_015/cell_0211,0,67108864,0.1628100350499153,0,completed,128,20.0,0.38359758320322945,0.021798305610655454
4,212,185e953d57699e678314593985abe20c62d7d129,cuda,1.0,1,0.5,gaussian,0.8919844409399803,64,standard normal at finite u_max,0.12796842490617272,0.02854306872486534,naive,0.0001220703125,8192,5180928,1.3000722054457015e-08,task_016/cell_0212,51,4194304,0.20388923585414886,0,completed,128,20.0,0.1702846850240789,0.02856715309697899
4,213,185e953d57699e678314593985abe20c62d7d129,cuda,1.0,1,0.5,gaussian,0.8703418976493111,64,standard normal at finite u_max,0.09843827340684624,0.020107298484339786,unbiased,0.0001220703125,8192,5180928,1.300072272059083e-08,task_017/cell_0213,51,4194304,0.21003670245409012,0,completed,128,20.0,0.22746328409745586,0.020139581886187048
4,214,185e953d57699e678314593985abe20c62d7d129,cuda,1.0,1,0.5,gaussian,0.9556853439180639,64,standard normal at finite u_max,0.056862437491681406,0.01591120901252241,cumulant,0.0001220703125,8192,5312000,1.300072272059083e-08,task_018/cell_0214,48,8388608,0.3457121253013611,0,completed,128,20.0,0.06190284684115088,0.01609493587890071
4,215,185e953d57699e678314593985abe20c62d7d129,cuda,1.0,1,0.5,gaussian,0.940712827735515,64,standard normal at finite u_max,0.032559719698452144,0.0055611499945036336,cv,0.00016020270262135413,8192,5180928,1.3000722387523922e-08,task_019/cell_0215,39,4194304,0.2878645360469818,0,completed,128,20.0,0.11179474193413863,0.007765419257288969
4,216,185e953d57699e678314593985abe20c62d7d129,cuda,1.0,1,0.5,gaussian,0.9321624472920019,64,standard normal at finite u_max,0.04269145069300684,0.010434426104660277,cv_cumulant,0.00012777602483008196,8192,5312000,1.3000722165479317e-08,task_020/cell_0216,41,8388608,0.4666389673948288,0,completed,128,20.0,0.07476689576585294,0.01090485717471318
4,217,185e953d57699e678314593985abe20c62d7d129,cuda,1.0,1,0.5,gaussian,0.9013711535729859,64,standard normal at finite u_max,0.07708975983499627,0.020672657579269726,full,0.00014630537095293585,8192,42406912,1.3000722054457015e-08,task_021/cell_0217,40,67108864,0.17972995340824127,1,completed,128,20.0,0.01861520014479856,0.02078136258245651
4,218,185e953d57699e678314593985abe20c62d7d129,cuda,1.0,1,0.5,gaussian,0.9999999999999984,64,standard normal at finite u_max,0.08673264219921148,0.011500001816181382,unweighted,0.9999999999999987,8192,42406912,1.3000722942635434e-08,task_022/cell_0218,0,67108864,0.15190815925598145,1,completed,128,20.0,0.3781952529615289,0.021629761406590144
4,219,185e953d57699e678314593985abe20c62d7d129,cuda,1.0,1,0.5,gaussian,0.8888265810663251,64,standard normal at finite u_max,0.24684164277684828,0.058892045290632966,naive,0.0001220703125,8192,5180928,1.3000722498546224e-08,task_023/cell_0219,52,4194304,0.20319059491157532,1,completed,128,20.0,0.056638998138666796,0.05890348523009401
4,220,185e953d57699e678314593985abe20c62d7d129,cuda,1.0,1,0.5,gaussian,0.8721453235389934,64,standard normal at finite u_max,0.0884380878280463,0.020022989081531772,unbiased,0.0001220703125,8192,5180928,1.300072272059083e-08,task_024/cell_0220,52,4194304,0.215408306568861,1,completed,128,20.0,0.21209090477682613,0.021252231505996415
4,221,185e953d57699e678314593985abe20c62d7d129,cuda,1.0,1,0.5,gaussian,0.9613226776114487,64,standard normal at finite u_max,0.11464786539786576,0.03440354630984843,cumulant,0.0001220703125,8192,5312000,1.300072272059083e-08,task_025/cell_0221,48,8388608,0.33050497993826866,1,completed,128,20.0,0.14875581658964665,0.03442679171179266
4,222,185e953d57699e678314593985abe20c62d7d129,cuda,1.0,1,0.5,gaussian,0.6112722009079358,64,standard normal at finite u_max,0.09411989326713921,0.023544083851757547,cv,0.0001352300758963333,8192,5180928,1.3000722942635434e-08,task_026/cell_0222,39,4194304,0.3270825520157814,1,completed,128,20.0,0.13412863424125998,0.02427141178041596
4,223,185e953d57699e678314593985abe20c62d7d129,cuda,1.0,1,0.5,gaussian,0.9215415978387916,64,standard normal at finite u_max,0.05166321394474244,0.011735731000469318,cv_cumulant,0.000692444779940128,8192,5312000,1.3000722387523922e-08,task_027/cell_0223,40,8388608,0.47735072672367096,1,completed,128,20.0,0.024248602317420653,0.0122812188357898
4,224,185e953d57699e678314593985abe20c62d7d129,cuda,1.0,1,0.5,gaussian,0.9440392284492617,64,standard normal at finite u_max,0.08489084184262169,0.019485747905465534,full,0.00013105570662977025,8192,42406912,1.3000722942635434e-08,task_000/cell_0224,41,67108864,0.17269006371498108,2,completed,128,20.0,0.14958378683683227,0.019866263774180354
4,225,185e953d57699e678314593985abe20c62d7d129,cuda,1.0,1,0.5,gaussian,0.9999999999999984,64,standard normal at finite u_max,0.08593064993131538,0.011172848991761408,unweighted,0.9999999999999987,8192,42406912,1.3000722942635434e-08,task_001/cell_0225,0,67108864,0.1552494615316391,2,completed,128,20.0,0.3812264323354442,0.021924634445906973
4,226,185e953d57699e678314593985abe20c62d7d129,cuda,1.0,1,0.5,gaussian,0.9083750721675786,64,standard normal at finite u_max,0.05271465723627666,0.010040820023362262,naive,0.0001220703125,8192,5180928,1.300072272059083e-08,task_002/cell_0226,52,4194304,0.21337783336639404,2,completed,128,20.0,0.1607705451970367,0.011884444220155362
4,227,185e953d57699e678314593985abe20c62d7d129,cuda,1.0,1,0.5,gaussian,0.8921238191339278,64,standard normal at finite u_max,0.036096077415656125,0.003596881504103422,unbiased,0.0001220703125,8192,5180928,1.300072227650162e-08,task_003/cell_0227,53,4194304,0.21293547004461288,2,completed,128,20.0,0.2247347259759559,0.01024853609029005
4,228,185e953d57699e678314593985abe20c62d7d129,cuda,1.0,1,0.5,gaussian,0.5173116088309513,64,standard normal at finite u_max,0.21530995517438622,0.04605207167276082,cumulant,0.00012207031250009714,8192,5312000,1.3000722498546224e-08,task_004/cell_0228,47,8388608,0.3447060137987137,2,completed,128,20.0,0.26093352232290845,0.04769744353727962
4,229,185e953d57699e678314593985abe20c62d7d129,cuda,1.0,1,0.5,gaussian,0.95278594589421,64,standard normal at finite u_max,0.04859030169222711,0.011125848125820181,cv,0.0003232323571909716,8192,5180928,1.3000722054457015e-08,task_005/cell_0229,41,4194304,0.28349456936120987,2,completed,128,20.0,0.12364214076964408,0.01224659601369691
4,230,185e953d57699e678314593985abe20c62d7d129,cuda,1.0,1,0.5,gaussian,0.9510304539837692,64,standard normal at finite u_max,0.0630531658529555,0.015442021336721568,cv_cumulant,0.00016975016812284977,8192,5312000,1.3000722165479317e-08,task_006/cell_0230,40,8388608,0.4871102422475815,2,completed,128,20.0,0.13583986319764796,0.01619139138200914
4,231,185e953d57699e678314593985abe20c62d7d129,cuda,1.0,1,0.5,gaussian,0.9297909818221579,64,standard normal at finite u_max,0.015051873602328902,0.00044341651612778143,full,0.0002844338761916539,8192,42406912,1.3000722942635434e-08,task_007/cell_0231,39,67108864,0.1694812886416912,3,completed,128,20.0,0.10040932906416788,0.004548870120136542
4,232,185e953d57699e678314593985abe20c62d7d129,cuda,1.0,1,0.5,gaussian,0.9999999999999984,64,standard normal at finite u_max,0.08182496498604999,0.009652493307733767,unweighted,0.9999999999999987,8192,42406912,1.3000722942635434e-08,task_008/cell_0232,0,67108864,0.1515466272830963,3,completed,128,20.0,0.37670573975393984,0.02148923446428921
4,233,185e953d57699e678314593985abe20c62d7d129,cuda,1.0,1,0.5,gaussian,0.9098834355731634,64,standard normal at finite u_max,0.1275730428821059,0.03198420213420483,naive,0.0001220703125,8192,5180928,1.3000722498546224e-08,task_009/cell_0233,52,4194304,0.20830366760492325,3,completed,128,20.0,0.29311218648210247,0.032286921777999966
4,234,185e953d57699e678314593985abe20c62d7d129,cuda,1.0,1,0.5,gaussian,0.7811771101241128,64,standard normal at finite u_max,0.11354958015604977,0.02944687896709075,unbiased,0.0001220703125,8192,5180928,1.3000722054457015e-08,task_010/cell_0234,52,4194304,0.2123672477900982,3,completed,128,20.0,0.07233904400168878,0.029493554633366323
4,235,185e953d57699e678314593985abe20c62d7d129,cuda,1.0,1,0.5,gaussian,0.9586086783272231,64,standard normal at finite u_max,0.02785642892256157,0.007333988388517287,cumulant,0.0001220703125,8192,5312000,1.300072227650162e-08,task_011/cell_0235,48,8388608,0.33958252519369125,3,completed,128,20.0,0.0617311867747915,0.007759162181343225
4,236,185e953d57699e678314593985abe20c62d7d129,cuda,1.0,1,0.5,gaussian,0.493738747710924,64,standard normal at finite u_max,0.06883701007921084,0.016546072892910546,cv,0.00018588239122654973,8192,5180928,1.3000722942635434e-08,task_012/cell_0236,40,4194304,0.2798863872885704,3,completed,128,20.0,0.1601888343153659,0.017721415842515676
4,237,185e953d57699e678314593985abe20c62d7d129,cuda,1.0,1,0.5,gaussian,0.938269210790155,64,standard normal at finite u_max,0.04776141485656077,0.008363528422545174,cv_cumulant,0.00012254146795776116,8192,5312000,1.300072227650162e-08,task_013/cell_0237,40,8388608,0.48005034029483795,3,completed,128,20.0,0.131663043642002,0.010944656148875655
4,238,185e953d57699e678314593985abe20c62d7d129,cuda,1.0,1,0.5,gaussian,0.9192470489822634,64,standard normal at finite u_max,0.04214305497485121,0.01065352972780731,full,0.0003293020877275093,8192,42406912,1.3000722054457015e-08,task_014/cell_0238,40,67108864,0.170235775411129,4,completed,128,20.0,0.06753104493430784,0.010731185518727412
4,239,185e953d57699e678314593985abe20c62d7d129,cuda,1.0,1,0.5,gaussian,0.9999999999999984,64,standard normal at finite u_max,0.08814729745915106,0.010823743948171649,unweighted,0.9999999999999987,8192,42406912,1.3000722942635434e-08,task_015/cell_0239,0,67108864,0.15994937345385551,4,completed,128,20.0,0.3863390778940242,0.02228856871509423
4,240,185e953d57699e678314593985abe20c62d7d129,cuda,1.0,1,0.5,gaussian,0.694497361554562,64,standard normal at finite u_max,0.19379831095585676,0.05592446154310382,naive,0.0001220703125,8192,5180928,1.300072272059083e-08,task_016/cell_0240,51,4194304,0.20533926784992218,4,completed,128,20.0,0.7193091650584429,0.055926236819421306
4,241,185e953d57699e678314593985abe20c62d7d129,cuda,1.0,1,0.5,gaussian,0.8982885662497812,64,standard normal at finite u_max,0.07711051143076109,0.016744252713380536,unbiased,0.0001220703125,8192,5180928,1.3000722054457015e-08,task_017/cell_0241,52,4194304,0.21031851693987846,4,completed,128,20.0,0.20096694885750377,0.017835001050458085
4,242,185e953d57699e678314593985abe20c62d7d129,cuda,1.0,1,0.5,gaussian,0.9634476367352364,64,standard normal at finite u_max,0.10419073206454321,0.021437597996417423,cumulant,0.0001220703125,8192,5312000,1.3000722498546224e-08,task_018/cell_0242,47,8388608,0.3421388044953346,4,completed,128,20.0,0.021248202791729787,0.021711188463796747
4,243,185e953d57699e678314593985abe20c62d7d129,cuda,1.0,1,0.5,gaussian,0.9425576202975171,64,standard normal at finite u_max,0.05655079701099497,0.016954382868664686,cv,0.0003100416164371199,8192,5180928,1.300072272059083e-08,task_019/cell_0243,42,4194304,0.28929244726896286,4,completed,128,20.0,0.09313585696301263,0.01707856472227111
4,244,185e953d57699e678314593985abe20c62d7d129,cuda,1.0,1,0.5,gaussian,0.5677511800074508,64,standard normal at finite u_max,0.09211999879883487,0.028083764644334153,cv_cumulant,0.00013572260905022707,8192,5312000,1.3000722498546224e-08,task_020/cell_0244,40,8388608,0.46683549508452415,4,completed,128,20.0,0.013547098511010658,0.028144677606237557
4,245,185e953d57699e678314593985abe20c62d7d129,cuda,1.0,1,0.5,gaussian,0.9736431262097782,64,standard normal at finite u_max,0.09615027532427045,0.027707978325210103,full,0.17778709997228925,8192,42406912,1.3000722942635434e-08,task_021/cell_0245,42,268435456,0.6178678683936596,0,completed,512,20.0,0.1322802828389411,0.027849978675606183
4,246,185e953d57699e678314593985abe20c62d7d129,cuda,1.0,1,0.5,gaussian,0.9999999999999984,64,standard normal at finite u_max,0.10600422366445184,0.01182373483133059,unweighted,0.9999999999999987,8192,42406912,1.3000722942635434e-08,task_022/cell_0246,0,268435456,0.57438575476408,0,completed,512,20.0,0.4633520139921502,0.027203302988153214
4,247,185e953d57699e678314593985abe20c62d7d129,cuda,1.0,1,0.5,gaussian,0.6919327784214556,64,standard normal at finite u_max,0.2603421382838837,0.07733668326897081,naive,0.00012750551872773119,8192,5180928,1.300072227650162e-08,task_023/cell_0247,136,16777216,0.7656111270189285,0,completed,512,20.0,0.03395893501168634,0.07733549745053907
4,248,185e953d57699e678314593985abe20c62d7d129,cuda,1.0,1,0.5,gaussian,0.8725104943810654,64,standard normal at finite u_max,0.15057214691681764,0.04228302749908153,unbiased,0.00023255232011229926,8192,5180928,1.3000722387523922e-08,task_024/cell_0248,139,16777216,0.817818321287632,0,completed,512,20.0,0.10311428902214637,0.0423801332848228
4,249,185e953d57699e678314593985abe20c62d7d129,cuda,1.0,1,0.5,gaussian,0.8397474595505531,64,standard normal at finite u_max,0.054753418919886915,0.005556963248250835,cumulant,0.00035197107750260895,8192,5312000,1.300072272059083e-08,task_025/cell_0249,95,33554432,1.2730174027383327,0,completed,512,20.0,0.2366793403274785,0.013057040256768775
4,250,185e953d57699e678314593985abe20c62d7d129,cuda,1.0,1,0.5,gaussian,0.843182907271324,64,standard normal at finite u_max,0.02600484391432767,0.007305319455455539,cv,0.2301019793467482,8192,5180928,1.3000722165479317e-08,task_026/cell_0250,38,16777216,1.046180672943592,0,completed,512,20.0,0.016257168692014767,0.007510353899308654
4,251,185e953d57699e678314593985abe20c62d7d129,cuda,1.0,1,0.5,gaussian,0.5302221956684688,64,standard normal at finite u_max,0.06960006307822747,0.016269987190487556,cv_cumulant,0.177426255126769,8192,5312000,1.3000722387523922e-08,task_027/cell_0251,40,33554432,1.8433466777205467,0,completed,512,20.0,0.16592818436285905,0.01709062908461164
4,252,185e953d57699e678314593985abe20c62d7d129,cuda,1.0,1,0.5,gaussian,0.5834077683917988,64,standard normal at finite u_max,0.03917075523551472,0.013189799793311141,full,0.13149813119614395,8192,42406912,1.3000722165479317e-08,task_000/cell_0252,43,268435456,0.6262670606374741,1,completed,512,20.0,0.028124242086446927,0.013229387790738378
4,253,185e953d57699e678314593985abe20c62d7d129,cuda,1.0,1,0.5,gaussian,0.9999999999999984,64,standard normal at finite u_max,0.09729088996861107,0.008081348217490847,unweighted,0.9999999999999987,8192,42406912,1.3000722942635434e-08,task_001/cell_0253,0,268435456,0.693196713924408,1,completed,512,20.0,0.465199463097242,0.026324672567468666
4,254,185e953d57699e678314593985abe20c62d7d129,cuda,1.0,1,0.5,gaussian,0.8435326557825075,64,standard normal at finite u_max,0.11996569444655308,0.030249323402831596,naive,0.00017989285218824162,8192,5180928,1.3000722498546224e-08,task_002/cell_0254,131,16777216,0.8122618868947029,1,completed,512,20.0,0.1545756220989406,0.030625587301396105
4,255,185e953d57699e678314593985abe20c62d7d129,cuda,1.0,1,0.5,gaussian,0.7079699672346046,64,standard normal at finite u_max,0.04958321141452965,0.011099681553875529,unbiased,0.0001600550301286058,8192,5180928,1.3000722165479317e-08,task_003/cell_0255,136,16777216,0.8074431046843529,1,completed,512,20.0,0.15163534504771703,0.011787244021281616
4,256,185e953d57699e678314593985abe20c62d7d129,cuda,1.0,1,0.5,gaussian,0.8838124105175545,64,standard normal at finite u_max,0.05946706348300709,0.009951867426145733,cumulant,0.00020330954280768946,8192,5312000,1.3000722387523922e-08,task_004/cell_0256,94,33554432,1.312648557126522,1,completed,512,20.0,0.2306806004320643,0.01378728024396333
4,257,185e953d57699e678314593985abe20c62d7d129,cuda,1.0,1,0.5,gaussian,0.964047411194909,64,standard normal at finite u_max,0.053778375394549605,0.014088823707192222,cv,0.15475860785570053,8192,5180928,1.300072272059083e-08,task_005/cell_0257,42,16777216,1.0379312708973885,1,completed,512,20.0,0.08624690984606542,0.014106283447112318
4,258,185e953d57699e678314593985abe20c62d7d129,cuda,1.0,1,0.5,gaussian,0.9564811837319491,64,standard normal at finite u_max,0.09743802415526231,0.029632501099160047,cv_cumulant,0.195354249687277,8192,5312000,1.300072227650162e-08,task_006/cell_0258,42,33554432,1.8739675097167492,1,completed,512,20.0,0.002451024022050885,0.029681132736564985
4,259,185e953d57699e678314593985abe20c62d7d129,cuda,1.0,1,0.5,gaussian,0.706749682029945,64,standard normal at finite u_max,0.015417906043932006,0.004689161453027557,full,0.2633897371058953,8192,42406912,1.3000722942635434e-08,task_007/cell_0259,40,268435456,0.6796718463301659,2,completed,512,20.0,3.483920813840413e-06,0.004898608622706211
4,260,185e953d57699e678314593985abe20c62d7d129,cuda,1.0,1,0.5,gaussian,0.9999999999999984,64,standard normal at finite u_max,0.10471704427259229,0.011657547196670448,unweighted,0.9999999999999987,8192,42406912,1.3000722942635434e-08,task_008/cell_0260,0,268435456,0.5884759649634361,2,completed,512,20.0,0.4616797131962417,0.02695944981350733
4,261,185e953d57699e678314593985abe20c62d7d129,cuda,1.0,1,0.5,gaussian,0.5131893074490761,64,standard normal at finite u_max,0.1516628998472377,0.04094695847620755,naive,0.00046107417088547223,8192,5180928,1.3000722498546224e-08,task_009/cell_0261,137,16777216,0.7908378839492798,2,completed,512,20.0,0.15504115072128377,0.040962034001271456
4,262,185e953d57699e678314593985abe20c62d7d129,cuda,1.0,1,0.5,gaussian,0.6405889116346051,64,standard normal at finite u_max,0.09855429462573262,0.02505409777195622,unbiased,0.00015178155307055005,8192,5180928,1.3000722498546224e-08,task_010/cell_0262,136,16777216,0.8038508147001266,2,completed,512,20.0,0.16126036131099342,0.025362350595091693
4,263,185e953d57699e678314593985abe20c62d7d129,cuda,1.0,1,0.5,gaussian,0.5105758169339841,64,standard normal at finite u_max,0.05060014878141461,0.007964816079612635,cumulant,0.002729051313917389,8192,5312000,1.3000722498546224e-08,task_011/cell_0263,101,33554432,1.3051676638424397,2,completed,512,20.0,0.2178851620664808,0.012292548902645533
4,264,185e953d57699e678314593985abe20c62d7d129,cuda,1.0,1,0.5,gaussian,0.9111484830358313,64,standard normal at finite u_max,0.017452994167042046,0.0033858448051528045,cv,0.17207212019687573,8192,5180928,1.3000722387523922e-08,task_012/cell_0264,42,16777216,1.046134926378727,2,completed,512,20.0,0.08023096847157885,0.004156794913962763
4,265,185e953d57699e678314593985abe20c62d7d129,cuda,1.0,1,0.5,gaussian,0.627088992803267,64,standard normal at finite u_max,0.06324271778333934,0.01796905536987725,cv_cumulant,0.14111718713629134,8192,5312000,1.3000722387523922e-08,task_013/cell_0265,43,33554432,1.8517433106899261,2,completed,512,20.0,0.11499827495140025,0.018236653063338253
4,266,185e953d57699e678314593985abe20c62d7d129,cuda,1.0,1,0.5,gaussian,0.6140904626961929,64,standard normal at finite u_max,0.06846795579880238,0.01644581961476388,full,0.2036170114117603,8192,42406912,1.3000722165479317e-08,task_014/cell_0266,40,268435456,0.6191536150872707,3,completed,512,20.0,0.09861984639062138,0.017172332227509413
4,267,185e953d57699e678314593985abe20c62d7d129,cuda,1.0,1,0.5,gaussian,0.9999999999999984,64,standard normal at finite u_max,0.10188416207442466,0.00922577514519285,unweighted,0.9999999999999987,8192,42406912,1.3000722942635434e-08,task_015/cell_0267,0,268435456,0.6107958666980267,3,completed,512,20.0,0.46649665149347175,0.026510839187220938
4,268,185e953d57699e678314593985abe20c62d7d129,cuda,1.0,1,0.5,gaussian,0.5580385833724765,64,standard normal at finite u_max,0.14838564538339116,0.0395139810184042,naive,0.00019189525860934195,8192,5180928,1.3000722942635434e-08,task_016/cell_0268,132,16777216,0.7737663835287094,3,completed,512,20.0,0.08352422916022939,0.039557462938721075
4,269,185e953d57699e678314593985abe20c62d7d129,cuda,1.0,1,0.5,gaussian,0.9156380569927488,64,standard normal at finite u_max,0.13550430481596099,0.03795538759942252,unbiased,0.00015298445986965386,8192,5180928,1.3000722165479317e-08,task_017/cell_0269,135,16777216,0.794484693557024,3,completed,512,20.0,0.009263844536598564,0.03796262181868092
4,270,185e953d57699e678314593985abe20c62d7d129,cuda,1.0,1,0.5,gaussian,0.733028802758843,64,standard normal at finite u_max,0.04317186479866311,0.0031378234825438778,cumulant,0.0007855899230237324,8192,5312000,1.300072272059083e-08,task_018/cell_0270,91,33554432,1.3110452815890312,3,completed,512,20.0,0.25289642969287685,0.012846044475081753
4,271,185e953d57699e678314593985abe20c62d7d129,cuda,1.0,1,0.5,gaussian,0.8861609708304574,64,standard normal at finite u_max,0.06359261719143444,0.01432051927037259,cv,0.24586705197893405,8192,5180928,1.300072272059083e-08,task_019/cell_0271,37,16777216,1.07587181776762,3,completed,512,20.0,0.19167434720069276,0.015423457271266554
4,272,185e953d57699e678314593985abe20c62d7d129,cuda,1.0,1,0.5,gaussian,0.6360954649874752,64,standard normal at finite u_max,0.02929543965770587,0.002643881905217693,cv_cumulant,0.18498286986924156,8192,5312000,1.300072272059083e-08,task_020/cell_0272,41,33554432,1.7893139123916626,3,completed,512,20.0,0.1705694127126942,0.008792448754717134
4,273,185e953d57699e678314593985abe20c62d7d129,cuda,1.0,1,0.5,gaussian,0.8989398324040607,64,standard normal at finite u_max,0.06146223966956205,0.014618078140820945,full,0.15157044346299195,8192,42406912,1.300072272059083e-08,task_021/cell_0273,43,268435456,0.6146646589040756,4,completed,512,20.0,0.13451866988821093,0.014702590156775289
4,274,185e953d57699e678314593985abe20c62d7d129,cuda,1.0,1,0.5,gaussian,0.9999999999999984,64,standard normal at finite u_max,0.09761813399226668,0.010068381583475117,unweighted,0.9999999999999987,8192,42406912,1.3000722942635434e-08,task_022/cell_0274,0,268435456,0.5749211609363556,4,completed,512,20.0,0.4528399853354539,0.02594966641011666
4,275,185e953d57699e678314593985abe20c62d7d129,cuda,1.0,1,0.5,gaussian,0.8017516429638322,64,standard normal at finite u_max,0.15612864875716942,0.04238682403803162,naive,0.00012244408491717272,8192,5180928,1.3000722498546224e-08,task_023/cell_0275,134,16777216,0.7621224597096443,4,completed,512,20.0,0.08019396369437348,0.042425913663580686
4,276,185e953d57699e678314593985abe20c62d7d129,cuda,1.0,1,0.5,gaussian,0.7814951903642496,64,standard normal at finite u_max,0.11690320785161229,0.03496244090294465,unbiased,0.00014196088918243127,8192,5180928,1.3000722498546224e-08,task_024/cell_0276,138,16777216,0.8113819174468517,4,completed,512,20.0,0.11485982072276146,0.03503914428251059
4,277,185e953d57699e678314593985abe20c62d7d129,cuda,1.0,1,0.5,gaussian,0.5896383198101299,64,standard normal at finite u_max,0.05138029549432435,0.007190473315771495,cumulant,0.0066105245327555545,8192,5312000,1.3000722498546224e-08,task_025/cell_0277,92,33554432,1.2679750882089138,4,completed,512,20.0,0.2201187767542625,0.012528750267914307
4,278,185e953d57699e678314593985abe20c62d7d129,cuda,1.0,1,0.5,gaussian,0.9116929934550906,64,standard normal at finite u_max,0.1116035133132754,0.026512851955604155,cv,0.18801862318590445,8192,5180928,1.300072272059083e-08,task_026/cell_0278,44,16777216,1.0685555338859558,4,completed,512,20.0,0.2056948494131322,0.027244904268372536
4,279,185e953d57699e678314593985abe20c62d7d129,cuda,1.0,1,0.5,gaussian,0.6729172197586806,64,standard normal at finite u_max,0.03527102378838083,0.006433133537829816,cv_cumulant,0.16277120551642293,8192,5312000,1.300072227650162e-08,task_027/cell_0279,39,33554432,1.841994971036911,4,completed,512,20.0,0.12549925098787507,0.007435600641214136
4,280,185e953d57699e678314593985abe20c62d7d129,cuda,1.0,1,0.5,gaussian,0.9999524825034529,64,standard normal at finite u_max,0.06491229332687931,0.015312865033155432,full,0.4166401017873274,8192,42406912,1.3000722942635434e-08,task_000/cell_0280,39,1073741824,2.4011178016662598,0,completed,2048,20.0,0.17330621500644416,0.01584438418354909
4,281,185e953d57699e678314593985abe20c62d7d129,cuda,1.0,1,0.5,gaussian,0.9999999999999984,64,standard normal at finite u_max,0.10092549631371325,0.009961915083485207,unweighted,0.9999999999999987,8192,42406912,1.3000722942635434e-08,task_001/cell_0281,0,1073741824,2.3198138251900673,0,completed,2048,20.0,0.46948253361593617,0.026575245227650892
4,282,185e953d57699e678314593985abe20c62d7d129,cuda,1.0,1,0.5,gaussian,0.8626260009114111,64,standard normal at finite u_max,0.2820924620790306,0.0769380661986766,naive,0.14209598801854634,8192,5180928,1.3000722498546224e-08,task_002/cell_0282,83,67108864,3.050063006579876,0,completed,2048,20.0,0.22811090114571397,0.07695461266915356
4,283,185e953d57699e678314593985abe20c62d7d129,cuda,1.0,1,0.5,gaussian,0.6161184526638063,64,standard normal at finite u_max,0.12722759373902698,0.03737386710973545,unbiased,0.22169306814091513,8192,5180928,1.3000722498546224e-08,task_003/cell_0283,78,67108864,3.0404970198869705,0,completed,2048,20.0,0.1023003989568173,0.03739311237086478
4,284,185e953d57699e678314593985abe20c62d7d129,cuda,1.0,1,0.5,gaussian,0.8728343333547941,64,standard normal at finite u_max,0.04128316090866707,0.006197653691526472,cumulant,0.18819738827498672,8192,5312000,1.300072227650162e-08,task_004/cell_0284,42,134217728,5.087369427084923,0,completed,2048,20.0,0.19790701779495712,0.010364597007199603
4,285,185e953d57699e678314593985abe20c62d7d129,cuda,1.0,1,0.5,gaussian,0.9997818368940538,64,standard normal at finite u_max,0.08121881165261952,0.02222302604529225,cv,0.3666517772299784,8192,5180928,1.300072227650162e-08,task_005/cell_0285,41,67108864,4.07471764087677,0,completed,2048,20.0,0.15688598341038063,0.022602812071562554
4,286,185e953d57699e678314593985abe20c62d7d129,cuda,1.0,1,0.5,gaussian,0.7453631169279706,64,standard normal at finite u_max,0.0335328962429082,0.005679161781561914,cv_cumulant,0.347170822493019,8192,5312000,1.300072227650162e-08,task_006/cell_0286,40,134217728,7.420563213527203,0,completed,2048,20.0,0.1571159686815764,0.008081946072368406
4,287,185e953d57699e678314593985abe20c62d7d129,cuda,1.0,1,0.5,gaussian,0.9898684301841697,64,standard normal at finite u_max,0.04754247391670707,0.006275027696291735,full,0.3743639108465475,8192,42406912,1.3000722054457015e-08,task_007/cell_0287,41,1073741824,2.345643673092127,1,completed,2048,20.0,0.1539167397598098,0.010487059510260894
4,288,185e953d57699e678314593985abe20c62d7d129,cuda,1.0,1,0.5,gaussian,0.9999999999999984,64,standard normal at finite u_max,0.10706252912379881,0.010761545664854877,unweighted,0.9999999999999987,8192,42406912,1.3000722942635434e-08,task_008/cell_0288,0,1073741824,2.309197098016739,1,completed,2048,20.0,0.47698591908937527,0.027471030909543098
4,289,185e953d57699e678314593985abe20c62d7d129,cuda,1.0,1,0.5,gaussian,0.9993124105353489,64,standard normal at finite u_max,0.2880926199667105,0.08055711622513861,naive,0.24944846597304185,8192,5180928,1.3000722942635434e-08,task_009/cell_0289,84,67108864,2.972318395972252,1,completed,2048,20.0,0.14790129532730156,0.08056857172271048
4,290,185e953d57699e678314593985abe20c62d7d129,cuda,1.0,1,0.5,gaussian,0.9813997084175093,64,standard normal at finite u_max,0.05096190254228411,0.012300499136775889,unbiased,0.22458399351453526,8192,5180928,1.3000722942635434e-08,task_010/cell_0290,87,67108864,3.0012214332818985,1,completed,2048,20.0,0.11713194043481501,0.012648395156596229
4,291,185e953d57699e678314593985abe20c62d7d129,cuda,1.0,1,0.5,gaussian,0.7024281115259637,64,standard normal at finite u_max,0.03502158065760719,0.0038241134475299754,cumulant,0.4143746462318971,8192,5312000,1.3000722942635434e-08,task_011/cell_0291,42,134217728,5.01708621904254,1,completed,2048,20.0,0.21756995383136757,0.011133488143413998
4,292,185e953d57699e678314593985abe20c62d7d129,cuda,1.0,1,0.5,gaussian,0.7250624117605037,64,standard normal at finite u_max,0.06626325375409897,0.01397028540069456,cv,0.39208682234459147,8192,5180928,1.300072272059083e-08,task_012/cell_0292,41,67108864,4.121244877576828,1,completed,2048,20.0,0.18879523102454798,0.014677409563402534
4,293,185e953d57699e678314593985abe20c62d7d129,cuda,1.0,1,0.5,gaussian,0.6981672081835877,64,standard normal at finite u_max,0.06724083946417209,0.016778537658197257,cv_cumulant,0.41377925377710223,8192,5312000,1.3000722387523922e-08,task_013/cell_0293,45,134217728,7.357771955430508,1,completed,2048,20.0,0.1540137153339307,0.016968494150534974
4,294,185e953d57699e678314593985abe20c62d7d129,cuda,1.0,1,0.5,gaussian,0.9455588943175905,64,standard normal at finite u_max,0.06648791654832692,0.017203033259677203,full,0.39553821945870465,8192,42406912,1.3000722387523922e-08,task_014/cell_0294,41,1073741824,2.4262920543551445,2,completed,2048,20.0,0.16122840663164173,0.017584751762525542
4,295,185e953d57699e678314593985abe20c62d7d129,cuda,1.0,1,0.5,gaussian,0.9999999999999984,64,standard normal at finite u_max,0.10855100517570639,0.010916882270187944,unweighted,0.9999999999999987,8192,42406912,1.3000722942635434e-08,task_015/cell_0295,0,1073741824,2.480562712997198,2,completed,2048,20.0,0.4790672662101968,0.027926352973632385
4,296,185e953d57699e678314593985abe20c62d7d129,cuda,1.0,1,0.5,gaussian,0.8674879080449969,64,standard normal at finite u_max,0.1266557438532896,0.030376602668962582,naive,0.15363238230958698,8192,5180928,1.3000722387523922e-08,task_016/cell_0296,81,67108864,2.925491325557232,2,completed,2048,20.0,0.10516993277078113,0.030422388529310947
4,297,185e953d57699e678314593985abe20c62d7d129,cuda,1.0,1,0.5,gaussian,0.7994067827587549,64,standard normal at finite u_max,0.1342577305428989,0.03734754791103545,unbiased,0.33429760065490377,8192,5180928,1.300072272059083e-08,task_017/cell_0297,85,67108864,2.9934374429285526,2,completed,2048,20.0,0.13415300936523855,0.037533681532170245
4,298,185e953d57699e678314593985abe20c62d7d129,cuda,1.0,1,0.5,gaussian,0.8564297152542885,64,standard normal at finite u_max,0.02587557656557493,0.0013637863151316765,cumulant,0.3723371752610204,8192,5312000,1.3000722942635434e-08,task_018/cell_0298,42,134217728,5.096908137202263,2,completed,2048,20.0,0.1213032493367614,0.007067137746372593
4,299,185e953d57699e678314593985abe20c62d7d129,cuda,1.0,1,0.5,gaussian,0.9998254932341091,64,standard normal at finite u_max,0.047702384558679645,0.008199075912114884,cv,0.39319056384515366,8192,5180928,1.3000721721390107e-08,task_019/cell_0299,41,67108864,4.246053263545036,2,completed,2048,20.0,0.1335918738958266,0.00979134987388404
4,300,185e953d57699e678314593985abe20c62d7d129,cuda,1.0,1,0.5,gaussian,0.547865415725038,64,standard normal at finite u_max,0.042026686311052,0.007792830091692737,cv_cumulant,0.4180482277139969,8192,5312000,1.300072272059083e-08,task_020/cell_0300,40,134217728,7.055246077477932,2,completed,2048,20.0,0.17860474884505717,0.011253809480290138
4,301,185e953d57699e678314593985abe20c62d7d129,cuda,1.0,1,0.5,gaussian,0.8917756446165668,64,standard normal at finite u_max,0.04830482320458379,0.009607417999048184,full,0.30992768451188857,8192,42406912,1.3000722387523922e-08,task_021/cell_0301,45,1073741824,2.379133813083172,3,completed,2048,20.0,0.18964565910494813,0.012319916901292291
4,302,185e953d57699e678314593985abe20c62d7d129,cuda,1.0,1,0.5,gaussian,0.9999999999999984,64,standard normal at finite u_max,0.10775189361760287,0.009417087860319695,unweighted,0.9999999999999987,8192,42406912,1.3000722942635434e-08,task_022/cell_0302,0,1073741824,2.2943749502301216,3,completed,2048,20.0,0.488403272968871,0.028047764968330308
4,303,185e953d57699e678314593985abe20c62d7d129,cuda,1.0,1,0.5,gaussian,0.6579432742769729,64,standard normal at finite u_max,0.2140499070533194,0.05979441492266746,naive,0.18288190244413374,8192,5180928,1.300072227650162e-08,task_023/cell_0303,82,67108864,2.87460445612669,3,completed,2048,20.0,0.10238747730466746,0.05981515956884709
4,304,185e953d57699e678314593985abe20c62d7d129,cuda,1.0,1,0.5,gaussian,0.8598308302775487,64,standard normal at finite u_max,0.024314357063518977,0.001681671233015214,unbiased,0.2715419667968795,8192,5180928,1.3000722054457015e-08,task_024/cell_0304,76,67108864,3.057743612676859,3,completed,2048,20.0,0.1641543101854096,0.008011822939176516
4,305,185e953d57699e678314593985abe20c62d7d129,cuda,1.0,1,0.5,gaussian,0.8620962163706148,64,standard normal at finite u_max,0.044164214396354096,0.008394836245628534,cumulant,0.4343453020940266,8192,5312000,1.3000722498546224e-08,task_025/cell_0305,40,134217728,4.941945891827345,3,completed,2048,20.0,0.1450636776160038,0.010111281502113517
4,306,185e953d57699e678314593985abe20c62d7d129,cuda,1.0,1,0.5,gaussian,0.670975358554306,64,standard normal at finite u_max,0.04661112949466692,0.006561856356049889,cv,0.4391724565441402,8192,5180928,1.3000722942635434e-08,task_026/cell_0306,37,67108864,4.195382125675678,3,completed,2048,20.0,0.22099473380802925,0.012419433423458016
4,307,185e953d57699e678314593985abe20c62d7d129,cuda,1.0,1,0.5,gaussian,0.867173436204409,64,standard normal at finite u_max,0.12225524248682224,0.0303215973995824,cv_cumulant,0.36598650663271426,8192,5312000,1.3000722498546224e-08,task_027/cell_0307,51,134217728,7.306169055402279,3,completed,2048,20.0,0.20097639499147213,0.030776653600084917
4,308,185e953d57699e678314593985abe20c62d7d129,cuda,1.0,1,0.5,gaussian,0.7323335008463197,64,standard normal at finite u_max,0.16189228444161358,0.0466311067207712,full,0.4189417814818655,8192,42406912,1.300072272059083e-08,task_000/cell_0308,44,1073741824,2.3935413882136345,4,completed,2048,20.0,0.03859587660871078,0.04672801038234471
4,309,185e953d57699e678314593985abe20c62d7d129,cuda,1.0,1,0.5,gaussian,0.9999999999999984,64,standard normal at finite u_max,0.10740162162460384,0.010955940619541416,unweighted,0.9999999999999987,8192,42406912,1.3000722942635434e-08,task_001/cell_0309,0,1073741824,2.310303844511509,4,completed,2048,20.0,0.48296756854531786,0.028178635305823204
4,310,185e953d57699e678314593985abe20c62d7d129,cuda,1.0,1,0.5,gaussian,0.5622282006320538,64,standard normal at finite u_max,0.4938494579467917,0.1472429357883599,naive,0.2661682680976972,8192,5180928,1.3000722942635434e-08,task_002/cell_0310,89,67108864,3.058932401239872,4,completed,2048,20.0,0.1934522034346251,0.14724536843468009
4,311,185e953d57699e678314593985abe20c62d7d129,cuda,1.0,1,0.5,gaussian,0.6489380854014416,64,standard normal at finite u_max,0.11403339040310534,0.02976434751781809,unbiased,0.10554043650621013,8192,5180928,1.300072227650162e-08,task_003/cell_0311,83,67108864,3.047544565051794,4,completed,2048,20.0,0.2054440320424734,0.03018164073480829
4,312,185e953d57699e678314593985abe20c62d7d129,cuda,1.0,1,0.5,gaussian,0.5419673512073221,64,standard normal at finite u_max,0.06725192052461168,0.014686312821029723,cumulant,0.4006651800958919,8192,5312000,1.3000722942635434e-08,task_004/cell_0312,43,134217728,5.103293754160404,4,completed,2048,20.0,0.19216484790374033,0.016201563056032847
4,313,185e953d57699e678314593985abe20c62d7d129,cuda,1.0,1,0.5,gaussian,0.89626219549859,64,standard normal at finite u_max,0.10915342770815845,0.027890513937129935,cv,0.40667468969524484,8192,5180928,1.3000722387523922e-08,task_005/cell_0313,42,67108864,4.077061951160431,4,completed,2048,20.0,0.16655451456036063,0.028431836953282844
4,314,185e953d57699e678314593985abe20c62d7d129,cuda,1.0,1,0.5,gaussian,0.831450953552796,64,standard normal at finite u_max,0.051505356806956254,0.014964227553532883,cv_cumulant,0.42083180715821106,8192,5312000,1.3000722165479317e-08,task_006/cell_0314,40,134217728,7.44337510690093,4,completed,2048,20.0,0.09947450599277718,0.014983177724767833
4,315,185e953d57699e678314593985abe20c62d7d129,cuda,1.0,8,0.5,gaussian,0.7041871697343637,64,standard normal at finite u_max,0.056766185242800596,0.01222801095569942,full,0.00012410119969608207,8192,337420288,1.3000722498546224e-08,task_007/cell_0315,48,67108864,0.5080034658312798,0,completed,128,20.0,0.15500836552255093,0.01443998495279868
4,316,185e953d57699e678314593985abe20c62d7d129,cuda,1.0,8,0.5,gaussian,0.9999999999999984,64,standard normal at finite u_max,0.08574273209397251,0.010371775645369452,unweighted,0.9999999999999987,8192,337420288,1.3000722942635434e-08,task_008/cell_0316,0,67108864,0.48860883712768555,0,completed,128,20.0,0.37776729242525287,0.02149321141362707
4,317,185e953d57699e678314593985abe20c62d7d129,cuda,1.0,8,0.5,gaussian,0.007511590059874085,64,standard normal at finite u_max,0.49790267794857956,0.08014716164076544,naive,0.0001220703125,8192,37777408,1.3000721943434712e-08,task_009/cell_0317,68,4194304,0.21798238903284073,0,completed,128,20.0,0.7987420209655824,0.0974800404868411
4,318,185e953d57699e678314593985abe20c62d7d129,cuda,1.0,8,0.5,gaussian,0.012386820583372317,64,standard normal at finite u_max,0.2759633009073836,0.035071444423620174,unbiased,0.0001220703125,8192,37777408,1.3000722387523922e-08,task_010/cell_0318,68,4194304,0.22063560411334038,0,completed,128,20.0,0.6687234892500749,0.05229043688442491
4,319,185e953d57699e678314593985abe20c62d7d129,cuda,1.0,8,0.5,gaussian,0.022910510525994857,64,standard normal at finite u_max,0.3162958114806501,0.04821923892912848,cumulant,0.0001220703125,8192,38367232,1.3000722165479317e-08,task_011/cell_0319,66,8388608,0.34797780588269234,0,completed,128,20.0,0.702910481647262,0.07123430128472505
4,320,185e953d57699e678314593985abe20c62d7d129,cuda,1.0,8,0.5,gaussian,0.7282784714036408,64,standard normal at finite u_max,0.0850502865623945,0.019812981854099687,cv,0.00012208548346847827,8192,37777408,1.3000722054457015e-08,task_012/cell_0320,50,4194304,0.28491611778736115,0,completed,128,20.0,0.18907679427769095,0.021837267570772555
4,321,185e953d57699e678314593985abe20c62d7d129,cuda,1.0,8,0.5,gaussian,0.6921169388452751,64,standard normal at finite u_max,0.08118132777969361,0.019341265384146433,cv_cumulant,0.00012531917755015322,8192,38367232,1.3000722942635434e-08,task_013/cell_0321,49,8388608,0.49075815081596375,0,completed,128,20.0,0.14368460190560983,0.0204647459045774
4,322,185e953d57699e678314593985abe20c62d7d129,cuda,1.0,8,0.5,gaussian,0.6498193296289446,64,standard normal at finite u_max,0.08787980363611717,0.02118639661220713,full,0.0001221674678314705,8192,337420288,1.300072227650162e-08,task_014/cell_0322,44,67108864,0.5145224370062351,1,completed,128,20.0,0.1463353746915047,0.022320590169000922
4,323,185e953d57699e678314593985abe20c62d7d129,cuda,1.0,8,0.5,gaussian,0.9999999999999984,64,standard normal at finite u_max,0.08445081905010698,0.010013742022084243,unweighted,0.9999999999999987,8192,337420288,1.3000722942635434e-08,task_015/cell_0323,0,67108864,0.5010913722217083,1,completed,128,20.0,0.37920024032779365,0.021757415481352394
4,324,185e953d57699e678314593985abe20c62d7d129,cuda,1.0,8,0.5,gaussian,0.00899984757163026,64,standard normal at finite u_max,0.3962944594991683,0.07958255594438382,naive,0.0001220703125,8192,37777408,1.3000722387523922e-08,task_016/cell_0324,68,4194304,0.21691837161779404,1,completed,128,20.0,0.6498372189946523,0.08558806188168044
4,325,185e953d57699e678314593985abe20c62d7d129,cuda,1.0,8,0.5,gaussian,0.006843798348218233,64,standard normal at finite u_max,0.29325347782381045,0.04453244484332834,unbiased,0.0001220703125,8192,37777408,1.3000722498546224e-08,task_017/cell_0325,68,4194304,0.21964582800865173,1,completed,128,20.0,0.6930306631578735,0.06605863045661049
4,326,185e953d57699e678314593985abe20c62d7d129,cuda,1.0,8,0.5,gaussian,0.0027821369776606622,64,standard normal at finite u_max,0.5263145942087621,0.08858029783554132,cumulant,0.0001220703125,8192,38367232,1.3000722498546224e-08,task_018/cell_0326,66,8388608,0.3560352176427841,1,completed,128,20.0,0.8455738973317815,0.10619011253078328
4,327,185e953d57699e678314593985abe20c62d7d129,cuda,1.0,8,0.5,gaussian,0.6599693570169062,64,standard normal at finite u_max,0.09846830309554433,0.02370591442359056,cv,0.00012420954689746296,8192,37777408,1.3000722165479317e-08,task_019/cell_0327,50,4194304,0.2965611480176449,1,completed,128,20.0,0.15728555507175315,0.02531671338094396
4,328,185e953d57699e678314593985abe20c62d7d129,cuda,1.0,8,0.5,gaussian,0.5403302329298584,64,standard normal at finite u_max,0.08825191655597939,0.021921896509164984,cv_cumulant,0.0001232530168569826,8192,38367232,1.3000722942635434e-08,task_020/cell_0328,49,8388608,0.47036199271678925,1,completed,128,20.0,0.17029324264301765,0.024445342121040554
4,329,185e953d57699e678314593985abe20c62d7d129,cuda,1.0,8,0.5,gaussian,0.6831926068736088,64,standard normal at finite u_max,0.04520553619339756,0.008444449988903938,full,0.000122886868464678,8192,337420288,1.3000722498546224e-08,task_021/cell_0329,51,67108864,0.5056452862918377,2,completed,128,20.0,0.14814815665871772,0.011167956452070402
4,330,185e953d57699e678314593985abe20c62d7d129,cuda,1.0,8,0.5,gaussian,0.9999999999999984,64,standard normal at finite u_max,0.08593067976501625,0.010872205332031246,unweighted,0.9999999999999987,8192,337420288,1.3000722942635434e-08,task_022/cell_0330,0,67108864,0.48755207657814026,2,completed,128,20.0,0.3759679333432378,0.02166271457519479
4,331,185e953d57699e678314593985abe20c62d7d129,cuda,1.0,8,0.5,gaussian,0.013947692269191006,64,standard normal at finite u_max,0.23322785903141807,0.033125303765151576,naive,0.0001220703125,8192,37777408,1.3000722498546224e-08,task_023/cell_0331,68,4194304,0.21087796986103058,2,completed,128,20.0,0.5810759144084163,0.048109623828232216
4,332,185e953d57699e678314593985abe20c62d7d129,cuda,1.0,8,0.5,gaussian,0.010541060525558832,64,standard normal at finite u_max,0.2371278319825394,0.03306248650265506,unbiased,0.0001220703125,8192,37777408,1.300072227650162e-08,task_024/cell_0332,68,4194304,0.22640562057495117,2,completed,128,20.0,0.5626876918803143,0.047905433349097824
4,333,185e953d57699e678314593985abe20c62d7d129,cuda,1.0,8,0.5,gaussian,0.009773952750835705,64,standard normal at finite u_max,0.41606069582966,0.0745042189012979,cumulant,0.0001220703125,8192,38367232,1.300072227650162e-08,task_025/cell_0333,66,8388608,0.3430422358214855,2,completed,128,20.0,0.7973312800293645,0.09811569600019242
4,334,185e953d57699e678314593985abe20c62d7d129,cuda,1.0,8,0.5,gaussian,0.7031620698323559,64,standard normal at finite u_max,0.05824960379477015,0.011268998864847668,cv,0.00012370178349807928,8192,37777408,1.300072272059083e-08,task_026/cell_0334,49,4194304,0.36383023113012314,2,completed,128,20.0,0.19347474166395168,0.015233765710887356
4,335,185e953d57699e678314593985abe20c62d7d129,cuda,1.0,8,0.5,gaussian,0.6415068080574201,64,standard normal at finite u_max,0.06681016988761254,0.015485265425314296,cv_cumulant,0.000126505602639158,8192,38367232,1.3000722498546224e-08,task_027/cell_0335,48,8388608,0.4856434613466263,2,completed,128,20.0,0.1482621633565202,0.01689984487062945
4,336,185e953d57699e678314593985abe20c62d7d129,cuda,1.0,8,0.5,gaussian,0.6695341607738062,64,standard normal at finite u_max,0.05352528238430418,0.012586541923119782,full,0.00014610555703386798,8192,337420288,1.3000722165479317e-08,task_000/cell_0336,49,67108864,0.5102496072649956,3,completed,128,20.0,0.14361121932017132,0.014320468539581889
4,337,185e953d57699e678314593985abe20c62d7d129,cuda,1.0,8,0.5,gaussian,0.9999999999999984,64,standard normal at finite u_max,0.08412740942865973,0.009998945077155555,unweighted,0.9999999999999987,8192,337420288,1.3000722942635434e-08,task_001/cell_0337,0,67108864,0.4833148792386055,3,completed,128,20.0,0.37911344647769496,0.02174178094662121
4,338,185e953d57699e678314593985abe20c62d7d129,cuda,1.0,8,0.5,gaussian,0.014095546609108047,64,standard normal at finite u_max,0.3505814118800031,0.052511391218028766,naive,0.0001220703125,8192,37777408,1.3000722387523922e-08,task_002/cell_0338,68,4194304,0.22484158724546432,3,completed,128,20.0,0.7352418871154691,0.06624442167638317
4,339,185e953d57699e678314593985abe20c62d7d129,cuda,1.0,8,0.5,gaussian,0.00492388318707034,64,standard normal at finite u_max,0.3997466624067676,0.07173044722716028,unbiased,0.0001220703125,8192,37777408,1.300072272059083e-08,task_003/cell_0339,68,4194304,0.2268069088459015,3,completed,128,20.0,0.6957982589101728,0.08790302341963319
4,340,185e953d57699e678314593985abe20c62d7d129,cuda,1.0,8,0.5,gaussian,0.006211877517674354,64,standard normal at finite u_max,0.4239023554477002,0.04708043531313455,cumulant,0.0001220703125,8192,38367232,1.3000722498546224e-08,task_004/cell_0340,66,8388608,0.35116273164749146,3,completed,128,20.0,0.8777979772125695,0.08044943438343297
4,341,185e953d57699e678314593985abe20c62d7d129,cuda,1.0,8,0.5,gaussian,0.7033772577265203,64,standard normal at finite u_max,0.06184390919269889,0.013745458208388905,cv,0.00012207061750223638,8192,37777408,1.3000722942635434e-08,task_005/cell_0341,48,4194304,0.28167612105607986,3,completed,128,20.0,0.16016610854684835,0.015675838054822713
4,342,185e953d57699e678314593985abe20c62d7d129,cuda,1.0,8,0.5,gaussian,0.6975153793482668,64,standard normal at finite u_max,0.04955916880901577,0.009770593323314758,cv_cumulant,0.00012234372270807933,8192,38367232,1.3000722498546224e-08,task_006/cell_0342,50,8388608,0.498868178576231,3,completed,128,20.0,0.15632951602674725,0.012375482084195262
4,343,185e953d57699e678314593985abe20c62d7d129,cuda,1.0,8,0.5,gaussian,0.6408719225222109,64,standard normal at finite u_max,0.09241868090244171,0.02326240150005747,full,0.0003806333680658797,8192,337420288,1.300072272059083e-08,task_007/cell_0343,49,67108864,0.5105963386595249,4,completed,128,20.0,0.1313623027059368,0.02575296423262524
4,344,185e953d57699e678314593985abe20c62d7d129,cuda,1.0,8,0.5,gaussian,0.9999999999999984,64,standard normal at finite u_max,0.08605320774380848,0.01072359757852441,unweighted,0.9999999999999987,8192,337420288,1.3000722942635434e-08,task_008/cell_0344,0,67108864,0.49156659096479416,4,completed,128,20.0,0.38010854766903157,0.021944142780480277
4,345,185e953d57699e678314593985abe20c62d7d129,cuda,1.0,8,0.5,gaussian,0.008128315472256904,64,standard normal at finite u_max,0.4666306429291397,0.07270270883440996,naive,0.0001220703125,8192,37777408,1.300072316468004e-08,task_009/cell_0345,68,4194304,0.22007586061954498,4,completed,128,20.0,0.8018252686564342,0.09391748420926006
4,346,185e953d57699e678314593985abe20c62d7d129,cuda,1.0,8,0.5,gaussian,0.00706555861382801,64,standard normal at finite u_max,0.4731155755048324,0.07266044715417275,unbiased,0.0001220703125,8192,37777408,1.3000722054457015e-08,task_010/cell_0346,68,4194304,0.22246871516108513,4,completed,128,20.0,0.8136605530459833,0.09486718356135913
4,347,185e953d57699e678314593985abe20c62d7d129,cuda,1.0,8,0.5,gaussian,0.0037099727536943437,64,standard normal at finite u_max,0.4201457982544984,0.05109777577679417,cumulant,0.0001220703125,8192,38367232,1.3000722498546224e-08,task_011/cell_0347,66,8388608,0.35110289976000786,4,completed,128,20.0,0.8354082294743992,0.0779474100990678
4,348,185e953d57699e678314593985abe20c62d7d129,cuda,1.0,8,0.5,gaussian,0.9810115212270102,64,standard normal at finite u_max,0.07875826176061607,0.018267540318004233,cv,0.00012231782011354293,8192,37777408,1.300072316468004e-08,task_012/cell_0348,47,4194304,0.28571759164333344,4,completed,128,20.0,0.17485247891535666,0.021072373340075938
4,349,185e953d57699e678314593985abe20c62d7d129,cuda,1.0,8,0.5,gaussian,0.6198602618731859,64,standard normal at finite u_max,0.0905332541097093,0.02304556267018544,cv_cumulant,0.0001400172167726447,8192,38367232,1.3000722498546224e-08,task_013/cell_0349,48,8388608,0.48829253762960434,4,completed,128,20.0,0.14719518675582563,0.02415684002827152
4,350,185e953d57699e678314593985abe20c62d7d129,cuda,1.0,8,0.5,gaussian,0.6606501767410249,64,standard normal at finite u_max,0.04401941843438208,0.0067056823592079595,full,0.07798775354116305,8192,337420288,1.3000722942635434e-08,task_014/cell_0350,83,268435456,1.938072968274355,0,completed,512,20.0,0.19679396134348343,0.011608554138527743
4,351,185e953d57699e678314593985abe20c62d7d129,cuda,1.0,8,0.5,gaussian,0.9999999999999984,64,standard normal at finite u_max,0.10262160216581737,0.010208696619997903,unweighted,0.9999999999999987,8192,337420288,1.3000722942635434e-08,task_015/cell_0351,0,268435456,1.9189390763640404,0,completed,512,20.0,0.46561068185919674,0.02683934502735435
4,352,185e953d57699e678314593985abe20c62d7d129,cuda,1.0,8,0.5,gaussian,0.5238838142718226,64,standard normal at finite u_max,0.1782399586113419,0.03573944870069634,naive,0.00012240174063566498,8192,37777408,1.3000722498546224e-08,task_016/cell_0352,228,16777216,0.8247751444578171,0,completed,512,20.0,0.43190841639422395,0.045037778377996926
4,353,185e953d57699e678314593985abe20c62d7d129,cuda,1.0,8,0.5,gaussian,0.8128310126051048,64,standard normal at finite u_max,0.20949684015454392,0.04158760781636277,unbiased,0.000123681514065612,8192,37777408,1.3000722498546224e-08,task_017/cell_0353,231,16777216,0.8440746888518333,0,completed,512,20.0,0.48988412067193843,0.05012277849366051
4,354,185e953d57699e678314593985abe20c62d7d129,cuda,1.0,8,0.5,gaussian,0.5385549305411328,64,standard normal at finite u_max,0.19421166674875892,0.03857751760650653,cumulant,0.00012209109806925753,8192,38367232,1.300072227650162e-08,task_018/cell_0354,206,33554432,1.3678364157676697,0,completed,512,20.0,0.469425709164252,0.0467630116655957
4,355,185e953d57699e678314593985abe20c62d7d129,cuda,1.0,8,0.5,gaussian,0.8422080396950578,64,standard normal at finite u_max,0.06025772990145542,0.012396574591994627,cv,0.05233451727056624,8192,37777408,1.300072227650162e-08,task_019/cell_0355,86,16777216,1.113896831870079,0,completed,512,20.0,0.186131884057752,0.016161145747816987
4,356,185e953d57699e678314593985abe20c62d7d129,cuda,1.0,8,0.5,gaussian,0.628649360578679,64,standard normal at finite u_max,0.14266348641636478,0.03358851088143769,cv_cumulant,0.05514912845237321,8192,38367232,1.3000722498546224e-08,task_020/cell_0356,86,33554432,1.825215831398964,0,completed,512,20.0,0.24542039076050953,0.0371085522624921
4,357,185e953d57699e678314593985abe20c62d7d129,cuda,1.0,8,0.5,gaussian,0.9948607939665663,64,standard normal at finite u_max,0.05725700111274917,0.012354033460863376,full,0.08287215449496663,8192,337420288,1.300072272059083e-08,task_021/cell_0357,80,268435456,1.913645964115858,1,completed,512,20.0,0.18567200762959904,0.015106428569018717
4,358,185e953d57699e678314593985abe20c62d7d129,cuda,1.0,8,0.5,gaussian,0.9999999999999984,64,standard normal at finite u_max,0.0985867307468342,0.009321317684456223,unweighted,0.9999999999999987,8192,337420288,1.3000722942635434e-08,task_022/cell_0358,0,268435456,1.8945652693510056,1,completed,512,20.0,0.46255553972994246,0.02648245321649839
4,359,185e953d57699e678314593985abe20c62d7d129,cuda,1.0,8,0.5,gaussian,0.5396428681188247,64,standard normal at finite u_max,0.14628343248641235,0.02542898923993936,naive,0.0001244490165824518,8192,37777408,1.300072227650162e-08,task_023/cell_0359,229,16777216,0.808854803442955,1,completed,512,20.0,0.4610916496426109,0.033571935606817774
4,360,185e953d57699e678314593985abe20c62d7d129,cuda,1.0,8,0.5,gaussian,0.9849622611334328,64,standard normal at finite u_max,0.16168567055090965,0.02907251940491823,unbiased,0.0001223043235169254,8192,37777408,1.300072183241241e-08,task_024/cell_0360,233,16777216,0.8662200607359409,1,completed,512,20.0,0.4052235545660201,0.03771706543097564
4,361,185e953d57699e678314593985abe20c62d7d129,cuda,1.0,8,0.5,gaussian,0.7730345150611193,64,standard normal at finite u_max,0.26448105446450476,0.06113527683065978,cumulant,0.00012207039425952818,8192,38367232,1.300072227650162e-08,task_025/cell_0361,207,33554432,1.32815295830369,1,completed,512,20.0,0.4288250327368593,0.06548287133823341
4,362,185e953d57699e678314593985abe20c62d7d129,cuda,1.0,8,0.5,gaussian,0.8788344696996739,64,standard normal at finite u_max,0.05180934815609958,0.012954050132983161,cv,0.028453949707751214,8192,37777408,1.300072227650162e-08,task_026/cell_0362,84,16777216,1.0593457594513893,1,completed,512,20.0,0.11858474680924865,0.014708079929386388
4,363,185e953d57699e678314593985abe20c62d7d129,cuda,1.0,8,0.5,gaussian,0.8294117789182563,64,standard normal at finite u_max,0.04926236188986105,0.009339781036458272,cv_cumulant,0.057498514897775,8192,38367232,1.3000722387523922e-08,task_027/cell_0363,83,33554432,1.8810807764530182,1,completed,512,20.0,0.15820481528685792,0.011915965849193156
4,364,185e953d57699e678314593985abe20c62d7d129,cuda,1.0,8,0.5,gaussian,0.9811238243500521,64,standard normal at finite u_max,0.04980788634689932,0.009610650584215535,full,0.11049063467750932,8192,337420288,1.300072183241241e-08,task_000/cell_0364,89,268435456,1.9341866746544838,2,completed,512,20.0,0.16568925892801403,0.01230781547804903
4,365,185e953d57699e678314593985abe20c62d7d129,cuda,1.0,8,0.5,gaussian,0.9999999999999984,64,standard normal at finite u_max,0.10145980214757136,0.010273906657255513,unweighted,0.9999999999999987,8192,337420288,1.3000722942635434e-08,task_001/cell_0365,0,268435456,1.8836552202701569,2,completed,512,20.0,0.46259024313718394,0.026615633498912633
4,366,185e953d57699e678314593985abe20c62d7d129,cuda,1.0,8,0.5,gaussian,0.532100761261277,64,standard normal at finite u_max,0.1670926269324734,0.027404553237945953,naive,0.00012361963020804398,8192,37777408,1.300072272059083e-08,task_002/cell_0366,229,16777216,0.8593696095049381,2,completed,512,20.0,0.512323760182608,0.03820679648606008
4,367,185e953d57699e678314593985abe20c62d7d129,cuda,1.0,8,0.5,gaussian,0.7972890054331908,64,standard normal at finite u_max,0.18987993771917128,0.032940168089446525,unbiased,0.00012316348510819423,8192,37777408,1.300072272059083e-08,task_003/cell_0367,233,16777216,0.8574474528431892,2,completed,512,20.0,0.5198478566766871,0.044896107753579856
4,368,185e953d57699e678314593985abe20c62d7d129,cuda,1.0,8,0.5,gaussian,0.5105053096211921,64,standard normal at finite u_max,0.18354189879449254,0.031388577044898294,cumulant,0.0001220707537185836,8192,38367232,1.3000722165479317e-08,task_004/cell_0368,204,33554432,1.3690926805138588,2,completed,512,20.0,0.4806972181988818,0.04423319189342765
4,369,185e953d57699e678314593985abe20c62d7d129,cuda,1.0,8,0.5,gaussian,0.8347212586063267,64,standard normal at finite u_max,0.04918319166440048,0.009042433185355261,cv,0.06441936122124045,8192,37777408,1.3000722387523922e-08,task_005/cell_0369,82,16777216,1.0671128779649734,2,completed,512,20.0,0.17535349529110977,0.012536147684211268
4,370,185e953d57699e678314593985abe20c62d7d129,cuda,1.0,8,0.5,gaussian,0.6908253805801634,64,standard normal at finite u_max,0.14201412892190993,0.037177896579194,cv_cumulant,0.07936633364196431,8192,38367232,1.300072227650162e-08,task_006/cell_0370,88,33554432,1.9244510009884834,2,completed,512,20.0,0.16758468844133556,0.03969048832390168
4,371,185e953d57699e678314593985abe20c62d7d129,cuda,1.0,8,0.5,gaussian,0.8881494674318858,64,standard normal at finite u_max,0.07427661506188918,0.01812977857831588,full,0.052479933674177505,8192,337420288,1.300072272059083e-08,task_007/cell_0371,78,268435456,1.9360631331801414,3,completed,512,20.0,0.17362785273048395,0.02028891949549761
4,372,185e953d57699e678314593985abe20c62d7d129,cuda,1.0,8,0.5,gaussian,0.9999999999999984,64,standard normal at finite u_max,0.10310620703276213,0.009907703958811798,unweighted,0.9999999999999987,8192,337420288,1.3000722942635434e-08,task_008/cell_0372,0,268435456,1.8875096663832664,3,completed,512,20.0,0.465083423155046,0.02667238241579463
4,373,185e953d57699e678314593985abe20c62d7d129,cuda,1.0,8,0.5,gaussian,0.5880936197937495,64,standard normal at finite u_max,0.1250923757131589,0.017850138791835488,naive,0.00012208160530114456,8192,37777408,1.3000722942635434e-08,task_009/cell_0373,228,16777216,0.8359533846378326,3,completed,512,20.0,0.42387868101899895,0.0323582266468936
4,374,185e953d57699e678314593985abe20c62d7d129,cuda,1.0,8,0.5,gaussian,0.9849520938154482,64,standard normal at finite u_max,0.32812927399557257,0.07431695654104356,unbiased,0.00012285073202935746,8192,37777408,1.3000722942635434e-08,task_010/cell_0374,232,16777216,0.8504216931760311,3,completed,512,20.0,0.5513860231942755,0.0774753083692955
4,375,185e953d57699e678314593985abe20c62d7d129,cuda,1.0,8,0.5,gaussian,0.9359319481678228,64,standard normal at finite u_max,0.2067161809971253,0.037287050178692854,cumulant,0.00012207326482388948,8192,38367232,1.3000722498546224e-08,task_011/cell_0375,210,33554432,1.3516537845134735,3,completed,512,20.0,0.5388001206277916,0.046791607685940415
4,376,185e953d57699e678314593985abe20c62d7d129,cuda,1.0,8,0.5,gaussian,0.9618385859174875,64,standard normal at finite u_max,0.0636212249276297,0.01301844001758716,cv,0.07915149866263438,8192,37777408,1.3000722387523922e-08,task_012/cell_0376,80,16777216,1.0707064867019653,3,completed,512,20.0,0.2026142058764156,0.016413976658817955
4,377,185e953d57699e678314593985abe20c62d7d129,cuda,1.0,8,0.5,gaussian,0.9999280700804275,64,standard normal at finite u_max,0.0733108677393797,0.016400953080697583,cv_cumulant,0.10065054558324708,8192,38367232,1.3000722942635434e-08,task_013/cell_0377,86,33554432,1.9075507298111916,3,completed,512,20.0,0.1771088122932592,0.01853271693684496
4,378,185e953d57699e678314593985abe20c62d7d129,cuda,1.0,8,0.5,gaussian,0.9633039244917703,64,standard normal at finite u_max,0.05882178747301743,0.010544627244355481,full,0.10067738040093255,8192,337420288,1.300072227650162e-08,task_014/cell_0378,82,268435456,1.9440001286566257,4,completed,512,20.0,0.2223313550651778,0.01490425817465239
4,379,185e953d57699e678314593985abe20c62d7d129,cuda,1.0,8,0.5,gaussian,0.9999999999999984,64,standard normal at finite u_max,0.10037726814298165,0.009889862724793974,unweighted,0.9999999999999987,8192,337420288,1.3000722942635434e-08,task_015/cell_0379,0,268435456,1.9290696531534195,4,completed,512,20.0,0.4599664975219504,0.02639129371295835
4,380,185e953d57699e678314593985abe20c62d7d129,cuda,1.0,8,0.5,gaussian,0.5365720995492057,64,standard normal at finite u_max,0.1857445477536421,0.03287854866872503,naive,0.00012207566245458804,8192,37777408,1.300072272059083e-08,task_016/cell_0380,227,16777216,0.8237056136131287,4,completed,512,20.0,0.5257789817877911,0.042940740551711654
4,381,185e953d57699e678314593985abe20c62d7d129,cuda,1.0,8,0.5,gaussian,0.8102415553609849,64,standard normal at finite u_max,0.25417011049306276,0.048958802703935225,unbiased,0.00012311001386025586,8192,37777408,1.3000722165479317e-08,task_017/cell_0381,232,16777216,0.8516993150115013,4,completed,512,20.0,0.5429758799665433,0.05755088039911853
4,382,185e953d57699e678314593985abe20c62d7d129,cuda,1.0,8,0.5,gaussian,0.5597865281624177,64,standard normal at finite u_max,0.136862133779396,0.019508361200623672,cumulant,0.00012207960389427807,8192,38367232,1.3000722387523922e-08,task_018/cell_0382,204,33554432,1.3655447885394096,4,completed,512,20.0,0.4700516835380123,0.03564461374710706
4,383,185e953d57699e678314593985abe20c62d7d129,cuda,1.0,8,0.5,gaussian,0.7712200430109964,64,standard normal at finite u_max,0.0910753086396198,0.023229295356077068,cv,0.10813307051211739,8192,37777408,1.300072272059083e-08,task_019/cell_0383,83,16777216,1.1145628951489925,4,completed,512,20.0,0.1410145004048606,0.024911755819364167
4,384,185e953d57699e678314593985abe20c62d7d129,cuda,1.0,8,0.5,gaussian,0.9984223973794278,64,standard normal at finite u_max,0.06389759589208036,0.012387430674329,cv_cumulant,0.070876203906105,8192,38367232,1.3000722498546224e-08,task_020/cell_0384,86,33554432,1.8205331787467003,4,completed,512,20.0,0.15375264942997968,0.016314210645493286
4,385,185e953d57699e678314593985abe20c62d7d129,cuda,1.0,8,0.5,gaussian,0.7204965696616671,64,standard normal at finite u_max,0.05697663540013086,0.011898445048660708,full,0.3686917021370185,8192,337420288,1.3000722054457015e-08,task_021/cell_0385,91,1073741824,7.508309554308653,0,completed,2048,20.0,0.17275470545886107,0.015307646822084813
4,386,185e953d57699e678314593985abe20c62d7d129,cuda,1.0,8,0.5,gaussian,0.9999999999999984,64,standard normal at finite u_max,0.10756317649387906,0.010570545936962966,unweighted,0.9999999999999987,8192,337420288,1.3000722942635434e-08,task_022/cell_0386,0,1073741824,7.5271042585372925,0,completed,2048,20.0,0.4849732658933835,0.02799418675021699
4,387,185e953d57699e678314593985abe20c62d7d129,cuda,1.0,8,0.5,gaussian,0.9448026199420204,64,standard normal at finite u_max,0.14715482707842115,0.03462812851817816,naive,0.0005271260851781454,8192,37777408,1.3000722942635434e-08,task_023/cell_0387,578,67108864,3.1022364869713783,0,completed,2048,20.0,0.26955469199706894,0.03888226743777948
4,388,185e953d57699e678314593985abe20c62d7d129,cuda,1.0,8,0.5,gaussian,0.5738911877001266,64,standard normal at finite u_max,0.12215467231522945,0.028377847174462748,unbiased,0.0005468839895251542,8192,37777408,1.3000722498546224e-08,task_024/cell_0388,605,67108864,3.305029820650816,0,completed,2048,20.0,0.276667030130657,0.03012959151623002
4,389,185e953d57699e678314593985abe20c62d7d129,cuda,1.0,8,0.5,gaussian,0.8035097244412336,64,standard normal at finite u_max,0.055784325066136425,0.008684894949162844,cumulant,0.00042036673491882505,8192,38367232,1.300072227650162e-08,task_025/cell_0389,467,134217728,5.147128544747829,0,completed,2048,20.0,0.23159809330533204,0.014093463870722033
4,390,185e953d57699e678314593985abe20c62d7d129,cuda,1.0,8,0.5,gaussian,0.7332895982568359,64,standard normal at finite u_max,0.1006103299164571,0.02853218002699892,cv,0.36833953796132496,8192,37777408,1.3000722942635434e-08,task_026/cell_0390,93,67108864,4.120642192661762,0,completed,2048,20.0,0.11330694211197605,0.029059283968216026
4,391,185e953d57699e678314593985abe20c62d7d129,cuda,1.0,8,0.5,gaussian,0.9999171557236112,64,standard normal at finite u_max,0.09442230038187976,0.02334156656724909,cv_cumulant,0.3462068330256847,8192,38367232,1.300072227650162e-08,task_027/cell_0391,93,134217728,7.396930500864983,0,completed,2048,20.0,0.14930468099086436,0.025221901949233207
4,392,185e953d57699e678314593985abe20c62d7d129,cuda,1.0,8,0.5,gaussian,0.5436485978193848,64,standard normal at finite u_max,0.05517741574945227,0.010426947395624248,full,0.33743036678020655,8192,337420288,1.3000722498546224e-08,task_000/cell_0392,97,1073741824,7.5725415870547295,1,completed,2048,20.0,0.1978155584036796,0.013990717938931065
4,393,185e953d57699e678314593985abe20c62d7d129,cuda,1.0,8,0.5,gaussian,0.9999999999999984,64,standard normal at finite u_max,0.10715991088781507,0.010530801018182517,unweighted,0.9999999999999987,8192,337420288,1.3000722942635434e-08,task_001/cell_0393,0,1073741824,7.483016550540924,1,completed,2048,20.0,0.48352265342568235,0.027902180440410346
4,394,185e953d57699e678314593985abe20c62d7d129,cuda,1.0,8,0.5,gaussian,0.6115065416409989,64,standard normal at finite u_max,0.15903439659586546,0.037891413312796954,naive,0.0003456868054762596,8192,37777408,1.3000722498546224e-08,task_002/cell_0394,572,67108864,3.279415350407362,1,completed,2048,20.0,0.28261116677423964,0.04076486298394209
4,395,185e953d57699e678314593985abe20c62d7d129,cuda,1.0,8,0.5,gaussian,0.889002415554956,64,standard normal at finite u_max,0.1723452340420925,0.03870007638197784,unbiased,0.00029109636385732065,8192,37777408,1.3000722498546224e-08,task_003/cell_0395,607,67108864,3.2930943369865417,1,completed,2048,20.0,0.344248814064201,0.04262249672781945
4,396,185e953d57699e678314593985abe20c62d7d129,cuda,1.0,8,0.5,gaussian,0.6683113530409318,64,standard normal at finite u_max,0.07865433938757863,0.017125655878382842,cumulant,0.000370655808991219,8192,38367232,1.3000722498546224e-08,task_004/cell_0396,471,134217728,5.310283772647381,1,completed,2048,20.0,0.2074073115665962,0.020671060778206064
4,397,185e953d57699e678314593985abe20c62d7d129,cuda,1.0,8,0.5,gaussian,0.602368262773386,64,standard normal at finite u_max,0.06779637169196494,0.0127259138399506,cv,0.3756876520013848,8192,37777408,1.3000722387523922e-08,task_005/cell_0397,90,67108864,4.123326852917671,1,completed,2048,20.0,0.21307264653335084,0.017393166203943995
4,398,185e953d57699e678314593985abe20c62d7d129,cuda,1.0,8,0.5,gaussian,0.9731682679164375,64,standard normal at finite u_max,0.05239427253536132,0.00963493085436995,cv_cumulant,0.34078470322236676,8192,38367232,1.3000722498546224e-08,task_006/cell_0398,94,134217728,7.561379108577967,1,completed,2048,20.0,0.1869287037468202,0.013179693958532832
4,399,185e953d57699e678314593985abe20c62d7d129,cuda,1.0,8,0.5,gaussian,0.7859694691280447,64,standard normal at finite u_max,0.05302614713058276,0.010277916847460863,full,0.36285348776182474,8192,337420288,1.300072227650162e-08,task_007/cell_0399,94,1073741824,7.598159518092871,2,completed,2048,20.0,0.19682141690323945,0.013522022672702088
4,400,185e953d57699e678314593985abe20c62d7d129,cuda,1.0,8,0.5,gaussian,0.9999999999999984,64,standard normal at finite u_max,0.10757389383264121,0.010816389035170362,unweighted,0.9999999999999987,8192,337420288,1.3000722942635434e-08,task_008/cell_0400,0,1073741824,7.490822799503803,2,completed,2048,20.0,0.4799352956915598,0.027745992569725614
4,401,185e953d57699e678314593985abe20c62d7d129,cuda,1.0,8,0.5,gaussian,0.7757354163124438,64,standard normal at finite u_max,0.1617142594077588,0.03727199890402273,naive,0.0002707177223229007,8192,37777408,1.300072272059083e-08,task_009/cell_0401,574,67108864,3.1846620365977287,2,completed,2048,20.0,0.3231600764359588,0.03951886520309918
4,402,185e953d57699e678314593985abe20c62d7d129,cuda,1.0,8,0.5,gaussian,0.6331000942637252,64,standard normal at finite u_max,0.11918811864614268,0.027898974933189033,unbiased,0.0004917701827724136,8192,37777408,1.3000722942635434e-08,task_010/cell_0402,602,67108864,3.251773450523615,2,completed,2048,20.0,0.24246551620083695,0.031053145047416356
4,403,185e953d57699e678314593985abe20c62d7d129,cuda,1.0,8,0.5,gaussian,0.638639701924872,64,standard normal at finite u_max,0.08271875285936008,0.018351319812207112,cumulant,0.001020651628346169,8192,38367232,1.300072272059083e-08,task_011/cell_0403,470,134217728,5.24597417935729,2,completed,2048,20.0,0.19723388565425048,0.021707052025906656
4,404,185e953d57699e678314593985abe20c62d7d129,cuda,1.0,8,0.5,gaussian,0.992993964386786,64,standard normal at finite u_max,0.06461916293124008,0.015074873374382958,cv,0.32371916235856446,8192,37777408,1.3000722498546224e-08,task_012/cell_0404,96,67108864,4.170376695692539,2,completed,2048,20.0,0.14153535384435278,0.016626045127441622
4,405,185e953d57699e678314593985abe20c62d7d129,cuda,1.0,8,0.5,gaussian,0.803473496632126,64,standard normal at finite u_max,0.0597037977968648,0.011407694204186539,cv_cumulant,0.2906803030672866,8192,38367232,1.3000722498546224e-08,task_013/cell_0405,92,134217728,7.4311762154102325,2,completed,2048,20.0,0.19594543634299216,0.015485715334995908
4,406,185e953d57699e678314593985abe20c62d7d129,cuda,1.0,8,0.5,gaussian,0.9535959257217745,64,standard normal at finite u_max,0.046473697711207615,0.006331535423703488,full,0.2896989396587369,8192,337420288,1.3000722498546224e-08,task_014/cell_0406,94,1073741824,7.6236383356153965,3,completed,2048,20.0,0.2138583542271404,0.012183700999541277
4,407,185e953d57699e678314593985abe20c62d7d129,cuda,1.0,8,0.5,gaussian,0.9999999999999984,64,standard normal at finite u_max,0.10718867728224721,0.010297983145181003,unweighted,0.9999999999999987,8192,337420288,1.3000722942635434e-08,task_015/cell_0407,0,1073741824,7.611323140561581,3,completed,2048,20.0,0.4824101510362503,0.02783625243100462
4,408,185e953d57699e678314593985abe20c62d7d129,cuda,1.0,8,0.5,gaussian,0.580177157964736,64,standard normal at finite u_max,0.11317422407880752,0.023806589960959607,naive,0.00034166893259378117,8192,37777408,1.3000722498546224e-08,task_016/cell_0408,566,67108864,3.142732933163643,3,completed,2048,20.0,0.2944917242112868,0.027351880123991423
4,409,185e953d57699e678314593985abe20c62d7d129,cuda,1.0,8,0.5,gaussian,0.6314653521732402,64,standard normal at finite u_max,0.25855393056542364,0.061339613444202065,unbiased,0.00027936108697022903,8192,37777408,1.300072227650162e-08,task_017/cell_0409,604,67108864,3.2356356643140316,3,completed,2048,20.0,0.3996108323207737,0.06322533938862862
4,410,185e953d57699e678314593985abe20c62d7d129,cuda,1.0,8,0.5,gaussian,0.7745019635788615,64,standard normal at finite u_max,0.0931884020599984,0.02176003331840004,cumulant,0.0006233161834637544,8192,38367232,1.300072272059083e-08,task_018/cell_0410,471,134217728,5.383012346923351,3,completed,2048,20.0,0.19739086662309985,0.02492321795374515
4,411,185e953d57699e678314593985abe20c62d7d129,cuda,1.0,8,0.5,gaussian,0.9998141538095319,64,standard normal at finite u_max,0.10428138728165884,0.025269664601794264,cv,0.32373852274690035,8192,37777408,1.300072316468004e-08,task_019/cell_0411,95,67108864,4.335635431110859,3,completed,2048,20.0,0.1853722714469077,0.02851432760172187
4,412,185e953d57699e678314593985abe20c62d7d129,cuda,1.0,8,0.5,gaussian,0.940354176362113,64,standard normal at finite u_max,0.11081381872893063,0.02665110769276098,cv_cumulant,0.3117291355821251,8192,38367232,1.3000723386724644e-08,task_020/cell_0412,96,134217728,7.12623755633831,3,completed,2048,20.0,0.20777115150092762,0.029507328565373643
4,413,185e953d57699e678314593985abe20c62d7d129,cuda,1.0,8,0.5,gaussian,0.6206165387617515,64,standard normal at finite u_max,0.07664175420724535,0.01705181276194151,full,0.3699271933864791,8192,337420288,1.3000722498546224e-08,task_021/cell_0413,92,1073741824,7.515149015933275,4,completed,2048,20.0,0.1911132108528492,0.019629112961198028
4,414,185e953d57699e678314593985abe20c62d7d129,cuda,1.0,8,0.5,gaussian,0.9999999999999984,64,standard normal at finite u_max,0.10600158978974236,0.010328967103372264,unweighted,0.9999999999999987,8192,337420288,1.3000722942635434e-08,task_022/cell_0414,0,1073741824,7.522246725857258,4,completed,2048,20.0,0.4813272984112167,0.02774781687984792
4,415,185e953d57699e678314593985abe20c62d7d129,cuda,1.0,8,0.5,gaussian,0.5146523083168598,64,standard normal at finite u_max,0.12788911577975376,0.0292895919950565,naive,0.0004585636258433713,8192,37777408,1.3000722054457015e-08,task_023/cell_0415,573,67108864,3.0863448083400726,4,completed,2048,20.0,0.27680326115475307,0.03252083272867293
4,416,185e953d57699e678314593985abe20c62d7d129,cuda,1.0,8,0.5,gaussian,0.9602894902697167,64,standard normal at finite u_max,0.11597490036260981,0.026032150297927353,unbiased,0.0003029418025606292,8192,37777408,1.3000722054457015e-08,task_024/cell_0416,602,67108864,3.2950019501149654,4,completed,2048,20.0,0.27642240876952084,0.02960514686174944
4,417,185e953d57699e678314593985abe20c62d7d129,cuda,1.0,8,0.5,gaussian,0.8374704775873377,64,standard normal at finite u_max,0.07878046179732337,0.01835588773204791,cumulant,0.0006042847386289895,8192,38367232,1.3000722942635434e-08,task_025/cell_0417,470,134217728,5.159635614603758,4,completed,2048,20.0,0.18220888033554294,0.02081671282826568
4,418,185e953d57699e678314593985abe20c62d7d129,cuda,1.0,8,0.5,gaussian,0.9961721403129479,64,standard normal at finite u_max,0.0936173056409058,0.021893019618291154,cv,0.30619604049065324,8192,37777408,1.3000723386724644e-08,task_026/cell_0418,94,67108864,4.132437199354172,4,completed,2048,20.0,0.21603042818066678,0.024021786808096447
4,419,185e953d57699e678314593985abe20c62d7d129,cuda,1.0,8,0.5,gaussian,0.5125379247988292,64,standard normal at finite u_max,0.06680694853796526,0.013832708151735845,cv_cumulant,0.36498398237618024,8192,38367232,1.3000722165479317e-08,task_027/cell_0419,91,134217728,7.39607734978199,4,completed,2048,20.0,0.18431525552653183,0.016750267374980917
4,420,185e953d57699e678314593985abe20c62d7d129,cuda,1.0,1,0.5,mixture,0.9404836058022945,16,standard normal at finite u_max,0.016489753229875226,0.026754567967639004,full,0.47215155927283964,8192,10948608,0.013236887299396816,task_000/cell_0420,2,16777216,0.1571778878569603,0,completed,128,20.0,0.005233948262313937,0.028451868858352877
4,421,185e953d57699e678314593985abe20c62d7d129,cuda,1.0,1,0.5,mixture,0.9999999999999984,16,standard normal at finite u_max,0.05495577597499979,0.05972837331909849,unweighted,0.9999999999999987,8192,10948608,0.027884097736056712,task_001/cell_0421,0,16777216,0.15156099945306778,0,completed,128,20.0,0.045119832329624465,0.07998356298853691
4,422,185e953d57699e678314593985abe20c62d7d129,cuda,1.0,1,0.5,mixture,0.8127840652374676,16,standard normal at finite u_max,0.2937215715853025,0.592866660773668,naive,0.02085583663644714,8192,5179904,0.23625099714481246,task_002/cell_0422,15,4194304,0.2030104286968708,0,completed,128,20.0,0.1401889448894169,0.6082297698299334
4,423,185e953d57699e678314593985abe20c62d7d129,cuda,1.0,1,0.5,mixture,0.992428255342972,16,standard normal at finite u_max,0.08478131050344673,0.06541111405697961,unbiased,0.22158525281136252,8192,5179904,0.03248865516985894,task_003/cell_0423,11,4194304,0.20188713446259499,0,completed,128,20.0,0.17005085447038404,0.13372589697534165
4,424,185e953d57699e678314593985abe20c62d7d129,cuda,1.0,1,0.5,mixture,0.5442061295765953,16,standard normal at finite u_max,0.01908034252540558,0.034108429430444176,cumulant,0.49206452267847683,8192,5310976,0.012610290777939626,task_004/cell_0424,1,8388608,0.3266914337873459,0,completed,128,20.0,0.01036396531134176,0.03545193721546217
4,425,185e953d57699e678314593985abe20c62d7d129,cuda,1.0,1,0.5,mixture,0.6136474656778815,16,standard normal at finite u_max,0.0788189689226394,0.1444591904724015,cv,0.1546132475940551,8192,5179904,0.05351970779178539,task_005/cell_0425,3,4194304,0.26127471774816513,0,completed,128,20.0,0.02305836468510214,0.14654983764718976
4,426,185e953d57699e678314593985abe20c62d7d129,cuda,1.0,1,0.5,mixture,0.8072729146107182,16,standard normal at finite u_max,0.03439792098250061,0.06663568314968024,cv_cumulant,0.23198205280344822,8192,5310976,0.02330632358694329,task_006/cell_0426,2,8388608,0.47491808235645294,0,completed,128,20.0,0.03475950026342667,0.06669858914931383
4,427,185e953d57699e678314593985abe20c62d7d129,cuda,1.0,1,0.5,mixture,0.9613446948551656,16,standard normal at finite u_max,0.08215063073771217,0.1684980507007995,full,0.21763208867314518,8192,10948608,0.05902074489967413,task_007/cell_0427,3,16777216,0.15408575162291527,1,completed,128,20.0,0.03290970673117832,0.1690285162191898
4,428,185e953d57699e678314593985abe20c62d7d129,cuda,1.0,1,0.5,mixture,0.9999999999999984,16,standard normal at finite u_max,0.05695170606001654,0.07693603292364176,unweighted,0.9999999999999987,8192,10948608,0.03557452742355671,task_008/cell_0428,0,16777216,0.15261612087488174,1,completed,128,20.0,0.034800726632435275,0.0886445822370352
4,429,185e953d57699e678314593985abe20c62d7d129,cuda,1.0,1,0.5,mixture,0.9357611794513648,16,standard normal at finite u_max,0.2564045800645797,0.47373109433602056,naive,0.01650384255562069,8192,5179904,0.19563086596393908,task_009/cell_0429,11,4194304,0.19442766159772873,1,completed,128,20.0,0.2411889175675661,0.5236638348494781
4,430,185e953d57699e678314593985abe20c62d7d129,cuda,1.0,1,0.5,mixture,0.8491956801345105,16,standard normal at finite u_max,0.4077114242527155,0.8749111565171961,unbiased,0.00019435762095511278,8192,5179904,0.339078630843473,task_010/cell_0430,8,4194304,0.19867464900016785,1,completed,128,20.0,0.5399629554565617,0.87501599603456
4,431,185e953d57699e678314593985abe20c62d7d129,cuda,1.0,1,0.5,mixture,0.5499852577743183,16,standard normal at finite u_max,0.011045165363134712,0.005225337506919975,cumulant,0.47049217947142874,8192,5310976,0.0027108080124872425,task_011/cell_0431,1,8388608,0.321145236492157,1,completed,128,20.0,0.0014130682106674453,0.010960945713437918
4,432,185e953d57699e678314593985abe20c62d7d129,cuda,1.0,1,0.5,mixture,0.8296993534349479,16,standard normal at finite u_max,0.023191979631473347,0.04155600195215414,cv,0.4560583400581416,8192,5179904,0.014255982128394185,task_012/cell_0432,2,4194304,0.2641739696264267,1,completed,128,20.0,0.019354997568887145,0.041905328641726185
4,433,185e953d57699e678314593985abe20c62d7d129,cuda,1.0,1,0.5,mixture,0.9060069723429338,16,standard normal at finite u_max,0.023936710878856515,0.03985102757485731,cv_cumulant,0.474261480441205,8192,5310976,0.01608634918590779,task_013/cell_0433,1,8388608,0.46706773340702057,1,completed,128,20.0,0.017204926340372628,0.043327270442122215
4,434,185e953d57699e678314593985abe20c62d7d129,cuda,1.0,1,0.5,mixture,0.7509783752289081,16,standard normal at finite u_max,0.01563473355934908,0.012584943222729156,full,0.4808365222907068,8192,10948608,0.0015368610606749655,task_014/cell_0434,1,16777216,0.1614966057240963,2,completed,128,20.0,0.00983333188855151,0.014568159131012748
4,435,185e953d57699e678314593985abe20c62d7d129,cuda,1.0,1,0.5,mixture,0.9999999999999984,16,standard normal at finite u_max,0.05358059710051921,0.061631415433800164,unweighted,0.9999999999999987,8192,10948608,0.028494449298556712,task_015/cell_0435,0,16777216,0.15721500292420387,2,completed,128,20.0,0.04347778879813613,0.07841405950529051
4,436,185e953d57699e678314593985abe20c62d7d129,cuda,1.0,1,0.5,mixture,0.9900702495466754,16,standard normal at finite u_max,0.303984095121611,0.6218212072057286,naive,0.04073557577310206,8192,5179904,0.24359114525038827,task_016/cell_0436,13,4194304,0.19457422196865082,2,completed,128,20.0,0.08976215466816218,0.6260995922791268
4,437,185e953d57699e678314593985abe20c62d7d129,cuda,1.0,1,0.5,mixture,0.9562235986875136,16,standard normal at finite u_max,0.13479743598646432,0.24543522324170636,unbiased,0.05114657086658028,8192,5179904,0.09637393251259307,task_017/cell_0437,10,4194304,0.19606909528374672,2,completed,128,20.0,0.14452928883805916,0.2562336368616904
4,438,185e953d57699e678314593985abe20c62d7d129,cuda,1.0,1,0.5,mixture,0.5410373741349396,16,standard normal at finite u_max,0.01316805480618563,0.010283342406404397,cumulant,0.4459103479721047,8192,5310976,0.002595800995621622,task_018/cell_0438,1,8388608,0.3278164118528366,2,completed,128,20.0,0.009710003283001645,0.01299976568507552
4,439,185e953d57699e678314593985abe20c62d7d129,cuda,1.0,1,0.5,mixture,0.541268515516278,16,standard normal at finite u_max,0.01285333876125272,0.015784612844318313,cv,0.46693588508006795,8192,5179904,0.00819771857872953,task_019/cell_0439,1,4194304,0.2744653709232807,2,completed,128,20.0,0.0067444272690533325,0.023204901444562588
4,440,185e953d57699e678314593985abe20c62d7d129,cuda,1.0,1,0.5,mixture,0.9660243084706409,16,standard normal at finite u_max,0.013903419505096576,0.01867896674735625,cv_cumulant,0.4361975892069584,8192,5310976,0.0051200176439887835,task_020/cell_0440,2,8388608,0.44944290444254875,2,completed,128,20.0,0.0027338073162399557,0.018805410488196974
4,441,185e953d57699e678314593985abe20c62d7d129,cuda,1.0,1,0.5,mixture,0.9854373017010489,16,standard normal at finite u_max,0.013950179121381523,0.022206640809041278,full,0.43018888917949144,8192,10948608,0.009096217791427663,task_021/cell_0441,2,16777216,0.15660028904676437,3,completed,128,20.0,0.011852650011506372,0.02593829123678465
4,442,185e953d57699e678314593985abe20c62d7d129,cuda,1.0,1,0.5,mixture,0.9999999999999984,16,standard normal at finite u_max,0.060744901683105534,0.0802056927583429,unweighted,0.9999999999999987,8192,10948608,0.03630694929855671,task_022/cell_0442,0,16777216,0.15180622786283493,3,completed,128,20.0,0.05068831494327308,0.09378273114961969
4,443,185e953d57699e678314593985abe20c62d7d129,cuda,1.0,1,0.5,mixture,0.9874844980879655,16,standard normal at finite u_max,0.22723906613418543,0.3730792337087421,naive,0.007351843631549526,8192,5179904,0.14738958088658527,task_023/cell_0443,14,4194304,0.19155170768499374,3,completed,128,20.0,0.26550294606244274,0.4144731058767986
4,444,185e953d57699e678314593985abe20c62d7d129,cuda,1.0,1,0.5,mixture,0.8194751011995987,16,standard normal at finite u_max,0.4877186645343888,1.1790770461531466,unbiased,0.00684234267690274,8192,5179904,0.45946117723216906,task_024/cell_0444,13,4194304,0.20601319149136543,3,completed,128,20.0,0.5499854134810445,1.1792138499761715
4,445,185e953d57699e678314593985abe20c62d7d129,cuda,1.0,1,0.5,mixture,0.7992318168752748,16,standard normal at finite u_max,0.020565514544336416,0.03843284006721304,cumulant,0.09305420263724966,8192,5310976,0.013639080875870513,task_025/cell_0445,3,8388608,0.31588681787252426,3,completed,128,20.0,0.0022033842242321633,0.03968594280105954
4,446,185e953d57699e678314593985abe20c62d7d129,cuda,1.0,1,0.5,mixture,0.6606042149266322,16,standard normal at finite u_max,0.01568511051486987,0.014661764226889612,cv,0.4910040656578582,8192,5179904,0.0007894671771305761,task_026/cell_0446,1,4194304,0.2653060182929039,3,completed,128,20.0,0.0027957259733226714,0.01512934837580667
4,447,185e953d57699e678314593985abe20c62d7d129,cuda,1.0,1,0.5,mixture,0.55302518376468,16,standard normal at finite u_max,0.009626958182066492,0.005509898837927518,cv_cumulant,0.49627998981058596,8192,5310976,0.0023539452407954076,task_027/cell_0447,1,8388608,0.4653928875923157,3,completed,128,20.0,0.00010542233129218204,0.010689465039947959
4,448,185e953d57699e678314593985abe20c62d7d129,cuda,1.0,1,0.5,mixture,0.8001903475761133,16,standard normal at finite u_max,0.040460922188978454,0.08008140065233228,full,0.2303135998040928,8192,10948608,0.03160126456466961,task_000/cell_0448,2,16777216,0.15601595491170883,4,completed,128,20.0,0.04515703561769491,0.08197851248201508
4,449,185e953d57699e678314593985abe20c62d7d129,cuda,1.0,1,0.5,mixture,0.9999999999999984,16,standard normal at finite u_max,0.059226214960133694,0.07841201532605335,unweighted,0.9999999999999987,8192,10948608,0.03581866804855671,task_001/cell_0449,0,16777216,0.1538935825228691,4,completed,128,20.0,0.04349092027310131,0.09000409282298541
4,450,185e953d57699e678314593985abe20c62d7d129,cuda,1.0,1,0.5,mixture,0.7095792061174861,16,standard normal at finite u_max,0.2952483021972353,0.6275893262904784,naive,0.12571102156131078,8192,5179904,0.249251687837173,task_002/cell_0450,11,4194304,0.20078418403863907,4,completed,128,20.0,0.08659207401917945,0.6344143451346973
4,451,185e953d57699e678314593985abe20c62d7d129,cuda,1.0,1,0.5,mixture,0.9993735261757881,16,standard normal at finite u_max,0.3102396146857773,0.5700638785272221,unbiased,0.009859649955084739,8192,5179904,0.20137124668241585,task_003/cell_0451,13,4194304,0.2006586641073227,4,completed,128,20.0,0.059446929796572956,0.5704666245696352
4,452,185e953d57699e678314593985abe20c62d7d129,cuda,1.0,1,0.5,mixture,0.9463417984643692,16,standard normal at finite u_max,0.013598000048278991,0.015151530633003979,cumulant,0.4167943005729973,8192,5310976,0.004403931890246848,task_004/cell_0452,2,8388608,0.3282685875892639,4,completed,128,20.0,0.004947060659368008,0.015509436260581677
4,453,185e953d57699e678314593985abe20c62d7d129,cuda,1.0,1,0.5,mixture,0.519127488938546,16,standard normal at finite u_max,0.013628242438913696,0.01732288972945828,cv,0.4894373456825001,8192,5179904,0.005618514007902142,task_005/cell_0453,1,4194304,0.26030850410461426,4,completed,128,20.0,0.0013743006193769336,0.018097416825867716
4,454,185e953d57699e678314593985abe20c62d7d129,cuda,1.0,1,0.5,mixture,0.5069232452561256,16,standard normal at finite u_max,0.017418390616384394,0.022166424234199816,cv_cumulant,0.31424481884613187,8192,5310976,0.00400489444409835,task_006/cell_0454,1,8388608,0.47862327098846436,4,completed,128,20.0,0.013580322525036603,0.0233434725937718
4,455,185e953d57699e678314593985abe20c62d7d129,cuda,1.0,1,0.5,mixture,0.8469292905366305,16,standard normal at finite u_max,0.009566716678415688,0.006564603309217376,full,0.49688493622255364,8192,10948608,0.004690118140929678,task_007/cell_0455,1,67108864,0.5909794121980667,0,completed,512,20.0,0.014825174639944039,0.014615903145267147
4,456,185e953d57699e678314593985abe20c62d7d129,cuda,1.0,1,0.5,mixture,0.9999999999999984,16,standard normal at finite u_max,0.07013067579408439,0.09066409508290282,unweighted,0.9999999999999987,8192,10948608,0.04155597273605671,task_008/cell_0456,0,67108864,0.5862650200724602,0,completed,512,20.0,0.04778636045299889,0.10574820588026489
4,457,185e953d57699e678314593985abe20c62d7d129,cuda,1.0,1,0.5,mixture,0.7089161604918282,16,standard normal at finite u_max,0.15758487446434938,0.052466961747302227,naive,0.3437698271069651,8192,5179904,0.00223217595267039,task_009/cell_0457,5,16777216,0.7419629991054535,0,completed,512,20.0,0.29035470257120677,0.17026989466308792
4,458,185e953d57699e678314593985abe20c62d7d129,cuda,1.0,1,0.5,mixture,0.9939522839825431,16,standard normal at finite u_max,0.011791754860350112,0.0119986227861609,unbiased,0.45422948013003084,8192,5179904,0.009410138876974061,task_010/cell_0458,2,16777216,0.7531756050884724,0,completed,512,20.0,0.005692473463855041,0.021921867380464064
4,459,185e953d57699e678314593985abe20c62d7d129,cuda,1.0,1,0.5,mixture,0.9816598735675421,16,standard normal at finite u_max,0.007407050817443972,0.0014188674514088867,cumulant,0.4666765130922561,8192,5310976,0.000908269664041006,task_011/cell_0459,2,33554432,1.262308619916439,0,completed,512,20.0,0.004494055669097996,0.010035283506000787
4,460,185e953d57699e678314593985abe20c62d7d129,cuda,1.0,1,0.5,mixture,0.9863522773192998,16,standard normal at finite u_max,0.009536588843252147,0.00216819081788526,cv,0.4889277761083044,8192,5179904,0.0012478020674360213,task_012/cell_0460,2,16777216,1.0308100432157516,0,completed,512,20.0,0.0013277888753627787,0.00929133388443111
4,461,185e953d57699e678314593985abe20c62d7d129,cuda,1.0,1,0.5,mixture,0.5471888028948214,16,standard normal at finite u_max,0.03109991193605549,0.0655158146584548,cv_cumulant,0.479885268341323,8192,5310976,0.02696424521349705,task_013/cell_0461,1,33554432,1.8397129103541374,0,completed,512,20.0,0.004018917561405599,0.06724617673661606
4,462,185e953d57699e678314593985abe20c62d7d129,cuda,1.0,1,0.5,mixture,0.6943008193926997,16,standard normal at finite u_max,0.0177107590235675,0.012214891034948522,full,0.48838111163693315,8192,10948608,0.007062353878725003,task_014/cell_0462,1,67108864,0.6137139685451984,1,completed,512,20.0,0.018589178100687942,0.022635804466275854
4,463,185e953d57699e678314593985abe20c62d7d129,cuda,1.0,1,0.5,mixture,0.9999999999999984,16,standard normal at finite u_max,0.0734554074166861,0.09244474062866644,unweighted,0.9999999999999987,8192,10948608,0.04314288679855671,task_015/cell_0463,0,67108864,0.6121952272951603,1,completed,512,20.0,0.05594870692998821,0.10944118915263842
4,464,185e953d57699e678314593985abe20c62d7d129,cuda,1.0,1,0.5,mixture,0.9049009985025577,16,standard normal at finite u_max,0.21519332236302668,0.43517093962068887,naive,0.43488386594007195,8192,5179904,0.16940724770837956,task_016/cell_0464,4,16777216,0.7352452725172043,1,completed,512,20.0,0.15373282760093443,0.4399337924382921
4,465,185e953d57699e678314593985abe20c62d7d129,cuda,1.0,1,0.5,mixture,0.7074903150175523,16,standard normal at finite u_max,0.012937896279666794,0.005908355373239596,unbiased,0.46952191573350627,8192,5179904,0.00035072652284612316,task_017/cell_0465,1,16777216,0.7495863176882267,1,completed,512,20.0,0.012289135739078416,0.012795003379218779
4,466,185e953d57699e678314593985abe20c62d7d129,cuda,1.0,1,0.5,mixture,0.5211155817216804,16,standard normal at finite u_max,0.027749099409198896,0.05229234152244558,cumulant,0.4946535284830523,8192,5310976,0.021123760698564586,task_018/cell_0466,1,33554432,1.290249727666378,1,completed,512,20.0,0.034151019796386906,0.055580393193741466
4,467,185e953d57699e678314593985abe20c62d7d129,cuda,1.0,1,0.5,mixture,0.9794677597365425,16,standard normal at finite u_max,0.015459003341731004,0.035171722468269634,cv,0.499297985008272,8192,5179904,0.013100734135215286,task_019/cell_0467,1,16777216,1.0653037168085575,1,completed,512,20.0,0.012476075405184361,0.03523164836677956
4,468,185e953d57699e678314593985abe20c62d7d129,cuda,1.0,1,0.5,mixture,0.9195846744542737,16,standard normal at finite u_max,0.03607267001157777,0.07085611799743158,cv_cumulant,0.4743579216164863,8192,5310976,0.028119696153648288,task_020/cell_0468,2,33554432,1.7653074525296688,1,completed,512,20.0,0.030466513812847817,0.07142715673880276
4,469,185e953d57699e678314593985abe20c62d7d129,cuda,1.0,1,0.5,mixture,0.677997966214621,16,standard normal at finite u_max,0.007937314416433777,0.0012509327920155605,full,0.49412011165420766,8192,10948608,0.0020914185324185097,task_021/cell_0469,1,67108864,0.5969440191984177,2,completed,512,20.0,0.007084270513070923,0.00754867724279188
4,470,185e953d57699e678314593985abe20c62d7d129,cuda,1.0,1,0.5,mixture,0.9999999999999984,16,standard normal at finite u_max,0.07146260960512674,0.08350593229069335,unweighted,0.9999999999999987,8192,10948608,0.03777179304855671,task_022/cell_0470,0,67108864,0.579693615436554,2,completed,512,20.0,0.05384798910792776,0.10058274198071959
4,471,185e953d57699e678314593985abe20c62d7d129,cuda,1.0,1,0.5,mixture,0.9736621494697231,16,standard normal at finite u_max,0.29009666780368404,0.3021089582959988,naive,0.37842353167655984,8192,5179904,0.08340595428605685,task_023/cell_0471,8,16777216,0.721909761428833,2,completed,512,20.0,0.302489974874961,0.3618539316938526
4,472,185e953d57699e678314593985abe20c62d7d129,cuda,1.0,1,0.5,mixture,0.9357117257472797,16,standard normal at finite u_max,0.02773909892087789,0.05029255832192611,unbiased,0.4394682464243987,8192,5179904,0.021411697308155953,task_024/cell_0472,2,16777216,0.766523465514183,2,completed,512,20.0,0.0415880629805252,0.05709432949346387
4,473,185e953d57699e678314593985abe20c62d7d129,cuda,1.0,1,0.5,mixture,0.9981219331533175,16,standard normal at finite u_max,0.12609898536990494,0.3000662672477784,cumulant,0.3782918341977713,8192,5310976,0.11012041702632913,task_025/cell_0473,4,33554432,1.2433638349175453,2,completed,512,20.0,0.07315336514013193,0.30009793723973205
4,474,185e953d57699e678314593985abe20c62d7d129,cuda,1.0,1,0.5,mixture,0.7720665657112628,16,standard normal at finite u_max,0.01601772491224651,0.02533231503778749,cv,0.49101926002516305,8192,5179904,0.013121329573889007,task_026/cell_0474,1,16777216,1.0335501283407211,2,completed,512,20.0,0.0077529692862515764,0.026704133663977975
4,475,185e953d57699e678314593985abe20c62d7d129,cuda,1.0,1,0.5,mixture,0.9363032616833158,16,standard normal at finite u_max,0.10329727981202363,0.2227040769766766,cv_cumulant,0.42482717480176757,8192,5310976,0.0820780817943425,task_027/cell_0475,4,33554432,1.832614228129387,2,completed,512,20.0,0.08580313213875579,0.22314989384165856
4,476,185e953d57699e678314593985abe20c62d7d129,cuda,1.0,1,0.5,mixture,0.7887813738329195,16,standard normal at finite u_max,0.014013873553017975,0.027831859555877247,full,0.4979420049768391,8192,10948608,0.009104771477120521,task_000/cell_0476,1,67108864,0.6016011461615562,3,completed,512,20.0,0.010131510413468825,0.028321476349746813
4,477,185e953d57699e678314593985abe20c62d7d129,cuda,1.0,1,0.5,mixture,0.9999999999999984,16,standard normal at finite u_max,0.0634205499253585,0.06851347199605583,unweighted,0.9999999999999987,8192,10948608,0.03240069929855671,task_001/cell_0477,0,67108864,0.5873512104153633,3,completed,512,20.0,0.05030946313262885,0.08952332484457513
4,478,185e953d57699e678314593985abe20c62d7d129,cuda,1.0,1,0.5,mixture,0.9659447320724618,16,standard normal at finite u_max,0.152537790643116,0.19453415112046016,naive,0.37598974745517705,8192,5179904,0.08395716693508859,task_002/cell_0478,6,16777216,0.7632915116846561,3,completed,512,20.0,0.3267723271554579,0.297775355554746
4,479,185e953d57699e678314593985abe20c62d7d129,cuda,1.0,1,0.5,mixture,0.5942541705765813,16,standard normal at finite u_max,0.01585826402029422,0.00954809678557278,unbiased,0.3448565517078208,8192,5179904,0.004193633964784005,task_003/cell_0479,2,16777216,0.7649981006979942,3,completed,512,20.0,0.026383759416063857,0.020083022423897534
4,480,185e953d57699e678314593985abe20c62d7d129,cuda,1.0,1,0.5,mixture,0.6762983669324379,16,standard normal at finite u_max,0.020766650611285353,0.044284143565917256,cumulant,0.4741547726912748,8192,5310976,0.017960944866819983,task_004/cell_0480,1,33554432,1.2755728363990784,3,completed,512,20.0,0.002887896000222767,0.0455041212876067
4,481,185e953d57699e678314593985abe20c62d7d129,cuda,1.0,1,0.5,mixture,0.787564224259202,16,standard normal at finite u_max,0.06233238074808578,0.12961870161427372,cv,0.4662435862410419,8192,5179904,0.04356246502276889,task_005/cell_0481,3,16777216,1.024096518754959,3,completed,512,20.0,0.013502734239756231,0.13007570828150997
4,482,185e953d57699e678314593985abe20c62d7d129,cuda,1.0,1,0.5,mixture,0.5699729928489694,16,standard normal at finite u_max,0.027434628620112644,0.05842972574372339,cv_cumulant,0.4737992579265445,8192,5310976,0.020637415897586497,task_006/cell_0482,1,33554432,1.8650231063365936,3,completed,512,20.0,0.001699400736212775,0.05955877639202191
4,483,185e953d57699e678314593985abe20c62d7d129,cuda,1.0,1,0.5,mixture,0.8780131193909904,16,standard normal at finite u_max,0.008803876620643858,0.0056963195766646935,full,0.4974372677942959,8192,10948608,0.000132809249506316,task_007/cell_0483,1,67108864,0.5922228842973709,4,completed,512,20.0,0.0004141236222019451,0.007924493973401841
4,484,185e953d57699e678314593985abe20c62d7d129,cuda,1.0,1,0.5,mixture,0.9999999999999984,16,standard normal at finite u_max,0.06680183896000014,0.07759631070412383,unweighted,0.9999999999999987,8192,10948608,0.03557452742355671,task_008/cell_0484,0,67108864,0.5876685753464699,4,completed,512,20.0,0.053978815530000945,0.09583748287158966
4,485,185e953d57699e678314593985abe20c62d7d129,cuda,1.0,1,0.5,mixture,0.9486764328316432,16,standard normal at finite u_max,0.20315919579922403,0.3878834780486775,naive,0.19656052793460393,8192,5179904,0.15439228010479022,task_009/cell_0485,5,16777216,0.7409841194748878,4,completed,512,20.0,0.17214414871491868,0.40019277938956727
4,486,185e953d57699e678314593985abe20c62d7d129,cuda,1.0,1,0.5,mixture,0.8622707442000969,16,standard normal at finite u_max,0.016641039519240577,0.013980069929431349,unbiased,0.40652299162307876,8192,5179904,0.0027434226309741017,task_010/cell_0486,2,16777216,0.7504681572318077,4,completed,512,20.0,0.020587872140409136,0.017432117754727396
4,487,185e953d57699e678314593985abe20c62d7d129,cuda,1.0,1,0.5,mixture,0.9999570020738279,16,standard normal at finite u_max,0.016755141529009032,0.014340535331490614,cumulant,0.4527274486920542,8192,5310976,0.0032036188676621835,task_011/cell_0487,2,33554432,1.262428306043148,4,completed,512,20.0,0.013351454104213234,0.015521500828829037
4,488,185e953d57699e678314593985abe20c62d7d129,cuda,1.0,1,0.5,mixture,0.8059180792837899,16,standard normal at finite u_max,0.020263543343499724,0.03583536075989127,cv,0.4992793504508801,8192,5179904,0.010736447244699798,task_012/cell_0488,1,16777216,1.0534604713320732,4,completed,512,20.0,0.016493954047745785,0.03592264710710759
4,489,185e953d57699e678314593985abe20c62d7d129,cuda,1.0,1,0.5,mixture,0.5416879425780464,16,standard normal at finite u_max,0.009469168748289403,0.008231897271083116,cv_cumulant,0.4905510080271557,8192,5310976,0.003617977295884034,task_013/cell_0489,1,33554432,1.8367220908403397,4,completed,512,20.0,0.008116488616626616,0.012354683400081064
4,490,185e953d57699e678314593985abe20c62d7d129,cuda,1.0,1,0.5,mixture,0.9302889480697488,16,standard normal at finite u_max,0.010119760571086212,0.007901040721322916,full,0.4979237010022151,8192,10948608,0.005651955134699738,task_014/cell_0490,1,268435456,2.4101376309990883,0,completed,2048,20.0,0.008843858990105646,0.014437818826943135
4,491,185e953d57699e678314593985abe20c62d7d129,cuda,1.0,1,0.5,mixture,0.9999999999999984,16,standard normal at finite u_max,0.07270633771956336,0.07898376643266006,unweighted,0.9999999999999987,8192,10948608,0.03642901961105671,task_015/cell_0491,0,268435456,2.4191837571561337,0,completed,2048,20.0,0.062137700468156476,0.09986197986915826
4,492,185e953d57699e678314593985abe20c62d7d129,cuda,1.0,1,0.5,mixture,0.9836405437992407,16,standard normal at finite u_max,0.15149946250476365,0.30304030489453027,naive,0.4959973893736,8192,5179904,0.12424590747274034,task_016/cell_0492,3,67108864,2.9001630917191505,0,completed,2048,20.0,0.15892712901546924,0.31699813778698077
4,493,185e953d57699e678314593985abe20c62d7d129,cuda,1.0,1,0.5,mixture,0.6585747050024973,16,standard normal at finite u_max,0.02733020695848537,0.042967609587748035,unbiased,0.48841673789030465,8192,5179904,0.01589935199387471,task_017/cell_0493,1,67108864,2.9650234431028366,0,completed,2048,20.0,0.023564293133768843,0.04692146657241511
4,494,185e953d57699e678314593985abe20c62d7d129,cuda,1.0,1,0.5,mixture,0.9934060035042751,16,standard normal at finite u_max,0.023658651775710804,0.05316226445916203,cumulant,0.4913342045652894,8192,5310976,0.01800359399262841,task_018/cell_0494,2,134217728,5.228941597044468,0,completed,2048,20.0,0.017926639323494586,0.05331652969154313
4,495,185e953d57699e678314593985abe20c62d7d129,cuda,1.0,1,0.5,mixture,0.5516488705624567,16,standard normal at finite u_max,0.02683424567881454,0.05272094404741379,cv,0.49299686479502997,8192,5179904,0.01877822679284724,task_019/cell_0495,1,67108864,4.236498136073351,0,completed,2048,20.0,0.014715703399214686,0.05616828063377434
4,496,185e953d57699e678314593985abe20c62d7d129,cuda,1.0,1,0.5,mixture,0.5304896709529259,16,standard normal at finite u_max,0.03263469494585891,0.07122947385168932,cv_cumulant,0.49878530821921113,8192,5310976,0.025810203027206713,task_020/cell_0496,1,134217728,7.024829167872667,0,completed,2048,20.0,0.024262447190702252,0.07213847205735649
4,497,185e953d57699e678314593985abe20c62d7d129,cuda,1.0,1,0.5,mixture,0.9024710958270045,16,standard normal at finite u_max,0.030263380062588302,0.022315259376260874,full,0.4987051060434349,8192,10948608,0.003766770486510751,task_021/cell_0497,1,268435456,2.361171070486307,1,completed,2048,20.0,0.026818674079744698,0.023813805854293244
4,498,185e953d57699e678314593985abe20c62d7d129,cuda,1.0,1,0.5,mixture,0.9999999999999984,16,standard normal at finite u_max,0.07360336578493609,0.08154010656322712,unweighted,0.9999999999999987,8192,10948608,0.03435382429855671,task_022/cell_0498,0,268435456,2.2991607189178467,1,completed,2048,20.0,0.047232476219385644,0.09498028368524107
4,499,185e953d57699e678314593985abe20c62d7d129,cuda,1.0,1,0.5,mixture,0.9987525791799625,16,standard normal at finite u_max,0.32065184844274325,0.7105666251280982,naive,0.47638309960629355,8192,5179904,0.25142554417460883,task_023/cell_0499,5,67108864,2.8489121422171593,1,completed,2048,20.0,0.11904165196794958,0.7105730148471922
4,500,185e953d57699e678314593985abe20c62d7d129,cuda,1.0,1,0.5,mixture,0.9764369741064427,16,standard normal at finite u_max,0.014677881363209064,0.02664949743927783,unbiased,0.4951610124788852,8192,5179904,0.006815914527472988,task_024/cell_0500,2,67108864,3.0340631082654,1,completed,2048,20.0,0.007663076225345122,0.02666913062293617
4,501,185e953d57699e678314593985abe20c62d7d129,cuda,1.0,1,0.5,mixture,0.7874150623255302,16,standard normal at finite u_max,0.012904657188260504,0.007685778454885495,cumulant,0.499814249414178,8192,5310976,0.0032986677815971532,task_025/cell_0501,1,134217728,4.923388209193945,1,completed,2048,20.0,0.024326054178372636,0.01734423567795972
4,502,185e953d57699e678314593985abe20c62d7d129,cuda,1.0,1,0.5,mixture,0.9183745243393073,16,standard normal at finite u_max,0.01047481141880291,0.003818434117635272,cv,0.49905816251374074,8192,5179904,0.0013638824180429165,task_026/cell_0502,1,67108864,4.1004850044846535,1,completed,2048,20.0,0.014628918890580822,0.01062804559992044
4,503,185e953d57699e678314593985abe20c62d7d129,cuda,1.0,1,0.5,mixture,0.8346304222764479,16,standard normal at finite u_max,0.011892549365484617,0.0026866860658589786,cv_cumulant,0.497428289185503,8192,5310976,0.000865663955381013,task_027/cell_0503,1,134217728,7.294253669679165,1,completed,2048,20.0,0.00780142418013674,0.006449198657906733
4,504,185e953d57699e678314593985abe20c62d7d129,cuda,1.0,1,0.5,mixture,0.9983174494735333,16,standard normal at finite u_max,0.0073448547564651245,7.47008085759393e-05,full,0.4960280798201914,8192,10948608,0.0012537987973932907,task_000/cell_0504,2,268435456,2.387622758746147,2,completed,2048,20.0,0.0029593094722001334,0.008069165467842428
4,505,185e953d57699e678314593985abe20c62d7d129,cuda,1.0,1,0.5,mixture,0.9999999999999984,16,standard normal at finite u_max,0.07608982726290747,0.08795267632561429,unweighted,0.9999999999999987,8192,10948608,0.03838214461105671,task_001/cell_0505,0,268435456,2.3191782385110855,2,completed,2048,20.0,0.06036558363403399,0.10613668637119406
4,506,185e953d57699e678314593985abe20c62d7d129,cuda,1.0,1,0.5,mixture,0.8766904954669632,16,standard normal at finite u_max,0.14945352154305136,0.27004376200164865,naive,0.48480437168729845,8192,5179904,0.10958833663527023,task_002/cell_0506,3,67108864,3.017955459654331,2,completed,2048,20.0,0.16494793891593718,0.28526629221920197
4,507,185e953d57699e678314593985abe20c62d7d129,cuda,1.0,1,0.5,mixture,0.9891082034650529,16,standard normal at finite u_max,0.020543414558013756,0.0064521376196955416,unbiased,0.4992958011200688,8192,5179904,0.0010011420464759446,task_003/cell_0507,1,67108864,3.0185352563858032,2,completed,2048,20.0,0.020560102069186015,0.01241240082508554
4,508,185e953d57699e678314593985abe20c62d7d129,cuda,1.0,1,0.5,mixture,0.9987411073496153,16,standard normal at finite u_max,0.007904254167263258,0.00015636716726852296,cumulant,0.49145848691172506,8192,5310976,0.0006253658812098162,task_004/cell_0508,2,134217728,5.100387409329414,2,completed,2048,20.0,0.0001285967721926795,0.00804857815437233
4,509,185e953d57699e678314593985abe20c62d7d129,cuda,1.0,1,0.5,mixture,0.5199507179700729,16,standard normal at finite u_max,0.01940750528623683,0.009222590108105888,cv,0.5199507179700729,8192,5179904,0.005314913180482828,task_005/cell_0509,0,67108864,4.058609753847122,2,completed,2048,20.0,0.03593632441219963,0.02723945985965307
4,510,185e953d57699e678314593985abe20c62d7d129,cuda,1.0,1,0.5,mixture,0.6614311391053223,16,standard normal at finite u_max,0.0225318918298473,0.036617027887216325,cv_cumulant,0.49936682001970006,8192,5310976,0.013392641310044917,task_006/cell_0510,1,134217728,7.444089189171791,2,completed,2048,20.0,0.016239173988894184,0.040466342530313774
4,511,185e953d57699e678314593985abe20c62d7d129,cuda,1.0,1,0.5,mixture,0.5079862289625928,16,standard normal at finite u_max,0.024163580384251482,0.054678368617920914,full,0.49608030885350995,8192,10948608,0.020434752278512436,task_007/cell_0511,1,268435456,2.3388924784958363,3,completed,2048,20.0,0.012028428968084315,0.05714168039925326
4,512,185e953d57699e678314593985abe20c62d7d129,cuda,1.0,1,0.5,mixture,0.9999999999999984,16,standard normal at finite u_max,0.06672368374148663,0.06803615444735653,unweighted,0.9999999999999987,8192,10948608,0.029715152423556712,task_008/cell_0512,0,268435456,2.3098940178751945,3,completed,2048,20.0,0.05538598032824016,0.09052363566780397
4,513,185e953d57699e678314593985abe20c62d7d129,cuda,1.0,1,0.5,mixture,0.7704240276433687,16,standard normal at finite u_max,0.20092057054507217,0.411924563864807,naive,0.4906224837353587,8192,5179904,0.1564099714358832,task_009/cell_0513,3,67108864,2.930578052997589,3,completed,2048,20.0,0.19384475032980975,0.4207802009485876
4,514,185e953d57699e678314593985abe20c62d7d129,cuda,1.0,1,0.5,mixture,0.5175866529707964,16,standard normal at finite u_max,0.03191973527728176,0.06969437122140903,unbiased,0.3975880563562785,8192,5179904,0.025667069221950833,task_010/cell_0514,1,67108864,2.982544519007206,3,completed,2048,20.0,0.0017483394808729402,0.07021380568235618
4,515,185e953d57699e678314593985abe20c62d7d129,cuda,1.0,1,0.5,mixture,0.6240083750947294,16,standard normal at finite u_max,0.04285521116502766,0.09224593397267447,cumulant,0.4962974552214313,8192,5310976,0.03322450615842909,task_011/cell_0515,2,134217728,5.014589391648769,3,completed,2048,20.0,0.017237929819638453,0.09249686235896704
4,516,185e953d57699e678314593985abe20c62d7d129,cuda,1.0,1,0.5,mixture,0.9304877890274309,16,standard normal at finite u_max,0.0402838676019015,0.09680028333093374,cv,0.48618519842484575,8192,5179904,0.0344367341295273,task_012/cell_0516,2,67108864,4.014065034687519,3,completed,2048,20.0,0.035551673515346494,0.096818890406316
4,517,185e953d57699e678314593985abe20c62d7d129,cuda,1.0,1,0.5,mixture,0.9988333778825903,16,standard normal at finite u_max,0.052373993275159125,0.11659196768167798,cv_cumulant,0.4814731350521412,8192,5310976,0.040974510484420745,task_013/cell_0517,3,134217728,7.336712636053562,3,completed,2048,20.0,0.011714626614054424,0.11680742698707491
4,518,185e953d57699e678314593985abe20c62d7d129,cuda,1.0,1,0.5,mixture,0.9873878305356194,16,standard normal at finite u_max,0.01910696470997908,0.038245644344880786,full,0.4971904105490366,8192,10948608,0.01838905142113062,task_014/cell_0518,2,268435456,2.411647979170084,4,completed,2048,20.0,0.02541843822630807,0.040570273539735247
4,519,185e953d57699e678314593985abe20c62d7d129,cuda,1.0,1,0.5,mixture,0.9999999999999984,16,standard normal at finite u_max,0.07287658368377203,0.08893181480489998,unweighted,0.9999999999999987,8192,10948608,0.03752765242355671,task_015/cell_0519,0,268435456,2.4214090034365654,4,completed,2048,20.0,0.04748285611352632,0.10140741148889774
4,520,185e953d57699e678314593985abe20c62d7d129,cuda,1.0,1,0.5,mixture,0.9706455185177291,16,standard normal at finite u_max,0.16682368919017754,0.3254064955283934,naive,0.4960085218274577,8192,5179904,0.13131534642971632,task_016/cell_0520,3,67108864,2.8956661596894264,4,completed,2048,20.0,0.15917488588898476,0.33811464162181987
4,521,185e953d57699e678314593985abe20c62d7d129,cuda,1.0,1,0.5,mixture,0.5234398110865461,16,standard normal at finite u_max,0.014910700924716913,0.011721615434475086,unbiased,0.5234398110865462,8192,5179904,0.005162043020331408,task_017/cell_0521,0,67108864,2.9745891131460667,4,completed,2048,20.0,0.03111910475143098,0.023328657287554976
4,522,185e953d57699e678314593985abe20c62d7d129,cuda,1.0,1,0.5,mixture,0.9998369144533402,16,standard normal at finite u_max,0.032724903543724926,0.07215504087123877,cumulant,0.48848980462457586,8192,5310976,0.030096766439870692,task_018/cell_0522,2,134217728,5.091390624642372,4,completed,2048,20.0,0.01542074808781857,0.07587308369438707
4,523,185e953d57699e678314593985abe20c62d7d129,cuda,1.0,1,0.5,mixture,0.5259141080161699,16,standard normal at finite u_max,0.016679550766265594,0.012955372226253953,cv,0.5259141080161699,8192,5179904,0.00652729451504358,task_019/cell_0523,0,67108864,4.24225565418601,4,completed,2048,20.0,0.03903591774285031,0.029337518328214175
4,524,185e953d57699e678314593985abe20c62d7d129,cuda,1.0,1,0.5,mixture,0.9999209127136273,16,standard normal at finite u_max,0.03992154450518498,0.09935856961402403,cv_cumulant,0.4975937272163596,8192,5310976,0.03485397441292565,task_020/cell_0524,2,134217728,7.016114521771669,4,completed,2048,20.0,0.022479289631170074,0.09941648524609316
4,525,185e953d57699e678314593985abe20c62d7d129,cuda,1.0,8,0.5,mixture,0.8780269024716167,16,standard normal at finite u_max,0.26619419116207277,0.6145807159608223,full,0.17014291024044875,8192,85731328,0.25196691581341146,task_021/cell_0525,7,16777216,0.1995151937007904,0,completed,128,20.0,0.192276800574477,0.614680619251198
4,526,185e953d57699e678314593985abe20c62d7d129,cuda,1.0,8,0.5,mixture,0.9999999999999984,16,standard normal at finite u_max,0.06139529604071135,0.08154893619991398,unweighted,0.9999999999999987,8192,85731328,0.036764728350577563,task_022/cell_0526,0,16777216,0.19995959103107452,0,completed,128,20.0,0.04368812788051524,0.09337720031011353
4,527,185e953d57699e678314593985abe20c62d7d129,cuda,1.0,8,0.5,mixture,0.8698886118605703,16,standard normal at finite u_max,0.5787638011759659,1.2645485121742552,naive,0.00014119491800512407,8192,37755904,0.5279191134188561,task_023/cell_0527,27,4194304,0.19581545889377594,0,completed,128,20.0,0.9706066925131809,1.2682771106846997
4,528,185e953d57699e678314593985abe20c62d7d129,cuda,1.0,8,0.5,mixture,0.5311488371108775,16,standard normal at finite u_max,0.564724329686861,1.2167084640797126,unbiased,0.00018863425008524372,8192,37755904,0.541304138605668,task_024/cell_0528,25,4194304,0.20803822576999664,0,completed,128,20.0,0.963125226212896,1.239463035040051
4,529,185e953d57699e678314593985abe20c62d7d129,cuda,1.0,8,0.5,mixture,0.8178524820492686,16,standard normal at finite u_max,0.2197390509191876,0.4861777453202896,cumulant,0.0007897243038469234,8192,38345728,0.20626705483700541,task_025/cell_0529,18,8388608,0.3240272328257561,0,completed,128,20.0,0.13845770727009032,0.48715413778816846
4,530,185e953d57699e678314593985abe20c62d7d129,cuda,1.0,8,0.5,mixture,0.9295712778475566,16,standard normal at finite u_max,0.0491957679712317,0.0903125817643165,cv,0.18260291577326873,8192,37755904,0.040290794426922044,task_026/cell_0530,8,4194304,0.27139783650636673,0,completed,128,20.0,0.032922857471129496,0.09783076123496413
4,531,185e953d57699e678314593985abe20c62d7d129,cuda,1.0,8,0.5,mixture,0.6862855950602907,16,standard normal at finite u_max,0.05384936731844596,0.0885649343700502,cv_cumulant,0.2840128638868942,8192,38345728,0.037708270788904395,task_027/cell_0531,6,8388608,0.4702826365828514,0,completed,128,20.0,0.03947697029370212,0.09437086217644453
4,532,185e953d57699e678314593985abe20c62d7d129,cuda,1.0,8,0.5,mixture,0.7019253692477793,16,standard normal at finite u_max,0.29758699886797013,0.6850643706942212,full,0.11410572546122007,8192,85731328,0.27069075686121047,task_000/cell_0532,7,16777216,0.20521431416273117,1,completed,128,20.0,0.25264898499044086,0.6854658382856034
4,533,185e953d57699e678314593985abe20c62d7d129,cuda,1.0,8,0.5,mixture,0.9999999999999984,16,standard normal at finite u_max,0.06107739353812362,0.08423818517793602,unweighted,0.9999999999999987,8192,85731328,0.037985431475577563,task_001/cell_0533,0,16777216,0.2029530629515648,1,completed,128,20.0,0.04262403881829291,0.09551673538083424
4,534,185e953d57699e678314593985abe20c62d7d129,cuda,1.0,8,0.5,mixture,0.8970194812324258,16,standard normal at finite u_max,0.5705636623625409,1.2299567695944407,naive,0.00013409968946585617,8192,37755904,0.54184521501459,task_002/cell_0534,27,4194304,0.2119855284690857,1,completed,128,20.0,0.9678693095156634,1.2483356536423096
4,535,185e953d57699e678314593985abe20c62d7d129,cuda,1.0,8,0.5,mixture,0.8041200655459869,16,standard normal at finite u_max,0.5746373662496245,1.3060762646901898,unbiased,0.00012213351178980587,8192,37755904,0.5558022552170927,task_003/cell_0535,26,4194304,0.20980402454733849,1,completed,128,20.0,0.9621738677360154,1.3070491428148707
4,536,185e953d57699e678314593985abe20c62d7d129,cuda,1.0,8,0.5,mixture,0.8143803123225303,16,standard normal at finite u_max,0.1085074354869197,0.23710073286591343,cumulant,0.002420028028578362,8192,38345728,0.0999625933623117,task_004/cell_0536,17,8388608,0.33718298375606537,1,completed,128,20.0,0.04973844656940157,0.2418649094987978
4,537,185e953d57699e678314593985abe20c62d7d129,cuda,1.0,8,0.5,mixture,0.9836930304286099,16,standard normal at finite u_max,0.07524988209085086,0.16310515308689377,cv,0.2192652125404099,8192,37755904,0.07084821059183098,task_005/cell_0537,8,4194304,0.2673758640885353,1,completed,128,20.0,0.03679605226357599,0.16482348086354393
4,538,185e953d57699e678314593985abe20c62d7d129,cuda,1.0,8,0.5,mixture,0.5044592023299452,16,standard normal at finite u_max,0.06415315359835477,0.12561714553610276,cv_cumulant,0.04025186060980616,8192,38345728,0.05451888836309832,task_006/cell_0538,6,8388608,0.48273828625679016,1,completed,128,20.0,0.0293236701530801,0.1293259086635634
4,539,185e953d57699e678314593985abe20c62d7d129,cuda,1.0,8,0.5,mixture,0.6770556338500292,16,standard normal at finite u_max,0.07630706143612563,0.13903927030690422,full,0.13902515291460313,8192,85731328,0.05360600130941939,task_007/cell_0539,6,16777216,0.203402291983366,2,completed,128,20.0,0.05661859352245381,0.14080091794655908
4,540,185e953d57699e678314593985abe20c62d7d129,cuda,1.0,8,0.5,mixture,0.9999999999999984,16,standard normal at finite u_max,0.058211629126529316,0.07751520680515611,unweighted,0.9999999999999987,8192,85731328,0.034887897295890063,task_008/cell_0540,0,16777216,0.20181278884410858,2,completed,128,20.0,0.04069646504430202,0.08960140959565388
4,541,185e953d57699e678314593985abe20c62d7d129,cuda,1.0,8,0.5,mixture,0.8805064505924616,16,standard normal at finite u_max,0.564583433580006,1.2503853411902068,naive,0.00015873829370503413,8192,37755904,0.538067572636802,task_009/cell_0541,26,4194304,0.2021910846233368,2,completed,128,20.0,0.9542630532986642,1.2613573333931978
4,542,185e953d57699e678314593985abe20c62d7d129,cuda,1.0,8,0.5,mixture,0.861810570935326,16,standard normal at finite u_max,0.5661710909852351,1.20532713142884,unbiased,0.00013360471750796396,8192,37755904,0.5396395236110371,task_010/cell_0542,27,4194304,0.2067846581339836,2,completed,128,20.0,0.959540132033466,1.2260914631958393
4,543,185e953d57699e678314593985abe20c62d7d129,cuda,1.0,8,0.5,mixture,0.603483393086176,16,standard normal at finite u_max,0.0702831263682287,0.11912197676248731,cumulant,0.03135830574261072,8192,38345728,0.05523986774216855,task_011/cell_0543,17,8388608,0.3297632709145546,2,completed,128,20.0,0.04645414349878926,0.1325069349190397
4,544,185e953d57699e678314593985abe20c62d7d129,cuda,1.0,8,0.5,mixture,0.6717206648493053,16,standard normal at finite u_max,0.06312590095459704,0.10122735741522902,cv,0.29332836305870036,8192,37755904,0.045465368730326666,task_012/cell_0544,8,4194304,0.264775775372982,2,completed,128,20.0,0.05149472936177561,0.11729168237494589
4,545,185e953d57699e678314593985abe20c62d7d129,cuda,1.0,8,0.5,mixture,0.9461117493623346,16,standard normal at finite u_max,0.04444442253831267,0.09319356496993561,cv_cumulant,0.3434523750143648,8192,38345728,0.039749825248595216,task_013/cell_0545,6,8388608,0.4751584157347679,2,completed,128,20.0,0.012465699575973252,0.09455607516239352
4,546,185e953d57699e678314593985abe20c62d7d129,cuda,1.0,8,0.5,mixture,0.9524085590168239,16,standard normal at finite u_max,0.10170042798235068,0.20940543763446934,full,0.3157234346309993,8192,85731328,0.08640919290261553,task_014/cell_0546,6,16777216,0.20359793677926064,3,completed,128,20.0,0.050199024092357644,0.2105197897199193
4,547,185e953d57699e678314593985abe20c62d7d129,cuda,1.0,8,0.5,mixture,0.9999999999999984,16,standard normal at finite u_max,0.05891208452811397,0.07521877520541363,unweighted,0.9999999999999987,8192,85731328,0.034216510577140063,task_015/cell_0547,0,16777216,0.20655972510576248,3,completed,128,20.0,0.04551347626914809,0.09012257483635594
4,548,185e953d57699e678314593985abe20c62d7d129,cuda,1.0,8,0.5,mixture,0.794034527784207,16,standard normal at finite u_max,0.5798645478863738,1.2789059382309909,naive,0.0001431889819134903,8192,37755904,0.5418786632434951,task_016/cell_0548,27,4194304,0.20029976963996887,3,completed,128,20.0,0.9673066529599215,1.2979299441869299
4,549,185e953d57699e678314593985abe20c62d7d129,cuda,1.0,8,0.5,mixture,0.8436127554827607,16,standard normal at finite u_max,0.48787582770794835,1.0913056705197706,unbiased,0.00018256296807881735,8192,37755904,0.4659078857082002,task_017/cell_0549,27,4194304,0.20705502852797508,3,completed,128,20.0,0.7348778957308617,1.0929031403200287
4,550,185e953d57699e678314593985abe20c62d7d129,cuda,1.0,8,0.5,mixture,0.6079532437429138,16,standard normal at finite u_max,0.3235592442507932,0.7053424045419967,cumulant,0.0005395018533296914,8192,38345728,0.30759301055039995,task_018/cell_0550,17,8388608,0.3352547809481621,3,completed,128,20.0,0.34814107570291797,0.720931414323023
4,551,185e953d57699e678314593985abe20c62d7d129,cuda,1.0,8,0.5,mixture,0.9987650171211597,16,standard normal at finite u_max,0.09111776891133824,0.19159927051279788,cv,0.10033002355996175,8192,37755904,0.0818800549601919,task_019/cell_0551,9,4194304,0.28163496032357216,3,completed,128,20.0,0.04719287818893651,0.19578202755999202
4,552,185e953d57699e678314593985abe20c62d7d129,cuda,1.0,8,0.5,mixture,0.6858286659801589,16,standard normal at finite u_max,0.0600740886625036,0.10612724214612002,cv_cumulant,0.2485628567700721,8192,38345728,0.046185501819514446,task_020/cell_0552,6,8388608,0.45286788418889046,3,completed,128,20.0,0.033867243420323684,0.1185666110984602
4,553,185e953d57699e678314593985abe20c62d7d129,cuda,1.0,8,0.5,mixture,0.9619744805588617,16,standard normal at finite u_max,0.043229869801423834,0.08036657645460749,full,0.29772961097526784,8192,85731328,0.035227819250952745,task_021/cell_0553,6,16777216,0.20299940556287766,4,completed,128,20.0,0.023278125581962947,0.08317693659943987
4,554,185e953d57699e678314593985abe20c62d7d129,cuda,1.0,8,0.5,mixture,0.9999999999999984,16,standard normal at finite u_max,0.0590944639172461,0.07603944556014866,unweighted,0.9999999999999987,8192,85731328,0.03461323909276506,task_022/cell_0554,0,16777216,0.1986132338643074,4,completed,128,20.0,0.04083226053396194,0.08818410522540282
4,555,185e953d57699e678314593985abe20c62d7d129,cuda,1.0,8,0.5,mixture,0.5546081560593618,16,standard normal at finite u_max,0.5387378717802112,1.1280280878246016,naive,0.00014047772454952838,8192,37755904,0.48589025817529785,task_023/cell_0555,26,4194304,0.19779450446367264,4,completed,128,20.0,0.9718060978544524,1.141506163255364
4,556,185e953d57699e678314593985abe20c62d7d129,cuda,1.0,8,0.5,mixture,0.8162996385771476,16,standard normal at finite u_max,0.5398182479830741,1.214450969254768,unbiased,0.00013134417320192056,8192,37755904,0.5278361326902524,task_024/cell_0556,27,4194304,0.2084948681294918,4,completed,128,20.0,0.960943286619796,1.2158192155130776
4,557,185e953d57699e678314593985abe20c62d7d129,cuda,1.0,8,0.5,mixture,0.6459377100453202,16,standard normal at finite u_max,0.5699718820992652,1.2498395710422945,cumulant,0.00012527781981676078,8192,38345728,0.49316089801998725,task_025/cell_0557,17,8388608,0.3237120918929577,4,completed,128,20.0,0.9411923571835542,1.2505329272655583
4,558,185e953d57699e678314593985abe20c62d7d129,cuda,1.0,8,0.5,mixture,0.5428179476021134,16,standard normal at finite u_max,0.132294375473966,0.2787206427412058,cv,0.19707637496141073,8192,37755904,0.11773105728574892,task_026/cell_0558,8,4194304,0.27131251245737076,4,completed,128,20.0,0.07274176558473226,0.2898815776864987
4,559,185e953d57699e678314593985abe20c62d7d129,cuda,1.0,8,0.5,mixture,0.8414230259525027,16,standard normal at finite u_max,0.049446320807625996,0.09515844611437527,cv_cumulant,0.2872795426295197,8192,38345728,0.04179510841451918,task_027/cell_0559,6,8388608,0.4680589437484741,4,completed,128,20.0,0.040603581288357754,0.1066280456206574
4,560,185e953d57699e678314593985abe20c62d7d129,cuda,1.0,8,0.5,mixture,0.7049725986793214,16,standard normal at finite u_max,0.1667962094341751,0.35662866441508617,full,0.42531334612038235,8192,85731328,0.14975412615882533,task_000/cell_0560,6,67108864,0.8554831445217133,0,completed,512,20.0,0.04721737302131335,0.359347771960028
4,561,185e953d57699e678314593985abe20c62d7d129,cuda,1.0,8,0.5,mixture,0.9999999999999984,16,standard normal at finite u_max,0.068728735184914,0.08077560161516115,unweighted,0.9999999999999987,8192,85731328,0.036917316241202563,task_001/cell_0561,0,67108864,0.7396897673606873,0,completed,512,20.0,0.05125395427821636,0.09951337811232433
4,562,185e953d57699e678314593985abe20c62d7d129,cuda,1.0,8,0.5,mixture,0.994481043237881,16,standard normal at finite u_max,0.24518920339234362,0.47518617654332024,naive,0.2224850063540531,8192,37755904,0.1902563422523783,task_002/cell_0562,25,16777216,0.7804954722523689,0,completed,512,20.0,0.1932071947029871,0.5022488988779112
4,563,185e953d57699e678314593985abe20c62d7d129,cuda,1.0,8,0.5,mixture,0.6249638170023885,16,standard normal at finite u_max,0.1747683028861755,0.3328806355762324,unbiased,0.13780773020611067,8192,37755904,0.13500282881400577,task_003/cell_0563,22,16777216,0.7752640508115292,0,completed,512,20.0,0.1065418969658045,0.34962933737920066
4,564,185e953d57699e678314593985abe20c62d7d129,cuda,1.0,8,0.5,mixture,0.9654235024278245,16,standard normal at finite u_max,0.08214197902816692,0.13799778082406136,cumulant,0.41017133861545524,8192,38345728,0.05581475387732783,task_004/cell_0564,8,33554432,1.2938712984323502,0,completed,512,20.0,0.053821987954337916,0.148561482892468
4,565,185e953d57699e678314593985abe20c62d7d129,cuda,1.0,8,0.5,mixture,0.9899222476773768,16,standard normal at finite u_max,0.042979440798550005,0.09069966677617612,cv,0.43377711067402747,8192,37755904,0.0364335445652976,task_005/cell_0565,6,16777216,1.0287192836403847,0,completed,512,20.0,0.015335501724698886,0.09229041819480813
4,566,185e953d57699e678314593985abe20c62d7d129,cuda,1.0,8,0.5,mixture,0.9075654368237979,16,standard normal at finite u_max,0.03494439380808584,0.06604953239938252,cv_cumulant,0.4416176623144154,8192,38345728,0.028179049526293132,task_006/cell_0566,5,33554432,1.8835230097174644,0,completed,512,20.0,0.018214924807093455,0.07011667860252445
4,567,185e953d57699e678314593985abe20c62d7d129,cuda,1.0,8,0.5,mixture,0.7690806133183982,16,standard normal at finite u_max,0.03638159932385809,0.06419973962610248,full,0.44898576470518936,8192,85731328,0.02865734795891376,task_007/cell_0567,5,67108864,0.753704097121954,1,completed,512,20.0,0.027357003540854172,0.0705908807659453
4,568,185e953d57699e678314593985abe20c62d7d129,cuda,1.0,8,0.5,mixture,0.9999999999999984,16,standard normal at finite u_max,0.06807441266630085,0.08110890805471879,unweighted,0.9999999999999987,8192,85731328,0.037115680499015063,task_008/cell_0568,0,67108864,0.7493642941117287,1,completed,512,20.0,0.05194284484964434,0.09941551489870594
4,569,185e953d57699e678314593985abe20c62d7d129,cuda,1.0,8,0.5,mixture,0.5420143634717168,16,standard normal at finite u_max,0.5419685146739708,1.2666221631576955,naive,0.043417578441396716,8192,37755904,0.5021194471279806,task_009/cell_0569,34,16777216,0.7575898393988609,1,completed,512,20.0,0.8482564126331777,1.2666387028947894
4,570,185e953d57699e678314593985abe20c62d7d129,cuda,1.0,8,0.5,mixture,0.6108264911830689,16,standard normal at finite u_max,0.22539139362402072,0.49032548467455583,unbiased,0.10998764468269887,8192,37755904,0.19800134615742104,task_010/cell_0570,22,16777216,0.7631313391029835,1,completed,512,20.0,0.09171317929158043,0.4904989023738814
4,571,185e953d57699e678314593985abe20c62d7d129,cuda,1.0,8,0.5,mixture,0.8267014860887046,16,standard normal at finite u_max,0.10352698538722199,0.22088743080579626,cumulant,0.44808941399000474,8192,38345728,0.09540842926569731,task_011/cell_0571,8,33554432,1.278197541832924,1,completed,512,20.0,0.06070156723362351,0.22660693541880356
4,572,185e953d57699e678314593985abe20c62d7d129,cuda,1.0,8,0.5,mixture,0.764194428789702,16,standard normal at finite u_max,0.4367821541318467,0.8980816389773284,cv,0.40121484289487763,8192,37755904,0.37283001930978776,task_012/cell_0572,9,16777216,1.0261235907673836,1,completed,512,20.0,0.4705680247139633,0.9193018278410122
4,573,185e953d57699e678314593985abe20c62d7d129,cuda,1.0,8,0.5,mixture,0.8072152789774596,16,standard normal at finite u_max,0.03125158922879633,0.05594657228200088,cv_cumulant,0.4602855195808737,8192,38345728,0.020691817501600207,task_013/cell_0573,5,33554432,1.8572299182415009,1,completed,512,20.0,0.02333909741413978,0.05906293248011484
4,574,185e953d57699e678314593985abe20c62d7d129,cuda,1.0,8,0.5,mixture,0.8757332109190894,16,standard normal at finite u_max,0.044739256361532385,0.07787566512563876,full,0.4482016862638244,8192,85731328,0.03537960982200036,task_014/cell_0574,5,67108864,0.7585511691868305,2,completed,512,20.0,0.03497279006503949,0.0902534988974027
4,575,185e953d57699e678314593985abe20c62d7d129,cuda,1.0,8,0.5,mixture,0.9999999999999984,16,standard normal at finite u_max,0.06767417950372727,0.07604960883896703,unweighted,0.9999999999999987,8192,85731328,0.03472005061620256,task_015/cell_0575,0,67108864,0.7755635492503643,2,completed,512,20.0,0.05141664575900423,0.09533909716961989
4,576,185e953d57699e678314593985abe20c62d7d129,cuda,1.0,8,0.5,mixture,0.981391983260605,16,standard normal at finite u_max,0.5450883819494763,1.2346462217565737,naive,0.10619465026239157,8192,37755904,0.4824405733290148,task_016/cell_0576,35,16777216,0.7457537651062012,2,completed,512,20.0,0.8042776612431447,1.2428402161249212
4,577,185e953d57699e678314593985abe20c62d7d129,cuda,1.0,8,0.5,mixture,0.5548065045294533,16,standard normal at finite u_max,0.13705947121049644,0.2328351924278727,unbiased,0.09500344549416605,8192,37755904,0.08790373682815053,task_017/cell_0577,17,16777216,0.7600244358181953,2,completed,512,20.0,0.07893862420121284,0.251757997829982
4,578,185e953d57699e678314593985abe20c62d7d129,cuda,1.0,8,0.5,mixture,0.8219942667436873,16,standard normal at finite u_max,0.02496373005372006,0.04335867969637314,cumulant,0.42411068447696443,8192,38345728,0.021691539000413984,task_018/cell_0578,7,33554432,1.2861661463975906,2,completed,512,20.0,0.01602188642040729,0.04878342725770254
4,579,185e953d57699e678314593985abe20c62d7d129,cuda,1.0,8,0.5,mixture,0.6128185002002986,16,standard normal at finite u_max,0.07425331687747913,0.14939517210894798,cv,0.31993048807209706,8192,37755904,0.06330148030361477,task_019/cell_0579,6,16777216,1.0834007076919079,2,completed,512,20.0,0.03231908739372123,0.15698055257382765
4,580,185e953d57699e678314593985abe20c62d7d129,cuda,1.0,8,0.5,mixture,0.8234828286374465,16,standard normal at finite u_max,0.03818775173871017,0.07248113421332403,cv_cumulant,0.4402623767570861,8192,38345728,0.03034548968237736,task_020/cell_0580,5,33554432,1.7772357948124409,2,completed,512,20.0,0.022099183258333585,0.0769403261672658
4,581,185e953d57699e678314593985abe20c62d7d129,cuda,1.0,8,0.5,mixture,0.5433463433291437,16,standard normal at finite u_max,0.02605115965773112,0.048067770171796406,full,0.47827780129559383,8192,85731328,0.02029224163840987,task_021/cell_0581,4,67108864,0.7495328448712826,3,completed,512,20.0,0.013253838212498287,0.050525110295253924
4,582,185e953d57699e678314593985abe20c62d7d129,cuda,1.0,8,0.5,mixture,0.9999999999999984,16,standard normal at finite u_max,0.06656733422185049,0.07456714941277098,unweighted,0.9999999999999987,8192,85731328,0.034185992999015063,task_022/cell_0582,0,67108864,0.7702802792191505,3,completed,512,20.0,0.050332178266677574,0.09437788915683712
4,583,185e953d57699e678314593985abe20c62d7d129,cuda,1.0,8,0.5,mixture,0.8140345524666847,16,standard normal at finite u_max,0.402749283889571,0.8669229060610166,naive,0.07447051257381092,8192,37755904,0.3334294367900001,task_023/cell_0583,28,16777216,0.734384573996067,3,completed,512,20.0,0.3647774561506893,0.8695722700305335
4,584,185e953d57699e678314593985abe20c62d7d129,cuda,1.0,8,0.5,mixture,0.5390377336804669,16,standard normal at finite u_max,0.14445407121775575,0.2781399612361055,unbiased,0.2578413437129938,8192,37755904,0.10929288106101614,task_024/cell_0584,20,16777216,0.7784990966320038,3,completed,512,20.0,0.08186697566338974,0.29252679849297425
4,585,185e953d57699e678314593985abe20c62d7d129,cuda,1.0,8,0.5,mixture,0.8807824864319549,16,standard normal at finite u_max,0.04776235418876668,0.09505525705930634,cumulant,0.4349544379728454,8192,38345728,0.04237642768919677,task_025/cell_0585,7,33554432,1.2485855296254158,3,completed,512,20.0,0.022559793713930007,0.09729055478423337
4,586,185e953d57699e678314593985abe20c62d7d129,cuda,1.0,8,0.5,mixture,0.5791352577084556,16,standard normal at finite u_max,0.05503358049914305,0.10836757947983874,cv,0.4302900644968392,8192,37755904,0.04619250724317642,task_026/cell_0586,6,16777216,1.043856866657734,3,completed,512,20.0,0.04862281596641749,0.1161785835482211
4,587,185e953d57699e678314593985abe20c62d7d129,cuda,1.0,8,0.5,mixture,0.9891393518027697,16,standard normal at finite u_max,0.038948565116194864,0.07717781084097283,cv_cumulant,0.47607584425216976,8192,38345728,0.03027357493430638,task_027/cell_0587,5,33554432,1.8371781706809998,3,completed,512,20.0,0.015475994868875562,0.07988568128963436
4,588,185e953d57699e678314593985abe20c62d7d129,cuda,1.0,8,0.5,mixture,0.9998449990506657,16,standard normal at finite u_max,0.04535598093042238,0.06534376883547285,full,0.44549244090357165,8192,85731328,0.02663214893986402,task_000/cell_0588,6,67108864,0.7674876600503922,4,completed,512,20.0,0.02605377225067515,0.07457059847151026
4,589,185e953d57699e678314593985abe20c62d7d129,cuda,1.0,8,0.5,mixture,0.9999999999999984,16,standard normal at finite u_max,0.06525196374331095,0.07536108206420322,unweighted,0.9999999999999987,8192,85731328,0.03450642756932755,task_001/cell_0589,0,67108864,0.7486491352319717,4,completed,512,20.0,0.04914639519956798,0.09549572105393068
4,590,185e953d57699e678314593985abe20c62d7d129,cuda,1.0,8,0.5,mixture,0.6594642794021881,16,standard normal at finite u_max,0.18561350352422123,0.3010998252834013,naive,0.08748240537019752,8192,37755904,0.12234016881332083,task_002/cell_0590,23,16777216,0.7798005379736423,4,completed,512,20.0,0.15840263441903552,0.3411465655343772
4,591,185e953d57699e678314593985abe20c62d7d129,cuda,1.0,8,0.5,mixture,0.9955252934682233,16,standard normal at finite u_max,0.24639103099332688,0.5328666056830025,unbiased,0.1770619645201946,8192,37755904,0.21720731032652602,task_003/cell_0591,21,16777216,0.7760260030627251,4,completed,512,20.0,0.08915146147416529,0.5335781658367431
4,592,185e953d57699e678314593985abe20c62d7d129,cuda,1.0,8,0.5,mixture,0.9999821561345178,16,standard normal at finite u_max,0.039047917969887276,0.07587878295929848,cumulant,0.41056442350362005,8192,38345728,0.03139327662520405,task_004/cell_0592,7,33554432,1.293596439063549,4,completed,512,20.0,0.021986002103075206,0.0797617220902575
4,593,185e953d57699e678314593985abe20c62d7d129,cuda,1.0,8,0.5,mixture,0.9672888152412451,16,standard normal at finite u_max,0.033963276515297736,0.05392093611790374,cv,0.4408318910542632,8192,37755904,0.022194468232511713,task_005/cell_0593,6,16777216,1.0268092080950737,4,completed,512,20.0,0.038740668900399844,0.06179809734012774
4,594,185e953d57699e678314593985abe20c62d7d129,cuda,1.0,8,0.5,mixture,0.5583675929844691,16,standard normal at finite u_max,0.04181964407777097,0.07202189283230837,cv_cumulant,0.4679220743983466,8192,38345728,0.02763732102152766,task_006/cell_0594,5,33554432,1.8792266547679901,4,completed,512,20.0,0.0181485770696167,0.0754336230958534
4,595,185e953d57699e678314593985abe20c62d7d129,cuda,1.0,8,0.5,mixture,0.9163215401340031,16,standard normal at finite u_max,0.03567899919067813,0.06320777007164112,full,0.4915801186907732,8192,85731328,0.027879982627136063,task_007/cell_0595,5,268435456,2.9428455159068108,0,completed,2048,20.0,0.023256544641856197,0.0691943013747595
4,596,185e953d57699e678314593985abe20c62d7d129,cuda,1.0,8,0.5,mixture,0.9999999999999984,16,standard normal at finite u_max,0.06921270485102458,0.07783776546860616,unweighted,0.9999999999999987,8192,85731328,0.035421954913077563,task_008/cell_0596,0,268435456,2.919823907315731,0,completed,2048,20.0,0.053603021011549484,0.09823103430338637
4,597,185e953d57699e678314593985abe20c62d7d129,cuda,1.0,8,0.5,mixture,0.9907868515251408,16,standard normal at finite u_max,0.43760901799177415,0.953833560723573,naive,0.4671138239735248,8192,37755904,0.3688290581852344,task_009/cell_0597,12,67108864,2.971583776175976,0,completed,2048,20.0,0.3709821458478292,0.9540465326296472
4,598,185e953d57699e678314593985abe20c62d7d129,cuda,1.0,8,0.5,mixture,0.7428510110255824,16,standard normal at finite u_max,0.07016863105387663,0.12614627249913513,unbiased,0.48927006578890464,8192,37755904,0.05342911967069969,task_010/cell_0598,6,67108864,2.9987634867429733,0,completed,2048,20.0,0.034006797635488514,0.13077576258723958
4,599,185e953d57699e678314593985abe20c62d7d129,cuda,1.0,8,0.5,mixture,0.6731571670722524,16,standard normal at finite u_max,0.022553355441190512,0.027262220934444352,cumulant,0.4870742862926956,8192,38345728,0.011364185818358248,task_011/cell_0599,5,134217728,5.039499185979366,0,completed,2048,20.0,0.022429086121481465,0.03680869429441139
4,600,185e953d57699e678314593985abe20c62d7d129,cuda,1.0,8,0.5,mixture,0.7679133969615037,16,standard normal at finite u_max,0.03406121437290646,0.06634674765932848,cv,0.4908317306501303,8192,37755904,0.027790164790921043,task_012/cell_0600,5,67108864,4.068146273493767,0,completed,2048,20.0,0.02473122596703209,0.06929938763123443
4,601,185e953d57699e678314593985abe20c62d7d129,cuda,1.0,8,0.5,mixture,0.7039611350631862,16,standard normal at finite u_max,0.04716510617309109,0.09459720444676434,cv_cumulant,0.4927250772267262,8192,38345728,0.038486921472142034,task_013/cell_0601,5,134217728,7.394169144332409,0,completed,2048,20.0,0.030831924728224602,0.09856099046873448
4,602,185e953d57699e678314593985abe20c62d7d129,cuda,1.0,8,0.5,mixture,0.7946047837450725,16,standard normal at finite u_max,0.044309065226749635,0.06018083169228794,full,0.4903944457965458,8192,85731328,0.02622374767158965,task_014/cell_0602,6,268435456,2.971159625798464,1,completed,2048,20.0,0.0461287492210377,0.0741894775118522
4,603,185e953d57699e678314593985abe20c62d7d129,cuda,1.0,8,0.5,mixture,0.9999999999999984,16,standard normal at finite u_max,0.06979958024706764,0.07674712467169457,unweighted,0.9999999999999987,8192,85731328,0.034399616045890063,task_015/cell_0603,0,268435456,3.0211810544133186,1,completed,2048,20.0,0.051946377375489766,0.09697648721796318
4,604,185e953d57699e678314593985abe20c62d7d129,cuda,1.0,8,0.5,mixture,0.9696615753351484,16,standard normal at finite u_max,0.1742844468683475,0.3545564851983353,naive,0.4836643414890529,8192,37755904,0.14833823717137878,task_016/cell_0604,10,67108864,2.904029242694378,1,completed,2048,20.0,0.10779882072538562,0.3712407296498242
4,605,185e953d57699e678314593985abe20c62d7d129,cuda,1.0,8,0.5,mixture,0.7210886002204759,16,standard normal at finite u_max,0.05180505126878988,0.07835526954640196,unbiased,0.43788369317178377,8192,37755904,0.029238919446025635,task_017/cell_0605,7,67108864,3.0016052648425102,1,completed,2048,20.0,0.040425502552832546,0.08643172283301412
4,606,185e953d57699e678314593985abe20c62d7d129,cuda,1.0,8,0.5,mixture,0.610632572034064,16,standard normal at finite u_max,0.05792251642813009,0.103836332312119,cumulant,0.4917793536454577,8192,38345728,0.04520821435193422,task_018/cell_0606,6,134217728,5.118372283875942,1,completed,2048,20.0,0.05758273813316808,0.11702072510422154
4,607,185e953d57699e678314593985abe20c62d7d129,cuda,1.0,8,0.5,mixture,0.9253677069364338,16,standard normal at finite u_max,0.032392988055975826,0.05932622323891751,cv,0.48504071682304284,8192,37755904,0.025795173248152538,task_019/cell_0607,6,67108864,4.287441965192556,1,completed,2048,20.0,0.018061994199786657,0.06603322359122181
4,608,185e953d57699e678314593985abe20c62d7d129,cuda,1.0,8,0.5,mixture,0.6673173732325602,16,standard normal at finite u_max,0.04923169216390795,0.09933820409917929,cv_cumulant,0.49271545979956305,8192,38345728,0.04042120135081721,task_020/cell_0608,5,134217728,7.0745605900883675,1,completed,2048,20.0,0.03088341106280762,0.10132562667251431
4,609,185e953d57699e678314593985abe20c62d7d129,cuda,1.0,8,0.5,mixture,0.887050819270925,16,standard normal at finite u_max,0.07178673174017572,0.15885658908119546,full,0.4693044700448684,8192,85731328,0.06748139278843776,task_021/cell_0609,6,268435456,2.9243667870759964,2,completed,2048,20.0,0.033788143925737577,0.16084380715080082
4,610,185e953d57699e678314593985abe20c62d7d129,cuda,1.0,8,0.5,mixture,0.9999999999999984,16,standard normal at finite u_max,0.06880058947418696,0.07885768458195982,unweighted,0.9999999999999987,8192,85731328,0.03537617854589006,task_022/cell_0610,0,268435456,2.9197775945067406,2,completed,2048,20.0,0.0524071712059766,0.09844796739249553
4,611,185e953d57699e678314593985abe20c62d7d129,cuda,1.0,8,0.5,mixture,0.9435960149514997,16,standard normal at finite u_max,0.14052126060687528,0.21551833735639792,naive,0.4589862847914342,8192,37755904,0.10375491363030523,task_023/cell_0611,11,67108864,2.9496764168143272,2,completed,2048,20.0,0.14790289129058576,0.2734352797910984
4,612,185e953d57699e678314593985abe20c62d7d129,cuda,1.0,8,0.5,mixture,0.6080245880812761,16,standard normal at finite u_max,0.04252862547912771,0.08241858960652282,unbiased,0.4875574251131146,8192,37755904,0.033652851852082596,task_024/cell_0612,6,67108864,3.0504450537264347,2,completed,2048,20.0,0.026823156801019307,0.08623705254010679
4,613,185e953d57699e678314593985abe20c62d7d129,cuda,1.0,8,0.5,mixture,0.9122247516914808,16,standard normal at finite u_max,0.044216727839412114,0.08179097238524405,cumulant,0.48235343055210883,8192,38345728,0.03430998983372291,task_025/cell_0613,6,134217728,4.96192791312933,2,completed,2048,20.0,0.04290024052215273,0.08815873425264756
4,614,185e953d57699e678314593985abe20c62d7d129,cuda,1.0,8,0.5,mixture,0.9920073386309489,16,standard normal at finite u_max,0.024925430530365365,0.04232884137463028,cv,0.4925895038519289,8192,37755904,0.017740526344152754,task_026/cell_0614,5,67108864,4.135528013110161,2,completed,2048,20.0,0.016631552871892483,0.048891128084575464
4,615,185e953d57699e678314593985abe20c62d7d129,cuda,1.0,8,0.5,mixture,0.5864506859710595,16,standard normal at finite u_max,0.03124466471074998,0.052256552927943165,cv_cumulant,0.4922277358593977,8192,38345728,0.02185214726335722,task_027/cell_0615,4,134217728,7.327185824513435,2,completed,2048,20.0,0.029246090684621015,0.059264629115430865
4,616,185e953d57699e678314593985abe20c62d7d129,cuda,1.0,8,0.5,mixture,0.8454470727372643,16,standard normal at finite u_max,0.04197785259697362,0.08118260376299258,full,0.49243102453384285,8192,85731328,0.03899544876200542,task_000/cell_0616,5,268435456,2.958351045846939,3,completed,2048,20.0,0.01731474196120543,0.08670814280805623
4,617,185e953d57699e678314593985abe20c62d7d129,cuda,1.0,8,0.5,mixture,0.9999999999999984,16,standard normal at finite u_max,0.06938703933874059,0.07726081277507348,unweighted,0.9999999999999987,8192,85731328,0.03453694514745256,task_001/cell_0617,0,268435456,2.9143510088324547,3,completed,2048,20.0,0.05255557995277885,0.09662721507682795
4,618,185e953d57699e678314593985abe20c62d7d129,cuda,1.0,8,0.5,mixture,0.9945528368032786,16,standard normal at finite u_max,0.32278715240320766,0.6653053068771804,naive,0.43456004165704404,8192,37755904,0.2781704329217792,task_002/cell_0618,12,67108864,3.047914382070303,3,completed,2048,20.0,0.1985455975310461,0.6711073204807596
4,619,185e953d57699e678314593985abe20c62d7d129,cuda,1.0,8,0.5,mixture,0.9257520936310171,16,standard normal at finite u_max,0.05729457392016443,0.09334128429827598,unbiased,0.47997262360442594,8192,37755904,0.03709399232829629,task_003/cell_0619,8,67108864,3.0355894304811954,3,completed,2048,20.0,0.0433527333692426,0.10442100070962143
4,620,185e953d57699e678314593985abe20c62d7d129,cuda,1.0,8,0.5,mixture,0.9999971833362968,16,standard normal at finite u_max,0.03438424257222471,0.06449681364568956,cumulant,0.4927595276073342,8192,38345728,0.02572492456511552,task_004/cell_0620,6,134217728,5.127564109861851,3,completed,2048,20.0,0.02766737380833112,0.06684868330278301
4,621,185e953d57699e678314593985abe20c62d7d129,cuda,1.0,8,0.5,mixture,0.8076632601041738,16,standard normal at finite u_max,0.031887069071630934,0.058596960253933725,cv,0.4885174914622114,8192,37755904,0.024384316434644532,task_005/cell_0621,5,67108864,4.075766280293465,3,completed,2048,20.0,0.019730646483641298,0.06340434541714826
4,622,185e953d57699e678314593985abe20c62d7d129,cuda,1.0,8,0.5,mixture,0.9645186582031894,16,standard normal at finite u_max,0.04885298153340829,0.10624353491013164,cv_cumulant,0.48621592997469554,8192,38345728,0.04485250420776051,task_006/cell_0622,6,134217728,7.4824034087359905,3,completed,2048,20.0,0.02371728923062734,0.1070940402753362
4,623,185e953d57699e678314593985abe20c62d7d129,cuda,1.0,8,0.5,mixture,0.9768634980595997,16,standard normal at finite u_max,0.12222215012256042,0.2314730176589574,full,0.4905829328708311,8192,85731328,0.10961060245025925,task_007/cell_0623,6,268435456,2.94947462528944,4,completed,2048,20.0,0.10073866655218522,0.24795179484505858
4,624,185e953d57699e678314593985abe20c62d7d129,cuda,1.0,8,0.5,mixture,0.9999999999999984,16,standard normal at finite u_max,0.06967348069989297,0.07944248621816746,unweighted,0.9999999999999987,8192,85731328,0.035956012530265063,task_008/cell_0624,0,268435456,2.925381690263748,4,completed,2048,20.0,0.05216585507283972,0.09812486976883847
4,625,185e953d57699e678314593985abe20c62d7d129,cuda,1.0,8,0.5,mixture,0.9529257311459807,16,standard normal at finite u_max,0.17766129166437566,0.3039296108847631,naive,0.4770048745913301,8192,37755904,0.12168166745533057,task_009/cell_0625,10,67108864,2.958531118929386,4,completed,2048,20.0,0.15712313501641956,0.3447741673900161
4,626,185e953d57699e678314593985abe20c62d7d129,cuda,1.0,8,0.5,mixture,0.9968168844693724,16,standard normal at finite u_max,0.056366396397846644,0.10996657984462728,unbiased,0.48758965324904313,8192,37755904,0.0489621589541092,task_010/cell_0626,7,67108864,3.0067123696208,4,completed,2048,20.0,0.03176581511098826,0.11838371278237893
4,627,185e953d57699e678314593985abe20c62d7d129,cuda,1.0,8,0.5,mixture,0.5028220750326029,16,standard normal at finite u_max,0.04253483288172789,0.0856360599759094,cumulant,0.49096212656593813,8192,38345728,0.03646443461817094,task_011/cell_0627,5,134217728,5.041224990040064,4,completed,2048,20.0,0.024554451517636994,0.08907433950460712
4,628,185e953d57699e678314593985abe20c62d7d129,cuda,1.0,8,0.5,mixture,0.7624303114728663,16,standard normal at finite u_max,0.024018771923337914,0.04051500361054026,cv,0.4908710695810386,8192,37755904,0.019533220081825765,task_012/cell_0628,5,67108864,4.069798529148102,4,completed,2048,20.0,0.01458842051247157,0.04708827850484422
4,629,185e953d57699e678314593985abe20c62d7d129,cuda,1.0,8,0.5,mixture,0.7796961737320511,16,standard normal at finite u_max,0.03570654642781678,0.059650987784192255,cv_cumulant,0.48887139550195563,8192,38345728,0.027403468743534838,task_013/cell_0629,5,134217728,7.378073751926422,4,completed,2048,20.0,0.020745843759073,0.06740004380729386
4,630,185e953d57699e678314593985abe20c62d7d129,cuda,1.0,1,0.5,mixture,0.6709171067232053,64,standard normal at finite u_max,0.6306213885884447,1.5459632856108019,full,0.00038339609681898896,8192,42406912,0.6305440924950181,task_014/cell_0630,22,67108864,0.16478992626070976,0,completed,128,20.0,0.6991395128829347,1.5459772662177138
4,631,185e953d57699e678314593985abe20c62d7d129,cuda,1.0,1,0.5,mixture,0.9999999999999984,64,standard normal at finite u_max,0.17555275009592364,0.3806921337097022,unweighted,0.9999999999999987,8192,42406912,0.15664510512526636,task_015/cell_0631,0,67108864,0.16161559894680977,0,completed,128,20.0,0.20582663141357216,0.38142349321794433
4,632,185e953d57699e678314593985abe20c62d7d129,cuda,1.0,1,0.5,mixture,0.9275173760310822,64,standard normal at finite u_max,0.30563273772121435,0.6268471393586743,naive,0.0001221307970484022,8192,5180928,0.3051468870622338,task_016/cell_0632,41,4194304,0.20003168284893036,0,completed,128,20.0,0.9922767305577984,0.7349643347888895
4,633,185e953d57699e678314593985abe20c62d7d129,cuda,1.0,1,0.5,mixture,0.8927036064688781,64,standard normal at finite u_max,0.30549946785992244,0.6050993054986729,unbiased,0.0001220703125,8192,5180928,0.3051468870622338,task_017/cell_0633,41,4194304,0.20575669780373573,0,completed,128,20.0,0.9922712502766866,0.7407048164440115
4,634,185e953d57699e678314593985abe20c62d7d129,cuda,1.0,1,0.5,mixture,0.9679428398580929,64,standard normal at finite u_max,0.30519685158998,0.6728016723779675,cumulant,0.00012207043722770424,8192,5312000,0.3051468870622338,task_018/cell_0634,34,8388608,0.338600292801857,0,completed,128,20.0,0.9871386511530269,0.7053862693829329
4,635,185e953d57699e678314593985abe20c62d7d129,cuda,1.0,1,0.5,mixture,0.9925475199318429,64,standard normal at finite u_max,0.3092911866498663,0.7579509011658465,cv,0.00012959780359567087,8192,5180928,0.3051468870622338,task_019/cell_0635,27,4194304,0.28341198712587357,0,completed,128,20.0,0.98720708199078,0.757953128288545
4,636,185e953d57699e678314593985abe20c62d7d129,cuda,1.0,1,0.5,mixture,0.5421344041375199,64,standard normal at finite u_max,0.31484386495542427,0.7565657191643258,cv_cumulant,0.000250337560439333,8192,5312000,0.3051468870622338,task_020/cell_0636,24,8388608,0.4548027366399765,0,completed,128,20.0,0.9890644084598954,0.7569585520281095
4,637,185e953d57699e678314593985abe20c62d7d129,cuda,1.0,1,0.5,mixture,0.9593368837746938,64,standard normal at finite u_max,0.6946762249140228,1.7247118756606366,full,0.0002748906611686903,8192,42406912,0.6942881952356129,task_021/cell_0637,22,67108864,0.16171685606241226,1,completed,128,20.0,0.9842577392380856,1.7247254751613763
4,638,185e953d57699e678314593985abe20c62d7d129,cuda,1.0,1,0.5,mixture,0.9999999999999984,64,standard normal at finite u_max,0.18800566409820052,0.4158766727780406,unweighted,0.9999999999999987,8192,42406912,0.17007283950026642,task_022/cell_0638,0,67108864,0.15002170950174332,1,completed,128,20.0,0.201193926867409,0.41669328871052475
4,639,185e953d57699e678314593985abe20c62d7d129,cuda,1.0,1,0.5,mixture,0.9251427827231539,64,standard normal at finite u_max,0.30520080915355186,0.6905453593442468,naive,0.00012207031294107773,8192,5180928,0.3051468870622338,task_023/cell_0639,41,4194304,0.1977635696530342,1,completed,128,20.0,0.9895925412679998,0.7200000487566212
4,640,185e953d57699e678314593985abe20c62d7d129,cuda,1.0,1,0.5,mixture,0.8882110936810641,64,standard normal at finite u_max,0.31495748135045953,0.7349441367361804,unbiased,0.00012209097130538995,8192,5180928,0.3051468870622338,task_024/cell_0640,41,4194304,0.21062195301055908,1,completed,128,20.0,0.9917117916662952,0.7481798377451434
4,641,185e953d57699e678314593985abe20c62d7d129,cuda,1.0,1,0.5,mixture,0.569760457489324,64,standard normal at finite u_max,0.6949459972769177,1.6908348884308246,cumulant,0.00012258488731368,8192,5312000,0.6948531129377662,task_025/cell_0641,34,8388608,0.32669390365481377,1,completed,128,20.0,0.9889479513437912,1.6909091865498425
4,642,185e953d57699e678314593985abe20c62d7d129,cuda,1.0,1,0.5,mixture,0.9940118527674138,64,standard normal at finite u_max,0.3087448085471237,0.7546177726444012,cv,0.00013763358804794174,8192,5180928,0.3051468870622338,task_026/cell_0642,26,4194304,0.2741367146372795,1,completed,128,20.0,0.9878553091968493,0.7546392473446448
4,643,185e953d57699e678314593985abe20c62d7d129,cuda,1.0,1,0.5,mixture,0.7689406242065968,64,standard normal at finite u_max,0.31689142344433285,0.7581668638449997,cv_cumulant,0.00012268460170861126,8192,5312000,0.3051468870622338,task_027/cell_0643,22,8388608,0.47055862098932266,1,completed,128,20.0,0.9887091549166717,0.7584513397500245
4,644,185e953d57699e678314593985abe20c62d7d129,cuda,1.0,1,0.5,mixture,0.8328054110498084,64,standard normal at finite u_max,0.14638266123278976,0.34407164104168486,full,0.0014511667246243866,8192,42406912,0.14209099472578768,task_000/cell_0644,23,67108864,0.16463448107242584,2,completed,128,20.0,0.19488460869319302,0.34408474476357526
4,645,185e953d57699e678314593985abe20c62d7d129,cuda,1.0,1,0.5,mixture,0.9999999999999984,64,standard normal at finite u_max,0.1819187908544907,0.40106190480318127,unweighted,0.9999999999999987,8192,42406912,0.16421346450026636,task_001/cell_0645,0,67108864,0.15280216187238693,2,completed,128,20.0,0.20540397910618235,0.4016336151597817
4,646,185e953d57699e678314593985abe20c62d7d129,cuda,1.0,1,0.5,mixture,0.9011258543207807,64,standard normal at finite u_max,0.694855988490153,1.5652008939167459,naive,0.00012207157273546733,8192,5180928,0.694853112937766,task_002/cell_0646,41,4194304,0.21199819445610046,2,completed,128,20.0,0.9872924144440159,1.5790359745536011
4,647,185e953d57699e678314593985abe20c62d7d129,cuda,1.0,1,0.5,mixture,0.9174282705149619,64,standard normal at finite u_max,0.3078939766004425,0.6570947978549335,unbiased,0.00012207031876030486,8192,5180928,0.3051468870622338,task_003/cell_0647,41,4194304,0.21189533546566963,2,completed,128,20.0,0.9938950097480113,0.7389885757543758
4,648,185e953d57699e678314593985abe20c62d7d129,cuda,1.0,1,0.5,mixture,0.5094277407696829,64,standard normal at finite u_max,0.3058511419594838,0.7534166084447027,cumulant,0.0001220703125,8192,5312000,0.3051468870622338,task_004/cell_0648,32,8388608,0.3888334706425667,2,completed,128,20.0,0.9866342745581984,0.7534229699961599
4,649,185e953d57699e678314593985abe20c62d7d129,cuda,1.0,1,0.5,mixture,0.9152394587630268,64,standard normal at finite u_max,0.32396447243496473,0.7728392491316705,cv,0.00012251649092325266,8192,5180928,0.3051468870622338,task_005/cell_0649,26,4194304,0.2682283818721771,2,completed,128,20.0,0.9893449491445322,0.7733531988448702
4,650,185e953d57699e678314593985abe20c62d7d129,cuda,1.0,1,0.5,mixture,0.9967483183276595,64,standard normal at finite u_max,0.3103621140901427,0.7533107822653882,cv_cumulant,0.00014556513057914256,8192,5312000,0.3051468870622338,task_006/cell_0650,23,8388608,0.48398688808083534,2,completed,128,20.0,0.9879017934377623,0.7533485833721801
4,651,185e953d57699e678314593985abe20c62d7d129,cuda,1.0,1,0.5,mixture,0.812803018000049,64,standard normal at finite u_max,0.6941061759356087,1.7081255682179677,full,0.0001436898459932955,8192,42406912,0.6940449257337686,task_007/cell_0651,20,67108864,0.1614367701113224,3,completed,128,20.0,0.9834908940250312,1.7081415191113543
4,652,185e953d57699e678314593985abe20c62d7d129,cuda,1.0,1,0.5,mixture,0.9999999999999984,64,standard normal at finite u_max,0.17703322484368145,0.3884420458277581,unweighted,0.9999999999999987,8192,42406912,0.15981893325026636,task_008/cell_0652,0,67108864,0.1519671380519867,3,completed,128,20.0,0.20887996677016263,0.38911368123342877
4,653,185e953d57699e678314593985abe20c62d7d129,cuda,1.0,1,0.5,mixture,0.9313434155906989,64,standard normal at finite u_max,0.3051599887199805,0.6412835196503746,naive,0.00012207031250601602,8192,5180928,0.3051468870622338,task_009/cell_0653,42,4194304,0.204400472342968,3,completed,128,20.0,0.9903021356477519,0.7233185160248401
4,654,185e953d57699e678314593985abe20c62d7d129,cuda,1.0,1,0.5,mixture,0.8630909077344809,64,standard normal at finite u_max,0.4544971871565137,0.5160478194627174,unbiased,0.00012207031371959387,8192,5180928,0.3051468870622338,task_010/cell_0654,42,4194304,0.20795970410108566,3,completed,128,20.0,0.9904210786122736,0.7671536369522443
4,655,185e953d57699e678314593985abe20c62d7d129,cuda,1.0,1,0.5,mixture,0.6104468808207673,64,standard normal at finite u_max,0.30524123510018475,0.7322613533561917,cumulant,0.00012207031250229504,8192,5312000,0.3051468870622338,task_011/cell_0655,33,8388608,0.33459171280264854,3,completed,128,20.0,0.9840777305820275,0.7322712255861605
4,656,185e953d57699e678314593985abe20c62d7d129,cuda,1.0,1,0.5,mixture,0.9946798941607968,64,standard normal at finite u_max,0.30523976208202575,0.7378312127168811,cv,0.00012791797554713612,8192,5180928,0.3051468870622338,task_012/cell_0656,26,4194304,0.26886023581027985,3,completed,128,20.0,0.9871925813540608,0.738541086963077
4,657,185e953d57699e678314593985abe20c62d7d129,cuda,1.0,1,0.5,mixture,0.7609589613483845,64,standard normal at finite u_max,0.3073587126639885,0.7556104713018554,cv_cumulant,0.00013642048322257645,8192,5312000,0.3051468870622338,task_013/cell_0657,22,8388608,0.4741995930671692,3,completed,128,20.0,0.9872831901531639,0.7556258119894423
4,658,185e953d57699e678314593985abe20c62d7d129,cuda,1.0,1,0.5,mixture,0.9715946847374843,64,standard normal at finite u_max,0.13754095679171907,0.2939347763547806,full,0.00023395742935775348,8192,42406912,0.1164139735135021,task_014/cell_0658,22,67108864,0.16717341914772987,4,completed,128,20.0,0.26237588125740696,0.29414962167489245
4,659,185e953d57699e678314593985abe20c62d7d129,cuda,1.0,1,0.5,mixture,0.9999999999999984,64,standard normal at finite u_max,0.18113491675092197,0.40281521447871893,unweighted,0.9999999999999987,8192,42406912,0.16506795668776642,task_015/cell_0659,0,67108864,0.15893971920013428,4,completed,128,20.0,0.20674285492454558,0.4035695174399866
4,660,185e953d57699e678314593985abe20c62d7d129,cuda,1.0,1,0.5,mixture,0.9213388564855529,64,standard normal at finite u_max,0.6612983673059024,1.5163017498852016,naive,0.00012214435235948805,8192,5180928,0.6611918983959832,task_016/cell_0660,41,4194304,0.20005453377962112,4,completed,128,20.0,0.8609121171753896,1.538343267049493
4,661,185e953d57699e678314593985abe20c62d7d129,cuda,1.0,1,0.5,mixture,0.8261610141414921,64,standard normal at finite u_max,0.6949562420478871,1.6576183425463693,unbiased,0.0001220703125,8192,5180928,0.6948531129377666,task_017/cell_0661,41,4194304,0.20746580883860588,4,completed,128,20.0,0.9897832965444022,1.6576191041741692
4,662,185e953d57699e678314593985abe20c62d7d129,cuda,1.0,1,0.5,mixture,0.5421309101852517,64,standard normal at finite u_max,0.6948669604116515,1.5277075729591745,cumulant,0.00012221465626412837,8192,5312000,0.6948531129377666,task_018/cell_0662,32,8388608,0.3374776765704155,4,completed,128,20.0,0.9896256542211499,1.5634879539615425
4,663,185e953d57699e678314593985abe20c62d7d129,cuda,1.0,1,0.5,mixture,0.5087128644218141,64,standard normal at finite u_max,0.312901992996267,0.750966732868257,cv,0.000124554771920138,8192,5180928,0.3051468870622338,task_019/cell_0663,23,4194304,0.2841237671673298,4,completed,128,20.0,0.9886225352064693,0.751320204854914
4,664,185e953d57699e678314593985abe20c62d7d129,cuda,1.0,1,0.5,mixture,0.5753179968353418,64,standard normal at finite u_max,0.31761154346266074,0.7606988541507103,cv_cumulant,0.00018169925894812375,8192,5312000,0.3051468870622338,task_020/cell_0664,22,8388608,0.45654839277267456,4,completed,128,20.0,0.9891835908501371,0.7612238873033776
4,665,185e953d57699e678314593985abe20c62d7d129,cuda,1.0,1,0.5,mixture,0.9929159510457024,64,standard normal at finite u_max,0.034299997902279555,0.051971218182718104,full,0.4139563521918592,8192,42406912,0.025423202199691408,task_021/cell_0665,12,268435456,0.6036253646016121,0,completed,512,20.0,0.06482344296270526,0.06614299660961541
4,666,185e953d57699e678314593985abe20c62d7d129,cuda,1.0,1,0.5,mixture,0.9999999999999984,64,standard normal at finite u_max,0.1886021852437726,0.41018480735477286,unweighted,0.9999999999999987,8192,42406912,0.16763143325026642,task_022/cell_0666,0,268435456,0.5865794941782951,0,completed,512,20.0,0.20539169363057774,0.41163332397845265
4,667,185e953d57699e678314593985abe20c62d7d129,cuda,1.0,1,0.5,mixture,0.6188018234852269,64,standard normal at finite u_max,0.7037962328962462,1.7614488345925472,naive,0.00012419250299592239,8192,5180928,0.6948531129377666,task_023/cell_0667,128,16777216,0.7630883753299713,0,completed,512,20.0,0.9898756065129348,1.76145320079003
4,668,185e953d57699e678314593985abe20c62d7d129,cuda,1.0,1,0.5,mixture,0.6881791016155328,64,standard normal at finite u_max,0.6972467191058914,1.7364343229912798,unbiased,0.00017460378332798766,8192,5180928,0.6948531129377657,task_024/cell_0668,115,16777216,0.808624766767025,0,completed,512,20.0,0.9896264141187762,1.7364388864153701
4,669,185e953d57699e678314593985abe20c62d7d129,cuda,1.0,1,0.5,mixture,0.9727828072868006,64,standard normal at finite u_max,0.054472563040490085,0.11646545608849124,cumulant,0.004491963370797688,8192,5312000,0.05443024349119574,task_025/cell_0669,51,33554432,1.260696068406105,0,completed,512,20.0,0.0835128575464239,0.11898943175735087
4,670,185e953d57699e678314593985abe20c62d7d129,cuda,1.0,1,0.5,mixture,0.5206220505971427,64,standard normal at finite u_max,0.14889300274408523,0.33080090356856306,cv,0.15951011965269393,8192,5180928,0.12761154553121096,task_026/cell_0670,17,16777216,1.0375997051596642,0,completed,512,20.0,0.28292269787805013,0.33080579391267323
4,671,185e953d57699e678314593985abe20c62d7d129,cuda,1.0,1,0.5,mixture,0.6104355171850661,64,standard normal at finite u_max,0.311674198560815,0.7503305522436083,cv_cumulant,0.37778391644808185,8192,5312000,0.3082003185124459,task_027/cell_0671,14,33554432,1.863040454685688,0,completed,512,20.0,0.12855757339356289,0.7504578438002637
4,672,185e953d57699e678314593985abe20c62d7d129,cuda,1.0,1,0.5,mixture,0.5774730468661562,64,standard normal at finite u_max,0.10791305376462257,0.24461021686491313,full,0.289781851391901,8192,42406912,0.10114687910160725,task_000/cell_0672,14,268435456,0.6073508858680725,1,completed,512,20.0,0.15789352038662763,0.24506978455029643
4,673,185e953d57699e678314593985abe20c62d7d129,cuda,1.0,1,0.5,mixture,0.9999999999999984,64,standard normal at finite u_max,0.19094485878430656,0.40937791524624445,unweighted,0.9999999999999987,8192,42406912,0.16885213637526642,task_001/cell_0673,0,268435456,0.5844948887825012,1,completed,512,20.0,0.20873178862508768,0.4110864003520086
4,674,185e953d57699e678314593985abe20c62d7d129,cuda,1.0,1,0.5,mixture,0.745863084656065,64,standard normal at finite u_max,0.6994910740142221,1.7395461971832513,naive,0.00016630099595079737,8192,5180928,0.6948531129377661,task_002/cell_0674,127,16777216,0.8094438426196575,1,completed,512,20.0,0.9902672872409413,1.7395985854266762
4,675,185e953d57699e678314593985abe20c62d7d129,cuda,1.0,1,0.5,mixture,0.9876627919028553,64,standard normal at finite u_max,0.6961460394500733,1.7187642660631561,unbiased,0.00013030833576551065,8192,5180928,0.6948531129377661,task_003/cell_0675,117,16777216,0.8016211800277233,1,completed,512,20.0,0.9896029004471536,1.718779777124306
4,676,185e953d57699e678314593985abe20c62d7d129,cuda,1.0,1,0.5,mixture,0.7547649966965567,64,standard normal at finite u_max,0.46091174024537285,1.1267133445004975,cumulant,0.0003778249875968552,8192,5312000,0.4573117919007389,task_004/cell_0676,59,33554432,1.3055710718035698,1,completed,512,20.0,0.13460680519137225,1.1267609653659239
4,677,185e953d57699e678314593985abe20c62d7d129,cuda,1.0,1,0.5,mixture,0.9974423177131432,64,standard normal at finite u_max,0.14229324184750697,0.3006109586464427,cv,0.2976639074988189,8192,5180928,0.11538434015080606,task_005/cell_0677,18,16777216,1.0269828215241432,1,completed,512,20.0,0.24760935708791776,0.30073131820673393
4,678,185e953d57699e678314593985abe20c62d7d129,cuda,1.0,1,0.5,mixture,0.8138862453179725,64,standard normal at finite u_max,0.17220531681749784,0.4106373808857082,cv_cumulant,0.3282584845631263,8192,5312000,0.16984667687093508,task_006/cell_0678,14,33554432,1.8725852817296982,1,completed,512,20.0,0.1856212167992819,0.4107755329294892
4,679,185e953d57699e678314593985abe20c62d7d129,cuda,1.0,1,0.5,mixture,0.8003686519093971,64,standard normal at finite u_max,0.04844656701308925,0.07099139300984647,full,0.38116869583452306,8192,42406912,0.028162565890280378,task_007/cell_0679,15,268435456,0.5973187759518623,2,completed,512,20.0,0.05146201129037831,0.07344322499306023
4,680,185e953d57699e678314593985abe20c62d7d129,cuda,1.0,1,0.5,mixture,0.9999999999999984,64,standard normal at finite u_max,0.19192282049719356,0.41377357434824424,unweighted,0.9999999999999987,8192,42406912,0.16909627700026642,task_008/cell_0680,0,268435456,0.6542491465806961,2,completed,512,20.0,0.2102899708612127,0.4147868309166266
4,681,185e953d57699e678314593985abe20c62d7d129,cuda,1.0,1,0.5,mixture,0.917063515357684,64,standard normal at finite u_max,0.7036571884662366,1.7528784665110648,naive,0.00015805881807429752,8192,5180928,0.6948531129377664,task_009/cell_0681,124,16777216,0.7871628925204277,2,completed,512,20.0,0.9903855800487411,1.7528942861876518
4,682,185e953d57699e678314593985abe20c62d7d129,cuda,1.0,1,0.5,mixture,0.8278655583951356,64,standard normal at finite u_max,0.7064456938724452,1.7636120303035197,unbiased,0.00012229833003686816,8192,5180928,0.6948531129377664,task_010/cell_0682,118,16777216,0.7929510176181793,2,completed,512,20.0,0.9907688103464692,1.7636164005514914
4,683,185e953d57699e678314593985abe20c62d7d129,cuda,1.0,1,0.5,mixture,0.6188156573887513,64,standard normal at finite u_max,0.23180103833943788,0.5451548654226384,cumulant,0.0004346189569397276,8192,5312000,0.2205483962003724,task_011/cell_0683,51,33554432,1.287390973418951,2,completed,512,20.0,0.6205565342949793,0.5458950538996076
4,684,185e953d57699e678314593985abe20c62d7d129,cuda,1.0,1,0.5,mixture,0.7344969679827977,64,standard normal at finite u_max,0.19191287097892262,0.4388857256818567,cv,0.21629209382911507,8192,5180928,0.17513803975238312,task_012/cell_0684,19,16777216,1.0142032727599144,2,completed,512,20.0,0.4483440607539908,0.4393388205806915
4,685,185e953d57699e678314593985abe20c62d7d129,cuda,1.0,1,0.5,mixture,0.9263672702070624,64,standard normal at finite u_max,0.0386139472900609,0.017537083674867393,cv_cumulant,0.29523923314480166,8192,5312000,0.010676889026236147,task_013/cell_0685,13,33554432,1.847034864127636,2,completed,512,20.0,0.03512724057484595,0.03565342059274407
4,686,185e953d57699e678314593985abe20c62d7d129,cuda,1.0,1,0.5,mixture,0.8829816165744905,64,standard normal at finite u_max,0.03692747346143299,0.06391602774585559,full,0.27104419411204084,8192,42406912,0.026724678542472236,task_014/cell_0686,15,268435456,0.6159852482378483,3,completed,512,20.0,0.053192695551775415,0.06491894308803346
4,687,185e953d57699e678314593985abe20c62d7d129,cuda,1.0,1,0.5,mixture,0.9999999999999984,64,standard normal at finite u_max,0.18421274744017468,0.3944948007977595,unweighted,0.9999999999999987,8192,42406912,0.16250448012526636,task_015/cell_0687,0,268435456,0.6144120655953884,3,completed,512,20.0,0.20588756274695919,0.3957256463816668
4,688,185e953d57699e678314593985abe20c62d7d129,cuda,1.0,1,0.5,mixture,0.9164544091714528,64,standard normal at finite u_max,0.699309721991251,1.7375957948446232,naive,0.00013789215180770053,8192,5180928,0.6948531129377662,task_016/cell_0688,123,16777216,0.7719159498810768,3,completed,512,20.0,0.9897954102734844,1.7375943107495293
4,689,185e953d57699e678314593985abe20c62d7d129,cuda,1.0,1,0.5,mixture,0.7217099740478277,64,standard normal at finite u_max,0.6961403987406393,1.7260666939057565,unbiased,0.00012955973283756096,8192,5180928,0.6948531129377661,task_017/cell_0689,119,16777216,0.7914119772613049,3,completed,512,20.0,0.98939336285533,1.72607388331683
4,690,185e953d57699e678314593985abe20c62d7d129,cuda,1.0,1,0.5,mixture,0.9352997402179845,64,standard normal at finite u_max,0.26208597851702076,0.6271868144913604,cumulant,0.000188043404862601,8192,5312000,0.25340147151999,task_018/cell_0690,51,33554432,1.3011382818222046,3,completed,512,20.0,0.7568612916850959,0.6279875487092782
4,691,185e953d57699e678314593985abe20c62d7d129,cuda,1.0,1,0.5,mixture,0.9939369398320639,64,standard normal at finite u_max,0.13326665639824153,0.25974721891086583,cv,0.2451841612597457,8192,5180928,0.09930069055869833,task_019/cell_0691,22,16777216,1.0822280384600163,3,completed,512,20.0,0.21169593612870596,0.2598285810672334
4,692,185e953d57699e678314593985abe20c62d7d129,cuda,1.0,1,0.5,mixture,0.9905679454089809,64,standard normal at finite u_max,0.07446532871502687,0.16381279418004557,cv_cumulant,0.23915152288785702,8192,5312000,0.07217845363242797,task_020/cell_0692,15,33554432,1.7710623778402805,3,completed,512,20.0,0.1627262397978182,0.17302192646384418
4,693,185e953d57699e678314593985abe20c62d7d129,cuda,1.0,1,0.5,mixture,0.8900717914266147,64,standard normal at finite u_max,0.24292013201555018,0.5788762103788974,full,0.2796983261128847,8192,42406912,0.22690285448456088,task_021/cell_0693,15,268435456,0.6043853610754013,4,completed,512,20.0,0.6451925021667888,0.5789050776934033
4,694,185e953d57699e678314593985abe20c62d7d129,cuda,1.0,1,0.5,mixture,0.9999999999999984,64,standard normal at finite u_max,0.19158816090359276,0.41487031591770035,unweighted,0.9999999999999987,8192,42406912,0.17019490981276642,task_022/cell_0694,0,268435456,0.5813189372420311,4,completed,512,20.0,0.2075112315504566,0.41607409832690107
4,695,185e953d57699e678314593985abe20c62d7d129,cuda,1.0,1,0.5,mixture,0.8251758280472997,64,standard normal at finite u_max,0.6992123893696686,1.747454081247357,naive,0.00012983595149273027,8192,5180928,0.694853112937766,task_023/cell_0695,125,16777216,0.7607510164380074,4,completed,512,20.0,0.9900499207686965,1.7474530692364065
4,696,185e953d57699e678314593985abe20c62d7d129,cuda,1.0,1,0.5,mixture,0.9605085179037016,64,standard normal at finite u_max,0.6970488771298061,1.7396821176571502,unbiased,0.00012340366970574627,8192,5180928,0.694853112937766,task_024/cell_0696,123,16777216,0.808980755507946,4,completed,512,20.0,0.9891163872327328,1.7396895815660447
4,697,185e953d57699e678314593985abe20c62d7d129,cuda,1.0,1,0.5,mixture,0.7574325496594155,64,standard normal at finite u_max,0.23968869229013645,0.5513352843581965,cumulant,0.0004371911938872452,8192,5312000,0.2218485570964946,task_025/cell_0697,53,33554432,1.2746287621557713,4,completed,512,20.0,0.6317234804796867,0.5520075641734201
4,698,185e953d57699e678314593985abe20c62d7d129,cuda,1.0,1,0.5,mixture,0.6803152969845466,64,standard normal at finite u_max,0.0866561965218915,0.18268205215461553,cv,0.3104852075671805,8192,5180928,0.07614636489037718,task_026/cell_0698,18,16777216,1.039991743862629,4,completed,512,20.0,0.15313008508025028,0.18508736110767138
4,699,185e953d57699e678314593985abe20c62d7d129,cuda,1.0,1,0.5,mixture,0.5661237058465646,64,standard normal at finite u_max,0.022849444266144325,0.00953368801644916,cv_cumulant,0.3987191228936098,8192,5312000,0.004546976832373151,task_027/cell_0699,14,33554432,1.8363460302352905,4,completed,512,20.0,0.02017592363412768,0.020136455645876565
4,700,185e953d57699e678314593985abe20c62d7d129,cuda,1.0,1,0.5,mixture,0.7872648151305871,64,standard normal at finite u_max,0.2115044712101093,0.511778974225015,full,0.437165268614667,8192,42406912,0.2113761830202581,task_000/cell_0700,20,1073741824,2.387238048017025,0,completed,2048,20.0,0.584026695909621,0.5122167360316802
4,701,185e953d57699e678314593985abe20c62d7d129,cuda,1.0,1,0.5,mixture,0.9999999999999984,64,standard normal at finite u_max,0.1902467447628542,0.40751037931458156,unweighted,0.9999999999999987,8192,42406912,0.16738729262526642,task_001/cell_0701,0,1073741824,2.3124980479478836,0,completed,2048,20.0,0.2074035370705536,0.4086398093560167
4,702,185e953d57699e678314593985abe20c62d7d129,cuda,1.0,1,0.5,mixture,0.8756085654742726,64,standard normal at finite u_max,0.7558815615311234,1.8392468729111395,naive,0.022670346565798038,8192,5180928,0.6948531129377664,task_002/cell_0702,113,67108864,3.0736500024795532,0,completed,2048,20.0,0.9905629199453324,1.83924631839472
4,703,185e953d57699e678314593985abe20c62d7d129,cuda,1.0,1,0.5,mixture,0.5185412317632744,64,standard normal at finite u_max,0.6893841174879867,1.7292756728673566,unbiased,0.12741343082407616,8192,5180928,0.6822280454606564,task_003/cell_0703,71,67108864,3.014808312058449,0,completed,2048,20.0,0.9271510460428377,1.7292863846512436
4,704,185e953d57699e678314593985abe20c62d7d129,cuda,1.0,1,0.5,mixture,0.9094423748793546,64,standard normal at finite u_max,0.13625320525625584,0.28352680202797553,cumulant,0.4423387135143525,8192,5312000,0.1124308103066134,task_004/cell_0704,16,134217728,5.1086137890815735,0,completed,2048,20.0,0.2592026160673163,0.28447226410374604
4,705,185e953d57699e678314593985abe20c62d7d129,cuda,1.0,1,0.5,mixture,0.9999991725105599,64,standard normal at finite u_max,0.12527439324913459,0.28389792589918894,cv,0.44615337112425235,8192,5180928,0.11191499129379412,task_005/cell_0705,14,67108864,4.185204491019249,0,completed,2048,20.0,0.2497499451478461,0.28403797559563193
4,706,185e953d57699e678314593985abe20c62d7d129,cuda,1.0,1,0.5,mixture,0.9604503047264908,64,standard normal at finite u_max,0.11865157012895455,0.26796949864913683,cv_cumulant,0.48047029043996564,8192,5312000,0.11085619580847861,task_006/cell_0706,13,134217728,7.431429520249367,0,completed,2048,20.0,0.16851854970159708,0.2681256652375469
4,707,185e953d57699e678314593985abe20c62d7d129,cuda,1.0,1,0.5,mixture,0.9055145226950414,64,standard normal at finite u_max,0.1432812234475086,0.3502737692226803,full,0.46552494823506946,8192,42406912,0.14148517586933843,task_007/cell_0707,16,1073741824,2.338420767337084,1,completed,2048,20.0,0.3438255933818254,0.3503541670346979
4,708,185e953d57699e678314593985abe20c62d7d129,cuda,1.0,1,0.5,mixture,0.9999999999999984,64,standard normal at finite u_max,0.18872791665230426,0.4008695822546393,unweighted,0.9999999999999987,8192,42406912,0.16421346450026636,task_008/cell_0708,0,1073741824,2.2751727029681206,1,completed,2048,20.0,0.20239117248588911,0.40251769310043695
4,709,185e953d57699e678314593985abe20c62d7d129,cuda,1.0,1,0.5,mixture,0.5303602247635932,64,standard normal at finite u_max,0.7277922728619991,1.8065325987991245,naive,0.05543636503493497,8192,5180928,0.6948531129377657,task_009/cell_0709,101,67108864,2.9734556674957275,1,completed,2048,20.0,0.9900111074277562,1.8065374811537407
4,710,185e953d57699e678314593985abe20c62d7d129,cuda,1.0,1,0.5,mixture,0.9084082944780338,64,standard normal at finite u_max,0.6686262596086494,1.6688289840102724,unbiased,0.09132857477806373,8192,5180928,0.6653371706672704,task_010/cell_0710,64,67108864,2.9883399717509747,1,completed,2048,20.0,0.8450411536109268,1.668850383999301
4,711,185e953d57699e678314593985abe20c62d7d129,cuda,1.0,1,0.5,mixture,0.8757761255897902,64,standard normal at finite u_max,0.03026972595765265,0.0153337458985352,cumulant,0.3985901233121478,8192,5312000,0.005184755520525441,task_011/cell_0711,17,134217728,5.02038786932826,1,completed,2048,20.0,0.005066293770980668,0.022157020080290895
4,712,185e953d57699e678314593985abe20c62d7d129,cuda,1.0,1,0.5,mixture,0.9201844460834893,64,standard normal at finite u_max,0.16321724182328223,0.3853097677523005,cv,0.40301491847022186,8192,5180928,0.16003084908313814,task_012/cell_0712,15,67108864,4.013911500573158,1,completed,2048,20.0,0.40218378135146404,0.38545809822315036
4,713,185e953d57699e678314593985abe20c62d7d129,cuda,1.0,1,0.5,mixture,0.5021111012971523,64,standard normal at finite u_max,0.09720565003677617,0.2118699093125147,cv_cumulant,0.46305959895567994,8192,5312000,0.09003327133070518,task_013/cell_0713,14,134217728,7.349016919732094,1,completed,2048,20.0,0.2286369192048151,0.2206836954505406
4,714,185e953d57699e678314593985abe20c62d7d129,cuda,1.0,1,0.5,mixture,0.9997419717368017,64,standard normal at finite u_max,0.4903633639223086,1.086804493182374,full,0.47207788045049476,8192,42406912,0.4903109753359942,task_014/cell_0714,16,1073741824,2.4167927242815495,2,completed,2048,20.0,0.3121804825676623,1.1071430977408712
4,715,185e953d57699e678314593985abe20c62d7d129,cuda,1.0,1,0.5,mixture,0.9999999999999984,64,standard normal at finite u_max,0.1963455433173843,0.42127434144136516,unweighted,0.9999999999999987,8192,42406912,0.17239217543776642,task_015/cell_0715,0,1073741824,2.415060829371214,2,completed,2048,20.0,0.21084166320926045,0.422590145725553
4,716,185e953d57699e678314593985abe20c62d7d129,cuda,1.0,1,0.5,mixture,0.5851919491215934,64,standard normal at finite u_max,0.7275756077370013,1.8057153681628066,naive,0.0025156309973840465,8192,5180928,0.6948531129377662,task_016/cell_0716,101,67108864,2.9254154562950134,2,completed,2048,20.0,0.9904955988663556,1.8057186455676448
4,717,185e953d57699e678314593985abe20c62d7d129,cuda,1.0,1,0.5,mixture,0.8972245827405798,64,standard normal at finite u_max,0.6924796164164121,1.7393496933990589,unbiased,0.10248462148763528,8192,5180928,0.6882351014403945,task_017/cell_0717,73,67108864,3.003814537078142,2,completed,2048,20.0,0.9550319563287452,1.7393493124983916
4,718,185e953d57699e678314593985abe20c62d7d129,cuda,1.0,1,0.5,mixture,0.9785330397111098,64,standard normal at finite u_max,0.07295161574801878,0.1171948261839868,cumulant,0.28063547333873234,8192,5312000,0.04608487748523077,task_018/cell_0718,16,134217728,5.09240435063839,2,completed,2048,20.0,0.09115209686923242,0.12121185840733699
4,719,185e953d57699e678314593985abe20c62d7d129,cuda,1.0,1,0.5,mixture,0.9093778277287106,64,standard normal at finite u_max,0.08115837510749535,0.1554881761825081,cv,0.41367785045068634,8192,5180928,0.05786741362592465,task_019/cell_0719,15,67108864,4.240350052714348,2,completed,2048,20.0,0.10607135181259797,0.15552664369867542
4,720,185e953d57699e678314593985abe20c62d7d129,cuda,1.0,1,0.5,mixture,0.9973509030130994,64,standard normal at finite u_max,0.02215791450120924,0.012321354402901719,cv_cumulant,0.4621261969813056,8192,5312000,0.00299850222614495,task_020/cell_0720,15,134217728,7.043668743222952,2,completed,2048,20.0,0.002863345591477051,0.015191810323947588
4,721,185e953d57699e678314593985abe20c62d7d129,cuda,1.0,1,0.5,mixture,0.6838633475516613,64,standard normal at finite u_max,0.06122612669293026,0.13729658636853914,full,0.4719862843396953,8192,42406912,0.0545079917840271,task_021/cell_0721,13,1073741824,2.373758763074875,3,completed,2048,20.0,0.1200554197001864,0.13804415158449956
4,722,185e953d57699e678314593985abe20c62d7d129,cuda,1.0,1,0.5,mixture,0.9999999999999984,64,standard normal at finite u_max,0.1859410334747249,0.39589010682478326,unweighted,0.9999999999999987,8192,42406912,0.16287069106276636,task_022/cell_0722,0,1073741824,2.298689089715481,3,completed,2048,20.0,0.20430315315299552,0.3976159312100134
4,723,185e953d57699e678314593985abe20c62d7d129,cuda,1.0,1,0.5,mixture,0.9940702716450995,64,standard normal at finite u_max,0.7396462714020613,1.8171371182358174,naive,0.10486058796645314,8192,5180928,0.6948531129377666,task_023/cell_0723,115,67108864,2.884616270661354,3,completed,2048,20.0,0.9910235907065905,1.8171378950398513
4,724,185e953d57699e678314593985abe20c62d7d129,cuda,1.0,1,0.5,mixture,0.9983942403701329,64,standard normal at finite u_max,0.48480320733481885,1.2018541621087095,unbiased,0.009944565533427277,8192,5180928,0.48462570314270526,task_024/cell_0724,69,67108864,3.0713608600199223,3,completed,2048,20.0,0.12026733102146281,1.2027832155008487
4,725,185e953d57699e678314593985abe20c62d7d129,cuda,1.0,1,0.5,mixture,0.9826461156942452,64,standard normal at finite u_max,0.12026136508600438,0.21968510302043454,cumulant,0.25344598174997196,8192,5312000,0.08483140542254855,task_025/cell_0725,21,134217728,4.949339523911476,3,completed,2048,20.0,0.16715558152108423,0.22004929966057157
4,726,185e953d57699e678314593985abe20c62d7d129,cuda,1.0,1,0.5,mixture,0.9569952124709731,64,standard normal at finite u_max,0.1261820495964694,0.2655973565445995,cv,0.44028993368616637,8192,5180928,0.10400487374079714,task_026/cell_0726,14,67108864,4.057060778141022,3,completed,2048,20.0,0.22308106066513533,0.2656244556927133
4,727,185e953d57699e678314593985abe20c62d7d129,cuda,1.0,1,0.5,mixture,0.8314662137154332,64,standard normal at finite u_max,0.13823013731571987,0.32077902046360185,cv_cumulant,0.46980689544334087,8192,5312000,0.12994544899510221,task_027/cell_0727,14,134217728,7.297651559114456,3,completed,2048,20.0,0.30640078635890566,0.3209872995460287
4,728,185e953d57699e678314593985abe20c62d7d129,cuda,1.0,1,0.5,mixture,0.7728025712056106,64,standard normal at finite u_max,0.08104379593290945,0.1870207697924473,full,0.42905862044092963,8192,42406912,0.08082279790120867,task_000/cell_0728,13,1073741824,2.3883616849780083,4,completed,2048,20.0,0.19412467254205035,0.19610060875334542
4,729,185e953d57699e678314593985abe20c62d7d129,cuda,1.0,1,0.5,mixture,0.9999999999999984,64,standard normal at finite u_max,0.17919856462404649,0.3785868728954936,unweighted,0.9999999999999987,8192,42406912,0.15518026137526636,task_001/cell_0729,0,1073741824,2.3158377557992935,4,completed,2048,20.0,0.20161468612399158,0.38014972371921085
4,730,185e953d57699e678314593985abe20c62d7d129,cuda,1.0,1,0.5,mixture,0.7732034229146378,64,standard normal at finite u_max,0.7389387231437918,1.833278847986377,naive,0.060762704559699766,8192,5180928,0.694853112937766,task_002/cell_0730,102,67108864,3.0770814940333366,4,completed,2048,20.0,0.9882104980830422,1.8332786332128443
4,731,185e953d57699e678314593985abe20c62d7d129,cuda,1.0,1,0.5,mixture,0.5507319270111605,64,standard normal at finite u_max,0.734235715137887,1.8195057595875757,unbiased,0.07842207180824289,8192,5180928,0.6946183594006599,task_003/cell_0731,95,67108864,3.0310878083109856,4,completed,2048,20.0,0.9888903818424822,1.8195170104438712
4,732,185e953d57699e678314593985abe20c62d7d129,cuda,1.0,1,0.5,mixture,0.568104505058372,64,standard normal at finite u_max,0.13524826808746493,0.2811957431994905,cumulant,0.4383267062942159,8192,5312000,0.11822936068753054,task_004/cell_0732,17,134217728,5.104767754673958,4,completed,2048,20.0,0.27178942013846574,0.28493115342136277
4,733,185e953d57699e678314593985abe20c62d7d129,cuda,1.0,1,0.5,mixture,0.7129287405746124,64,standard normal at finite u_max,0.21451972564385358,0.47202448689208487,cv,0.41085188544367013,8192,5180928,0.1816991275552195,task_005/cell_0733,16,67108864,4.097038254141808,4,completed,2048,20.0,0.47384742540819114,0.47266897926113305
4,734,185e953d57699e678314593985abe20c62d7d129,cuda,1.0,1,0.5,mixture,0.627873861113891,64,standard normal at finite u_max,0.040507676316912655,0.0348564829776401,cv_cumulant,0.4286040501654389,8192,5312000,0.008830636044851126,task_006/cell_0734,13,134217728,7.426492862403393,4,completed,2048,20.0,0.009854479354681978,0.03485606491852991
4,735,185e953d57699e678314593985abe20c62d7d129,cuda,1.0,8,0.5,mixture,0.9875178242583108,64,standard normal at finite u_max,0.40978311533359285,1.003305656875391,full,0.00019371549484548627,8192,337420288,0.4025734435311165,task_007/cell_0735,28,67108864,0.5015515945851803,0,completed,128,20.0,0.9882156704591658,1.003390195975206
4,736,185e953d57699e678314593985abe20c62d7d129,cuda,1.0,8,0.5,mixture,0.9999999999999984,64,standard normal at finite u_max,0.1819355217070847,0.4004517265526517,unweighted,0.9999999999999987,8192,337420288,0.16425924086745392,task_008/cell_0736,0,67108864,0.48556336015462875,0,completed,128,20.0,0.20611743023933196,0.401172370820564
4,737,185e953d57699e678314593985abe20c62d7d129,cuda,1.0,8,0.5,mixture,0.03721833622456816,64,standard normal at finite u_max,0.5751319915274435,1.1072824549539633,naive,0.0001220703125,8192,37777408,0.5000000000000002,task_009/cell_0737,55,4194304,0.21423808485269547,0,completed,128,20.0,0.9969758635526929,1.1925426630146105
4,738,185e953d57699e678314593985abe20c62d7d129,cuda,1.0,8,0.5,mixture,0.006021976501622052,64,standard normal at finite u_max,0.4359087471257075,0.7595346923750728,unbiased,0.0001220703125000694,8192,37777408,0.35386016529667524,task_010/cell_0738,56,4194304,0.22083508223295212,0,completed,128,20.0,0.9963493658766187,0.8565437522656336
4,739,185e953d57699e678314593985abe20c62d7d129,cuda,1.0,8,0.5,mixture,0.00016013287042803415,64,standard normal at finite u_max,0.6862269105489673,1.0070357942628432,cumulant,0.0001220703125,8192,38367232,0.402573443531117,task_011/cell_0739,52,8388608,0.34506502747535706,0,completed,128,20.0,0.9977175862281409,1.050098660227588
4,740,185e953d57699e678314593985abe20c62d7d129,cuda,1.0,8,0.5,mixture,0.9311809721362481,64,standard normal at finite u_max,0.47889533012035534,1.1146159460846081,cv,0.00012250006913037446,8192,37777408,0.45128672176555845,task_012/cell_0740,33,4194304,0.2775086537003517,0,completed,128,20.0,0.9907516828954129,1.1223561625388516
4,741,185e953d57699e678314593985abe20c62d7d129,cuda,1.0,8,0.5,mixture,0.5320224333827752,64,standard normal at finite u_max,0.3482282845879212,0.7605223002362724,cv_cumulant,0.00012728723548911992,8192,38367232,0.3051468870622338,task_013/cell_0741,29,8388608,0.49025847017765045,0,completed,128,20.0,0.9907771968514258,0.7701661509711324
4,742,185e953d57699e678314593985abe20c62d7d129,cuda,1.0,8,0.5,mixture,0.9854419486973431,64,standard normal at finite u_max,0.6063338125068214,1.4756348425660444,full,0.00034635075543681677,8192,337420288,0.5974265564688825,task_014/cell_0742,29,67108864,0.5040412656962872,1,completed,128,20.0,0.988604463740566,1.4758421485213518
4,743,185e953d57699e678314593985abe20c62d7d129,cuda,1.0,8,0.5,mixture,0.9999999999999984,64,standard normal at finite u_max,0.18387345028172128,0.4082557450502301,unweighted,0.9999999999999987,8192,337420288,0.16758565688307892,task_015/cell_0743,0,67108864,0.489299226552248,1,completed,128,20.0,0.20661844543731056,0.4088729627909604
4,744,185e953d57699e678314593985abe20c62d7d129,cuda,1.0,8,0.5,mixture,0.004784351776239053,64,standard normal at finite u_max,0.48979200690694014,0.766382256044388,naive,0.0001220703125,8192,37777408,0.3538601652966753,task_016/cell_0744,55,4194304,0.21361710131168365,1,completed,128,20.0,0.9985350988960522,0.890897058716251
4,745,185e953d57699e678314593985abe20c62d7d129,cuda,1.0,8,0.5,mixture,0.010751684206444725,64,standard normal at finite u_max,0.5044459208284291,0.8006449920712204,unbiased,0.0001220703125,8192,37777408,0.4025523633463848,task_017/cell_0745,56,4194304,0.21535474061965942,1,completed,128,20.0,0.996703398030029,0.9441036881311755
4,746,185e953d57699e678314593985abe20c62d7d129,cuda,1.0,8,0.5,mixture,0.045286028495266244,64,standard normal at finite u_max,0.6904213302658837,1.525649208357555,cumulant,0.0001220703125,8192,38367232,0.6461398347033246,task_018/cell_0746,52,8388608,0.34926051646471024,1,completed,128,20.0,0.996465200546818,1.5671971740980901
4,747,185e953d57699e678314593985abe20c62d7d129,cuda,1.0,8,0.5,mixture,0.9478076154664724,64,standard normal at finite u_max,0.49780141153925234,1.1166293142358912,cv,0.00012305875239585292,8192,37777408,0.4512867217655583,task_019/cell_0747,33,4194304,0.29119617119431496,1,completed,128,20.0,0.9934261068757789,1.1244314654823016
4,748,185e953d57699e678314593985abe20c62d7d129,cuda,1.0,8,0.5,mixture,0.9651200898704567,64,standard normal at finite u_max,0.41757096809931465,1.0003306317015317,cv_cumulant,0.00013627318445452486,8192,38367232,0.4025734435311168,task_020/cell_0748,29,8388608,0.4625859893858433,1,completed,128,20.0,0.9897209058692924,1.0023540842901169
4,749,185e953d57699e678314593985abe20c62d7d129,cuda,1.0,8,0.5,mixture,0.9867685902771571,64,standard normal at finite u_max,0.4108878727890568,1.001020707800494,full,0.0002480680131131172,8192,337420288,0.4025734435311167,task_021/cell_0749,27,67108864,0.4972875081002712,2,completed,128,20.0,0.9880322901495967,1.001180185986418
4,750,185e953d57699e678314593985abe20c62d7d129,cuda,1.0,8,0.5,mixture,0.9999999999999984,64,standard normal at finite u_max,0.18355944673671587,0.40837742732087157,unweighted,0.9999999999999987,8192,337420288,0.16724996352370392,task_022/cell_0750,0,67108864,0.48533789068460464,2,completed,128,20.0,0.20617109169024733,0.40896999039385573
4,751,185e953d57699e678314593985abe20c62d7d129,cuda,1.0,8,0.5,mixture,0.0006770669861300116,64,standard normal at finite u_max,0.4387113866843062,0.7895735480971884,naive,0.0001220703125,8192,37777408,0.3538601652966754,task_023/cell_0751,55,4194304,0.20987114310264587,2,completed,128,20.0,0.9958800719484477,0.8661203597144683
4,752,185e953d57699e678314593985abe20c62d7d129,cuda,1.0,8,0.5,mixture,0.0024102286721254126,64,standard normal at finite u_max,0.481125775076895,0.6318609039391772,unbiased,0.0001220703125,8192,37777408,0.35386016529667547,task_024/cell_0752,56,4194304,0.22062605246901512,2,completed,128,20.0,0.994432769092026,0.9234249867884956
4,753,185e953d57699e678314593985abe20c62d7d129,cuda,1.0,8,0.5,mixture,0.06495947055987698,64,standard normal at finite u_max,0.5040983989160924,1.0666084399925329,cumulant,0.00012207031250004163,8192,38367232,0.4512867217655582,task_025/cell_0753,52,8388608,0.33989647775888443,2,completed,128,20.0,0.9934623934803699,1.1064081261742165
4,754,185e953d57699e678314593985abe20c62d7d129,cuda,1.0,8,0.5,mixture,0.9279469801475464,64,standard normal at finite u_max,0.4213714337804267,0.9878817971837193,cv,0.000122072137554754,8192,37777408,0.4025734435311169,task_026/cell_0754,33,4194304,0.2769536226987839,2,completed,128,20.0,0.9913606497679147,0.9945581436378922
4,755,185e953d57699e678314593985abe20c62d7d129,cuda,1.0,8,0.5,mixture,0.6082647780729182,64,standard normal at finite u_max,0.460188750344556,1.1131003300884292,cv_cumulant,0.00012221077124035336,8192,38367232,0.45128672176555834,task_027/cell_0755,28,8388608,0.4782395139336586,2,completed,128,20.0,0.989783153834457,1.1146089047907588
4,756,185e953d57699e678314593985abe20c62d7d129,cuda,1.0,8,0.5,mixture,0.9855330281330895,64,standard normal at finite u_max,0.4572594563832931,1.1082351161656359,full,0.00033160657911981257,8192,337420288,0.4512867217655585,task_000/cell_0756,28,67108864,0.50225879997015,3,completed,128,20.0,0.9880010266411883,1.1083142815441145
4,757,185e953d57699e678314593985abe20c62d7d129,cuda,1.0,8,0.5,mixture,0.9999999999999984,64,standard normal at finite u_max,0.17835680560361872,0.39545866882521635,unweighted,0.9999999999999987,8192,337420288,0.16245870375807892,task_001/cell_0757,0,67108864,0.49153362214565277,3,completed,128,20.0,0.20639183749490775,0.39606757970066375
4,758,185e953d57699e678314593985abe20c62d7d129,cuda,1.0,8,0.5,mixture,0.001064256636657484,64,standard normal at finite u_max,0.5969227084580364,0.9789452075827985,naive,0.0001220703125,8192,37777408,0.4512867217655585,task_002/cell_0758,55,4194304,0.21999936178326607,3,completed,128,20.0,0.9978395063985209,1.0726946638583847
4,759,185e953d57699e678314593985abe20c62d7d129,cuda,1.0,8,0.5,mixture,0.0013701711350780786,64,standard normal at finite u_max,0.48033774306409427,0.8157922238520753,unbiased,0.0001220703125,8192,37777408,0.40257344353111707,task_003/cell_0759,56,4194304,0.2169082574546337,3,completed,128,20.0,0.9966825552149466,0.9586094800002093
4,760,185e953d57699e678314593985abe20c62d7d129,cuda,1.0,8,0.5,mixture,0.04015813059525832,64,standard normal at finite u_max,0.4914400141869044,0.7975336004185787,cumulant,0.0001220703125,8192,38367232,0.35386016529667524,task_004/cell_0760,51,8388608,0.350501224398613,3,completed,128,20.0,0.9985351778954557,0.9007207028276665
4,761,185e953d57699e678314593985abe20c62d7d129,cuda,1.0,8,0.5,mixture,0.945384400002266,64,standard normal at finite u_max,0.48146449059269647,1.1280555645418326,cv,0.0001220703170236593,8192,37777408,0.4512867217655586,task_005/cell_0761,34,4194304,0.27924979478120804,3,completed,128,20.0,0.9917997311920882,1.1335038145437568
4,762,185e953d57699e678314593985abe20c62d7d129,cuda,1.0,8,0.5,mixture,0.6296584725951808,64,standard normal at finite u_max,0.5187462994216248,1.2493178973938188,cv_cumulant,0.00012332352844729954,8192,38367232,0.5000000000000002,task_006/cell_0762,30,8388608,0.491825595498085,3,completed,128,20.0,0.9897592455087859,1.2498710726617657
4,763,185e953d57699e678314593985abe20c62d7d129,cuda,1.0,8,0.5,mixture,0.9843353674169766,64,standard normal at finite u_max,0.506326788041885,1.2479384966930072,full,0.0005353978125132823,8192,337420288,0.5000000000000004,task_007/cell_0763,27,67108864,0.4997897259891033,4,completed,128,20.0,0.988087741855569,1.2479879383879628
4,764,185e953d57699e678314593985abe20c62d7d129,cuda,1.0,8,0.5,mixture,0.9999999999999984,64,standard normal at finite u_max,0.18159764610203197,0.401525748522713,unweighted,0.9999999999999987,8192,337420288,0.16453389907057892,task_008/cell_0764,0,67108864,0.48831677436828613,4,completed,128,20.0,0.2063431938907548,0.40210934866305403
4,765,185e953d57699e678314593985abe20c62d7d129,cuda,1.0,8,0.5,mixture,0.003444756236199026,64,standard normal at finite u_max,0.43130552965721436,0.727134445212512,naive,0.0001220703125146133,8192,37777408,0.3051468870622338,task_009/cell_0765,55,4194304,0.21663618087768555,4,completed,128,20.0,0.9979043165944965,0.7906291463656611
4,766,185e953d57699e678314593985abe20c62d7d129,cuda,1.0,8,0.5,mixture,0.0002478126870306932,64,standard normal at finite u_max,0.5461242107998776,0.9269982397822779,unbiased,0.0001220703125,8192,37777408,0.4025734435311169,task_010/cell_0766,56,4194304,0.2163001373410225,4,completed,128,20.0,0.9951147347501623,0.9944298848138082
4,767,185e953d57699e678314593985abe20c62d7d129,cuda,1.0,8,0.5,mixture,0.05733731374161431,64,standard normal at finite u_max,0.5341891544411378,1.1707192070897479,cumulant,0.0001220703125,8192,38367232,0.5,task_011/cell_0767,51,8388608,0.34528690204024315,4,completed,128,20.0,0.9959489597768834,1.2158695127254093
4,768,185e953d57699e678314593985abe20c62d7d129,cuda,1.0,8,0.5,mixture,0.9140976867084958,64,standard normal at finite u_max,0.38496615840750864,0.8503047463599712,cv,0.00012210615764928867,8192,37777408,0.3538601652966752,task_012/cell_0768,32,4194304,0.2736511081457138,4,completed,128,20.0,0.9925286742943495,0.8797964359216206
4,769,185e953d57699e678314593985abe20c62d7d129,cuda,1.0,8,0.5,mixture,0.5818425875281535,64,standard normal at finite u_max,0.5123024447629139,1.2377289492930243,cv_cumulant,0.00015426765776282287,8192,38367232,0.49999999999999994,task_013/cell_0769,29,8388608,0.4840406998991966,4,completed,128,20.0,0.9895012399353635,1.2395354606349798
4,770,185e953d57699e678314593985abe20c62d7d129,cuda,1.0,8,0.5,mixture,0.6403560655065165,64,standard normal at finite u_max,0.1805817189067861,0.37724739440226696,full,0.2080937027486914,8192,337420288,0.15219325476058532,task_014/cell_0770,35,268435456,1.9301129095256329,0,completed,512,20.0,0.3239297474371693,0.3879978941357993
4,771,185e953d57699e678314593985abe20c62d7d129,cuda,1.0,8,0.5,mixture,0.9999999999999984,64,standard normal at finite u_max,0.18710493934982403,0.4025737044745718,unweighted,0.9999999999999987,8192,337420288,0.1652510621565164,task_015/cell_0771,0,268435456,1.926004622131586,0,completed,512,20.0,0.20590912418865745,0.40396438551266745
4,772,185e953d57699e678314593985abe20c62d7d129,cuda,1.0,8,0.5,mixture,0.7999850769066628,64,standard normal at finite u_max,0.7162179071470991,1.6781379641396619,naive,0.0001220898182349918,8192,37777408,0.6948531129377662,task_016/cell_0772,177,16777216,0.821668304502964,0,completed,512,20.0,0.9958154623800293,1.69375374739781
4,773,185e953d57699e678314593985abe20c62d7d129,cuda,1.0,8,0.5,mixture,0.7837338557665977,64,standard normal at finite u_max,0.7110909978622325,1.6423627378247174,unbiased,0.00012207055751376256,8192,37777408,0.6948531129377662,task_017/cell_0773,180,16777216,0.8282790668308735,0,completed,512,20.0,0.9960452726170399,1.661742236951152
4,774,185e953d57699e678314593985abe20c62d7d129,cuda,1.0,8,0.5,mixture,0.5101970242008671,64,standard normal at finite u_max,0.7060659591957792,1.7037602885349141,cumulant,0.0001220703362948967,8192,38367232,0.6948531129377661,task_018/cell_0774,150,33554432,1.3411382958292961,0,completed,512,20.0,0.9918463136783151,1.7047216460668686
4,775,185e953d57699e678314593985abe20c62d7d129,cuda,1.0,8,0.5,mixture,0.9997184554025977,64,standard normal at finite u_max,0.398021437960432,0.8964261308377108,cv,0.001577808603813107,8192,37777408,0.35386016529667547,task_019/cell_0775,85,16777216,1.1211796514689922,0,completed,512,20.0,0.9893031169508261,0.8992906295660776
4,776,185e953d57699e678314593985abe20c62d7d129,cuda,1.0,8,0.5,mixture,0.959644483338418,64,standard normal at finite u_max,0.1855234729459309,0.4125622044843894,cv_cumulant,0.060256298670649876,8192,38367232,0.16532003401741527,task_020/cell_0776,40,33554432,1.7979161329567432,0,completed,512,20.0,0.371031995655499,0.41447851749316
4,777,185e953d57699e678314593985abe20c62d7d129,cuda,1.0,8,0.5,mixture,0.9460175841110813,64,standard normal at finite u_max,0.46245529101049926,1.1144103134949452,full,0.1406784617720395,8192,337420288,0.44363616579415527,task_021/cell_0777,40,268435456,1.9050260074436665,1,completed,512,20.0,0.9525703378853254,1.114469524180518
4,778,185e953d57699e678314593985abe20c62d7d129,cuda,1.0,8,0.5,mixture,0.9999999999999984,64,standard normal at finite u_max,0.1886988507338651,0.40500792903462907,unweighted,0.9999999999999987,8192,337420288,0.16657857680495392,task_022/cell_0778,0,268435456,1.897044375538826,1,completed,512,20.0,0.20719959460181042,0.4064566879264342
4,779,185e953d57699e678314593985abe20c62d7d129,cuda,1.0,8,0.5,mixture,0.9894904116594568,64,standard normal at finite u_max,0.7063322473328988,1.6160161421687362,naive,0.00012207032306271257,8192,37777408,0.6948531129377657,task_023/cell_0779,177,16777216,0.7973096072673798,1,completed,512,20.0,0.9955849921039768,1.6443904271181864
4,780,185e953d57699e678314593985abe20c62d7d129,cuda,1.0,8,0.5,mixture,0.8133624798605879,64,standard normal at finite u_max,0.7007580858593836,1.620380144474483,unbiased,0.00012207031308642848,8192,37777408,0.6948531129377666,task_024/cell_0780,180,16777216,0.8473615385591984,1,completed,512,20.0,0.994716819155412,1.6440908916008228
4,781,185e953d57699e678314593985abe20c62d7d129,cuda,1.0,8,0.5,mixture,0.9349351221025894,64,standard normal at finite u_max,0.6809860913019072,1.5798115723388957,cumulant,0.00012207076971453162,8192,38367232,0.6461398347033247,task_025/cell_0781,150,33554432,1.3082868345081806,1,completed,512,20.0,0.9946502695467626,1.5897402337883706
4,782,185e953d57699e678314593985abe20c62d7d129,cuda,1.0,8,0.5,mixture,0.9227907551911425,64,standard normal at finite u_max,0.3295903885626451,0.761501114448756,cv,0.0034580253737927433,8192,37777408,0.3051468870622338,task_026/cell_0782,82,16777216,1.0638903602957726,1,completed,512,20.0,0.9891938232044497,0.7635686866515969
4,783,185e953d57699e678314593985abe20c62d7d129,cuda,1.0,8,0.5,mixture,0.8163375915439677,64,standard normal at finite u_max,0.34371798148123645,0.8288269220652876,cv_cumulant,0.12545458939842882,8192,38367232,0.33506921307891213,task_027/cell_0783,41,33554432,1.864762857556343,1,completed,512,20.0,0.41730048996398483,0.8291346725397037
4,784,185e953d57699e678314593985abe20c62d7d129,cuda,1.0,8,0.5,mixture,0.9437454926076837,64,standard normal at finite u_max,0.4637756713469305,1.0913532586761465,full,0.18827952216450694,8192,337420288,0.45035607571508185,task_000/cell_0784,36,268435456,1.9147889092564583,2,completed,512,20.0,0.9849629221759155,1.096334948801942
4,785,185e953d57699e678314593985abe20c62d7d129,cuda,1.0,8,0.5,mixture,0.9999999999999984,64,standard normal at finite u_max,0.1880888656742894,0.4055778887401219,unweighted,0.9999999999999987,8192,337420288,0.16642598891432892,task_001/cell_0785,0,268435456,1.8848580196499825,2,completed,512,20.0,0.20842957359253986,0.4067874330134915
4,786,185e953d57699e678314593985abe20c62d7d129,cuda,1.0,8,0.5,mixture,0.8535090341056691,64,standard normal at finite u_max,0.7097385176051245,1.6413939676801932,naive,0.00012207059545495745,8192,37777408,0.694853112937766,task_002/cell_0786,176,16777216,0.8409066908061504,2,completed,512,20.0,0.9959343361412667,1.6642531821148938
4,787,185e953d57699e678314593985abe20c62d7d129,cuda,1.0,8,0.5,mixture,0.794496743364415,64,standard normal at finite u_max,0.7085580765776881,1.6242832742500546,unbiased,0.00012207035351141508,8192,37777408,0.6948531129377666,task_003/cell_0787,180,16777216,0.8367471657693386,2,completed,512,20.0,0.9957599314079318,1.6505854601858219
4,788,185e953d57699e678314593985abe20c62d7d129,cuda,1.0,8,0.5,mixture,0.5758481876526753,64,standard normal at finite u_max,0.6105939696260776,1.440329137593067,cumulant,0.0001220703188120283,8192,38367232,0.5974265564688832,task_004/cell_0788,149,33554432,1.3513819947838783,2,completed,512,20.0,0.9933427008707412,1.4580681281165804
4,789,185e953d57699e678314593985abe20c62d7d129,cuda,1.0,8,0.5,mixture,0.9663747550478999,64,standard normal at finite u_max,0.28802722981109374,0.6778596970498845,cv,0.006044810390514134,8192,37777408,0.27309492281522196,task_005/cell_0789,78,16777216,1.0773535296320915,2,completed,512,20.0,0.6664362641314432,0.6787052352693355
4,790,185e953d57699e678314593985abe20c62d7d129,cuda,1.0,8,0.5,mixture,0.7954139888855385,64,standard normal at finite u_max,0.10216553390277155,0.20205395718160674,cv_cumulant,0.11305598496167779,8192,38367232,0.08147481887938016,task_006/cell_0790,41,33554432,1.9079036489129066,2,completed,512,20.0,0.14865550162098368,0.20488470848075976
4,791,185e953d57699e678314593985abe20c62d7d129,cuda,1.0,8,0.5,mixture,0.921511028649391,64,standard normal at finite u_max,0.2492401440061515,0.5785853578567512,full,0.2255042087502447,8192,337420288,0.229507349223813,task_007/cell_0791,32,268435456,1.9213291332125664,3,completed,512,20.0,0.4685532623015535,0.57870848897812
4,792,185e953d57699e678314593985abe20c62d7d129,cuda,1.0,8,0.5,mixture,0.9999999999999984,64,standard normal at finite u_max,0.18585717944383087,0.39797474839409863,unweighted,0.9999999999999987,8192,337420288,0.16352681899245392,task_008/cell_0792,0,268435456,1.882596492767334,3,completed,512,20.0,0.20598164310407532,0.3992773709526174
4,793,185e953d57699e678314593985abe20c62d7d129,cuda,1.0,8,0.5,mixture,0.8471321904488615,64,standard normal at finite u_max,0.7003782775225056,1.6184756581470627,naive,0.0001221025579087083,8192,37777408,0.6948531129377661,task_009/cell_0793,177,16777216,0.8183692321181297,3,completed,512,20.0,0.9950187465875131,1.6419772826681327
4,794,185e953d57699e678314593985abe20c62d7d129,cuda,1.0,8,0.5,mixture,0.7759838211829203,64,standard normal at finite u_max,0.7063126621626923,1.6284532799808544,unbiased,0.0001220703140448719,8192,37777408,0.6948531129377664,task_010/cell_0794,179,16777216,0.8277212642133236,3,completed,512,20.0,0.9963426407012502,1.6544072582275984
4,795,185e953d57699e678314593985abe20c62d7d129,cuda,1.0,8,0.5,mixture,0.9930839368358436,64,standard normal at finite u_max,0.7101631182891581,1.6885727107669983,cumulant,0.0001220703125010547,8192,38367232,0.6948531129377666,task_011/cell_0795,152,33554432,1.331961840391159,3,completed,512,20.0,0.9929862935067182,1.6918953852510286
4,796,185e953d57699e678314593985abe20c62d7d129,cuda,1.0,8,0.5,mixture,0.6582806703936679,64,standard normal at finite u_max,0.28892939176391197,0.6529524021331242,cv,0.033646831384412115,8192,37777408,0.25860501167634997,task_012/cell_0796,78,16777216,1.048262245953083,3,completed,512,20.0,0.6645684761012906,0.6531636604063801
4,797,185e953d57699e678314593985abe20c62d7d129,cuda,1.0,8,0.5,mixture,0.7090816611352126,64,standard normal at finite u_max,0.18454756003918624,0.40586675001276007,cv_cumulant,0.12143336827090769,8192,38367232,0.16048554694549558,task_013/cell_0797,41,33554432,1.8765039891004562,3,completed,512,20.0,0.2762600487445016,0.40610349761903414
4,798,185e953d57699e678314593985abe20c62d7d129,cuda,1.0,8,0.5,mixture,0.9667532799050378,64,standard normal at finite u_max,0.5082287257299316,1.2248981862487924,full,0.1082455615983244,8192,337420288,0.498064027836445,task_014/cell_0798,36,268435456,1.920927669852972,4,completed,512,20.0,0.9794500368278587,1.2251347939161483
4,799,185e953d57699e678314593985abe20c62d7d129,cuda,1.0,8,0.5,mixture,0.9999999999999984,64,standard normal at finite u_max,0.18617101030088157,0.400876077539281,unweighted,0.9999999999999987,8192,337420288,0.16470174575026642,task_015/cell_0799,0,268435456,1.9196318946778774,4,completed,512,20.0,0.20681575555458043,0.40218699854905104
4,800,185e953d57699e678314593985abe20c62d7d129,cuda,1.0,8,0.5,mixture,0.8498274193067901,64,standard normal at finite u_max,0.7114807358288175,1.6388636956835745,naive,0.00012207496645331726,8192,37777408,0.6948531129377662,task_016/cell_0800,176,16777216,0.8230621963739395,4,completed,512,20.0,0.9969827740215206,1.6653523502105636
4,801,185e953d57699e678314593985abe20c62d7d129,cuda,1.0,8,0.5,mixture,0.7900096474883286,64,standard normal at finite u_max,0.7009703245424364,1.6209961425779462,unbiased,0.00012207033182153366,8192,37777408,0.694853112937766,task_017/cell_0801,178,16777216,0.8274929001927376,4,completed,512,20.0,0.9944363424413794,1.6364665170603858
4,802,185e953d57699e678314593985abe20c62d7d129,cuda,1.0,8,0.5,mixture,0.7981765090391969,64,standard normal at finite u_max,0.6774259474357767,1.5926886884156657,cumulant,0.00012207311941950014,8192,38367232,0.6461398347033245,task_018/cell_0802,151,33554432,1.345346599817276,4,completed,512,20.0,0.9946713351741752,1.596708290965805
4,803,185e953d57699e678314593985abe20c62d7d129,cuda,1.0,8,0.5,mixture,0.6150454392664629,64,standard normal at finite u_max,0.3117415802897221,0.7144847574988102,cv,0.007541494373088702,8192,37777408,0.28409249261858416,task_019/cell_0803,79,16777216,1.1151720769703388,4,completed,512,20.0,0.7268253004524108,0.715801341742605
4,804,185e953d57699e678314593985abe20c62d7d129,cuda,1.0,8,0.5,mixture,0.6263706942857062,64,standard normal at finite u_max,0.18877903231753373,0.415548365823317,cv_cumulant,0.13813903028265112,8192,38367232,0.16856333898385717,task_020/cell_0804,42,33554432,1.7981980554759502,4,completed,512,20.0,0.2766747600893946,0.423217236739257
4,805,185e953d57699e678314593985abe20c62d7d129,cuda,1.0,8,0.5,mixture,0.9224111826834085,64,standard normal at finite u_max,0.3499065101953396,0.8387903059154674,full,0.40957410783177656,8192,337420288,0.3401175990073674,task_021/cell_0805,38,1073741824,7.499984927475452,0,completed,2048,20.0,0.6534809424980197,0.8405389592374295
4,806,185e953d57699e678314593985abe20c62d7d129,cuda,1.0,8,0.5,mixture,0.9999999999999984,64,standard normal at finite u_max,0.19087174529310946,0.4058921378348028,unweighted,0.9999999999999987,8192,337420288,0.16642598891432892,task_022/cell_0806,0,1073741824,7.50520896166563,0,completed,2048,20.0,0.20680511719049116,0.40741374923628304
4,807,185e953d57699e678314593985abe20c62d7d129,cuda,1.0,8,0.5,mixture,0.525270189444724,64,standard normal at finite u_max,0.705807450562136,1.7214596269179032,naive,0.0001583749642376617,8192,37777408,0.6948531129377659,task_023/cell_0807,538,67108864,3.0907781571149826,0,completed,2048,20.0,0.9916968786452063,1.72206499952684
4,808,185e953d57699e678314593985abe20c62d7d129,cuda,1.0,8,0.5,mixture,0.5505252140502924,64,standard normal at finite u_max,0.7027951496807466,1.7064636389059797,unbiased,0.0001229977161278469,8192,37777408,0.6948531129377662,task_024/cell_0808,533,67108864,3.283614821732044,0,completed,2048,20.0,0.9922232242692979,1.7080324047589597
4,809,185e953d57699e678314593985abe20c62d7d129,cuda,1.0,8,0.5,mixture,0.8363630852167226,64,standard normal at finite u_max,0.49590832491499415,1.2114922524796667,cumulant,0.0001415756416022834,8192,38367232,0.49290056532332815,task_025/cell_0809,324,134217728,5.092738855630159,0,completed,2048,20.0,0.9553736348728864,1.2121399296575495
4,810,185e953d57699e678314593985abe20c62d7d129,cuda,1.0,8,0.5,mixture,0.846130537176126,64,standard normal at finite u_max,0.4009713277554248,0.9308622343728128,cv,0.3239553898517659,8192,37777408,0.3738023096456843,task_026/cell_0810,48,67108864,4.122410409152508,0,completed,2048,20.0,0.8577469607206913,0.9350730877210929
4,811,185e953d57699e678314593985abe20c62d7d129,cuda,1.0,8,0.5,mixture,0.5618155087567704,64,standard normal at finite u_max,0.14900252711791032,0.3078635744811633,cv_cumulant,0.40808095337965467,8192,38367232,0.1236835722750706,task_027/cell_0811,35,134217728,7.380054913461208,0,completed,2048,20.0,0.23102896697398131,0.31037217080217927
4,812,185e953d57699e678314593985abe20c62d7d129,cuda,1.0,8,0.5,mixture,0.513586926491649,64,standard normal at finite u_max,0.46214735096627774,1.0237779435652627,full,0.4259168820762555,8192,337420288,0.4159478317389359,task_000/cell_0812,37,1073741824,7.559373170137405,1,completed,2048,20.0,0.8277500360711812,1.0359230100859078
4,813,185e953d57699e678314593985abe20c62d7d129,cuda,1.0,8,0.5,mixture,0.9999999999999984,64,standard normal at finite u_max,0.1878455941556752,0.40045609860245446,unweighted,0.9999999999999987,8192,337420288,0.16421346450026642,task_001/cell_0813,0,1073741824,7.489734478294849,1,completed,2048,20.0,0.20531215359090102,0.402028720752612
4,814,185e953d57699e678314593985abe20c62d7d129,cuda,1.0,8,0.5,mixture,0.8402334622470005,64,standard normal at finite u_max,0.7083958997797429,1.7147394628607444,naive,0.00015138877172633848,8192,37777408,0.6948531129377659,task_002/cell_0814,530,67108864,3.275728765875101,1,completed,2048,20.0,0.9931389716489794,1.715950268201798
4,815,185e953d57699e678314593985abe20c62d7d129,cuda,1.0,8,0.5,mixture,0.6112343264985378,64,standard normal at finite u_max,0.7015110875273596,1.6993886925054325,unbiased,0.00015876965003678206,8192,37777408,0.6948531129377662,task_003/cell_0815,515,67108864,3.2275115624070168,1,completed,2048,20.0,0.9924705767453433,1.700570117606003
4,816,185e953d57699e678314593985abe20c62d7d129,cuda,1.0,8,0.5,mixture,0.9959583851049666,64,standard normal at finite u_max,0.5464391285712695,1.2683629680904942,cumulant,0.0002131785574483745,8192,38367232,0.5000000000000002,task_004/cell_0816,331,134217728,5.268578805029392,1,completed,2048,20.0,0.9909615512342254,1.268711371282587
4,817,185e953d57699e678314593985abe20c62d7d129,cuda,1.0,8,0.5,mixture,0.9046936400818238,64,standard normal at finite u_max,0.5556422704644033,1.348333905956237,cv,0.3436649032081061,8192,37777408,0.5468378657317545,task_005/cell_0817,46,67108864,4.158255353569984,1,completed,2048,20.0,0.9802240086674605,1.3483991595941667
4,818,185e953d57699e678314593985abe20c62d7d129,cuda,1.0,8,0.5,mixture,0.9473189462722097,64,standard normal at finite u_max,0.25080241188466573,0.5891275171775149,cv_cumulant,0.39265158455562504,8192,38367232,0.2361543735107404,task_006/cell_0818,36,134217728,7.528258178383112,1,completed,2048,20.0,0.40122637904077907,0.5912129519173814
4,819,185e953d57699e678314593985abe20c62d7d129,cuda,1.0,8,0.5,mixture,0.9710076404677946,64,standard normal at finite u_max,0.28367544168113507,0.6728968244633939,full,0.42803222265328333,8192,337420288,0.27373502676997463,task_007/cell_0819,39,1073741824,7.575557596981525,2,completed,2048,20.0,0.6580882760727403,0.674243663627589
4,820,185e953d57699e678314593985abe20c62d7d129,cuda,1.0,8,0.5,mixture,0.9999999999999984,64,standard normal at finite u_max,0.19005743575208556,0.40685175496748294,unweighted,0.9999999999999987,8192,337420288,0.16668538832839142,task_008/cell_0820,0,1073741824,7.476098999381065,2,completed,2048,20.0,0.20599585241301202,0.4083389963215802
4,821,185e953d57699e678314593985abe20c62d7d129,cuda,1.0,8,0.5,mixture,0.9463892311335617,64,standard normal at finite u_max,0.723553707798598,1.7247908747234766,naive,0.00012813875939531223,8192,37777408,0.6948531129377664,task_009/cell_0821,535,67108864,3.1747655123472214,2,completed,2048,20.0,0.9939569066156344,1.7278644153517488
4,822,185e953d57699e678314593985abe20c62d7d129,cuda,1.0,8,0.5,mixture,0.8185276386262501,64,standard normal at finite u_max,0.6988986529504595,1.688579823787145,unbiased,0.00013551070453457327,8192,37777408,0.6948531129377661,task_010/cell_0822,509,67108864,3.211316015571356,2,completed,2048,20.0,0.9916383743965975,1.6912245314394863
4,823,185e953d57699e678314593985abe20c62d7d129,cuda,1.0,8,0.5,mixture,0.5220378999656502,64,standard normal at finite u_max,0.37519513881417826,0.8784356927807739,cumulant,0.0003640459666600351,8192,38367232,0.3538601652966753,task_011/cell_0823,326,134217728,5.193676024675369,2,completed,2048,20.0,0.9895498897540957,0.8788746713722841
4,824,185e953d57699e678314593985abe20c62d7d129,cuda,1.0,8,0.5,mixture,0.9424016635057885,64,standard normal at finite u_max,0.4190078426016227,1.023826392878617,cv,0.3827514088331305,8192,37777408,0.4102422107888726,task_012/cell_0824,46,67108864,4.072970442473888,2,completed,2048,20.0,0.8263043899588696,1.0239307454918074
4,825,185e953d57699e678314593985abe20c62d7d129,cuda,1.0,8,0.5,mixture,0.6819461891508648,64,standard normal at finite u_max,0.3131035993711823,0.7401039370232853,cv_cumulant,0.37350149384008197,8192,38367232,0.29808214118556486,task_013/cell_0825,40,134217728,7.446453437209129,2,completed,2048,20.0,0.7823077358071012,0.740871739859882
4,826,185e953d57699e678314593985abe20c62d7d129,cuda,1.0,8,0.5,mixture,0.9510991135092992,64,standard normal at finite u_max,0.2978179308160053,0.6933364525185202,full,0.42550847050448587,8192,337420288,0.2784191166886524,task_014/cell_0826,36,1073741824,7.60657175630331,3,completed,2048,20.0,0.6614903537672399,0.6951939688663826
4,827,185e953d57699e678314593985abe20c62d7d129,cuda,1.0,8,0.5,mixture,0.9999999999999984,64,standard normal at finite u_max,0.18939416673480713,0.4048679919966933,unweighted,0.9999999999999987,8192,337420288,0.16610555434401642,task_015/cell_0827,0,1073741824,7.62685726583004,3,completed,2048,20.0,0.20648440934819234,0.4063578389286502
4,828,185e953d57699e678314593985abe20c62d7d129,cuda,1.0,8,0.5,mixture,0.5999076312595019,64,standard normal at finite u_max,0.6521095444877401,1.576385687049422,naive,0.0001314916447802714,8192,37777408,0.6461398347033248,task_016/cell_0828,534,67108864,3.1212547346949577,3,completed,2048,20.0,0.9913073486425523,1.5843700382872576
4,829,185e953d57699e678314593985abe20c62d7d129,cuda,1.0,8,0.5,mixture,0.7373892535047928,64,standard normal at finite u_max,0.7015282911584907,1.7080691627333688,unbiased,0.0001387128372410646,8192,37777408,0.6948531129377662,task_017/cell_0829,517,67108864,3.2031497582793236,3,completed,2048,20.0,0.9917961761255139,1.7095981459481875
4,830,185e953d57699e678314593985abe20c62d7d129,cuda,1.0,8,0.5,mixture,0.5632305993118497,64,standard normal at finite u_max,0.4355382775899142,0.9989660475401718,cumulant,0.00013715735747707857,8192,38367232,0.402573443531117,task_018/cell_0830,324,134217728,5.238706685602665,3,completed,2048,20.0,0.9900183376882264,1.0008708741721457
4,831,185e953d57699e678314593985abe20c62d7d129,cuda,1.0,8,0.5,mixture,0.9995526257458255,64,standard normal at finite u_max,0.29025867682589473,0.6179690733882152,cv,0.21414198686861602,8192,37777408,0.2527497437358303,task_019/cell_0831,46,67108864,4.300150007009506,3,completed,2048,20.0,0.4545747539292493,0.6244018120052519
4,832,185e953d57699e678314593985abe20c62d7d129,cuda,1.0,8,0.5,mixture,0.7760191206101795,64,standard normal at finite u_max,0.35899915235234536,0.8540117763993058,cv_cumulant,0.4405244049768744,8192,38367232,0.3439034151371099,task_020/cell_0832,37,134217728,7.114386074244976,3,completed,2048,20.0,0.7322631766587536,0.854591295599515
4,833,185e953d57699e678314593985abe20c62d7d129,cuda,1.0,8,0.5,mixture,0.999549037030863,64,standard normal at finite u_max,0.4751497225315406,1.127806787136047,full,0.3787581138824577,8192,337420288,0.45921833112483496,task_021/cell_0833,36,1073741824,7.497153040021658,4,completed,2048,20.0,0.8029785459251084,1.131561204575072
4,834,185e953d57699e678314593985abe20c62d7d129,cuda,1.0,8,0.5,mixture,0.9999999999999984,64,standard normal at finite u_max,0.1857906840364164,0.3954183873805631,unweighted,0.9999999999999987,8192,337420288,0.1622908570783914,task_022/cell_0834,0,1073741824,7.511238791048527,4,completed,2048,20.0,0.2057353962519744,0.39694710449987314
4,835,185e953d57699e678314593985abe20c62d7d129,cuda,1.0,8,0.5,mixture,0.9328245120639314,64,standard normal at finite u_max,0.7224606958580462,1.7464865457045273,naive,0.00012715511138035746,8192,37777408,0.6948531129377666,task_023/cell_0835,530,67108864,3.0915104001760483,4,completed,2048,20.0,0.9938000691973164,1.7485964368376923
4,836,185e953d57699e678314593985abe20c62d7d129,cuda,1.0,8,0.5,mixture,0.5384783399706923,64,standard normal at finite u_max,0.7032986094905139,1.7039144268873412,unbiased,0.00012549144346507278,8192,37777408,0.6948531129377657,task_024/cell_0836,511,67108864,3.2759866677224636,4,completed,2048,20.0,0.9923401193325085,1.705039958906284
4,837,185e953d57699e678314593985abe20c62d7d129,cuda,1.0,8,0.5,mixture,0.5520924484872749,64,standard normal at finite u_max,0.2833567630180795,0.6601053958932557,cumulant,0.0001928956200664841,8192,38367232,0.2661002577438618,task_025/cell_0837,320,134217728,5.106278833001852,4,completed,2048,20.0,0.42621244919702606,0.6655371225807625
4,838,185e953d57699e678314593985abe20c62d7d129,cuda,1.0,8,0.5,mixture,0.8841207675644773,64,standard normal at finite u_max,0.2232186010978361,0.47930280817021625,cv,0.4126362030192814,8192,37777408,0.19493945083828113,task_026/cell_0838,43,67108864,4.107726074755192,4,completed,2048,20.0,0.22910737914103071,0.4825519398012365
4,839,185e953d57699e678314593985abe20c62d7d129,cuda,1.0,8,0.5,mixture,0.8829671611961388,64,standard normal at finite u_max,0.22043360389949068,0.4924430662796451,cv_cumulant,0.42201202683454153,8192,38367232,0.19752558349433344,task_027/cell_0839,38,134217728,7.404133185744286,4,completed,2048,20.0,0.3184531450342605,0.49726252286085165
4,840,185e953d57699e678314593985abe20c62d7d129,cuda,1.0,1,0.5,weak_mixture,0.8984521022698497,16,standard normal at finite u_max,0.01926973817226918,0.019558020931012006,full,0.45264832347046025,8192,10948608,0.013517082829732852,task_000/cell_0840,1,16777216,0.15937618166208267,0,completed,128,20.0,0.06346655591842643,0.02075914499086262
4,841,185e953d57699e678314593985abe20c62d7d129,cuda,1.0,1,0.5,weak_mixture,0.9999999999999984,16,standard normal at finite u_max,0.048577768305881786,0.002953356503002196,unweighted,0.9999999999999987,8192,10948608,0.00040422466665757106,task_001/cell_0841,0,16777216,0.153202623128891,0,completed,128,20.0,0.3093202850358874,0.06471976851531079
4,842,185e953d57699e678314593985abe20c62d7d129,cuda,1.0,1,0.5,weak_mixture,0.8126495867838063,16,standard normal at finite u_max,0.019262115096416316,0.01954402230553929,naive,0.48672199098803876,8192,5179904,0.014397948278155437,task_002/cell_0842,1,4194304,0.19755901023745537,0,completed,128,20.0,0.08595911109373833,0.021856916036929436
4,843,185e953d57699e678314593985abe20c62d7d129,cuda,1.0,1,0.5,weak_mixture,0.8678697720169023,16,standard normal at finite u_max,0.01828668338302919,0.01753722102553908,unbiased,0.4560000048732865,8192,5179904,0.01176666038355434,task_003/cell_0843,1,4194304,0.19608265161514282,0,completed,128,20.0,0.08019854586001296,0.019724009892391373
4,844,185e953d57699e678314593985abe20c62d7d129,cuda,1.0,1,0.5,weak_mixture,0.8883137128043498,16,standard normal at finite u_max,0.0159373054605893,0.015231238882756666,cumulant,0.49469442907220423,8192,5310976,0.007581798156822694,task_004/cell_0844,1,8388608,0.32743920385837555,0,completed,128,20.0,0.049925850165498664,0.016886622665995114
4,845,185e953d57699e678314593985abe20c62d7d129,cuda,1.0,1,0.5,weak_mixture,0.9065122857919096,16,standard normal at finite u_max,0.017738165180954668,0.013485817877833851,cv,0.47851708426132106,8192,5179904,0.011615673874876387,task_005/cell_0845,1,4194304,0.263250507414341,0,completed,128,20.0,0.11525778917616747,0.021433014466592896
4,846,185e953d57699e678314593985abe20c62d7d129,cuda,1.0,1,0.5,weak_mixture,0.8967887642180887,16,standard normal at finite u_max,0.011520976333599109,0.011440364545022742,cv_cumulant,0.485140838557725,8192,5310976,0.011114159154471004,task_006/cell_0846,1,8388608,0.4731709733605385,0,completed,128,20.0,0.027356541782214583,0.013043753706823667
4,847,185e953d57699e678314593985abe20c62d7d129,cuda,1.0,1,0.5,weak_mixture,0.8296129871474992,16,standard normal at finite u_max,0.02527902664063919,0.024865332342588115,full,0.4942079566993526,8192,10948608,0.02140555534137223,task_007/cell_0847,1,16777216,0.1552225425839424,1,completed,128,20.0,0.017157758362572384,0.026486667059012547
4,848,185e953d57699e678314593985abe20c62d7d129,cuda,1.0,1,0.5,weak_mixture,0.9999999999999984,16,standard normal at finite u_max,0.04863884371838195,0.005136958480579287,unweighted,0.9999999999999987,8192,10948608,0.005164966854157571,task_008/cell_0848,0,16777216,0.15193770825862885,1,completed,128,20.0,0.2900362660089152,0.05958766571481276
4,849,185e953d57699e678314593985abe20c62d7d129,cuda,1.0,1,0.5,weak_mixture,0.8041495698042771,16,standard normal at finite u_max,0.02753114564553838,0.02498660745171869,naive,0.4959607585402969,8192,5179904,0.017197027625358963,task_009/cell_0849,1,4194304,0.19117571413516998,1,completed,128,20.0,0.08410460746485482,0.026067958127161943
4,850,185e953d57699e678314593985abe20c62d7d129,cuda,1.0,1,0.5,weak_mixture,0.9260354697478599,16,standard normal at finite u_max,0.014066553442284552,0.0024262994467961606,unbiased,0.45708754517694267,8192,5179904,1.5590394763620452e-05,task_010/cell_0850,1,4194304,0.19821759313344955,1,completed,128,20.0,0.060252080187561674,0.011977795874906733
4,851,185e953d57699e678314593985abe20c62d7d129,cuda,1.0,1,0.5,weak_mixture,0.9999942450623729,16,standard normal at finite u_max,0.010188396803640365,0.013201739933830935,cumulant,0.4989695365191188,8192,5310976,0.00787746709931203,task_011/cell_0851,1,8388608,0.32234761491417885,1,completed,128,20.0,0.016164715252075412,0.01392831128719508
4,852,185e953d57699e678314593985abe20c62d7d129,cuda,1.0,1,0.5,weak_mixture,0.9347109488901806,16,standard normal at finite u_max,0.011929828451688135,0.0008116581066561768,cv,0.4842874110252647,8192,5179904,0.006350955135256409,task_012/cell_0852,1,4194304,0.25826143473386765,1,completed,128,20.0,0.06160948453508075,0.01276462881400078
4,853,185e953d57699e678314593985abe20c62d7d129,cuda,1.0,1,0.5,weak_mixture,0.5034797801648417,16,standard normal at finite u_max,0.014302885787654818,0.01760739674039273,cv_cumulant,0.5034797801648417,8192,5310976,0.010433171510795702,task_013/cell_0853,0,8388608,0.46556883305311203,1,completed,128,20.0,0.008222079550457284,0.01846497755055214
4,854,185e953d57699e678314593985abe20c62d7d129,cuda,1.0,1,0.5,weak_mixture,0.9774089939604323,16,standard normal at finite u_max,0.009907859160051768,0.0027414715798800855,full,0.488016515763263,8192,10948608,0.005610344063754713,task_014/cell_0854,1,16777216,0.16209972277283669,2,completed,128,20.0,0.024074574904954127,0.008605570893891577
4,855,185e953d57699e678314593985abe20c62d7d129,cuda,1.0,1,0.5,weak_mixture,0.9999999999999984,16,standard normal at finite u_max,0.04798635942163948,0.00017383665345014655,unweighted,0.9999999999999987,8192,10948608,0.004112376895842429,task_015/cell_0855,0,16777216,0.1592266820371151,2,completed,128,20.0,0.291219145493698,0.06079545254602409
4,856,185e953d57699e678314593985abe20c62d7d129,cuda,1.0,1,0.5,weak_mixture,0.5064212068690276,16,standard normal at finite u_max,0.019145278837392074,0.001609149500820863,naive,0.49840877593856225,8192,5179904,0.00672926055644707,task_016/cell_0856,1,4194304,0.19099906831979752,2,completed,128,20.0,0.15355846773550152,0.02599880275349299
4,857,185e953d57699e678314593985abe20c62d7d129,cuda,1.0,1,0.5,weak_mixture,0.4937103475371566,16,standard normal at finite u_max,0.03186356481205588,0.03775906614493766,unbiased,0.4873539944599776,8192,5179904,0.022176112895345046,task_017/cell_0857,1,4194304,0.20184160768985748,2,completed,128,20.0,0.1707836034986947,0.039703815181907146
4,858,185e953d57699e678314593985abe20c62d7d129,cuda,1.0,1,0.5,weak_mixture,0.9543398417732941,16,standard normal at finite u_max,0.014341722680876412,0.006402545068380342,cumulant,0.4990324083619558,8192,5310976,0.010079826834000105,task_018/cell_0858,1,8388608,0.3256126791238785,2,completed,128,20.0,0.01650315930297319,0.010885462105140655
4,859,185e953d57699e678314593985abe20c62d7d129,cuda,1.0,1,0.5,weak_mixture,0.7886060434138097,16,standard normal at finite u_max,0.020184511304670694,0.02039219157603655,cv,0.45234883177372653,8192,5179904,0.019075448618882662,task_019/cell_0859,1,4194304,0.2720087952911854,2,completed,128,20.0,0.007120552218737419,0.021250029088208014
4,860,185e953d57699e678314593985abe20c62d7d129,cuda,1.0,1,0.5,weak_mixture,0.9383237023853942,16,standard normal at finite u_max,0.016981201981928096,0.012224076154709093,cv_cumulant,0.4917002806978587,8192,5310976,0.01650096375152621,task_020/cell_0860,1,8388608,0.44614552706480026,2,completed,128,20.0,0.010838511556512609,0.013102660827714106
4,861,185e953d57699e678314593985abe20c62d7d129,cuda,1.0,1,0.5,weak_mixture,0.9739138262303372,16,standard normal at finite u_max,0.01152808057380017,0.011841164504534067,full,0.46661302717772984,8192,10948608,0.005034517687448448,task_021/cell_0861,1,16777216,0.1572859212756157,3,completed,128,20.0,0.00887169832362944,0.01195045353512181
4,862,185e953d57699e678314593985abe20c62d7d129,cuda,1.0,1,0.5,weak_mixture,0.9999999999999984,16,standard normal at finite u_max,0.046225296716541964,0.0013396763998501666,unweighted,0.9999999999999987,8192,10948608,0.007362232479157571,task_022/cell_0862,0,16777216,0.1512182652950287,3,completed,128,20.0,0.2985511596519793,0.06168904707756916
4,863,185e953d57699e678314593985abe20c62d7d129,cuda,1.0,1,0.5,weak_mixture,0.9558150552491704,16,standard normal at finite u_max,0.01881403890494532,0.02004053162569349,naive,0.49033993019297095,8192,5179904,0.016769139901795627,task_023/cell_0863,1,4194304,0.18887776136398315,3,completed,128,20.0,0.017696278805274357,0.02041873918506594
4,864,185e953d57699e678314593985abe20c62d7d129,cuda,1.0,1,0.5,weak_mixture,0.9846580144900473,16,standard normal at finite u_max,0.01717074106986094,0.009545813142574475,unbiased,0.4949319199431354,8192,5179904,0.01369985837862342,task_024/cell_0864,1,4194304,0.20125407725572586,3,completed,128,20.0,0.050389949099512665,0.013921835774493319
4,865,185e953d57699e678314593985abe20c62d7d129,cuda,1.0,1,0.5,weak_mixture,0.9716003930052153,16,standard normal at finite u_max,0.010761437328050683,0.0015923394662379995,cumulant,0.4985370158200092,8192,5310976,0.005697173330874827,task_025/cell_0865,1,8388608,0.31569457426667213,3,completed,128,20.0,0.029295359937217658,0.007299027287007775
4,866,185e953d57699e678314593985abe20c62d7d129,cuda,1.0,1,0.5,weak_mixture,0.9948753168168258,16,standard normal at finite u_max,0.017004248283614132,0.009166732096064813,cv,0.4899107084658228,8192,5179904,0.013068425735428546,task_026/cell_0866,1,4194304,0.26131658256053925,3,completed,128,20.0,0.038326695403229305,0.013632658591161044
4,867,185e953d57699e678314593985abe20c62d7d129,cuda,1.0,1,0.5,weak_mixture,0.9712776068216875,16,standard normal at finite u_max,0.005416271190907929,0.001749890423651368,cv_cumulant,0.48240782455147746,8192,5310976,0.0011271106079246973,task_027/cell_0867,1,8388608,0.4643428772687912,3,completed,128,20.0,0.024942338475169246,0.00515424879965319
4,868,185e953d57699e678314593985abe20c62d7d129,cuda,1.0,1,0.5,weak_mixture,0.7545393823775863,16,standard normal at finite u_max,0.024243705554134604,0.019263432942387464,full,0.4494495827857989,8192,10948608,0.012894386575156347,task_000/cell_0868,1,16777216,0.15953582525253296,4,completed,128,20.0,0.16711771198830006,0.030098229513889664
4,869,185e953d57699e678314593985abe20c62d7d129,cuda,1.0,1,0.5,weak_mixture,0.9999999999999984,16,standard normal at finite u_max,0.045410951642839814,0.0020833622748702967,unweighted,0.9999999999999987,8192,10948608,0.0005723378333424289,task_001/cell_0869,0,16777216,0.1517956629395485,4,completed,128,20.0,0.2833951245937534,0.059523053983848356
4,870,185e953d57699e678314593985abe20c62d7d129,cuda,1.0,1,0.5,weak_mixture,0.8997462743709709,16,standard normal at finite u_max,0.011229948507168352,0.006370971991949878,naive,0.46964451204215335,8192,5179904,0.0004435536332363377,task_002/cell_0870,1,4194304,0.19922521710395813,4,completed,128,20.0,0.011719243864236728,0.007992072024505269
4,871,185e953d57699e678314593985abe20c62d7d129,cuda,1.0,1,0.5,weak_mixture,0.934306569885331,16,standard normal at finite u_max,0.0076307279686530505,0.0003356930115724615,unbiased,0.4980990651594084,8192,5179904,0.00015000084852134776,task_003/cell_0871,1,4194304,0.19595380499958992,4,completed,128,20.0,0.049876599418899104,0.008300575501401843
4,872,185e953d57699e678314593985abe20c62d7d129,cuda,1.0,1,0.5,weak_mixture,0.9788866127318533,16,standard normal at finite u_max,0.018820402605801978,0.015671506082986092,cumulant,0.48850018158118663,8192,5310976,0.010394889549238728,task_004/cell_0872,1,8388608,0.3284892067313194,4,completed,128,20.0,0.03418408154620867,0.016241671937095994
4,873,185e953d57699e678314593985abe20c62d7d129,cuda,1.0,1,0.5,weak_mixture,0.9141162084827055,16,standard normal at finite u_max,0.009047232365747782,0.0056205282274067025,cv,0.4917194044171374,8192,5179904,0.0073228304565255975,task_005/cell_0873,1,4194304,0.26617149263620377,4,completed,128,20.0,0.012691972273953911,0.006299785081332304
4,874,185e953d57699e678314593985abe20c62d7d129,cuda,1.0,1,0.5,weak_mixture,0.953996405722352,16,standard normal at finite u_max,0.01105444059212557,0.011301581473054033,cv_cumulant,0.49846578931344815,8192,5310976,0.00909230040650133,task_006/cell_0874,1,8388608,0.4735826998949051,4,completed,128,20.0,0.002875664457941074,0.01136689754452883
4,875,185e953d57699e678314593985abe20c62d7d129,cuda,1.0,1,0.5,weak_mixture,0.9933180054106506,16,standard normal at finite u_max,0.008577251616870618,0.00036501374760696155,full,0.4972958189023704,8192,10948608,0.002093454922024507,task_007/cell_0875,1,67108864,0.5941775366663933,0,completed,512,20.0,0.020087740871808202,0.006880661117163807
4,876,185e953d57699e678314593985abe20c62d7d129,cuda,1.0,1,0.5,weak_mixture,0.9999999999999984,16,standard normal at finite u_max,0.05264438149981443,0.0016079885747119164,unweighted,0.9999999999999987,8192,10948608,0.002769603458342429,task_008/cell_0876,0,67108864,0.5745166838169098,0,completed,512,20.0,0.3290033097753121,0.06782649278139409
4,877,185e953d57699e678314593985abe20c62d7d129,cuda,1.0,1,0.5,weak_mixture,0.8416616814461847,16,standard normal at finite u_max,0.016838776750990936,0.007756423251970274,naive,0.48336050497903116,8192,5179904,0.0014246530709454142,task_009/cell_0877,1,16777216,0.7429622858762741,0,completed,512,20.0,0.0352369735950695,0.010651242103511874
4,878,185e953d57699e678314593985abe20c62d7d129,cuda,1.0,1,0.5,weak_mixture,0.8853555428511024,16,standard normal at finite u_max,0.008807689526997176,0.004118302385138295,unbiased,0.49926169045174673,8192,5179904,0.0017913393114361575,task_010/cell_0878,1,16777216,0.7561616562306881,0,completed,512,20.0,0.0025976279899474486,0.006039263390867276
4,879,185e953d57699e678314593985abe20c62d7d129,cuda,1.0,1,0.5,weak_mixture,0.8948980757809893,16,standard normal at finite u_max,0.011828980610333217,0.007963519425707484,cumulant,0.48755127707477475,8192,5310976,0.00762678428674457,task_011/cell_0879,1,33554432,1.2591759338974953,0,completed,512,20.0,0.012629681293584438,0.009207376464440994
4,880,185e953d57699e678314593985abe20c62d7d129,cuda,1.0,1,0.5,weak_mixture,0.8933885499546134,16,standard normal at finite u_max,0.006952819566881541,0.003570217957766469,cv,0.48823969363113645,8192,5179904,0.0041229781680465205,task_012/cell_0880,1,16777216,1.0178589150309563,0,completed,512,20.0,0.03381302721532431,0.007304176160094477
4,881,185e953d57699e678314593985abe20c62d7d129,cuda,1.0,1,0.5,weak_mixture,0.8921439753320931,16,standard normal at finite u_max,0.011077720743588482,0.00661493427393914,cv_cumulant,0.495275602477873,8192,5310976,0.0049888719542965365,task_013/cell_0881,1,33554432,1.8411964997649193,0,completed,512,20.0,0.019549930541477467,0.00951787362698536
4,882,185e953d57699e678314593985abe20c62d7d129,cuda,1.0,1,0.5,weak_mixture,0.8716567844281773,16,standard normal at finite u_max,0.018986792602103675,0.0163629845237874,full,0.4956868646777484,8192,10948608,0.017691953455680975,task_014/cell_0882,1,67108864,0.6146791875362396,1,completed,512,20.0,0.014284111298580648,0.017211614635742865
4,883,185e953d57699e678314593985abe20c62d7d129,cuda,1.0,1,0.5,weak_mixture,0.9999999999999984,16,standard normal at finite u_max,0.05023278768319077,0.0016493084392546781,unweighted,0.9999999999999987,8192,10948608,0.002113209041657571,task_015/cell_0883,0,67108864,0.6091836877167225,1,completed,512,20.0,0.3151001479931176,0.06554964827261273
4,884,185e953d57699e678314593985abe20c62d7d129,cuda,1.0,1,0.5,weak_mixture,0.9972702370918348,16,standard normal at finite u_max,0.009779244666209636,0.005386332096644299,naive,0.4976497360975981,8192,5179904,0.0005159095171037853,task_016/cell_0884,1,16777216,0.7333021312952042,1,completed,512,20.0,0.01734998685007294,0.006692608821358902
4,885,185e953d57699e678314593985abe20c62d7d129,cuda,1.0,1,0.5,weak_mixture,0.5039570523910663,16,standard normal at finite u_max,0.012688546602212303,0.0013663755892754977,unbiased,0.5039570523910663,8192,5179904,0.0034826846622200147,task_017/cell_0885,0,16777216,0.7525108642876148,1,completed,512,20.0,0.01812939339690922,0.009582538099449882
4,886,185e953d57699e678314593985abe20c62d7d129,cuda,1.0,1,0.5,weak_mixture,0.9995107602957698,16,standard normal at finite u_max,0.06085904434384895,0.07023457485781721,cumulant,0.49283856169769985,8192,5310976,0.043008969428751764,task_018/cell_0886,2,33554432,1.28037441521883,1,completed,512,20.0,0.14652100232535203,0.0702558395376764
4,887,185e953d57699e678314593985abe20c62d7d129,cuda,1.0,1,0.5,weak_mixture,0.9999639825243748,16,standard normal at finite u_max,0.009734021031594042,0.003187407975670473,cv,0.49912219627293436,8192,5179904,0.003690037005999791,task_019/cell_0887,1,16777216,1.0626188665628433,1,completed,512,20.0,0.039744923018752765,0.01041678824708892
4,888,185e953d57699e678314593985abe20c62d7d129,cuda,1.0,1,0.5,weak_mixture,0.5317761661260977,16,standard normal at finite u_max,0.05003938526724175,0.061085374930828766,cv_cumulant,0.479284662481765,8192,5310976,0.038306084152880004,task_020/cell_0888,1,33554432,1.7695905417203903,1,completed,512,20.0,0.1119354183833896,0.061208141474811475
4,889,185e953d57699e678314593985abe20c62d7d129,cuda,1.0,1,0.5,weak_mixture,0.9477353492026058,16,standard normal at finite u_max,0.009127909998743827,0.010497353771946669,full,0.49491982355186687,8192,10948608,0.005562137468156592,task_021/cell_0889,1,67108864,0.5967867448925972,2,completed,512,20.0,0.008521538981045351,0.010768767163587845
4,890,185e953d57699e678314593985abe20c62d7d129,cuda,1.0,1,0.5,weak_mixture,0.9999999999999984,16,standard normal at finite u_max,0.05394480191342785,0.003476651801981954,unweighted,0.9999999999999987,8192,10948608,0.006996021541657571,task_022/cell_0890,0,67108864,0.5833093523979187,2,completed,512,20.0,0.3290603026882015,0.06966971978229988
4,891,185e953d57699e678314593985abe20c62d7d129,cuda,1.0,1,0.5,weak_mixture,0.9890372056022275,16,standard normal at finite u_max,0.018586599712014096,0.018710701768727023,naive,0.4965581956261635,8192,5179904,0.011727675559995598,task_023/cell_0891,1,16777216,0.72353895008564,2,completed,512,20.0,0.007140276195766848,0.020028526124821405
4,892,185e953d57699e678314593985abe20c62d7d129,cuda,1.0,1,0.5,weak_mixture,0.9980695728116675,16,standard normal at finite u_max,0.009352176170406845,0.00815977010100886,unbiased,0.49637702329106315,8192,5179904,0.0011554694810119726,task_024/cell_0892,1,16777216,0.7655094377696514,2,completed,512,20.0,9.19609302216795e-05,0.009091776162736523
4,893,185e953d57699e678314593985abe20c62d7d129,cuda,1.0,1,0.5,weak_mixture,0.6693682494933657,16,standard normal at finite u_max,0.018404094794953363,0.00908344511492934,cumulant,0.49278170137160476,8192,5310976,0.0021468959022747924,task_025/cell_0893,1,33554432,1.2402514778077602,2,completed,512,20.0,0.08119094075606825,0.01570755436250449
4,894,185e953d57699e678314593985abe20c62d7d129,cuda,1.0,1,0.5,weak_mixture,0.9980905930380847,16,standard normal at finite u_max,0.008750124327527725,0.006175455132094826,cv,0.4989578118711555,8192,5179904,0.003276980481559333,task_026/cell_0894,1,16777216,1.0228769183158875,2,completed,512,20.0,0.019626939027607593,0.00777859630190721
4,895,185e953d57699e678314593985abe20c62d7d129,cuda,1.0,1,0.5,weak_mixture,0.649751459094746,16,standard normal at finite u_max,0.02049113870256966,0.012937983835744845,cv_cumulant,0.49604803263846414,8192,5310976,0.006967580238937066,task_027/cell_0895,1,33554432,1.828968234360218,2,completed,512,20.0,0.09695929506674994,0.021778752323741254
4,896,185e953d57699e678314593985abe20c62d7d129,cuda,1.0,1,0.5,weak_mixture,0.9236116674690625,16,standard normal at finite u_max,0.01617341689791757,0.0049219954087971664,full,0.49879467628160024,8192,10948608,0.008207617449982219,task_000/cell_0896,1,67108864,0.6029499396681786,3,completed,512,20.0,0.04873310553007304,0.014004095155052562
4,897,185e953d57699e678314593985abe20c62d7d129,cuda,1.0,1,0.5,weak_mixture,0.9999999999999984,16,standard normal at finite u_max,0.050719639499680724,0.0053419604728526205,unweighted,0.9999999999999987,8192,10948608,0.005211009708342429,task_001/cell_0897,0,67108864,0.5887231081724167,3,completed,512,20.0,0.31021333668176754,0.06340365536219793
4,898,185e953d57699e678314593985abe20c62d7d129,cuda,1.0,1,0.5,weak_mixture,0.9971756030127948,16,standard normal at finite u_max,0.034920203585735166,0.04045880337078222,naive,0.49412667525156295,8192,5179904,0.026292214624594523,task_002/cell_0898,2,16777216,0.7693398296833038,3,completed,512,20.0,0.06094839360274329,0.0406522931275587
4,899,185e953d57699e678314593985abe20c62d7d129,cuda,1.0,1,0.5,weak_mixture,0.6343896793239762,16,standard normal at finite u_max,0.02191336218624801,0.01970781935490263,unbiased,0.49262189249435967,8192,5179904,0.017250228938912815,task_003/cell_0899,1,16777216,0.7572907879948616,3,completed,512,20.0,0.00046397658561248,0.021590379909074447
4,900,185e953d57699e678314593985abe20c62d7d129,cuda,1.0,1,0.5,weak_mixture,0.9944911016682976,16,standard normal at finite u_max,0.008636127305866909,0.0012976597926336216,cumulant,0.49896949719283534,8192,5310976,0.00016061812771073214,task_004/cell_0900,1,33554432,1.2791464999318123,3,completed,512,20.0,0.023561043129180836,0.007673148170144891
4,901,185e953d57699e678314593985abe20c62d7d129,cuda,1.0,1,0.5,weak_mixture,0.6636607125208717,16,standard normal at finite u_max,0.01822432681558439,0.014305364435436653,cv,0.4876577744001928,8192,5179904,0.015179766774960468,task_005/cell_0901,1,16777216,1.0317236334085464,3,completed,512,20.0,0.01607243823696669,0.016471584228219364
4,902,185e953d57699e678314593985abe20c62d7d129,cuda,1.0,1,0.5,weak_mixture,0.9946812517047008,16,standard normal at finite u_max,0.009609762635148955,0.0024932699229512877,cv_cumulant,0.4966550192818212,8192,5310976,0.0024124512328382863,task_006/cell_0902,1,33554432,1.8697835020720959,3,completed,512,20.0,0.02839667092964926,0.007537568662143473
4,903,185e953d57699e678314593985abe20c62d7d129,cuda,1.0,1,0.5,weak_mixture,0.9225573667303569,16,standard normal at finite u_max,0.008022192600149247,0.004469046804299851,full,0.4991982152276208,8192,10948608,0.00167205400338033,task_007/cell_0903,1,67108864,0.5954880006611347,4,completed,512,20.0,0.01301381742846719,0.007053619137425006
4,904,185e953d57699e678314593985abe20c62d7d129,cuda,1.0,1,0.5,weak_mixture,0.9999999999999984,16,standard normal at finite u_max,0.05254331771683107,0.00012772108001987172,unweighted,0.9999999999999987,8192,10948608,0.006187572208342429,task_008/cell_0904,0,67108864,0.5770097896456718,4,completed,512,20.0,0.32153727868701987,0.06914340247095456
4,905,185e953d57699e678314593985abe20c62d7d129,cuda,1.0,1,0.5,weak_mixture,0.9006819336171509,16,standard normal at finite u_max,0.019677445389667536,0.01421978802842287,naive,0.4982836178847087,8192,5179904,0.01868841265031912,task_009/cell_0905,1,16777216,0.7416521683335304,4,completed,512,20.0,0.051752832816642336,0.016480765825401828
4,906,185e953d57699e678314593985abe20c62d7d129,cuda,1.0,1,0.5,weak_mixture,0.9449529526236747,16,standard normal at finite u_max,0.012294847850364388,0.008195397273534239,unbiased,0.4973488939654036,8192,5179904,0.007470592739331039,task_010/cell_0906,1,16777216,0.7525798305869102,4,completed,512,20.0,0.011043556312297698,0.008961974849369643
4,907,185e953d57699e678314593985abe20c62d7d129,cuda,1.0,1,0.5,weak_mixture,0.7668946484086258,16,standard normal at finite u_max,0.02116436954508294,0.013125761729093167,cumulant,0.4994442984429548,8192,5310976,0.011765539651077017,task_011/cell_0907,1,33554432,1.259070921689272,4,completed,512,20.0,0.007586533284465347,0.015875112934798107
4,908,185e953d57699e678314593985abe20c62d7d129,cuda,1.0,1,0.5,weak_mixture,0.956117431471562,16,standard normal at finite u_max,0.012600182640151447,0.0072247070867814765,cv,0.49698067788305617,8192,5179904,0.005416907772395563,task_012/cell_0908,1,16777216,1.0132389813661575,4,completed,512,20.0,0.026627363396319326,0.01078861513033492
4,909,185e953d57699e678314593985abe20c62d7d129,cuda,1.0,1,0.5,weak_mixture,0.7946332030740764,16,standard normal at finite u_max,0.016795669810819508,0.010928755251747226,cv_cumulant,0.49345872076206015,8192,5310976,0.010024070523975248,task_013/cell_0909,1,33554432,1.8384240418672562,4,completed,512,20.0,0.016463323415712328,0.015710461826752214
4,910,185e953d57699e678314593985abe20c62d7d129,cuda,1.0,1,0.5,weak_mixture,0.8663286157987367,16,standard normal at finite u_max,0.016776400489084464,0.019064789966641245,full,0.4967412737530316,8192,10948608,0.011722993260991466,task_014/cell_0910,1,268435456,2.4386640153825283,0,completed,2048,20.0,0.04773186258037487,0.019385650828033757
4,911,185e953d57699e678314593985abe20c62d7d129,cuda,1.0,1,0.5,weak_mixture,0.9999999999999984,16,standard normal at finite u_max,0.04791630962611711,0.004145690822684197,unweighted,0.9999999999999987,8192,10948608,0.007774486270842429,task_015/cell_0911,0,268435456,2.416681483387947,0,completed,2048,20.0,0.3144199215905604,0.06649925761439104
4,912,185e953d57699e678314593985abe20c62d7d129,cuda,1.0,1,0.5,weak_mixture,0.9237464181767446,16,standard normal at finite u_max,0.012790793211333251,0.012348074621776598,naive,0.49803192208469593,8192,5179904,0.0008324792359578614,task_016/cell_0912,1,67108864,2.8903406262397766,0,completed,2048,20.0,0.046484552299131066,0.013486645229890085
4,913,185e953d57699e678314593985abe20c62d7d129,cuda,1.0,1,0.5,weak_mixture,0.9453217265793858,16,standard normal at finite u_max,0.014187763506185336,0.018202145886378127,unbiased,0.49681131216899344,8192,5179904,0.010728458346806469,task_017/cell_0913,1,67108864,2.987459745258093,0,completed,2048,20.0,0.028338836364097064,0.018300152675003473
4,914,185e953d57699e678314593985abe20c62d7d129,cuda,1.0,1,0.5,weak_mixture,0.8921511082892818,16,standard normal at finite u_max,0.015387166513762568,0.012698007707221001,cumulant,0.49823111451980623,8192,5310976,0.0060189337276256305,task_018/cell_0914,1,134217728,5.08354776352644,0,completed,2048,20.0,0.03742231247947947,0.013584435742603183
4,915,185e953d57699e678314593985abe20c62d7d129,cuda,1.0,1,0.5,weak_mixture,0.9426469656130246,16,standard normal at finite u_max,0.018734421299691606,0.02182406257224436,cv,0.4971872768898732,8192,5179904,0.018586319465866863,task_019/cell_0915,1,67108864,4.231448978185654,0,completed,2048,20.0,0.035833256023221516,0.0218897067283303
4,916,185e953d57699e678314593985abe20c62d7d129,cuda,1.0,1,0.5,weak_mixture,0.8984575266943213,16,standard normal at finite u_max,0.017536105184416367,0.01280360382645731,cv_cumulant,0.49959579426717826,8192,5310976,0.009992262086413628,task_020/cell_0916,1,134217728,7.034536603838205,0,completed,2048,20.0,0.031297190023218846,0.0141094431152851
4,917,185e953d57699e678314593985abe20c62d7d129,cuda,1.0,1,0.5,weak_mixture,0.8669894483498081,16,standard normal at finite u_max,0.010019775680820797,0.0019091415179734814,full,0.49768261067485353,8192,10948608,0.0078102411737903665,task_021/cell_0917,1,268435456,2.370413437485695,1,completed,2048,20.0,0.018044064951501904,0.010251216589024567
4,918,185e953d57699e678314593985abe20c62d7d129,cuda,1.0,1,0.5,weak_mixture,0.9999999999999984,16,standard normal at finite u_max,0.05502316987127684,0.010384912499980954,unweighted,0.9999999999999987,8192,10948608,0.015418873104157571,task_022/cell_0918,0,268435456,2.3110418543219566,1,completed,2048,20.0,0.3224485790539058,0.06635659261823007
4,919,185e953d57699e678314593985abe20c62d7d129,cuda,1.0,1,0.5,weak_mixture,0.9762395203968681,16,standard normal at finite u_max,0.011110263494654035,0.007803021194232632,naive,0.49904958253267895,8192,5179904,0.0012122754685829351,task_023/cell_0919,1,67108864,2.870424821972847,1,completed,2048,20.0,0.03474139911902341,0.010358934323678055
4,920,185e953d57699e678314593985abe20c62d7d129,cuda,1.0,1,0.5,weak_mixture,0.9952279781884026,16,standard normal at finite u_max,0.014665988550932596,0.007606187738296662,unbiased,0.49965180374097756,8192,5179904,0.01115572633917794,task_024/cell_0920,1,67108864,3.043881520628929,1,completed,2048,20.0,0.07768378939293596,0.017199773022180738
4,921,185e953d57699e678314593985abe20c62d7d129,cuda,1.0,1,0.5,weak_mixture,0.9855879993756467,16,standard normal at finite u_max,0.013890719766130766,0.01443564195065306,cumulant,0.49988844095162055,8192,5310976,0.00948792787466668,task_025/cell_0921,1,134217728,4.934774972498417,1,completed,2048,20.0,0.030186962982441834,0.014578576788091555
4,922,185e953d57699e678314593985abe20c62d7d129,cuda,1.0,1,0.5,weak_mixture,0.9926551942057601,16,standard normal at finite u_max,0.018190691220557387,0.012124020732919868,cv,0.4997773408076594,8192,5179904,0.011470574154653912,task_026/cell_0922,1,67108864,4.067717306315899,1,completed,2048,20.0,0.09010853055568879,0.022044347337506376
4,923,185e953d57699e678314593985abe20c62d7d129,cuda,1.0,1,0.5,weak_mixture,0.9785450665622802,16,standard normal at finite u_max,0.012531134939748056,0.00733049051355268,cv_cumulant,0.4994619262253751,8192,5310976,0.0033543128114263965,task_027/cell_0923,1,134217728,7.295081697404385,1,completed,2048,20.0,0.013075212109916134,0.010037126744288442
4,924,185e953d57699e678314593985abe20c62d7d129,cuda,1.0,1,0.5,weak_mixture,0.9035569787097197,16,standard normal at finite u_max,0.018720788128887222,0.025482647998816547,full,0.4988391384217573,8192,10948608,0.015187619700891442,task_000/cell_0924,1,268435456,2.3808591216802597,2,completed,2048,20.0,0.016155634358584248,0.025541239575598274
4,925,185e953d57699e678314593985abe20c62d7d129,cuda,1.0,1,0.5,weak_mixture,0.9999999999999984,16,standard normal at finite u_max,0.0523503299611634,0.0005238847013125363,unweighted,0.9999999999999987,8192,10948608,0.0007704356041575711,task_001/cell_0925,0,268435456,2.4500949010252953,2,completed,2048,20.0,0.33132183528727754,0.06988055691175321
4,926,185e953d57699e678314593985abe20c62d7d129,cuda,1.0,1,0.5,weak_mixture,0.9744260585890832,16,standard normal at finite u_max,0.010617899934918684,0.0052302240097468295,naive,0.4975144016896878,8192,5179904,0.005391676966684855,task_002/cell_0926,1,67108864,3.0391277223825455,2,completed,2048,20.0,0.015246160314136392,0.007342727472079984
4,927,185e953d57699e678314593985abe20c62d7d129,cuda,1.0,1,0.5,weak_mixture,0.9921708492393155,16,standard normal at finite u_max,0.009171739191359662,0.0021569704478285254,unbiased,0.4998383505484162,8192,5179904,0.0036589813579379626,task_003/cell_0927,1,67108864,2.996419657021761,2,completed,2048,20.0,0.042523319990079855,0.007486609483494007
4,928,185e953d57699e678314593985abe20c62d7d129,cuda,1.0,1,0.5,weak_mixture,0.8861266376373598,16,standard normal at finite u_max,0.022678273347768063,0.03132169187505655,cumulant,0.497939390935446,8192,5310976,0.01948592421282158,task_004/cell_0928,1,134217728,5.100230351090431,2,completed,2048,20.0,0.031319357937696024,0.031439788499557475
4,929,185e953d57699e678314593985abe20c62d7d129,cuda,1.0,1,0.5,weak_mixture,0.9950377532084318,16,standard normal at finite u_max,0.012220889284743408,0.0036588859070518214,cv,0.49894352993207525,8192,5179904,0.0012980083812990095,task_005/cell_0929,1,67108864,4.105276517570019,2,completed,2048,20.0,0.060105065925202816,0.01010099796304129
4,930,185e953d57699e678314593985abe20c62d7d129,cuda,1.0,1,0.5,weak_mixture,0.8908085825475497,16,standard normal at finite u_max,0.03001806254499617,0.03460214919477452,cv_cumulant,0.4980002494387881,8192,5310976,0.020158066508088934,task_006/cell_0930,1,134217728,7.451069340109825,2,completed,2048,20.0,0.030594537590455495,0.034761790943303505
4,931,185e953d57699e678314593985abe20c62d7d129,cuda,1.0,1,0.5,weak_mixture,0.9175041863507657,16,standard normal at finite u_max,0.014488803617902501,0.017820266850498097,full,0.49914455413941194,8192,10948608,0.010086935707656952,task_007/cell_0931,1,268435456,2.3475351706147194,3,completed,2048,20.0,0.015234405417318131,0.0180460731082058
4,932,185e953d57699e678314593985abe20c62d7d129,cuda,1.0,1,0.5,weak_mixture,0.9999999999999984,16,standard normal at finite u_max,0.0481746015445189,0.00020647836179201948,unweighted,0.9999999999999987,8192,10948608,0.002647533145842429,task_008/cell_0932,0,268435456,2.2819745615124702,3,completed,2048,20.0,0.31040470906948603,0.06475355827918762
4,933,185e953d57699e678314593985abe20c62d7d129,cuda,1.0,1,0.5,weak_mixture,0.9858084188924254,16,standard normal at finite u_max,0.01492054590732117,0.013295132514800169,naive,0.49829243671760787,8192,5179904,0.011331681882900235,task_009/cell_0933,1,67108864,2.938096284866333,3,completed,2048,20.0,0.05016737825661599,0.014595267862374936
4,934,185e953d57699e678314593985abe20c62d7d129,cuda,1.0,1,0.5,weak_mixture,0.9988302976055886,16,standard normal at finite u_max,0.01636658489835341,0.0060529328181579715,unbiased,0.49957038436255136,8192,5179904,0.0020814245485407668,task_010/cell_0934,1,67108864,2.9833191484212875,3,completed,2048,20.0,0.08118806317333882,0.017475671650262953
4,935,185e953d57699e678314593985abe20c62d7d129,cuda,1.0,1,0.5,weak_mixture,0.9371910909979142,16,standard normal at finite u_max,0.017620063243500905,0.006103079045248155,cumulant,0.49836164089138557,8192,5310976,0.010514624182786592,task_011/cell_0935,1,134217728,5.01264414191246,3,completed,2048,20.0,0.04066730030304466,0.010682535940478327
4,936,185e953d57699e678314593985abe20c62d7d129,cuda,1.0,1,0.5,weak_mixture,0.99949177681231,16,standard normal at finite u_max,0.016545309957852194,0.004206195468991827,cv,0.49989534867683666,8192,5179904,0.0007627020418308206,task_012/cell_0936,1,67108864,4.014139913022518,3,completed,2048,20.0,0.08829873221149687,0.016978175224296926
4,937,185e953d57699e678314593985abe20c62d7d129,cuda,1.0,1,0.5,weak_mixture,0.9345442740605724,16,standard normal at finite u_max,0.011011182879058334,0.0053308285711490665,cv_cumulant,0.49801992403888085,8192,5310976,0.006062915912065203,task_013/cell_0937,1,134217728,7.343468979001045,3,completed,2048,20.0,0.0380458776080107,0.010004561140135907
4,938,185e953d57699e678314593985abe20c62d7d129,cuda,1.0,1,0.5,weak_mixture,0.8034841634355104,16,standard normal at finite u_max,0.029031805248602383,0.030956984096621475,full,0.4949037156583383,8192,10948608,0.018962372093164537,task_014/cell_0938,1,268435456,2.422073867172003,4,completed,2048,20.0,0.06738148979011394,0.031024222411315527
4,939,185e953d57699e678314593985abe20c62d7d129,cuda,1.0,1,0.5,weak_mixture,0.9999999999999984,16,standard normal at finite u_max,0.061096348283238344,0.008371932887672533,unweighted,0.9999999999999987,8192,10948608,0.006873951229157571,task_015/cell_0939,0,268435456,2.421144776046276,4,completed,2048,20.0,0.3368415558494211,0.0710712807125766
4,940,185e953d57699e678314593985abe20c62d7d129,cuda,1.0,1,0.5,weak_mixture,0.9855701124604828,16,standard normal at finite u_max,0.009893647362616775,0.004668246175217684,naive,0.498892143533311,8192,5179904,0.007477501851536061,task_016/cell_0940,1,67108864,2.89365067332983,4,completed,2048,20.0,0.015212412321372493,0.007406075609156676
4,941,185e953d57699e678314593985abe20c62d7d129,cuda,1.0,1,0.5,weak_mixture,0.9966978143970342,16,standard normal at finite u_max,0.009709325378010447,0.004747912321377166,unbiased,0.49919016273533484,8192,5179904,0.0032901299090581926,task_017/cell_0941,1,67108864,2.983315270394087,4,completed,2048,20.0,0.028195512397360734,0.007703697073986739
4,942,185e953d57699e678314593985abe20c62d7d129,cuda,1.0,1,0.5,weak_mixture,0.9349468574874863,16,standard normal at finite u_max,0.01148729397313386,0.011638428012147954,cumulant,0.4999981210147297,8192,5310976,0.009591075454040032,task_018/cell_0942,1,134217728,5.078518986701965,4,completed,2048,20.0,0.01181677431682715,0.012097828523401905
4,943,185e953d57699e678314593985abe20c62d7d129,cuda,1.0,1,0.5,weak_mixture,0.9966322332917961,16,standard normal at finite u_max,0.011935984515136444,0.0038030240146020907,cv,0.49982750909851414,8192,5179904,0.0050846547579088686,task_019/cell_0943,1,67108864,4.227744963020086,4,completed,2048,20.0,0.02915760619373109,0.008597272124802793
4,944,185e953d57699e678314593985abe20c62d7d129,cuda,1.0,1,0.5,weak_mixture,0.9480956513624055,16,standard normal at finite u_max,0.013206290989701386,0.010310975485003713,cv_cumulant,0.49989880606556975,8192,5310976,0.003397176228438381,task_020/cell_0944,1,134217728,7.055269505828619,4,completed,2048,20.0,0.02519947298761127,0.01075759775599243
4,945,185e953d57699e678314593985abe20c62d7d129,cuda,1.0,8,0.5,weak_mixture,0.5593262334582546,16,standard normal at finite u_max,0.025929443500752488,0.022675404319460277,full,0.47136332753216226,8192,85731328,0.01629835962465996,task_021/cell_0945,3,16777216,0.20214584469795227,0,completed,128,20.0,0.0800050634811773,0.025587560468251048
4,946,185e953d57699e678314593985abe20c62d7d129,cuda,1.0,8,0.5,weak_mixture,0.9999999999999984,16,standard normal at finite u_max,0.04787753767137612,0.003265406325774247,unweighted,0.9999999999999987,8192,85731328,0.004896064007805789,task_022/cell_0946,0,16777216,0.19925057142972946,0,completed,128,20.0,0.30263813574007914,0.06227693188443832
4,947,185e953d57699e678314593985abe20c62d7d129,cuda,1.0,8,0.5,weak_mixture,0.998610736582091,16,standard normal at finite u_max,0.09824330498216059,0.11633370017588071,naive,0.3280645701571972,8192,37755904,0.07940858168129158,task_023/cell_0947,5,4194304,0.19051231443881989,0,completed,128,20.0,0.17872281398205508,0.11837261116715891
4,948,185e953d57699e678314593985abe20c62d7d129,cuda,1.0,8,0.5,weak_mixture,0.6727926083075113,16,standard normal at finite u_max,0.017401130025947283,0.013815736850789523,unbiased,0.4563362207522313,8192,37755904,0.010147240598024812,task_024/cell_0948,3,4194304,0.20029564574360847,0,completed,128,20.0,0.027775520457141198,0.016555041353768105
4,949,185e953d57699e678314593985abe20c62d7d129,cuda,1.0,8,0.5,weak_mixture,0.7751209572955987,16,standard normal at finite u_max,0.021983163239496242,0.019840756173202818,cumulant,0.4193728436163297,8192,38345728,0.015379620873941555,task_025/cell_0949,3,8388608,0.32141798362135887,0,completed,128,20.0,0.03362060617555146,0.022375568930158928
4,950,185e953d57699e678314593985abe20c62d7d129,cuda,1.0,8,0.5,weak_mixture,0.8714435807062101,16,standard normal at finite u_max,0.02124214943778918,0.020882796765848914,cv,0.4315279203062965,8192,37755904,0.01491648389366318,task_026/cell_0950,3,4194304,0.2685519978404045,0,completed,128,20.0,0.03663812096813464,0.022709842750160282
4,951,185e953d57699e678314593985abe20c62d7d129,cuda,1.0,8,0.5,weak_mixture,0.8868643423857244,16,standard normal at finite u_max,0.01806344914933748,0.016410055076258527,cv_cumulant,0.4661182645297082,8192,38345728,0.012997365069097162,task_027/cell_0951,3,8388608,0.4677649587392807,0,completed,128,20.0,0.029074760059198013,0.01807167389276073
4,952,185e953d57699e678314593985abe20c62d7d129,cuda,1.0,8,0.5,weak_mixture,0.927021050454279,16,standard normal at finite u_max,0.01882679978377871,0.01622774176460358,full,0.4374977770145662,8192,85731328,0.013405906899285128,task_000/cell_0952,3,16777216,0.2039061188697815,1,completed,128,20.0,0.03498220228095693,0.018497469178800855
4,953,185e953d57699e678314593985abe20c62d7d129,cuda,1.0,8,0.5,weak_mixture,0.9999999999999984,16,standard normal at finite u_max,0.04805877452300723,0.003600479222340391,unweighted,0.9999999999999987,8192,85731328,0.0038699770651019205,task_001/cell_0953,0,16777216,0.2044786438345909,1,completed,128,20.0,0.29961809510861853,0.06204714797534614
4,954,185e953d57699e678314593985abe20c62d7d129,cuda,1.0,8,0.5,weak_mixture,0.9844767013574436,16,standard normal at finite u_max,0.02330077394348727,0.017647019231375478,naive,0.41526636193414534,8192,37755904,0.012740357934658247,task_002/cell_0954,4,4194304,0.2011178806424141,1,completed,128,20.0,0.06691565758844305,0.02408449088502048
4,955,185e953d57699e678314593985abe20c62d7d129,cuda,1.0,8,0.5,weak_mixture,0.9991265363688877,16,standard normal at finite u_max,0.022064119599533763,0.0148681605602554,unbiased,0.44021663682217305,8192,37755904,0.011792095349945533,task_003/cell_0955,4,4194304,0.19809243455529213,1,completed,128,20.0,0.05378800675106109,0.01955105768902434
4,956,185e953d57699e678314593985abe20c62d7d129,cuda,1.0,8,0.5,weak_mixture,0.9966358926256468,16,standard normal at finite u_max,0.022903438472463903,0.011707364956282188,cumulant,0.4289538391298283,8192,38345728,0.013943235875692933,task_004/cell_0956,4,8388608,0.33063896745443344,1,completed,128,20.0,0.07163475141507722,0.023217272261172477
4,957,185e953d57699e678314593985abe20c62d7d129,cuda,1.0,8,0.5,weak_mixture,0.9340646033576457,16,standard normal at finite u_max,0.08538556879152791,0.09578610651290245,cv,0.4354056932281344,8192,37755904,0.07675868030317834,task_005/cell_0957,4,4194304,0.26802825182676315,1,completed,128,20.0,0.12053627312260526,0.09786293168125357
4,958,185e953d57699e678314593985abe20c62d7d129,cuda,1.0,8,0.5,weak_mixture,0.61758442364548,16,standard normal at finite u_max,0.0403436843976117,0.03782278720657412,cv_cumulant,0.3764413855865732,8192,38345728,0.03268610498946699,task_006/cell_0958,3,8388608,0.47991207987070084,1,completed,128,20.0,0.06930552574319569,0.041016542886218865
4,959,185e953d57699e678314593985abe20c62d7d129,cuda,1.0,8,0.5,weak_mixture,0.5257645872506074,16,standard normal at finite u_max,0.03709111029402784,0.033179304775023385,full,0.4084229588006941,8192,85731328,0.025539308160975396,task_007/cell_0959,3,16777216,0.2010619193315506,2,completed,128,20.0,0.0749161549030814,0.03607968012449549
4,960,185e953d57699e678314593985abe20c62d7d129,cuda,1.0,8,0.5,weak_mixture,0.9999999999999984,16,standard normal at finite u_max,0.04661565742106581,0.0034108223831854374,unweighted,0.9999999999999987,8192,85731328,0.0036410952291644205,task_008/cell_0960,0,16777216,0.1997552067041397,2,completed,128,20.0,0.29868159433671165,0.06175037557005185
4,961,185e953d57699e678314593985abe20c62d7d129,cuda,1.0,8,0.5,weak_mixture,0.9956291919704435,16,standard normal at finite u_max,0.021961607956622498,0.018368295815181,naive,0.44895951378577614,8192,37755904,0.01521841593083035,task_009/cell_0961,4,4194304,0.19396790862083435,2,completed,128,20.0,0.041020154310757895,0.021227618448558687
4,962,185e953d57699e678314593985abe20c62d7d129,cuda,1.0,8,0.5,weak_mixture,0.6378145699574294,16,standard normal at finite u_max,0.02459608366842813,0.021203931926142765,unbiased,0.4608752814040932,8192,37755904,0.015102484166903768,task_010/cell_0962,3,4194304,0.19853758811950684,2,completed,128,20.0,0.06606162000576311,0.023377440006910045
4,963,185e953d57699e678314593985abe20c62d7d129,cuda,1.0,8,0.5,weak_mixture,0.6105742340358559,16,standard normal at finite u_max,0.0363132010077962,0.03530455880011277,cumulant,0.43108787103440926,8192,38345728,0.02966561159585425,task_011/cell_0963,3,8388608,0.3269291892647743,2,completed,128,20.0,0.04052264347968945,0.037988551777003055
4,964,185e953d57699e678314593985abe20c62d7d129,cuda,1.0,8,0.5,weak_mixture,0.7797802512321468,16,standard normal at finite u_max,0.01825781676362459,0.010771818655133835,cv,0.479753211401965,8192,37755904,0.008669974945349435,task_012/cell_0964,3,4194304,0.26225555688142776,2,completed,128,20.0,0.04596233718338673,0.016051486951526923
4,965,185e953d57699e678314593985abe20c62d7d129,cuda,1.0,8,0.5,weak_mixture,0.6749957585644772,16,standard normal at finite u_max,0.03235864143019964,0.030221300156849037,cv_cumulant,0.42971747042340985,8192,38345728,0.027991066574642398,task_013/cell_0965,3,8388608,0.4696524515748024,2,completed,128,20.0,0.019446080144695704,0.03181155514197043
4,966,185e953d57699e678314593985abe20c62d7d129,cuda,1.0,8,0.5,weak_mixture,0.9560880142228372,16,standard normal at finite u_max,0.024603155141924425,0.0220786184339681,full,0.4083642403093143,8192,85731328,0.017312489651899576,task_014/cell_0966,3,16777216,0.19973989948630333,3,completed,128,20.0,0.03301577987077044,0.02342579516594799
4,967,185e953d57699e678314593985abe20c62d7d129,cuda,1.0,8,0.5,weak_mixture,0.9999999999999984,16,standard normal at finite u_max,0.04824957678787427,0.003985270668244348,unweighted,0.9999999999999987,8192,85731328,0.005828857421874972,task_015/cell_0967,0,16777216,0.20562677085399628,3,completed,128,20.0,0.30335282010259584,0.06262248528403755
4,968,185e953d57699e678314593985abe20c62d7d129,cuda,1.0,8,0.5,weak_mixture,0.6200224809226643,16,standard normal at finite u_max,0.020852271593239834,0.017877137178079344,naive,0.4049360591580407,8192,37755904,0.01634115237674351,task_016/cell_0968,3,4194304,0.27117061614990234,3,completed,128,20.0,0.031077716087359805,0.020825559300532967
4,969,185e953d57699e678314593985abe20c62d7d129,cuda,1.0,8,0.5,weak_mixture,0.6985082020708941,16,standard normal at finite u_max,0.02018430026619828,0.01626995127775317,unbiased,0.421180308699745,8192,37755904,0.011865591991564318,task_017/cell_0969,3,4194304,0.19646228477358818,3,completed,128,20.0,0.026446172450737826,0.019016849759669874
4,970,185e953d57699e678314593985abe20c62d7d129,cuda,1.0,8,0.5,weak_mixture,0.6058275364869997,16,standard normal at finite u_max,0.0441477620754988,0.0414601055119429,cumulant,0.3966467766942894,8192,38345728,0.035832053487868866,task_018/cell_0970,3,8388608,0.3288862109184265,3,completed,128,20.0,0.0642862249115608,0.04269786641688323
4,971,185e953d57699e678314593985abe20c62d7d129,cuda,1.0,8,0.5,weak_mixture,0.8700571121272366,16,standard normal at finite u_max,0.016073493501990027,0.007953665964608858,cv,0.4225508568777507,8192,37755904,0.003591128811222012,task_019/cell_0971,3,4194304,0.2768237926065922,3,completed,128,20.0,0.05878807065202675,0.015337863769728502
4,972,185e953d57699e678314593985abe20c62d7d129,cuda,1.0,8,0.5,weak_mixture,0.7201046558788284,16,standard normal at finite u_max,0.03172203224342241,0.026847521656570866,cv_cumulant,0.4036761127036269,8192,38345728,0.02184074604424227,task_020/cell_0972,3,8388608,0.45270612090826035,3,completed,128,20.0,0.059693829741188004,0.03164936532676818
4,973,185e953d57699e678314593985abe20c62d7d129,cuda,1.0,8,0.5,weak_mixture,0.9745507842640101,16,standard normal at finite u_max,0.24726080670037015,0.2860237562512915,full,0.34450407721115184,8192,85731328,0.20373751471119567,task_021/cell_0973,5,16777216,0.20302272215485573,4,completed,128,20.0,0.20024887183345236,0.2908512885608847
4,974,185e953d57699e678314593985abe20c62d7d129,cuda,1.0,8,0.5,weak_mixture,0.9999999999999984,16,standard normal at finite u_max,0.04618296396025302,0.0032777862051651067,unweighted,0.9999999999999987,8192,85731328,0.005334820815101893,task_022/cell_0974,0,16777216,0.20367074012756348,4,completed,128,20.0,0.29940373382909824,0.06213137362361074
4,975,185e953d57699e678314593985abe20c62d7d129,cuda,1.0,8,0.5,weak_mixture,0.9376176457223931,16,standard normal at finite u_max,0.03916914689873784,0.03606775189392162,naive,0.3349395739246576,8192,37755904,0.0317929933735766,task_023/cell_0975,4,4194304,0.1904483512043953,4,completed,128,20.0,0.06375685744907907,0.03894010793907532
4,976,185e953d57699e678314593985abe20c62d7d129,cuda,1.0,8,0.5,weak_mixture,0.7471213787750304,16,standard normal at finite u_max,0.01944956726440842,0.016949527622867007,unbiased,0.41648317332900986,8192,37755904,0.012272341574870962,task_024/cell_0976,3,4194304,0.20085931941866875,4,completed,128,20.0,0.04588710698426532,0.0199197094848846
4,977,185e953d57699e678314593985abe20c62d7d129,cuda,1.0,8,0.5,weak_mixture,0.8700978955865607,16,standard normal at finite u_max,0.02337188145094116,0.022289466614137943,cumulant,0.4177847594393259,8192,38345728,0.01744201247296439,task_025/cell_0977,3,8388608,0.32357078418135643,4,completed,128,20.0,0.050807963477797896,0.024509338207311656
4,978,185e953d57699e678314593985abe20c62d7d129,cuda,1.0,8,0.5,weak_mixture,0.8692417393783658,16,standard normal at finite u_max,0.014956484711188687,0.009664817041079403,cv,0.456867026168271,8192,37755904,0.00841816668992991,task_026/cell_0978,3,4194304,0.2652023881673813,4,completed,128,20.0,0.03503656565163839,0.013134965579669956
4,979,185e953d57699e678314593985abe20c62d7d129,cuda,1.0,8,0.5,weak_mixture,0.5474674510832016,16,standard normal at finite u_max,0.0698565992773235,0.06906501140985524,cv_cumulant,0.3702531265742359,8192,38345728,0.05531924981054904,task_027/cell_0979,3,8388608,0.46716421097517014,4,completed,128,20.0,0.113901073213635,0.07174191048041273
4,980,185e953d57699e678314593985abe20c62d7d129,cuda,1.0,8,0.5,weak_mixture,0.7487519187017238,16,standard normal at finite u_max,0.017978036524423032,0.014028563913480813,full,0.4796665958879071,8192,85731328,0.010708736389513293,task_000/cell_0980,3,67108864,0.7520840764045715,0,completed,512,20.0,0.029515059536844107,0.016629216944133815
4,981,185e953d57699e678314593985abe20c62d7d129,cuda,1.0,8,0.5,weak_mixture,0.9999999999999984,16,standard normal at finite u_max,0.05211279662798666,0.0031019106355669,unweighted,0.9999999999999987,8192,85731328,0.0029239321432269205,task_001/cell_0981,0,67108864,0.7514318004250526,0,completed,512,20.0,0.3242950070316457,0.06756635417700252
4,982,185e953d57699e678314593985abe20c62d7d129,cuda,1.0,8,0.5,weak_mixture,0.5512675953767298,16,standard normal at finite u_max,0.026834640602098364,0.024068656141716317,naive,0.48509509623130675,8192,37755904,0.018646401728906394,task_002/cell_0982,3,16777216,0.7767315395176411,0,completed,512,20.0,0.02104148225137814,0.028005178216808816
4,983,185e953d57699e678314593985abe20c62d7d129,cuda,1.0,8,0.5,weak_mixture,0.8225923360148365,16,standard normal at finite u_max,0.018808171898923545,0.013708135689756835,unbiased,0.4833441603011571,8192,37755904,0.010919386830093185,task_003/cell_0983,3,16777216,0.7630038857460022,0,completed,512,20.0,0.036839337279389775,0.017126322476975757
4,984,185e953d57699e678314593985abe20c62d7d129,cuda,1.0,8,0.5,weak_mixture,0.7209294763840496,16,standard normal at finite u_max,0.030410047182160158,0.029245591663611754,cumulant,0.4824566691194686,8192,38345728,0.02543274371605523,task_004/cell_0984,3,33554432,1.2842799723148346,0,completed,512,20.0,0.030264667854488086,0.030077454680010836
4,985,185e953d57699e678314593985abe20c62d7d129,cuda,1.0,8,0.5,weak_mixture,0.7847987262864051,16,standard normal at finite u_max,0.015126751477346052,0.010113277846997771,cv,0.48671134625178497,8192,37755904,0.008903622385497661,task_005/cell_0985,3,16777216,1.036219596862793,0,completed,512,20.0,0.023390547084961036,0.013898271261426528
4,986,185e953d57699e678314593985abe20c62d7d129,cuda,1.0,8,0.5,weak_mixture,0.6901157008925421,16,standard normal at finite u_max,0.020745648919445737,0.015499136801999828,cv_cumulant,0.4796554505047073,8192,38345728,0.01545614145575712,task_006/cell_0986,3,33554432,1.8775150179862976,0,completed,512,20.0,0.03729791858569312,0.018811731309256376
4,987,185e953d57699e678314593985abe20c62d7d129,cuda,1.0,8,0.5,weak_mixture,0.7643376202620407,16,standard normal at finite u_max,0.027599823585235845,0.026968753296074125,full,0.48371757337229015,8192,85731328,0.02245169277235977,task_007/cell_0987,3,67108864,0.7544220760464668,1,completed,512,20.0,0.03276931080388103,0.029312492481322592
4,988,185e953d57699e678314593985abe20c62d7d129,cuda,1.0,8,0.5,weak_mixture,0.9999999999999984,16,standard normal at finite u_max,0.05158833309525137,0.0031741756624600846,unweighted,0.9999999999999987,8192,85731328,0.0034027099609374722,task_008/cell_0988,0,67108864,0.7364246398210526,1,completed,512,20.0,0.32265951185044817,0.06743370689739372
4,989,185e953d57699e678314593985abe20c62d7d129,cuda,1.0,8,0.5,weak_mixture,0.714663284953518,16,standard normal at finite u_max,0.01704677704117764,0.012677071635207399,naive,0.4910509613798012,8192,37755904,0.010581836983624839,task_009/cell_0989,3,16777216,0.7446975857019424,1,completed,512,20.0,0.03610725319732326,0.01705073753148121
4,990,185e953d57699e678314593985abe20c62d7d129,cuda,1.0,8,0.5,weak_mixture,0.7396499886248532,16,standard normal at finite u_max,0.02202854927967441,0.02076530364088989,unbiased,0.4855270238824451,8192,37755904,0.013965323881405207,task_010/cell_0990,3,16777216,0.7541647143661976,1,completed,512,20.0,0.050930798999504895,0.02397315147431858
4,991,185e953d57699e678314593985abe20c62d7d129,cuda,1.0,8,0.5,weak_mixture,0.7050907642060693,16,standard normal at finite u_max,0.01757415198979268,0.009258166308458169,cumulant,0.48242097120952415,8192,38345728,0.0073152918436514,task_011/cell_0991,3,33554432,1.265404086560011,1,completed,512,20.0,0.05333356608026264,0.015700989910550887
4,992,185e953d57699e678314593985abe20c62d7d129,cuda,1.0,8,0.5,weak_mixture,0.7881811094279726,16,standard normal at finite u_max,0.02484459159082498,0.023212374694619935,cv,0.48305512578070103,8192,37755904,0.017363559128027353,task_012/cell_0992,3,16777216,1.0172929987311363,1,completed,512,20.0,0.046576331368749835,0.02563234977796938
4,993,185e953d57699e678314593985abe20c62d7d129,cuda,1.0,8,0.5,weak_mixture,0.816137889915381,16,standard normal at finite u_max,0.014754857730261636,0.009317176831195779,cv_cumulant,0.48410953148866565,8192,38345728,0.008379974117585814,task_013/cell_0993,3,33554432,1.8478255420923233,1,completed,512,20.0,0.029507319234029022,0.013041944564605296
4,994,185e953d57699e678314593985abe20c62d7d129,cuda,1.0,8,0.5,weak_mixture,0.5991029263476306,16,standard normal at finite u_max,0.020569032844673707,0.017268379226390372,full,0.48307351998546266,8192,85731328,0.014007986509020916,task_014/cell_0994,3,67108864,0.7606014236807823,2,completed,512,20.0,0.04016605151141872,0.019680450048858197
4,995,185e953d57699e678314593985abe20c62d7d129,cuda,1.0,8,0.5,weak_mixture,0.9999999999999984,16,standard normal at finite u_max,0.05230243257254372,0.0021710090358953733,unweighted,0.9999999999999987,8192,85731328,0.004123621122391313,task_015/cell_0995,0,67108864,0.7738229632377625,2,completed,512,20.0,0.32608023969644684,0.06885259693955456
4,996,185e953d57699e678314593985abe20c62d7d129,cuda,1.0,8,0.5,weak_mixture,0.6247134060639515,16,standard normal at finite u_max,0.025865877654492428,0.022333816073250863,naive,0.48433695702354546,8192,37755904,0.018041892170177175,task_016/cell_0996,3,16777216,0.7520328015089035,2,completed,512,20.0,0.05716117762127719,0.02520525963281553
4,997,185e953d57699e678314593985abe20c62d7d129,cuda,1.0,8,0.5,weak_mixture,0.9256587448980739,16,standard normal at finite u_max,0.018337204320834813,0.013851158883372829,unbiased,0.4845828342784514,8192,37755904,0.010430670561189688,task_017/cell_0997,3,16777216,0.7545560486614704,2,completed,512,20.0,0.04563570285290906,0.017099564984227312
4,998,185e953d57699e678314593985abe20c62d7d129,cuda,1.0,8,0.5,weak_mixture,0.8246635661321835,16,standard normal at finite u_max,0.020814456410793575,0.016687554970716483,cumulant,0.4907769106893777,8192,38345728,0.013886399472422331,task_018/cell_0998,3,33554432,1.271699458360672,2,completed,512,20.0,0.03168737563150607,0.019251443707497595
4,999,185e953d57699e678314593985abe20c62d7d129,cuda,1.0,8,0.5,weak_mixture,0.864269214352478,16,standard normal at finite u_max,0.014285567508336976,0.011014466077582795,cv,0.4875511796659075,8192,37755904,0.007568198741923576,task_019/cell_0999,3,16777216,1.0751177929341793,2,completed,512,20.0,0.028532388207214016,0.014392589575995079
4,1000,185e953d57699e678314593985abe20c62d7d129,cuda,1.0,8,0.5,weak_mixture,0.9140492695787769,16,standard normal at finite u_max,0.017989431269730773,0.014185517034802928,cv_cumulant,0.48306979292838925,8192,38345728,0.010664697261759351,task_020/cell_1000,3,33554432,1.7745185792446136,2,completed,512,20.0,0.04781630231920618,0.01764235275140534
4,1001,185e953d57699e678314593985abe20c62d7d129,cuda,1.0,8,0.5,weak_mixture,0.8917382670398668,16,standard normal at finite u_max,0.017963820144982087,0.009824245449156995,full,0.4780123519563213,8192,85731328,0.010110219059573315,task_021/cell_1001,3,67108864,0.7491451762616634,3,completed,512,20.0,0.05039096858645867,0.016503372659912054
4,1002,185e953d57699e678314593985abe20c62d7d129,cuda,1.0,8,0.5,weak_mixture,0.9999999999999984,16,standard normal at finite u_max,0.051780724462479485,0.003072449305353949,unweighted,0.9999999999999987,8192,85731328,0.004520349638016313,task_022/cell_1002,0,67108864,0.748303085565567,3,completed,512,20.0,0.3263179088897491,0.06786460801559381
4,1003,185e953d57699e678314593985abe20c62d7d129,cuda,1.0,8,0.5,weak_mixture,0.9751176455170444,16,standard normal at finite u_max,0.13218988586210098,0.14733828012735967,naive,0.4530273323405871,8192,37755904,0.12047135905965464,task_023/cell_1003,5,16777216,0.7341460213065147,3,completed,512,20.0,0.1139209662944718,0.15125602069303729
4,1004,185e953d57699e678314593985abe20c62d7d129,cuda,1.0,8,0.5,weak_mixture,0.7616451601101347,16,standard normal at finite u_max,0.19960561962609738,0.22768901271559633,unbiased,0.4368908099098211,8192,37755904,0.17614817110041775,task_024/cell_1004,5,16777216,0.7718102857470512,3,completed,512,20.0,0.13963654692251415,0.2278936871963505
4,1005,185e953d57699e678314593985abe20c62d7d129,cuda,1.0,8,0.5,weak_mixture,0.5508190047721861,16,standard normal at finite u_max,0.031615581066451334,0.027971604800105507,cumulant,0.4794565813163414,8192,38345728,0.020336230733282785,task_025/cell_1005,3,33554432,1.2472590766847134,3,completed,512,20.0,0.09892551467335353,0.03258507282474522
4,1006,185e953d57699e678314593985abe20c62d7d129,cuda,1.0,8,0.5,weak_mixture,0.5212454823140231,16,standard normal at finite u_max,0.04162022093200894,0.04212114613002982,cv,0.47144858182839083,8192,37755904,0.0344087600457918,task_026/cell_1006,3,16777216,1.0331264287233353,3,completed,512,20.0,0.018560459110908686,0.042809303648390806
4,1007,185e953d57699e678314593985abe20c62d7d129,cuda,1.0,8,0.5,weak_mixture,0.5333510931272146,16,standard normal at finite u_max,0.03810516759077426,0.03520483419984331,cv_cumulant,0.47360579872514186,8192,38345728,0.02449289575760713,task_027/cell_1007,3,33554432,1.8352328687906265,3,completed,512,20.0,0.0840583097598246,0.039118826471141566
4,1008,185e953d57699e678314593985abe20c62d7d129,cuda,1.0,8,0.5,weak_mixture,0.846030012522565,16,standard normal at finite u_max,0.024477378711380834,0.022373378111638476,full,0.481128406033575,8192,85731328,0.019278624790037197,task_000/cell_1008,3,67108864,0.7525127977132797,4,completed,512,20.0,0.04281997450690413,0.025969158828464046
4,1009,185e953d57699e678314593985abe20c62d7d129,cuda,1.0,8,0.5,weak_mixture,0.9999999999999984,16,standard normal at finite u_max,0.05085781525496659,0.004140248203055922,unweighted,0.9999999999999987,8192,85731328,0.005121197768226948,task_001/cell_1009,0,67108864,0.753576010465622,4,completed,512,20.0,0.32050421997853296,0.06708087384159249
4,1010,185e953d57699e678314593985abe20c62d7d129,cuda,1.0,8,0.5,weak_mixture,0.5075729943797705,16,standard normal at finite u_max,0.021291771312035006,0.01676560676218483,naive,0.4884492449141806,8192,37755904,0.013622726448048253,task_002/cell_1010,3,16777216,0.7736777700483799,4,completed,512,20.0,0.030208654280181046,0.018680812071279793
4,1011,185e953d57699e678314593985abe20c62d7d129,cuda,1.0,8,0.5,weak_mixture,0.6183563329841085,16,standard normal at finite u_max,0.02594470815173665,0.01810792741452771,unbiased,0.47851973992474617,8192,37755904,0.01620208048645394,task_003/cell_1011,3,16777216,0.7634474188089371,4,completed,512,20.0,0.07380791475557187,0.024356532912868892
4,1012,185e953d57699e678314593985abe20c62d7d129,cuda,1.0,8,0.5,weak_mixture,0.8623411810780024,16,standard normal at finite u_max,0.025485317715758515,0.02345490117591845,cumulant,0.48898505720423935,8192,38345728,0.018144339992742863,task_004/cell_1012,3,33554432,1.2870358005166054,4,completed,512,20.0,0.017024959408158583,0.025715174821569854
4,1013,185e953d57699e678314593985abe20c62d7d129,cuda,1.0,8,0.5,weak_mixture,0.6800467364629841,16,standard normal at finite u_max,0.02351964661684218,0.01884066881423751,cv,0.485324366590907,8192,37755904,0.014994365116183107,task_005/cell_1013,3,16777216,1.0386334881186485,4,completed,512,20.0,0.052220423832232035,0.022458209054373738
4,1014,185e953d57699e678314593985abe20c62d7d129,cuda,1.0,8,0.5,weak_mixture,0.7625101771062062,16,standard normal at finite u_max,0.023988474361199205,0.0234935543981519,cv_cumulant,0.4792878533535613,8192,38345728,0.015928151181539563,task_006/cell_1014,3,33554432,1.8838245943188667,4,completed,512,20.0,0.04363566196946801,0.024751282934380663
4,1015,185e953d57699e678314593985abe20c62d7d129,cuda,1.0,8,0.5,weak_mixture,0.7303541982076607,16,standard normal at finite u_max,0.015274143853871505,0.010283453907401305,full,0.49560661923937105,8192,85731328,0.007772188457641174,task_007/cell_1015,3,268435456,2.9408437348902225,0,completed,2048,20.0,0.027605694415637608,0.013625594869880776
4,1016,185e953d57699e678314593985abe20c62d7d129,cuda,1.0,8,0.5,weak_mixture,0.9999999999999984,16,standard normal at finite u_max,0.053863913422057055,0.0038599364888186136,unweighted,0.9999999999999987,8192,85731328,0.005105938979164393,task_008/cell_1016,0,268435456,2.8929614648222923,0,completed,2048,20.0,0.33001208045781516,0.06857697091924961
4,1017,185e953d57699e678314593985abe20c62d7d129,cuda,1.0,8,0.5,weak_mixture,0.9929008914853481,16,standard normal at finite u_max,0.038521391684140295,0.037013032630552736,naive,0.4965078357184053,8192,37755904,0.030270363570606036,task_009/cell_1017,4,67108864,2.950948156416416,0,completed,2048,20.0,0.07180045837502837,0.03928158000066382
4,1018,185e953d57699e678314593985abe20c62d7d129,cuda,1.0,8,0.5,weak_mixture,0.773384048757841,16,standard normal at finite u_max,0.02074117336408231,0.01952939704424924,unbiased,0.4949078266702391,8192,37755904,0.015446112985749584,task_010/cell_1018,3,67108864,2.9963327012956142,0,completed,2048,20.0,0.02919372806521428,0.022077429082198563
4,1019,185e953d57699e678314593985abe20c62d7d129,cuda,1.0,8,0.5,weak_mixture,0.7660820708274318,16,standard normal at finite u_max,0.01739438162930378,0.011392501499019367,cumulant,0.49657051256828133,8192,38345728,0.010751675489592119,task_011/cell_1019,3,134217728,5.032316241413355,0,completed,2048,20.0,0.04970324397301501,0.01548489392192478
4,1020,185e953d57699e678314593985abe20c62d7d129,cuda,1.0,8,0.5,weak_mixture,0.6209680815506504,16,standard normal at finite u_max,0.017415164294322792,0.012494268230416836,cv,0.49814924966928015,8192,37755904,0.010051723904305088,task_012/cell_1020,3,67108864,4.059685051441193,0,completed,2048,20.0,0.04302640088771709,0.015901773139650452
4,1021,185e953d57699e678314593985abe20c62d7d129,cuda,1.0,8,0.5,weak_mixture,0.6952877885980061,16,standard normal at finite u_max,0.020722774966857614,0.014821075408211365,cv_cumulant,0.49519667531739037,8192,38345728,0.012013730176545355,task_013/cell_1021,3,134217728,7.390699952840805,0,completed,2048,20.0,0.056385596768903645,0.02127320379614909
4,1022,185e953d57699e678314593985abe20c62d7d129,cuda,1.0,8,0.5,weak_mixture,0.8097674597510135,16,standard normal at finite u_max,0.014483277874974672,0.0062160000970465715,full,0.49601310218842815,8192,85731328,0.006582976093556889,task_014/cell_1022,3,268435456,2.9742301367223263,1,completed,2048,20.0,0.04739484595896977,0.012452854213631504
4,1023,185e953d57699e678314593985abe20c62d7d129,cuda,1.0,8,0.5,weak_mixture,0.9999999999999984,16,standard normal at finite u_max,0.051396542541537873,0.003167708750222517,unweighted,0.9999999999999987,8192,85731328,0.006214075223953869,task_015/cell_1023,0,268435456,3.0346806794404984,1,completed,2048,20.0,0.3307377458686865,0.06901951709940578
4,1024,185e953d57699e678314593985abe20c62d7d129,cuda,1.0,8,0.5,weak_mixture,0.938905270482426,16,standard normal at finite u_max,0.04345324628272616,0.042640856186087574,naive,0.49177838311650224,8192,37755904,0.030845199864337723,task_016/cell_1024,4,67108864,2.9799774885177612,1,completed,2048,20.0,0.08591027611846923,0.0483520115921219
4,1025,185e953d57699e678314593985abe20c62d7d129,cuda,1.0,8,0.5,weak_mixture,0.9963679310166647,16,standard normal at finite u_max,0.03746333100347937,0.03574929350762645,unbiased,0.49137327478479004,8192,37755904,0.03064569055208031,task_017/cell_1025,4,67108864,2.98292051628232,1,completed,2048,20.0,0.06043273992518752,0.03961006965225432
4,1026,185e953d57699e678314593985abe20c62d7d129,cuda,1.0,8,0.5,weak_mixture,0.8322038332677734,16,standard normal at finite u_max,0.023095688567654118,0.0208988248034339,cumulant,0.4949606576664424,8192,38345728,0.016475447054420042,task_018/cell_1026,3,134217728,5.07657428085804,1,completed,2048,20.0,0.03233702625291843,0.02208283366196106
4,1027,185e953d57699e678314593985abe20c62d7d129,cuda,1.0,8,0.5,weak_mixture,0.7925765116055646,16,standard normal at finite u_max,0.019669012547540374,0.013096947490070305,cv,0.4943921149631892,8192,37755904,0.012103617467175073,task_019/cell_1027,3,67108864,4.263702418655157,1,completed,2048,20.0,0.05405640126398377,0.018321807226125773
4,1028,185e953d57699e678314593985abe20c62d7d129,cuda,1.0,8,0.5,weak_mixture,0.8548744564116326,16,standard normal at finite u_max,0.016557150732487355,0.012517544038670898,cv_cumulant,0.4943756390386617,8192,38345728,0.009533741388758267,task_020/cell_1028,3,134217728,7.0743760615587234,1,completed,2048,20.0,0.040661610794548136,0.01688717298833488
4,1029,185e953d57699e678314593985abe20c62d7d129,cuda,1.0,8,0.5,weak_mixture,0.9977021527338386,16,standard normal at finite u_max,0.03202315414256088,0.034452495693889945,full,0.49515106906634204,8192,85731328,0.023485319882205175,task_021/cell_1029,4,268435456,2.92227566242218,2,completed,2048,20.0,0.04969648634161765,0.036750745259334736
4,1030,185e953d57699e678314593985abe20c62d7d129,cuda,1.0,8,0.5,weak_mixture,0.9999999999999984,16,standard normal at finite u_max,0.05184902773161056,0.0037660253468865994,unweighted,0.9999999999999987,8192,85731328,0.0042209292135394205,task_022/cell_1030,0,268435456,2.921959266066551,2,completed,2048,20.0,0.32534952753418356,0.06744211264962566
4,1031,185e953d57699e678314593985abe20c62d7d129,cuda,1.0,8,0.5,weak_mixture,0.587066134700696,16,standard normal at finite u_max,0.028211060188026764,0.02446937236539795,naive,0.49655100572590255,8192,37755904,0.01864238854446096,task_023/cell_1031,3,67108864,2.9089261442422867,2,completed,2048,20.0,0.06278948653369276,0.028207090420970252
4,1032,185e953d57699e678314593985abe20c62d7d129,cuda,1.0,8,0.5,weak_mixture,0.732399900439667,16,standard normal at finite u_max,0.020233077330894585,0.01800455876362136,unbiased,0.49569820527533837,8192,37755904,0.014772277171928083,task_024/cell_1032,3,67108864,3.0508459620177746,2,completed,2048,20.0,0.03452314386165728,0.02061871697938695
4,1033,185e953d57699e678314593985abe20c62d7d129,cuda,1.0,8,0.5,weak_mixture,0.8241413465621952,16,standard normal at finite u_max,0.017799870630518945,0.016254285480492615,cumulant,0.49549640992568994,8192,38345728,0.011664607889761328,task_025/cell_1033,3,134217728,4.948833920061588,2,completed,2048,20.0,0.032232109272204906,0.017905233782012003
4,1034,185e953d57699e678314593985abe20c62d7d129,cuda,1.0,8,0.5,weak_mixture,0.7527717282549506,16,standard normal at finite u_max,0.017489460794290965,0.01197943414615563,cv,0.49638995517453594,8192,37755904,0.009131709739083088,task_026/cell_1034,3,67108864,4.111606180667877,2,completed,2048,20.0,0.04394236525784974,0.01606514789858146
4,1035,185e953d57699e678314593985abe20c62d7d129,cuda,1.0,8,0.5,weak_mixture,0.8128051157642634,16,standard normal at finite u_max,0.022271323624412687,0.015680519560543494,cv_cumulant,0.4964376980589997,8192,38345728,0.013451279373885357,task_027/cell_1035,3,134217728,7.319677829742432,2,completed,2048,20.0,0.04795688198002114,0.020296288433637566
4,1036,185e953d57699e678314593985abe20c62d7d129,cuda,1.0,8,0.5,weak_mixture,0.8166979587593418,16,standard normal at finite u_max,0.02737089414326708,0.02454400132397766,full,0.4953982499501329,8192,85731328,0.02144719767635165,task_000/cell_1036,3,268435456,2.9766633063554764,3,completed,2048,20.0,0.04624662815714409,0.02636296914208961
4,1037,185e953d57699e678314593985abe20c62d7d129,cuda,1.0,8,0.5,weak_mixture,0.9999999999999984,16,standard normal at finite u_max,0.050565058142435594,0.002746110795751742,unweighted,0.9999999999999987,8192,85731328,0.003904242718743234,task_001/cell_1037,0,268435456,2.9459901079535484,3,completed,2048,20.0,0.3263521609993116,0.06776139477390297
4,1038,185e953d57699e678314593985abe20c62d7d129,cuda,1.0,8,0.5,weak_mixture,0.9849590039021467,16,standard normal at finite u_max,0.027478153463455102,0.02908468357664684,naive,0.4976970878763919,8192,37755904,0.019349324465635524,task_002/cell_1038,4,67108864,3.0544648990035057,3,completed,2048,20.0,0.08668337266877722,0.031974633717932716
4,1039,185e953d57699e678314593985abe20c62d7d129,cuda,1.0,8,0.5,weak_mixture,0.9999999862154407,16,standard normal at finite u_max,0.019374718742823215,0.014535018554418248,unbiased,0.49451727722944094,8192,37755904,0.010775775580165028,task_003/cell_1039,4,67108864,3.01450327411294,3,completed,2048,20.0,0.04171598959483097,0.01765030700787228
4,1040,185e953d57699e678314593985abe20c62d7d129,cuda,1.0,8,0.5,weak_mixture,0.9043923444969588,16,standard normal at finite u_max,0.01775507286178744,0.010263697074603818,cumulant,0.4975475745595334,8192,38345728,0.009121510812427194,task_004/cell_1040,3,134217728,5.109501533210278,3,completed,2048,20.0,0.05283158605469093,0.01598924783956957
4,1041,185e953d57699e678314593985abe20c62d7d129,cuda,1.0,8,0.5,weak_mixture,0.6699355010717547,16,standard normal at finite u_max,0.10470810292922222,0.11625196807991511,cv,0.4865735071113676,8192,37755904,0.07693341945328352,task_005/cell_1041,4,67108864,4.116879820823669,3,completed,2048,20.0,0.24941468999666933,0.11845351247100584
4,1042,185e953d57699e678314593985abe20c62d7d129,cuda,1.0,8,0.5,weak_mixture,0.9374025408133277,16,standard normal at finite u_max,0.01568064646233125,0.010767493333427764,cv_cumulant,0.49588597702333914,8192,38345728,0.008300992134120631,task_006/cell_1042,3,134217728,7.492349926382303,3,completed,2048,20.0,0.038621623148183015,0.01585601597181911
4,1043,185e953d57699e678314593985abe20c62d7d129,cuda,1.0,8,0.5,weak_mixture,0.7896419422581591,16,standard normal at finite u_max,0.02438300362734558,0.017233890445339864,full,0.4958684733239268,8192,85731328,0.011563278969304001,task_007/cell_1043,3,268435456,2.9428905695676804,4,completed,2048,20.0,0.05809489393858154,0.022583978389944227
4,1044,185e953d57699e678314593985abe20c62d7d129,cuda,1.0,8,0.5,weak_mixture,0.9999999999999984,16,standard normal at finite u_max,0.052785982944154944,0.003051624381977344,unweighted,0.9999999999999987,8192,85731328,0.005628485882805789,task_008/cell_1044,0,268435456,2.8999736309051514,4,completed,2048,20.0,0.33331523274946867,0.07008500278286373
4,1045,185e953d57699e678314593985abe20c62d7d129,cuda,1.0,8,0.5,weak_mixture,0.9675852817549107,16,standard normal at finite u_max,0.04760665287985935,0.05374859457280398,naive,0.4980003543312028,8192,37755904,0.04038023496094686,task_009/cell_1045,4,67108864,2.9524795934557915,4,completed,2048,20.0,0.09042114623918561,0.05570125713355448
4,1046,185e953d57699e678314593985abe20c62d7d129,cuda,1.0,8,0.5,weak_mixture,0.8705169420715226,16,standard normal at finite u_max,0.06632488312232901,0.07395571172276137,unbiased,0.49168142101867035,8192,37755904,0.05180751680395785,task_010/cell_1046,4,67108864,2.99316331371665,4,completed,2048,20.0,0.1506367878048922,0.07981313845015989
4,1047,185e953d57699e678314593985abe20c62d7d129,cuda,1.0,8,0.5,weak_mixture,0.7284434404263901,16,standard normal at finite u_max,0.02702849242846552,0.027743607458363406,cumulant,0.49679748211573627,8192,38345728,0.021145231831721296,task_011/cell_1047,3,134217728,5.037698846310377,4,completed,2048,20.0,0.06185927468501641,0.029478034365341167
4,1048,185e953d57699e678314593985abe20c62d7d129,cuda,1.0,8,0.5,weak_mixture,0.9687508337090526,16,standard normal at finite u_max,0.05930314061784526,0.06358264520077236,cv,0.4955961942311243,8192,37755904,0.04992786255623485,task_012/cell_1048,4,67108864,4.051854155957699,4,completed,2048,20.0,0.1074196884632197,0.06649184788598808
4,1049,185e953d57699e678314593985abe20c62d7d129,cuda,1.0,8,0.5,weak_mixture,0.7862518544505629,16,standard normal at finite u_max,0.02242208380210719,0.018508956034274195,cv_cumulant,0.4980534117313319,8192,38345728,0.014360534114615763,task_013/cell_1049,3,134217728,7.362351030111313,4,completed,2048,20.0,0.051049878868788534,0.02268686172119333
4,1050,185e953d57699e678314593985abe20c62d7d129,cuda,1.0,1,0.5,weak_mixture,0.690342379458523,64,standard normal at finite u_max,0.008973480196628358,0.006405758601681903,full,0.4573347095422001,8192,42406912,0.002194196093895484,task_014/cell_1050,1,67108864,0.16002081334590912,0,completed,128,20.0,0.022261237695407665,0.009147462385962911
4,1051,185e953d57699e678314593985abe20c62d7d129,cuda,1.0,1,0.5,weak_mixture,0.9999999999999984,64,standard normal at finite u_max,0.052179650857792054,0.0009672899920129107,unweighted,0.9999999999999987,8192,42406912,0.0028026724523028124,task_015/cell_1051,0,67108864,0.15973525121808052,0,completed,128,20.0,0.33408692040688004,0.06914802896517337
4,1052,185e953d57699e678314593985abe20c62d7d129,cuda,1.0,1,0.5,weak_mixture,0.9305563341295695,64,standard normal at finite u_max,0.07689880865107934,0.09679831326613485,naive,0.4289042101422631,8192,5180928,0.04815584540015805,task_016/cell_1052,2,4194304,0.33868711441755295,0,completed,128,20.0,0.3090474680920674,0.09680414889184212
4,1053,185e953d57699e678314593985abe20c62d7d129,cuda,1.0,1,0.5,weak_mixture,0.9422074620519953,64,standard normal at finite u_max,0.059220536264462026,0.07065188659963087,unbiased,0.4573498594882776,8192,5180928,0.03603995159856033,task_017/cell_1053,2,4194304,0.19762979447841644,0,completed,128,20.0,0.2714169888283855,0.07083784260547304
4,1054,185e953d57699e678314593985abe20c62d7d129,cuda,1.0,1,0.5,weak_mixture,0.6114360094452982,64,standard normal at finite u_max,0.01728309989492327,0.01869714467132695,cumulant,0.47997285114346666,8192,5312000,0.014006963988383192,task_018/cell_1054,1,8388608,0.32598990201950073,0,completed,128,20.0,0.018371987982494398,0.01918011585002356
4,1055,185e953d57699e678314593985abe20c62d7d129,cuda,1.0,1,0.5,weak_mixture,0.6702657441190614,64,standard normal at finite u_max,0.03259000874914941,0.0338196002275792,cv,0.46536415099604084,8192,5180928,0.016652243212782913,task_019/cell_1055,1,4194304,0.27551107108592987,0,completed,128,20.0,0.1141106314862399,0.03486533784321724
4,1056,185e953d57699e678314593985abe20c62d7d129,cuda,1.0,1,0.5,weak_mixture,0.5196864994003364,64,standard normal at finite u_max,0.018100600434609593,0.02181253478926056,cv_cumulant,0.4643050294900519,8192,5312000,0.007566167211019104,task_020/cell_1056,1,8388608,0.44686830043792725,0,completed,128,20.0,0.0700053105440892,0.02238136991559022
4,1057,185e953d57699e678314593985abe20c62d7d129,cuda,1.0,1,0.5,weak_mixture,0.997701001740871,64,standard normal at finite u_max,0.03951245092376188,0.04745936429151418,full,0.4632693330060334,8192,42406912,0.02670502220089721,task_021/cell_1057,2,67108864,0.15681452676653862,1,completed,128,20.0,0.17993762243654499,0.047568751547973596
4,1058,185e953d57699e678314593985abe20c62d7d129,cuda,1.0,1,0.5,weak_mixture,0.9999999999999984,64,standard normal at finite u_max,0.05496356024978863,0.006733562400155062,unweighted,0.9999999999999987,8192,42406912,0.009150328702302812,task_022/cell_1058,0,67108864,0.15063325315713882,1,completed,128,20.0,0.31344030206802576,0.06387481261693252
4,1059,185e953d57699e678314593985abe20c62d7d129,cuda,1.0,1,0.5,weak_mixture,0.694537694462405,64,standard normal at finite u_max,0.020881970939789593,0.01730011324006373,naive,0.4785072600213729,8192,5180928,0.010491156400024293,task_023/cell_1059,1,4194304,0.18780285120010376,1,completed,128,20.0,0.05419059779370983,0.02036101848504522
4,1060,185e953d57699e678314593985abe20c62d7d129,cuda,1.0,1,0.5,weak_mixture,0.7630455931646936,64,standard normal at finite u_max,0.009878984773069518,0.006125292109906267,unbiased,0.46166369783651817,8192,5180928,0.006484969645001781,task_024/cell_1060,1,4194304,0.1995367854833603,1,completed,128,20.0,0.008389300460913462,0.008567301966968626
4,1061,185e953d57699e678314593985abe20c62d7d129,cuda,1.0,1,0.5,weak_mixture,0.9766476646678588,64,standard normal at finite u_max,0.01677782484375348,0.012518687366998875,cumulant,0.4844628800369345,8192,5312000,0.011054819513287573,task_025/cell_1061,1,8388608,0.31849901005625725,1,completed,128,20.0,0.036533613085990346,0.013618984671614555
4,1062,185e953d57699e678314593985abe20c62d7d129,cuda,1.0,1,0.5,weak_mixture,0.754983173246703,64,standard normal at finite u_max,0.008510766096452294,0.0011418816766337585,cv,0.47895017778508414,8192,5180928,0.0030252086582033266,task_026/cell_1062,1,4194304,0.26332661509513855,1,completed,128,20.0,0.014078342807963162,0.006357558219475828
4,1063,185e953d57699e678314593985abe20c62d7d129,cuda,1.0,1,0.5,weak_mixture,0.9639351067117717,64,standard normal at finite u_max,0.01917154006380753,0.008363376840772438,cv_cumulant,0.4995667301214562,8192,5312000,0.004084474237158964,task_027/cell_1063,1,8388608,0.4618937075138092,1,completed,128,20.0,0.047504649828664314,0.011769287308528508
4,1064,185e953d57699e678314593985abe20c62d7d129,cuda,1.0,1,0.5,weak_mixture,0.6745236842307469,64,standard normal at finite u_max,0.013396202451147171,0.005123816040906804,full,0.4777969125968691,8192,42406912,0.010241684337777057,task_000/cell_1064,1,67108864,0.15767623484134674,2,completed,128,20.0,0.050977018877585545,0.011676223807665835
4,1065,185e953d57699e678314593985abe20c62d7d129,cuda,1.0,1,0.5,weak_mixture,0.9999999999999984,64,standard normal at finite u_max,0.052821503994912575,0.0015497780860409278,unweighted,0.9999999999999987,8192,42406912,0.00036126620230281237,task_001/cell_1065,0,67108864,0.1568772941827774,2,completed,128,20.0,0.31641776286295986,0.06534335536627249
4,1066,185e953d57699e678314593985abe20c62d7d129,cuda,1.0,1,0.5,weak_mixture,0.9279915048210738,64,standard normal at finite u_max,0.015936170006906614,0.0003923865290540972,naive,0.48377001601433456,8192,5180928,0.005635281339318676,task_002/cell_1066,2,4194304,0.1996590718626976,2,completed,128,20.0,0.07995240141840987,0.016987927568750404
4,1067,185e953d57699e678314593985abe20c62d7d129,cuda,1.0,1,0.5,weak_mixture,0.9901321755892479,64,standard normal at finite u_max,0.030021593181922657,0.020326012217621446,unbiased,0.4615815175804652,8192,5180928,0.017912102493966242,task_003/cell_1067,2,4194304,0.19581658393144608,2,completed,128,20.0,0.11578130275112342,0.03003614287812423
4,1068,185e953d57699e678314593985abe20c62d7d129,cuda,1.0,1,0.5,weak_mixture,0.7999713370886069,64,standard normal at finite u_max,0.013303470167413511,0.014920020894454026,cumulant,0.48192631685309,8192,5312000,0.010603183617691081,task_004/cell_1068,1,8388608,0.3536609411239624,2,completed,128,20.0,0.004966104124086934,0.015227372576151137
4,1069,185e953d57699e678314593985abe20c62d7d129,cuda,1.0,1,0.5,weak_mixture,0.999560861907651,64,standard normal at finite u_max,0.026332400271662282,0.026822180828767465,cv,0.45188325439882504,8192,5180928,0.0185330001838806,task_005/cell_1069,2,4194304,0.33968060463666916,2,completed,128,20.0,0.017715482034341257,0.028118235904855345
4,1070,185e953d57699e678314593985abe20c62d7d129,cuda,1.0,1,0.5,weak_mixture,0.7706087535427962,64,standard normal at finite u_max,0.016340022531836862,0.022515991677911816,cv_cumulant,0.4866664302991318,8192,5312000,0.011582730547377573,task_006/cell_1070,1,8388608,0.47420260310173035,2,completed,128,20.0,0.01088155334714136,0.022612584676172515
4,1071,185e953d57699e678314593985abe20c62d7d129,cuda,1.0,1,0.5,weak_mixture,0.8812009873668379,64,standard normal at finite u_max,0.013877463037043014,0.011673808447302607,full,0.48646291345155523,8192,42406912,0.0036879581127439165,task_007/cell_1071,1,67108864,0.15386522188782692,3,completed,128,20.0,0.04364494114546269,0.012323235095904744
4,1072,185e953d57699e678314593985abe20c62d7d129,cuda,1.0,1,0.5,weak_mixture,0.9999999999999984,64,standard normal at finite u_max,0.04914391382065331,0.002779598727974295,unweighted,0.9999999999999987,8192,42406912,0.005976500577302812,task_008/cell_1072,0,67108864,0.14926999062299728,3,completed,128,20.0,0.3233477814438226,0.0659907919634765
4,1073,185e953d57699e678314593985abe20c62d7d129,cuda,1.0,1,0.5,weak_mixture,0.8085088313036166,64,standard normal at finite u_max,0.026599827663730535,0.0223223686522682,naive,0.48184983481589777,8192,5180928,0.020958850129443263,task_009/cell_1073,1,4194304,0.19275657832622528,3,completed,128,20.0,0.009869026373015455,0.023805489075794828
4,1074,185e953d57699e678314593985abe20c62d7d129,cuda,1.0,1,0.5,weak_mixture,0.8967580945885626,64,standard normal at finite u_max,0.017120477694391623,0.015902466197602282,unbiased,0.4680484890221984,8192,5180928,0.013820191860664022,task_010/cell_1074,1,4194304,0.1943238452076912,3,completed,128,20.0,0.014556779776694784,0.01608545122633682
4,1075,185e953d57699e678314593985abe20c62d7d129,cuda,1.0,1,0.5,weak_mixture,0.7930475182455582,64,standard normal at finite u_max,0.013670140035914824,0.007811880703413113,cumulant,0.47767849155168346,8192,5312000,0.008560336572320248,task_011/cell_1075,1,8388608,0.32297874242067337,3,completed,128,20.0,0.016695753403660474,0.012621083878884625
4,1076,185e953d57699e678314593985abe20c62d7d129,cuda,1.0,1,0.5,weak_mixture,0.9068176358900647,64,standard normal at finite u_max,0.01662418865573778,0.011977354963135291,cv,0.49105543919305283,8192,5180928,0.015088068390209375,task_012/cell_1076,1,4194304,0.258853480219841,3,completed,128,20.0,0.01396571999587426,0.012935983303171293
4,1077,185e953d57699e678314593985abe20c62d7d129,cuda,1.0,1,0.5,weak_mixture,0.7471454827819969,64,standard normal at finite u_max,0.015224086280930638,0.008308505302640174,cv_cumulant,0.49767564629994127,8192,5312000,0.008281182146523403,task_013/cell_1077,1,8388608,0.4652058184146881,3,completed,128,20.0,0.03401958971551444,0.012345645807684298
4,1078,185e953d57699e678314593985abe20c62d7d129,cuda,1.0,1,0.5,weak_mixture,0.9867288656576495,64,standard normal at finite u_max,0.028908057803339604,0.015403185697924137,full,0.4884233569820506,8192,42406912,0.0018863386292572448,task_014/cell_1078,2,67108864,0.15920573845505714,4,completed,128,20.0,0.24376547730033749,0.0379746282542634
4,1079,185e953d57699e678314593985abe20c62d7d129,cuda,1.0,1,0.5,weak_mixture,0.9999999999999984,64,standard normal at finite u_max,0.04773044617472477,0.0005212352306234388,unweighted,0.9999999999999987,8192,42406912,0.0025585318273028124,task_015/cell_1079,0,67108864,0.15979858115315437,4,completed,128,20.0,0.3074847701435164,0.06390469860285893
4,1080,185e953d57699e678314593985abe20c62d7d129,cuda,1.0,1,0.5,weak_mixture,0.596940429835079,64,standard normal at finite u_max,0.01738680710658974,0.006058912015691894,naive,0.4740070489871652,8192,5180928,0.0027254367760877196,task_016/cell_1080,1,4194304,0.19009756296873093,4,completed,128,20.0,0.04013138920649428,0.013311490364226852
4,1081,185e953d57699e678314593985abe20c62d7d129,cuda,1.0,1,0.5,weak_mixture,0.7586708624652433,64,standard normal at finite u_max,0.015281411061092154,0.013551616445355333,unbiased,0.4519601761923931,8192,5180928,0.012202753284724976,task_017/cell_1081,1,4194304,0.1962248533964157,4,completed,128,20.0,0.005446787025838562,0.015429937718186638
4,1082,185e953d57699e678314593985abe20c62d7d129,cuda,1.0,1,0.5,weak_mixture,0.8910822566358104,64,standard normal at finite u_max,0.012376545102989911,0.010209208474977667,cumulant,0.47175540501507013,8192,5312000,0.009293827863076531,task_018/cell_1082,1,8388608,0.3285931274294853,4,completed,128,20.0,0.022667989986890458,0.01159060954373089
4,1083,185e953d57699e678314593985abe20c62d7d129,cuda,1.0,1,0.5,weak_mixture,0.748318539704783,64,standard normal at finite u_max,0.01343232262570343,0.011080821691089744,cv,0.46416821031878047,8192,5180928,0.008858023003945337,task_019/cell_1083,1,4194304,0.27348922938108444,4,completed,128,20.0,0.011841912962911816,0.012420890172881607
4,1084,185e953d57699e678314593985abe20c62d7d129,cuda,1.0,1,0.5,weak_mixture,0.8161580355705965,64,standard normal at finite u_max,0.013395062715624517,0.010961778281344087,cv_cumulant,0.4904833101778919,8192,5312000,0.005555985933936358,task_020/cell_1084,1,8388608,0.4473128952085972,4,completed,128,20.0,0.016604518220685538,0.012081515482880967
4,1085,185e953d57699e678314593985abe20c62d7d129,cuda,1.0,1,0.5,weak_mixture,0.8326399833862026,64,standard normal at finite u_max,0.010870964698018182,0.00862939163787528,full,0.49516082654371246,8192,42406912,0.005479801332176515,task_021/cell_1085,1,268435456,0.599365621805191,0,completed,512,20.0,0.003726990893786253,0.010087867864118132
4,1086,185e953d57699e678314593985abe20c62d7d129,cuda,1.0,1,0.5,weak_mixture,0.9999999999999984,64,standard normal at finite u_max,0.055289919926346576,8.752196934963888e-06,unweighted,0.9999999999999987,8192,42406912,0.0022022103601971876,task_022/cell_1086,0,268435456,0.5820291489362717,0,completed,512,20.0,0.35198873829956434,0.07185280742617119
4,1087,185e953d57699e678314593985abe20c62d7d129,cuda,1.0,1,0.5,weak_mixture,0.645446691548604,64,standard normal at finite u_max,0.019974650595764032,0.01259689906024693,naive,0.48409987607061417,8192,5180928,0.010784784839476869,task_023/cell_1087,1,16777216,0.7294711843132973,0,completed,512,20.0,0.00897618126382338,0.015363858015850603
4,1088,185e953d57699e678314593985abe20c62d7d129,cuda,1.0,1,0.5,weak_mixture,0.6439884244085942,64,standard normal at finite u_max,0.013801055901307202,0.005296068621403806,unbiased,0.47566591759402244,8192,5180928,0.0070310192720953735,task_024/cell_1088,1,16777216,0.7683585286140442,0,completed,512,20.0,0.061306529235550355,0.014513634858331521
4,1089,185e953d57699e678314593985abe20c62d7d129,cuda,1.0,1,0.5,weak_mixture,0.7128390796987832,64,standard normal at finite u_max,0.014152757546381012,0.008400076513768654,cumulant,0.48914967954420707,8192,5312000,0.004264378265621427,task_025/cell_1089,1,33554432,1.241481427103281,0,completed,512,20.0,0.017969038826544992,0.01165263827672442
4,1090,185e953d57699e678314593985abe20c62d7d129,cuda,1.0,1,0.5,weak_mixture,0.680677147997715,64,standard normal at finite u_max,0.011123735024937909,0.0039552485718360505,cv,0.4860410275464221,8192,5180928,0.004037844033669136,task_026/cell_1090,1,16777216,1.0287810936570168,0,completed,512,20.0,0.02714034214434413,0.008151533670850504
4,1091,185e953d57699e678314593985abe20c62d7d129,cuda,1.0,1,0.5,weak_mixture,0.6525012761781839,64,standard normal at finite u_max,0.012135621286821996,0.004789917436899311,cv_cumulant,0.49884044943728156,8192,5312000,0.01004414363492312,task_027/cell_1091,1,33554432,1.8255916759371758,0,completed,512,20.0,0.011155723604405532,0.01090401598780328
4,1092,185e953d57699e678314593985abe20c62d7d129,cuda,1.0,1,0.5,weak_mixture,0.5794209071590117,64,standard normal at finite u_max,0.014914410622464791,0.012708923758080791,full,0.4848295904211135,8192,42406912,0.012025620956650163,task_000/cell_1092,1,268435456,0.6057854667305946,1,completed,512,20.0,0.0024143674588934516,0.013357119246243112
4,1093,185e953d57699e678314593985abe20c62d7d129,cuda,1.0,1,0.5,weak_mixture,0.9999999999999984,64,standard normal at finite u_max,0.05550907672794382,0.0027701516091093916,unweighted,0.9999999999999987,8192,42406912,0.0036571646398028124,task_001/cell_1093,0,268435456,0.6662205010652542,1,completed,512,20.0,0.3378355662912116,0.06941158403642564
4,1094,185e953d57699e678314593985abe20c62d7d129,cuda,1.0,1,0.5,weak_mixture,0.8567722992777711,64,standard normal at finite u_max,0.010969556892088672,0.0018071421896343354,naive,0.4984719893051942,8192,5180928,0.0007840442056414876,task_002/cell_1094,1,16777216,0.7665487378835678,1,completed,512,20.0,0.06872003066592103,0.01166672822112139
4,1095,185e953d57699e678314593985abe20c62d7d129,cuda,1.0,1,0.5,weak_mixture,0.912907094135765,64,standard normal at finite u_max,0.019049179040718123,0.010583320159490638,unbiased,0.4985714753079427,8192,5180928,0.002868149428990052,task_003/cell_1095,1,16777216,0.7557783201336861,1,completed,512,20.0,0.08530587022826386,0.0163452868927636
4,1096,185e953d57699e678314593985abe20c62d7d129,cuda,1.0,1,0.5,weak_mixture,0.9892739657740788,64,standard normal at finite u_max,0.04888185491406055,0.05003310203556241,cumulant,0.4974650035217978,8192,5312000,0.040566420003947834,task_004/cell_1096,2,33554432,1.278640054166317,1,completed,512,20.0,0.02799524703816103,0.05004421992687728
4,1097,185e953d57699e678314593985abe20c62d7d129,cuda,1.0,1,0.5,weak_mixture,0.9297290784311981,64,standard normal at finite u_max,0.010188743210979269,0.0020438869971863647,cv,0.49956444625396906,8192,5180928,0.005469318751796348,task_005/cell_1097,1,16777216,1.0105789825320244,1,completed,512,20.0,0.07614490867144097,0.013255258295431085
4,1098,185e953d57699e678314593985abe20c62d7d129,cuda,1.0,1,0.5,weak_mixture,0.9971860707778993,64,standard normal at finite u_max,0.041864886506749965,0.052232609552324394,cv_cumulant,0.497810949271563,8192,5312000,0.0358903905630692,task_006/cell_1098,2,33554432,1.8616860881447792,1,completed,512,20.0,0.01647672393699806,0.05223957513906032
4,1099,185e953d57699e678314593985abe20c62d7d129,cuda,1.0,1,0.5,weak_mixture,0.7177043647632606,64,standard normal at finite u_max,0.011425567055582064,0.009741215379757253,full,0.4956803449652541,8192,42406912,0.006088878662581898,task_007/cell_1099,1,268435456,0.5943971201777458,2,completed,512,20.0,0.02037309386654418,0.010222752867719606
4,1100,185e953d57699e678314593985abe20c62d7d129,cuda,1.0,1,0.5,weak_mixture,0.9999999999999984,64,standard normal at finite u_max,0.05893459022241282,0.00480669078822823,unweighted,0.9999999999999987,8192,42406912,0.009028258389802812,task_008/cell_1100,0,268435456,0.5761905536055565,2,completed,512,20.0,0.3525923956445074,0.07395422896476574
4,1101,185e953d57699e678314593985abe20c62d7d129,cuda,1.0,1,0.5,weak_mixture,0.8087338492073536,64,standard normal at finite u_max,0.028650957433332847,0.03491725125498954,naive,0.4958019336830841,8192,5180928,0.023875216281516565,task_009/cell_1101,1,16777216,0.7432082146406174,2,completed,512,20.0,0.014228141513848547,0.03498385761963135
4,1102,185e953d57699e678314593985abe20c62d7d129,cuda,1.0,1,0.5,weak_mixture,0.9137687662735087,64,standard normal at finite u_max,0.016767930806719678,0.0184883265639639,unbiased,0.4978787460051501,8192,5180928,0.009685701344895992,task_010/cell_1102,1,16777216,0.752089649438858,2,completed,512,20.0,0.026351159167353422,0.019584238212463575
4,1103,185e953d57699e678314593985abe20c62d7d129,cuda,1.0,1,0.5,weak_mixture,0.5463754876834569,64,standard normal at finite u_max,0.0998537103782029,0.12753953927669137,cumulant,0.4825794286822857,8192,5312000,0.05210362908774091,task_011/cell_1103,2,33554432,1.2585094049572945,2,completed,512,20.0,0.5898871499682796,0.1276958129870257
4,1104,185e953d57699e678314593985abe20c62d7d129,cuda,1.0,1,0.5,weak_mixture,0.9316686904525586,64,standard normal at finite u_max,0.013968043772421557,0.014357875072927523,cv,0.4951377498637509,8192,5180928,0.011415654893340621,task_012/cell_1104,1,16777216,1.0173045620322227,2,completed,512,20.0,0.042207938927421695,0.01600851150981215
4,1105,185e953d57699e678314593985abe20c62d7d129,cuda,1.0,1,0.5,weak_mixture,0.5181618567188772,64,standard normal at finite u_max,0.11673030559767072,0.14925678616434435,cv_cumulant,0.45385590814748034,8192,5312000,0.06026990836108992,task_013/cell_1105,2,33554432,1.8431053757667542,2,completed,512,20.0,0.6932459200764185,0.14936199456207186
4,1106,185e953d57699e678314593985abe20c62d7d129,cuda,1.0,1,0.5,weak_mixture,0.6874754353519487,64,standard normal at finite u_max,0.008443458723955688,0.0015941251624479076,full,0.4911331620789146,8192,42406912,0.004437958341247383,task_014/cell_1106,1,268435456,0.6084480620920658,3,completed,512,20.0,0.034049968120203555,0.009276746520660297
4,1107,185e953d57699e678314593985abe20c62d7d129,cuda,1.0,1,0.5,weak_mixture,0.9999999999999984,64,standard normal at finite u_max,0.053799661912607766,0.003641352366818078,unweighted,0.9999999999999987,8192,42406912,0.0035449837976971876,task_015/cell_1107,0,268435456,0.6143397353589535,3,completed,512,20.0,0.334172248748418,0.0677669890452453
4,1108,185e953d57699e678314593985abe20c62d7d129,cuda,1.0,1,0.5,weak_mixture,0.5714578835324782,64,standard normal at finite u_max,0.082218946746758,0.09298908886366436,naive,0.4349360915042434,8192,5180928,0.0684280432749319,task_016/cell_1108,2,16777216,0.7322212532162666,3,completed,512,20.0,0.10698605517748927,0.0936860456120066
4,1109,185e953d57699e678314593985abe20c62d7d129,cuda,1.0,1,0.5,weak_mixture,0.8299167359114997,64,standard normal at finite u_max,0.05507098962032261,0.061882643808045194,unbiased,0.4570194983674872,8192,5180928,0.04277328358389415,task_017/cell_1109,2,16777216,0.7523735240101814,3,completed,512,20.0,0.09863498806899518,0.06206235071530579
4,1110,185e953d57699e678314593985abe20c62d7d129,cuda,1.0,1,0.5,weak_mixture,0.791367694627999,64,standard normal at finite u_max,0.013583185230967354,0.003518499504916143,cumulant,0.4951672279657282,8192,5312000,0.0008665749126411937,task_018/cell_1110,1,33554432,1.27566958963871,3,completed,512,20.0,0.06548733959236042,0.010717642843814974
4,1111,185e953d57699e678314593985abe20c62d7d129,cuda,1.0,1,0.5,weak_mixture,0.7544395337773421,64,standard normal at finite u_max,0.05959120132983042,0.06725972140986072,cv,0.46380520155221394,8192,5180928,0.04710964882604196,task_019/cell_1111,2,16777216,1.066001895815134,3,completed,512,20.0,0.14899543363528678,0.06764467114436418
4,1112,185e953d57699e678314593985abe20c62d7d129,cuda,1.0,1,0.5,weak_mixture,0.8007565759116169,64,standard normal at finite u_max,0.013757907336570174,0.002694703027318836,cv_cumulant,0.4977429846699975,8192,5312000,0.0032831852515533555,task_020/cell_1112,1,33554432,1.7679973803460598,3,completed,512,20.0,0.07452906213547672,0.013600230759846947
4,1113,185e953d57699e678314593985abe20c62d7d129,cuda,1.0,1,0.5,weak_mixture,0.7461405624573321,64,standard normal at finite u_max,0.01219468585528305,0.0033449033199580407,full,0.49704596799426126,8192,42406912,0.00535236877442713,task_021/cell_1113,1,268435456,0.5985410511493683,4,completed,512,20.0,0.034879607986831984,0.009259395280705981
4,1114,185e953d57699e678314593985abe20c62d7d129,cuda,1.0,1,0.5,weak_mixture,0.9999999999999984,64,standard normal at finite u_max,0.05780625054781577,0.0014147329052639646,unweighted,0.9999999999999987,8192,42406912,0.0004932259851971876,task_022/cell_1114,0,268435456,0.581797406077385,4,completed,512,20.0,0.34494941492716313,0.0733097387692319
4,1115,185e953d57699e678314593985abe20c62d7d129,cuda,1.0,1,0.5,weak_mixture,0.7227208858162623,64,standard normal at finite u_max,0.023040929180552228,0.02344956831467547,naive,0.4947480022954882,8192,5180928,0.021454889781276854,task_023/cell_1115,1,16777216,0.7284956946969032,4,completed,512,20.0,0.008471525600286078,0.025175369057145496
4,1116,185e953d57699e678314593985abe20c62d7d129,cuda,1.0,1,0.5,weak_mixture,0.7643196777538452,64,standard normal at finite u_max,0.01613534399279848,0.01587582075352078,unbiased,0.49859308350173676,8192,5180928,0.006433704818753383,task_024/cell_1116,1,16777216,0.7676895298063755,4,completed,512,20.0,0.029146602387940534,0.01657571366522321
4,1117,185e953d57699e678314593985abe20c62d7d129,cuda,1.0,1,0.5,weak_mixture,0.5343679864540859,64,standard normal at finite u_max,0.013654981672393651,0.00405850217391668,cumulant,0.4954378350362774,8192,5312000,0.0075806537392560935,task_025/cell_1117,1,33554432,1.2456020526587963,4,completed,512,20.0,0.011590314232389876,0.011218549132727405
4,1118,185e953d57699e678314593985abe20c62d7d129,cuda,1.0,1,0.5,weak_mixture,0.8137305985429367,64,standard normal at finite u_max,0.01296868308036389,0.012302026036009505,cv,0.4987689762364458,8192,5180928,0.0072581620288303395,task_026/cell_1118,1,16777216,1.0280998945236206,4,completed,512,20.0,0.004586502890436384,0.01257522056402974
4,1119,185e953d57699e678314593985abe20c62d7d129,cuda,1.0,1,0.5,weak_mixture,0.5217791402788667,64,standard normal at finite u_max,0.014180514075879003,0.0037138176435777895,cv_cumulant,0.49289362662123837,8192,5312000,0.0024409879048093996,task_027/cell_1119,1,33554432,1.8304153382778168,4,completed,512,20.0,0.02059779484894242,0.009449491296574271
4,1120,185e953d57699e678314593985abe20c62d7d129,cuda,1.0,1,0.5,weak_mixture,0.5351755131246632,64,standard normal at finite u_max,0.022045859617443875,0.025197602645524057,full,0.4989924739449851,8192,42406912,0.016023380400470355,task_000/cell_1120,1,1073741824,2.3915465101599693,0,completed,2048,20.0,0.10369731449159736,0.026727360165991497
4,1121,185e953d57699e678314593985abe20c62d7d129,cuda,1.0,1,0.5,weak_mixture,0.9999999999999984,64,standard normal at finite u_max,0.05352999242392577,0.0026455365804949407,unweighted,0.9999999999999987,8192,42406912,0.006352600985197188,task_001/cell_1121,0,1073741824,2.3656554892659187,0,completed,2048,20.0,0.33805951451593785,0.0705869832048865
4,1122,185e953d57699e678314593985abe20c62d7d129,cuda,1.0,1,0.5,weak_mixture,0.5656512095747998,64,standard normal at finite u_max,0.022769978488933695,0.019133941604692395,naive,0.4994859126755092,8192,5180928,0.004438000106954942,task_002/cell_1122,1,67108864,3.0522816590964794,0,completed,2048,20.0,0.14007963695189107,0.021648391151711112
4,1123,185e953d57699e678314593985abe20c62d7d129,cuda,1.0,1,0.5,weak_mixture,0.8150835002050378,64,standard normal at finite u_max,0.013020046785867045,0.01741452515564637,unbiased,0.4976585196017341,8192,5180928,0.009227567562356431,task_003/cell_1123,1,67108864,2.999659776687622,0,completed,2048,20.0,0.02991360985299285,0.017749798153279765
4,1124,185e953d57699e678314593985abe20c62d7d129,cuda,1.0,1,0.5,weak_mixture,0.6534453143735608,64,standard normal at finite u_max,0.00935993520896894,0.002280775640394068,cumulant,0.49972966510053957,8192,5312000,0.005987427160054737,task_004/cell_1124,1,134217728,5.099553383886814,0,completed,2048,20.0,0.04197786256057312,0.008620007185606507
4,1125,185e953d57699e678314593985abe20c62d7d129,cuda,1.0,1,0.5,weak_mixture,0.8018905345188297,64,standard normal at finite u_max,0.019555168971625014,0.02388770026357278,cv,0.49670930574908906,8192,5180928,0.018300792948724665,task_005/cell_1125,1,67108864,4.018264688551426,0,completed,2048,20.0,0.021140166285930073,0.02405488720186241
4,1126,185e953d57699e678314593985abe20c62d7d129,cuda,1.0,1,0.5,weak_mixture,0.6003012858368554,64,standard normal at finite u_max,0.010598978786638569,0.006888077812911142,cv_cumulant,0.49693156332314464,8192,5312000,1.7805762808631442e-06,task_006/cell_1126,1,134217728,7.448930516839027,0,completed,2048,20.0,0.0892212923222866,0.012851885106272958
4,1127,185e953d57699e678314593985abe20c62d7d129,cuda,1.0,1,0.5,weak_mixture,0.5964042871961888,64,standard normal at finite u_max,0.03616544818844514,0.031727433192981915,full,0.49881910337584556,8192,42406912,0.027440882983199466,task_007/cell_1127,1,1073741824,2.3499636463820934,1,completed,2048,20.0,0.05470127198702901,0.032203099224035935
4,1128,185e953d57699e678314593985abe20c62d7d129,cuda,1.0,1,0.5,weak_mixture,0.9999999999999984,64,standard normal at finite u_max,0.05983557664496744,0.01162750004994108,unweighted,0.9999999999999987,8192,42406912,0.017084899014802812,task_008/cell_1128,0,1073741824,2.2816750705242157,1,completed,2048,20.0,0.3453974634822504,0.07068036456146126
4,1129,185e953d57699e678314593985abe20c62d7d129,cuda,1.0,1,0.5,weak_mixture,0.846588248019706,64,standard normal at finite u_max,0.006563596642591409,0.0014569856768137223,naive,0.49859821690211653,8192,5180928,0.0036799598676896528,task_009/cell_1129,1,67108864,2.932533785700798,1,completed,2048,20.0,0.024084459352053278,0.005679310145031703
4,1130,185e953d57699e678314593985abe20c62d7d129,cuda,1.0,1,0.5,weak_mixture,0.9036856716498167,64,standard normal at finite u_max,0.02073990486628019,0.01909872235562527,unbiased,0.49834580059652855,8192,5180928,0.015069887367149426,task_010/cell_1130,1,67108864,2.9878197871148586,1,completed,2048,20.0,0.054973743343280757,0.019928276785328776
4,1131,185e953d57699e678314593985abe20c62d7d129,cuda,1.0,1,0.5,weak_mixture,0.7887372857401748,64,standard normal at finite u_max,0.02194662771281372,0.017296513463252818,cumulant,0.49912039084472354,8192,5312000,0.004144806257971978,task_011/cell_1131,1,134217728,5.018349837511778,1,completed,2048,20.0,0.07525067801529994,0.01801993316318096
4,1132,185e953d57699e678314593985abe20c62d7d129,cuda,1.0,1,0.5,weak_mixture,0.8981197941617153,64,standard normal at finite u_max,0.01677735923473478,0.017745050419290906,cv,0.4985431210778955,8192,5180928,0.014348019694521486,task_012/cell_1132,1,67108864,4.031262136995792,1,completed,2048,20.0,0.05088840276993678,0.01970384695409491
4,1133,185e953d57699e678314593985abe20c62d7d129,cuda,1.0,1,0.5,weak_mixture,0.730181076577931,64,standard normal at finite u_max,0.01158671746769066,0.005369809659088487,cv_cumulant,0.49870590451573166,8192,5312000,0.002462803794919921,task_013/cell_1133,1,134217728,7.367126166820526,1,completed,2048,20.0,0.04574336097174614,0.009755177585464004
4,1134,185e953d57699e678314593985abe20c62d7d129,cuda,1.0,1,0.5,weak_mixture,0.5893084920457128,64,standard normal at finite u_max,0.024677012567396073,0.02941986376221229,full,0.4963782403123532,8192,42406912,0.01989163297527974,task_014/cell_1134,1,1073741824,2.4096720665693283,2,completed,2048,20.0,0.012080143396741572,0.02945396385372083
4,1135,185e953d57699e678314593985abe20c62d7d129,cuda,1.0,1,0.5,weak_mixture,0.9999999999999984,64,standard normal at finite u_max,0.05636665165234522,0.0018465203155187213,unweighted,0.9999999999999987,8192,42406912,0.0029247427648028124,task_015/cell_1135,0,1073741824,2.4320408813655376,2,completed,2048,20.0,0.3549926618808724,0.07412449183960292
4,1136,185e953d57699e678314593985abe20c62d7d129,cuda,1.0,1,0.5,weak_mixture,0.828518000193076,64,standard normal at finite u_max,0.029680726050105077,0.031522804997552285,naive,0.4984720593373951,8192,5180928,0.027309177126520923,task_016/cell_1136,1,67108864,2.9559865295886993,2,completed,2048,20.0,0.08192015677771958,0.03306836684151716
4,1137,185e953d57699e678314593985abe20c62d7d129,cuda,1.0,1,0.5,weak_mixture,0.9250728897513291,64,standard normal at finite u_max,0.015102867035996725,0.009549878835597318,unbiased,0.49849012457174774,8192,5180928,0.011458469462864995,task_017/cell_1137,1,67108864,2.986456587910652,2,completed,2048,20.0,0.07018442893472998,0.015618397294289968
4,1138,185e953d57699e678314593985abe20c62d7d129,cuda,1.0,1,0.5,weak_mixture,0.7740684406978108,64,standard normal at finite u_max,0.012736925849441895,0.002142696958171571,cumulant,0.49904397266068723,8192,5312000,0.001010733478394532,task_018/cell_1138,1,134217728,5.078623414039612,2,completed,2048,20.0,0.09349868594554511,0.01668640634817534
4,1139,185e953d57699e678314593985abe20c62d7d129,cuda,1.0,1,0.5,weak_mixture,0.9133842723791924,64,standard normal at finite u_max,0.014008074157032424,0.007195401634070326,cv,0.49886401490649307,8192,5180928,0.007515930854585018,task_019/cell_1139,1,67108864,4.23124311491847,2,completed,2048,20.0,0.062340877685280405,0.014363288422296474
4,1140,185e953d57699e678314593985abe20c62d7d129,cuda,1.0,1,0.5,weak_mixture,0.7582652381571862,64,standard normal at finite u_max,0.017668941713523095,0.005250102314637158,cv_cumulant,0.49887219738861716,8192,5312000,0.0017114167293278415,task_020/cell_1140,1,134217728,7.34439666941762,2,completed,2048,20.0,0.07763222585142504,0.01435081840917179
4,1141,185e953d57699e678314593985abe20c62d7d129,cuda,1.0,1,0.5,weak_mixture,0.6888789563435492,64,standard normal at finite u_max,0.025378472321469725,0.02443137255592017,full,0.49779282495531824,8192,42406912,0.015320576054300483,task_021/cell_1141,1,1073741824,2.366950996220112,3,completed,2048,20.0,0.053020733362884265,0.024804167058797955
4,1142,185e953d57699e678314593985abe20c62d7d129,cuda,1.0,1,0.5,weak_mixture,0.9999999999999984,64,standard normal at finite u_max,0.053795746150186494,0.0018967475609042665,unweighted,0.9999999999999987,8192,42406912,0.0004932259851971876,task_022/cell_1142,0,1073741824,2.2936882600188255,3,completed,2048,20.0,0.3352703200341257,0.06917727325163202
4,1143,185e953d57699e678314593985abe20c62d7d129,cuda,1.0,1,0.5,weak_mixture,0.8249542223484017,64,standard normal at finite u_max,0.03030936177254695,0.028725929092678903,naive,0.4995453620120245,8192,5180928,0.029955416280413205,task_023/cell_1143,1,67108864,2.8912302181124687,3,completed,2048,20.0,0.03777355944829652,0.031153831512732297
4,1144,185e953d57699e678314593985abe20c62d7d129,cuda,1.0,1,0.5,weak_mixture,0.9365123528660195,64,standard normal at finite u_max,0.023908684014773973,0.015472369962411962,unbiased,0.4997249743043592,8192,5180928,0.007023286045304444,task_024/cell_1144,1,67108864,3.040140524506569,3,completed,2048,20.0,0.08440095028276029,0.01971643228343828
4,1145,185e953d57699e678314593985abe20c62d7d129,cuda,1.0,1,0.5,weak_mixture,0.5911768141408442,64,standard normal at finite u_max,0.020421658416836214,0.008861587228003691,cumulant,0.4970919472204773,8192,5312000,0.0038841539283976934,task_025/cell_1145,1,134217728,4.940621513873339,3,completed,2048,20.0,0.061315973921603595,0.014565040362180074
4,1146,185e953d57699e678314593985abe20c62d7d129,cuda,1.0,1,0.5,weak_mixture,0.9242691744580906,64,standard normal at finite u_max,0.019621911011873605,0.013020546609188036,cv,0.4998217714375478,8192,5180928,0.011874091180446689,task_026/cell_1146,1,67108864,4.0884125381708145,3,completed,2048,20.0,0.07895428993847375,0.01776333815551849
4,1147,185e953d57699e678314593985abe20c62d7d129,cuda,1.0,1,0.5,weak_mixture,0.6209051446080243,64,standard normal at finite u_max,0.015459239151557613,0.0008153571482526299,cv_cumulant,0.49873289925445236,8192,5312000,0.0010459216977819485,task_027/cell_1147,1,134217728,7.303622022271156,3,completed,2048,20.0,0.06282503125955463,0.011847586094084026
4,1148,185e953d57699e678314593985abe20c62d7d129,cuda,1.0,1,0.5,weak_mixture,0.9990289319070712,64,standard normal at finite u_max,0.026532340794848286,0.03447827469833752,full,0.49614266194578854,8192,42406912,0.01935614207796027,task_000/cell_1148,2,1073741824,2.38359297811985,4,completed,2048,20.0,0.055021808047793996,0.034551686054396256
4,1149,185e953d57699e678314593985abe20c62d7d129,cuda,1.0,1,0.5,weak_mixture,0.9999999999999984,64,standard normal at finite u_max,0.06646986397439802,0.009843408025739542,unweighted,0.9999999999999987,8192,42406912,0.010371031827302812,task_001/cell_1149,0,1073741824,2.3690475821495056,4,completed,2048,20.0,0.3591741069989418,0.07518699204716114
4,1150,185e953d57699e678314593985abe20c62d7d129,cuda,1.0,1,0.5,weak_mixture,0.8262118440155868,64,standard normal at finite u_max,0.013928622935037382,0.0044335201998333094,naive,0.4990513452495415,8192,5180928,0.008753866344437533,task_002/cell_1150,1,67108864,3.0468106642365456,4,completed,2048,20.0,0.015722555487544865,0.009086563104658971
4,1151,185e953d57699e678314593985abe20c62d7d129,cuda,1.0,1,0.5,weak_mixture,0.9160636520519901,64,standard normal at finite u_max,0.010788458065045164,0.0061721120071640285,unbiased,0.4992617283323565,8192,5180928,0.005483374027814736,task_003/cell_1151,1,67108864,3.0012367628514767,4,completed,2048,20.0,0.04063879089849476,0.012245917852452807
4,1152,185e953d57699e678314593985abe20c62d7d129,cuda,1.0,1,0.5,weak_mixture,0.5530224898030979,64,standard normal at finite u_max,0.02248054775090802,0.023037151304883048,cumulant,0.49939784023589234,8192,5312000,0.01174535859022141,task_004/cell_1152,1,134217728,5.0940051302313805,4,completed,2048,20.0,0.041774201324835,0.02414428388217638
4,1153,185e953d57699e678314593985abe20c62d7d129,cuda,1.0,1,0.5,weak_mixture,0.918625359307789,64,standard normal at finite u_max,0.012382830784979565,0.006924206547016769,cv,0.498836247948374,8192,5180928,0.008881463980391024,task_005/cell_1153,1,67108864,4.021192491054535,4,completed,2048,20.0,0.04394673368696833,0.01262758127782636
4,1154,185e953d57699e678314593985abe20c62d7d129,cuda,1.0,1,0.5,weak_mixture,0.9988930606358188,64,standard normal at finite u_max,0.024087718156050153,0.03771865049201173,cv_cumulant,0.4977766404100537,8192,5312000,0.01845258094171598,task_006/cell_1154,2,134217728,7.447093587368727,4,completed,2048,20.0,0.06709180810417692,0.03771920102117094
4,1155,185e953d57699e678314593985abe20c62d7d129,cuda,1.0,8,0.5,weak_mixture,0.9543233182459323,64,standard normal at finite u_max,0.024375624134989275,0.019831840136681347,full,0.44421768569647907,8192,337420288,0.02105234427525078,task_007/cell_1155,4,67108864,0.49235666915774345,0,completed,128,20.0,0.03551354428597629,0.022912590390627846
4,1156,185e953d57699e678314593985abe20c62d7d129,cuda,1.0,8,0.5,weak_mixture,0.9999999999999984,64,standard normal at finite u_max,0.051920760907443894,0.004127979184846975,unweighted,0.9999999999999987,8192,337420288,0.006739440030427729,task_008/cell_1156,0,67108864,0.48940250277519226,0,completed,128,20.0,0.32644997274726983,0.06659488971628946
4,1157,185e953d57699e678314593985abe20c62d7d129,cuda,1.0,8,0.5,weak_mixture,0.5339587557204578,64,standard normal at finite u_max,0.06673272091060393,0.06876824677900428,naive,0.381053835416393,8192,37777408,0.052680214302539635,task_009/cell_1157,5,4194304,0.1963859274983406,0,completed,128,20.0,0.11267401903484273,0.07009294744791035
4,1158,185e953d57699e678314593985abe20c62d7d129,cuda,1.0,8,0.5,weak_mixture,0.9943243725692371,64,standard normal at finite u_max,0.028731193585443883,0.026724941785648035,unbiased,0.37393869207065544,8192,37777408,0.02304381891196225,task_010/cell_1158,5,4194304,0.19698169454932213,0,completed,128,20.0,0.03979144684982858,0.028634554539401877
4,1159,185e953d57699e678314593985abe20c62d7d129,cuda,1.0,8,0.5,weak_mixture,0.8955030961673071,64,standard normal at finite u_max,0.02226477236098568,0.019994560222189133,cumulant,0.4158248591098833,8192,38367232,0.014968535847734672,task_011/cell_1159,4,8388608,0.3262166231870651,0,completed,128,20.0,0.03569218793309577,0.021546232456820254
4,1160,185e953d57699e678314593985abe20c62d7d129,cuda,1.0,8,0.5,weak_mixture,0.951182776064182,64,standard normal at finite u_max,0.03373111309674975,0.030604084688508313,cv,0.42407621167722215,8192,37777408,0.026747722602535814,task_012/cell_1160,4,4194304,0.2650289908051491,0,completed,128,20.0,0.04249482191079161,0.03301545562508955
4,1161,185e953d57699e678314593985abe20c62d7d129,cuda,1.0,8,0.5,weak_mixture,0.9993509701475046,64,standard normal at finite u_max,0.025637872148073462,0.021633674759303098,cv_cumulant,0.43751177521482304,8192,38367232,0.020962489545510776,task_013/cell_1161,4,8388608,0.4710698649287224,0,completed,128,20.0,0.034739629791167084,0.025559717794635704
4,1162,185e953d57699e678314593985abe20c62d7d129,cuda,1.0,8,0.5,weak_mixture,0.8043628067296303,64,standard normal at finite u_max,0.034216491335622434,0.029837408959451923,full,0.42679911675459775,8192,337420288,0.028296683567205057,task_014/cell_1162,4,67108864,0.4963880255818367,1,completed,128,20.0,0.0635134942219578,0.03576969562145996
4,1163,185e953d57699e678314593985abe20c62d7d129,cuda,1.0,8,0.5,weak_mixture,0.9999999999999984,64,standard normal at finite u_max,0.052352708282329685,0.0038857186827780128,unweighted,0.9999999999999987,8192,337420288,0.005460174116776351,task_015/cell_1163,0,67108864,0.4956969618797302,1,completed,128,20.0,0.32389167331601726,0.06639985875125726
4,1164,185e953d57699e678314593985abe20c62d7d129,cuda,1.0,8,0.5,weak_mixture,0.7910682463195787,64,standard normal at finite u_max,0.03743689109784998,0.034512410812103246,naive,0.42906338732391275,8192,37777408,0.03311123978259605,task_016/cell_1164,5,4194304,0.19589031487703323,1,completed,128,20.0,0.024803620554867845,0.035869709396960214
4,1165,185e953d57699e678314593985abe20c62d7d129,cuda,1.0,8,0.5,weak_mixture,0.960880171783047,64,standard normal at finite u_max,0.024277995596954483,0.017793075847885143,unbiased,0.4098857985513138,8192,37777408,0.015248505318791315,task_017/cell_1165,5,4194304,0.20106804370880127,1,completed,128,20.0,0.06481031279569832,0.02384833466638283
4,1166,185e953d57699e678314593985abe20c62d7d129,cuda,1.0,8,0.5,weak_mixture,0.7048605056945177,64,standard normal at finite u_max,0.03418763407809389,0.030383471060625722,cumulant,0.3939574789724175,8192,38367232,0.023996526598773327,task_018/cell_1166,4,8388608,0.3292051628232002,1,completed,128,20.0,0.05512964347207225,0.03606795020348813
4,1167,185e953d57699e678314593985abe20c62d7d129,cuda,1.0,8,0.5,weak_mixture,0.9056780989447683,64,standard normal at finite u_max,0.02835461499584846,0.025308868067691857,cv,0.40423518307156114,8192,37777408,0.019527026704766498,task_019/cell_1167,4,4194304,0.27708760276436806,1,completed,128,20.0,0.05144423812962243,0.030036634320922254
4,1168,185e953d57699e678314593985abe20c62d7d129,cuda,1.0,8,0.5,weak_mixture,0.8923603660033279,64,standard normal at finite u_max,0.025538912901037814,0.02515643905751206,cv_cumulant,0.4183840917299605,8192,38367232,0.018374010630434465,task_020/cell_1168,4,8388608,0.45469919964671135,1,completed,128,20.0,0.03752513778110125,0.02660737904582458
4,1169,185e953d57699e678314593985abe20c62d7d129,cuda,1.0,8,0.5,weak_mixture,0.7536472703088776,64,standard normal at finite u_max,0.037803324303472226,0.03889020621493616,full,0.3869429805165716,8192,337420288,0.03160249567357522,task_021/cell_1169,4,67108864,0.49112990871071815,2,completed,128,20.0,0.06105212459186049,0.040750275776086566
4,1170,185e953d57699e678314593985abe20c62d7d129,cuda,1.0,8,0.5,weak_mixture,0.9999999999999984,64,standard normal at finite u_max,0.05106912438257489,0.0034786691237607466,unweighted,0.9999999999999987,8192,337420288,0.004849822554276434,task_022/cell_1170,0,67108864,0.4827745035290718,2,completed,128,20.0,0.32230766716596204,0.06597690816730431
4,1171,185e953d57699e678314593985abe20c62d7d129,cuda,1.0,8,0.5,weak_mixture,0.6458455535847387,64,standard normal at finite u_max,0.044986589943417046,0.04422243335297387,naive,0.41120389778052957,8192,37777408,0.03700045822668246,task_023/cell_1171,5,4194304,0.19231202453374863,2,completed,128,20.0,0.10123855845713375,0.048275387423838245
4,1172,185e953d57699e678314593985abe20c62d7d129,cuda,1.0,8,0.5,weak_mixture,0.8015165050020774,64,standard normal at finite u_max,0.058907959087383346,0.05635968266638329,unbiased,0.35032624835107773,8192,37777408,0.04779638634401422,task_024/cell_1172,5,4194304,0.2026914581656456,2,completed,128,20.0,0.1292450074484,0.06148006125611402
4,1173,185e953d57699e678314593985abe20c62d7d129,cuda,1.0,8,0.5,weak_mixture,0.7809959293610554,64,standard normal at finite u_max,0.04111492097451299,0.04038559069515328,cumulant,0.35604216320818144,8192,38367232,0.03266410016640697,task_025/cell_1173,4,8388608,0.31999069824814796,2,completed,128,20.0,0.09590597461197874,0.042557538415437746
4,1174,185e953d57699e678314593985abe20c62d7d129,cuda,1.0,8,0.5,weak_mixture,0.7959651241056915,64,standard normal at finite u_max,0.03740636010254466,0.02968554261148558,cv,0.4387679838637814,8192,37777408,0.025494281977833766,task_026/cell_1174,4,4194304,0.3513762652873993,2,completed,128,20.0,0.12807693209696358,0.03883432126869478
4,1175,185e953d57699e678314593985abe20c62d7d129,cuda,1.0,8,0.5,weak_mixture,0.9500875128276792,64,standard normal at finite u_max,0.030559232614018987,0.02926220961322751,cv_cumulant,0.4006712520483345,8192,38367232,0.024459422284184643,task_027/cell_1175,4,8388608,0.47604937851428986,2,completed,128,20.0,0.029260140210935925,0.030678271162200867
4,1176,185e953d57699e678314593985abe20c62d7d129,cuda,1.0,8,0.5,weak_mixture,0.7113466612411286,64,standard normal at finite u_max,0.06301559956141099,0.06339453422915044,full,0.36510591104899076,8192,337420288,0.05059427117229866,task_000/cell_1176,4,67108864,0.5478105321526527,3,completed,128,20.0,0.1164855500262846,0.06632032133247628
4,1177,185e953d57699e678314593985abe20c62d7d129,cuda,1.0,8,0.5,weak_mixture,0.9999999999999984,64,standard normal at finite u_max,0.05233021438346458,0.003661074839219982,unweighted,0.9999999999999987,8192,337420288,0.0055236816406249445,task_001/cell_1177,0,67108864,0.5161147639155388,3,completed,128,20.0,0.3276992795473855,0.06692487640219039
4,1178,185e953d57699e678314593985abe20c62d7d129,cuda,1.0,8,0.5,weak_mixture,0.7026615616275479,64,standard normal at finite u_max,0.047291940155644974,0.045474692021552195,naive,0.36685796125467324,8192,37777408,0.035862469954506974,task_002/cell_1178,5,4194304,0.20419146865606308,3,completed,128,20.0,0.0792231704116401,0.04871954783374896
4,1179,185e953d57699e678314593985abe20c62d7d129,cuda,1.0,8,0.5,weak_mixture,0.8009127613601575,64,standard normal at finite u_max,0.04210250217174225,0.039718029528909876,unbiased,0.4130125772830716,8192,37777408,0.036527350854808335,task_003/cell_1179,5,4194304,0.1985311098396778,3,completed,128,20.0,0.05361691088045996,0.042349871812804675
4,1180,185e953d57699e678314593985abe20c62d7d129,cuda,1.0,8,0.5,weak_mixture,0.8397118414908709,64,standard normal at finite u_max,0.02221108815138819,0.018694989511124197,cumulant,0.4374557832912637,8192,38367232,0.01598814804776333,task_004/cell_1180,4,8388608,0.3320234343409538,3,completed,128,20.0,0.04181992905429563,0.023491059492582442
4,1181,185e953d57699e678314593985abe20c62d7d129,cuda,1.0,8,0.5,weak_mixture,0.9969043107128861,64,standard normal at finite u_max,0.0182980730537101,0.014450971263477289,cv,0.4302482128499551,8192,37777408,0.010524583964834716,task_005/cell_1181,4,4194304,0.2642056792974472,3,completed,128,20.0,0.04545166573965177,0.018434809096547662
4,1182,185e953d57699e678314593985abe20c62d7d129,cuda,1.0,8,0.5,weak_mixture,0.990377852624502,64,standard normal at finite u_max,0.017515392864596056,0.013326868373852205,cv_cumulant,0.4119471946556184,8192,38367232,0.012895568926231019,task_006/cell_1182,4,8388608,0.4841398745775223,3,completed,128,20.0,0.04088731863029009,0.01584818542693972
4,1183,185e953d57699e678314593985abe20c62d7d129,cuda,1.0,8,0.5,weak_mixture,0.951045322113847,64,standard normal at finite u_max,0.02450709703807666,0.02203082979949551,full,0.43000583654864566,8192,337420288,0.020614375271801627,task_007/cell_1183,4,67108864,0.48985761776566505,4,completed,128,20.0,0.03141674771705037,0.02394551461324487
4,1184,185e953d57699e678314593985abe20c62d7d129,cuda,1.0,8,0.5,weak_mixture,0.9999999999999984,64,standard normal at finite u_max,0.05073772181894229,0.003446009030592068,unweighted,0.9999999999999987,8192,337420288,0.006237136175164526,task_008/cell_1184,0,67108864,0.48687511682510376,4,completed,128,20.0,0.32327678711107705,0.06644836111783557
4,1185,185e953d57699e678314593985abe20c62d7d129,cuda,1.0,8,0.5,weak_mixture,0.7438551966771494,64,standard normal at finite u_max,0.03623974895499403,0.030996313966588897,naive,0.3674935572759164,8192,37777408,0.028169916783837755,task_009/cell_1185,5,4194304,0.1969882994890213,4,completed,128,20.0,0.0652943051453788,0.034583857493139296
4,1186,185e953d57699e678314593985abe20c62d7d129,cuda,1.0,8,0.5,weak_mixture,0.5264931963710211,64,standard normal at finite u_max,0.024362638801729015,0.01930661583018642,unbiased,0.3783604060561465,8192,37777408,0.01554911375349776,task_010/cell_1186,4,4194304,0.20007575675845146,4,completed,128,20.0,0.04474590545361565,0.023390129127084925
4,1187,185e953d57699e678314593985abe20c62d7d129,cuda,1.0,8,0.5,weak_mixture,0.6823770606290747,64,standard normal at finite u_max,0.01908741295093668,0.014006067837205007,cumulant,0.4682378623528067,8192,38367232,0.01144376818796624,task_011/cell_1187,4,8388608,0.32835622504353523,4,completed,128,20.0,0.02946273905055824,0.016312237934552037
4,1188,185e953d57699e678314593985abe20c62d7d129,cuda,1.0,8,0.5,weak_mixture,0.8620945855048837,64,standard normal at finite u_max,0.02052291636115964,0.016775352344349518,cv,0.4363183826748473,8192,37777408,0.015658844539278807,task_012/cell_1188,4,4194304,0.26476410031318665,4,completed,128,20.0,0.033124507867828265,0.019001326424267342
4,1189,185e953d57699e678314593985abe20c62d7d129,cuda,1.0,8,0.5,weak_mixture,0.9039017964660291,64,standard normal at finite u_max,0.026513474958759404,0.022753616666660845,cv_cumulant,0.3864056896946856,8192,38367232,0.020015953081825626,task_013/cell_1189,4,8388608,0.473804347217083,4,completed,128,20.0,0.04961967545204021,0.027522463766977034
4,1190,185e953d57699e678314593985abe20c62d7d129,cuda,1.0,8,0.5,weak_mixture,0.9092101400716432,64,standard normal at finite u_max,0.018385052260643332,0.013429552050687452,full,0.48931252060093217,8192,337420288,0.010955614875887643,task_014/cell_1190,4,268435456,1.9079348109662533,0,completed,512,20.0,0.06124461098404045,0.017880181865616223
4,1191,185e953d57699e678314593985abe20c62d7d129,cuda,1.0,8,0.5,weak_mixture,0.9999999999999984,64,standard normal at finite u_max,0.05632365173525529,0.003742445741982964,unweighted,0.9999999999999987,8192,337420288,0.005046950628289526,task_015/cell_1191,0,268435456,1.9203739129006863,0,completed,512,20.0,0.3475656129438845,0.07167178977026864
4,1192,185e953d57699e678314593985abe20c62d7d129,cuda,1.0,8,0.5,weak_mixture,0.6554385700215735,64,standard normal at finite u_max,0.028219209268918445,0.027392189000548132,naive,0.4671450478232156,8192,37777408,0.020773589231149227,task_016/cell_1192,4,16777216,0.7571324706077576,0,completed,512,20.0,0.03879432270127449,0.029328628808701393
4,1193,185e953d57699e678314593985abe20c62d7d129,cuda,1.0,8,0.5,weak_mixture,0.8617045900816426,64,standard normal at finite u_max,0.09487622376046352,0.10192468235644894,unbiased,0.4583429501677881,8192,37777408,0.08631916419061991,task_017/cell_1193,5,16777216,0.7602092660963535,0,completed,512,20.0,0.08506863432482034,0.10456300941296964
4,1194,185e953d57699e678314593985abe20c62d7d129,cuda,1.0,8,0.5,weak_mixture,0.9148659280326126,64,standard normal at finite u_max,0.02293205423013592,0.017520972096070446,cumulant,0.47161238327599514,8192,38367232,0.017395433744111656,task_018/cell_1194,4,33554432,1.2822758108377457,0,completed,512,20.0,0.04464380215131064,0.02142474337655641
4,1195,185e953d57699e678314593985abe20c62d7d129,cuda,1.0,8,0.5,weak_mixture,0.9909546774086713,64,standard normal at finite u_max,0.061996191866984546,0.06737831363336969,cv,0.48823155679526664,8192,37777408,0.05414810398108833,task_019/cell_1195,5,16777216,1.076809074729681,0,completed,512,20.0,0.07607001745674569,0.07052691750692894
4,1196,185e953d57699e678314593985abe20c62d7d129,cuda,1.0,8,0.5,weak_mixture,0.7652542985853207,64,standard normal at finite u_max,0.029662656646184633,0.02773595505248936,cv_cumulant,0.47559047995980364,8192,38367232,0.022282309598448506,task_020/cell_1196,4,33554432,1.7880284935235977,0,completed,512,20.0,0.05769467500124485,0.030776325128249744
4,1197,185e953d57699e678314593985abe20c62d7d129,cuda,1.0,8,0.5,weak_mixture,0.9857053763013066,64,standard normal at finite u_max,0.026751275497098787,0.022307597455948798,full,0.47475544240784867,8192,337420288,0.01952488996256413,task_021/cell_1197,4,268435456,1.894540123641491,1,completed,512,20.0,0.05783548190822728,0.025884820286271766
4,1198,185e953d57699e678314593985abe20c62d7d129,cuda,1.0,8,0.5,weak_mixture,0.9999999999999984,64,standard normal at finite u_max,0.05563850972146502,0.002987877286013176,unweighted,0.9999999999999987,8192,337420288,0.004849822554276378,task_022/cell_1198,0,268435456,1.8958426043391228,1,completed,512,20.0,0.34578405254914196,0.07156299782382824
4,1199,185e953d57699e678314593985abe20c62d7d129,cuda,1.0,8,0.5,weak_mixture,0.9986560719326442,64,standard normal at finite u_max,0.03990320192055857,0.03577244421092546,naive,0.46234769304662815,8192,37777408,0.028920368700155144,task_023/cell_1199,5,16777216,0.7353146448731422,1,completed,512,20.0,0.09783933292813206,0.04075996697970718
4,1200,185e953d57699e678314593985abe20c62d7d129,cuda,1.0,8,0.5,weak_mixture,0.5879443560365547,64,standard normal at finite u_max,0.04175274651534293,0.03912780872047147,unbiased,0.4666802292371639,8192,37777408,0.03130328029244485,task_024/cell_1200,4,16777216,0.7749268151819706,1,completed,512,20.0,0.0993860384008151,0.043819898249235975
4,1201,185e953d57699e678314593985abe20c62d7d129,cuda,1.0,8,0.5,weak_mixture,0.7758818680331592,64,standard normal at finite u_max,0.027048456778815608,0.019571033503958037,cumulant,0.47369192333479765,8192,38367232,0.017146703799571623,task_025/cell_1201,4,33554432,1.2496319338679314,1,completed,512,20.0,0.0727239390326126,0.02463216572761172
4,1202,185e953d57699e678314593985abe20c62d7d129,cuda,1.0,8,0.5,weak_mixture,0.8455779691587203,64,standard normal at finite u_max,0.036856872975580685,0.033252190482654986,cv,0.4746914630796963,8192,37777408,0.0293651903246004,task_026/cell_1202,4,16777216,1.047318734228611,1,completed,512,20.0,0.0750561820597471,0.03772642280142722
4,1203,185e953d57699e678314593985abe20c62d7d129,cuda,1.0,8,0.5,weak_mixture,0.9007369800346515,64,standard normal at finite u_max,0.017423440089402546,0.010197522504251613,cv_cumulant,0.4840196668982083,8192,38367232,0.008983876507961355,task_027/cell_1203,4,33554432,1.849827341735363,1,completed,512,20.0,0.06130655802410394,0.016774585552465048
4,1204,185e953d57699e678314593985abe20c62d7d129,cuda,1.0,8,0.5,weak_mixture,0.5959599693260021,64,standard normal at finite u_max,0.0365777287099344,0.03468516853636473,full,0.47348607711979884,8192,337420288,0.030137793045294264,task_000/cell_1204,4,268435456,1.9534446224570274,2,completed,512,20.0,0.05956038404357855,0.03776162836910152
4,1205,185e953d57699e678314593985abe20c62d7d129,cuda,1.0,8,0.5,weak_mixture,0.9999999999999984,64,standard normal at finite u_max,0.05648433420597665,0.001716635388008469,unweighted,0.9999999999999987,8192,337420288,0.004970656682977054,task_001/cell_1205,0,268435456,1.884443812072277,2,completed,512,20.0,0.3493669219041507,0.07300084791200451
4,1206,185e953d57699e678314593985abe20c62d7d129,cuda,1.0,8,0.5,weak_mixture,0.9968227948039672,64,standard normal at finite u_max,0.029519934525195735,0.02870778451322719,naive,0.4586671636138828,8192,37777408,0.022337266397718568,task_002/cell_1206,5,16777216,0.774334229528904,2,completed,512,20.0,0.03760699108451371,0.029581161192518777
4,1207,185e953d57699e678314593985abe20c62d7d129,cuda,1.0,8,0.5,weak_mixture,0.6556796933999124,64,standard normal at finite u_max,0.05940425859387984,0.06501922230354645,unbiased,0.4676985971634365,8192,37777408,0.054439705076479515,task_003/cell_1207,4,16777216,0.7654715143144131,2,completed,512,20.0,0.05387433180814119,0.06573084072539429
4,1208,185e953d57699e678314593985abe20c62d7d129,cuda,1.0,8,0.5,weak_mixture,0.9799438438428452,64,standard normal at finite u_max,0.021428275212179153,0.018256602106698296,cumulant,0.4823458894593747,8192,38367232,0.01230769313471148,task_004/cell_1208,4,33554432,1.2964675799012184,2,completed,512,20.0,0.04970916322939202,0.020168914438508878
4,1209,185e953d57699e678314593985abe20c62d7d129,cuda,1.0,8,0.5,weak_mixture,0.9760622461701375,64,standard normal at finite u_max,0.01945480548574663,0.01491779025780764,cv,0.48020397538057713,8192,37777408,0.013283892679860486,task_005/cell_1209,4,16777216,1.0193765386939049,2,completed,512,20.0,0.04839980401812334,0.018376697323394933
4,1210,185e953d57699e678314593985abe20c62d7d129,cuda,1.0,8,0.5,weak_mixture,0.7489426871839218,64,standard normal at finite u_max,0.02227565585771385,0.018491946395166402,cv_cumulant,0.47106962003450836,8192,38367232,0.013847437413882904,task_006/cell_1210,4,33554432,1.8924526646733284,2,completed,512,20.0,0.044198821215115425,0.022021239262713335
4,1211,185e953d57699e678314593985abe20c62d7d129,cuda,1.0,8,0.5,weak_mixture,0.940725915616555,64,standard normal at finite u_max,0.02869285277573501,0.023861882723155273,full,0.47450276859417123,8192,337420288,0.01844882901842071,task_007/cell_1211,4,268435456,1.908919084817171,3,completed,512,20.0,0.05343444144101635,0.027648939324558766
4,1212,185e953d57699e678314593985abe20c62d7d129,cuda,1.0,8,0.5,weak_mixture,0.9999999999999984,64,standard normal at finite u_max,0.05563974360410043,0.0030644670240901496,unweighted,0.9999999999999987,8192,337420288,0.005383880171463851,task_008/cell_1212,0,268435456,1.8793055191636086,3,completed,512,20.0,0.3494427740942976,0.07196224202021309
4,1213,185e953d57699e678314593985abe20c62d7d129,cuda,1.0,8,0.5,weak_mixture,0.8185094597948586,64,standard normal at finite u_max,0.13004975019800818,0.14349342712309368,naive,0.4652323002178038,8192,37777408,0.11789962445631405,task_009/cell_1213,6,16777216,0.7526921257376671,3,completed,512,20.0,0.09112137474929874,0.1445997804446627
4,1214,185e953d57699e678314593985abe20c62d7d129,cuda,1.0,8,0.5,weak_mixture,0.5257695039511547,64,standard normal at finite u_max,0.10584637277669035,0.11169074328967338,unbiased,0.46723913134778633,8192,37777408,0.09196331171090662,task_010/cell_1214,5,16777216,0.7608424350619316,3,completed,512,20.0,0.10702923603174928,0.11343257135841034
4,1215,185e953d57699e678314593985abe20c62d7d129,cuda,1.0,8,0.5,weak_mixture,0.7804865784125262,64,standard normal at finite u_max,0.04926307423717062,0.05051231704132643,cumulant,0.48182894843167473,8192,38367232,0.04330214709260807,task_011/cell_1215,4,33554432,1.2722987681627274,3,completed,512,20.0,0.06409835553482585,0.05350800553098109
4,1216,185e953d57699e678314593985abe20c62d7d129,cuda,1.0,8,0.5,weak_mixture,0.8224454959318,64,standard normal at finite u_max,0.09908390558870744,0.11238723043356882,cv,0.47191373753221405,8192,37777408,0.09144482356985473,task_012/cell_1216,5,16777216,1.0253276750445366,3,completed,512,20.0,0.0714431183128544,0.11276292862203889
4,1217,185e953d57699e678314593985abe20c62d7d129,cuda,1.0,8,0.5,weak_mixture,0.9456952047844698,64,standard normal at finite u_max,0.020030177261231276,0.017322903901967432,cv_cumulant,0.48372746244359005,8192,38367232,0.012433157233311572,task_013/cell_1217,4,33554432,1.853451944887638,3,completed,512,20.0,0.04439423346492785,0.019859765392280057
4,1218,185e953d57699e678314593985abe20c62d7d129,cuda,1.0,8,0.5,weak_mixture,0.7538044790217419,64,standard normal at finite u_max,0.02705971840937764,0.027432974518343853,full,0.481255580487487,8192,337420288,0.018928792869451573,task_014/cell_1218,4,268435456,1.9114366918802261,4,completed,512,20.0,0.07096067322726926,0.030974304969901098
4,1219,185e953d57699e678314593985abe20c62d7d129,cuda,1.0,8,0.5,weak_mixture,0.9999999999999984,64,standard normal at finite u_max,0.05545878731397389,0.00373510938526613,unweighted,0.9999999999999987,8192,337420288,0.00590391518338812,task_015/cell_1219,0,268435456,1.9207420498132706,4,completed,512,20.0,0.34380445771247414,0.07124490274412976
4,1220,185e953d57699e678314593985abe20c62d7d129,cuda,1.0,8,0.5,weak_mixture,0.5264346281223633,64,standard normal at finite u_max,0.02520879212188095,0.01799829312174129,naive,0.4845493830572201,8192,37777408,0.018772169340990658,task_016/cell_1220,4,16777216,0.7535310238599777,4,completed,512,20.0,0.06615766926592101,0.02213632401451656
4,1221,185e953d57699e678314593985abe20c62d7d129,cuda,1.0,8,0.5,weak_mixture,0.7657541580724158,64,standard normal at finite u_max,0.024349639597526423,0.022236091375777835,unbiased,0.4759526587410374,8192,37777408,0.018511016935271386,task_017/cell_1221,4,16777216,0.7635947912931442,4,completed,512,20.0,0.04676197349639093,0.024381798513154678
4,1222,185e953d57699e678314593985abe20c62d7d129,cuda,1.0,8,0.5,weak_mixture,0.6038208280225427,64,standard normal at finite u_max,0.04109558584385169,0.03690139804499579,cumulant,0.45917246132302586,8192,38367232,0.028495373620615015,task_018/cell_1222,4,33554432,1.283082328736782,4,completed,512,20.0,0.10087554030947446,0.039882980061278564
4,1223,185e953d57699e678314593985abe20c62d7d129,cuda,1.0,8,0.5,weak_mixture,0.8335248912735392,64,standard normal at finite u_max,0.023115300955978097,0.015364644164584669,cv,0.47764251952253933,8192,37777408,0.012939615032833626,task_019/cell_1223,4,16777216,1.077127106487751,4,completed,512,20.0,0.06841836248779287,0.021497490246813914
4,1224,185e953d57699e678314593985abe20c62d7d129,cuda,1.0,8,0.5,weak_mixture,0.8809456203258247,64,standard normal at finite u_max,0.02242173987841773,0.0196956885519447,cv_cumulant,0.4847315532373307,8192,38367232,0.017008738081490116,task_020/cell_1224,4,33554432,1.7846828773617744,4,completed,512,20.0,0.03408353110343919,0.021515682339548543
4,1225,185e953d57699e678314593985abe20c62d7d129,cuda,1.0,8,0.5,weak_mixture,0.891166168305482,64,standard normal at finite u_max,0.024678740909397694,0.0204283796401436,full,0.4955414931951278,8192,337420288,0.01769454913470201,task_021/cell_1225,4,1073741824,7.4839186668396,0,completed,2048,20.0,0.055578452212378684,0.023813773675979432
4,1226,185e953d57699e678314593985abe20c62d7d129,cuda,1.0,8,0.5,weak_mixture,0.9999999999999984,64,standard normal at finite u_max,0.05782971948430584,0.003847608754204798,unweighted,0.9999999999999987,8192,337420288,0.005598739402138231,task_022/cell_1226,0,1073741824,7.505950145423412,0,completed,2048,20.0,0.3530080330024966,0.07268655618982957
4,1227,185e953d57699e678314593985abe20c62d7d129,cuda,1.0,8,0.5,weak_mixture,0.9988680538450913,64,standard normal at finite u_max,0.03330047252981426,0.03050115065957329,naive,0.4937518891772952,8192,37777408,0.02729373745473266,task_023/cell_1227,5,67108864,2.920078307390213,0,completed,2048,20.0,0.029426643860653495,0.032776195604880154
4,1228,185e953d57699e678314593985abe20c62d7d129,cuda,1.0,8,0.5,weak_mixture,0.9998518587178028,64,standard normal at finite u_max,0.048164244393547856,0.04363459105715582,unbiased,0.4922985825891628,8192,37777408,0.039699652998616664,task_024/cell_1228,5,67108864,3.0604924373328686,0,completed,2048,20.0,0.08289792576736209,0.047093967780619764
4,1229,185e953d57699e678314593985abe20c62d7d129,cuda,1.0,8,0.5,weak_mixture,0.7497588414933288,64,standard normal at finite u_max,0.04175261850406202,0.04159424829276765,cumulant,0.49642545216722894,8192,38367232,0.03718069933963711,task_025/cell_1229,4,134217728,4.959708031266928,0,completed,2048,20.0,0.048548792482241074,0.04447271969673432
4,1230,185e953d57699e678314593985abe20c62d7d129,cuda,1.0,8,0.5,weak_mixture,0.7496143714212813,64,standard normal at finite u_max,0.022183692668893657,0.01765052440735111,cv,0.4930646211964335,8192,37777408,0.015894407161663945,task_026/cell_1230,4,67108864,4.205085143446922,0,completed,2048,20.0,0.025141577431097184,0.020473818203624386
4,1231,185e953d57699e678314593985abe20c62d7d129,cuda,1.0,8,0.5,weak_mixture,0.850990020804751,64,standard normal at finite u_max,0.016107064567329903,0.006954897403467952,cv_cumulant,0.4939021350330842,8192,38367232,0.009577979793654955,task_027/cell_1231,4,134217728,7.345013000071049,0,completed,2048,20.0,0.04542250225596482,0.014155551497080959
4,1232,185e953d57699e678314593985abe20c62d7d129,cuda,1.0,8,0.5,weak_mixture,0.9915106354192816,64,standard normal at finite u_max,0.058657924471245244,0.06184269717130186,full,0.49267154473258207,8192,337420288,0.04756045474095669,task_000/cell_1232,5,1073741824,7.543231800198555,1,completed,2048,20.0,0.09045499798063676,0.06350804250571411
4,1233,185e953d57699e678314593985abe20c62d7d129,cuda,1.0,8,0.5,weak_mixture,0.9999999999999984,64,standard normal at finite u_max,0.05567426122936453,0.003827384278641749,unweighted,0.9999999999999987,8192,337420288,0.008007155706414526,task_001/cell_1233,0,1073741824,7.487068347632885,1,completed,2048,20.0,0.353705333805503,0.07312339038714089
4,1234,185e953d57699e678314593985abe20c62d7d129,cuda,1.0,8,0.5,weak_mixture,0.6414777438827353,64,standard normal at finite u_max,0.017222920105694112,0.011925478320186481,naive,0.49353936981210145,8192,37777408,0.011566327940167681,task_002/cell_1234,4,67108864,3.051417253911495,1,completed,2048,20.0,0.024855407441593327,0.015452810195289478
4,1235,185e953d57699e678314593985abe20c62d7d129,cuda,1.0,8,0.5,weak_mixture,0.7243262227621234,64,standard normal at finite u_max,0.024432238561137375,0.019263270797970286,unbiased,0.4954572079729764,8192,37777408,0.01581093805561329,task_003/cell_1235,4,67108864,3.028205320239067,1,completed,2048,20.0,0.0684457455453951,0.023954948446861996
4,1236,185e953d57699e678314593985abe20c62d7d129,cuda,1.0,8,0.5,weak_mixture,0.8585714783195476,64,standard normal at finite u_max,0.025393616181592152,0.02162228617029225,cumulant,0.49339606821346554,8192,38367232,0.015391999802812445,task_004/cell_1236,4,134217728,5.120941951870918,1,completed,2048,20.0,0.05369698666384974,0.02505877084837733
4,1237,185e953d57699e678314593985abe20c62d7d129,cuda,1.0,8,0.5,weak_mixture,0.6358891145353324,64,standard normal at finite u_max,0.035198860070631235,0.0320630773353047,cv,0.4938677147286273,8192,37777408,0.028358459222674173,task_005/cell_1237,4,67108864,4.034397661685944,1,completed,2048,20.0,0.04245667491871302,0.03328348432687249
4,1238,185e953d57699e678314593985abe20c62d7d129,cuda,1.0,8,0.5,weak_mixture,0.9927141347815291,64,standard normal at finite u_max,0.0463988288027999,0.04879305837739452,cv_cumulant,0.49013599444888717,8192,38367232,0.036706811659750954,task_006/cell_1238,5,134217728,7.497857570648193,1,completed,2048,20.0,0.08650863469771347,0.051813866438756365
4,1239,185e953d57699e678314593985abe20c62d7d129,cuda,1.0,8,0.5,weak_mixture,0.7957120646976936,64,standard normal at finite u_max,0.020500684703432075,0.013155899563551458,full,0.4939255681213985,8192,337420288,0.012492868915103414,task_007/cell_1239,4,1073741824,7.560910243541002,2,completed,2048,20.0,0.06299634548345813,0.020087338064764357
4,1240,185e953d57699e678314593985abe20c62d7d129,cuda,1.0,8,0.5,weak_mixture,0.9999999999999984,64,standard normal at finite u_max,0.055935680620382476,0.0039050580419332666,unweighted,0.9999999999999987,8192,337420288,0.005352126409539609,task_008/cell_1240,0,1073741824,7.475660644471645,2,completed,2048,20.0,0.3485710868035514,0.07156114029375048
4,1241,185e953d57699e678314593985abe20c62d7d129,cuda,1.0,8,0.5,weak_mixture,0.6829731463584876,64,standard normal at finite u_max,0.027779115139681274,0.022933361535398704,naive,0.49525293609035886,8192,37777408,0.022289860591777087,task_009/cell_1241,4,67108864,2.9561481326818466,2,completed,2048,20.0,0.07494832887841148,0.028433433439492853
4,1242,185e953d57699e678314593985abe20c62d7d129,cuda,1.0,8,0.5,weak_mixture,0.8855805956186233,64,standard normal at finite u_max,0.02211881430928388,0.015623090582297463,unbiased,0.49487658310819976,8192,37777408,0.014578366325354905,task_010/cell_1242,4,67108864,3.0059195831418037,2,completed,2048,20.0,0.06566585744767854,0.02067599467129536
4,1243,185e953d57699e678314593985abe20c62d7d129,cuda,1.0,8,0.5,weak_mixture,0.6685074515894972,64,standard normal at finite u_max,0.05056152099314935,0.05523305534769381,cumulant,0.4951735006963049,8192,38367232,0.042859992456002735,task_011/cell_1243,4,134217728,5.041593451052904,2,completed,2048,20.0,0.05675544696597751,0.056061779907535546
4,1244,185e953d57699e678314593985abe20c62d7d129,cuda,1.0,8,0.5,weak_mixture,0.9143102878673012,64,standard normal at finite u_max,0.024560467215981353,0.022716930641757758,cv,0.4974720687546141,8192,37777408,0.019401832380152535,task_012/cell_1244,4,67108864,4.060328990221024,2,completed,2048,20.0,0.06026159800963704,0.02606980182447882
4,1245,185e953d57699e678314593985abe20c62d7d129,cuda,1.0,8,0.5,weak_mixture,0.9108838705592188,64,standard normal at finite u_max,0.026830993506808634,0.021120169936781695,cv_cumulant,0.49626910175677125,8192,38367232,0.01852181368236728,task_013/cell_1245,4,134217728,7.386190310120583,2,completed,2048,20.0,0.060740659509089995,0.02772965743217219
4,1246,185e953d57699e678314593985abe20c62d7d129,cuda,1.0,8,0.5,weak_mixture,0.8104652432648931,64,standard normal at finite u_max,0.0284442594446181,0.02698452759773845,full,0.4961284146491915,8192,337420288,0.023251030809754512,task_014/cell_1246,4,1073741824,7.582127403467894,3,completed,2048,20.0,0.04972639873663451,0.02897926884630248
4,1247,185e953d57699e678314593985abe20c62d7d129,cuda,1.0,8,0.5,weak_mixture,0.9999999999999984,64,standard normal at finite u_max,0.055347453751049255,0.003878819887282117,unweighted,0.9999999999999987,8192,337420288,0.005793395108552729,task_015/cell_1247,0,1073741824,7.62992250174284,3,completed,2048,20.0,0.34955558434859885,0.07191685302373277
4,1248,185e953d57699e678314593985abe20c62d7d129,cuda,1.0,8,0.5,weak_mixture,0.8589014549392207,64,standard normal at finite u_max,0.03766731569596571,0.03410430897409264,naive,0.49555225837126987,8192,37777408,0.03067763742569133,task_016/cell_1248,5,67108864,2.978923477232456,3,completed,2048,20.0,0.05277803768819339,0.03566268488421221
4,1249,185e953d57699e678314593985abe20c62d7d129,cuda,1.0,8,0.5,weak_mixture,0.9778915057930402,64,standard normal at finite u_max,0.032623068106976134,0.03135104384739538,unbiased,0.49116896467279947,8192,37777408,0.02467848260029913,task_017/cell_1249,5,67108864,3.0000966414809227,3,completed,2048,20.0,0.08323964494045032,0.033128276623964545
4,1250,185e953d57699e678314593985abe20c62d7d129,cuda,1.0,8,0.5,weak_mixture,0.8879129425207619,64,standard normal at finite u_max,0.020090095778899773,0.01630043392285597,cumulant,0.49300805280724036,8192,38367232,0.012749323067894433,task_018/cell_1250,4,134217728,5.076715208590031,3,completed,2048,20.0,0.05757806584834581,0.02064521116272008
4,1251,185e953d57699e678314593985abe20c62d7d129,cuda,1.0,8,0.5,weak_mixture,0.5484037699020453,64,standard normal at finite u_max,0.021925086665997046,0.015802960396692933,cv,0.49309608827644924,8192,37777408,0.011011486979868187,task_019/cell_1251,4,67108864,4.2548218965530396,3,completed,2048,20.0,0.04630193436226737,0.01892304295596138
4,1252,185e953d57699e678314593985abe20c62d7d129,cuda,1.0,8,0.5,weak_mixture,0.9486771784052889,64,standard normal at finite u_max,0.02542545179202943,0.022846002915360493,cv_cumulant,0.4930129954857394,8192,38367232,0.018472532277164506,task_020/cell_1252,4,134217728,7.089373901486397,3,completed,2048,20.0,0.057036184131617526,0.02562092161762666
4,1253,185e953d57699e678314593985abe20c62d7d129,cuda,1.0,8,0.5,weak_mixture,0.9489562508111993,64,standard normal at finite u_max,0.028849243227168232,0.026668602270144358,full,0.49271630769998154,8192,337420288,0.022006915268911034,task_021/cell_1253,4,1073741824,7.478068254888058,4,completed,2048,20.0,0.06294523118993305,0.029997527605611446
4,1254,185e953d57699e678314593985abe20c62d7d129,cuda,1.0,8,0.5,weak_mixture,0.9999999999999984,64,standard normal at finite u_max,0.05722242505978763,0.00345778468287862,unweighted,0.9999999999999987,8192,337420288,0.007732497503289609,task_022/cell_1254,0,1073741824,7.509266033768654,4,completed,2048,20.0,0.3560415114592435,0.07417023794325145
4,1255,185e953d57699e678314593985abe20c62d7d129,cuda,1.0,8,0.5,weak_mixture,0.5842612523341922,64,standard normal at finite u_max,0.025553283191086865,0.022266067479142622,naive,0.4928561537712566,8192,37777408,0.019836091030259885,task_023/cell_1255,4,67108864,2.910743273794651,4,completed,2048,20.0,0.05166851113119926,0.026702626950856914
4,1256,185e953d57699e678314593985abe20c62d7d129,cuda,1.0,8,0.5,weak_mixture,0.7288974801164774,64,standard normal at finite u_max,0.02931108820300572,0.021181407530130085,unbiased,0.49534861033989613,8192,37777408,0.0193108930920418,task_024/cell_1256,4,67108864,3.0579263269901276,4,completed,2048,20.0,0.0781950414817108,0.02845196827132122
4,1257,185e953d57699e678314593985abe20c62d7d129,cuda,1.0,8,0.5,weak_mixture,0.9950462968441972,64,standard normal at finite u_max,0.03792241284319367,0.038287747421600724,cumulant,0.493836736752207,8192,38367232,0.024239324881625543,task_025/cell_1257,5,134217728,4.959225088357925,4,completed,2048,20.0,0.13240343346164968,0.04315911984828553
4,1258,185e953d57699e678314593985abe20c62d7d129,cuda,1.0,8,0.5,weak_mixture,0.8874760929078683,64,standard normal at finite u_max,0.01712045671918607,0.011535778951961775,cv,0.49464339597238144,8192,37777408,0.009233582470371954,task_026/cell_1258,4,67108864,4.195457302033901,4,completed,2048,20.0,0.04930491025688542,0.016520670880557017
4,1259,185e953d57699e678314593985abe20c62d7d129,cuda,1.0,8,0.5,weak_mixture,0.6167696811110619,64,standard normal at finite u_max,0.028029330478389052,0.024490751754153644,cv_cumulant,0.49246102934935737,8192,38367232,0.01879312841823208,task_027/cell_1259,4,134217728,7.320195563137531,4,completed,2048,20.0,0.060692857565296035,0.028890182610202236
